label,cell,src,width,sf,coh,tilt_db,valley_frac,esr_int_db,n,truncated,ref_len,test_len,test_md5,ref_md5,sec,sentinel,status,pairs_file
elle_w8_nam_out,rodent_max,nam,8,0.05490530273260409,0.4805349783081504,15.596431315353358,0.16588291450856243,3.2355636053213246,9006176,0,9007200,9007200,3F296C382C5471C33B11C605596EE49F,97E3BB545D3B8AE6E46B6FD89CE0F4E5,3.4,ERRSPEC-T1T3-REV4-2026-09-04,OK,pairs_anchor85.csv
elle_w9_nam_out,rodent_max,nam,9,0.039947647757145446,0.729207692616048,17.369233457029218,0.14393589364775844,0.5484209512783522,9006176,0,9007200,9007200,DD5232220C8E393F9905E01A53B3F473,97E3BB545D3B8AE6E46B6FD89CE0F4E5,2.2,ERRSPEC-T1T3-REV4-2026-09-04,OK,pairs_anchor85.csv
elle_w10_nam_out,rodent_max,nam,10,0.0471994099611572,0.5038368536404446,16.173882449368293,0.16859269492777612,1.2950240088891007,9006176,0,9007200,9007200,6546FC1A11B87EFA6ABA267A6C4B70FE,97E3BB545D3B8AE6E46B6FD89CE0F4E5,2.2,ERRSPEC-T1T3-REV4-2026-09-04,OK,pairs_anchor85.csv
elle_w11_nam_out,rodent_max,nam,11,0.05189850986413966,0.594023604291108,15.44340574236934,0.18798614815287162,-1.9554044115022577,9006176,0,9007200,9007200,99473870D1371516BA63833DC2E7D042,97E3BB545D3B8AE6E46B6FD89CE0F4E5,2.2,ERRSPEC-T1T3-REV4-2026-09-04,OK,pairs_anchor85.csv
elle_w12_nam_out,rodent_max,nam,12,0.031018386821523875,0.6615858953112668,18.637417260673583,0.12437284438955487,-0.9930017934309134,9006176,0,9007200,9007200,FD28C41EA5457587C28D376C69B23F86,97E3BB545D3B8AE6E46B6FD89CE0F4E5,2.2,ERRSPEC-T1T3-REV4-2026-09-04,OK,pairs_anchor85.csv
elle_w13_nam_out,rodent_max,nam,13,0.045549594623372734,0.46358161684303767,16.186692172398264,0.1674379276675244,-3.06168604578815,9006176,0,9007200,9007200,8BBBB8DA4D6940347E8735FBAD8B09AD,97E3BB545D3B8AE6E46B6FD89CE0F4E5,2.2,ERRSPEC-T1T3-REV4-2026-09-04,OK,pairs_anchor85.csv
elle_w14_nam_out,rodent_max,nam,14,0.13153076819199672,0.12731005446019103,9.584618148267666,0.3118799732996177,-10.298953128087923,9006176,0,9007200,9007200,CC1E6CDE63E5D5E89B3EC745A312661D,97E3BB545D3B8AE6E46B6FD89CE0F4E5,2.2,ERRSPEC-T1T3-REV4-2026-09-04,OK,pairs_anchor85.csv
elle_w15_nam_out,rodent_max,nam,15,0.1463861666993824,0.03494668842609238,8.856406715214584,0.3335802743048185,-14.93822457297081,9006176,0,9007200,9007200,97D8E750CAC504BEBCF3E9E0800CDEE2,97E3BB545D3B8AE6E46B6FD89CE0F4E5,3.4,ERRSPEC-T1T3-REV4-2026-09-04,OK,pairs_anchor85.csv
elle_w16_nam_out,rodent_max,nam,16,0.16753528633159184,0.010657503693255762,8.332892274851355,0.3344095463754372,-22.577029559532818,9006176,0,9007200,9007200,5949BEC17FBF9BCAB86337A1BC8E6110,97E3BB545D3B8AE6E46B6FD89CE0F4E5,3.4,ERRSPEC-T1T3-REV4-2026-09-04,OK,pairs_anchor85.csv
elle_w17_nam_out,rodent_max,nam,17,0.18489516551047763,0.0025495118834309824,8.044529170373337,0.31324842214106297,-30.32616979488119,9006176,0,9007200,9007200,E74756001A4221597E43515967DF6218,97E3BB545D3B8AE6E46B6FD89CE0F4E5,2.2,ERRSPEC-T1T3-REV4-2026-09-04,OK,pairs_anchor85.csv
elle_w18_nam_out,rodent_max,nam,18,0.1825612571796325,0.0008972975008799596,8.378199959830816,0.2824058498222492,-38.22034798121321,9006176,0,9007200,9007200,B05CF4BDE90AA21CD17A3742CF0EF177,97E3BB545D3B8AE6E46B6FD89CE0F4E5,2.2,ERRSPEC-T1T3-REV4-2026-09-04,OK,pairs_anchor85.csv
elle_w19_nam_out,rodent_max,nam,19,0.21863568857970625,0.0009447294693443572,7.042905914790467,0.3154205049438037,-46.14993642545913,9006176,0,9007200,9007200,3CB3736716C655703DFE4C3B9CDDDE32,97E3BB545D3B8AE6E46B6FD89CE0F4E5,2.2,ERRSPEC-T1T3-REV4-2026-09-04,OK,pairs_anchor85.csv
elle_w20_nam_out,rodent_max,nam,20,0.24062535757868433,0.0016971343699103754,6.200240896632955,0.3322581730657728,-53.07286542818096,9006176,0,9007200,9007200,59E3F6C84B3AD441D69FC09EDF2D4577,97E3BB545D3B8AE6E46B6FD89CE0F4E5,2.2,ERRSPEC-T1T3-REV4-2026-09-04,OK,pairs_anchor85.csv
elle_w21_nam_out,rodent_max,nam,21,0.22559148975203328,0.0007019195537706729,6.56597701306429,0.34116146392398544,-58.30245213060854,9006176,0,9007200,9007200,DB1BC593EBB5D1449DEDCB8C774E9D24,97E3BB545D3B8AE6E46B6FD89CE0F4E5,2.3,ERRSPEC-T1T3-REV4-2026-09-04,OK,pairs_anchor85.csv
elle_w22_nam_out,rodent_max,nam,22,0.35746446847517704,0.0008843179339139223,2.9511004180265257,0.448497862108106,-67.77589262173967,9006176,0,9007200,9007200,03C0C54ECD9FAE5628B4B573771B3851,97E3BB545D3B8AE6E46B6FD89CE0F4E5,2.3,ERRSPEC-T1T3-REV4-2026-09-04,OK,pairs_anchor85.csv
elle_w23_nam_out,rodent_max,nam,23,0.27641659416983605,0.0011088435389608106,4.963212840345583,0.3891723678794963,-67.52046009724575,9006176,0,9007200,9007200,106F6DE4544AB5968D291214012B3BAA,97E3BB545D3B8AE6E46B6FD89CE0F4E5,2.2,ERRSPEC-T1T3-REV4-2026-09-04,OK,pairs_anchor85.csv
elle_w24_nam_out,rodent_max,nam,24,0.2486879177127291,0.0007047475738166861,5.663054597926546,0.37117921364166395,-68.19261190149344,9006176,0,9007200,9007200,1239C373611C1CCAAA43EBF536B06089,97E3BB545D3B8AE6E46B6FD89CE0F4E5,2.2,ERRSPEC-T1T3-REV4-2026-09-04,OK,pairs_anchor85.csv
elle_w8_gtr2_out,rodent_max,gtr2,8,0.031044840089050552,0.7409213180452431,16.243349109724505,0.1553457271366903,2.8252570540831528,21102176,0,21103200,21103200,D38EE75729C35EEF0E8C1C5FB8CB663E,548C9CDDA1B998DDB02BD52DAB0E0964,5.4,ERRSPEC-T1T3-REV4-2026-09-04,OK,pairs_anchor85.csv
elle_w9_gtr2_out,rodent_max,gtr2,9,0.03901704966481036,0.5541033170084254,15.347053736661882,0.15641203401459436,0.7868428467900408,21102176,0,21103200,21103200,DE554387C61E5CB1918CD6427F27A936,548C9CDDA1B998DDB02BD52DAB0E0964,10.8,ERRSPEC-T1T3-REV4-2026-09-04,OK,pairs_anchor85.csv
elle_w10_gtr2_out,rodent_max,gtr2,10,0.03251541458893121,0.6068973424726558,15.532683870483918,0.16883769950957853,1.5387057094980676,21102176,0,21103200,21103200,C58AE087F6DD7C513EA3324C824F9DF4,548C9CDDA1B998DDB02BD52DAB0E0964,5.3,ERRSPEC-T1T3-REV4-2026-09-04,OK,pairs_anchor85.csv
elle_w11_gtr2_out,rodent_max,gtr2,11,0.032863382663993815,0.6298585854072123,15.205210590664784,0.15189185052623727,-0.8235646185198391,21102176,0,21103200,21103200,B81E14621A58CDF69E08A8E8DD8243DD,548C9CDDA1B998DDB02BD52DAB0E0964,5.3,ERRSPEC-T1T3-REV4-2026-09-04,OK,pairs_anchor85.csv
elle_w12_gtr2_out,rodent_max,gtr2,12,0.03006855416741539,0.6471186257778375,16.078913394291018,0.1613272928264472,-1.2903402734509797,21102176,0,21103200,21103200,9D43D3ABD8A35E125340B43CA0A5D70F,548C9CDDA1B998DDB02BD52DAB0E0964,7.9,ERRSPEC-T1T3-REV4-2026-09-04,OK,pairs_anchor85.csv
elle_w13_gtr2_out,rodent_max,gtr2,13,0.04397507454644724,0.5432943487562204,13.818472963051223,0.22717272148255865,-3.3394829689842176,21102176,0,21103200,21103200,8849D366EEE02E0B638E40FABD7FA0C7,548C9CDDA1B998DDB02BD52DAB0E0964,5.3,ERRSPEC-T1T3-REV4-2026-09-04,OK,pairs_anchor85.csv
elle_w14_gtr2_out,rodent_max,gtr2,14,0.14866630508204345,0.2105547936905462,6.397840897304055,0.37909781184526664,-10.627204960180162,21102176,0,21103200,21103200,686F3101F9EA2697BDD95E43E359552E,548C9CDDA1B998DDB02BD52DAB0E0964,7.0,ERRSPEC-T1T3-REV4-2026-09-04,OK,pairs_anchor85.csv
elle_w15_gtr2_out,rodent_max,gtr2,15,0.24081680137788172,0.11392227815585068,2.6759573954008777,0.46833212344252184,-15.935320905917205,21102176,0,21103200,21103200,FCC9B1400CC87E4F6852AEF7DDF41033,548C9CDDA1B998DDB02BD52DAB0E0964,5.2,ERRSPEC-T1T3-REV4-2026-09-04,OK,pairs_anchor85.csv
elle_w16_gtr2_out,rodent_max,gtr2,16,0.2576855339506337,0.03657157278113387,4.090383119178207,0.43222759328405314,-22.898286681223038,21102176,0,21103200,21103200,5913118B34A478267AD617FEB26253C1,548C9CDDA1B998DDB02BD52DAB0E0964,9.0,ERRSPEC-T1T3-REV4-2026-09-04,OK,pairs_anchor85.csv
elle_w17_gtr2_out,rodent_max,gtr2,17,0.23739279440728223,0.004771148325667138,5.4900856956824695,0.37850370446393145,-29.903444472765056,21102176,0,21103200,21103200,91AC968D45FE9055A109AE57A4E8E829,548C9CDDA1B998DDB02BD52DAB0E0964,5.3,ERRSPEC-T1T3-REV4-2026-09-04,OK,pairs_anchor85.csv
elle_w18_gtr2_out,rodent_max,gtr2,18,0.21266937552237467,0.0020727776649371817,6.688754373810134,0.3457821394508094,-37.17140462002416,21102176,0,21103200,21103200,6BB0F26ED85729DDEC40F45D4548473E,548C9CDDA1B998DDB02BD52DAB0E0964,11.0,ERRSPEC-T1T3-REV4-2026-09-04,OK,pairs_anchor85.csv
elle_w19_gtr2_out,rodent_max,gtr2,19,0.22388125005106954,0.0014234816069187135,6.409145836022186,0.3472065615574867,-44.72325596672488,21102176,0,21103200,21103200,894E8CE488DBB2AF23BB1D21BF0E3EEB,548C9CDDA1B998DDB02BD52DAB0E0964,5.3,ERRSPEC-T1T3-REV4-2026-09-04,OK,pairs_anchor85.csv
elle_w20_gtr2_out,rodent_max,gtr2,20,0.24005243322975695,0.003051224499404516,5.808682179602247,0.34688220022655414,-52.14092848089105,21102176,0,21103200,21103200,7344D5E9E8AF5BA1BDFFF9E27167A86A,548C9CDDA1B998DDB02BD52DAB0E0964,5.2,ERRSPEC-T1T3-REV4-2026-09-04,OK,pairs_anchor85.csv
elle_w21_gtr2_out,rodent_max,gtr2,21,0.23736600356461302,0.0010772321609933012,5.653409908122454,0.3493455912392416,-57.82201816124473,21102176,0,21103200,21103200,BC418CE165B95F42B169219B91C38540,548C9CDDA1B998DDB02BD52DAB0E0964,9.1,ERRSPEC-T1T3-REV4-2026-09-04,OK,pairs_anchor85.csv
elle_w22_gtr2_out,rodent_max,gtr2,22,0.4150705064592063,0.001976129533734601,0.8499785610064636,0.48417685273482897,-67.77918590437083,21102176,0,21103200,21103200,2724D877AC7F995FBE4457FBCFF35465,548C9CDDA1B998DDB02BD52DAB0E0964,5.1,ERRSPEC-T1T3-REV4-2026-09-04,OK,pairs_anchor85.csv
elle_w23_gtr2_out,rodent_max,gtr2,23,0.31219522055709664,0.0015459809242932305,3.3673055043510542,0.40928062279260563,-68.1195901077811,21102176,0,21103200,21103200,F91ED476E900792722A2ECFF0AD44C34,548C9CDDA1B998DDB02BD52DAB0E0964,5.1,ERRSPEC-T1T3-REV4-2026-09-04,OK,pairs_anchor85.csv
elle_w24_gtr2_out,rodent_max,gtr2,24,0.27430296436583557,0.0007632005853750941,4.4356171943782465,0.380956463381268,-68.72893801054715,21102176,0,21103200,21103200,E536F699C9FBC90CD7E2DF45B2E9E144,548C9CDDA1B998DDB02BD52DAB0E0964,5.0,ERRSPEC-T1T3-REV4-2026-09-04,OK,pairs_anchor85.csv
elle_w8_gtr4sg_out,rodent_max,gtr4sg,8,0.036858441153493765,0.7161446184715142,17.03291170181945,0.15053018356666836,4.938979212524693,17502176,0,17503200,17503200,202EBA10F7E117F446EFD172C01D905A,0B0ABFA67B2D6E2D0538EE765D22E63B,8.4,ERRSPEC-T1T3-REV4-2026-09-04,OK,pairs_anchor85.csv
elle_w9_gtr4sg_out,rodent_max,gtr4sg,9,0.04161242330053836,0.5237026125416615,16.708229951790784,0.14939527591673324,1.0591966997577984,17502176,0,17503200,17503200,1A7152C712C588136EC431B081BB70D3,0B0ABFA67B2D6E2D0538EE765D22E63B,4.2,ERRSPEC-T1T3-REV4-2026-09-04,OK,pairs_anchor85.csv
elle_w10_gtr4sg_out,rodent_max,gtr4sg,10,0.035642326540871204,0.5757628615208888,16.632587313533058,0.16952110999515835,1.0830138056195793,17502176,0,17503200,17503200,8096031279477B258371FB65F6D3B82F,0B0ABFA67B2D6E2D0538EE765D22E63B,4.2,ERRSPEC-T1T3-REV4-2026-09-04,OK,pairs_anchor85.csv
elle_w11_gtr4sg_out,rodent_max,gtr4sg,11,0.03315232370058569,0.651794876272344,16.871310735332806,0.1604830649366417,-0.6704655360432774,17502176,0,17503200,17503200,01E3CCDE48EA1AEB857B06FB154956FB,0B0ABFA67B2D6E2D0538EE765D22E63B,9.6,ERRSPEC-T1T3-REV4-2026-09-04,OK,pairs_anchor85.csv
elle_w12_gtr4sg_out,rodent_max,gtr4sg,12,0.0283074737915656,0.6392648703516395,17.94808831550927,0.13906730377172516,-1.482248047421681,17502176,0,17503200,17503200,8CE9B583A8069898F2A25F1E578B3EFC,0B0ABFA67B2D6E2D0538EE765D22E63B,4.2,ERRSPEC-T1T3-REV4-2026-09-04,OK,pairs_anchor85.csv
elle_w13_gtr4sg_out,rodent_max,gtr4sg,13,0.03559062772459698,0.6157865539552968,16.758866262675408,0.15742951040537934,-2.7999605639761143,17502176,0,17503200,17503200,E9A82BE200BB11CD936B4C52BC1F11F5,0B0ABFA67B2D6E2D0538EE765D22E63B,4.2,ERRSPEC-T1T3-REV4-2026-09-04,OK,pairs_anchor85.csv
elle_w14_gtr4sg_out,rodent_max,gtr4sg,14,0.1699542824413179,0.12065434274690313,7.1845169236667115,0.33127946755177734,-13.377506789666345,17502176,0,17503200,17503200,6FCF9EA84879C4535850B4F7BD4EE66F,0B0ABFA67B2D6E2D0538EE765D22E63B,6.3,ERRSPEC-T1T3-REV4-2026-09-04,OK,pairs_anchor85.csv
elle_w15_gtr4sg_out,rodent_max,gtr4sg,15,0.23917292767661869,0.07258896296382787,4.364671085222134,0.4183477781058547,-17.682836567585053,17502176,0,17503200,17503200,8D80E648148E839232FFE2F1A4420887,0B0ABFA67B2D6E2D0538EE765D22E63B,4.2,ERRSPEC-T1T3-REV4-2026-09-04,OK,pairs_anchor85.csv
elle_w16_gtr4sg_out,rodent_max,gtr4sg,16,0.2517723495727058,0.021794170081910157,5.198202808275885,0.3892513871889039,-26.373734267718145,17502176,0,17503200,17503200,905B4F881E9D3BA4A120BC79420001C7,0B0ABFA67B2D6E2D0538EE765D22E63B,6.6,ERRSPEC-T1T3-REV4-2026-09-04,OK,pairs_anchor85.csv
elle_w17_gtr4sg_out,rodent_max,gtr4sg,17,0.23930201955573194,0.0017213921007331102,6.055436441838639,0.3645858973352582,-33.62166531163241,17502176,0,17503200,17503200,A1237B285A2D57E7F8D507F8DA3B73CD,0B0ABFA67B2D6E2D0538EE765D22E63B,8.4,ERRSPEC-T1T3-REV4-2026-09-04,OK,pairs_anchor85.csv
elle_w18_gtr4sg_out,rodent_max,gtr4sg,18,0.20295693943967624,0.001169678640605276,7.6717297513332685,0.3054946286582946,-40.949516930544874,17502176,0,17503200,17503200,3C3E743744C41026B43CC2FEB4481CAB,0B0ABFA67B2D6E2D0538EE765D22E63B,4.2,ERRSPEC-T1T3-REV4-2026-09-04,OK,pairs_anchor85.csv
elle_w19_gtr4sg_out,rodent_max,gtr4sg,19,0.20115063656371354,0.0010416588292876704,7.711635465910911,0.3084145450491992,-47.62124487838473,17502176,0,17503200,17503200,606BFFF753837ECB42DEB291B697472B,0B0ABFA67B2D6E2D0538EE765D22E63B,4.2,ERRSPEC-T1T3-REV4-2026-09-04,OK,pairs_anchor85.csv
elle_w20_gtr4sg_out,rodent_max,gtr4sg,20,0.20099180485988072,0.0015817356769783728,7.612530662090778,0.3112395648438137,-53.77202765242673,17502176,0,17503200,17503200,6A2BDBA6E780544B70BCAC9D6BCE1D22,0B0ABFA67B2D6E2D0538EE765D22E63B,4.2,ERRSPEC-T1T3-REV4-2026-09-04,OK,pairs_anchor85.csv
elle_w21_gtr4sg_out,rodent_max,gtr4sg,21,0.20003125163200344,0.0004147299640191452,7.445584391394325,0.317226830857567,-58.94093628692106,17502176,0,17503200,17503200,F7D9C2F62656C95BA3B9FA4D75F38AA3,0B0ABFA67B2D6E2D0538EE765D22E63B,8.7,ERRSPEC-T1T3-REV4-2026-09-04,OK,pairs_anchor85.csv
elle_w22_gtr4sg_out,rodent_max,gtr4sg,22,0.36565344219776713,0.0012671563885400482,1.7805910065157027,0.46370481152298226,-69.2241099797806,17502176,0,17503200,17503200,5F247DFD0ED04D7961ADBF057E9779D1,0B0ABFA67B2D6E2D0538EE765D22E63B,4.1,ERRSPEC-T1T3-REV4-2026-09-04,OK,pairs_anchor85.csv
elle_w23_gtr4sg_out,rodent_max,gtr4sg,23,0.2821394461072274,0.0008953770765945318,4.089982913874957,0.39422894146164605,-69.50046523426633,17502176,0,17503200,17503200,EEF5252D77CA01D9F2AAB6F02F7648A4,0B0ABFA67B2D6E2D0538EE765D22E63B,4.1,ERRSPEC-T1T3-REV4-2026-09-04,OK,pairs_anchor85.csv
elle_w24_gtr4sg_out,rodent_max,gtr4sg,24,0.2517860501146895,0.0004816639288007573,5.05670152011481,0.36979040504272986,-70.03202889216439,17502176,0,17503200,17503200,8C4A5F1CE72D42C8BFCC346386221EAE,0B0ABFA67B2D6E2D0538EE765D22E63B,4.2,ERRSPEC-T1T3-REV4-2026-09-04,OK,pairs_anchor85.csv
elle_w8_prvtgtr_out,rodent_max,prvtgtr,8,0.038964217236875,0.6147272601913725,17.244422893602763,0.14998400554886954,3.8343241178161716,15150176,0,15151200,15151200,D25A589F73CF320754D730B623951213,DAFA94956C75597CDEADC8C8F9EB1BCB,7.8,ERRSPEC-T1T3-REV4-2026-09-04,OK,pairs_anchor85.csv
elle_w9_prvtgtr_out,rodent_max,prvtgtr,9,0.04076140697201615,0.49289731686519067,17.099981749728144,0.1531625735309055,0.19255141802218034,15150176,0,15151200,15151200,C414B6E80608B251E1AE12973F3104EA,DAFA94956C75597CDEADC8C8F9EB1BCB,6.8,ERRSPEC-T1T3-REV4-2026-09-04,OK,pairs_anchor85.csv
elle_w10_prvtgtr_out,rodent_max,prvtgtr,10,0.03568285894203682,0.47499146518084245,17.14107456407492,0.16694269227580547,0.4164209721337322,15150176,0,15151200,15151200,E829E37751CA7BC5ED083696A2DCE587,DAFA94956C75597CDEADC8C8F9EB1BCB,3.5,ERRSPEC-T1T3-REV4-2026-09-04,OK,pairs_anchor85.csv
elle_w11_prvtgtr_out,rodent_max,prvtgtr,11,0.028312003137082174,0.5721342170200032,18.445099314679666,0.13856702777750593,-1.2806007338569287,15150176,0,15151200,15151200,1BF92BC810868AA0E5528E68C4ACC0D9,DAFA94956C75597CDEADC8C8F9EB1BCB,7.7,ERRSPEC-T1T3-REV4-2026-09-04,OK,pairs_anchor85.csv
elle_w12_prvtgtr_out,rodent_max,prvtgtr,12,0.0256419994644248,0.5062932168428395,19.069292357968802,0.12316522233229692,-1.822164076983718,15150176,0,15151200,15151200,61EF92C356A3F8AA72DDCC438F199391,DAFA94956C75597CDEADC8C8F9EB1BCB,3.6,ERRSPEC-T1T3-REV4-2026-09-04,OK,pairs_anchor85.csv
elle_w13_prvtgtr_out,rodent_max,prvtgtr,13,0.03596034971963818,0.43641716472331876,16.936896575341674,0.1653141900406145,-3.7663242615788484,15150176,0,15151200,15151200,7AF44C7862C5940DC31F3207521A5017,DAFA94956C75597CDEADC8C8F9EB1BCB,6.6,ERRSPEC-T1T3-REV4-2026-09-04,OK,pairs_anchor85.csv
elle_w14_prvtgtr_out,rodent_max,prvtgtr,14,0.1424200035207007,0.12507329571631726,8.167732873617773,0.36494589709502984,-12.716985519384156,15150176,0,15151200,15151200,AC6758BE271B096B3B8DD869ACAD9331,DAFA94956C75597CDEADC8C8F9EB1BCB,3.6,ERRSPEC-T1T3-REV4-2026-09-04,OK,pairs_anchor85.csv
elle_w15_prvtgtr_out,rodent_max,prvtgtr,15,0.20014306479558927,0.057523158709816495,5.545972490123775,0.4418868084054011,-17.7681165901141,15150176,0,15151200,15151200,D064C3DE1D919F73D25F585B345B0438,DAFA94956C75597CDEADC8C8F9EB1BCB,3.6,ERRSPEC-T1T3-REV4-2026-09-04,OK,pairs_anchor85.csv
elle_w16_prvtgtr_out,rodent_max,prvtgtr,16,0.24470942928046022,0.018779411071222593,4.460114552580556,0.4646700425900249,-26.742031180049697,15150176,0,15151200,15151200,104D5C4D292321F7DC9D1F56B7C3EF12,DAFA94956C75597CDEADC8C8F9EB1BCB,3.6,ERRSPEC-T1T3-REV4-2026-09-04,OK,pairs_anchor85.csv
elle_w17_prvtgtr_out,rodent_max,prvtgtr,17,0.2397856113123087,0.0023631297949878224,4.927480518030203,0.4479848704193235,-34.04216735926363,15150176,0,15151200,15151200,B2FB230400D41C39A1A00401A6985F89,DAFA94956C75597CDEADC8C8F9EB1BCB,3.6,ERRSPEC-T1T3-REV4-2026-09-04,OK,pairs_anchor85.csv
elle_w18_prvtgtr_out,rodent_max,prvtgtr,18,0.22755793551479991,0.0018587688965604897,6.062954565935771,0.40713710020646815,-42.278669401333005,15150176,0,15151200,15151200,F3147D2347CDDA398A3CF1613430310B,DAFA94956C75597CDEADC8C8F9EB1BCB,3.6,ERRSPEC-T1T3-REV4-2026-09-04,OK,pairs_anchor85.csv
elle_w19_prvtgtr_out,rodent_max,prvtgtr,19,0.22501209199350433,0.0014127893226138562,6.65719708158573,0.3815690896443877,-48.8832986742287,15150176,0,15151200,15151200,52DF4BF47F7D800F6177D205512C13EA,DAFA94956C75597CDEADC8C8F9EB1BCB,4.9,ERRSPEC-T1T3-REV4-2026-09-04,OK,pairs_anchor85.csv
elle_w20_prvtgtr_out,rodent_max,prvtgtr,20,0.2247777247041287,0.002980446148954753,7.017901883075302,0.35620782972611614,-55.096381007874285,15150176,0,15151200,15151200,E5734BE56E69C3C08AF607EFF313ED65,DAFA94956C75597CDEADC8C8F9EB1BCB,3.6,ERRSPEC-T1T3-REV4-2026-09-04,OK,pairs_anchor85.csv
elle_w21_prvtgtr_out,rodent_max,prvtgtr,21,0.22000404796924722,0.000874422943870369,7.163312591121899,0.3514478663677372,-59.039424637298396,15150176,0,15151200,15151200,05EA1873E3C83370643BB3343C951ECD,DAFA94956C75597CDEADC8C8F9EB1BCB,3.7,ERRSPEC-T1T3-REV4-2026-09-04,OK,pairs_anchor85.csv
elle_w22_prvtgtr_out,rodent_max,prvtgtr,22,0.24312525633615326,0.0022002529757947182,6.7917558158212055,0.3498225053222137,-68.16216962564025,15150176,0,15151200,15151200,406CCE303A7204B69B5318F5E84A1B96,DAFA94956C75597CDEADC8C8F9EB1BCB,7.3,ERRSPEC-T1T3-REV4-2026-09-04,OK,pairs_anchor85.csv
elle_w23_prvtgtr_out,rodent_max,prvtgtr,23,0.23389067924654114,0.0018184803367787344,6.8361315508745015,0.3627075040617978,-67.80100831286742,15150176,0,15151200,15151200,ECDBB7CE35F8294A714F66AEC960AB77,DAFA94956C75597CDEADC8C8F9EB1BCB,3.7,ERRSPEC-T1T3-REV4-2026-09-04,OK,pairs_anchor85.csv
elle_w24_prvtgtr_out,rodent_max,prvtgtr,24,0.22012357627792384,0.0007072022999217568,7.379252372008057,0.34304765273652155,-68.03530447893742,15150176,0,15151200,15151200,18379629FDB5C91254B801403A9D5C04,DAFA94956C75597CDEADC8C8F9EB1BCB,3.8,ERRSPEC-T1T3-REV4-2026-09-04,OK,pairs_anchor85.csv
elle_w8_ytbass_out,rodent_max,ytbass,8,0.019729612832232676,0.6556556253713383,21.693639546241617,0.07721381034211135,1.971160827362045,29070176,0,29071200,29071200,6018173EABC19557706EB1D8AA52F939,7665D066D6DA72C7EB8AF7AFE6460E2F,14.2,ERRSPEC-T1T3-REV4-2026-09-04,OK,pairs_anchor85.csv
elle_w9_ytbass_out,rodent_max,ytbass,9,0.023213548193354486,0.5344427308372516,21.11944059516599,0.07653647176058229,-0.0004703450198775272,29070176,0,29071200,29071200,B15B988C9108789C4410AC328C17C1A3,7665D066D6DA72C7EB8AF7AFE6460E2F,14.2,ERRSPEC-T1T3-REV4-2026-09-04,OK,pairs_anchor85.csv
elle_w10_ytbass_out,rodent_max,ytbass,10,0.017591068048217372,0.5899676018376163,22.148438925804474,0.07663703077695765,0.8635345798588077,29070176,0,29071200,29071200,9BF3B1DC97F838C10B0FBB5C3395211F,7665D066D6DA72C7EB8AF7AFE6460E2F,14.2,ERRSPEC-T1T3-REV4-2026-09-04,OK,pairs_anchor85.csv
elle_w11_ytbass_out,rodent_max,ytbass,11,0.014923480840959256,0.7156625197996624,22.824136161323114,0.07248485148668722,-1.3028267295715885,29070176,0,29071200,29071200,7496547081AD6C1E4D3D0F4988406BBA,7665D066D6DA72C7EB8AF7AFE6460E2F,10.5,ERRSPEC-T1T3-REV4-2026-09-04,OK,pairs_anchor85.csv
elle_w12_ytbass_out,rodent_max,ytbass,12,0.013438615039552848,0.7523425741349924,23.353767100762468,0.06727873346620178,-1.5172786750865939,29070176,0,29071200,29071200,9666CDA9882CC5CA26682FD899A4B3CA,7665D066D6DA72C7EB8AF7AFE6460E2F,7.4,ERRSPEC-T1T3-REV4-2026-09-04,OK,pairs_anchor85.csv
elle_w13_ytbass_out,rodent_max,ytbass,13,0.016619693118306494,0.6956984477612335,22.13688692701971,0.08198154201821754,-2.7611421164322145,29070176,0,29071200,29071200,201FA9443F9EEB818506DEBB3D2290DF,7665D066D6DA72C7EB8AF7AFE6460E2F,7.5,ERRSPEC-T1T3-REV4-2026-09-04,OK,pairs_anchor85.csv
elle_w14_ytbass_out,rodent_max,ytbass,14,0.05915270268706826,0.18325966840481073,14.516834528195892,0.20995432990920923,-10.34375112823015,29070176,0,29071200,29071200,AE93F700CCCF664D090632A9649638C2,7665D066D6DA72C7EB8AF7AFE6460E2F,7.4,ERRSPEC-T1T3-REV4-2026-09-04,OK,pairs_anchor85.csv
elle_w15_ytbass_out,rodent_max,ytbass,15,0.07001281138103146,0.07583995393852884,13.126272377727286,0.24993350441310963,-15.158008851615186,29070176,0,29071200,29071200,1968CFF47B7ABE6A93B3911A25702E0E,7665D066D6DA72C7EB8AF7AFE6460E2F,10.3,ERRSPEC-T1T3-REV4-2026-09-04,OK,pairs_anchor85.csv
elle_w16_ytbass_out,rodent_max,ytbass,16,0.10833332261951292,0.027872310822556933,10.409524398326296,0.3138405643984683,-23.410846132733,29070176,0,29071200,29071200,CAAEC5BA0B1CC96562244DBE43E3955D,7665D066D6DA72C7EB8AF7AFE6460E2F,7.5,ERRSPEC-T1T3-REV4-2026-09-04,OK,pairs_anchor85.csv
elle_w17_ytbass_out,rodent_max,ytbass,17,0.1324478522707642,0.003974124525209456,9.42850039029624,0.32550383487347173,-31.792377424915095,29070176,0,29071200,29071200,C4F19CE26D237DC7F3A07930C96CAF02,7665D066D6DA72C7EB8AF7AFE6460E2F,7.5,ERRSPEC-T1T3-REV4-2026-09-04,OK,pairs_anchor85.csv
elle_w18_ytbass_out,rodent_max,ytbass,18,0.15633230786416658,0.0010446523785793227,8.827489275391468,0.3167182963287781,-40.73572790141083,29070176,0,29071200,29071200,D43D615D545ED992FED93A2BDBD622CE,7665D066D6DA72C7EB8AF7AFE6460E2F,7.3,ERRSPEC-T1T3-REV4-2026-09-04,OK,pairs_anchor85.csv
elle_w19_ytbass_out,rodent_max,ytbass,19,0.18206333304718575,0.000574902189930489,8.113996870069835,0.32764319668774566,-48.397071812568264,29070176,0,29071200,29071200,7B307F524F39DBECEB85CB14EF6A9ECA,7665D066D6DA72C7EB8AF7AFE6460E2F,11.7,ERRSPEC-T1T3-REV4-2026-09-04,OK,pairs_anchor85.csv
elle_w20_ytbass_out,rodent_max,ytbass,20,0.28222350493844506,0.0019565509023433372,4.512111849378158,0.38083130692103717,-53.952952115527346,29070176,0,29071200,29071200,89472AED3EFCAFAEB0F2F6550C428625,7665D066D6DA72C7EB8AF7AFE6460E2F,9.5,ERRSPEC-T1T3-REV4-2026-09-04,OK,pairs_anchor85.csv
elle_w21_ytbass_out,rodent_max,ytbass,21,0.3655608183209864,0.0005362282446018121,3.431692346891383,0.4273657525560546,-58.83545298228433,29070176,0,29071200,29071200,9A6EB8B073066201915B41B545FD8EB0,7665D066D6DA72C7EB8AF7AFE6460E2F,7.5,ERRSPEC-T1T3-REV4-2026-09-04,OK,pairs_anchor85.csv
elle_w22_ytbass_out,rodent_max,ytbass,22,0.5460251221281656,0.0006697858878425085,-4.867655000769223,0.7451510500276776,-61.88756026070667,29070176,0,29071200,29071200,463807004CE9A33F0E127989FEB21ED2,7665D066D6DA72C7EB8AF7AFE6460E2F,7.1,ERRSPEC-T1T3-REV4-2026-09-04,OK,pairs_anchor85.csv
elle_w23_ytbass_out,rodent_max,ytbass,23,0.4850158259580611,0.001184826544827145,-3.5996253777940073,0.6831271364699693,-62.00896582583284,29070176,0,29071200,29071200,27C866020B10D3196D7705EDF942390D,7665D066D6DA72C7EB8AF7AFE6460E2F,8.5,ERRSPEC-T1T3-REV4-2026-09-04,OK,pairs_anchor85.csv
elle_w24_ytbass_out,rodent_max,ytbass,24,0.5768813415302152,0.0006627149574776791,-2.5914127353318017,0.7134693341604067,-64.00359886864564,29070176,0,29071200,29071200,3C59269AB104DD66A3B8DA3E5AB65D42,7665D066D6DA72C7EB8AF7AFE6460E2F,7.1,ERRSPEC-T1T3-REV4-2026-09-04,OK,pairs_anchor85.csv
board_nam_rodent_mod_w8,rodent_mod,nam,8,0.1487212799136594,0.22510221944933365,10.247396970666946,0.18456879373771903,1.2274089052782813,9006176,0,9007200,9007200,B847B8D0E9AC2D82F01ECA37C44E1239,0669C8E228DC3B5937C0076D0197D5B2,3.6,ERRSPEC-T1T3-REV4-2026-09-04,OK,pairs_nam85.csv
board_nam_rodent_mod_w9,rodent_mod,nam,9,0.17625254890473843,0.20301674025028463,8.924402852925702,0.21324801121053774,3.9570306916191456,9006176,0,9007200,9007200,BD437FA6E99165AC2D9B1F292BA38782,0669C8E228DC3B5937C0076D0197D5B2,2.7,ERRSPEC-T1T3-REV4-2026-09-04,OK,pairs_nam85.csv
board_nam_rodent_mod_w10,rodent_mod,nam,10,0.05426501472085502,0.45020359688136313,16.332869602905113,0.13950636695714638,3.2634557025661586,9006176,0,9007200,9007200,17B5997BAF3D939A5AD37F8DC32AEF6B,0669C8E228DC3B5937C0076D0197D5B2,3.0,ERRSPEC-T1T3-REV4-2026-09-04,OK,pairs_nam85.csv
board_nam_rodent_mod_w11,rodent_mod,nam,11,0.04090121691145839,0.5827057342866312,17.70693581076575,0.1343333603073817,3.480351808955252,9006176,0,9007200,9007200,747A0950B880BBFF098562EF879CB5DF,0669C8E228DC3B5937C0076D0197D5B2,3.5,ERRSPEC-T1T3-REV4-2026-09-04,OK,pairs_nam85.csv
board_nam_rodent_mod_w12,rodent_mod,nam,12,0.35746629779053185,0.05553585869979786,3.5476534189375606,0.39502386103109566,-6.577501439354567,9006176,0,9007200,9007200,10D517A253699B88FCCB082046BB2522,0669C8E228DC3B5937C0076D0197D5B2,2.7,ERRSPEC-T1T3-REV4-2026-09-04,OK,pairs_nam85.csv
board_nam_rodent_mod_w13,rodent_mod,nam,13,0.28779839189233225,0.04888960228045139,4.119822049890418,0.42047590023182846,-11.251455945777444,9006176,0,9007200,9007200,09C0C7E1EB8E5C7AEBD068829BFADD19,0669C8E228DC3B5937C0076D0197D5B2,3.1,ERRSPEC-T1T3-REV4-2026-09-04,OK,pairs_nam85.csv
board_nam_rodent_mod_w14,rodent_mod,nam,14,0.4875156720555735,0.013306505195259255,0.8891190202436186,0.4740223690368171,-21.257299871278846,9006176,0,9007200,9007200,9315A40FE37F13D446FEC4DB0CD476D9,0669C8E228DC3B5937C0076D0197D5B2,2.3,ERRSPEC-T1T3-REV4-2026-09-04,OK,pairs_nam85.csv
board_nam_rodent_mod_w15,rodent_mod,nam,15,0.5494762697213866,0.0018862693977087326,-0.5688015558388847,0.5228119403371935,-27.400956965648952,9006176,0,9007200,9007200,95ED08DAD6404411D842DA61CFE585D7,0669C8E228DC3B5937C0076D0197D5B2,2.8,ERRSPEC-T1T3-REV4-2026-09-04,OK,pairs_nam85.csv
board_nam_rodent_mod_w16,rodent_mod,nam,16,0.7088731102861249,0.0017244391664439202,-3.3551496675515473,0.6058213662110055,-34.75421998566149,9006176,0,9007200,9007200,0429CA2163490B417D550AA085D045C2,0669C8E228DC3B5937C0076D0197D5B2,3.2,ERRSPEC-T1T3-REV4-2026-09-04,OK,pairs_nam85.csv
board_nam_rodent_mod_w17,rodent_mod,nam,17,0.7181572079959986,0.018249748374983832,-2.640075117658147,0.5933020641138607,-41.118734606726434,9006176,0,9007200,9007200,067522EFFE990C450F89BD8312A343CE,0669C8E228DC3B5937C0076D0197D5B2,2.6,ERRSPEC-T1T3-REV4-2026-09-04,OK,pairs_nam85.csv
board_nam_rodent_mod_w18,rodent_mod,nam,18,0.80404556255445,0.001604487717999332,-8.159832703284447,0.7790016036789321,-47.257089126093916,9006176,0,9007200,9007200,9DC67AC4E1EA15651617AF940A45F72F,0669C8E228DC3B5937C0076D0197D5B2,3.3,ERRSPEC-T1T3-REV4-2026-09-04,OK,pairs_nam85.csv
board_nam_rodent_mod_w19,rodent_mod,nam,19,0.6540595133080443,0.003345184101929235,-9.596054422505599,0.8369383440280096,-53.78344827180209,9006176,0,9007200,9007200,58946EB03F6609DDB631D5E4EB52DBE0,0669C8E228DC3B5937C0076D0197D5B2,2.2,ERRSPEC-T1T3-REV4-2026-09-04,OK,pairs_nam85.csv
board_nam_rodent_mod_w20,rodent_mod,nam,20,0.8533003050160227,0.0009923233413440431,-8.071197323803656,0.7752667071036526,-60.34493599931078,9006176,0,9007200,9007200,EC2408CE99B6CAD670DDFFAF83E42668,0669C8E228DC3B5937C0076D0197D5B2,3.0,ERRSPEC-T1T3-REV4-2026-09-04,OK,pairs_nam85.csv
board_nam_rodent_mod_w21,rodent_mod,nam,21,0.34916591861123203,0.004691834886703714,-13.048086414826916,0.9086887337316331,-62.41706990736641,9006176,0,9007200,9007200,77758BC73B7FA47723DA264076126CAB,0669C8E228DC3B5937C0076D0197D5B2,2.9,ERRSPEC-T1T3-REV4-2026-09-04,OK,pairs_nam85.csv
board_nam_rodent_mod_w22,rodent_mod,nam,22,0.6001120013159441,0.00708989843048407,-8.228978305769422,0.8056472724244486,-70.33501190660449,9006176,0,9007200,9007200,45AE5BA395A82D7192E2047F54998948,0669C8E228DC3B5937C0076D0197D5B2,2.8,ERRSPEC-T1T3-REV4-2026-09-04,OK,pairs_nam85.csv
board_nam_rodent_mod_w23,rodent_mod,nam,23,0.5564844033290012,0.003051526416447833,-6.740369740077022,0.7449787960988148,-71.23954178617852,9006176,0,9007200,9007200,35D99A5FBC3B54084E18E2CAF3B138ED,0669C8E228DC3B5937C0076D0197D5B2,2.2,ERRSPEC-T1T3-REV4-2026-09-04,OK,pairs_nam85.csv
board_nam_rodent_mod_w24,rodent_mod,nam,24,0.3130336366294524,0.010962665323266996,-10.433799221223307,0.8635182058391645,-70.27166904270226,9006176,0,9007200,9007200,8AAE86C7063A15CAE6FBCC67288D42A1,0669C8E228DC3B5937C0076D0197D5B2,2.8,ERRSPEC-T1T3-REV4-2026-09-04,OK,pairs_nam85.csv
board_gtr2_rodent_mod_w8,rodent_mod,gtr2,8,0.1050478735617187,0.3086266692150239,10.392560872368906,0.15182615227141358,1.5520121879385158,21102176,0,21103200,21103200,A2B64C0C6781C45374371C84C4EDC6B1,EADE1ECD77BA45BC391854E434F5E52A,5.9,ERRSPEC-T1T3-REV4-2026-09-04,OK,pairs_music340.csv
board_gtr2_rodent_mod_w9,rodent_mod,gtr2,9,0.11060417992677864,0.22332070941270202,10.126447483883629,0.1717878957385333,2.704457633601251,21102176,0,21103200,21103200,A9EAAF19360FBCBCD634168105FBF53A,EADE1ECD77BA45BC391854E434F5E52A,8.4,ERRSPEC-T1T3-REV4-2026-09-04,OK,pairs_music340.csv
board_gtr2_rodent_mod_w10,rodent_mod,gtr2,10,0.03160350618656061,0.435981255264689,17.554744595859432,0.10031784093734533,2.6283825750017265,21102176,0,21103200,21103200,C492B1940AF5CB549E98C66A42FC3AC9,EADE1ECD77BA45BC391854E434F5E52A,8.6,ERRSPEC-T1T3-REV4-2026-09-04,OK,pairs_music340.csv
board_gtr2_rodent_mod_w11,rodent_mod,gtr2,11,0.020312676647336783,0.5325971489231042,19.541961195444117,0.0942263079539407,3.851314287220106,21102176,0,21103200,21103200,4BF1DB72BE1111589A8817877F1A73AD,EADE1ECD77BA45BC391854E434F5E52A,6.0,ERRSPEC-T1T3-REV4-2026-09-04,OK,pairs_music340.csv
board_gtr2_rodent_mod_w12,rodent_mod,gtr2,12,0.149309887980229,0.15911536095860576,6.765525735069776,0.22257576291664363,-4.182192148990918,21102176,0,21103200,21103200,6BB16B4281F504F44D51D43B84AA182A,EADE1ECD77BA45BC391854E434F5E52A,5.8,ERRSPEC-T1T3-REV4-2026-09-04,OK,pairs_music340.csv
board_gtr2_rodent_mod_w13,rodent_mod,gtr2,13,0.23863990969326282,0.07622382135075478,2.3815323820446204,0.3459403687908746,-12.679590968598152,21102176,0,21103200,21103200,62C791EB526B7B595F989070FAD2A135,EADE1ECD77BA45BC391854E434F5E52A,8.4,ERRSPEC-T1T3-REV4-2026-09-04,OK,pairs_music340.csv
board_gtr2_rodent_mod_w14,rodent_mod,gtr2,14,0.406044029656621,0.02777245827264186,-0.17445571419707626,0.4151940400045552,-21.480104292112127,21102176,0,21103200,21103200,ED791746FA6634A16DDD47CA1A3CE500,EADE1ECD77BA45BC391854E434F5E52A,7.7,ERRSPEC-T1T3-REV4-2026-09-04,OK,pairs_music340.csv
board_gtr2_rodent_mod_w15,rodent_mod,gtr2,15,0.4432468890154523,0.009978941141219,-2.298995921821743,0.469082132714339,-27.39060671062774,21102176,0,21103200,21103200,9E24E02A919A7A16A277FC4410147007,EADE1ECD77BA45BC391854E434F5E52A,5.7,ERRSPEC-T1T3-REV4-2026-09-04,OK,pairs_music340.csv
board_gtr2_rodent_mod_w16,rodent_mod,gtr2,16,0.615672620591368,0.002534969281635973,-3.7202821586930663,0.5155791346046755,-36.04754784224781,21102176,0,21103200,21103200,5CC58B845033AE911CC3B1E0EF31207A,EADE1ECD77BA45BC391854E434F5E52A,6.1,ERRSPEC-T1T3-REV4-2026-09-04,OK,pairs_music340.csv
board_gtr2_rodent_mod_w17,rodent_mod,gtr2,17,0.7185101521781753,0.017607416560739594,-4.1890016855456125,0.5517957167432498,-43.407777929918325,21102176,0,21103200,21103200,DCAF34548A9B39DC54AA79CA10406AA4,EADE1ECD77BA45BC391854E434F5E52A,8.4,ERRSPEC-T1T3-REV4-2026-09-04,OK,pairs_music340.csv
board_gtr2_rodent_mod_w18,rodent_mod,gtr2,18,0.8595201982340217,0.0018813613682677405,-7.338942296319563,0.6639436403201087,-51.50426580769121,21102176,0,21103200,21103200,86AFC596710AB5B428E3BF33DAF8CB1E,EADE1ECD77BA45BC391854E434F5E52A,7.5,ERRSPEC-T1T3-REV4-2026-09-04,OK,pairs_music340.csv
board_gtr2_rodent_mod_w19,rodent_mod,gtr2,19,0.8940469756982367,0.004681654590703579,-7.963573348500904,0.6918804721534297,-58.04145480677806,21102176,0,21103200,21103200,3A28D0D466F40481F047A94A7F489BC7,EADE1ECD77BA45BC391854E434F5E52A,7.7,ERRSPEC-T1T3-REV4-2026-09-04,OK,pairs_music340.csv
board_gtr2_rodent_mod_w20,rodent_mod,gtr2,20,0.8972593181927622,0.00158661829671461,-8.284754368029517,0.6952014438348475,-64.10802454237901,21102176,0,21103200,21103200,CA6F0F1C052A5F7A403D0778D2A5B5C7,EADE1ECD77BA45BC391854E434F5E52A,5.9,ERRSPEC-T1T3-REV4-2026-09-04,OK,pairs_music340.csv
board_gtr2_rodent_mod_w21,rodent_mod,gtr2,21,0.8533988855110018,0.006177875101198869,-7.048890781117292,0.647796468720409,-68.84666871579373,21102176,0,21103200,21103200,A19D8C2833E31490B991464AB09C363C,EADE1ECD77BA45BC391854E434F5E52A,10.1,ERRSPEC-T1T3-REV4-2026-09-04,OK,pairs_music340.csv
board_gtr2_rodent_mod_w22,rodent_mod,gtr2,22,0.9401959186722856,0.009724358071272747,-9.72164883346876,0.7385240433826493,-75.20584157517543,21102176,0,21103200,21103200,67B4F39E035631E5BFF750881B8F2764,EADE1ECD77BA45BC391854E434F5E52A,5.7,ERRSPEC-T1T3-REV4-2026-09-04,OK,pairs_music340.csv
board_gtr2_rodent_mod_w23,rodent_mod,gtr2,23,0.822701890753162,0.0054068377916782,-6.501844491511832,0.6061017260655713,-76.43482959545756,21102176,0,21103200,21103200,725DB4A5BE8F2D8BF60640EE5A17E606,EADE1ECD77BA45BC391854E434F5E52A,6.0,ERRSPEC-T1T3-REV4-2026-09-04,OK,pairs_music340.csv
board_gtr2_rodent_mod_w24,rodent_mod,gtr2,24,0.7753585111303606,0.01697056614539351,-5.29505870791752,0.5612601705159701,-77.11048532546292,21102176,0,21103200,21103200,350D04806FF7794E6BC94DE3597E738B,EADE1ECD77BA45BC391854E434F5E52A,6.2,ERRSPEC-T1T3-REV4-2026-09-04,OK,pairs_music340.csv
board_gtr4sg_rodent_mod_w8,rodent_mod,gtr4sg,8,0.09795502088859859,0.3452060451492531,12.08462046769452,0.13453301381651447,0.9086755111150566,17502176,0,17503200,17503200,AF86EEAD3A64EAB8AC46D2BC8C0FDBF9,144EA9C44FB383A84C9728442B979569,5.9,ERRSPEC-T1T3-REV4-2026-09-04,OK,pairs_music340.csv
board_gtr4sg_rodent_mod_w9,rodent_mod,gtr4sg,9,0.1211993451051565,0.2587277910466713,10.56128991594175,0.14411409626649604,1.6892628711585829,17502176,0,17503200,17503200,7A9856973FF543B1418F4D16070B866F,144EA9C44FB383A84C9728442B979569,5.8,ERRSPEC-T1T3-REV4-2026-09-04,OK,pairs_music340.csv
board_gtr4sg_rodent_mod_w10,rodent_mod,gtr4sg,10,0.037228198711211975,0.49960170994824193,18.121262363433704,0.08647249542788876,2.250031297257685,17502176,0,17503200,17503200,73E8EB330C12821625F13BBFAF0CA96B,144EA9C44FB383A84C9728442B979569,4.4,ERRSPEC-T1T3-REV4-2026-09-04,OK,pairs_music340.csv
board_gtr4sg_rodent_mod_w11,rodent_mod,gtr4sg,11,0.02859515974786942,0.6126611573019685,19.40464005425738,0.0832573016369029,2.7414473798794283,17502176,0,17503200,17503200,0D0BF4EF26F55FEBEED8425C166AF6F8,144EA9C44FB383A84C9728442B979569,4.4,ERRSPEC-T1T3-REV4-2026-09-04,OK,pairs_music340.csv
board_gtr4sg_rodent_mod_w12,rodent_mod,gtr4sg,12,0.12422501915929829,0.2096968974493871,9.769041691211868,0.20731767625613745,-3.1649933844884117,17502176,0,17503200,17503200,7814C31F62528148D276135C7744DFE7,144EA9C44FB383A84C9728442B979569,6.6,ERRSPEC-T1T3-REV4-2026-09-04,OK,pairs_music340.csv
board_gtr4sg_rodent_mod_w13,rodent_mod,gtr4sg,13,0.2624320197118148,0.06371127345551494,2.8104606010710342,0.3430248003129998,-13.92255289057551,17502176,0,17503200,17503200,5583285EC92A1F714DC1778A6DCAB8BA,144EA9C44FB383A84C9728442B979569,4.3,ERRSPEC-T1T3-REV4-2026-09-04,OK,pairs_music340.csv
board_gtr4sg_rodent_mod_w14,rodent_mod,gtr4sg,14,0.43697400777678314,0.021057506680052678,0.741918511679997,0.393854655308025,-24.353449218158232,17502176,0,17503200,17503200,FEAA98A67E9588292158AF03469F0656,144EA9C44FB383A84C9728442B979569,7.2,ERRSPEC-T1T3-REV4-2026-09-04,OK,pairs_music340.csv
board_gtr4sg_rodent_mod_w15,rodent_mod,gtr4sg,15,0.5490442745112439,0.0028958228374591165,-1.3168763161883368,0.45279423066918845,-31.937266468777636,17502176,0,17503200,17503200,7C23469580FDA8D51D32AE7D56B9B173,144EA9C44FB383A84C9728442B979569,6.5,ERRSPEC-T1T3-REV4-2026-09-04,OK,pairs_music340.csv
board_gtr4sg_rodent_mod_w16,rodent_mod,gtr4sg,16,0.6719296032368209,0.002775269804975062,-2.8645839789579464,0.5085477946859297,-39.53431050347203,17502176,0,17503200,17503200,6C4FB2FFB51F1B93E20F57A1E79C7A9A,144EA9C44FB383A84C9728442B979569,4.4,ERRSPEC-T1T3-REV4-2026-09-04,OK,pairs_music340.csv
board_gtr4sg_rodent_mod_w17,rodent_mod,gtr4sg,17,0.7251625669721692,0.03089189742142614,-2.6025848787895622,0.5270994504707689,-45.91921606141074,17502176,0,17503200,17503200,A063B1BA19CD6BB6F2230B01FFF86CD2,144EA9C44FB383A84C9728442B979569,4.4,ERRSPEC-T1T3-REV4-2026-09-04,OK,pairs_music340.csv
board_gtr4sg_rodent_mod_w18,rodent_mod,gtr4sg,18,0.8548050479943067,0.0020213504889515653,-6.083678179845871,0.6463098960903284,-53.199799816339436,17502176,0,17503200,17503200,AE2174E72BBB318C59A2EB18B3B0CF93,144EA9C44FB383A84C9728442B979569,6.2,ERRSPEC-T1T3-REV4-2026-09-04,OK,pairs_music340.csv
board_gtr4sg_rodent_mod_w19,rodent_mod,gtr4sg,19,0.8680517955317851,0.006700923864153295,-6.466932665392089,0.6550937081460745,-59.236841141812505,17502176,0,17503200,17503200,A908A2249112AB25B3603AE328EC5842,144EA9C44FB383A84C9728442B979569,5.4,ERRSPEC-T1T3-REV4-2026-09-04,OK,pairs_music340.csv
board_gtr4sg_rodent_mod_w20,rodent_mod,gtr4sg,20,0.8903619287315607,0.000948832411791443,-7.602421377785648,0.6756735126609371,-65.33549913411373,17502176,0,17503200,17503200,D5A44F9CDBF8FECC1A50E5C4635B6D27,144EA9C44FB383A84C9728442B979569,6.8,ERRSPEC-T1T3-REV4-2026-09-04,OK,pairs_music340.csv
board_gtr4sg_rodent_mod_w21,rodent_mod,gtr4sg,21,0.8250295997951651,0.007398552993298687,-6.029286907328778,0.6102627528549839,-69.79500045844723,17502176,0,17503200,17503200,676450296FB226F1F0942D1269F23C5A,144EA9C44FB383A84C9728442B979569,6.9,ERRSPEC-T1T3-REV4-2026-09-04,OK,pairs_music340.csv
board_gtr4sg_rodent_mod_w22,rodent_mod,gtr4sg,22,0.9308026594980362,0.013415716966108486,-8.774420208526552,0.710594491499895,-76.67989040551824,17502176,0,17503200,17503200,3467360643626ABFAF50E9FB0688F582,144EA9C44FB383A84C9728442B979569,5.6,ERRSPEC-T1T3-REV4-2026-09-04,OK,pairs_music340.csv
board_gtr4sg_rodent_mod_w23,rodent_mod,gtr4sg,23,0.8286049980844437,0.006085296152987523,-6.057101512272497,0.597738115884625,-77.84658689016348,17502176,0,17503200,17503200,1F78A0219DE9AD147CB1186F9458062C,144EA9C44FB383A84C9728442B979569,4.4,ERRSPEC-T1T3-REV4-2026-09-04,OK,pairs_music340.csv
board_gtr4sg_rodent_mod_w24,rodent_mod,gtr4sg,24,0.76117378542058,0.02483132480768026,-4.536430977835257,0.5394633476917431,-78.39531842133432,17502176,0,17503200,17503200,1899C366230F2C4F0808EE6032DB473E,144EA9C44FB383A84C9728442B979569,9.0,ERRSPEC-T1T3-REV4-2026-09-04,OK,pairs_music340.csv
board_prvtgtr_rodent_mod_w8,rodent_mod,prvtgtr,8,0.11313900036964873,0.3011256051912659,11.565877803218136,0.16644670348348778,0.424854907057437,15150176,0,15151200,15151200,02A79303AB14517C5531FE04BB3A93D0,03E33A6DCDEFDFE548ECEA333241C5F4,4.2,ERRSPEC-T1T3-REV4-2026-09-04,OK,pairs_music340.csv
board_prvtgtr_rodent_mod_w9,rodent_mod,prvtgtr,9,0.1468439345608557,0.2191134426292305,9.874203843413905,0.19485143303900998,1.4931730363300169,15150176,0,15151200,15151200,22BB70673D432490E314909508586D1F,03E33A6DCDEFDFE548ECEA333241C5F4,4.3,ERRSPEC-T1T3-REV4-2026-09-04,OK,pairs_music340.csv
board_prvtgtr_rodent_mod_w10,rodent_mod,prvtgtr,10,0.04987193186565765,0.4375248643284206,16.75305819283751,0.132224615851046,2.2374354853470564,15150176,0,15151200,15151200,5BCFFAB0225F309D4D8B7C131F5DB3DC,03E33A6DCDEFDFE548ECEA333241C5F4,4.9,ERRSPEC-T1T3-REV4-2026-09-04,OK,pairs_music340.csv
board_prvtgtr_rodent_mod_w11,rodent_mod,prvtgtr,11,0.03494172998518529,0.570841470566011,18.579895941205457,0.11766814918266383,2.6194212044315712,15150176,0,15151200,15151200,E7EC9483887990EE4EC4AD45CEB44E72,03E33A6DCDEFDFE548ECEA333241C5F4,4.8,ERRSPEC-T1T3-REV4-2026-09-04,OK,pairs_music340.csv
board_prvtgtr_rodent_mod_w12,rodent_mod,prvtgtr,12,0.17058048570156156,0.12492507214983815,7.781636802133071,0.34502800543398826,-5.075839530734079,15150176,0,15151200,15151200,973964348C4ECDE8B6B03FA416B2BCDF,03E33A6DCDEFDFE548ECEA333241C5F4,4.3,ERRSPEC-T1T3-REV4-2026-09-04,OK,pairs_music340.csv
board_prvtgtr_rodent_mod_w13,rodent_mod,prvtgtr,13,0.21884130606974997,0.06409948830303919,4.693309439903358,0.4552585405929331,-12.340584677205356,15150176,0,15151200,15151200,348D1333BFCCE908FACBC42EFA3219A1,03E33A6DCDEFDFE548ECEA333241C5F4,6.0,ERRSPEC-T1T3-REV4-2026-09-04,OK,pairs_music340.csv
board_prvtgtr_rodent_mod_w14,rodent_mod,prvtgtr,14,0.3987066701719823,0.021135989937171053,1.4878881562517745,0.49438894489234764,-22.817406211530056,15150176,0,15151200,15151200,A67C47389A23A8436F507A3548D612D2,03E33A6DCDEFDFE548ECEA333241C5F4,7.3,ERRSPEC-T1T3-REV4-2026-09-04,OK,pairs_music340.csv
board_prvtgtr_rodent_mod_w15,rodent_mod,prvtgtr,15,0.4816835697351801,0.0034139708072631384,-0.6488129245092206,0.5535393861323318,-28.460437254420242,15150176,0,15151200,15151200,36694F92AE949125ABDA150AFA85BFC6,03E33A6DCDEFDFE548ECEA333241C5F4,4.4,ERRSPEC-T1T3-REV4-2026-09-04,OK,pairs_music340.csv
board_prvtgtr_rodent_mod_w16,rodent_mod,prvtgtr,16,0.5946142402418737,0.002318592044363659,-2.125131659603317,0.567548657728068,-34.876075281610085,15150176,0,15151200,15151200,C7829D37DBBDA7B45F3A90B11A4EC4B7,03E33A6DCDEFDFE548ECEA333241C5F4,4.3,ERRSPEC-T1T3-REV4-2026-09-04,OK,pairs_music340.csv
board_prvtgtr_rodent_mod_w17,rodent_mod,prvtgtr,17,0.6405864299474444,0.03741700126543452,-1.5275499776590817,0.519063097569222,-40.37229197859892,15150176,0,15151200,15151200,30E1F123F9F11B9F16FA2F240357038D,03E33A6DCDEFDFE548ECEA333241C5F4,4.7,ERRSPEC-T1T3-REV4-2026-09-04,OK,pairs_music340.csv
board_prvtgtr_rodent_mod_w18,rodent_mod,prvtgtr,18,0.7799515759435822,0.003613050124246343,-4.689610125962242,0.6350685284975677,-45.537617246063746,15150176,0,15151200,15151200,0D7F7A303417BA749419FE0E8B34F121,03E33A6DCDEFDFE548ECEA333241C5F4,7.3,ERRSPEC-T1T3-REV4-2026-09-04,OK,pairs_music340.csv
board_prvtgtr_rodent_mod_w19,rodent_mod,prvtgtr,19,0.7908005744480213,0.008042539486169658,-4.614134174770136,0.6253092503742005,-50.75699597785582,15150176,0,15151200,15151200,5FFDA10157D6351FE2E56F4AD23BAAEE,03E33A6DCDEFDFE548ECEA333241C5F4,4.6,ERRSPEC-T1T3-REV4-2026-09-04,OK,pairs_music340.csv
board_prvtgtr_rodent_mod_w20,rodent_mod,prvtgtr,20,0.7840043903662399,0.0017383232652148615,-4.747889355166167,0.6352777841415137,-55.46251727725226,15150176,0,15151200,15151200,82E8C0AB9D18926ABCD6AD39D3A61197,03E33A6DCDEFDFE548ECEA333241C5F4,3.7,ERRSPEC-T1T3-REV4-2026-09-04,OK,pairs_music340.csv
board_prvtgtr_rodent_mod_w21,rodent_mod,prvtgtr,21,0.7074076301731859,0.00788401012879784,-3.28029282889591,0.5974221448567688,-60.02398074586928,15150176,0,15151200,15151200,699FB8B4031DAC7CB2B9D6E77F8E9167,03E33A6DCDEFDFE548ECEA333241C5F4,5.8,ERRSPEC-T1T3-REV4-2026-09-04,OK,pairs_music340.csv
board_prvtgtr_rodent_mod_w22,rodent_mod,prvtgtr,22,0.8475260453313423,0.01838826768134545,-6.236602231209334,0.679346564504344,-70.69491416672902,15150176,0,15151200,15151200,D9716FFE8F47DD28CA7D1D8183396413,03E33A6DCDEFDFE548ECEA333241C5F4,4.8,ERRSPEC-T1T3-REV4-2026-09-04,OK,pairs_music340.csv
board_prvtgtr_rodent_mod_w23,rodent_mod,prvtgtr,23,0.7023554925478234,0.0065720596659367345,-3.459026914354783,0.586892208860732,-70.65310127964744,15150176,0,15151200,15151200,CADD88018984F6668DE5CDF913F9FF77,03E33A6DCDEFDFE548ECEA333241C5F4,4.1,ERRSPEC-T1T3-REV4-2026-09-04,OK,pairs_music340.csv
board_prvtgtr_rodent_mod_w24,rodent_mod,prvtgtr,24,0.6852051748881309,0.025516080672198682,-2.9549208490744947,0.570733325347918,-70.84189913051117,15150176,0,15151200,15151200,DACA4D7A0B174CC0B27456CD4CA6989D,03E33A6DCDEFDFE548ECEA333241C5F4,3.9,ERRSPEC-T1T3-REV4-2026-09-04,OK,pairs_music340.csv
board_ytbass_rodent_mod_w8,rodent_mod,ytbass,8,0.06787102014351457,0.3621948190280511,14.822877099429764,0.08339710252031349,1.8905967333983789,29070176,0,29071200,29071200,4BE6F7DB0AE54277EBD407A0A862C5FE,ABEFA188D4EB8D898E708B95D1E4B77C,8.9,ERRSPEC-T1T3-REV4-2026-09-04,OK,pairs_music340.csv
board_ytbass_rodent_mod_w9,rodent_mod,ytbass,9,0.09445832903942315,0.25569909362931525,12.889485491677437,0.10094064248963369,2.1793160022199167,29070176,0,29071200,29071200,2CD62C7ACB9A413A7FB698599D0EF183,ABEFA188D4EB8D898E708B95D1E4B77C,9.0,ERRSPEC-T1T3-REV4-2026-09-04,OK,pairs_music340.csv
board_ytbass_rodent_mod_w10,rodent_mod,ytbass,10,0.0508689017670395,0.4222907019672801,17.006802682666628,0.08320016168570699,1.9558535564918458,29070176,0,29071200,29071200,D7435206D08FA5495A3E119B1CA32099,ABEFA188D4EB8D898E708B95D1E4B77C,8.5,ERRSPEC-T1T3-REV4-2026-09-04,OK,pairs_music340.csv
board_ytbass_rodent_mod_w11,rodent_mod,ytbass,11,0.03483421305213612,0.5167025379903232,19.38449840160654,0.07826570501513609,2.1950237507268753,29070176,0,29071200,29071200,2F8A6925E9CEC5886B578F627E1F4D9F,ABEFA188D4EB8D898E708B95D1E4B77C,8.0,ERRSPEC-T1T3-REV4-2026-09-04,OK,pairs_music340.csv
board_ytbass_rodent_mod_w12,rodent_mod,ytbass,12,0.14116680172957244,0.08869694593765531,10.551165344911515,0.17906829872960242,-4.69841064465459,29070176,0,29071200,29071200,A38A8EEE810F21CB25AF8BFC255EBBC1,ABEFA188D4EB8D898E708B95D1E4B77C,8.5,ERRSPEC-T1T3-REV4-2026-09-04,OK,pairs_music340.csv
board_ytbass_rodent_mod_w13,rodent_mod,ytbass,13,0.17333401786139405,0.05072018455953319,8.331953339550815,0.29080063217004826,-11.875159862536012,29070176,0,29071200,29071200,D047AADD94FB8A1698315566AC6211DB,ABEFA188D4EB8D898E708B95D1E4B77C,8.5,ERRSPEC-T1T3-REV4-2026-09-04,OK,pairs_music340.csv
board_ytbass_rodent_mod_w14,rodent_mod,ytbass,14,0.2498637311956997,0.01591333632189426,5.747135434738043,0.35914496023066594,-20.516917130572267,29070176,0,29071200,29071200,C6075144C0BBD48DABA26EBC7ED5C2B6,ABEFA188D4EB8D898E708B95D1E4B77C,11.2,ERRSPEC-T1T3-REV4-2026-09-04,OK,pairs_music340.csv
board_ytbass_rodent_mod_w15,rodent_mod,ytbass,15,0.2922510434298108,0.004526431414038845,4.184754122786259,0.40912966052328426,-27.34180329201883,29070176,0,29071200,29071200,649C2449F39F981A638B13FEEDF6E13F,ABEFA188D4EB8D898E708B95D1E4B77C,8.3,ERRSPEC-T1T3-REV4-2026-09-04,OK,pairs_music340.csv
board_ytbass_rodent_mod_w16,rodent_mod,ytbass,16,0.46410291173697643,0.0022185283990276625,0.89125614713662,0.47362057958191417,-36.84994984228493,29070176,0,29071200,29071200,B1AB20B69AF38C9A70F088A6F0F0E4E4,ABEFA188D4EB8D898E708B95D1E4B77C,7.7,ERRSPEC-T1T3-REV4-2026-09-04,OK,pairs_music340.csv
board_ytbass_rodent_mod_w17,rodent_mod,ytbass,17,0.5845267952673567,0.01040391364111956,-0.579052649574969,0.5079343622244522,-43.9179251644182,29070176,0,29071200,29071200,2A13D3F90F194E449AD851408601B925,ABEFA188D4EB8D898E708B95D1E4B77C,13.8,ERRSPEC-T1T3-REV4-2026-09-04,OK,pairs_music340.csv
board_ytbass_rodent_mod_w18,rodent_mod,ytbass,18,0.7031467425659405,0.0028685418514890885,-2.937787192457031,0.5858160854380533,-51.473359664646544,29070176,0,29071200,29071200,E8FD7A08C91B24E97F43942BDB1FC929,ABEFA188D4EB8D898E708B95D1E4B77C,10.2,ERRSPEC-T1T3-REV4-2026-09-04,OK,pairs_music340.csv
board_ytbass_rodent_mod_w19,rodent_mod,ytbass,19,0.7813241203554253,0.003998149583981812,-4.25519914885936,0.6396451779955178,-57.18072560604357,29070176,0,29071200,29071200,D9E997B7C1BE27249556C78D9AB54EFC,ABEFA188D4EB8D898E708B95D1E4B77C,10.2,ERRSPEC-T1T3-REV4-2026-09-04,OK,pairs_music340.csv
board_ytbass_rodent_mod_w20,rodent_mod,ytbass,20,0.7587284946148083,0.0015686762173464763,-3.9967705734363546,0.6209159363645245,-62.714304795055774,29070176,0,29071200,29071200,AFAF261C9FAB26D060308B994BABCEFC,ABEFA188D4EB8D898E708B95D1E4B77C,13.7,ERRSPEC-T1T3-REV4-2026-09-04,OK,pairs_music340.csv
board_ytbass_rodent_mod_w21,rodent_mod,ytbass,21,0.6991610202668703,0.0030748506094145428,-3.189915750252663,0.5923650938508491,-67.23559651352019,29070176,0,29071200,29071200,277F3BB3D4342736195FCFA3607E3B60,ABEFA188D4EB8D898E708B95D1E4B77C,10.0,ERRSPEC-T1T3-REV4-2026-09-04,OK,pairs_music340.csv
board_ytbass_rodent_mod_w22,rodent_mod,ytbass,22,0.7891390427218944,0.02001869394870667,-4.9580670537321865,0.6458643810197467,-74.49141042717088,29070176,0,29071200,29071200,3B4744516E286731280CF403A3B39A55,ABEFA188D4EB8D898E708B95D1E4B77C,11.2,ERRSPEC-T1T3-REV4-2026-09-04,OK,pairs_music340.csv
board_ytbass_rodent_mod_w23,rodent_mod,ytbass,23,0.6447010856214951,0.002953915111328965,-2.984190710291741,0.5700260867074987,-74.80198027430774,29070176,0,29071200,29071200,9A91BB44630188B4778260D3E5669653,ABEFA188D4EB8D898E708B95D1E4B77C,12.7,ERRSPEC-T1T3-REV4-2026-09-04,OK,pairs_music340.csv
board_ytbass_rodent_mod_w24,rodent_mod,ytbass,24,0.6476743433234903,0.016790533026211415,-3.0877767824254327,0.5740735775553867,-75.49797555304721,29070176,0,29071200,29071200,EE88C290E22FC2738E966E16FF27937A,ABEFA188D4EB8D898E708B95D1E4B77C,11.5,ERRSPEC-T1T3-REV4-2026-09-04,OK,pairs_music340.csv
board_nam_gt_max_w8,gt_max,nam,8,0.06168710962355089,0.06682845962652723,11.87968224939835,0.05331432833972095,7.336833747581968,9006176,0,9007200,9007200,6B740A8C5C4C1693BDF00C35DCB33D96,D44D5ADAEEDABE5ED2A50B74D19CAF70,2.9,ERRSPEC-T1T3-REV4-2026-09-04,OK,pairs_nam85.csv
board_nam_gt_max_w9,gt_max,nam,9,0.031968134454220955,0.20219029993893242,18.107181726248648,0.04630905344796832,-0.6238469224847876,9006176,0,9007200,9007200,FF55CC97C72F47C23A8C2D7F741A4B9F,D44D5ADAEEDABE5ED2A50B74D19CAF70,3.8,ERRSPEC-T1T3-REV4-2026-09-04,OK,pairs_nam85.csv
board_nam_gt_max_w10,gt_max,nam,10,0.023525061773722957,0.04460025395613408,21.187763694708046,0.04450532971801335,-0.2347528905384202,9006176,0,9007200,9007200,C4B25E0CF23E047BDC62A781217ECAF9,D44D5ADAEEDABE5ED2A50B74D19CAF70,2.7,ERRSPEC-T1T3-REV4-2026-09-04,OK,pairs_nam85.csv
board_nam_gt_max_w11,gt_max,nam,11,0.024592965964729437,0.030096893348441924,20.769991850528555,0.043926188642015515,-5.172073705536572,9006176,0,9007200,9007200,22BFF5E7F2C18C61B00C3D63D839A427,D44D5ADAEEDABE5ED2A50B74D19CAF70,2.8,ERRSPEC-T1T3-REV4-2026-09-04,OK,pairs_nam85.csv
board_nam_gt_max_w12,gt_max,nam,12,0.027446555523903418,0.06165744761533332,20.36072173409435,0.059273669552704515,-10.143994516480216,9006176,0,9007200,9007200,711B152F79CEB2CDE2DBD630C9B4DE3F,D44D5ADAEEDABE5ED2A50B74D19CAF70,2.2,ERRSPEC-T1T3-REV4-2026-09-04,OK,pairs_nam85.csv
board_nam_gt_max_w13,gt_max,nam,13,0.0393330627165823,0.0039316939151556336,17.984674625524107,0.10850164881173441,-18.321837226730334,9006176,0,9007200,9007200,85C09B8D12F14119B777C7F60C4D87DE,D44D5ADAEEDABE5ED2A50B74D19CAF70,2.2,ERRSPEC-T1T3-REV4-2026-09-04,OK,pairs_nam85.csv
board_nam_gt_max_w14,gt_max,nam,14,0.03740457073300554,0.005229730916916537,17.8982526992274,0.10869907237249227,-24.589108062650414,9006176,0,9007200,9007200,E4AC128840CA67BBABDB986038945E59,D44D5ADAEEDABE5ED2A50B74D19CAF70,4.3,ERRSPEC-T1T3-REV4-2026-09-04,OK,pairs_nam85.csv
board_nam_gt_max_w15,gt_max,nam,15,0.03693862784163664,0.02525810003405442,17.952015896538537,0.10856417077008526,-31.040800372409013,9006176,0,9007200,9007200,7B99074B84607B008FC4CD6BC09AF206,D44D5ADAEEDABE5ED2A50B74D19CAF70,4.3,ERRSPEC-T1T3-REV4-2026-09-04,OK,pairs_nam85.csv
board_nam_gt_max_w16,gt_max,nam,16,0.04113689059048212,0.013279550104199558,17.283931345073608,0.10161027535266817,-37.49207040861879,9006176,0,9007200,9007200,E404729A112588390AA94654CDB9E506,D44D5ADAEEDABE5ED2A50B74D19CAF70,4.3,ERRSPEC-T1T3-REV4-2026-09-04,OK,pairs_nam85.csv
board_nam_gt_max_w17,gt_max,nam,17,0.04895551926381352,0.020944654567814015,16.25618324617687,0.10341950262020191,-44.23576094935419,9006176,0,9007200,9007200,8CF425547A7BA28D14018AB32DCB4A10,D44D5ADAEEDABE5ED2A50B74D19CAF70,3.4,ERRSPEC-T1T3-REV4-2026-09-04,OK,pairs_nam85.csv
board_nam_gt_max_w18,gt_max,nam,18,0.06038673765751684,0.006646930238350334,15.016873955594116,0.11127851421606375,-51.22417579309433,9006176,0,9007200,9007200,E6C539CC7A230EDB158676AF13BC8D49,D44D5ADAEEDABE5ED2A50B74D19CAF70,2.3,ERRSPEC-T1T3-REV4-2026-09-04,OK,pairs_nam85.csv
board_nam_gt_max_w19,gt_max,nam,19,0.0698207368281992,0.02047039112735854,14.139272504904364,0.11842082330601435,-57.216031872835345,9006176,0,9007200,9007200,1AB9A88B169BFEEE97CE0202F3EF14FD,D44D5ADAEEDABE5ED2A50B74D19CAF70,2.2,ERRSPEC-T1T3-REV4-2026-09-04,OK,pairs_nam85.csv
board_nam_gt_max_w20,gt_max,nam,20,0.06772454196826894,0.011304963169628106,14.422519509802337,0.11651736774307293,-62.07017642291244,9006176,0,9007200,9007200,4F3E1F4D18D79E8F5739581AC21E9513,D44D5ADAEEDABE5ED2A50B74D19CAF70,2.9,ERRSPEC-T1T3-REV4-2026-09-04,OK,pairs_nam85.csv
board_nam_gt_max_w21,gt_max,nam,21,0.07527516449088857,0.007969326286384859,13.147385144338987,0.11627967317324969,-66.89730189227225,9006176,0,9007200,9007200,9A0595CA0271C45A0423FD791BF3A649,D44D5ADAEEDABE5ED2A50B74D19CAF70,3.3,ERRSPEC-T1T3-REV4-2026-09-04,OK,pairs_nam85.csv
board_nam_gt_max_w22,gt_max,nam,22,0.14824854952027022,0.0069081825946178095,9.736293195182027,0.1608545478970332,-75.44902040721877,9006176,0,9007200,9007200,165CD95660FE5FA0CE7ABD71539B73A2,D44D5ADAEEDABE5ED2A50B74D19CAF70,3.5,ERRSPEC-T1T3-REV4-2026-09-04,OK,pairs_nam85.csv
board_nam_gt_max_w23,gt_max,nam,23,0.1337173409135358,0.005072635078886341,10.366800048241359,0.15048472258553774,-76.20731817141329,9006176,0,9007200,9007200,5A571E499D6D387BC8ADA54E7A380E45,D44D5ADAEEDABE5ED2A50B74D19CAF70,2.2,ERRSPEC-T1T3-REV4-2026-09-04,OK,pairs_nam85.csv
board_nam_gt_max_w24,gt_max,nam,24,0.12493573072207839,0.0016620286848530279,10.826806651003055,0.14625036316091491,-76.03990981327448,9006176,0,9007200,9007200,89D8F611DB6835E01A1C90E69342D42B,D44D5ADAEEDABE5ED2A50B74D19CAF70,2.2,ERRSPEC-T1T3-REV4-2026-09-04,OK,pairs_nam85.csv
board_gtr2_gt_max_w8,gt_max,gtr2,8,0.07512016853298699,0.13640754419470028,10.434830986083664,0.1457103967068991,3.340610320744254,21102176,0,21103200,21103200,F5BDA6272DC4E6FC6BF46C1C8A9639C9,E31BAFF3A9E05AC27A6EE0A49C8B0B95,9.5,ERRSPEC-T1T3-REV4-2026-09-04,OK,pairs_music340.csv
board_gtr2_gt_max_w9,gt_max,gtr2,9,0.03696057361530683,0.1924023270191094,17.14706575511434,0.1291192573189482,-3.781784782160141,21102176,0,21103200,21103200,7D6F04AEE88EECE253C95854376D4C43,E31BAFF3A9E05AC27A6EE0A49C8B0B95,7.7,ERRSPEC-T1T3-REV4-2026-09-04,OK,pairs_music340.csv
board_gtr2_gt_max_w10,gt_max,gtr2,10,0.022164960429938926,0.07387701249432174,20.647768276907716,0.16627617800210118,-2.153900830283728,21102176,0,21103200,21103200,01960AD9A48F2C7F86D35714509B010A,E31BAFF3A9E05AC27A6EE0A49C8B0B95,5.3,ERRSPEC-T1T3-REV4-2026-09-04,OK,pairs_music340.csv
board_gtr2_gt_max_w11,gt_max,gtr2,11,0.0262392869316152,0.039497479118166576,19.9823229076813,0.23213779476004373,-7.605457072980723,21102176,0,21103200,21103200,FD5A80B591CDC14773524723E25301E2,E31BAFF3A9E05AC27A6EE0A49C8B0B95,5.2,ERRSPEC-T1T3-REV4-2026-09-04,OK,pairs_music340.csv
board_gtr2_gt_max_w12,gt_max,gtr2,12,0.02836085070869081,0.042091415326667346,19.929518049402724,0.24106624190050396,-11.644462880669074,21102176,0,21103200,21103200,8DB086B18F033AC97297FCA63A274FEC,E31BAFF3A9E05AC27A6EE0A49C8B0B95,5.3,ERRSPEC-T1T3-REV4-2026-09-04,OK,pairs_music340.csv
board_gtr2_gt_max_w13,gt_max,gtr2,13,0.03790546749883327,0.005332548322108835,18.54854737700166,0.2432237242845281,-20.46357544294989,21102176,0,21103200,21103200,96F046B6838C5CB1D7B082C400ACBE4E,E31BAFF3A9E05AC27A6EE0A49C8B0B95,5.3,ERRSPEC-T1T3-REV4-2026-09-04,OK,pairs_music340.csv
board_gtr2_gt_max_w14,gt_max,gtr2,14,0.034168040828240175,0.004667897993533571,18.57725883986983,0.18436210942964354,-26.589033909122577,21102176,0,21103200,21103200,E24AC8D256680A5FD2D19556F4579B8C,E31BAFF3A9E05AC27A6EE0A49C8B0B95,5.3,ERRSPEC-T1T3-REV4-2026-09-04,OK,pairs_music340.csv
board_gtr2_gt_max_w15,gt_max,gtr2,15,0.030671804233907692,0.023727645760278138,18.64174833337011,0.15135099444129924,-32.1562244005356,21102176,0,21103200,21103200,733AE3073F407350EAB7FDD9419E9F07,E31BAFF3A9E05AC27A6EE0A49C8B0B95,6.6,ERRSPEC-T1T3-REV4-2026-09-04,OK,pairs_music340.csv
board_gtr2_gt_max_w16,gt_max,gtr2,16,0.033356821667518424,0.013019050953692633,18.194155045492437,0.13154433288134093,-38.02437870100322,21102176,0,21103200,21103200,AE64B8205EE8A0A7DA01340D07487CC5,E31BAFF3A9E05AC27A6EE0A49C8B0B95,5.4,ERRSPEC-T1T3-REV4-2026-09-04,OK,pairs_music340.csv
board_gtr2_gt_max_w17,gt_max,gtr2,17,0.0386725383133427,0.011813683609938397,17.368770215017445,0.12358384065643115,-45.12678797795981,21102176,0,21103200,21103200,8A15D802969A294D3404FF9C8A8E8B19,E31BAFF3A9E05AC27A6EE0A49C8B0B95,5.4,ERRSPEC-T1T3-REV4-2026-09-04,OK,pairs_music340.csv
board_gtr2_gt_max_w18,gt_max,gtr2,18,0.04777922832007896,0.0025098720383221027,16.227578886557403,0.11871573850841952,-52.38249457213412,21102176,0,21103200,21103200,33F952079EBE3E374CA18C87FE776DCD,E31BAFF3A9E05AC27A6EE0A49C8B0B95,8.7,ERRSPEC-T1T3-REV4-2026-09-04,OK,pairs_music340.csv
board_gtr2_gt_max_w19,gt_max,gtr2,19,0.056788025942260074,0.01088861599777925,15.254611815637112,0.11489377564433699,-58.93102977672915,21102176,0,21103200,21103200,76F3857C5BA777987DA2207CF871DA10,E31BAFF3A9E05AC27A6EE0A49C8B0B95,8.5,ERRSPEC-T1T3-REV4-2026-09-04,OK,pairs_music340.csv
board_gtr2_gt_max_w20,gt_max,gtr2,20,0.059861647039352,0.008761720352578028,14.979855691619619,0.11605594582548066,-64.80020480142083,21102176,0,21103200,21103200,D7FF778BB274FA613822FECBEE805158,E31BAFF3A9E05AC27A6EE0A49C8B0B95,5.8,ERRSPEC-T1T3-REV4-2026-09-04,OK,pairs_music340.csv
board_gtr2_gt_max_w21,gt_max,gtr2,21,0.06085490849683272,0.005936980074800507,14.879382834278509,0.1121982448367723,-69.61247875796434,21102176,0,21103200,21103200,508BA912B64D05E1E4F43E0F90E8C3D0,E31BAFF3A9E05AC27A6EE0A49C8B0B95,5.2,ERRSPEC-T1T3-REV4-2026-09-04,OK,pairs_music340.csv
board_gtr2_gt_max_w22,gt_max,gtr2,22,0.12757544461852613,0.0038294587146098947,10.56160240782743,0.14616175136763704,-77.07000618432978,21102176,0,21103200,21103200,AF35C31409C0C324B7E780343C5B6EB4,E31BAFF3A9E05AC27A6EE0A49C8B0B95,5.3,ERRSPEC-T1T3-REV4-2026-09-04,OK,pairs_music340.csv
board_gtr2_gt_max_w23,gt_max,gtr2,23,0.11382046752303968,0.005605891278534328,11.260911588139862,0.13663236563729111,-77.70542915431905,21102176,0,21103200,21103200,BDBDFDEE6B814FFBF046505FD55DA0F2,E31BAFF3A9E05AC27A6EE0A49C8B0B95,5.3,ERRSPEC-T1T3-REV4-2026-09-04,OK,pairs_music340.csv
board_gtr2_gt_max_w24,gt_max,gtr2,24,0.1088471284532794,0.0027258585213706917,11.519221768693097,0.13291485258210806,-77.58241601997625,21102176,0,21103200,21103200,ED6E226A345C3EE1F97B1F779915E329,E31BAFF3A9E05AC27A6EE0A49C8B0B95,9.1,ERRSPEC-T1T3-REV4-2026-09-04,OK,pairs_music340.csv
board_gtr4sg_gt_max_w8,gt_max,gtr4sg,8,0.07754157010629624,0.13870593727726438,12.061474745218476,0.09992882559909592,2.233990636746043,17502176,0,17503200,17503200,A30883DBFC4FA690E1073D4FC37C6F9B,1F5A7BB968B6851DD743941158DB3B7E,7.0,ERRSPEC-T1T3-REV4-2026-09-04,OK,pairs_music340.csv
board_gtr4sg_gt_max_w9,gt_max,gtr4sg,9,0.03932108270358834,0.19903915585666013,17.74866659433705,0.07710649326180881,-5.316205838273728,17502176,0,17503200,17503200,A30A8BD86F8A410CA7D5358C86A2A258,1F5A7BB968B6851DD743941158DB3B7E,5.9,ERRSPEC-T1T3-REV4-2026-09-04,OK,pairs_music340.csv
board_gtr4sg_gt_max_w10,gt_max,gtr4sg,10,0.024036969833419516,0.06132744716044882,20.827792540381914,0.08294240117373614,-4.484685994363652,17502176,0,17503200,17503200,49DC688B5CDAEC519CCFD359BC6F18D3,1F5A7BB968B6851DD743941158DB3B7E,5.0,ERRSPEC-T1T3-REV4-2026-09-04,OK,pairs_music340.csv
board_gtr4sg_gt_max_w11,gt_max,gtr4sg,11,0.0337465141742597,0.030696633609623762,19.089789230342944,0.12719721894111374,-10.939255021845092,17502176,0,17503200,17503200,46D0DC3C0D18FB6BA89FA6A6E318A209,1F5A7BB968B6851DD743941158DB3B7E,4.3,ERRSPEC-T1T3-REV4-2026-09-04,OK,pairs_music340.csv
board_gtr4sg_gt_max_w12,gt_max,gtr4sg,12,0.03760373696563523,0.04862609175750298,18.616202629623018,0.15311480031587216,-14.88010092186699,17502176,0,17503200,17503200,A8E229A94925B6274C721F68B123F769,1F5A7BB968B6851DD743941158DB3B7E,5.9,ERRSPEC-T1T3-REV4-2026-09-04,OK,pairs_music340.csv
board_gtr4sg_gt_max_w13,gt_max,gtr4sg,13,0.05141399131590857,0.005556957592932809,16.66547518075848,0.16267801959997846,-24.87373178738258,17502176,0,17503200,17503200,E802C4C3124986F29901A04832F7E3EC,1F5A7BB968B6851DD743941158DB3B7E,8.3,ERRSPEC-T1T3-REV4-2026-09-04,OK,pairs_music340.csv
board_gtr4sg_gt_max_w14,gt_max,gtr4sg,14,0.04467318801389042,0.008613024623618569,17.099077408948308,0.13750202597341826,-30.109740937269002,17502176,0,17503200,17503200,2CB09853997037781976192EC4E19B1D,1F5A7BB968B6851DD743941158DB3B7E,4.3,ERRSPEC-T1T3-REV4-2026-09-04,OK,pairs_music340.csv
board_gtr4sg_gt_max_w15,gt_max,gtr4sg,15,0.03768190274371755,0.05758302726526438,18.0989921124594,0.1282582192974015,-35.19989152522223,17502176,0,17503200,17503200,5161029249B6AC77E93C0AD551A8284D,1F5A7BB968B6851DD743941158DB3B7E,5.0,ERRSPEC-T1T3-REV4-2026-09-04,OK,pairs_music340.csv
board_gtr4sg_gt_max_w16,gt_max,gtr4sg,16,0.03961954554275625,0.02661142004187327,17.727319139850092,0.12571999309361906,-40.973320646459435,17502176,0,17503200,17503200,4A9AEDB43A0F5B67D03CE38878DE24C6,1F5A7BB968B6851DD743941158DB3B7E,7.7,ERRSPEC-T1T3-REV4-2026-09-04,OK,pairs_music340.csv
board_gtr4sg_gt_max_w17,gt_max,gtr4sg,17,0.04317319267011504,0.027843523203306002,17.169796846578308,0.12237705735617661,-47.6434956130231,17502176,0,17503200,17503200,4842DFD7302259F89A6289B83280D1E6,1F5A7BB968B6851DD743941158DB3B7E,5.0,ERRSPEC-T1T3-REV4-2026-09-04,OK,pairs_music340.csv
board_gtr4sg_gt_max_w18,gt_max,gtr4sg,18,0.04836200046226909,0.0037328254342157362,16.455495258306794,0.12096061250546211,-53.61250104767161,17502176,0,17503200,17503200,963DC7287C3631B4E2BA6AFD8FDCBBDF,1F5A7BB968B6851DD743941158DB3B7E,5.2,ERRSPEC-T1T3-REV4-2026-09-04,OK,pairs_music340.csv
board_gtr4sg_gt_max_w19,gt_max,gtr4sg,19,0.05430204888149445,0.02035254690169707,15.761275825069774,0.12253483764407545,-59.65138845828182,17502176,0,17503200,17503200,1A1A5E598D3665FCF97B10CCA7483B25,1F5A7BB968B6851DD743941158DB3B7E,7.3,ERRSPEC-T1T3-REV4-2026-09-04,OK,pairs_music340.csv
board_gtr4sg_gt_max_w20,gt_max,gtr4sg,20,0.057575244126111626,0.013643932603020591,15.433008070086021,0.12012860291026789,-65.40978445435587,17502176,0,17503200,17503200,E895AB76B99D0F1A831D35F33E3EDA86,1F5A7BB968B6851DD743941158DB3B7E,4.4,ERRSPEC-T1T3-REV4-2026-09-04,OK,pairs_music340.csv
board_gtr4sg_gt_max_w21,gt_max,gtr4sg,21,0.062349245816971634,0.007929043856638049,14.884717831189004,0.11452616613617493,-70.64974128667924,17502176,0,17503200,17503200,44D716A5C930616D95FB36D21B1B6388,1F5A7BB968B6851DD743941158DB3B7E,5.0,ERRSPEC-T1T3-REV4-2026-09-04,OK,pairs_music340.csv
board_gtr4sg_gt_max_w22,gt_max,gtr4sg,22,0.14486905079680149,0.0064361647543630515,9.921999298726767,0.15174238662427117,-78.97416699595618,17502176,0,17503200,17503200,D3F69707ACD69C94A6AA9FBAA46873C3,1F5A7BB968B6851DD743941158DB3B7E,4.4,ERRSPEC-T1T3-REV4-2026-09-04,OK,pairs_music340.csv
board_gtr4sg_gt_max_w23,gt_max,gtr4sg,23,0.12950505991460806,0.008920956847150083,10.575895649629313,0.14082261884450376,-79.77176566191645,17502176,0,17503200,17503200,F653814429800AF96E0F801165E6F162,1F5A7BB968B6851DD743941158DB3B7E,5.4,ERRSPEC-T1T3-REV4-2026-09-04,OK,pairs_music340.csv
board_gtr4sg_gt_max_w24,gt_max,gtr4sg,24,0.12512547400221447,0.0035651083457797733,10.805099338458621,0.1371054136810455,-79.65534139716766,17502176,0,17503200,17503200,31AEC7AB2C144FCE334ED0707C8F2649,1F5A7BB968B6851DD743941158DB3B7E,4.3,ERRSPEC-T1T3-REV4-2026-09-04,OK,pairs_music340.csv
board_prvtgtr_gt_max_w8,gt_max,prvtgtr,8,0.06478009518618169,0.11932269290180463,12.987627146652086,0.06916286025866242,5.319542130717455,15150176,0,15151200,15151200,3AC7A0B92D910621FCB1C0B5A668ED32,6A662274F1FBE8E6E7CEC4CEA10CF4C4,6.4,ERRSPEC-T1T3-REV4-2026-09-04,OK,pairs_music340.csv
board_prvtgtr_gt_max_w9,gt_max,prvtgtr,9,0.030371470340947684,0.18916566820198086,19.217751276818905,0.047302093753880066,-3.9542292737387896,15150176,0,15151200,15151200,5E674C9C4ECC8933B443A5DBD5E8D930,6A662274F1FBE8E6E7CEC4CEA10CF4C4,5.0,ERRSPEC-T1T3-REV4-2026-09-04,OK,pairs_music340.csv
board_prvtgtr_gt_max_w10,gt_max,prvtgtr,10,0.01976122297990951,0.05363808418364232,21.955606884314257,0.04055085223803388,-4.493366858200236,15150176,0,15151200,15151200,16372F4519922CCE7BAB2A8C8B9CD03E,6A662274F1FBE8E6E7CEC4CEA10CF4C4,4.1,ERRSPEC-T1T3-REV4-2026-09-04,OK,pairs_music340.csv
board_prvtgtr_gt_max_w11,gt_max,prvtgtr,11,0.02525520235857151,0.023051464485162383,20.512612463368317,0.04197683814627311,-9.786360103201833,15150176,0,15151200,15151200,916501CDE5CA47D623C38567817569BF,6A662274F1FBE8E6E7CEC4CEA10CF4C4,4.6,ERRSPEC-T1T3-REV4-2026-09-04,OK,pairs_music340.csv
board_prvtgtr_gt_max_w12,gt_max,prvtgtr,12,0.038995591489446174,0.07184002559718528,18.16179058098121,0.07504027585020344,-14.513321840696715,15150176,0,15151200,15151200,AE0B6778425D6DD595A081F619840518,6A662274F1FBE8E6E7CEC4CEA10CF4C4,4.6,ERRSPEC-T1T3-REV4-2026-09-04,OK,pairs_music340.csv
board_prvtgtr_gt_max_w13,gt_max,prvtgtr,13,0.05298287560644285,0.006274116449517529,16.193429724511557,0.09926364359261242,-23.484217528149333,15150176,0,15151200,15151200,88E56C1DD2F19F1A18BB6748B39ED080,6A662274F1FBE8E6E7CEC4CEA10CF4C4,6.2,ERRSPEC-T1T3-REV4-2026-09-04,OK,pairs_music340.csv
board_prvtgtr_gt_max_w14,gt_max,prvtgtr,14,0.054492961776577,0.01488128888770795,15.943208550463908,0.09892452945989964,-29.758861573878026,15150176,0,15151200,15151200,F6CC6955553EA25AE21523E909DCCD06,6A662274F1FBE8E6E7CEC4CEA10CF4C4,4.5,ERRSPEC-T1T3-REV4-2026-09-04,OK,pairs_music340.csv
board_prvtgtr_gt_max_w15,gt_max,prvtgtr,15,0.05718270503309299,0.0986469090293148,15.77813533392834,0.10523336667891996,-35.886458902532524,15150176,0,15151200,15151200,A94725C1005AED7810EC5867D1E3D873,6A662274F1FBE8E6E7CEC4CEA10CF4C4,6.4,ERRSPEC-T1T3-REV4-2026-09-04,OK,pairs_music340.csv
board_prvtgtr_gt_max_w16,gt_max,prvtgtr,16,0.0669532809119438,0.057309469705121144,14.714613003397135,0.10473854007600408,-42.58210702527454,15150176,0,15151200,15151200,35AC25DBE417287D5061FBEA876A8F87,6A662274F1FBE8E6E7CEC4CEA10CF4C4,6.3,ERRSPEC-T1T3-REV4-2026-09-04,OK,pairs_music340.csv
board_prvtgtr_gt_max_w17,gt_max,prvtgtr,17,0.08075282838650437,0.07390747188563607,13.657043566551128,0.12592540773817196,-48.745602238980936,15150176,0,15151200,15151200,2A0D0E4EA029DA429D88D0C6A2587E5F,6A662274F1FBE8E6E7CEC4CEA10CF4C4,7.6,ERRSPEC-T1T3-REV4-2026-09-04,OK,pairs_music340.csv
board_prvtgtr_gt_max_w18,gt_max,prvtgtr,18,0.08826846739720665,0.01833572974190079,13.194059365202564,0.12800176506386973,-53.95891734931146,15150176,0,15151200,15151200,FD2625FD60309ACDF955BCFFA609D9E6,6A662274F1FBE8E6E7CEC4CEA10CF4C4,4.3,ERRSPEC-T1T3-REV4-2026-09-04,OK,pairs_music340.csv
board_prvtgtr_gt_max_w19,gt_max,prvtgtr,19,0.09651584530041518,0.0501520681351857,12.78666360295533,0.14165858992819738,-59.37188660023968,15150176,0,15151200,15151200,AB92444EB2C7E45F05D3B63BFF7C49D9,6A662274F1FBE8E6E7CEC4CEA10CF4C4,3.8,ERRSPEC-T1T3-REV4-2026-09-04,OK,pairs_music340.csv
board_prvtgtr_gt_max_w20,gt_max,prvtgtr,20,0.08641074387795944,0.024540517587919287,13.481667158793641,0.12743195019843057,-63.67146273085949,15150176,0,15151200,15151200,C7502E3218E76FB70B47FDF0B933E252,6A662274F1FBE8E6E7CEC4CEA10CF4C4,3.9,ERRSPEC-T1T3-REV4-2026-09-04,OK,pairs_music340.csv
board_prvtgtr_gt_max_w21,gt_max,prvtgtr,21,0.08332952656864988,0.016465818057014307,13.724496111024006,0.11234292398996341,-68.0427013293987,15150176,0,15151200,15151200,D7435EBD8257AC2BB017494EC88A0A76,6A662274F1FBE8E6E7CEC4CEA10CF4C4,5.1,ERRSPEC-T1T3-REV4-2026-09-04,OK,pairs_music340.csv
board_prvtgtr_gt_max_w22,gt_max,prvtgtr,22,0.20397972370296683,0.013455252903293032,8.202790633728576,0.19167953116822498,-77.08921740185014,15150176,0,15151200,15151200,862D974B61E760630DE01C6033790008,6A662274F1FBE8E6E7CEC4CEA10CF4C4,4.4,ERRSPEC-T1T3-REV4-2026-09-04,OK,pairs_music340.csv
board_prvtgtr_gt_max_w23,gt_max,prvtgtr,23,0.18852166932630376,0.014733916849680796,8.581266702417274,0.1821013781627137,-77.89182761517122,15150176,0,15151200,15151200,96FEF37E92BF8053042D12AF1C287F37,6A662274F1FBE8E6E7CEC4CEA10CF4C4,6.0,ERRSPEC-T1T3-REV4-2026-09-04,OK,pairs_music340.csv
board_prvtgtr_gt_max_w24,gt_max,prvtgtr,24,0.1876278674075406,0.005799987005590601,8.690805935443501,0.179951669290573,-77.20393740393688,15150176,0,15151200,15151200,8D141EC4F0E9D4BD09AA673C89E8E1BE,6A662274F1FBE8E6E7CEC4CEA10CF4C4,3.8,ERRSPEC-T1T3-REV4-2026-09-04,OK,pairs_music340.csv
board_ytbass_gt_max_w8,gt_max,ytbass,8,0.04553992164553672,0.13195966322975858,12.878152755069925,0.04037001501646374,2.8402933084034707,29070176,0,29071200,29071200,BF37177D2F345F7ACBDFD71F341E6B15,1FAABDB277AF83470A01861BADDC5800,9.4,ERRSPEC-T1T3-REV4-2026-09-04,OK,pairs_music340.csv
board_ytbass_gt_max_w9,gt_max,ytbass,9,0.01642755524136797,0.14491447557963275,21.898427593539076,0.02093006893001082,-1.4349571515721031,29070176,0,29071200,29071200,03A0189445796D2E76DD69C7E24C658E,1FAABDB277AF83470A01861BADDC5800,12.8,ERRSPEC-T1T3-REV4-2026-09-04,OK,pairs_music340.csv
board_ytbass_gt_max_w10,gt_max,ytbass,10,0.013263224624180659,0.026595295801338313,23.837065057690584,0.02389933651860409,-2.3343546042916685,29070176,0,29071200,29071200,E25E7615E079A1560003AA573A4165C1,1FAABDB277AF83470A01861BADDC5800,7.4,ERRSPEC-T1T3-REV4-2026-09-04,OK,pairs_music340.csv
board_ytbass_gt_max_w11,gt_max,ytbass,11,0.015994894314902065,0.040516333486253074,22.86393089061187,0.02927725579120897,-8.217442583075865,29070176,0,29071200,29071200,A9C35E7F54C0DA6C4F319A805D83C9B3,1FAABDB277AF83470A01861BADDC5800,7.5,ERRSPEC-T1T3-REV4-2026-09-04,OK,pairs_music340.csv
board_ytbass_gt_max_w12,gt_max,ytbass,12,0.02175585714990845,0.03391237798913797,21.467756965378328,0.05043947171884536,-13.3680866542012,29070176,0,29071200,29071200,F253C30176234D5A23AFE70FE5C09FA3,1FAABDB277AF83470A01861BADDC5800,8.2,ERRSPEC-T1T3-REV4-2026-09-04,OK,pairs_music340.csv
board_ytbass_gt_max_w13,gt_max,ytbass,13,0.032500396253614186,0.0013359950771096563,19.052993002911094,0.09066239643942224,-21.98621639287078,29070176,0,29071200,29071200,206A0F9CFA0B11D5FE8C89F77495C330,1FAABDB277AF83470A01861BADDC5800,8.8,ERRSPEC-T1T3-REV4-2026-09-04,OK,pairs_music340.csv
board_ytbass_gt_max_w14,gt_max,ytbass,14,0.03510852154548105,0.002452006966370261,18.315029278281592,0.09774389375094779,-28.839255287707807,29070176,0,29071200,29071200,6C6075B611C8E279FC30DB576A7F26EA,1FAABDB277AF83470A01861BADDC5800,12.4,ERRSPEC-T1T3-REV4-2026-09-04,OK,pairs_music340.csv
board_ytbass_gt_max_w15,gt_max,ytbass,15,0.03888916806627119,0.02841243730910143,17.801329145203823,0.09942743738304603,-35.40784720053217,29070176,0,29071200,29071200,CCC993AD7BC0CB3BC1997BE521F043CB,1FAABDB277AF83470A01861BADDC5800,7.6,ERRSPEC-T1T3-REV4-2026-09-04,OK,pairs_music340.csv
board_ytbass_gt_max_w16,gt_max,ytbass,16,0.04856474681550946,0.01383499792391131,16.46406214413203,0.1029367130822346,-42.07640713946624,29070176,0,29071200,29071200,1D4D8CE2E509E4CD66FBF6F87CBBC022,1FAABDB277AF83470A01861BADDC5800,10.4,ERRSPEC-T1T3-REV4-2026-09-04,OK,pairs_music340.csv
board_ytbass_gt_max_w17,gt_max,ytbass,17,0.0574876684420274,0.014031401241400246,15.469231278716027,0.10998128455029048,-49.608566821610175,29070176,0,29071200,29071200,C67F697CD1413E80219A9F07FF8319CD,1FAABDB277AF83470A01861BADDC5800,14.0,ERRSPEC-T1T3-REV4-2026-09-04,OK,pairs_music340.csv
board_ytbass_gt_max_w18,gt_max,ytbass,18,0.06611977067640114,0.002063082306964386,14.59370641279235,0.11799974258992675,-56.35047843510137,29070176,0,29071200,29071200,D332B692D1F930EA642427BEF0CB7A12,1FAABDB277AF83470A01861BADDC5800,7.9,ERRSPEC-T1T3-REV4-2026-09-04,OK,pairs_music340.csv
board_ytbass_gt_max_w19,gt_max,ytbass,19,0.07017587238739922,0.015941621696715293,14.239646945891117,0.1222140678497741,-62.1460142160816,29070176,0,29071200,29071200,D3868F2BBA850B68F37E14ACC1ADED54,1FAABDB277AF83470A01861BADDC5800,7.5,ERRSPEC-T1T3-REV4-2026-09-04,OK,pairs_music340.csv
board_ytbass_gt_max_w20,gt_max,ytbass,20,0.06731518964604086,0.009282529633753145,14.553527546077197,0.11653035161574446,-67.38135681120141,29070176,0,29071200,29071200,A0596325D5AE497362FBB97E0A849C98,1FAABDB277AF83470A01861BADDC5800,9.2,ERRSPEC-T1T3-REV4-2026-09-04,OK,pairs_music340.csv
board_ytbass_gt_max_w21,gt_max,ytbass,21,0.07170461780430773,0.006684185481772999,14.149205223941802,0.11590313635335421,-72.13270905311347,29070176,0,29071200,29071200,DAD4993F12BDCA590DD23FFC84447258,1FAABDB277AF83470A01861BADDC5800,10.0,ERRSPEC-T1T3-REV4-2026-09-04,OK,pairs_music340.csv
board_ytbass_gt_max_w22,gt_max,ytbass,22,0.1561817845714229,0.003962559356383375,9.577179458986674,0.1631176698992999,-79.71742961842858,29070176,0,29071200,29071200,C0E0F7976C071EE4BBA62FFAFDB87D36,1FAABDB277AF83470A01861BADDC5800,9.8,ERRSPEC-T1T3-REV4-2026-09-04,OK,pairs_music340.csv
board_ytbass_gt_max_w23,gt_max,ytbass,23,0.15011993335226329,0.004062569306337879,9.806475546177541,0.15506463923791172,-80.65029389722022,29070176,0,29071200,29071200,5DF2E07A60E8CB70764C8485C93D5596,1FAABDB277AF83470A01861BADDC5800,10.9,ERRSPEC-T1T3-REV4-2026-09-04,OK,pairs_music340.csv
board_ytbass_gt_max_w24,gt_max,ytbass,24,0.14574043050386293,0.0013525664023937808,9.987534579759865,0.15143839458586725,-80.47724002547852,29070176,0,29071200,29071200,731F6861198333F21CD95DC572431A6F,1FAABDB277AF83470A01861BADDC5800,9.0,ERRSPEC-T1T3-REV4-2026-09-04,OK,pairs_music340.csv
board_nam_gt_mod_w8,gt_mod,nam,8,0.06645188811650325,0.069710716463411,13.964785213974796,0.047163470632638885,4.596679611060953,9006176,0,9007200,9007200,93AFDFE0D0576CC98F77FDCFA6FA8081,3AB1381FD551B60B7CDB153C64227D22,2.2,ERRSPEC-T1T3-REV4-2026-09-04,OK,pairs_nam85.csv
board_nam_gt_mod_w9,gt_mod,nam,9,0.01602762200655733,0.10422276300711134,22.10219907963774,0.02072505769246385,0.6884721711453743,9006176,0,9007200,9007200,F09ED9009F51FD45B377CA7709CD178F,3AB1381FD551B60B7CDB153C64227D22,3.0,ERRSPEC-T1T3-REV4-2026-09-04,OK,pairs_nam85.csv
board_nam_gt_mod_w10,gt_mod,nam,10,0.018317779366049305,0.09765427181929942,21.751857476924997,0.022901162424828123,-4.801831907827644,9006176,0,9007200,9007200,56E6FB4938126C3E72F41035617F0E75,3AB1381FD551B60B7CDB153C64227D22,2.2,ERRSPEC-T1T3-REV4-2026-09-04,OK,pairs_nam85.csv
board_nam_gt_mod_w11,gt_mod,nam,11,0.020833402041631637,0.13418986709083067,21.114601665831852,0.026926471402063848,-9.82441276254649,9006176,0,9007200,9007200,62A38A80FB1B7CF17587393FFD135277,3AB1381FD551B60B7CDB153C64227D22,4.6,ERRSPEC-T1T3-REV4-2026-09-04,OK,pairs_nam85.csv
board_nam_gt_mod_w12,gt_mod,nam,12,0.019606934963643494,0.2002885155217681,21.906649428314005,0.03650516306850795,-14.842364755465436,9006176,0,9007200,9007200,1203DDB34AA2DE9C144DBCE38D9B8087,3AB1381FD551B60B7CDB153C64227D22,2.2,ERRSPEC-T1T3-REV4-2026-09-04,OK,pairs_nam85.csv
board_nam_gt_mod_w13,gt_mod,nam,13,0.021178899899278545,0.07293263477941855,21.29650473678682,0.03273643277479768,-20.639225863582663,9006176,0,9007200,9007200,79465593C2E354979E4AD33DDC9236D5,3AB1381FD551B60B7CDB153C64227D22,3.9,ERRSPEC-T1T3-REV4-2026-09-04,OK,pairs_nam85.csv
board_nam_gt_mod_w14,gt_mod,nam,14,0.029616710164737835,0.12298456548152949,19.398339470051415,0.04036544471900071,-27.676985998378047,9006176,0,9007200,9007200,E79F252C58F177E566D698F6254E8EB1,3AB1381FD551B60B7CDB153C64227D22,2.7,ERRSPEC-T1T3-REV4-2026-09-04,OK,pairs_nam85.csv
board_nam_gt_mod_w15,gt_mod,nam,15,0.029940023726375248,0.03693157109512387,19.564716014498835,0.04788297243464809,-33.60200330926972,9006176,0,9007200,9007200,548D32CCD0849FF11E770D9FA21CB51E,3AB1381FD551B60B7CDB153C64227D22,2.6,ERRSPEC-T1T3-REV4-2026-09-04,OK,pairs_nam85.csv
board_nam_gt_mod_w16,gt_mod,nam,16,0.037575071340914055,0.09165605740436021,18.235755108004593,0.0548396108247698,-40.383604447189256,9006176,0,9007200,9007200,5606CC8A62FB053032AFD8C07F4453E7,3AB1381FD551B60B7CDB153C64227D22,4.5,ERRSPEC-T1T3-REV4-2026-09-04,OK,pairs_nam85.csv
board_nam_gt_mod_w17,gt_mod,nam,17,0.05707297724689047,0.1957112117804793,15.695387578965601,0.06853541369743166,-45.87924385704288,9006176,0,9007200,9007200,7854E0C4BEB257C9CDC32C2F908F8791,3AB1381FD551B60B7CDB153C64227D22,2.2,ERRSPEC-T1T3-REV4-2026-09-04,OK,pairs_nam85.csv
board_nam_gt_mod_w18,gt_mod,nam,18,0.05231374778383194,0.026308196519052293,16.21207032341905,0.0722939399131205,-52.63514222189299,9006176,0,9007200,9007200,625A967B26772CD9D1DF763BDAFFA206,3AB1381FD551B60B7CDB153C64227D22,2.6,ERRSPEC-T1T3-REV4-2026-09-04,OK,pairs_nam85.csv
board_nam_gt_mod_w19,gt_mod,nam,19,0.06848954651012625,0.013468409533778404,14.59696764430946,0.08708775619595331,-58.29176077901516,9006176,0,9007200,9007200,914E43BC9661BAC04C5C6DC400CF9884,3AB1381FD551B60B7CDB153C64227D22,4.4,ERRSPEC-T1T3-REV4-2026-09-04,OK,pairs_nam85.csv
board_nam_gt_mod_w20,gt_mod,nam,20,0.09590081302534438,0.0422079248115168,12.484228723980559,0.09909106718035385,-62.3885671795926,9006176,0,9007200,9007200,ACF8A4EC89410CC78A862E8519D24E2F,3AB1381FD551B60B7CDB153C64227D22,2.1,ERRSPEC-T1T3-REV4-2026-09-04,OK,pairs_nam85.csv
board_nam_gt_mod_w21,gt_mod,nam,21,0.13026547923893084,0.03202699491208012,10.717087814672528,0.11410766192607177,-67.82946250439024,9006176,0,9007200,9007200,075FAC7FD15C286837D64FF669099877,3AB1381FD551B60B7CDB153C64227D22,4.7,ERRSPEC-T1T3-REV4-2026-09-04,OK,pairs_nam85.csv
board_nam_gt_mod_w22,gt_mod,nam,22,0.43938438182930156,0.024503817311115388,2.6236347282171013,0.31348396622366426,-77.9314257010045,9006176,0,9007200,9007200,3957A9F7F8EE9A23428A15CCA0EFDAE6,3AB1381FD551B60B7CDB153C64227D22,3.0,ERRSPEC-T1T3-REV4-2026-09-04,OK,pairs_nam85.csv
board_nam_gt_mod_w23,gt_mod,nam,23,0.3793927730471675,0.02643541517309563,3.979612740996882,0.2636708810165569,-77.66457308029312,9006176,0,9007200,9007200,32A6C696E83F35A1EB87285DB3EF2D21,3AB1381FD551B60B7CDB153C64227D22,2.2,ERRSPEC-T1T3-REV4-2026-09-04,OK,pairs_nam85.csv
board_nam_gt_mod_w24,gt_mod,nam,24,0.4073809135501,0.010094320369384747,3.344700310974671,0.28020794549089834,-77.54833695636937,9006176,0,9007200,9007200,F0676649C32174D92D52939303270271,3AB1381FD551B60B7CDB153C64227D22,3.4,ERRSPEC-T1T3-REV4-2026-09-04,OK,pairs_nam85.csv
board_gtr2_gt_mod_w8,gt_mod,gtr2,8,0.0699899351116097,0.05249770850131435,9.00442835820536,0.09539956068828515,-3.3890535170700815,21102176,0,21103200,21103200,D299616B1CCF96BE8E70EC844093EA17,D9A3236852C137B10112642C2FF6613E,6.1,ERRSPEC-T1T3-REV4-2026-09-04,OK,pairs_music340.csv
board_gtr2_gt_mod_w9,gt_mod,gtr2,9,0.013561255316505932,0.07099028207530211,23.261678365565587,0.09311015929449432,-3.9767447495924593,21102176,0,21103200,21103200,7F149EEBA5EB27FB63E8594A200C39D0,D9A3236852C137B10112642C2FF6613E,5.9,ERRSPEC-T1T3-REV4-2026-09-04,OK,pairs_music340.csv
board_gtr2_gt_mod_w10,gt_mod,gtr2,10,0.018726629309555844,0.07088726731844619,21.17650331883962,0.13873005755137444,-7.683992639607034,21102176,0,21103200,21103200,D3D0833F2924015E614EE83E824D29C5,D9A3236852C137B10112642C2FF6613E,8.1,ERRSPEC-T1T3-REV4-2026-09-04,OK,pairs_music340.csv
board_gtr2_gt_mod_w11,gt_mod,gtr2,11,0.018798059375095513,0.038101252689429085,21.33133833101641,0.17607210811139462,-12.206933330412745,21102176,0,21103200,21103200,0DBFD2E66DC9029F2DF66F50CDD4B7D9,D9A3236852C137B10112642C2FF6613E,5.9,ERRSPEC-T1T3-REV4-2026-09-04,OK,pairs_music340.csv
board_gtr2_gt_mod_w12,gt_mod,gtr2,12,0.014788486432910579,0.09183314901888692,22.985398209233836,0.1946068903355315,-18.592729369710256,21102176,0,21103200,21103200,1F99CF8B690509A6DE974830394A604D,D9A3236852C137B10112642C2FF6613E,6.9,ERRSPEC-T1T3-REV4-2026-09-04,OK,pairs_music340.csv
board_gtr2_gt_mod_w13,gt_mod,gtr2,13,0.0203623933729196,0.006645117739819154,21.49941058856992,0.2492981965407885,-23.735550165043286,21102176,0,21103200,21103200,669A893F159272AF3451394D84DCCF3D,D9A3236852C137B10112642C2FF6613E,5.1,ERRSPEC-T1T3-REV4-2026-09-04,OK,pairs_music340.csv
board_gtr2_gt_mod_w14,gt_mod,gtr2,14,0.0236402564880963,0.028859014744484376,20.644412791403205,0.230409887973661,-30.85387740875334,21102176,0,21103200,21103200,0C5AEBF531571EE389467D3A083E7812,D9A3236852C137B10112642C2FF6613E,7.7,ERRSPEC-T1T3-REV4-2026-09-04,OK,pairs_music340.csv
board_gtr2_gt_mod_w15,gt_mod,gtr2,15,0.02332993095014033,0.0583754546220104,20.75209779819214,0.1909954493961426,-36.82461501393564,21102176,0,21103200,21103200,181322C2634D1E78F84FFEBBD4DCCD3A,D9A3236852C137B10112642C2FF6613E,9.4,ERRSPEC-T1T3-REV4-2026-09-04,OK,pairs_music340.csv
board_gtr2_gt_mod_w16,gt_mod,gtr2,16,0.024496051065785465,0.013767021506536116,20.470735115785544,0.1744104933282122,-43.47711444699066,21102176,0,21103200,21103200,544FF9EEEE39C81AD0077C04BB38A833,D9A3236852C137B10112642C2FF6613E,5.1,ERRSPEC-T1T3-REV4-2026-09-04,OK,pairs_music340.csv
board_gtr2_gt_mod_w17,gt_mod,gtr2,17,0.029060060465363583,0.03231433774551473,19.380856564814664,0.14946358895023154,-49.39373264359727,21102176,0,21103200,21103200,FBDB4AB9D5AF15D07A536BCD1B7C4F0F,D9A3236852C137B10112642C2FF6613E,8.5,ERRSPEC-T1T3-REV4-2026-09-04,OK,pairs_music340.csv
board_gtr2_gt_mod_w18,gt_mod,gtr2,18,0.03875559949220992,0.04298801250914007,17.826032421670707,0.15532208287747767,-56.42700531727983,21102176,0,21103200,21103200,60B9E8AB0280BFD2C5D76A2C131C2EAD,D9A3236852C137B10112642C2FF6613E,7.0,ERRSPEC-T1T3-REV4-2026-09-04,OK,pairs_music340.csv
board_gtr2_gt_mod_w19,gt_mod,gtr2,19,0.0538608535607197,0.00718474904372198,15.936481102906715,0.14245122335996985,-64.23518029065616,21102176,0,21103200,21103200,DB04287CD9E5A6C548DFB4C7E5035DD4,D9A3236852C137B10112642C2FF6613E,5.2,ERRSPEC-T1T3-REV4-2026-09-04,OK,pairs_music340.csv
board_gtr2_gt_mod_w20,gt_mod,gtr2,20,0.07506814704063879,0.018964092006582847,13.639473686758175,0.1197042417336663,-69.20937383234377,21102176,0,21103200,21103200,467290C6864A74AF0A544386904C2E53,D9A3236852C137B10112642C2FF6613E,9.5,ERRSPEC-T1T3-REV4-2026-09-04,OK,pairs_music340.csv
board_gtr2_gt_mod_w21,gt_mod,gtr2,21,0.11507567438377496,0.01871104512691302,11.20387130766899,0.12922907572053866,-76.09019667233648,21102176,0,21103200,21103200,99AB2CB2B98BDEBD4BDFDC4F28EA2EEE,D9A3236852C137B10112642C2FF6613E,5.2,ERRSPEC-T1T3-REV4-2026-09-04,OK,pairs_music340.csv
board_gtr2_gt_mod_w22,gt_mod,gtr2,22,0.4340048675026212,0.02560949989558796,2.31760570500823,0.2987753334077754,-85.54693928238174,21102176,0,21103200,21103200,EFD79CB600DFB7479498C5CDC1DC4A68,D9A3236852C137B10112642C2FF6613E,5.7,ERRSPEC-T1T3-REV4-2026-09-04,OK,pairs_music340.csv
board_gtr2_gt_mod_w23,gt_mod,gtr2,23,0.37517528361801084,0.025023818408987836,3.8438522748470225,0.25829004461179317,-85.34280748016243,21102176,0,21103200,21103200,F4C49176B413F5E653051A5EF4E82429,D9A3236852C137B10112642C2FF6613E,5.9,ERRSPEC-T1T3-REV4-2026-09-04,OK,pairs_music340.csv
board_gtr2_gt_mod_w24,gt_mod,gtr2,24,0.41504273024468763,0.016121417004952825,2.963161230838165,0.2850071140582413,-85.63231156952713,21102176,0,21103200,21103200,63F93B43C3A81038356D28F2313F8731,D9A3236852C137B10112642C2FF6613E,8.3,ERRSPEC-T1T3-REV4-2026-09-04,OK,pairs_music340.csv
board_gtr4sg_gt_mod_w8,gt_mod,gtr4sg,8,0.05989656168087017,0.04493558089202835,12.719168790644531,0.07281011486887354,-0.2010213623595689,17502176,0,17503200,17503200,886C1BEDAF5B873452F387A2EA159430,3DD318BE0D1CDA5A5C2AD8A30C9B126C,6.7,ERRSPEC-T1T3-REV4-2026-09-04,OK,pairs_music340.csv
board_gtr4sg_gt_mod_w9,gt_mod,gtr4sg,9,0.013828880786148105,0.056967773221038576,23.6577425406987,0.05977056966716701,-4.791231678086156,17502176,0,17503200,17503200,58886B9163A6E1D476C69912438927A1,3DD318BE0D1CDA5A5C2AD8A30C9B126C,4.9,ERRSPEC-T1T3-REV4-2026-09-04,OK,pairs_music340.csv
board_gtr4sg_gt_mod_w10,gt_mod,gtr4sg,10,0.019051967907331338,0.07848241012560833,21.656634172923383,0.07336493717915113,-8.848112533005185,17502176,0,17503200,17503200,34A14BBFE5279E56609735D5634146CD,3DD318BE0D1CDA5A5C2AD8A30C9B126C,5.6,ERRSPEC-T1T3-REV4-2026-09-04,OK,pairs_music340.csv
board_gtr4sg_gt_mod_w11,gt_mod,gtr4sg,11,0.021700739576464435,0.052597852619524224,21.125094020626754,0.08901350774110266,-15.936716994573139,17502176,0,17503200,17503200,8599983A77993EC8D6A8889237F114C9,3DD318BE0D1CDA5A5C2AD8A30C9B126C,6.7,ERRSPEC-T1T3-REV4-2026-09-04,OK,pairs_music340.csv
board_gtr4sg_gt_mod_w12,gt_mod,gtr4sg,12,0.019794283251836423,0.1186716671723287,21.83349712690623,0.09551255300593416,-20.959015743580956,17502176,0,17503200,17503200,1305FD62127A025552348D01C681207B,3DD318BE0D1CDA5A5C2AD8A30C9B126C,4.2,ERRSPEC-T1T3-REV4-2026-09-04,OK,pairs_music340.csv
board_gtr4sg_gt_mod_w13,gt_mod,gtr4sg,13,0.024991217495726106,0.006150934240386104,20.614418351977438,0.12332158314196755,-28.659219113488057,17502176,0,17503200,17503200,8304921F5B634F2F359662A157AA931D,3DD318BE0D1CDA5A5C2AD8A30C9B126C,4.9,ERRSPEC-T1T3-REV4-2026-09-04,OK,pairs_music340.csv
board_gtr4sg_gt_mod_w14,gt_mod,gtr4sg,14,0.030628825974063554,0.03398996885263839,19.451661728023563,0.13382756006765587,-35.92235617777256,17502176,0,17503200,17503200,65BD98C33F3BE1ED82D83AC5E3B38B3A,3DD318BE0D1CDA5A5C2AD8A30C9B126C,5.3,ERRSPEC-T1T3-REV4-2026-09-04,OK,pairs_music340.csv
board_gtr4sg_gt_mod_w15,gt_mod,gtr4sg,15,0.03215840973882423,0.08297006065411809,19.32168231281652,0.13684756074588472,-42.11266912147259,17502176,0,17503200,17503200,20779688D028128FC3B2813F741BEBEB,3DD318BE0D1CDA5A5C2AD8A30C9B126C,5.2,ERRSPEC-T1T3-REV4-2026-09-04,OK,pairs_music340.csv
board_gtr4sg_gt_mod_w16,gt_mod,gtr4sg,16,0.033813453526594046,0.02246331988587797,18.97051449616764,0.13914607430742326,-48.74815560090273,17502176,0,17503200,17503200,2086ACEFAD0E94B180817D2F7E34CB14,3DD318BE0D1CDA5A5C2AD8A30C9B126C,5.2,ERRSPEC-T1T3-REV4-2026-09-04,OK,pairs_music340.csv
board_gtr4sg_gt_mod_w17,gt_mod,gtr4sg,17,0.03162137633734447,0.04426746323337172,19.130501481148073,0.12021790197694554,-53.17043945741961,17502176,0,17503200,17503200,D21C70D1C4AF41DF3F26158FC0E2A798,3DD318BE0D1CDA5A5C2AD8A30C9B126C,4.8,ERRSPEC-T1T3-REV4-2026-09-04,OK,pairs_music340.csv
board_gtr4sg_gt_mod_w18,gt_mod,gtr4sg,18,0.03938430009402391,0.05608853748391628,18.016375615401465,0.13047063571077164,-59.34918255773416,17502176,0,17503200,17503200,4D23D4B26ED14267BAEB4835444B5866,3DD318BE0D1CDA5A5C2AD8A30C9B126C,7.7,ERRSPEC-T1T3-REV4-2026-09-04,OK,pairs_music340.csv
board_gtr4sg_gt_mod_w19,gt_mod,gtr4sg,19,0.05029695679008255,0.009213601836595454,16.59903617671914,0.13786872480362528,-66.56530043570783,17502176,0,17503200,17503200,7AAD0EFF9E737556BEDD91F430FBA9F1,3DD318BE0D1CDA5A5C2AD8A30C9B126C,6.5,ERRSPEC-T1T3-REV4-2026-09-04,OK,pairs_music340.csv
board_gtr4sg_gt_mod_w20,gt_mod,gtr4sg,20,0.06689169491712872,0.02560971770212275,14.597678997897376,0.12549001521997413,-70.5978363298209,17502176,0,17503200,17503200,326A45F9FAD86AFFEA8CB5703D55EDDF,3DD318BE0D1CDA5A5C2AD8A30C9B126C,5.9,ERRSPEC-T1T3-REV4-2026-09-04,OK,pairs_music340.csv
board_gtr4sg_gt_mod_w21,gt_mod,gtr4sg,21,0.10460387967293058,0.026469693239971222,12.004798892883848,0.12663050320944594,-76.77410542285907,17502176,0,17503200,17503200,0F5C3C02DD6D07C44482B0D6D397CA29,3DD318BE0D1CDA5A5C2AD8A30C9B126C,5.9,ERRSPEC-T1T3-REV4-2026-09-04,OK,pairs_music340.csv
board_gtr4sg_gt_mod_w22,gt_mod,gtr4sg,22,0.4304093264205604,0.03447810165572352,2.5738388033300073,0.29918242548909,-86.7660569522753,17502176,0,17503200,17503200,D28F4734DCB8F4DCE463839FD0F98B63,3DD318BE0D1CDA5A5C2AD8A30C9B126C,5.4,ERRSPEC-T1T3-REV4-2026-09-04,OK,pairs_music340.csv
board_gtr4sg_gt_mod_w23,gt_mod,gtr4sg,23,0.35622027788416094,0.03311340543791681,4.416676121491055,0.24530487384129102,-86.41176328829565,17502176,0,17503200,17503200,329DF05244E28D9C3A65E7A8DE98DA50,3DD318BE0D1CDA5A5C2AD8A30C9B126C,7.4,ERRSPEC-T1T3-REV4-2026-09-04,OK,pairs_music340.csv
board_gtr4sg_gt_mod_w24,gt_mod,gtr4sg,24,0.40267058100892217,0.019683208316854096,3.38691439973054,0.27760520614048734,-86.66332904234957,17502176,0,17503200,17503200,F1EEDCBC16C6CBB2BF953F5123DC8867,3DD318BE0D1CDA5A5C2AD8A30C9B126C,4.2,ERRSPEC-T1T3-REV4-2026-09-04,OK,pairs_music340.csv
board_prvtgtr_gt_mod_w8,gt_mod,prvtgtr,8,0.049881985584835004,0.039470906826087254,12.722131310488933,0.03108434110542267,4.206047648477032,15150176,0,15151200,15151200,45E860A3400BDAB35495BE0A815E9DC2,4AE2DD3F71D457158E3B917B30938C81,3.5,ERRSPEC-T1T3-REV4-2026-09-04,OK,pairs_music340.csv
board_prvtgtr_gt_mod_w9,gt_mod,prvtgtr,9,0.013166193997308518,0.06781110941753717,23.219528409435355,0.023559885557553718,-0.16539367879424915,15150176,0,15151200,15151200,C01EAC5B2CB8A04A657B13BA8452F65C,4AE2DD3F71D457158E3B917B30938C81,4.0,ERRSPEC-T1T3-REV4-2026-09-04,OK,pairs_music340.csv
board_prvtgtr_gt_mod_w10,gt_mod,prvtgtr,10,0.01457320779594156,0.09314445721733784,23.168741567886805,0.024186245398691648,-9.187254970318381,15150176,0,15151200,15151200,585DEBA8D317A9C576CCEC1D1777A386,4AE2DD3F71D457158E3B917B30938C81,6.9,ERRSPEC-T1T3-REV4-2026-09-04,OK,pairs_music340.csv
board_prvtgtr_gt_mod_w11,gt_mod,prvtgtr,11,0.015191973985002388,0.07633844084701795,22.959291811809997,0.02668813530360197,-13.526135331663504,15150176,0,15151200,15151200,C4A33ACDD880B6DA1E4B14D8A36AE39B,4AE2DD3F71D457158E3B917B30938C81,5.5,ERRSPEC-T1T3-REV4-2026-09-04,OK,pairs_music340.csv
board_prvtgtr_gt_mod_w12,gt_mod,prvtgtr,12,0.016171623094367562,0.1555394171870296,22.72865335513201,0.04224359515667795,-20.16991530072056,15150176,0,15151200,15151200,6150A3984C326941FE3FF1839759970E,4AE2DD3F71D457158E3B917B30938C81,7.1,ERRSPEC-T1T3-REV4-2026-09-04,OK,pairs_music340.csv
board_prvtgtr_gt_mod_w13,gt_mod,prvtgtr,13,0.021425464906545153,0.030611156286584146,21.27687122201835,0.042192221570814835,-26.5594208840403,15150176,0,15151200,15151200,9BDB44C5183E699C48F8ABD22AC483AA,4AE2DD3F71D457158E3B917B30938C81,4.3,ERRSPEC-T1T3-REV4-2026-09-04,OK,pairs_music340.csv
board_prvtgtr_gt_mod_w14,gt_mod,prvtgtr,14,0.032656801706454436,0.04097024144919254,18.926162524508563,0.056508273911830914,-34.133423841162994,15150176,0,15151200,15151200,F31318D2C217997DA2AB9B0EAA8991FA,4AE2DD3F71D457158E3B917B30938C81,5.0,ERRSPEC-T1T3-REV4-2026-09-04,OK,pairs_music340.csv
board_prvtgtr_gt_mod_w15,gt_mod,prvtgtr,15,0.04441150377249807,0.1018427427964014,17.30529972957377,0.07927020129113185,-39.17018003569218,15150176,0,15151200,15151200,98C390CD4E355175883BD0335EE7EB47,4AE2DD3F71D457158E3B917B30938C81,5.7,ERRSPEC-T1T3-REV4-2026-09-04,OK,pairs_music340.csv
board_prvtgtr_gt_mod_w16,gt_mod,prvtgtr,16,0.06174619727750446,0.04700505488089006,15.351587448596772,0.09426815402210023,-43.41257052740723,15150176,0,15151200,15151200,964D384F75723ECFE03F46E465AFAB3D,4AE2DD3F71D457158E3B917B30938C81,4.3,ERRSPEC-T1T3-REV4-2026-09-04,OK,pairs_music340.csv
board_prvtgtr_gt_mod_w17,gt_mod,prvtgtr,17,0.055921729818199394,0.0721649773488235,15.616900577289565,0.08060217476089002,-48.40799586124462,15150176,0,15151200,15151200,2FB0496B73AD4B8D525EFB6018A2364C,4AE2DD3F71D457158E3B917B30938C81,4.3,ERRSPEC-T1T3-REV4-2026-09-04,OK,pairs_music340.csv
board_prvtgtr_gt_mod_w18,gt_mod,prvtgtr,18,0.07172440350945203,0.05371746513910606,14.3167957550134,0.09894686668081505,-53.08938355062114,15150176,0,15151200,15151200,540943C3ED4634624F6389D2B9465D8B,4AE2DD3F71D457158E3B917B30938C81,5.9,ERRSPEC-T1T3-REV4-2026-09-04,OK,pairs_music340.csv
board_prvtgtr_gt_mod_w19,gt_mod,prvtgtr,19,0.08796415786575729,0.018757949100677605,13.122283739512213,0.10982581951484886,-58.50920276870148,15150176,0,15151200,15151200,9347549BF807D629E91457EDBB0F147C,4AE2DD3F71D457158E3B917B30938C81,5.0,ERRSPEC-T1T3-REV4-2026-09-04,OK,pairs_music340.csv
board_prvtgtr_gt_mod_w20,gt_mod,prvtgtr,20,0.09745729646712264,0.036027809345852355,12.215815465776977,0.09911922060927857,-62.94381951609956,15150176,0,15151200,15151200,F9DC44F811BF9D8C563508D3959B16F5,4AE2DD3F71D457158E3B917B30938C81,4.5,ERRSPEC-T1T3-REV4-2026-09-04,OK,pairs_music340.csv
board_prvtgtr_gt_mod_w21,gt_mod,prvtgtr,21,0.12915752557930374,0.04006891109362031,10.723416224759443,0.10481262921099624,-66.96184186174415,15150176,0,15151200,15151200,9B7D5AA219827A03CBDEE0E5798A54F2,4AE2DD3F71D457158E3B917B30938C81,6.6,ERRSPEC-T1T3-REV4-2026-09-04,OK,pairs_music340.csv
board_prvtgtr_gt_mod_w22,gt_mod,prvtgtr,22,0.44214167162246876,0.041990748678636745,2.5038991745811767,0.3147214707035168,-76.46061039231353,15150176,0,15151200,15151200,E154B9F54DF4D15545C1923EFB0F728F,4AE2DD3F71D457158E3B917B30938C81,5.0,ERRSPEC-T1T3-REV4-2026-09-04,OK,pairs_music340.csv
board_prvtgtr_gt_mod_w23,gt_mod,prvtgtr,23,0.3493750130484948,0.03569532518439009,4.715780012774609,0.23671718967278046,-76.51224774556727,15150176,0,15151200,15151200,CD36604C6FC27D9D4EDEBA2234432801,4AE2DD3F71D457158E3B917B30938C81,3.9,ERRSPEC-T1T3-REV4-2026-09-04,OK,pairs_music340.csv
board_prvtgtr_gt_mod_w24,gt_mod,prvtgtr,24,0.40365486879979545,0.021390684048671536,3.5018352776553536,0.2719741750017932,-76.59388087200122,15150176,0,15151200,15151200,6BB811DCD33A3F7EAE6007DE396EBDEA,4AE2DD3F71D457158E3B917B30938C81,4.5,ERRSPEC-T1T3-REV4-2026-09-04,OK,pairs_music340.csv
board_ytbass_gt_mod_w8,gt_mod,ytbass,8,0.025046993509571305,0.040989746607982644,13.995390085968353,0.012228751335040382,7.878703413384985,29070176,0,29071200,29071200,7698DFDDCDF945ADBDA22D4ED57A63B5,9126BD5F8C834F848FAB074FD6473AF3,7.9,ERRSPEC-T1T3-REV4-2026-09-04,OK,pairs_music340.csv
board_ytbass_gt_mod_w9,gt_mod,ytbass,9,0.006156906817424665,0.04061653199626508,26.73965231712873,0.007208489905349428,1.6443882211976586,29070176,0,29071200,29071200,D78B36D1138BDD6D944C5D0442A5B0F4,9126BD5F8C834F848FAB074FD6473AF3,7.8,ERRSPEC-T1T3-REV4-2026-09-04,OK,pairs_music340.csv
board_ytbass_gt_mod_w10,gt_mod,ytbass,10,0.00887567965159726,0.044589443203586265,25.271555251523566,0.011250738816926259,-6.8110530343567675,29070176,0,29071200,29071200,D8D4F632A03C29F7458E325F9C066110,9126BD5F8C834F848FAB074FD6473AF3,12.3,ERRSPEC-T1T3-REV4-2026-09-04,OK,pairs_music340.csv
board_ytbass_gt_mod_w11,gt_mod,ytbass,11,0.01013162951899145,0.028592117994766512,24.657508100098365,0.014709283371984678,-11.670558129026837,29070176,0,29071200,29071200,5365113210DAF49F292533C25C8A4B23,9126BD5F8C834F848FAB074FD6473AF3,8.8,ERRSPEC-T1T3-REV4-2026-09-04,OK,pairs_music340.csv
board_ytbass_gt_mod_w12,gt_mod,ytbass,12,0.009141973986409606,0.056391745576314295,25.737593376104048,0.020519134676347753,-17.569343121726043,29070176,0,29071200,29071200,C618EBD9CF6603F8DEBB2851D53F141C,9126BD5F8C834F848FAB074FD6473AF3,8.7,ERRSPEC-T1T3-REV4-2026-09-04,OK,pairs_music340.csv
board_ytbass_gt_mod_w13,gt_mod,ytbass,13,0.01337629322346875,0.007156254402175554,23.6895693065393,0.02867598116385629,-24.909964854565253,29070176,0,29071200,29071200,3DBE3BCBA10B98627068F5190E805EFC,9126BD5F8C834F848FAB074FD6473AF3,8.7,ERRSPEC-T1T3-REV4-2026-09-04,OK,pairs_music340.csv
board_ytbass_gt_mod_w14,gt_mod,ytbass,14,0.018902687600772104,0.006682376523413923,21.86391987801811,0.036047421291340975,-32.83244093475477,29070176,0,29071200,29071200,F9AF548D749EC9693F5DC505663340E0,9126BD5F8C834F848FAB074FD6473AF3,11.3,ERRSPEC-T1T3-REV4-2026-09-04,OK,pairs_music340.csv
board_ytbass_gt_mod_w15,gt_mod,ytbass,15,0.024611326133905258,0.027879984697084068,20.549236038708155,0.04481600857280189,-40.204364296307155,29070176,0,29071200,29071200,2731F3EC206A002D9CA64E561C273CC0,9126BD5F8C834F848FAB074FD6473AF3,7.8,ERRSPEC-T1T3-REV4-2026-09-04,OK,pairs_music340.csv
board_ytbass_gt_mod_w16,gt_mod,ytbass,16,0.034647139555983586,0.010573616378588654,18.56885437243951,0.056040293973353424,-48.18777207232136,29070176,0,29071200,29071200,65E793E0ACD31697B6038673C43430A5,9126BD5F8C834F848FAB074FD6473AF3,11.0,ERRSPEC-T1T3-REV4-2026-09-04,OK,pairs_music340.csv
board_ytbass_gt_mod_w17,gt_mod,ytbass,17,0.03974320324710023,0.01544537598832852,17.850440747660777,0.05835129478721466,-53.14114331530728,29070176,0,29071200,29071200,C7580B83B13B4D7E79618D6C63911A76,9126BD5F8C834F848FAB074FD6473AF3,8.4,ERRSPEC-T1T3-REV4-2026-09-04,OK,pairs_music340.csv
board_ytbass_gt_mod_w18,gt_mod,ytbass,18,0.05346299449317777,0.01708467625172608,16.137678813479884,0.07448584958243283,-60.147136669673124,29070176,0,29071200,29071200,588D749D7E6429EBC9CD2D3E1F469C72,9126BD5F8C834F848FAB074FD6473AF3,12.6,ERRSPEC-T1T3-REV4-2026-09-04,OK,pairs_music340.csv
board_ytbass_gt_mod_w19,gt_mod,ytbass,19,0.06988583389266151,0.002367333375947453,14.551213807163325,0.08634275821368197,-66.49848813963479,29070176,0,29071200,29071200,DBDFA85ACE24AE82C0B024619F5D5672,9126BD5F8C834F848FAB074FD6473AF3,11.8,ERRSPEC-T1T3-REV4-2026-09-04,OK,pairs_music340.csv
board_ytbass_gt_mod_w20,gt_mod,ytbass,20,0.0913553384869388,0.007886502567916813,12.994160665078219,0.0963095915032496,-70.7304277993835,29070176,0,29071200,29071200,EC739AAC05C0379DF48AE12519F957F5,9126BD5F8C834F848FAB074FD6473AF3,8.1,ERRSPEC-T1T3-REV4-2026-09-04,OK,pairs_music340.csv
board_ytbass_gt_mod_w21,gt_mod,ytbass,21,0.12384064419824828,0.011407108885500575,11.284106108780938,0.10696040024468505,-76.80929294633327,29070176,0,29071200,29071200,1D7A647CAD00CFF48DDDA6248A97387C,9126BD5F8C834F848FAB074FD6473AF3,11.9,ERRSPEC-T1T3-REV4-2026-09-04,OK,pairs_music340.csv
board_ytbass_gt_mod_w22,gt_mod,ytbass,22,0.4208321899995866,0.008638726156543809,3.230180844520879,0.29469753342813343,-86.62938260562623,29070176,0,29071200,29071200,22F6A6DA78B67A5DF436800AE33F45EF,9126BD5F8C834F848FAB074FD6473AF3,9.2,ERRSPEC-T1T3-REV4-2026-09-04,OK,pairs_music340.csv
board_ytbass_gt_mod_w23,gt_mod,ytbass,23,0.32895481518336395,0.01503404161633529,5.34156658874876,0.22388681054130205,-85.96501091453757,29070176,0,29071200,29071200,F853CE3C1B6B92E6B1F8CF10314DE407,9126BD5F8C834F848FAB074FD6473AF3,8.5,ERRSPEC-T1T3-REV4-2026-09-04,OK,pairs_music340.csv
board_ytbass_gt_mod_w24,gt_mod,ytbass,24,0.37617004318120956,0.006197550773115993,4.254413264144211,0.25732313709650806,-86.32305962677609,29070176,0,29071200,29071200,4AB1FA16689CC3560AE22874D336448B,9126BD5F8C834F848FAB074FD6473AF3,8.1,ERRSPEC-T1T3-REV4-2026-09-04,OK,pairs_music340.csv
board_nam_fl_max_w8,fl_max,nam,8,0.07833617715051348,0.8809665417738327,14.27257074804422,0.14527872743163048,0.7637896691734305,9006176,0,9007200,9007200,31B291E7642C4112CD1EFC1E53A08860,460E8C7C172094A6B15E38FC22F94059,2.2,ERRSPEC-T1T3-REV4-2026-09-04,OK,pairs_nam85.csv
board_nam_fl_max_w9,fl_max,nam,9,0.08454368366387528,0.9138395410532691,13.710570802676719,0.1542752190836698,-0.0035867877984649965,9006176,0,9007200,9007200,223ACB7F6D9BE9503258E01FC2A3582D,460E8C7C172094A6B15E38FC22F94059,3.0,ERRSPEC-T1T3-REV4-2026-09-04,OK,pairs_nam85.csv
board_nam_fl_max_w10,fl_max,nam,10,0.08162960763404098,0.8597537834927163,13.94257399852397,0.15037053831661912,0.14777697990294136,9006176,0,9007200,9007200,9C295820E59895C00EDAEAEFABFDAC7E,460E8C7C172094A6B15E38FC22F94059,2.2,ERRSPEC-T1T3-REV4-2026-09-04,OK,pairs_nam85.csv
board_nam_fl_max_w11,fl_max,nam,11,0.07770088505286601,0.8535498855365323,14.136353237701034,0.15021088461796095,0.2161067778873509,9006176,0,9007200,9007200,96C42AA7AB5A10457C5DDE91DA72A5F0,460E8C7C172094A6B15E38FC22F94059,2.7,ERRSPEC-T1T3-REV4-2026-09-04,OK,pairs_nam85.csv
board_nam_fl_max_w12,fl_max,nam,12,0.06954223817490876,0.8014540696686849,14.617297111264616,0.14812393203130064,-0.015546676981045948,9006176,0,9007200,9007200,01E652C77798F573315981E717827534,460E8C7C172094A6B15E38FC22F94059,2.8,ERRSPEC-T1T3-REV4-2026-09-04,OK,pairs_nam85.csv
board_nam_fl_max_w13,fl_max,nam,13,0.06297904156032179,0.6536112087985847,14.95381415733969,0.1440093448234259,-0.21180362791832863,9006176,0,9007200,9007200,0A0A9BD3FFD891C0C57F5908F67D6350,460E8C7C172094A6B15E38FC22F94059,2.1,ERRSPEC-T1T3-REV4-2026-09-04,OK,pairs_nam85.csv
board_nam_fl_max_w14,fl_max,nam,14,0.5391627144131663,0.009746180755726745,0.9950416606242419,0.48349923084619445,-20.68054110984969,9006176,0,9007200,9007200,B6C4689D775ADC6FA6E9CFC4F3B0C42A,460E8C7C172094A6B15E38FC22F94059,2.2,ERRSPEC-T1T3-REV4-2026-09-04,OK,pairs_nam85.csv
board_nam_fl_max_w15,fl_max,nam,15,0.6698983239262635,0.0012331276556392227,-1.2741248898067803,0.5636801643552153,-27.691974514191966,9006176,0,9007200,9007200,AEEA5972E0C63541B1A1DD84E3FCBCCA,460E8C7C172094A6B15E38FC22F94059,3.0,ERRSPEC-T1T3-REV4-2026-09-04,OK,pairs_nam85.csv
board_nam_fl_max_w16,fl_max,nam,16,0.6986714945404089,0.002993108887559397,-2.445048322490902,0.6010667082678068,-34.74613886765452,9006176,0,9007200,9007200,FF651E893C252FE818EDAD3217B5139F,460E8C7C172094A6B15E38FC22F94059,3.7,ERRSPEC-T1T3-REV4-2026-09-04,OK,pairs_nam85.csv
board_nam_fl_max_w17,fl_max,nam,17,0.6821042418122695,0.0011558326073653352,-6.986317889331755,0.7724319538521902,-39.9413983694552,9006176,0,9007200,9007200,68E268CDBEC178AAEFFBA232BF79F92E,460E8C7C172094A6B15E38FC22F94059,2.6,ERRSPEC-T1T3-REV4-2026-09-04,OK,pairs_nam85.csv
board_nam_fl_max_w18,fl_max,nam,18,0.4600890662145351,0.0006458186224459035,-9.801560646441398,0.8557516934777453,-42.58660640214276,9006176,0,9007200,9007200,F85F49B58535DBA35F1EC82ABAC8312B,460E8C7C172094A6B15E38FC22F94059,2.2,ERRSPEC-T1T3-REV4-2026-09-04,OK,pairs_nam85.csv
board_nam_fl_max_w19,fl_max,nam,19,0.44461193621444345,0.0008966860673087214,-12.275655213551113,0.8857835309682355,-47.112536915477335,9006176,0,9007200,9007200,4B084CBCE972EA3F72901707CE907044,460E8C7C172094A6B15E38FC22F94059,4.3,ERRSPEC-T1T3-REV4-2026-09-04,OK,pairs_nam85.csv
board_nam_fl_max_w20,fl_max,nam,20,0.23220959651481085,0.0007587180279755309,-12.949251747893358,0.9053189501257012,-47.20830200659918,9006176,0,9007200,9007200,105769BA11897F267A4CFD59995B28C1,460E8C7C172094A6B15E38FC22F94059,3.4,ERRSPEC-T1T3-REV4-2026-09-04,OK,pairs_nam85.csv
board_nam_fl_max_w21,fl_max,nam,21,0.17739504519878563,0.0005670084811378773,-15.219903898647162,0.9386196569321702,-47.81936063136776,9006176,0,9007200,9007200,9DA120A749091CC83FDDBF20DE252AFD,460E8C7C172094A6B15E38FC22F94059,2.8,ERRSPEC-T1T3-REV4-2026-09-04,OK,pairs_nam85.csv
board_nam_fl_max_w22,fl_max,nam,22,0.1576819280598626,0.0006914095987544045,-16.76050550741268,0.9570303913298275,-48.19824591304132,9006176,0,9007200,9007200,9461C92D2E67582F3084815AACCC6A3C,460E8C7C172094A6B15E38FC22F94059,2.2,ERRSPEC-T1T3-REV4-2026-09-04,OK,pairs_nam85.csv
board_nam_fl_max_w23,fl_max,nam,23,0.10558709701836776,0.00040006799219186766,-15.855706988898621,0.9494297741637836,-47.37650414179889,9006176,0,9007200,9007200,5E1EFCB16175D6B7075827AD27015706,460E8C7C172094A6B15E38FC22F94059,3.3,ERRSPEC-T1T3-REV4-2026-09-04,OK,pairs_nam85.csv
board_nam_fl_max_w24,fl_max,nam,24,0.1832306484110571,0.00039178788176659214,-14.612633604651544,0.9252606832212812,-50.177426426359006,9006176,0,9007200,9007200,B2FFBC8F781D64D470D41DD143664115,460E8C7C172094A6B15E38FC22F94059,4.0,ERRSPEC-T1T3-REV4-2026-09-04,OK,pairs_nam85.csv
board_gtr2_fl_max_w8,fl_max,gtr2,8,0.05469401315180772,0.8551831550459716,13.790695152377987,0.13496489346007726,1.495175240776108,21102176,0,21103200,21103200,A9E47A8AD63CA985A3FC651199D81F92,EFED8495621258971C41E1A03D26EAA2,5.8,ERRSPEC-T1T3-REV4-2026-09-04,OK,pairs_music340.csv
board_gtr2_fl_max_w9,fl_max,gtr2,9,0.05856896096612726,0.924629244825904,13.105750155323348,0.1512661861794449,0.3374107344265944,21102176,0,21103200,21103200,B7DA3E23D541F2AC25D10F113C397F3E,EFED8495621258971C41E1A03D26EAA2,7.0,ERRSPEC-T1T3-REV4-2026-09-04,OK,pairs_music340.csv
board_gtr2_fl_max_w10,fl_max,gtr2,10,0.05523986388695478,0.9723839735791783,13.358826364884088,0.14795594724736624,0.9202387199289515,21102176,0,21103200,21103200,C258316456E187563BBC260E135ED47F,EFED8495621258971C41E1A03D26EAA2,5.9,ERRSPEC-T1T3-REV4-2026-09-04,OK,pairs_music340.csv
board_gtr2_fl_max_w11,fl_max,gtr2,11,0.05504572953611775,0.9868728532460241,13.36098382635124,0.1485153577231678,0.570147683130461,21102176,0,21103200,21103200,615173973BA650FED88DCE270DC10DC6,EFED8495621258971C41E1A03D26EAA2,7.3,ERRSPEC-T1T3-REV4-2026-09-04,OK,pairs_music340.csv
board_gtr2_fl_max_w12,fl_max,gtr2,12,0.05529926666679018,0.9836129598344853,13.310972717433502,0.148287019229741,0.017396845215687406,21102176,0,21103200,21103200,6EC72F6C5A541253F0D262D3D49E63CA,EFED8495621258971C41E1A03D26EAA2,5.7,ERRSPEC-T1T3-REV4-2026-09-04,OK,pairs_music340.csv
board_gtr2_fl_max_w13,fl_max,gtr2,13,0.44374791916308115,0.11392934533542406,-0.07919480247259782,0.522452134664926,-11.522219034664495,21102176,0,21103200,21103200,4E6AA39F9A7074CB01113421C2142C48,EFED8495621258971C41E1A03D26EAA2,6.5,ERRSPEC-T1T3-REV4-2026-09-04,OK,pairs_music340.csv
board_gtr2_fl_max_w14,fl_max,gtr2,14,0.6529519175692253,0.0166106294379316,-3.0230065717076315,0.6137813209532583,-20.599519693551535,21102176,0,21103200,21103200,175679EE9B5E6800DFC6A6DE158E8E8B,EFED8495621258971C41E1A03D26EAA2,9.8,ERRSPEC-T1T3-REV4-2026-09-04,OK,pairs_music340.csv
board_gtr2_fl_max_w15,fl_max,gtr2,15,0.7569526518726342,0.004416571500911669,-3.0344428527322043,0.6976394529562534,-27.70675078515886,21102176,0,21103200,21103200,AAC75E8B8F25C6D0D0C45CB22F1B03E6,EFED8495621258971C41E1A03D26EAA2,6.6,ERRSPEC-T1T3-REV4-2026-09-04,OK,pairs_music340.csv
board_gtr2_fl_max_w16,fl_max,gtr2,16,0.7703770510267488,0.007323839764663992,-3.6025828073696924,0.7614322780106534,-34.388090467565064,21102176,0,21103200,21103200,AD6121424600C9274B4C589CBCF73753,EFED8495621258971C41E1A03D26EAA2,7.9,ERRSPEC-T1T3-REV4-2026-09-04,OK,pairs_music340.csv
board_gtr2_fl_max_w17,fl_max,gtr2,17,0.7892974972168957,0.0024115751775725955,-5.757838594863408,0.8126635038017082,-41.039445730658805,21102176,0,21103200,21103200,9D5EDDDEEE1C8F0B15D39303CD807714,EFED8495621258971C41E1A03D26EAA2,5.3,ERRSPEC-T1T3-REV4-2026-09-04,OK,pairs_music340.csv
board_gtr2_fl_max_w18,fl_max,gtr2,18,0.849452339752398,0.0016561578733587164,-6.761517326461539,0.8101406684678605,-47.973139273336216,21102176,0,21103200,21103200,50020EB4E126768622FE205317E8B2EE,EFED8495621258971C41E1A03D26EAA2,5.8,ERRSPEC-T1T3-REV4-2026-09-04,OK,pairs_music340.csv
board_gtr2_fl_max_w19,fl_max,gtr2,19,0.9036329302267421,0.002296389165376232,-9.127605723923203,0.8468048366956492,-55.36619133650881,21102176,0,21103200,21103200,2C6203C1B1A3788BB4AA1629DE819251,EFED8495621258971C41E1A03D26EAA2,8.4,ERRSPEC-T1T3-REV4-2026-09-04,OK,pairs_music340.csv
board_gtr2_fl_max_w20,fl_max,gtr2,20,0.9165197975535215,0.002372285496935865,-9.948500170822934,0.8377625700819925,-61.55889381036459,21102176,0,21103200,21103200,C3EE520C16453FD71FFB23B220269FFE,EFED8495621258971C41E1A03D26EAA2,6.1,ERRSPEC-T1T3-REV4-2026-09-04,OK,pairs_music340.csv
board_gtr2_fl_max_w21,fl_max,gtr2,21,0.7429338384596358,0.0030821966984771925,-11.978389726199673,0.8910965667268578,-63.98138677814456,21102176,0,21103200,21103200,56E305F6FCBFB16C4FA3E8FB51655508,EFED8495621258971C41E1A03D26EAA2,8.3,ERRSPEC-T1T3-REV4-2026-09-04,OK,pairs_music340.csv
board_gtr2_fl_max_w22,fl_max,gtr2,22,0.9109753939989556,0.010330604102765146,-9.184534344057646,0.8075663927464216,-72.3343791313479,21102176,0,21103200,21103200,6FF46D57777A32B35249AC24351C8389,EFED8495621258971C41E1A03D26EAA2,8.0,ERRSPEC-T1T3-REV4-2026-09-04,OK,pairs_music340.csv
board_gtr2_fl_max_w23,fl_max,gtr2,23,0.867741503695384,0.0033255264445760995,-7.690804860143972,0.7753117857970407,-74.42901775762732,21102176,0,21103200,21103200,E1FBAF8505AAE74809B09E6488EA7FB5,EFED8495621258971C41E1A03D26EAA2,5.7,ERRSPEC-T1T3-REV4-2026-09-04,OK,pairs_music340.csv
board_gtr2_fl_max_w24,fl_max,gtr2,24,0.8426491848169774,0.004023831985428671,-6.444264333790233,0.7240495428760721,-75.37394277975403,21102176,0,21103200,21103200,57E902CA6E738D3D92DD48BEE562834C,EFED8495621258971C41E1A03D26EAA2,6.3,ERRSPEC-T1T3-REV4-2026-09-04,OK,pairs_music340.csv
board_gtr4sg_fl_max_w8,fl_max,gtr4sg,8,0.056491391233839526,0.9509247732147257,15.357478558601551,0.11764672962178743,1.0987329018435172,17502176,0,17503200,17503200,853B3D34C66632A1870E3E4A8677128C,F32E83F231A1E259CFC7845C66CF9DE6,6.9,ERRSPEC-T1T3-REV4-2026-09-04,OK,pairs_music340.csv
board_gtr4sg_fl_max_w9,fl_max,gtr4sg,9,0.06638283326012911,0.9886011231970139,14.329344442478554,0.1382842637378931,-0.0547887823216584,17502176,0,17503200,17503200,F11A805C7BA2CDE0CBA65D1B3F5C8D8A,F32E83F231A1E259CFC7845C66CF9DE6,7.6,ERRSPEC-T1T3-REV4-2026-09-04,OK,pairs_music340.csv
board_gtr4sg_fl_max_w10,fl_max,gtr4sg,10,0.06284171716514904,0.994898540888387,14.64768637607127,0.13225881669952147,0.2536329319297401,17502176,0,17503200,17503200,6B03554A4F24EB0DA12799F1686A20CD,F32E83F231A1E259CFC7845C66CF9DE6,4.4,ERRSPEC-T1T3-REV4-2026-09-04,OK,pairs_music340.csv
board_gtr4sg_fl_max_w11,fl_max,gtr4sg,11,0.06367781859417396,0.9979910925395197,14.558656299365008,0.13407862771027484,0.3245481585265928,17502176,0,17503200,17503200,5B354DD59ADB62A68B03AA9B693B312E,F32E83F231A1E259CFC7845C66CF9DE6,4.3,ERRSPEC-T1T3-REV4-2026-09-04,OK,pairs_music340.csv
board_gtr4sg_fl_max_w12,fl_max,gtr4sg,12,0.06368714682841872,0.9988392160777195,14.556918291879224,0.13408361036079586,0.09852492445715555,17502176,0,17503200,17503200,C17041DAE30147FA14573F60C28D1A7D,F32E83F231A1E259CFC7845C66CF9DE6,5.0,ERRSPEC-T1T3-REV4-2026-09-04,OK,pairs_music340.csv
board_gtr4sg_fl_max_w13,fl_max,gtr4sg,13,0.07132692080554268,0.7584248058342483,13.937501256109627,0.13775016046015923,-0.94821733033314,17502176,0,17503200,17503200,179B05798B69B02BD232D46BB03AF46C,F32E83F231A1E259CFC7845C66CF9DE6,5.9,ERRSPEC-T1T3-REV4-2026-09-04,OK,pairs_music340.csv
board_gtr4sg_fl_max_w14,fl_max,gtr4sg,14,0.66545737513815,0.015633754483806807,-2.166555832535575,0.5818639471720417,-22.524194471356882,17502176,0,17503200,17503200,880DD6BDA9A251F2D7ACA42140596D63,F32E83F231A1E259CFC7845C66CF9DE6,4.3,ERRSPEC-T1T3-REV4-2026-09-04,OK,pairs_music340.csv
board_gtr4sg_fl_max_w15,fl_max,gtr4sg,15,0.7599117056880356,0.004892676263071808,-3.0943907460224556,0.6423043091586575,-29.01504236055486,17502176,0,17503200,17503200,B17F8F0B89A26FDCD222557C34306CF8,F32E83F231A1E259CFC7845C66CF9DE6,5.1,ERRSPEC-T1T3-REV4-2026-09-04,OK,pairs_music340.csv
board_gtr4sg_fl_max_w16,fl_max,gtr4sg,16,0.7801879599164958,0.005293687719782041,-3.5082901437359393,0.6615112840134224,-35.872182767824214,17502176,0,17503200,17503200,0CE38F4C0D9E82377D3D79D67C64FCE2,F32E83F231A1E259CFC7845C66CF9DE6,7.7,ERRSPEC-T1T3-REV4-2026-09-04,OK,pairs_music340.csv
board_gtr4sg_fl_max_w17,fl_max,gtr4sg,17,0.8332706782890364,0.0018086002785628692,-4.8791707666352835,0.7220805508895661,-42.09570502355531,17502176,0,17503200,17503200,8C7350B38D30C180675ADD6A026B6D5C,F32E83F231A1E259CFC7845C66CF9DE6,4.8,ERRSPEC-T1T3-REV4-2026-09-04,OK,pairs_music340.csv
board_gtr4sg_fl_max_w18,fl_max,gtr4sg,18,0.8635048027068015,0.000994469643115247,-5.833430070130367,0.7382907503791124,-47.842478634540825,17502176,0,17503200,17503200,8C3AF6A693BCF351733E20762000509E,F32E83F231A1E259CFC7845C66CF9DE6,6.6,ERRSPEC-T1T3-REV4-2026-09-04,OK,pairs_music340.csv
board_gtr4sg_fl_max_w19,fl_max,gtr4sg,19,0.8966473024635698,0.0012216024501823664,-7.486070173691612,0.780364395959296,-55.35879389322413,17502176,0,17503200,17503200,CCDB63BA12FA7E914E6EFD0F9E5D603C,F32E83F231A1E259CFC7845C66CF9DE6,8.4,ERRSPEC-T1T3-REV4-2026-09-04,OK,pairs_music340.csv
board_gtr4sg_fl_max_w20,fl_max,gtr4sg,20,0.9047768195606506,0.0018727622700219092,-8.194419077029917,0.7995591712894977,-61.89990727758507,17502176,0,17503200,17503200,FADA5C469D9DF8F683D87D002D04984F,F32E83F231A1E259CFC7845C66CF9DE6,5.6,ERRSPEC-T1T3-REV4-2026-09-04,OK,pairs_music340.csv
board_gtr4sg_fl_max_w21,fl_max,gtr4sg,21,0.9051922290821625,0.0029728437920792036,-8.357316806455255,0.8112319088718858,-67.51806707371813,17502176,0,17503200,17503200,FCE1CF298D6CCDC438A46679873AA3A7,F32E83F231A1E259CFC7845C66CF9DE6,4.4,ERRSPEC-T1T3-REV4-2026-09-04,OK,pairs_music340.csv
board_gtr4sg_fl_max_w22,fl_max,gtr4sg,22,0.9012374384160368,0.012929390574387172,-8.26788600702292,0.7856502852755374,-72.85407227592806,17502176,0,17503200,17503200,A692AA937F4EB4464CE2AD11812041C2,F32E83F231A1E259CFC7845C66CF9DE6,4.8,ERRSPEC-T1T3-REV4-2026-09-04,OK,pairs_music340.csv
board_gtr4sg_fl_max_w23,fl_max,gtr4sg,23,0.8618266011001656,0.004128663493090041,-6.709311703483637,0.7437332601433094,-75.6352962118657,17502176,0,17503200,17503200,4AC4247E4D2BD857BFBAEB4FE7A49EC2,F32E83F231A1E259CFC7845C66CF9DE6,6.4,ERRSPEC-T1T3-REV4-2026-09-04,OK,pairs_music340.csv
board_gtr4sg_fl_max_w24,fl_max,gtr4sg,24,0.8338133392162035,0.005674163881461341,-5.78513669349959,0.7104528527861472,-76.46451112653222,17502176,0,17503200,17503200,EEF2E463027350E5EA4DAB22CBDFFF95,F32E83F231A1E259CFC7845C66CF9DE6,6.5,ERRSPEC-T1T3-REV4-2026-09-04,OK,pairs_music340.csv
board_prvtgtr_fl_max_w8,fl_max,prvtgtr,8,0.060313641642783064,0.9400310678935214,15.083091779316916,0.12993983427196004,1.7051927995127762,15150176,0,15151200,15151200,FB2BAB51903F106F8A629CDBA71170C3,BE26F57895DC98FEE669750897BCC7F3,3.6,ERRSPEC-T1T3-REV4-2026-09-04,OK,pairs_music340.csv
board_prvtgtr_fl_max_w9,fl_max,prvtgtr,9,0.07146247881442652,0.9783438529303147,14.123843937661032,0.14891509584330587,-0.07225199356167344,15150176,0,15151200,15151200,74602CF146BC274E81D38E9CC8C7DFF1,BE26F57895DC98FEE669750897BCC7F3,5.7,ERRSPEC-T1T3-REV4-2026-09-04,OK,pairs_music340.csv
board_prvtgtr_fl_max_w10,fl_max,prvtgtr,10,0.06747875348823182,0.9879738344362705,14.42837153211701,0.14336049159416567,0.2667963489305336,15150176,0,15151200,15151200,9449885A96EB589C707A2DB9C9663CC2,BE26F57895DC98FEE669750897BCC7F3,7.1,ERRSPEC-T1T3-REV4-2026-09-04,OK,pairs_music340.csv
board_prvtgtr_fl_max_w11,fl_max,prvtgtr,11,0.0680830292694576,0.993580447494463,14.379429162024682,0.14484008691274788,0.32565610071229045,15150176,0,15151200,15151200,DE54B7EE4C996E57C5E19BF278DA3592,BE26F57895DC98FEE669750897BCC7F3,3.7,ERRSPEC-T1T3-REV4-2026-09-04,OK,pairs_music340.csv
board_prvtgtr_fl_max_w12,fl_max,prvtgtr,12,0.06805552611364511,0.9950641297852115,14.381864115733238,0.144768512133093,0.09411762995696549,15150176,0,15151200,15151200,01C673A351D53D67FD492A3CEEC25712,BE26F57895DC98FEE669750897BCC7F3,4.1,ERRSPEC-T1T3-REV4-2026-09-04,OK,pairs_music340.csv
board_prvtgtr_fl_max_w13,fl_max,prvtgtr,13,0.13378347129272103,0.24234796946437948,10.917205914585697,0.19830213910687045,-5.985046110916574,15150176,0,15151200,15151200,780B32C260FE152A6C6175EBF45F9E2E,BE26F57895DC98FEE669750897BCC7F3,4.2,ERRSPEC-T1T3-REV4-2026-09-04,OK,pairs_music340.csv
board_prvtgtr_fl_max_w14,fl_max,prvtgtr,14,0.6498120247595265,0.02352644684671659,-2.6212629175090774,0.6135646073190503,-22.37141969726092,15150176,0,15151200,15151200,6ED7E98929BB8EBEBE2CD0C74566F1E2,BE26F57895DC98FEE669750897BCC7F3,3.7,ERRSPEC-T1T3-REV4-2026-09-04,OK,pairs_music340.csv
board_prvtgtr_fl_max_w15,fl_max,prvtgtr,15,0.7496090787418048,0.005341400289100034,-3.7724501017289223,0.6612610673915098,-30.353568038923207,15150176,0,15151200,15151200,108019B86D637392B8D752EBBCF274D3,BE26F57895DC98FEE669750897BCC7F3,4.5,ERRSPEC-T1T3-REV4-2026-09-04,OK,pairs_music340.csv
board_prvtgtr_fl_max_w16,fl_max,prvtgtr,16,0.7666189251704257,0.007290987522349328,-3.3562117178247366,0.6441844917814366,-38.55207540638019,15150176,0,15151200,15151200,38360CFDD6AC8E3C55DE05EBE13F5F0C,BE26F57895DC98FEE669750897BCC7F3,4.7,ERRSPEC-T1T3-REV4-2026-09-04,OK,pairs_music340.csv
board_prvtgtr_fl_max_w17,fl_max,prvtgtr,17,0.7947669289286496,0.004816300228621361,-4.144476693974565,0.6688590318140707,-44.78454256815086,15150176,0,15151200,15151200,9F5C129AA76E9BC456C105BD9C50DA30,BE26F57895DC98FEE669750897BCC7F3,4.9,ERRSPEC-T1T3-REV4-2026-09-04,OK,pairs_music340.csv
board_prvtgtr_fl_max_w18,fl_max,prvtgtr,18,0.8078559696456127,0.001720370755499546,-4.358716478896621,0.6720078979877371,-49.76574010491441,15150176,0,15151200,15151200,163F7E67F84F383A1CDD665C2834F4D7,BE26F57895DC98FEE669750897BCC7F3,6.3,ERRSPEC-T1T3-REV4-2026-09-04,OK,pairs_music340.csv
board_prvtgtr_fl_max_w19,fl_max,prvtgtr,19,0.7655835042633942,0.0020789981411397707,-3.4258022183092915,0.6201152091340737,-56.339812074122314,15150176,0,15151200,15151200,BAEBB7C1B88FE95EDD4FC1D4B990136B,BE26F57895DC98FEE669750897BCC7F3,6.1,ERRSPEC-T1T3-REV4-2026-09-04,OK,pairs_music340.csv
board_prvtgtr_fl_max_w20,fl_max,prvtgtr,20,0.7896418354829596,0.0018093604510151895,-3.8027660341699794,0.6543577841213831,-62.89252266649057,15150176,0,15151200,15151200,80EA67788A427FF994BA9669695D238B,BE26F57895DC98FEE669750897BCC7F3,4.6,ERRSPEC-T1T3-REV4-2026-09-04,OK,pairs_music340.csv
board_prvtgtr_fl_max_w21,fl_max,prvtgtr,21,0.794779188296345,0.0036961022771637934,-3.784423599486235,0.6677090623302798,-67.40707785854522,15150176,0,15151200,15151200,BB2A184A6424F3CEB4542566561C3479,BE26F57895DC98FEE669750897BCC7F3,4.9,ERRSPEC-T1T3-REV4-2026-09-04,OK,pairs_music340.csv
board_prvtgtr_fl_max_w22,fl_max,prvtgtr,22,0.7624748290104146,0.020024593325803416,-3.5159791235215776,0.6469497854644939,-74.37529925857316,15150176,0,15151200,15151200,6F8A5AF91DDFBE3EA033DC3661E5BAB0,BE26F57895DC98FEE669750897BCC7F3,3.8,ERRSPEC-T1T3-REV4-2026-09-04,OK,pairs_music340.csv
board_prvtgtr_fl_max_w23,fl_max,prvtgtr,23,0.734180591388072,0.006034004071145336,-2.5280927836510223,0.606367339455192,-76.36722861172404,15150176,0,15151200,15151200,F26805095F162273DCCC6976F157C69D,BE26F57895DC98FEE669750897BCC7F3,3.8,ERRSPEC-T1T3-REV4-2026-09-04,OK,pairs_music340.csv
board_prvtgtr_fl_max_w24,fl_max,prvtgtr,24,0.7253410244704148,0.007339976018315915,-2.3991570324089633,0.6082338582879994,-76.76910244735231,15150176,0,15151200,15151200,BD53BF740DD430D0E7C08B30066AA69E,BE26F57895DC98FEE669750897BCC7F3,3.8,ERRSPEC-T1T3-REV4-2026-09-04,OK,pairs_music340.csv
board_ytbass_fl_max_w8,fl_max,ytbass,8,0.025760698881905377,0.9179394483856038,20.495519235533482,0.057596851701472496,1.2317891106175374,29070176,0,29071200,29071200,0DFEF65CADF947F70C2D470179C58C90,308DF1B5379C74FF84D69DFB4FD4BE25,9.2,ERRSPEC-T1T3-REV4-2026-09-04,OK,pairs_music340.csv
board_ytbass_fl_max_w9,fl_max,ytbass,9,0.029123809851689816,0.9776196151511565,19.766275621737122,0.06803960321172177,-0.08404003328686827,29070176,0,29071200,29071200,E292A74F009ECDC28F4C26DE27192406,308DF1B5379C74FF84D69DFB4FD4BE25,9.1,ERRSPEC-T1T3-REV4-2026-09-04,OK,pairs_music340.csv
board_ytbass_fl_max_w10,fl_max,ytbass,10,0.027418881096157637,0.9893232625703957,20.074068208353832,0.06467213374610861,0.2458858861039701,29070176,0,29071200,29071200,F53ED83C943F749BB38F4B16D695715D,308DF1B5379C74FF84D69DFB4FD4BE25,11.0,ERRSPEC-T1T3-REV4-2026-09-04,OK,pairs_music340.csv
board_ytbass_fl_max_w11,fl_max,ytbass,11,0.027608661963141632,0.9964830165480382,20.03077554287056,0.0651449259148438,0.3281728588840558,29070176,0,29071200,29071200,C28A2E0E75D7B72D92777EB58C7E40BE,308DF1B5379C74FF84D69DFB4FD4BE25,7.4,ERRSPEC-T1T3-REV4-2026-09-04,OK,pairs_music340.csv
board_ytbass_fl_max_w12,fl_max,ytbass,12,0.027554920849544057,0.9980852546009581,20.04010784835647,0.06505828841975006,0.10199891925087101,29070176,0,29071200,29071200,9B2CB72EECAF5E95AE53F20C3FC14824,308DF1B5379C74FF84D69DFB4FD4BE25,9.5,ERRSPEC-T1T3-REV4-2026-09-04,OK,pairs_music340.csv
board_ytbass_fl_max_w13,fl_max,ytbass,13,0.02795175035759671,0.9176829378773222,19.98619776633783,0.06598898628221571,0.10026446026061464,29070176,0,29071200,29071200,76B6D8CEF61DFE296197BC527C2F13F0,308DF1B5379C74FF84D69DFB4FD4BE25,8.0,ERRSPEC-T1T3-REV4-2026-09-04,OK,pairs_music340.csv
board_ytbass_fl_max_w14,fl_max,ytbass,14,0.2567583454556969,0.05097738755328413,5.899857248897158,0.37076533622959107,-17.244122072824098,29070176,0,29071200,29071200,6FFE0141B827D91F3C7E4FC14804FA58,308DF1B5379C74FF84D69DFB4FD4BE25,13.0,ERRSPEC-T1T3-REV4-2026-09-04,OK,pairs_music340.csv
board_ytbass_fl_max_w15,fl_max,ytbass,15,0.47988218013486084,0.016090741652765975,1.1944962765873406,0.5170855264676353,-25.50864185050809,29070176,0,29071200,29071200,638F3018298BD2B349EA2236DDE3616A,308DF1B5379C74FF84D69DFB4FD4BE25,7.3,ERRSPEC-T1T3-REV4-2026-09-04,OK,pairs_music340.csv
board_ytbass_fl_max_w16,fl_max,ytbass,16,0.4940807082561955,0.005780594379260671,1.2535904862733989,0.4645245053198235,-32.35598236884323,29070176,0,29071200,29071200,27BDA18A1B7F405BCC626BC3EB45448B,308DF1B5379C74FF84D69DFB4FD4BE25,8.3,ERRSPEC-T1T3-REV4-2026-09-04,OK,pairs_music340.csv
board_ytbass_fl_max_w17,fl_max,ytbass,17,0.5617870983947278,0.002720141433425626,-0.240800533752875,0.5285667534112497,-39.294504655645014,29070176,0,29071200,29071200,E0E42DD45622800EC956E0EBE9A4B998,308DF1B5379C74FF84D69DFB4FD4BE25,8.1,ERRSPEC-T1T3-REV4-2026-09-04,OK,pairs_music340.csv
board_ytbass_fl_max_w18,fl_max,ytbass,18,0.5251352042420394,0.009390553490313341,0.5396951141863302,0.49774077685857676,-43.30819072281261,29070176,0,29071200,29071200,7D0409002189A09F964AB24C1617F5C9,308DF1B5379C74FF84D69DFB4FD4BE25,11.2,ERRSPEC-T1T3-REV4-2026-09-04,OK,pairs_music340.csv
board_ytbass_fl_max_w19,fl_max,ytbass,19,0.5244938340884227,0.008645420948225452,0.5305002445879292,0.4895559273565206,-49.26406698604765,29070176,0,29071200,29071200,EF8662C3CE1EAEF74C97E9F08AA56CEF,308DF1B5379C74FF84D69DFB4FD4BE25,13.6,ERRSPEC-T1T3-REV4-2026-09-04,OK,pairs_music340.csv
board_ytbass_fl_max_w20,fl_max,ytbass,20,0.5274070503643593,0.0032207690294546332,0.5077745913194215,0.49699774100406746,-56.76663908612382,29070176,0,29071200,29071200,EEC83A3A81B45FCD3925602C64F7C38E,308DF1B5379C74FF84D69DFB4FD4BE25,10.4,ERRSPEC-T1T3-REV4-2026-09-04,OK,pairs_music340.csv
board_ytbass_fl_max_w21,fl_max,ytbass,21,0.4690598495493992,0.005999050508240778,1.9502305940928846,0.4502770224628369,-60.212803173401085,29070176,0,29071200,29071200,CE7FAC63EE041DA8EB1CE0F816DF41F5,308DF1B5379C74FF84D69DFB4FD4BE25,9.3,ERRSPEC-T1T3-REV4-2026-09-04,OK,pairs_music340.csv
board_ytbass_fl_max_w22,fl_max,ytbass,22,0.6149048974494904,0.027391431525170568,-0.8864492195833067,0.5388287880394086,-72.41609748889937,29070176,0,29071200,29071200,EA0EB490866A341D3818A7D8C75718A7,308DF1B5379C74FF84D69DFB4FD4BE25,13.3,ERRSPEC-T1T3-REV4-2026-09-04,OK,pairs_music340.csv
board_ytbass_fl_max_w23,fl_max,ytbass,23,0.6455485494191214,0.0018395120399764444,-1.2932717953640456,0.5541313941585833,-74.05478020596172,29070176,0,29071200,29071200,FA84F4CEE5C186DEB064B0813DCA0E18,308DF1B5379C74FF84D69DFB4FD4BE25,9.6,ERRSPEC-T1T3-REV4-2026-09-04,OK,pairs_music340.csv
board_ytbass_fl_max_w24,fl_max,ytbass,24,0.6076950116598372,0.0026662510275619077,-0.6842823050567676,0.5254313236272218,-74.58430614176426,29070176,0,29071200,29071200,8B80CA371F506A382C099766185736AC,308DF1B5379C74FF84D69DFB4FD4BE25,8.1,ERRSPEC-T1T3-REV4-2026-09-04,OK,pairs_music340.csv
board_nam_fl_mod_w8,fl_mod,nam,8,0.07734919034107995,0.9119852015936143,14.12576591879531,0.15151149130051558,8.513370831679858,9006176,0,9007200,9007200,97540804DD07E03E9F2E5B8FD555D6FE,31637310EF178F1E5909499925A31961,2.2,ERRSPEC-T1T3-REV4-2026-09-04,OK,pairs_nam85.csv
board_nam_fl_mod_w9,fl_mod,nam,9,0.08124625959620123,0.9283973837739916,13.776928494860275,0.1559849690345944,2.3701258241572134,9006176,0,9007200,9007200,A7C35CE2A8067865EAB24442E450EDA1,31637310EF178F1E5909499925A31961,2.2,ERRSPEC-T1T3-REV4-2026-09-04,OK,pairs_nam85.csv
board_nam_fl_mod_w10,fl_mod,nam,10,0.07832018264629852,0.9640528255001978,14.007268797697648,0.1522439172085927,0.2193628334359179,9006176,0,9007200,9007200,41FBC035F4F9C7FCFEB65BF22CD457C6,31637310EF178F1E5909499925A31961,3.9,ERRSPEC-T1T3-REV4-2026-09-04,OK,pairs_nam85.csv
board_nam_fl_mod_w11,fl_mod,nam,11,0.07573688682368783,0.9122589103508174,14.177698163897636,0.15157298199170022,0.12795629707028588,9006176,0,9007200,9007200,46B347E132CB178D63136ED2D2B0E733,31637310EF178F1E5909499925A31961,2.8,ERRSPEC-T1T3-REV4-2026-09-04,OK,pairs_nam85.csv
board_nam_fl_mod_w12,fl_mod,nam,12,0.07573508660407158,0.8974836837625848,14.178343455403757,0.1514498578058442,0.019347013805431246,9006176,0,9007200,9007200,4464BD6416787B5AA3D4E71828FBAE33,31637310EF178F1E5909499925A31961,2.2,ERRSPEC-T1T3-REV4-2026-09-04,OK,pairs_nam85.csv
board_nam_fl_mod_w13,fl_mod,nam,13,0.07630151433337845,0.902344991954176,14.114295244123912,0.15324617198597223,-0.034450062291719874,9006176,0,9007200,9007200,A6E8F1FBEC645272BDF95E8051CCA5EB,31637310EF178F1E5909499925A31961,3.6,ERRSPEC-T1T3-REV4-2026-09-04,OK,pairs_nam85.csv
board_nam_fl_mod_w14,fl_mod,nam,14,0.30391655335966833,0.053113109216929744,5.816414987710569,0.31734065377043175,-14.562437955453293,9006176,0,9007200,9007200,49513FD43E23DEAE63D1B21EF93D157F,31637310EF178F1E5909499925A31961,2.2,ERRSPEC-T1T3-REV4-2026-09-04,OK,pairs_nam85.csv
board_nam_fl_mod_w15,fl_mod,nam,15,0.597203326673245,0.0037087138653890666,-0.9394212941671259,0.5784132006320329,-27.052531620829875,9006176,0,9007200,9007200,72E0D9F4CB5652B9E35A12F3FE3272C7,31637310EF178F1E5909499925A31961,3.0,ERRSPEC-T1T3-REV4-2026-09-04,OK,pairs_nam85.csv
board_nam_fl_mod_w16,fl_mod,nam,16,0.6852132609820295,0.0007555697293523182,-1.094755852400078,0.567786621428056,-36.7861998189049,9006176,0,9007200,9007200,F99CE530211F91D2216955AD001021B6,31637310EF178F1E5909499925A31961,2.1,ERRSPEC-T1T3-REV4-2026-09-04,OK,pairs_nam85.csv
board_nam_fl_mod_w17,fl_mod,nam,17,0.7494600817295901,0.0006686139846140787,-2.5306440670503916,0.6310677375547291,-42.76686780545167,9006176,0,9007200,9007200,1220E4666DDF96178E3D200B7A0431E8,31637310EF178F1E5909499925A31961,2.6,ERRSPEC-T1T3-REV4-2026-09-04,OK,pairs_nam85.csv
board_nam_fl_mod_w18,fl_mod,nam,18,0.7703719408094796,0.0003608737146734873,-2.559181634055952,0.6127809223426691,-50.62275502436434,9006176,0,9007200,9007200,BC7481E293DE741990530A2D48B16355,31637310EF178F1E5909499925A31961,2.0,ERRSPEC-T1T3-REV4-2026-09-04,OK,pairs_nam85.csv
board_nam_fl_mod_w19,fl_mod,nam,19,0.7842453962163392,0.005969520952588705,-3.1644602502112456,0.6194472526627428,-56.97515330836315,9006176,0,9007200,9007200,D7F49442F8F2007C3C3ECF180EC30882,31637310EF178F1E5909499925A31961,2.2,ERRSPEC-T1T3-REV4-2026-09-04,OK,pairs_nam85.csv
board_nam_fl_mod_w20,fl_mod,nam,20,0.734606123535374,0.004282755518288784,-2.238674514961811,0.5792930891101148,-60.92445391156659,9006176,0,9007200,9007200,357EB0FE513A3967712520B1CC04A603,31637310EF178F1E5909499925A31961,2.1,ERRSPEC-T1T3-REV4-2026-09-04,OK,pairs_nam85.csv
board_nam_fl_mod_w21,fl_mod,nam,21,0.6480966217054928,0.006420042347495714,-1.4460197802165544,0.5453960565169469,-64.44719090158183,9006176,0,9007200,9007200,0A43F4ED3353525EA5452EE7A3C6B020,31637310EF178F1E5909499925A31961,1.8,ERRSPEC-T1T3-REV4-2026-09-04,OK,pairs_nam85.csv
board_nam_fl_mod_w22,fl_mod,nam,22,0.8348776604639758,0.00666927641420015,-5.716516018959455,0.7185182804301729,-74.99517831886773,9006176,0,9007200,9007200,0F89F16AD34BB79F2E97726BF0DE98A5,31637310EF178F1E5909499925A31961,2.0,ERRSPEC-T1T3-REV4-2026-09-04,OK,pairs_nam85.csv
board_nam_fl_mod_w23,fl_mod,nam,23,0.7941816285126104,0.003017569155332786,-3.291819334773365,0.6262294080246001,-76.73958746793787,9006176,0,9007200,9007200,306B02E1392EFF66E598A58E1B214F04,31637310EF178F1E5909499925A31961,1.8,ERRSPEC-T1T3-REV4-2026-09-04,OK,pairs_nam85.csv
board_nam_fl_mod_w24,fl_mod,nam,24,0.6996262199233727,0.007388053907326601,-1.6273897500441816,0.5587425992311845,-77.09354853068248,9006176,0,9007200,9007200,143696CAE16D80679C2A9CCDC3A1AC2E,31637310EF178F1E5909499925A31961,1.6,ERRSPEC-T1T3-REV4-2026-09-04,OK,pairs_nam85.csv
board_gtr2_fl_mod_w8,fl_mod,gtr2,8,0.058512847154674294,0.8786612901184441,13.027688071827,0.13663911735426235,7.043488668858892,21102176,0,21103200,21103200,415CBE9FE59346A89A22DE50236B45D6,B9391BEBF27E8D0CF8E3917A90EBAD3A,7.0,ERRSPEC-T1T3-REV4-2026-09-04,OK,pairs_music340.csv
board_gtr2_fl_mod_w9,fl_mod,gtr2,9,0.05639210096677589,0.9476411785304586,13.02450020329774,0.14063369888296898,3.08609120277994,21102176,0,21103200,21103200,5B667FD3F92D0378AE15FB4F27166DE6,B9391BEBF27E8D0CF8E3917A90EBAD3A,7.9,ERRSPEC-T1T3-REV4-2026-09-04,OK,pairs_music340.csv
board_gtr2_fl_mod_w10,fl_mod,gtr2,10,0.052540452880638674,0.9837419716462656,13.380578023148662,0.13540250197907364,0.08312357197498166,21102176,0,21103200,21103200,EA4FE26B5CA032E6E7E02BAB5867D046,B9391BEBF27E8D0CF8E3917A90EBAD3A,6.2,ERRSPEC-T1T3-REV4-2026-09-04,OK,pairs_music340.csv
board_gtr2_fl_mod_w11,fl_mod,gtr2,11,0.05189545669851188,0.9911784283069868,13.445688075769658,0.1351997410986857,0.20123361737636536,21102176,0,21103200,21103200,9C523DE462841789BA0BE2B6C1CB7F16,B9391BEBF27E8D0CF8E3917A90EBAD3A,5.2,ERRSPEC-T1T3-REV4-2026-09-04,OK,pairs_music340.csv
board_gtr2_fl_mod_w12,fl_mod,gtr2,12,0.05203676354241056,0.9872492765713123,13.40119629553402,0.1345749024698544,0.02120396596391494,21102176,0,21103200,21103200,65FFB9EA7875646A899396856A528AF7,B9391BEBF27E8D0CF8E3917A90EBAD3A,5.7,ERRSPEC-T1T3-REV4-2026-09-04,OK,pairs_music340.csv
board_gtr2_fl_mod_w13,fl_mod,gtr2,13,0.4042078897553308,0.15508234587527303,1.425620713134835,0.3669015616154972,-12.109917289726859,21102176,0,21103200,21103200,082786A1D2749E2BA1693513D36DF063,B9391BEBF27E8D0CF8E3917A90EBAD3A,11.0,ERRSPEC-T1T3-REV4-2026-09-04,OK,pairs_music340.csv
board_gtr2_fl_mod_w14,fl_mod,gtr2,14,0.7688416832964436,0.03133333423466706,-6.495704941578445,0.7270287492872914,-21.27802380812841,21102176,0,21103200,21103200,8B6B43F6517B955AD1BB3675A0C78DD0,B9391BEBF27E8D0CF8E3917A90EBAD3A,9.5,ERRSPEC-T1T3-REV4-2026-09-04,OK,pairs_music340.csv
board_gtr2_fl_mod_w15,fl_mod,gtr2,15,0.8553176461356197,0.006686102681889299,-5.743787551903092,0.7426351039153773,-29.491633709873796,21102176,0,21103200,21103200,B753F3AFC29D4F4C51493E9529EE17F3,B9391BEBF27E8D0CF8E3917A90EBAD3A,7.8,ERRSPEC-T1T3-REV4-2026-09-04,OK,pairs_music340.csv
board_gtr2_fl_mod_w16,fl_mod,gtr2,16,0.7971226505714828,0.0036842008485883293,-3.628391568875715,0.746162746907384,-36.928367883508294,21102176,0,21103200,21103200,B56D5CA447FDBDB6279271F7F256ACF8,B9391BEBF27E8D0CF8E3917A90EBAD3A,5.6,ERRSPEC-T1T3-REV4-2026-09-04,OK,pairs_music340.csv
board_gtr2_fl_mod_w17,fl_mod,gtr2,17,0.6981269069042598,0.0015036911885941326,-1.702335126662836,0.7114450611802894,-43.79014647229755,21102176,0,21103200,21103200,EC2E99C07AD8F84A385218FE73C7CD1C,B9391BEBF27E8D0CF8E3917A90EBAD3A,5.7,ERRSPEC-T1T3-REV4-2026-09-04,OK,pairs_music340.csv
board_gtr2_fl_mod_w18,fl_mod,gtr2,18,0.6435443586685164,0.0006232262121509172,-0.9969018108203519,0.6894304929664632,-50.709415456913874,21102176,0,21103200,21103200,2D61E7FC83713203BDCD1475D28B7212,B9391BEBF27E8D0CF8E3917A90EBAD3A,11.0,ERRSPEC-T1T3-REV4-2026-09-04,OK,pairs_music340.csv
board_gtr2_fl_mod_w19,fl_mod,gtr2,19,0.7035009980664035,0.011082833713194806,-2.3859475022265717,0.6969608268024964,-57.78099625497697,21102176,0,21103200,21103200,A3D58E833114E7EF4B82DD8B540EA64D,B9391BEBF27E8D0CF8E3917A90EBAD3A,9.3,ERRSPEC-T1T3-REV4-2026-09-04,OK,pairs_music340.csv
board_gtr2_fl_mod_w20,fl_mod,gtr2,20,0.7961805074422472,0.010428897239877659,-4.607028758181069,0.7304379793756015,-64.22146226486066,21102176,0,21103200,21103200,642FBDF85A9BCBC32E6C0995294CB703,B9391BEBF27E8D0CF8E3917A90EBAD3A,5.7,ERRSPEC-T1T3-REV4-2026-09-04,OK,pairs_music340.csv
board_gtr2_fl_mod_w21,fl_mod,gtr2,21,0.8133415542659648,0.007871292365910037,-5.128660165547997,0.7387068816897546,-70.18248276027767,21102176,0,21103200,21103200,AB7796758F78CB84329CA3B4D3EAC1D0,B9391BEBF27E8D0CF8E3917A90EBAD3A,5.1,ERRSPEC-T1T3-REV4-2026-09-04,OK,pairs_music340.csv
board_gtr2_fl_mod_w22,fl_mod,gtr2,22,0.9089590243200725,0.011574561644751609,-9.710295677464135,0.8136950516002345,-76.84958938539407,21102176,0,21103200,21103200,8FC95E556542F83BFEC7478B71E1E18D,B9391BEBF27E8D0CF8E3917A90EBAD3A,5.5,ERRSPEC-T1T3-REV4-2026-09-04,OK,pairs_music340.csv
board_gtr2_fl_mod_w23,fl_mod,gtr2,23,0.8811120905568911,0.006085172205999331,-6.56316341705986,0.7258626970616776,-79.3802395905602,21102176,0,21103200,21103200,EE7D7F27CAEF4DDBC6E7D0642A727D4B,B9391BEBF27E8D0CF8E3917A90EBAD3A,5.9,ERRSPEC-T1T3-REV4-2026-09-04,OK,pairs_music340.csv
board_gtr2_fl_mod_w24,fl_mod,gtr2,24,0.8242941711048328,0.014288706365819612,-4.64787363765256,0.6536576693777254,-80.48502742613711,21102176,0,21103200,21103200,C0C642ED4251832A6D6FB1FD9214CA06,B9391BEBF27E8D0CF8E3917A90EBAD3A,6.0,ERRSPEC-T1T3-REV4-2026-09-04,OK,pairs_music340.csv
board_gtr4sg_fl_mod_w8,fl_mod,gtr4sg,8,0.05780003792013783,0.9675599802091172,14.92428805589729,0.12568731665676364,7.199164464757205,17502176,0,17503200,17503200,373DA2AB0E2EB6591DE4B2C114A93CE2,CCF1CC8E6DCFC6003A4C0F65632DD9EF,4.4,ERRSPEC-T1T3-REV4-2026-09-04,OK,pairs_music340.csv
board_gtr4sg_fl_mod_w9,fl_mod,gtr4sg,9,0.06277622199471493,0.9912429146626975,14.39041946794151,0.136104790208281,2.385519762901362,17502176,0,17503200,17503200,3F4E9816ABD423F79B25FC25E5D9F952,CCF1CC8E6DCFC6003A4C0F65632DD9EF,8.2,ERRSPEC-T1T3-REV4-2026-09-04,OK,pairs_music340.csv
board_gtr4sg_fl_mod_w10,fl_mod,gtr4sg,10,0.05897069815095071,0.9972402721408776,14.761402234051669,0.12916210963283026,0.26758740327235486,17502176,0,17503200,17503200,B07C3741400A21D9F8B399E7174FDCF9,CCF1CC8E6DCFC6003A4C0F65632DD9EF,5.2,ERRSPEC-T1T3-REV4-2026-09-04,OK,pairs_music340.csv
board_gtr4sg_fl_mod_w11,fl_mod,gtr4sg,11,0.05934433620187577,0.9983746866301038,14.714174057653437,0.13017315989624495,0.11633363631546523,17502176,0,17503200,17503200,4AAA9848B0C16FDAF4D3631A591E9246,CCF1CC8E6DCFC6003A4C0F65632DD9EF,5.5,ERRSPEC-T1T3-REV4-2026-09-04,OK,pairs_music340.csv
board_gtr4sg_fl_mod_w12,fl_mod,gtr4sg,12,0.05885261203646388,0.9984906261234286,14.765346144911128,0.129227875801868,0.09500121210553125,17502176,0,17503200,17503200,15DBFB948B99589346CF82AEBF527888,CCF1CC8E6DCFC6003A4C0F65632DD9EF,4.9,ERRSPEC-T1T3-REV4-2026-09-04,OK,pairs_music340.csv
board_gtr4sg_fl_mod_w13,fl_mod,gtr4sg,13,0.060862521242143516,0.98904853413531,14.576951983815306,0.1324107173831263,-0.021529049262142053,17502176,0,17503200,17503200,B4D5A66F2CDF1492EE0AD6974683F879,CCF1CC8E6DCFC6003A4C0F65632DD9EF,6.8,ERRSPEC-T1T3-REV4-2026-09-04,OK,pairs_music340.csv
board_gtr4sg_fl_mod_w14,fl_mod,gtr4sg,14,0.14384082361105402,0.1930835502057904,9.2249761550024,0.2155080874083317,-8.697526019886201,17502176,0,17503200,17503200,1A381712C7883CA17A688EF2E6D699E4,CCF1CC8E6DCFC6003A4C0F65632DD9EF,4.7,ERRSPEC-T1T3-REV4-2026-09-04,OK,pairs_music340.csv
board_gtr4sg_fl_mod_w15,fl_mod,gtr4sg,15,0.7638073288334691,0.008513140419569565,-5.205528733471443,0.6775185646637943,-26.802835383181446,17502176,0,17503200,17503200,35A09FFE63C0C1ACCD65A0304BE7BC83,CCF1CC8E6DCFC6003A4C0F65632DD9EF,5.7,ERRSPEC-T1T3-REV4-2026-09-04,OK,pairs_music340.csv
board_gtr4sg_fl_mod_w16,fl_mod,gtr4sg,16,0.8414384338958641,0.001867434381402329,-5.132772688493127,0.6981794435778795,-36.950198683372726,17502176,0,17503200,17503200,B5240FE00B40085673A90A62FC8F1F74,CCF1CC8E6DCFC6003A4C0F65632DD9EF,4.7,ERRSPEC-T1T3-REV4-2026-09-04,OK,pairs_music340.csv
board_gtr4sg_fl_mod_w17,fl_mod,gtr4sg,17,0.837075721044633,0.0008993481277790955,-4.226511953158264,0.6850038579319295,-45.0520855096814,17502176,0,17503200,17503200,03B5971BA9E21368B5B056A2CD540B4D,CCF1CC8E6DCFC6003A4C0F65632DD9EF,4.2,ERRSPEC-T1T3-REV4-2026-09-04,OK,pairs_music340.csv
board_gtr4sg_fl_mod_w18,fl_mod,gtr4sg,18,0.8435369738243004,0.0007281417814157342,-4.330370450641347,0.6963129048398421,-52.41154848481248,17502176,0,17503200,17503200,EF350CCAF51B5B1C286ABDE4B785522A,CCF1CC8E6DCFC6003A4C0F65632DD9EF,8.8,ERRSPEC-T1T3-REV4-2026-09-04,OK,pairs_music340.csv
board_gtr4sg_fl_mod_w19,fl_mod,gtr4sg,19,0.8208824168343061,0.010872505537048154,-4.110186013208785,0.6848387951466037,-59.27693602534121,17502176,0,17503200,17503200,DB44DA92942DFA055DED84690BF7938E,CCF1CC8E6DCFC6003A4C0F65632DD9EF,4.8,ERRSPEC-T1T3-REV4-2026-09-04,OK,pairs_music340.csv
board_gtr4sg_fl_mod_w20,fl_mod,gtr4sg,20,0.8359208749572742,0.012769163548861744,-4.430749884513282,0.6863669411087288,-64.72539893262046,17502176,0,17503200,17503200,BCE14CC126B6E405F5F0BFCC950A32B5,CCF1CC8E6DCFC6003A4C0F65632DD9EF,5.0,ERRSPEC-T1T3-REV4-2026-09-04,OK,pairs_music340.csv
board_gtr4sg_fl_mod_w21,fl_mod,gtr4sg,21,0.8216915568102033,0.00932599200259564,-4.3187415676655485,0.6905644866099718,-70.69193642765154,17502176,0,17503200,17503200,D955D9B2F81177F319C2B72DFFB869B3,CCF1CC8E6DCFC6003A4C0F65632DD9EF,5.8,ERRSPEC-T1T3-REV4-2026-09-04,OK,pairs_music340.csv
board_gtr4sg_fl_mod_w22,fl_mod,gtr4sg,22,0.9282498772255793,0.013619366090024057,-8.612325898468551,0.7801528409936339,-77.67301736886404,17502176,0,17503200,17503200,FDAFB60B7B445BB466C9F57C717C546A,CCF1CC8E6DCFC6003A4C0F65632DD9EF,4.3,ERRSPEC-T1T3-REV4-2026-09-04,OK,pairs_music340.csv
board_gtr4sg_fl_mod_w23,fl_mod,gtr4sg,23,0.8829722673730559,0.005415019862974775,-5.85013356993206,0.6946342737976909,-79.1837404564682,17502176,0,17503200,17503200,C72EB4E386F4B5403A2D3833DD059D15,CCF1CC8E6DCFC6003A4C0F65632DD9EF,6.9,ERRSPEC-T1T3-REV4-2026-09-04,OK,pairs_music340.csv
board_gtr4sg_fl_mod_w24,fl_mod,gtr4sg,24,0.8270049304129151,0.011599220726027053,-4.330162643796821,0.6417295038498173,-80.27544950057612,17502176,0,17503200,17503200,7E3B1E5BD9EFA182EE9E66F5CF0748C6,CCF1CC8E6DCFC6003A4C0F65632DD9EF,5.0,ERRSPEC-T1T3-REV4-2026-09-04,OK,pairs_music340.csv
board_prvtgtr_fl_mod_w8,fl_mod,prvtgtr,8,0.06350328566141256,0.9570235534799646,14.603472017629656,0.14530631761254473,6.823876921054006,15150176,0,15151200,15151200,9BDDFD587203046D8CDC2EA6166519D0,8770BCACB4019A0D625C6A14A0AC3A13,7.5,ERRSPEC-T1T3-REV4-2026-09-04,OK,pairs_music340.csv
board_prvtgtr_fl_mod_w9,fl_mod,prvtgtr,9,0.06782635257161478,0.9848475216572494,14.22278220882724,0.15203132920082454,2.214793753601123,15150176,0,15151200,15151200,902F32FC2D9E39B4CDF4213733964821,8770BCACB4019A0D625C6A14A0AC3A13,3.5,ERRSPEC-T1T3-REV4-2026-09-04,OK,pairs_music340.csv
board_prvtgtr_fl_mod_w10,fl_mod,prvtgtr,10,0.06400024888737424,0.9937646559675194,14.527503998468717,0.14552632103553723,0.2070761220661872,15150176,0,15151200,15151200,134B77DB83AB034DE6B6CA76570DB425,8770BCACB4019A0D625C6A14A0AC3A13,4.7,ERRSPEC-T1T3-REV4-2026-09-04,OK,pairs_music340.csv
board_prvtgtr_fl_mod_w11,fl_mod,prvtgtr,11,0.06431977390964656,0.9956531461962123,14.493993595732832,0.14691844216155445,0.12062977123977703,15150176,0,15151200,15151200,E42224203A4C8B6F7CEBAAA790F0B995,8770BCACB4019A0D625C6A14A0AC3A13,4.2,ERRSPEC-T1T3-REV4-2026-09-04,OK,pairs_music340.csv
board_prvtgtr_fl_mod_w12,fl_mod,prvtgtr,12,0.06393584432750239,0.9952535425713254,14.52281574123929,0.1462921639120407,0.07357527944823339,15150176,0,15151200,15151200,621F597F28309A8B6A9DB0AA128C88F9,8770BCACB4019A0D625C6A14A0AC3A13,7.5,ERRSPEC-T1T3-REV4-2026-09-04,OK,pairs_music340.csv
board_prvtgtr_fl_mod_w13,fl_mod,prvtgtr,13,0.06700908941587666,0.9717914978758073,14.266248485362281,0.14825673839820208,-0.046624711319489975,15150176,0,15151200,15151200,EEDD6F1710FD4E98C72624E69A143479,8770BCACB4019A0D625C6A14A0AC3A13,3.5,ERRSPEC-T1T3-REV4-2026-09-04,OK,pairs_music340.csv
board_prvtgtr_fl_mod_w14,fl_mod,prvtgtr,14,0.12010434459070769,0.11802816591928895,11.711151825717147,0.15502912870501526,-8.737651483979223,15150176,0,15151200,15151200,77C64E18C1DFEF3DE8DF5D97D53889C9,8770BCACB4019A0D625C6A14A0AC3A13,5.9,ERRSPEC-T1T3-REV4-2026-09-04,OK,pairs_music340.csv
board_prvtgtr_fl_mod_w15,fl_mod,prvtgtr,15,0.6920622452205535,0.008378705984451052,-3.7815640580975747,0.6743546907044301,-26.89119594737715,15150176,0,15151200,15151200,6C7B68265A114E0D00EC92C0D20A8D28,8770BCACB4019A0D625C6A14A0AC3A13,5.1,ERRSPEC-T1T3-REV4-2026-09-04,OK,pairs_music340.csv
board_prvtgtr_fl_mod_w16,fl_mod,prvtgtr,16,0.8125660838560973,0.002187349531805609,-5.478867092514671,0.7208560361325843,-38.218399352073135,15150176,0,15151200,15151200,AEB75B2ABE0AD6AA09EF36E432AAE146,8770BCACB4019A0D625C6A14A0AC3A13,6.4,ERRSPEC-T1T3-REV4-2026-09-04,OK,pairs_music340.csv
board_prvtgtr_fl_mod_w17,fl_mod,prvtgtr,17,0.8214972635344258,0.0011885947097558195,-5.696206038270941,0.7474969135161025,-45.50221977377605,15150176,0,15151200,15151200,9FC26A813DA6589886A80D41A5E26D65,8770BCACB4019A0D625C6A14A0AC3A13,3.6,ERRSPEC-T1T3-REV4-2026-09-04,OK,pairs_music340.csv
board_prvtgtr_fl_mod_w18,fl_mod,prvtgtr,18,0.8299967808341091,0.0008284942284829579,-4.940636467955963,0.7111190547122714,-54.396101944291416,15150176,0,15151200,15151200,2DCC9684C91F86FD5DA70082BC2B616E,8770BCACB4019A0D625C6A14A0AC3A13,4.3,ERRSPEC-T1T3-REV4-2026-09-04,OK,pairs_music340.csv
board_prvtgtr_fl_mod_w19,fl_mod,prvtgtr,19,0.7794462213573264,0.013618534332131327,-2.9978415029183103,0.6298309719323529,-61.74940112553605,15150176,0,15151200,15151200,CCFF7D93554EA48D5C53E1B4FD17C9FE,8770BCACB4019A0D625C6A14A0AC3A13,4.2,ERRSPEC-T1T3-REV4-2026-09-04,OK,pairs_music340.csv
board_prvtgtr_fl_mod_w20,fl_mod,prvtgtr,20,0.7724798747544824,0.016529476468415162,-2.9153136696348776,0.6260557508545143,-66.72780186102169,15150176,0,15151200,15151200,FDEAE513C406DD074A6B7462BF7414A5,8770BCACB4019A0D625C6A14A0AC3A13,4.4,ERRSPEC-T1T3-REV4-2026-09-04,OK,pairs_music340.csv
board_prvtgtr_fl_mod_w21,fl_mod,prvtgtr,21,0.731834878318784,0.011351108763120848,-1.80463833649264,0.567593049857246,-72.54590229578749,15150176,0,15151200,15151200,35E6C14DEC74BFC5239A8DD9E9272ED1,8770BCACB4019A0D625C6A14A0AC3A13,5.4,ERRSPEC-T1T3-REV4-2026-09-04,OK,pairs_music340.csv
board_prvtgtr_fl_mod_w22,fl_mod,prvtgtr,22,0.7989705472990563,0.020474878845804786,-3.401038436737992,0.632618080804853,-79.21415403290776,15150176,0,15151200,15151200,12C08A91CE0356DF6E0835549CEF41B9,8770BCACB4019A0D625C6A14A0AC3A13,7.6,ERRSPEC-T1T3-REV4-2026-09-04,OK,pairs_music340.csv
board_prvtgtr_fl_mod_w23,fl_mod,prvtgtr,23,0.7598619432496779,0.006238726577401444,-2.722794844409747,0.6284707578112712,-79.64270727267429,15150176,0,15151200,15151200,5C76576E3F9D9C8CD9A5CAC8B43E3D8B,8770BCACB4019A0D625C6A14A0AC3A13,4.2,ERRSPEC-T1T3-REV4-2026-09-04,OK,pairs_music340.csv
board_prvtgtr_fl_mod_w24,fl_mod,prvtgtr,24,0.6838482050197501,0.012838144938789946,-1.1764998083964373,0.5635459892444197,-80.14981650293313,15150176,0,15151200,15151200,DEB7E3B4953A70D2DD33B924C3EBC188,8770BCACB4019A0D625C6A14A0AC3A13,3.7,ERRSPEC-T1T3-REV4-2026-09-04,OK,pairs_music340.csv
board_ytbass_fl_mod_w8,fl_mod,ytbass,8,0.025024387983542094,0.890457514595714,20.515950472280057,0.05887496785596301,8.421472001397046,29070176,0,29071200,29071200,FFD5DEBE8521010B7A614BC718C7973B,1A227E4127A686DF9800C806ECF31C92,8.2,ERRSPEC-T1T3-REV4-2026-09-04,OK,pairs_music340.csv
board_ytbass_fl_mod_w9,fl_mod,ytbass,9,0.025328920485768312,0.9699793243952276,20.25809343509136,0.06439540097024041,2.579226159875322,29070176,0,29071200,29071200,ED0628526F503D99D72D846D83F7D811,1A227E4127A686DF9800C806ECF31C92,11.3,ERRSPEC-T1T3-REV4-2026-09-04,OK,pairs_music340.csv
board_ytbass_fl_mod_w10,fl_mod,ytbass,10,0.02380329756061101,0.9927539160316984,20.565049024454133,0.06155964649699504,0.23566926477144712,29070176,0,29071200,29071200,9037C8A6DE10DE7450354649BB2879A5,1A227E4127A686DF9800C806ECF31C92,7.3,ERRSPEC-T1T3-REV4-2026-09-04,OK,pairs_music340.csv
board_ytbass_fl_mod_w11,fl_mod,ytbass,11,0.023821726483442048,0.9969551639869682,20.554431943395702,0.06174188896918621,0.14114471057241396,29070176,0,29071200,29071200,22633E0F0B9E2B1D8BF61848A590729A,1A227E4127A686DF9800C806ECF31C92,13.5,ERRSPEC-T1T3-REV4-2026-09-04,OK,pairs_music340.csv
board_ytbass_fl_mod_w12,fl_mod,ytbass,12,0.023677423823127753,0.9979995529020596,20.58537764574328,0.06142688148650697,0.06449721571256894,29070176,0,29071200,29071200,61B46634FC73EB6779623C61CE16CFE6,1A227E4127A686DF9800C806ECF31C92,14.1,ERRSPEC-T1T3-REV4-2026-09-04,OK,pairs_music340.csv
board_ytbass_fl_mod_w13,fl_mod,ytbass,13,0.02477231485566919,0.9811972999445984,20.32919996612799,0.06446524388204372,-0.04818432794975003,29070176,0,29071200,29071200,74B7E264E1DCB0CA5F1C7406FA2ECECA,1A227E4127A686DF9800C806ECF31C92,8.1,ERRSPEC-T1T3-REV4-2026-09-04,OK,pairs_music340.csv
board_ytbass_fl_mod_w14,fl_mod,ytbass,14,0.044532324994071996,0.1830232854645146,17.29483659396384,0.09154045976637673,-6.335335405827415,29070176,0,29071200,29071200,CC41376091CD75562718201B8A84B31C,1A227E4127A686DF9800C806ECF31C92,8.1,ERRSPEC-T1T3-REV4-2026-09-04,OK,pairs_music340.csv
board_ytbass_fl_mod_w15,fl_mod,ytbass,15,0.2673879514297295,0.04556471724466411,5.187670518465208,0.4107245525223317,-19.69557996708981,29070176,0,29071200,29071200,B4344750972FC4F339EE9CED80CEC866,1A227E4127A686DF9800C806ECF31C92,13.1,ERRSPEC-T1T3-REV4-2026-09-04,OK,pairs_music340.csv
board_ytbass_fl_mod_w16,fl_mod,ytbass,16,0.5497138981540152,0.004552528427603006,-0.7802813475500391,0.5836843889097953,-32.64293333056624,29070176,0,29071200,29071200,AD94E429BCFB38024550D3428C4D0E4A,1A227E4127A686DF9800C806ECF31C92,7.4,ERRSPEC-T1T3-REV4-2026-09-04,OK,pairs_music340.csv
board_ytbass_fl_mod_w17,fl_mod,ytbass,17,0.6231544977114875,0.0013535873792638947,-1.9301145495542713,0.6150978222544035,-38.361077869719296,29070176,0,29071200,29071200,639B7ECE9AEDFEB116BAD88D6C5B8E66,1A227E4127A686DF9800C806ECF31C92,9.9,ERRSPEC-T1T3-REV4-2026-09-04,OK,pairs_music340.csv
board_ytbass_fl_mod_w18,fl_mod,ytbass,18,0.6580642159871926,0.0023478425086208006,-2.3422017311473247,0.628700990478669,-47.813957435822516,29070176,0,29071200,29071200,A2354DB42A67BA40B9A241EDBF186291,1A227E4127A686DF9800C806ECF31C92,8.1,ERRSPEC-T1T3-REV4-2026-09-04,OK,pairs_music340.csv
board_ytbass_fl_mod_w19,fl_mod,ytbass,19,0.6187245149881594,0.0008906046971161243,-0.9723334697294662,0.5774363738904327,-55.61873045391788,29070176,0,29071200,29071200,0411A0A2573044417156A05A603C3239,1A227E4127A686DF9800C806ECF31C92,7.3,ERRSPEC-T1T3-REV4-2026-09-04,OK,pairs_music340.csv
board_ytbass_fl_mod_w20,fl_mod,ytbass,20,0.6284730875878017,0.016778136722676626,-1.6437351238395284,0.589438738700701,-62.602291648137296,29070176,0,29071200,29071200,82661358F00139535299457E2A363642,1A227E4127A686DF9800C806ECF31C92,13.0,ERRSPEC-T1T3-REV4-2026-09-04,OK,pairs_music340.csv
board_ytbass_fl_mod_w21,fl_mod,ytbass,21,0.6698641206185503,0.0018327371322227244,-1.640915097450879,0.5706042850528307,-70.17004558834488,29070176,0,29071200,29071200,7FA7325E4033D67BDC52A8FF3A38A337,1A227E4127A686DF9800C806ECF31C92,7.3,ERRSPEC-T1T3-REV4-2026-09-04,OK,pairs_music340.csv
board_ytbass_fl_mod_w22,fl_mod,ytbass,22,0.6771614282208656,0.0024139197230223296,-2.15407094654704,0.5948271557902229,-75.12231767528142,29070176,0,29071200,29071200,D7BAC70E24306C2DF201D02CAC209313,1A227E4127A686DF9800C806ECF31C92,9.7,ERRSPEC-T1T3-REV4-2026-09-04,OK,pairs_music340.csv
board_ytbass_fl_mod_w23,fl_mod,ytbass,23,0.6291988936984045,0.014986120811440852,-1.3729615787255005,0.5739466481550805,-75.96407114740907,29070176,0,29071200,29071200,97DF07C3F070FDFFB08E9B5F183A99F9,1A227E4127A686DF9800C806ECF31C92,14.2,ERRSPEC-T1T3-REV4-2026-09-04,OK,pairs_music340.csv
board_ytbass_fl_mod_w24,fl_mod,ytbass,24,0.6161622633058926,0.005041903518774446,-1.0501697693605156,0.5686377555147079,-76.78747308092763,29070176,0,29071200,29071200,624616FF607407E51189A5EEA8484950,1A227E4127A686DF9800C806ECF31C92,14.3,ERRSPEC-T1T3-REV4-2026-09-04,OK,pairs_music340.csv
