Copyright 1986-2022 Xilinx, Inc. All Rights Reserved. Copyright 2022-2025 Advanced Micro Devices, Inc. All Rights Reserved.
---------------------------------------------------------------------------------------------------------------------------------------------------------------------------------------------------------------------------------------------------------------------------------
| Tool Version : Vivado v.2025.2 (win64) Build 6299465 Fri Nov 14 19:35:11 GMT 2025
| Date         : Sat Aug  8 21:03:02 2026
| Host         : Lenny_Lenovo running 64-bit major release  (build 9200)
| Command      : report_timing_summary -max_paths 10 -routable_nets -report_unconstrained -file gru_bin_version_wrapper_timing_summary_routed.rpt -pb gru_bin_version_wrapper_timing_summary_routed.pb -rpx gru_bin_version_wrapper_timing_summary_routed.rpx -warn_on_violation
| Design       : gru_bin_version_wrapper
| Device       : 7z020-clg400
| Speed File   : -1  PRODUCTION 1.12 2019-11-22
| Design State : Routed
---------------------------------------------------------------------------------------------------------------------------------------------------------------------------------------------------------------------------------------------------------------------------------

Timing Summary Report

------------------------------------------------------------------------------------------------
| Timer Settings
| --------------
------------------------------------------------------------------------------------------------

  Enable Multi Corner Analysis               :  Yes
  Enable Pessimism Removal                   :  Yes
  Pessimism Removal Resolution               :  Nearest Common Node
  Enable Input Delay Default Clock           :  No
  Enable Preset / Clear Arcs                 :  No
  Disable Flight Delays                      :  No
  Ignore I/O Paths                           :  No
  Timing Early Launch at Borrowing Latches   :  No
  Borrow Time for Max Delay Exceptions       :  Yes
  Merge Timing Exceptions                    :  Yes
  Inter-SLR Compensation                     :  Conservative

  Corner  Analyze    Analyze    
  Name    Max Paths  Min Paths  
  ------  ---------  ---------  
  Slow    Yes        Yes        
  Fast    Yes        Yes        


------------------------------------------------------------------------------------------------
| Report Methodology
| ------------------
------------------------------------------------------------------------------------------------

Rule     Severity  Description                   Violations  
-------  --------  ----------------------------  ----------  
LUTAR-1  Warning   LUT drives async reset alert  4           

Note: This report is based on the most recent report_methodology run and may not be up-to-date. Run report_methodology on the current design for the latest report.



check_timing report

Table of Contents
-----------------
1. checking no_clock (0)
2. checking constant_clock (0)
3. checking pulse_width_clock (0)
4. checking unconstrained_internal_endpoints (0)
5. checking no_input_delay (0)
6. checking no_output_delay (0)
7. checking multiple_clock (0)
8. checking generated_clocks (0)
9. checking loops (0)
10. checking partial_input_delay (0)
11. checking partial_output_delay (0)
12. checking latch_loops (0)

1. checking no_clock (0)
------------------------
 There are 0 register/latch pins with no clock.


2. checking constant_clock (0)
------------------------------
 There are 0 register/latch pins with constant_clock.


3. checking pulse_width_clock (0)
---------------------------------
 There are 0 register/latch pins which need pulse_width check


4. checking unconstrained_internal_endpoints (0)
------------------------------------------------
 There are 0 pins that are not constrained for maximum delay.

 There are 0 pins that are not constrained for maximum delay due to constant clock.


5. checking no_input_delay (0)
------------------------------
 There are 0 input ports with no input delay specified.

 There are 0 input ports with no input delay but user has a false path constraint.


6. checking no_output_delay (0)
-------------------------------
 There are 0 ports with no output delay specified.

 There are 0 ports with no output delay but user has a false path constraint

 There are 0 ports with no output delay but with a timing clock defined on it or propagating through it


7. checking multiple_clock (0)
------------------------------
 There are 0 register/latch pins with multiple clocks.


8. checking generated_clocks (0)
--------------------------------
 There are 0 generated clocks that are not connected to a clock source.


9. checking loops (0)
---------------------
 There are 0 combinational loops in the design.


10. checking partial_input_delay (0)
------------------------------------
 There are 0 input ports with partial input delay specified.


11. checking partial_output_delay (0)
-------------------------------------
 There are 0 ports with partial output delay specified.


12. checking latch_loops (0)
----------------------------
 There are 0 combinational latch loops in the design through latch input



------------------------------------------------------------------------------------------------
| Design Timing Summary
| ---------------------
------------------------------------------------------------------------------------------------

    WNS(ns)      TNS(ns)  TNS Failing Endpoints  TNS Total Endpoints      WHS(ns)      THS(ns)  THS Failing Endpoints  THS Total Endpoints     WPWS(ns)     TPWS(ns)  TPWS Failing Endpoints  TPWS Total Endpoints  
    -------      -------  ---------------------  -------------------      -------      -------  ---------------------  -------------------     --------     --------  ----------------------  --------------------  
      0.202        0.000                      0                53475        0.015        0.000                      0                53475        3.750        0.000                       0                 22706  


All user specified timing constraints are met.


------------------------------------------------------------------------------------------------
| Clock Summary
| -------------
------------------------------------------------------------------------------------------------

Clock       Waveform(ns)       Period(ns)      Frequency(MHz)
-----       ------------       ----------      --------------
clk_fpga_0  {0.000 5.000}      10.000          100.000         


------------------------------------------------------------------------------------------------
| Intra Clock Table
| -----------------
------------------------------------------------------------------------------------------------

Clock             WNS(ns)      TNS(ns)  TNS Failing Endpoints  TNS Total Endpoints      WHS(ns)      THS(ns)  THS Failing Endpoints  THS Total Endpoints     WPWS(ns)     TPWS(ns)  TPWS Failing Endpoints  TPWS Total Endpoints  
-----             -------      -------  ---------------------  -------------------      -------      -------  ---------------------  -------------------     --------     --------  ----------------------  --------------------  
clk_fpga_0          0.202        0.000                      0                53347        0.015        0.000                      0                53347        3.750        0.000                       0                 22706  


------------------------------------------------------------------------------------------------
| Inter Clock Table
| -----------------
------------------------------------------------------------------------------------------------

From Clock    To Clock          WNS(ns)      TNS(ns)  TNS Failing Endpoints  TNS Total Endpoints      WHS(ns)      THS(ns)  THS Failing Endpoints  THS Total Endpoints  
----------    --------          -------      -------  ---------------------  -------------------      -------      -------  ---------------------  -------------------  


------------------------------------------------------------------------------------------------
| Other Path Groups Table
| -----------------------
------------------------------------------------------------------------------------------------

Path Group         From Clock         To Clock               WNS(ns)      TNS(ns)  TNS Failing Endpoints  TNS Total Endpoints      WHS(ns)      THS(ns)  THS Failing Endpoints  THS Total Endpoints  
----------         ----------         --------               -------      -------  ---------------------  -------------------      -------      -------  ---------------------  -------------------  
**async_default**  clk_fpga_0         clk_fpga_0               6.942        0.000                      0                  128        0.500        0.000                      0                  128  


------------------------------------------------------------------------------------------------
| User Ignored Path Table
| -----------------------
------------------------------------------------------------------------------------------------

Path Group    From Clock    To Clock    
----------    ----------    --------    
(none)                      clk_fpga_0    
(none)        clk_fpga_0    clk_fpga_0    


------------------------------------------------------------------------------------------------
| Unconstrained Path Table
| ------------------------
------------------------------------------------------------------------------------------------

Path Group    From Clock    To Clock    
----------    ----------    --------    


------------------------------------------------------------------------------------------------
| Timing Details
| --------------
------------------------------------------------------------------------------------------------


---------------------------------------------------------------------------------------------------
From Clock:  clk_fpga_0
  To Clock:  clk_fpga_0

Setup :            0  Failing Endpoints,  Worst Slack        0.202ns,  Total Violation        0.000ns
Hold  :            0  Failing Endpoints,  Worst Slack        0.015ns,  Total Violation        0.000ns
PW    :            0  Failing Endpoints,  Worst Slack        3.750ns,  Total Violation        0.000ns
---------------------------------------------------------------------------------------------------


Max Delay Paths
--------------------------------------------------------------------------------------
Slack (MET) :             0.202ns  (required time - arrival time)
  Source:                 gru_bin_version_i/gru_va_0/inst/ap_CS_fsm_reg[0]/C
                            (rising edge-triggered cell FDSE clocked by clk_fpga_0  {rise@0.000ns fall@5.000ns period=10.000ns})
  Destination:            gru_bin_version_i/gru_va_0/inst/h_new_11_1_lcssa131_fu_642_reg[3]/D
                            (rising edge-triggered cell FDRE clocked by clk_fpga_0  {rise@0.000ns fall@5.000ns period=10.000ns})
  Path Group:             clk_fpga_0
  Path Type:              Setup (Max at Slow Process Corner)
  Requirement:            10.000ns  (clk_fpga_0 rise@10.000ns - clk_fpga_0 rise@0.000ns)
  Data Path Delay:        9.652ns  (logic 0.580ns (6.009%)  route 9.072ns (93.991%))
  Logic Levels:           1  (LUT5=1)
  Clock Path Skew:        -0.072ns (DCD - SCD + CPR)
    Destination Clock Delay (DCD):    2.725ns = ( 12.725 - 10.000 ) 
    Source Clock Delay      (SCD):    2.926ns
    Clock Pessimism Removal (CPR):    0.129ns
  Clock Uncertainty:      0.154ns  ((TSJ^2 + TIJ^2)^1/2 + DJ) / 2 + PE
    Total System Jitter     (TSJ):    0.071ns
    Total Input Jitter      (TIJ):    0.300ns
    Discrete Jitter          (DJ):    0.000ns
    Phase Error              (PE):    0.000ns

    Location             Delay type                Incr(ns)  Path(ns)    Netlist Resource(s)
  -------------------------------------------------------------------    -------------------
                         (clock clk_fpga_0 rise edge)
                                                      0.000     0.000 r  
    PS7_X0Y0             PS7                          0.000     0.000 r  gru_bin_version_i/processing_system7_0/inst/PS7_i/FCLKCLK[0]
                         net (fo=1, routed)           1.193     1.193    gru_bin_version_i/processing_system7_0/inst/FCLK_CLK_unbuffered[0]
    BUFGCTRL_X0Y16       BUFG (Prop_bufg_I_O)         0.101     1.294 r  gru_bin_version_i/processing_system7_0/inst/buffer_fclk_clk_0.FCLK_CLK_0_BUFG/O
                         net (fo=22708, routed)       1.632     2.926    gru_bin_version_i/gru_va_0/inst/ap_clk
    SLICE_X39Y75         FDSE                                         r  gru_bin_version_i/gru_va_0/inst/ap_CS_fsm_reg[0]/C
  -------------------------------------------------------------------    -------------------
    SLICE_X39Y75         FDSE (Prop_fdse_C_Q)         0.456     3.382 r  gru_bin_version_i/gru_va_0/inst/ap_CS_fsm_reg[0]/Q
                         net (fo=793, routed)         9.072    12.454    gru_bin_version_i/gru_va_0/inst/CTRL_s_axi_U/Q[0]
    SLICE_X82Y54         LUT5 (Prop_lut5_I1_O)        0.124    12.578 r  gru_bin_version_i/gru_va_0/inst/CTRL_s_axi_U/h_new_11_1_lcssa131_fu_642[3]_i_1/O
                         net (fo=1, routed)           0.000    12.578    gru_bin_version_i/gru_va_0/inst/CTRL_s_axi_U_n_501
    SLICE_X82Y54         FDRE                                         r  gru_bin_version_i/gru_va_0/inst/h_new_11_1_lcssa131_fu_642_reg[3]/D
  -------------------------------------------------------------------    -------------------

                         (clock clk_fpga_0 rise edge)
                                                     10.000    10.000 r  
    PS7_X0Y0             PS7                          0.000    10.000 r  gru_bin_version_i/processing_system7_0/inst/PS7_i/FCLKCLK[0]
                         net (fo=1, routed)           1.088    11.088    gru_bin_version_i/processing_system7_0/inst/FCLK_CLK_unbuffered[0]
    BUFGCTRL_X0Y16       BUFG (Prop_bufg_I_O)         0.091    11.179 r  gru_bin_version_i/processing_system7_0/inst/buffer_fclk_clk_0.FCLK_CLK_0_BUFG/O
                         net (fo=22708, routed)       1.546    12.725    gru_bin_version_i/gru_va_0/inst/ap_clk
    SLICE_X82Y54         FDRE                                         r  gru_bin_version_i/gru_va_0/inst/h_new_11_1_lcssa131_fu_642_reg[3]/C
                         clock pessimism              0.129    12.854    
                         clock uncertainty           -0.154    12.700    
    SLICE_X82Y54         FDRE (Setup_fdre_C_D)        0.081    12.781    gru_bin_version_i/gru_va_0/inst/h_new_11_1_lcssa131_fu_642_reg[3]
  -------------------------------------------------------------------
                         required time                         12.781    
                         arrival time                         -12.578    
  -------------------------------------------------------------------
                         slack                                  0.202    

Slack (MET) :             0.265ns  (required time - arrival time)
  Source:                 gru_bin_version_i/gru_va_0/inst/grp_gru_va_Pipeline_HIDDEN_LOOP_fu_806/val_r_16_reg_21787_reg[9]/C
                            (rising edge-triggered cell FDSE clocked by clk_fpga_0  {rise@0.000ns fall@5.000ns period=10.000ns})
  Destination:            gru_bin_version_i/gru_va_0/inst/grp_gru_va_Pipeline_HIDDEN_LOOP_fu_806/val_r_20_reg_21805_reg[0]/S
                            (rising edge-triggered cell FDSE clocked by clk_fpga_0  {rise@0.000ns fall@5.000ns period=10.000ns})
  Path Group:             clk_fpga_0
  Path Type:              Setup (Max at Slow Process Corner)
  Requirement:            10.000ns  (clk_fpga_0 rise@10.000ns - clk_fpga_0 rise@0.000ns)
  Data Path Delay:        8.786ns  (logic 3.828ns (43.568%)  route 4.958ns (56.432%))
  Logic Levels:           18  (CARRY4=15 LUT2=1 LUT3=1 LUT4=1)
  Clock Path Skew:        -0.365ns (DCD - SCD + CPR)
    Destination Clock Delay (DCD):    2.776ns = ( 12.776 - 10.000 ) 
    Source Clock Delay      (SCD):    3.270ns
    Clock Pessimism Removal (CPR):    0.129ns
  Clock Uncertainty:      0.154ns  ((TSJ^2 + TIJ^2)^1/2 + DJ) / 2 + PE
    Total System Jitter     (TSJ):    0.071ns
    Total Input Jitter      (TIJ):    0.300ns
    Discrete Jitter          (DJ):    0.000ns
    Phase Error              (PE):    0.000ns

    Location             Delay type                Incr(ns)  Path(ns)    Netlist Resource(s)
  -------------------------------------------------------------------    -------------------
                         (clock clk_fpga_0 rise edge)
                                                      0.000     0.000 r  
    PS7_X0Y0             PS7                          0.000     0.000 r  gru_bin_version_i/processing_system7_0/inst/PS7_i/FCLKCLK[0]
                         net (fo=1, routed)           1.193     1.193    gru_bin_version_i/processing_system7_0/inst/FCLK_CLK_unbuffered[0]
    BUFGCTRL_X0Y16       BUFG (Prop_bufg_I_O)         0.101     1.294 r  gru_bin_version_i/processing_system7_0/inst/buffer_fclk_clk_0.FCLK_CLK_0_BUFG/O
                         net (fo=22708, routed)       1.976     3.270    gru_bin_version_i/gru_va_0/inst/grp_gru_va_Pipeline_HIDDEN_LOOP_fu_806/ap_clk
    SLICE_X101Y108       FDSE                                         r  gru_bin_version_i/gru_va_0/inst/grp_gru_va_Pipeline_HIDDEN_LOOP_fu_806/val_r_16_reg_21787_reg[9]/C
  -------------------------------------------------------------------    -------------------
    SLICE_X101Y108       FDSE (Prop_fdse_C_Q)         0.419     3.689 r  gru_bin_version_i/gru_va_0/inst/grp_gru_va_Pipeline_HIDDEN_LOOP_fu_806/val_r_16_reg_21787_reg[9]/Q
                         net (fo=2, routed)           0.833     4.522    gru_bin_version_i/gru_va_0/inst/grp_gru_va_Pipeline_HIDDEN_LOOP_fu_806/val_r_16_reg_21787_reg_n_3_[9]
    SLICE_X105Y104       LUT2 (Prop_lut2_I1_O)        0.299     4.821 r  gru_bin_version_i/gru_va_0/inst/grp_gru_va_Pipeline_HIDDEN_LOOP_fu_806/val_r_20_reg_21805[31]_i_80/O
                         net (fo=1, routed)           0.000     4.821    gru_bin_version_i/gru_va_0/inst/grp_gru_va_Pipeline_HIDDEN_LOOP_fu_806/val_r_20_reg_21805[31]_i_80_n_3
    SLICE_X105Y104       CARRY4 (Prop_carry4_S[1]_CO[3])
                                                      0.550     5.371 r  gru_bin_version_i/gru_va_0/inst/grp_gru_va_Pipeline_HIDDEN_LOOP_fu_806/val_r_20_reg_21805_reg[31]_i_68/CO[3]
                         net (fo=1, routed)           0.000     5.371    gru_bin_version_i/gru_va_0/inst/grp_gru_va_Pipeline_HIDDEN_LOOP_fu_806/val_r_20_reg_21805_reg[31]_i_68_n_3
    SLICE_X105Y105       CARRY4 (Prop_carry4_CI_CO[3])
                                                      0.114     5.485 r  gru_bin_version_i/gru_va_0/inst/grp_gru_va_Pipeline_HIDDEN_LOOP_fu_806/val_r_20_reg_21805_reg[31]_i_58/CO[3]
                         net (fo=1, routed)           0.000     5.485    gru_bin_version_i/gru_va_0/inst/grp_gru_va_Pipeline_HIDDEN_LOOP_fu_806/val_r_20_reg_21805_reg[31]_i_58_n_3
    SLICE_X105Y106       CARRY4 (Prop_carry4_CI_CO[3])
                                                      0.114     5.599 r  gru_bin_version_i/gru_va_0/inst/grp_gru_va_Pipeline_HIDDEN_LOOP_fu_806/val_r_20_reg_21805_reg[31]_i_48/CO[3]
                         net (fo=1, routed)           0.000     5.599    gru_bin_version_i/gru_va_0/inst/grp_gru_va_Pipeline_HIDDEN_LOOP_fu_806/val_r_20_reg_21805_reg[31]_i_48_n_3
    SLICE_X105Y107       CARRY4 (Prop_carry4_CI_CO[3])
                                                      0.114     5.713 r  gru_bin_version_i/gru_va_0/inst/grp_gru_va_Pipeline_HIDDEN_LOOP_fu_806/val_r_20_reg_21805_reg[31]_i_38/CO[3]
                         net (fo=1, routed)           0.000     5.713    gru_bin_version_i/gru_va_0/inst/grp_gru_va_Pipeline_HIDDEN_LOOP_fu_806/val_r_20_reg_21805_reg[31]_i_38_n_3
    SLICE_X105Y108       CARRY4 (Prop_carry4_CI_CO[3])
                                                      0.114     5.827 r  gru_bin_version_i/gru_va_0/inst/grp_gru_va_Pipeline_HIDDEN_LOOP_fu_806/val_r_20_reg_21805_reg[31]_i_23/CO[3]
                         net (fo=1, routed)           0.000     5.827    gru_bin_version_i/gru_va_0/inst/grp_gru_va_Pipeline_HIDDEN_LOOP_fu_806/val_r_20_reg_21805_reg[31]_i_23_n_3
    SLICE_X105Y109       CARRY4 (Prop_carry4_CI_CO[3])
                                                      0.114     5.941 r  gru_bin_version_i/gru_va_0/inst/grp_gru_va_Pipeline_HIDDEN_LOOP_fu_806/val_r_20_reg_21805_reg[31]_i_16/CO[3]
                         net (fo=64, routed)          1.879     7.820    gru_bin_version_i/gru_va_0/inst/grp_gru_va_Pipeline_HIDDEN_LOOP_fu_806/val_r_20_reg_21805_reg[31]_i_16_n_3
    SLICE_X104Y86        LUT4 (Prop_lut4_I2_O)        0.124     7.944 r  gru_bin_version_i/gru_va_0/inst/grp_gru_va_Pipeline_HIDDEN_LOOP_fu_806/val_r_20_reg_21805[0]_i_5/O
                         net (fo=1, routed)           0.000     7.944    gru_bin_version_i/gru_va_0/inst/grp_gru_va_Pipeline_HIDDEN_LOOP_fu_806/val_r_20_reg_21805[0]_i_5_n_3
    SLICE_X104Y86        CARRY4 (Prop_carry4_S[1]_CO[3])
                                                      0.533     8.477 r  gru_bin_version_i/gru_va_0/inst/grp_gru_va_Pipeline_HIDDEN_LOOP_fu_806/val_r_20_reg_21805_reg[0]_i_2/CO[3]
                         net (fo=1, routed)           0.000     8.477    gru_bin_version_i/gru_va_0/inst/grp_gru_va_Pipeline_HIDDEN_LOOP_fu_806/val_r_20_reg_21805_reg[0]_i_2_n_3
    SLICE_X104Y87        CARRY4 (Prop_carry4_CI_CO[3])
                                                      0.117     8.594 r  gru_bin_version_i/gru_va_0/inst/grp_gru_va_Pipeline_HIDDEN_LOOP_fu_806/val_r_20_reg_21805_reg[31]_i_63/CO[3]
                         net (fo=1, routed)           0.000     8.594    gru_bin_version_i/gru_va_0/inst/grp_gru_va_Pipeline_HIDDEN_LOOP_fu_806/val_r_20_reg_21805_reg[31]_i_63_n_3
    SLICE_X104Y88        CARRY4 (Prop_carry4_CI_CO[3])
                                                      0.117     8.711 r  gru_bin_version_i/gru_va_0/inst/grp_gru_va_Pipeline_HIDDEN_LOOP_fu_806/val_r_20_reg_21805_reg[31]_i_53/CO[3]
                         net (fo=1, routed)           0.000     8.711    gru_bin_version_i/gru_va_0/inst/grp_gru_va_Pipeline_HIDDEN_LOOP_fu_806/val_r_20_reg_21805_reg[31]_i_53_n_3
    SLICE_X104Y89        CARRY4 (Prop_carry4_CI_CO[3])
                                                      0.117     8.828 r  gru_bin_version_i/gru_va_0/inst/grp_gru_va_Pipeline_HIDDEN_LOOP_fu_806/val_r_20_reg_21805_reg[31]_i_43/CO[3]
                         net (fo=1, routed)           0.000     8.828    gru_bin_version_i/gru_va_0/inst/grp_gru_va_Pipeline_HIDDEN_LOOP_fu_806/val_r_20_reg_21805_reg[31]_i_43_n_3
    SLICE_X104Y90        CARRY4 (Prop_carry4_CI_CO[3])
                                                      0.117     8.945 r  gru_bin_version_i/gru_va_0/inst/grp_gru_va_Pipeline_HIDDEN_LOOP_fu_806/val_r_20_reg_21805_reg[31]_i_33/CO[3]
                         net (fo=1, routed)           0.000     8.945    gru_bin_version_i/gru_va_0/inst/grp_gru_va_Pipeline_HIDDEN_LOOP_fu_806/val_r_20_reg_21805_reg[31]_i_33_n_3
    SLICE_X104Y91        CARRY4 (Prop_carry4_CI_CO[3])
                                                      0.117     9.062 r  gru_bin_version_i/gru_va_0/inst/grp_gru_va_Pipeline_HIDDEN_LOOP_fu_806/val_r_20_reg_21805_reg[31]_i_18/CO[3]
                         net (fo=1, routed)           0.000     9.062    gru_bin_version_i/gru_va_0/inst/grp_gru_va_Pipeline_HIDDEN_LOOP_fu_806/val_r_20_reg_21805_reg[31]_i_18_n_3
    SLICE_X104Y92        CARRY4 (Prop_carry4_CI_CO[3])
                                                      0.117     9.179 r  gru_bin_version_i/gru_va_0/inst/grp_gru_va_Pipeline_HIDDEN_LOOP_fu_806/val_r_20_reg_21805_reg[31]_i_10/CO[3]
                         net (fo=1, routed)           0.000     9.179    gru_bin_version_i/gru_va_0/inst/grp_gru_va_Pipeline_HIDDEN_LOOP_fu_806/val_r_20_reg_21805_reg[31]_i_10_n_3
    SLICE_X104Y93        CARRY4 (Prop_carry4_CI_CO[3])
                                                      0.117     9.296 r  gru_bin_version_i/gru_va_0/inst/grp_gru_va_Pipeline_HIDDEN_LOOP_fu_806/val_r_20_reg_21805_reg[31]_i_5/CO[3]
                         net (fo=1, routed)           0.000     9.296    gru_bin_version_i/gru_va_0/inst/grp_gru_va_Pipeline_HIDDEN_LOOP_fu_806/val_r_20_reg_21805_reg[31]_i_5_n_3
    SLICE_X104Y94        CARRY4 (Prop_carry4_CI_O[0])
                                                      0.219     9.515 f  gru_bin_version_i/gru_va_0/inst/grp_gru_va_Pipeline_HIDDEN_LOOP_fu_806/val_r_20_reg_21805_reg[31]_i_3/O[0]
                         net (fo=33, routed)          0.921    10.436    gru_bin_version_i/gru_va_0/inst/grp_gru_va_Pipeline_HIDDEN_LOOP_fu_806/tmp_65_fu_9315_p3[0]
    SLICE_X102Y90        LUT3 (Prop_lut3_I0_O)        0.295    10.731 r  gru_bin_version_i/gru_va_0/inst/grp_gru_va_Pipeline_HIDDEN_LOOP_fu_806/val_r_20_reg_21805[31]_i_1/O
                         net (fo=32, routed)          1.326    12.056    gru_bin_version_i/gru_va_0/inst/grp_gru_va_Pipeline_HIDDEN_LOOP_fu_806/val_r_20_reg_21805
    SLICE_X101Y69        FDSE                                         r  gru_bin_version_i/gru_va_0/inst/grp_gru_va_Pipeline_HIDDEN_LOOP_fu_806/val_r_20_reg_21805_reg[0]/S
  -------------------------------------------------------------------    -------------------

                         (clock clk_fpga_0 rise edge)
                                                     10.000    10.000 r  
    PS7_X0Y0             PS7                          0.000    10.000 r  gru_bin_version_i/processing_system7_0/inst/PS7_i/FCLKCLK[0]
                         net (fo=1, routed)           1.088    11.088    gru_bin_version_i/processing_system7_0/inst/FCLK_CLK_unbuffered[0]
    BUFGCTRL_X0Y16       BUFG (Prop_bufg_I_O)         0.091    11.179 r  gru_bin_version_i/processing_system7_0/inst/buffer_fclk_clk_0.FCLK_CLK_0_BUFG/O
                         net (fo=22708, routed)       1.597    12.776    gru_bin_version_i/gru_va_0/inst/grp_gru_va_Pipeline_HIDDEN_LOOP_fu_806/ap_clk
    SLICE_X101Y69        FDSE                                         r  gru_bin_version_i/gru_va_0/inst/grp_gru_va_Pipeline_HIDDEN_LOOP_fu_806/val_r_20_reg_21805_reg[0]/C
                         clock pessimism              0.129    12.905    
                         clock uncertainty           -0.154    12.751    
    SLICE_X101Y69        FDSE (Setup_fdse_C_S)       -0.429    12.322    gru_bin_version_i/gru_va_0/inst/grp_gru_va_Pipeline_HIDDEN_LOOP_fu_806/val_r_20_reg_21805_reg[0]
  -------------------------------------------------------------------
                         required time                         12.322    
                         arrival time                         -12.056    
  -------------------------------------------------------------------
                         slack                                  0.265    

Slack (MET) :             0.265ns  (required time - arrival time)
  Source:                 gru_bin_version_i/gru_va_0/inst/grp_gru_va_Pipeline_HIDDEN_LOOP_fu_806/val_r_16_reg_21787_reg[9]/C
                            (rising edge-triggered cell FDSE clocked by clk_fpga_0  {rise@0.000ns fall@5.000ns period=10.000ns})
  Destination:            gru_bin_version_i/gru_va_0/inst/grp_gru_va_Pipeline_HIDDEN_LOOP_fu_806/val_r_20_reg_21805_reg[1]/S
                            (rising edge-triggered cell FDSE clocked by clk_fpga_0  {rise@0.000ns fall@5.000ns period=10.000ns})
  Path Group:             clk_fpga_0
  Path Type:              Setup (Max at Slow Process Corner)
  Requirement:            10.000ns  (clk_fpga_0 rise@10.000ns - clk_fpga_0 rise@0.000ns)
  Data Path Delay:        8.786ns  (logic 3.828ns (43.568%)  route 4.958ns (56.432%))
  Logic Levels:           18  (CARRY4=15 LUT2=1 LUT3=1 LUT4=1)
  Clock Path Skew:        -0.365ns (DCD - SCD + CPR)
    Destination Clock Delay (DCD):    2.776ns = ( 12.776 - 10.000 ) 
    Source Clock Delay      (SCD):    3.270ns
    Clock Pessimism Removal (CPR):    0.129ns
  Clock Uncertainty:      0.154ns  ((TSJ^2 + TIJ^2)^1/2 + DJ) / 2 + PE
    Total System Jitter     (TSJ):    0.071ns
    Total Input Jitter      (TIJ):    0.300ns
    Discrete Jitter          (DJ):    0.000ns
    Phase Error              (PE):    0.000ns

    Location             Delay type                Incr(ns)  Path(ns)    Netlist Resource(s)
  -------------------------------------------------------------------    -------------------
                         (clock clk_fpga_0 rise edge)
                                                      0.000     0.000 r  
    PS7_X0Y0             PS7                          0.000     0.000 r  gru_bin_version_i/processing_system7_0/inst/PS7_i/FCLKCLK[0]
                         net (fo=1, routed)           1.193     1.193    gru_bin_version_i/processing_system7_0/inst/FCLK_CLK_unbuffered[0]
    BUFGCTRL_X0Y16       BUFG (Prop_bufg_I_O)         0.101     1.294 r  gru_bin_version_i/processing_system7_0/inst/buffer_fclk_clk_0.FCLK_CLK_0_BUFG/O
                         net (fo=22708, routed)       1.976     3.270    gru_bin_version_i/gru_va_0/inst/grp_gru_va_Pipeline_HIDDEN_LOOP_fu_806/ap_clk
    SLICE_X101Y108       FDSE                                         r  gru_bin_version_i/gru_va_0/inst/grp_gru_va_Pipeline_HIDDEN_LOOP_fu_806/val_r_16_reg_21787_reg[9]/C
  -------------------------------------------------------------------    -------------------
    SLICE_X101Y108       FDSE (Prop_fdse_C_Q)         0.419     3.689 r  gru_bin_version_i/gru_va_0/inst/grp_gru_va_Pipeline_HIDDEN_LOOP_fu_806/val_r_16_reg_21787_reg[9]/Q
                         net (fo=2, routed)           0.833     4.522    gru_bin_version_i/gru_va_0/inst/grp_gru_va_Pipeline_HIDDEN_LOOP_fu_806/val_r_16_reg_21787_reg_n_3_[9]
    SLICE_X105Y104       LUT2 (Prop_lut2_I1_O)        0.299     4.821 r  gru_bin_version_i/gru_va_0/inst/grp_gru_va_Pipeline_HIDDEN_LOOP_fu_806/val_r_20_reg_21805[31]_i_80/O
                         net (fo=1, routed)           0.000     4.821    gru_bin_version_i/gru_va_0/inst/grp_gru_va_Pipeline_HIDDEN_LOOP_fu_806/val_r_20_reg_21805[31]_i_80_n_3
    SLICE_X105Y104       CARRY4 (Prop_carry4_S[1]_CO[3])
                                                      0.550     5.371 r  gru_bin_version_i/gru_va_0/inst/grp_gru_va_Pipeline_HIDDEN_LOOP_fu_806/val_r_20_reg_21805_reg[31]_i_68/CO[3]
                         net (fo=1, routed)           0.000     5.371    gru_bin_version_i/gru_va_0/inst/grp_gru_va_Pipeline_HIDDEN_LOOP_fu_806/val_r_20_reg_21805_reg[31]_i_68_n_3
    SLICE_X105Y105       CARRY4 (Prop_carry4_CI_CO[3])
                                                      0.114     5.485 r  gru_bin_version_i/gru_va_0/inst/grp_gru_va_Pipeline_HIDDEN_LOOP_fu_806/val_r_20_reg_21805_reg[31]_i_58/CO[3]
                         net (fo=1, routed)           0.000     5.485    gru_bin_version_i/gru_va_0/inst/grp_gru_va_Pipeline_HIDDEN_LOOP_fu_806/val_r_20_reg_21805_reg[31]_i_58_n_3
    SLICE_X105Y106       CARRY4 (Prop_carry4_CI_CO[3])
                                                      0.114     5.599 r  gru_bin_version_i/gru_va_0/inst/grp_gru_va_Pipeline_HIDDEN_LOOP_fu_806/val_r_20_reg_21805_reg[31]_i_48/CO[3]
                         net (fo=1, routed)           0.000     5.599    gru_bin_version_i/gru_va_0/inst/grp_gru_va_Pipeline_HIDDEN_LOOP_fu_806/val_r_20_reg_21805_reg[31]_i_48_n_3
    SLICE_X105Y107       CARRY4 (Prop_carry4_CI_CO[3])
                                                      0.114     5.713 r  gru_bin_version_i/gru_va_0/inst/grp_gru_va_Pipeline_HIDDEN_LOOP_fu_806/val_r_20_reg_21805_reg[31]_i_38/CO[3]
                         net (fo=1, routed)           0.000     5.713    gru_bin_version_i/gru_va_0/inst/grp_gru_va_Pipeline_HIDDEN_LOOP_fu_806/val_r_20_reg_21805_reg[31]_i_38_n_3
    SLICE_X105Y108       CARRY4 (Prop_carry4_CI_CO[3])
                                                      0.114     5.827 r  gru_bin_version_i/gru_va_0/inst/grp_gru_va_Pipeline_HIDDEN_LOOP_fu_806/val_r_20_reg_21805_reg[31]_i_23/CO[3]
                         net (fo=1, routed)           0.000     5.827    gru_bin_version_i/gru_va_0/inst/grp_gru_va_Pipeline_HIDDEN_LOOP_fu_806/val_r_20_reg_21805_reg[31]_i_23_n_3
    SLICE_X105Y109       CARRY4 (Prop_carry4_CI_CO[3])
                                                      0.114     5.941 r  gru_bin_version_i/gru_va_0/inst/grp_gru_va_Pipeline_HIDDEN_LOOP_fu_806/val_r_20_reg_21805_reg[31]_i_16/CO[3]
                         net (fo=64, routed)          1.879     7.820    gru_bin_version_i/gru_va_0/inst/grp_gru_va_Pipeline_HIDDEN_LOOP_fu_806/val_r_20_reg_21805_reg[31]_i_16_n_3
    SLICE_X104Y86        LUT4 (Prop_lut4_I2_O)        0.124     7.944 r  gru_bin_version_i/gru_va_0/inst/grp_gru_va_Pipeline_HIDDEN_LOOP_fu_806/val_r_20_reg_21805[0]_i_5/O
                         net (fo=1, routed)           0.000     7.944    gru_bin_version_i/gru_va_0/inst/grp_gru_va_Pipeline_HIDDEN_LOOP_fu_806/val_r_20_reg_21805[0]_i_5_n_3
    SLICE_X104Y86        CARRY4 (Prop_carry4_S[1]_CO[3])
                                                      0.533     8.477 r  gru_bin_version_i/gru_va_0/inst/grp_gru_va_Pipeline_HIDDEN_LOOP_fu_806/val_r_20_reg_21805_reg[0]_i_2/CO[3]
                         net (fo=1, routed)           0.000     8.477    gru_bin_version_i/gru_va_0/inst/grp_gru_va_Pipeline_HIDDEN_LOOP_fu_806/val_r_20_reg_21805_reg[0]_i_2_n_3
    SLICE_X104Y87        CARRY4 (Prop_carry4_CI_CO[3])
                                                      0.117     8.594 r  gru_bin_version_i/gru_va_0/inst/grp_gru_va_Pipeline_HIDDEN_LOOP_fu_806/val_r_20_reg_21805_reg[31]_i_63/CO[3]
                         net (fo=1, routed)           0.000     8.594    gru_bin_version_i/gru_va_0/inst/grp_gru_va_Pipeline_HIDDEN_LOOP_fu_806/val_r_20_reg_21805_reg[31]_i_63_n_3
    SLICE_X104Y88        CARRY4 (Prop_carry4_CI_CO[3])
                                                      0.117     8.711 r  gru_bin_version_i/gru_va_0/inst/grp_gru_va_Pipeline_HIDDEN_LOOP_fu_806/val_r_20_reg_21805_reg[31]_i_53/CO[3]
                         net (fo=1, routed)           0.000     8.711    gru_bin_version_i/gru_va_0/inst/grp_gru_va_Pipeline_HIDDEN_LOOP_fu_806/val_r_20_reg_21805_reg[31]_i_53_n_3
    SLICE_X104Y89        CARRY4 (Prop_carry4_CI_CO[3])
                                                      0.117     8.828 r  gru_bin_version_i/gru_va_0/inst/grp_gru_va_Pipeline_HIDDEN_LOOP_fu_806/val_r_20_reg_21805_reg[31]_i_43/CO[3]
                         net (fo=1, routed)           0.000     8.828    gru_bin_version_i/gru_va_0/inst/grp_gru_va_Pipeline_HIDDEN_LOOP_fu_806/val_r_20_reg_21805_reg[31]_i_43_n_3
    SLICE_X104Y90        CARRY4 (Prop_carry4_CI_CO[3])
                                                      0.117     8.945 r  gru_bin_version_i/gru_va_0/inst/grp_gru_va_Pipeline_HIDDEN_LOOP_fu_806/val_r_20_reg_21805_reg[31]_i_33/CO[3]
                         net (fo=1, routed)           0.000     8.945    gru_bin_version_i/gru_va_0/inst/grp_gru_va_Pipeline_HIDDEN_LOOP_fu_806/val_r_20_reg_21805_reg[31]_i_33_n_3
    SLICE_X104Y91        CARRY4 (Prop_carry4_CI_CO[3])
                                                      0.117     9.062 r  gru_bin_version_i/gru_va_0/inst/grp_gru_va_Pipeline_HIDDEN_LOOP_fu_806/val_r_20_reg_21805_reg[31]_i_18/CO[3]
                         net (fo=1, routed)           0.000     9.062    gru_bin_version_i/gru_va_0/inst/grp_gru_va_Pipeline_HIDDEN_LOOP_fu_806/val_r_20_reg_21805_reg[31]_i_18_n_3
    SLICE_X104Y92        CARRY4 (Prop_carry4_CI_CO[3])
                                                      0.117     9.179 r  gru_bin_version_i/gru_va_0/inst/grp_gru_va_Pipeline_HIDDEN_LOOP_fu_806/val_r_20_reg_21805_reg[31]_i_10/CO[3]
                         net (fo=1, routed)           0.000     9.179    gru_bin_version_i/gru_va_0/inst/grp_gru_va_Pipeline_HIDDEN_LOOP_fu_806/val_r_20_reg_21805_reg[31]_i_10_n_3
    SLICE_X104Y93        CARRY4 (Prop_carry4_CI_CO[3])
                                                      0.117     9.296 r  gru_bin_version_i/gru_va_0/inst/grp_gru_va_Pipeline_HIDDEN_LOOP_fu_806/val_r_20_reg_21805_reg[31]_i_5/CO[3]
                         net (fo=1, routed)           0.000     9.296    gru_bin_version_i/gru_va_0/inst/grp_gru_va_Pipeline_HIDDEN_LOOP_fu_806/val_r_20_reg_21805_reg[31]_i_5_n_3
    SLICE_X104Y94        CARRY4 (Prop_carry4_CI_O[0])
                                                      0.219     9.515 f  gru_bin_version_i/gru_va_0/inst/grp_gru_va_Pipeline_HIDDEN_LOOP_fu_806/val_r_20_reg_21805_reg[31]_i_3/O[0]
                         net (fo=33, routed)          0.921    10.436    gru_bin_version_i/gru_va_0/inst/grp_gru_va_Pipeline_HIDDEN_LOOP_fu_806/tmp_65_fu_9315_p3[0]
    SLICE_X102Y90        LUT3 (Prop_lut3_I0_O)        0.295    10.731 r  gru_bin_version_i/gru_va_0/inst/grp_gru_va_Pipeline_HIDDEN_LOOP_fu_806/val_r_20_reg_21805[31]_i_1/O
                         net (fo=32, routed)          1.326    12.056    gru_bin_version_i/gru_va_0/inst/grp_gru_va_Pipeline_HIDDEN_LOOP_fu_806/val_r_20_reg_21805
    SLICE_X101Y69        FDSE                                         r  gru_bin_version_i/gru_va_0/inst/grp_gru_va_Pipeline_HIDDEN_LOOP_fu_806/val_r_20_reg_21805_reg[1]/S
  -------------------------------------------------------------------    -------------------

                         (clock clk_fpga_0 rise edge)
                                                     10.000    10.000 r  
    PS7_X0Y0             PS7                          0.000    10.000 r  gru_bin_version_i/processing_system7_0/inst/PS7_i/FCLKCLK[0]
                         net (fo=1, routed)           1.088    11.088    gru_bin_version_i/processing_system7_0/inst/FCLK_CLK_unbuffered[0]
    BUFGCTRL_X0Y16       BUFG (Prop_bufg_I_O)         0.091    11.179 r  gru_bin_version_i/processing_system7_0/inst/buffer_fclk_clk_0.FCLK_CLK_0_BUFG/O
                         net (fo=22708, routed)       1.597    12.776    gru_bin_version_i/gru_va_0/inst/grp_gru_va_Pipeline_HIDDEN_LOOP_fu_806/ap_clk
    SLICE_X101Y69        FDSE                                         r  gru_bin_version_i/gru_va_0/inst/grp_gru_va_Pipeline_HIDDEN_LOOP_fu_806/val_r_20_reg_21805_reg[1]/C
                         clock pessimism              0.129    12.905    
                         clock uncertainty           -0.154    12.751    
    SLICE_X101Y69        FDSE (Setup_fdse_C_S)       -0.429    12.322    gru_bin_version_i/gru_va_0/inst/grp_gru_va_Pipeline_HIDDEN_LOOP_fu_806/val_r_20_reg_21805_reg[1]
  -------------------------------------------------------------------
                         required time                         12.322    
                         arrival time                         -12.056    
  -------------------------------------------------------------------
                         slack                                  0.265    

Slack (MET) :             0.356ns  (required time - arrival time)
  Source:                 gru_bin_version_i/gru_va_0/inst/ap_CS_fsm_reg[0]/C
                            (rising edge-triggered cell FDSE clocked by clk_fpga_0  {rise@0.000ns fall@5.000ns period=10.000ns})
  Destination:            gru_bin_version_i/gru_va_0/inst/h_new_34_1_lcssa154_fu_734_reg[2]/D
                            (rising edge-triggered cell FDRE clocked by clk_fpga_0  {rise@0.000ns fall@5.000ns period=10.000ns})
  Path Group:             clk_fpga_0
  Path Type:              Setup (Max at Slow Process Corner)
  Requirement:            10.000ns  (clk_fpga_0 rise@10.000ns - clk_fpga_0 rise@0.000ns)
  Data Path Delay:        9.450ns  (logic 0.580ns (6.138%)  route 8.870ns (93.862%))
  Logic Levels:           1  (LUT5=1)
  Clock Path Skew:        -0.070ns (DCD - SCD + CPR)
    Destination Clock Delay (DCD):    2.741ns = ( 12.741 - 10.000 ) 
    Source Clock Delay      (SCD):    2.926ns
    Clock Pessimism Removal (CPR):    0.115ns
  Clock Uncertainty:      0.154ns  ((TSJ^2 + TIJ^2)^1/2 + DJ) / 2 + PE
    Total System Jitter     (TSJ):    0.071ns
    Total Input Jitter      (TIJ):    0.300ns
    Discrete Jitter          (DJ):    0.000ns
    Phase Error              (PE):    0.000ns

    Location             Delay type                Incr(ns)  Path(ns)    Netlist Resource(s)
  -------------------------------------------------------------------    -------------------
                         (clock clk_fpga_0 rise edge)
                                                      0.000     0.000 r  
    PS7_X0Y0             PS7                          0.000     0.000 r  gru_bin_version_i/processing_system7_0/inst/PS7_i/FCLKCLK[0]
                         net (fo=1, routed)           1.193     1.193    gru_bin_version_i/processing_system7_0/inst/FCLK_CLK_unbuffered[0]
    BUFGCTRL_X0Y16       BUFG (Prop_bufg_I_O)         0.101     1.294 r  gru_bin_version_i/processing_system7_0/inst/buffer_fclk_clk_0.FCLK_CLK_0_BUFG/O
                         net (fo=22708, routed)       1.632     2.926    gru_bin_version_i/gru_va_0/inst/ap_clk
    SLICE_X39Y75         FDSE                                         r  gru_bin_version_i/gru_va_0/inst/ap_CS_fsm_reg[0]/C
  -------------------------------------------------------------------    -------------------
    SLICE_X39Y75         FDSE (Prop_fdse_C_Q)         0.456     3.382 r  gru_bin_version_i/gru_va_0/inst/ap_CS_fsm_reg[0]/Q
                         net (fo=793, routed)         8.870    12.252    gru_bin_version_i/gru_va_0/inst/CTRL_s_axi_U/Q[0]
    SLICE_X79Y47         LUT5 (Prop_lut5_I1_O)        0.124    12.376 r  gru_bin_version_i/gru_va_0/inst/CTRL_s_axi_U/h_new_34_1_lcssa154_fu_734[2]_i_1/O
                         net (fo=1, routed)           0.000    12.376    gru_bin_version_i/gru_va_0/inst/CTRL_s_axi_U_n_111
    SLICE_X79Y47         FDRE                                         r  gru_bin_version_i/gru_va_0/inst/h_new_34_1_lcssa154_fu_734_reg[2]/D
  -------------------------------------------------------------------    -------------------

                         (clock clk_fpga_0 rise edge)
                                                     10.000    10.000 r  
    PS7_X0Y0             PS7                          0.000    10.000 r  gru_bin_version_i/processing_system7_0/inst/PS7_i/FCLKCLK[0]
                         net (fo=1, routed)           1.088    11.088    gru_bin_version_i/processing_system7_0/inst/FCLK_CLK_unbuffered[0]
    BUFGCTRL_X0Y16       BUFG (Prop_bufg_I_O)         0.091    11.179 r  gru_bin_version_i/processing_system7_0/inst/buffer_fclk_clk_0.FCLK_CLK_0_BUFG/O
                         net (fo=22708, routed)       1.562    12.741    gru_bin_version_i/gru_va_0/inst/ap_clk
    SLICE_X79Y47         FDRE                                         r  gru_bin_version_i/gru_va_0/inst/h_new_34_1_lcssa154_fu_734_reg[2]/C
                         clock pessimism              0.115    12.856    
                         clock uncertainty           -0.154    12.702    
    SLICE_X79Y47         FDRE (Setup_fdre_C_D)        0.029    12.731    gru_bin_version_i/gru_va_0/inst/h_new_34_1_lcssa154_fu_734_reg[2]
  -------------------------------------------------------------------
                         required time                         12.731    
                         arrival time                         -12.376    
  -------------------------------------------------------------------
                         slack                                  0.356    

Slack (MET) :             0.390ns  (required time - arrival time)
  Source:                 gru_bin_version_i/gru_va_0/inst/grp_gru_va_Pipeline_HIDDEN_LOOP_fu_806/val_r_16_reg_21787_reg[9]/C
                            (rising edge-triggered cell FDSE clocked by clk_fpga_0  {rise@0.000ns fall@5.000ns period=10.000ns})
  Destination:            gru_bin_version_i/gru_va_0/inst/grp_gru_va_Pipeline_HIDDEN_LOOP_fu_806/val_r_20_reg_21805_reg[10]/S
                            (rising edge-triggered cell FDSE clocked by clk_fpga_0  {rise@0.000ns fall@5.000ns period=10.000ns})
  Path Group:             clk_fpga_0
  Path Type:              Setup (Max at Slow Process Corner)
  Requirement:            10.000ns  (clk_fpga_0 rise@10.000ns - clk_fpga_0 rise@0.000ns)
  Data Path Delay:        8.566ns  (logic 3.828ns (44.689%)  route 4.738ns (55.311%))
  Logic Levels:           18  (CARRY4=15 LUT2=1 LUT3=1 LUT4=1)
  Clock Path Skew:        -0.366ns (DCD - SCD + CPR)
    Destination Clock Delay (DCD):    2.775ns = ( 12.775 - 10.000 ) 
    Source Clock Delay      (SCD):    3.270ns
    Clock Pessimism Removal (CPR):    0.129ns
  Clock Uncertainty:      0.154ns  ((TSJ^2 + TIJ^2)^1/2 + DJ) / 2 + PE
    Total System Jitter     (TSJ):    0.071ns
    Total Input Jitter      (TIJ):    0.300ns
    Discrete Jitter          (DJ):    0.000ns
    Phase Error              (PE):    0.000ns

    Location             Delay type                Incr(ns)  Path(ns)    Netlist Resource(s)
  -------------------------------------------------------------------    -------------------
                         (clock clk_fpga_0 rise edge)
                                                      0.000     0.000 r  
    PS7_X0Y0             PS7                          0.000     0.000 r  gru_bin_version_i/processing_system7_0/inst/PS7_i/FCLKCLK[0]
                         net (fo=1, routed)           1.193     1.193    gru_bin_version_i/processing_system7_0/inst/FCLK_CLK_unbuffered[0]
    BUFGCTRL_X0Y16       BUFG (Prop_bufg_I_O)         0.101     1.294 r  gru_bin_version_i/processing_system7_0/inst/buffer_fclk_clk_0.FCLK_CLK_0_BUFG/O
                         net (fo=22708, routed)       1.976     3.270    gru_bin_version_i/gru_va_0/inst/grp_gru_va_Pipeline_HIDDEN_LOOP_fu_806/ap_clk
    SLICE_X101Y108       FDSE                                         r  gru_bin_version_i/gru_va_0/inst/grp_gru_va_Pipeline_HIDDEN_LOOP_fu_806/val_r_16_reg_21787_reg[9]/C
  -------------------------------------------------------------------    -------------------
    SLICE_X101Y108       FDSE (Prop_fdse_C_Q)         0.419     3.689 r  gru_bin_version_i/gru_va_0/inst/grp_gru_va_Pipeline_HIDDEN_LOOP_fu_806/val_r_16_reg_21787_reg[9]/Q
                         net (fo=2, routed)           0.833     4.522    gru_bin_version_i/gru_va_0/inst/grp_gru_va_Pipeline_HIDDEN_LOOP_fu_806/val_r_16_reg_21787_reg_n_3_[9]
    SLICE_X105Y104       LUT2 (Prop_lut2_I1_O)        0.299     4.821 r  gru_bin_version_i/gru_va_0/inst/grp_gru_va_Pipeline_HIDDEN_LOOP_fu_806/val_r_20_reg_21805[31]_i_80/O
                         net (fo=1, routed)           0.000     4.821    gru_bin_version_i/gru_va_0/inst/grp_gru_va_Pipeline_HIDDEN_LOOP_fu_806/val_r_20_reg_21805[31]_i_80_n_3
    SLICE_X105Y104       CARRY4 (Prop_carry4_S[1]_CO[3])
                                                      0.550     5.371 r  gru_bin_version_i/gru_va_0/inst/grp_gru_va_Pipeline_HIDDEN_LOOP_fu_806/val_r_20_reg_21805_reg[31]_i_68/CO[3]
                         net (fo=1, routed)           0.000     5.371    gru_bin_version_i/gru_va_0/inst/grp_gru_va_Pipeline_HIDDEN_LOOP_fu_806/val_r_20_reg_21805_reg[31]_i_68_n_3
    SLICE_X105Y105       CARRY4 (Prop_carry4_CI_CO[3])
                                                      0.114     5.485 r  gru_bin_version_i/gru_va_0/inst/grp_gru_va_Pipeline_HIDDEN_LOOP_fu_806/val_r_20_reg_21805_reg[31]_i_58/CO[3]
                         net (fo=1, routed)           0.000     5.485    gru_bin_version_i/gru_va_0/inst/grp_gru_va_Pipeline_HIDDEN_LOOP_fu_806/val_r_20_reg_21805_reg[31]_i_58_n_3
    SLICE_X105Y106       CARRY4 (Prop_carry4_CI_CO[3])
                                                      0.114     5.599 r  gru_bin_version_i/gru_va_0/inst/grp_gru_va_Pipeline_HIDDEN_LOOP_fu_806/val_r_20_reg_21805_reg[31]_i_48/CO[3]
                         net (fo=1, routed)           0.000     5.599    gru_bin_version_i/gru_va_0/inst/grp_gru_va_Pipeline_HIDDEN_LOOP_fu_806/val_r_20_reg_21805_reg[31]_i_48_n_3
    SLICE_X105Y107       CARRY4 (Prop_carry4_CI_CO[3])
                                                      0.114     5.713 r  gru_bin_version_i/gru_va_0/inst/grp_gru_va_Pipeline_HIDDEN_LOOP_fu_806/val_r_20_reg_21805_reg[31]_i_38/CO[3]
                         net (fo=1, routed)           0.000     5.713    gru_bin_version_i/gru_va_0/inst/grp_gru_va_Pipeline_HIDDEN_LOOP_fu_806/val_r_20_reg_21805_reg[31]_i_38_n_3
    SLICE_X105Y108       CARRY4 (Prop_carry4_CI_CO[3])
                                                      0.114     5.827 r  gru_bin_version_i/gru_va_0/inst/grp_gru_va_Pipeline_HIDDEN_LOOP_fu_806/val_r_20_reg_21805_reg[31]_i_23/CO[3]
                         net (fo=1, routed)           0.000     5.827    gru_bin_version_i/gru_va_0/inst/grp_gru_va_Pipeline_HIDDEN_LOOP_fu_806/val_r_20_reg_21805_reg[31]_i_23_n_3
    SLICE_X105Y109       CARRY4 (Prop_carry4_CI_CO[3])
                                                      0.114     5.941 r  gru_bin_version_i/gru_va_0/inst/grp_gru_va_Pipeline_HIDDEN_LOOP_fu_806/val_r_20_reg_21805_reg[31]_i_16/CO[3]
                         net (fo=64, routed)          1.879     7.820    gru_bin_version_i/gru_va_0/inst/grp_gru_va_Pipeline_HIDDEN_LOOP_fu_806/val_r_20_reg_21805_reg[31]_i_16_n_3
    SLICE_X104Y86        LUT4 (Prop_lut4_I2_O)        0.124     7.944 r  gru_bin_version_i/gru_va_0/inst/grp_gru_va_Pipeline_HIDDEN_LOOP_fu_806/val_r_20_reg_21805[0]_i_5/O
                         net (fo=1, routed)           0.000     7.944    gru_bin_version_i/gru_va_0/inst/grp_gru_va_Pipeline_HIDDEN_LOOP_fu_806/val_r_20_reg_21805[0]_i_5_n_3
    SLICE_X104Y86        CARRY4 (Prop_carry4_S[1]_CO[3])
                                                      0.533     8.477 r  gru_bin_version_i/gru_va_0/inst/grp_gru_va_Pipeline_HIDDEN_LOOP_fu_806/val_r_20_reg_21805_reg[0]_i_2/CO[3]
                         net (fo=1, routed)           0.000     8.477    gru_bin_version_i/gru_va_0/inst/grp_gru_va_Pipeline_HIDDEN_LOOP_fu_806/val_r_20_reg_21805_reg[0]_i_2_n_3
    SLICE_X104Y87        CARRY4 (Prop_carry4_CI_CO[3])
                                                      0.117     8.594 r  gru_bin_version_i/gru_va_0/inst/grp_gru_va_Pipeline_HIDDEN_LOOP_fu_806/val_r_20_reg_21805_reg[31]_i_63/CO[3]
                         net (fo=1, routed)           0.000     8.594    gru_bin_version_i/gru_va_0/inst/grp_gru_va_Pipeline_HIDDEN_LOOP_fu_806/val_r_20_reg_21805_reg[31]_i_63_n_3
    SLICE_X104Y88        CARRY4 (Prop_carry4_CI_CO[3])
                                                      0.117     8.711 r  gru_bin_version_i/gru_va_0/inst/grp_gru_va_Pipeline_HIDDEN_LOOP_fu_806/val_r_20_reg_21805_reg[31]_i_53/CO[3]
                         net (fo=1, routed)           0.000     8.711    gru_bin_version_i/gru_va_0/inst/grp_gru_va_Pipeline_HIDDEN_LOOP_fu_806/val_r_20_reg_21805_reg[31]_i_53_n_3
    SLICE_X104Y89        CARRY4 (Prop_carry4_CI_CO[3])
                                                      0.117     8.828 r  gru_bin_version_i/gru_va_0/inst/grp_gru_va_Pipeline_HIDDEN_LOOP_fu_806/val_r_20_reg_21805_reg[31]_i_43/CO[3]
                         net (fo=1, routed)           0.000     8.828    gru_bin_version_i/gru_va_0/inst/grp_gru_va_Pipeline_HIDDEN_LOOP_fu_806/val_r_20_reg_21805_reg[31]_i_43_n_3
    SLICE_X104Y90        CARRY4 (Prop_carry4_CI_CO[3])
                                                      0.117     8.945 r  gru_bin_version_i/gru_va_0/inst/grp_gru_va_Pipeline_HIDDEN_LOOP_fu_806/val_r_20_reg_21805_reg[31]_i_33/CO[3]
                         net (fo=1, routed)           0.000     8.945    gru_bin_version_i/gru_va_0/inst/grp_gru_va_Pipeline_HIDDEN_LOOP_fu_806/val_r_20_reg_21805_reg[31]_i_33_n_3
    SLICE_X104Y91        CARRY4 (Prop_carry4_CI_CO[3])
                                                      0.117     9.062 r  gru_bin_version_i/gru_va_0/inst/grp_gru_va_Pipeline_HIDDEN_LOOP_fu_806/val_r_20_reg_21805_reg[31]_i_18/CO[3]
                         net (fo=1, routed)           0.000     9.062    gru_bin_version_i/gru_va_0/inst/grp_gru_va_Pipeline_HIDDEN_LOOP_fu_806/val_r_20_reg_21805_reg[31]_i_18_n_3
    SLICE_X104Y92        CARRY4 (Prop_carry4_CI_CO[3])
                                                      0.117     9.179 r  gru_bin_version_i/gru_va_0/inst/grp_gru_va_Pipeline_HIDDEN_LOOP_fu_806/val_r_20_reg_21805_reg[31]_i_10/CO[3]
                         net (fo=1, routed)           0.000     9.179    gru_bin_version_i/gru_va_0/inst/grp_gru_va_Pipeline_HIDDEN_LOOP_fu_806/val_r_20_reg_21805_reg[31]_i_10_n_3
    SLICE_X104Y93        CARRY4 (Prop_carry4_CI_CO[3])
                                                      0.117     9.296 r  gru_bin_version_i/gru_va_0/inst/grp_gru_va_Pipeline_HIDDEN_LOOP_fu_806/val_r_20_reg_21805_reg[31]_i_5/CO[3]
                         net (fo=1, routed)           0.000     9.296    gru_bin_version_i/gru_va_0/inst/grp_gru_va_Pipeline_HIDDEN_LOOP_fu_806/val_r_20_reg_21805_reg[31]_i_5_n_3
    SLICE_X104Y94        CARRY4 (Prop_carry4_CI_O[0])
                                                      0.219     9.515 f  gru_bin_version_i/gru_va_0/inst/grp_gru_va_Pipeline_HIDDEN_LOOP_fu_806/val_r_20_reg_21805_reg[31]_i_3/O[0]
                         net (fo=33, routed)          0.921    10.436    gru_bin_version_i/gru_va_0/inst/grp_gru_va_Pipeline_HIDDEN_LOOP_fu_806/tmp_65_fu_9315_p3[0]
    SLICE_X102Y90        LUT3 (Prop_lut3_I0_O)        0.295    10.731 r  gru_bin_version_i/gru_va_0/inst/grp_gru_va_Pipeline_HIDDEN_LOOP_fu_806/val_r_20_reg_21805[31]_i_1/O
                         net (fo=32, routed)          1.105    11.836    gru_bin_version_i/gru_va_0/inst/grp_gru_va_Pipeline_HIDDEN_LOOP_fu_806/val_r_20_reg_21805
    SLICE_X100Y78        FDSE                                         r  gru_bin_version_i/gru_va_0/inst/grp_gru_va_Pipeline_HIDDEN_LOOP_fu_806/val_r_20_reg_21805_reg[10]/S
  -------------------------------------------------------------------    -------------------

                         (clock clk_fpga_0 rise edge)
                                                     10.000    10.000 r  
    PS7_X0Y0             PS7                          0.000    10.000 r  gru_bin_version_i/processing_system7_0/inst/PS7_i/FCLKCLK[0]
                         net (fo=1, routed)           1.088    11.088    gru_bin_version_i/processing_system7_0/inst/FCLK_CLK_unbuffered[0]
    BUFGCTRL_X0Y16       BUFG (Prop_bufg_I_O)         0.091    11.179 r  gru_bin_version_i/processing_system7_0/inst/buffer_fclk_clk_0.FCLK_CLK_0_BUFG/O
                         net (fo=22708, routed)       1.596    12.775    gru_bin_version_i/gru_va_0/inst/grp_gru_va_Pipeline_HIDDEN_LOOP_fu_806/ap_clk
    SLICE_X100Y78        FDSE                                         r  gru_bin_version_i/gru_va_0/inst/grp_gru_va_Pipeline_HIDDEN_LOOP_fu_806/val_r_20_reg_21805_reg[10]/C
                         clock pessimism              0.129    12.904    
                         clock uncertainty           -0.154    12.750    
    SLICE_X100Y78        FDSE (Setup_fdse_C_S)       -0.524    12.226    gru_bin_version_i/gru_va_0/inst/grp_gru_va_Pipeline_HIDDEN_LOOP_fu_806/val_r_20_reg_21805_reg[10]
  -------------------------------------------------------------------
                         required time                         12.226    
                         arrival time                         -11.836    
  -------------------------------------------------------------------
                         slack                                  0.390    

Slack (MET) :             0.390ns  (required time - arrival time)
  Source:                 gru_bin_version_i/gru_va_0/inst/grp_gru_va_Pipeline_HIDDEN_LOOP_fu_806/val_r_16_reg_21787_reg[9]/C
                            (rising edge-triggered cell FDSE clocked by clk_fpga_0  {rise@0.000ns fall@5.000ns period=10.000ns})
  Destination:            gru_bin_version_i/gru_va_0/inst/grp_gru_va_Pipeline_HIDDEN_LOOP_fu_806/val_r_20_reg_21805_reg[11]/S
                            (rising edge-triggered cell FDSE clocked by clk_fpga_0  {rise@0.000ns fall@5.000ns period=10.000ns})
  Path Group:             clk_fpga_0
  Path Type:              Setup (Max at Slow Process Corner)
  Requirement:            10.000ns  (clk_fpga_0 rise@10.000ns - clk_fpga_0 rise@0.000ns)
  Data Path Delay:        8.566ns  (logic 3.828ns (44.689%)  route 4.738ns (55.311%))
  Logic Levels:           18  (CARRY4=15 LUT2=1 LUT3=1 LUT4=1)
  Clock Path Skew:        -0.366ns (DCD - SCD + CPR)
    Destination Clock Delay (DCD):    2.775ns = ( 12.775 - 10.000 ) 
    Source Clock Delay      (SCD):    3.270ns
    Clock Pessimism Removal (CPR):    0.129ns
  Clock Uncertainty:      0.154ns  ((TSJ^2 + TIJ^2)^1/2 + DJ) / 2 + PE
    Total System Jitter     (TSJ):    0.071ns
    Total Input Jitter      (TIJ):    0.300ns
    Discrete Jitter          (DJ):    0.000ns
    Phase Error              (PE):    0.000ns

    Location             Delay type                Incr(ns)  Path(ns)    Netlist Resource(s)
  -------------------------------------------------------------------    -------------------
                         (clock clk_fpga_0 rise edge)
                                                      0.000     0.000 r  
    PS7_X0Y0             PS7                          0.000     0.000 r  gru_bin_version_i/processing_system7_0/inst/PS7_i/FCLKCLK[0]
                         net (fo=1, routed)           1.193     1.193    gru_bin_version_i/processing_system7_0/inst/FCLK_CLK_unbuffered[0]
    BUFGCTRL_X0Y16       BUFG (Prop_bufg_I_O)         0.101     1.294 r  gru_bin_version_i/processing_system7_0/inst/buffer_fclk_clk_0.FCLK_CLK_0_BUFG/O
                         net (fo=22708, routed)       1.976     3.270    gru_bin_version_i/gru_va_0/inst/grp_gru_va_Pipeline_HIDDEN_LOOP_fu_806/ap_clk
    SLICE_X101Y108       FDSE                                         r  gru_bin_version_i/gru_va_0/inst/grp_gru_va_Pipeline_HIDDEN_LOOP_fu_806/val_r_16_reg_21787_reg[9]/C
  -------------------------------------------------------------------    -------------------
    SLICE_X101Y108       FDSE (Prop_fdse_C_Q)         0.419     3.689 r  gru_bin_version_i/gru_va_0/inst/grp_gru_va_Pipeline_HIDDEN_LOOP_fu_806/val_r_16_reg_21787_reg[9]/Q
                         net (fo=2, routed)           0.833     4.522    gru_bin_version_i/gru_va_0/inst/grp_gru_va_Pipeline_HIDDEN_LOOP_fu_806/val_r_16_reg_21787_reg_n_3_[9]
    SLICE_X105Y104       LUT2 (Prop_lut2_I1_O)        0.299     4.821 r  gru_bin_version_i/gru_va_0/inst/grp_gru_va_Pipeline_HIDDEN_LOOP_fu_806/val_r_20_reg_21805[31]_i_80/O
                         net (fo=1, routed)           0.000     4.821    gru_bin_version_i/gru_va_0/inst/grp_gru_va_Pipeline_HIDDEN_LOOP_fu_806/val_r_20_reg_21805[31]_i_80_n_3
    SLICE_X105Y104       CARRY4 (Prop_carry4_S[1]_CO[3])
                                                      0.550     5.371 r  gru_bin_version_i/gru_va_0/inst/grp_gru_va_Pipeline_HIDDEN_LOOP_fu_806/val_r_20_reg_21805_reg[31]_i_68/CO[3]
                         net (fo=1, routed)           0.000     5.371    gru_bin_version_i/gru_va_0/inst/grp_gru_va_Pipeline_HIDDEN_LOOP_fu_806/val_r_20_reg_21805_reg[31]_i_68_n_3
    SLICE_X105Y105       CARRY4 (Prop_carry4_CI_CO[3])
                                                      0.114     5.485 r  gru_bin_version_i/gru_va_0/inst/grp_gru_va_Pipeline_HIDDEN_LOOP_fu_806/val_r_20_reg_21805_reg[31]_i_58/CO[3]
                         net (fo=1, routed)           0.000     5.485    gru_bin_version_i/gru_va_0/inst/grp_gru_va_Pipeline_HIDDEN_LOOP_fu_806/val_r_20_reg_21805_reg[31]_i_58_n_3
    SLICE_X105Y106       CARRY4 (Prop_carry4_CI_CO[3])
                                                      0.114     5.599 r  gru_bin_version_i/gru_va_0/inst/grp_gru_va_Pipeline_HIDDEN_LOOP_fu_806/val_r_20_reg_21805_reg[31]_i_48/CO[3]
                         net (fo=1, routed)           0.000     5.599    gru_bin_version_i/gru_va_0/inst/grp_gru_va_Pipeline_HIDDEN_LOOP_fu_806/val_r_20_reg_21805_reg[31]_i_48_n_3
    SLICE_X105Y107       CARRY4 (Prop_carry4_CI_CO[3])
                                                      0.114     5.713 r  gru_bin_version_i/gru_va_0/inst/grp_gru_va_Pipeline_HIDDEN_LOOP_fu_806/val_r_20_reg_21805_reg[31]_i_38/CO[3]
                         net (fo=1, routed)           0.000     5.713    gru_bin_version_i/gru_va_0/inst/grp_gru_va_Pipeline_HIDDEN_LOOP_fu_806/val_r_20_reg_21805_reg[31]_i_38_n_3
    SLICE_X105Y108       CARRY4 (Prop_carry4_CI_CO[3])
                                                      0.114     5.827 r  gru_bin_version_i/gru_va_0/inst/grp_gru_va_Pipeline_HIDDEN_LOOP_fu_806/val_r_20_reg_21805_reg[31]_i_23/CO[3]
                         net (fo=1, routed)           0.000     5.827    gru_bin_version_i/gru_va_0/inst/grp_gru_va_Pipeline_HIDDEN_LOOP_fu_806/val_r_20_reg_21805_reg[31]_i_23_n_3
    SLICE_X105Y109       CARRY4 (Prop_carry4_CI_CO[3])
                                                      0.114     5.941 r  gru_bin_version_i/gru_va_0/inst/grp_gru_va_Pipeline_HIDDEN_LOOP_fu_806/val_r_20_reg_21805_reg[31]_i_16/CO[3]
                         net (fo=64, routed)          1.879     7.820    gru_bin_version_i/gru_va_0/inst/grp_gru_va_Pipeline_HIDDEN_LOOP_fu_806/val_r_20_reg_21805_reg[31]_i_16_n_3
    SLICE_X104Y86        LUT4 (Prop_lut4_I2_O)        0.124     7.944 r  gru_bin_version_i/gru_va_0/inst/grp_gru_va_Pipeline_HIDDEN_LOOP_fu_806/val_r_20_reg_21805[0]_i_5/O
                         net (fo=1, routed)           0.000     7.944    gru_bin_version_i/gru_va_0/inst/grp_gru_va_Pipeline_HIDDEN_LOOP_fu_806/val_r_20_reg_21805[0]_i_5_n_3
    SLICE_X104Y86        CARRY4 (Prop_carry4_S[1]_CO[3])
                                                      0.533     8.477 r  gru_bin_version_i/gru_va_0/inst/grp_gru_va_Pipeline_HIDDEN_LOOP_fu_806/val_r_20_reg_21805_reg[0]_i_2/CO[3]
                         net (fo=1, routed)           0.000     8.477    gru_bin_version_i/gru_va_0/inst/grp_gru_va_Pipeline_HIDDEN_LOOP_fu_806/val_r_20_reg_21805_reg[0]_i_2_n_3
    SLICE_X104Y87        CARRY4 (Prop_carry4_CI_CO[3])
                                                      0.117     8.594 r  gru_bin_version_i/gru_va_0/inst/grp_gru_va_Pipeline_HIDDEN_LOOP_fu_806/val_r_20_reg_21805_reg[31]_i_63/CO[3]
                         net (fo=1, routed)           0.000     8.594    gru_bin_version_i/gru_va_0/inst/grp_gru_va_Pipeline_HIDDEN_LOOP_fu_806/val_r_20_reg_21805_reg[31]_i_63_n_3
    SLICE_X104Y88        CARRY4 (Prop_carry4_CI_CO[3])
                                                      0.117     8.711 r  gru_bin_version_i/gru_va_0/inst/grp_gru_va_Pipeline_HIDDEN_LOOP_fu_806/val_r_20_reg_21805_reg[31]_i_53/CO[3]
                         net (fo=1, routed)           0.000     8.711    gru_bin_version_i/gru_va_0/inst/grp_gru_va_Pipeline_HIDDEN_LOOP_fu_806/val_r_20_reg_21805_reg[31]_i_53_n_3
    SLICE_X104Y89        CARRY4 (Prop_carry4_CI_CO[3])
                                                      0.117     8.828 r  gru_bin_version_i/gru_va_0/inst/grp_gru_va_Pipeline_HIDDEN_LOOP_fu_806/val_r_20_reg_21805_reg[31]_i_43/CO[3]
                         net (fo=1, routed)           0.000     8.828    gru_bin_version_i/gru_va_0/inst/grp_gru_va_Pipeline_HIDDEN_LOOP_fu_806/val_r_20_reg_21805_reg[31]_i_43_n_3
    SLICE_X104Y90        CARRY4 (Prop_carry4_CI_CO[3])
                                                      0.117     8.945 r  gru_bin_version_i/gru_va_0/inst/grp_gru_va_Pipeline_HIDDEN_LOOP_fu_806/val_r_20_reg_21805_reg[31]_i_33/CO[3]
                         net (fo=1, routed)           0.000     8.945    gru_bin_version_i/gru_va_0/inst/grp_gru_va_Pipeline_HIDDEN_LOOP_fu_806/val_r_20_reg_21805_reg[31]_i_33_n_3
    SLICE_X104Y91        CARRY4 (Prop_carry4_CI_CO[3])
                                                      0.117     9.062 r  gru_bin_version_i/gru_va_0/inst/grp_gru_va_Pipeline_HIDDEN_LOOP_fu_806/val_r_20_reg_21805_reg[31]_i_18/CO[3]
                         net (fo=1, routed)           0.000     9.062    gru_bin_version_i/gru_va_0/inst/grp_gru_va_Pipeline_HIDDEN_LOOP_fu_806/val_r_20_reg_21805_reg[31]_i_18_n_3
    SLICE_X104Y92        CARRY4 (Prop_carry4_CI_CO[3])
                                                      0.117     9.179 r  gru_bin_version_i/gru_va_0/inst/grp_gru_va_Pipeline_HIDDEN_LOOP_fu_806/val_r_20_reg_21805_reg[31]_i_10/CO[3]
                         net (fo=1, routed)           0.000     9.179    gru_bin_version_i/gru_va_0/inst/grp_gru_va_Pipeline_HIDDEN_LOOP_fu_806/val_r_20_reg_21805_reg[31]_i_10_n_3
    SLICE_X104Y93        CARRY4 (Prop_carry4_CI_CO[3])
                                                      0.117     9.296 r  gru_bin_version_i/gru_va_0/inst/grp_gru_va_Pipeline_HIDDEN_LOOP_fu_806/val_r_20_reg_21805_reg[31]_i_5/CO[3]
                         net (fo=1, routed)           0.000     9.296    gru_bin_version_i/gru_va_0/inst/grp_gru_va_Pipeline_HIDDEN_LOOP_fu_806/val_r_20_reg_21805_reg[31]_i_5_n_3
    SLICE_X104Y94        CARRY4 (Prop_carry4_CI_O[0])
                                                      0.219     9.515 f  gru_bin_version_i/gru_va_0/inst/grp_gru_va_Pipeline_HIDDEN_LOOP_fu_806/val_r_20_reg_21805_reg[31]_i_3/O[0]
                         net (fo=33, routed)          0.921    10.436    gru_bin_version_i/gru_va_0/inst/grp_gru_va_Pipeline_HIDDEN_LOOP_fu_806/tmp_65_fu_9315_p3[0]
    SLICE_X102Y90        LUT3 (Prop_lut3_I0_O)        0.295    10.731 r  gru_bin_version_i/gru_va_0/inst/grp_gru_va_Pipeline_HIDDEN_LOOP_fu_806/val_r_20_reg_21805[31]_i_1/O
                         net (fo=32, routed)          1.105    11.836    gru_bin_version_i/gru_va_0/inst/grp_gru_va_Pipeline_HIDDEN_LOOP_fu_806/val_r_20_reg_21805
    SLICE_X100Y78        FDSE                                         r  gru_bin_version_i/gru_va_0/inst/grp_gru_va_Pipeline_HIDDEN_LOOP_fu_806/val_r_20_reg_21805_reg[11]/S
  -------------------------------------------------------------------    -------------------

                         (clock clk_fpga_0 rise edge)
                                                     10.000    10.000 r  
    PS7_X0Y0             PS7                          0.000    10.000 r  gru_bin_version_i/processing_system7_0/inst/PS7_i/FCLKCLK[0]
                         net (fo=1, routed)           1.088    11.088    gru_bin_version_i/processing_system7_0/inst/FCLK_CLK_unbuffered[0]
    BUFGCTRL_X0Y16       BUFG (Prop_bufg_I_O)         0.091    11.179 r  gru_bin_version_i/processing_system7_0/inst/buffer_fclk_clk_0.FCLK_CLK_0_BUFG/O
                         net (fo=22708, routed)       1.596    12.775    gru_bin_version_i/gru_va_0/inst/grp_gru_va_Pipeline_HIDDEN_LOOP_fu_806/ap_clk
    SLICE_X100Y78        FDSE                                         r  gru_bin_version_i/gru_va_0/inst/grp_gru_va_Pipeline_HIDDEN_LOOP_fu_806/val_r_20_reg_21805_reg[11]/C
                         clock pessimism              0.129    12.904    
                         clock uncertainty           -0.154    12.750    
    SLICE_X100Y78        FDSE (Setup_fdse_C_S)       -0.524    12.226    gru_bin_version_i/gru_va_0/inst/grp_gru_va_Pipeline_HIDDEN_LOOP_fu_806/val_r_20_reg_21805_reg[11]
  -------------------------------------------------------------------
                         required time                         12.226    
                         arrival time                         -11.836    
  -------------------------------------------------------------------
                         slack                                  0.390    

Slack (MET) :             0.390ns  (required time - arrival time)
  Source:                 gru_bin_version_i/gru_va_0/inst/grp_gru_va_Pipeline_HIDDEN_LOOP_fu_806/val_r_16_reg_21787_reg[9]/C
                            (rising edge-triggered cell FDSE clocked by clk_fpga_0  {rise@0.000ns fall@5.000ns period=10.000ns})
  Destination:            gru_bin_version_i/gru_va_0/inst/grp_gru_va_Pipeline_HIDDEN_LOOP_fu_806/val_r_20_reg_21805_reg[12]/S
                            (rising edge-triggered cell FDSE clocked by clk_fpga_0  {rise@0.000ns fall@5.000ns period=10.000ns})
  Path Group:             clk_fpga_0
  Path Type:              Setup (Max at Slow Process Corner)
  Requirement:            10.000ns  (clk_fpga_0 rise@10.000ns - clk_fpga_0 rise@0.000ns)
  Data Path Delay:        8.566ns  (logic 3.828ns (44.689%)  route 4.738ns (55.311%))
  Logic Levels:           18  (CARRY4=15 LUT2=1 LUT3=1 LUT4=1)
  Clock Path Skew:        -0.366ns (DCD - SCD + CPR)
    Destination Clock Delay (DCD):    2.775ns = ( 12.775 - 10.000 ) 
    Source Clock Delay      (SCD):    3.270ns
    Clock Pessimism Removal (CPR):    0.129ns
  Clock Uncertainty:      0.154ns  ((TSJ^2 + TIJ^2)^1/2 + DJ) / 2 + PE
    Total System Jitter     (TSJ):    0.071ns
    Total Input Jitter      (TIJ):    0.300ns
    Discrete Jitter          (DJ):    0.000ns
    Phase Error              (PE):    0.000ns

    Location             Delay type                Incr(ns)  Path(ns)    Netlist Resource(s)
  -------------------------------------------------------------------    -------------------
                         (clock clk_fpga_0 rise edge)
                                                      0.000     0.000 r  
    PS7_X0Y0             PS7                          0.000     0.000 r  gru_bin_version_i/processing_system7_0/inst/PS7_i/FCLKCLK[0]
                         net (fo=1, routed)           1.193     1.193    gru_bin_version_i/processing_system7_0/inst/FCLK_CLK_unbuffered[0]
    BUFGCTRL_X0Y16       BUFG (Prop_bufg_I_O)         0.101     1.294 r  gru_bin_version_i/processing_system7_0/inst/buffer_fclk_clk_0.FCLK_CLK_0_BUFG/O
                         net (fo=22708, routed)       1.976     3.270    gru_bin_version_i/gru_va_0/inst/grp_gru_va_Pipeline_HIDDEN_LOOP_fu_806/ap_clk
    SLICE_X101Y108       FDSE                                         r  gru_bin_version_i/gru_va_0/inst/grp_gru_va_Pipeline_HIDDEN_LOOP_fu_806/val_r_16_reg_21787_reg[9]/C
  -------------------------------------------------------------------    -------------------
    SLICE_X101Y108       FDSE (Prop_fdse_C_Q)         0.419     3.689 r  gru_bin_version_i/gru_va_0/inst/grp_gru_va_Pipeline_HIDDEN_LOOP_fu_806/val_r_16_reg_21787_reg[9]/Q
                         net (fo=2, routed)           0.833     4.522    gru_bin_version_i/gru_va_0/inst/grp_gru_va_Pipeline_HIDDEN_LOOP_fu_806/val_r_16_reg_21787_reg_n_3_[9]
    SLICE_X105Y104       LUT2 (Prop_lut2_I1_O)        0.299     4.821 r  gru_bin_version_i/gru_va_0/inst/grp_gru_va_Pipeline_HIDDEN_LOOP_fu_806/val_r_20_reg_21805[31]_i_80/O
                         net (fo=1, routed)           0.000     4.821    gru_bin_version_i/gru_va_0/inst/grp_gru_va_Pipeline_HIDDEN_LOOP_fu_806/val_r_20_reg_21805[31]_i_80_n_3
    SLICE_X105Y104       CARRY4 (Prop_carry4_S[1]_CO[3])
                                                      0.550     5.371 r  gru_bin_version_i/gru_va_0/inst/grp_gru_va_Pipeline_HIDDEN_LOOP_fu_806/val_r_20_reg_21805_reg[31]_i_68/CO[3]
                         net (fo=1, routed)           0.000     5.371    gru_bin_version_i/gru_va_0/inst/grp_gru_va_Pipeline_HIDDEN_LOOP_fu_806/val_r_20_reg_21805_reg[31]_i_68_n_3
    SLICE_X105Y105       CARRY4 (Prop_carry4_CI_CO[3])
                                                      0.114     5.485 r  gru_bin_version_i/gru_va_0/inst/grp_gru_va_Pipeline_HIDDEN_LOOP_fu_806/val_r_20_reg_21805_reg[31]_i_58/CO[3]
                         net (fo=1, routed)           0.000     5.485    gru_bin_version_i/gru_va_0/inst/grp_gru_va_Pipeline_HIDDEN_LOOP_fu_806/val_r_20_reg_21805_reg[31]_i_58_n_3
    SLICE_X105Y106       CARRY4 (Prop_carry4_CI_CO[3])
                                                      0.114     5.599 r  gru_bin_version_i/gru_va_0/inst/grp_gru_va_Pipeline_HIDDEN_LOOP_fu_806/val_r_20_reg_21805_reg[31]_i_48/CO[3]
                         net (fo=1, routed)           0.000     5.599    gru_bin_version_i/gru_va_0/inst/grp_gru_va_Pipeline_HIDDEN_LOOP_fu_806/val_r_20_reg_21805_reg[31]_i_48_n_3
    SLICE_X105Y107       CARRY4 (Prop_carry4_CI_CO[3])
                                                      0.114     5.713 r  gru_bin_version_i/gru_va_0/inst/grp_gru_va_Pipeline_HIDDEN_LOOP_fu_806/val_r_20_reg_21805_reg[31]_i_38/CO[3]
                         net (fo=1, routed)           0.000     5.713    gru_bin_version_i/gru_va_0/inst/grp_gru_va_Pipeline_HIDDEN_LOOP_fu_806/val_r_20_reg_21805_reg[31]_i_38_n_3
    SLICE_X105Y108       CARRY4 (Prop_carry4_CI_CO[3])
                                                      0.114     5.827 r  gru_bin_version_i/gru_va_0/inst/grp_gru_va_Pipeline_HIDDEN_LOOP_fu_806/val_r_20_reg_21805_reg[31]_i_23/CO[3]
                         net (fo=1, routed)           0.000     5.827    gru_bin_version_i/gru_va_0/inst/grp_gru_va_Pipeline_HIDDEN_LOOP_fu_806/val_r_20_reg_21805_reg[31]_i_23_n_3
    SLICE_X105Y109       CARRY4 (Prop_carry4_CI_CO[3])
                                                      0.114     5.941 r  gru_bin_version_i/gru_va_0/inst/grp_gru_va_Pipeline_HIDDEN_LOOP_fu_806/val_r_20_reg_21805_reg[31]_i_16/CO[3]
                         net (fo=64, routed)          1.879     7.820    gru_bin_version_i/gru_va_0/inst/grp_gru_va_Pipeline_HIDDEN_LOOP_fu_806/val_r_20_reg_21805_reg[31]_i_16_n_3
    SLICE_X104Y86        LUT4 (Prop_lut4_I2_O)        0.124     7.944 r  gru_bin_version_i/gru_va_0/inst/grp_gru_va_Pipeline_HIDDEN_LOOP_fu_806/val_r_20_reg_21805[0]_i_5/O
                         net (fo=1, routed)           0.000     7.944    gru_bin_version_i/gru_va_0/inst/grp_gru_va_Pipeline_HIDDEN_LOOP_fu_806/val_r_20_reg_21805[0]_i_5_n_3
    SLICE_X104Y86        CARRY4 (Prop_carry4_S[1]_CO[3])
                                                      0.533     8.477 r  gru_bin_version_i/gru_va_0/inst/grp_gru_va_Pipeline_HIDDEN_LOOP_fu_806/val_r_20_reg_21805_reg[0]_i_2/CO[3]
                         net (fo=1, routed)           0.000     8.477    gru_bin_version_i/gru_va_0/inst/grp_gru_va_Pipeline_HIDDEN_LOOP_fu_806/val_r_20_reg_21805_reg[0]_i_2_n_3
    SLICE_X104Y87        CARRY4 (Prop_carry4_CI_CO[3])
                                                      0.117     8.594 r  gru_bin_version_i/gru_va_0/inst/grp_gru_va_Pipeline_HIDDEN_LOOP_fu_806/val_r_20_reg_21805_reg[31]_i_63/CO[3]
                         net (fo=1, routed)           0.000     8.594    gru_bin_version_i/gru_va_0/inst/grp_gru_va_Pipeline_HIDDEN_LOOP_fu_806/val_r_20_reg_21805_reg[31]_i_63_n_3
    SLICE_X104Y88        CARRY4 (Prop_carry4_CI_CO[3])
                                                      0.117     8.711 r  gru_bin_version_i/gru_va_0/inst/grp_gru_va_Pipeline_HIDDEN_LOOP_fu_806/val_r_20_reg_21805_reg[31]_i_53/CO[3]
                         net (fo=1, routed)           0.000     8.711    gru_bin_version_i/gru_va_0/inst/grp_gru_va_Pipeline_HIDDEN_LOOP_fu_806/val_r_20_reg_21805_reg[31]_i_53_n_3
    SLICE_X104Y89        CARRY4 (Prop_carry4_CI_CO[3])
                                                      0.117     8.828 r  gru_bin_version_i/gru_va_0/inst/grp_gru_va_Pipeline_HIDDEN_LOOP_fu_806/val_r_20_reg_21805_reg[31]_i_43/CO[3]
                         net (fo=1, routed)           0.000     8.828    gru_bin_version_i/gru_va_0/inst/grp_gru_va_Pipeline_HIDDEN_LOOP_fu_806/val_r_20_reg_21805_reg[31]_i_43_n_3
    SLICE_X104Y90        CARRY4 (Prop_carry4_CI_CO[3])
                                                      0.117     8.945 r  gru_bin_version_i/gru_va_0/inst/grp_gru_va_Pipeline_HIDDEN_LOOP_fu_806/val_r_20_reg_21805_reg[31]_i_33/CO[3]
                         net (fo=1, routed)           0.000     8.945    gru_bin_version_i/gru_va_0/inst/grp_gru_va_Pipeline_HIDDEN_LOOP_fu_806/val_r_20_reg_21805_reg[31]_i_33_n_3
    SLICE_X104Y91        CARRY4 (Prop_carry4_CI_CO[3])
                                                      0.117     9.062 r  gru_bin_version_i/gru_va_0/inst/grp_gru_va_Pipeline_HIDDEN_LOOP_fu_806/val_r_20_reg_21805_reg[31]_i_18/CO[3]
                         net (fo=1, routed)           0.000     9.062    gru_bin_version_i/gru_va_0/inst/grp_gru_va_Pipeline_HIDDEN_LOOP_fu_806/val_r_20_reg_21805_reg[31]_i_18_n_3
    SLICE_X104Y92        CARRY4 (Prop_carry4_CI_CO[3])
                                                      0.117     9.179 r  gru_bin_version_i/gru_va_0/inst/grp_gru_va_Pipeline_HIDDEN_LOOP_fu_806/val_r_20_reg_21805_reg[31]_i_10/CO[3]
                         net (fo=1, routed)           0.000     9.179    gru_bin_version_i/gru_va_0/inst/grp_gru_va_Pipeline_HIDDEN_LOOP_fu_806/val_r_20_reg_21805_reg[31]_i_10_n_3
    SLICE_X104Y93        CARRY4 (Prop_carry4_CI_CO[3])
                                                      0.117     9.296 r  gru_bin_version_i/gru_va_0/inst/grp_gru_va_Pipeline_HIDDEN_LOOP_fu_806/val_r_20_reg_21805_reg[31]_i_5/CO[3]
                         net (fo=1, routed)           0.000     9.296    gru_bin_version_i/gru_va_0/inst/grp_gru_va_Pipeline_HIDDEN_LOOP_fu_806/val_r_20_reg_21805_reg[31]_i_5_n_3
    SLICE_X104Y94        CARRY4 (Prop_carry4_CI_O[0])
                                                      0.219     9.515 f  gru_bin_version_i/gru_va_0/inst/grp_gru_va_Pipeline_HIDDEN_LOOP_fu_806/val_r_20_reg_21805_reg[31]_i_3/O[0]
                         net (fo=33, routed)          0.921    10.436    gru_bin_version_i/gru_va_0/inst/grp_gru_va_Pipeline_HIDDEN_LOOP_fu_806/tmp_65_fu_9315_p3[0]
    SLICE_X102Y90        LUT3 (Prop_lut3_I0_O)        0.295    10.731 r  gru_bin_version_i/gru_va_0/inst/grp_gru_va_Pipeline_HIDDEN_LOOP_fu_806/val_r_20_reg_21805[31]_i_1/O
                         net (fo=32, routed)          1.105    11.836    gru_bin_version_i/gru_va_0/inst/grp_gru_va_Pipeline_HIDDEN_LOOP_fu_806/val_r_20_reg_21805
    SLICE_X100Y78        FDSE                                         r  gru_bin_version_i/gru_va_0/inst/grp_gru_va_Pipeline_HIDDEN_LOOP_fu_806/val_r_20_reg_21805_reg[12]/S
  -------------------------------------------------------------------    -------------------

                         (clock clk_fpga_0 rise edge)
                                                     10.000    10.000 r  
    PS7_X0Y0             PS7                          0.000    10.000 r  gru_bin_version_i/processing_system7_0/inst/PS7_i/FCLKCLK[0]
                         net (fo=1, routed)           1.088    11.088    gru_bin_version_i/processing_system7_0/inst/FCLK_CLK_unbuffered[0]
    BUFGCTRL_X0Y16       BUFG (Prop_bufg_I_O)         0.091    11.179 r  gru_bin_version_i/processing_system7_0/inst/buffer_fclk_clk_0.FCLK_CLK_0_BUFG/O
                         net (fo=22708, routed)       1.596    12.775    gru_bin_version_i/gru_va_0/inst/grp_gru_va_Pipeline_HIDDEN_LOOP_fu_806/ap_clk
    SLICE_X100Y78        FDSE                                         r  gru_bin_version_i/gru_va_0/inst/grp_gru_va_Pipeline_HIDDEN_LOOP_fu_806/val_r_20_reg_21805_reg[12]/C
                         clock pessimism              0.129    12.904    
                         clock uncertainty           -0.154    12.750    
    SLICE_X100Y78        FDSE (Setup_fdse_C_S)       -0.524    12.226    gru_bin_version_i/gru_va_0/inst/grp_gru_va_Pipeline_HIDDEN_LOOP_fu_806/val_r_20_reg_21805_reg[12]
  -------------------------------------------------------------------
                         required time                         12.226    
                         arrival time                         -11.836    
  -------------------------------------------------------------------
                         slack                                  0.390    

Slack (MET) :             0.390ns  (required time - arrival time)
  Source:                 gru_bin_version_i/gru_va_0/inst/grp_gru_va_Pipeline_HIDDEN_LOOP_fu_806/val_r_16_reg_21787_reg[9]/C
                            (rising edge-triggered cell FDSE clocked by clk_fpga_0  {rise@0.000ns fall@5.000ns period=10.000ns})
  Destination:            gru_bin_version_i/gru_va_0/inst/grp_gru_va_Pipeline_HIDDEN_LOOP_fu_806/val_r_20_reg_21805_reg[13]/S
                            (rising edge-triggered cell FDSE clocked by clk_fpga_0  {rise@0.000ns fall@5.000ns period=10.000ns})
  Path Group:             clk_fpga_0
  Path Type:              Setup (Max at Slow Process Corner)
  Requirement:            10.000ns  (clk_fpga_0 rise@10.000ns - clk_fpga_0 rise@0.000ns)
  Data Path Delay:        8.566ns  (logic 3.828ns (44.689%)  route 4.738ns (55.311%))
  Logic Levels:           18  (CARRY4=15 LUT2=1 LUT3=1 LUT4=1)
  Clock Path Skew:        -0.366ns (DCD - SCD + CPR)
    Destination Clock Delay (DCD):    2.775ns = ( 12.775 - 10.000 ) 
    Source Clock Delay      (SCD):    3.270ns
    Clock Pessimism Removal (CPR):    0.129ns
  Clock Uncertainty:      0.154ns  ((TSJ^2 + TIJ^2)^1/2 + DJ) / 2 + PE
    Total System Jitter     (TSJ):    0.071ns
    Total Input Jitter      (TIJ):    0.300ns
    Discrete Jitter          (DJ):    0.000ns
    Phase Error              (PE):    0.000ns

    Location             Delay type                Incr(ns)  Path(ns)    Netlist Resource(s)
  -------------------------------------------------------------------    -------------------
                         (clock clk_fpga_0 rise edge)
                                                      0.000     0.000 r  
    PS7_X0Y0             PS7                          0.000     0.000 r  gru_bin_version_i/processing_system7_0/inst/PS7_i/FCLKCLK[0]
                         net (fo=1, routed)           1.193     1.193    gru_bin_version_i/processing_system7_0/inst/FCLK_CLK_unbuffered[0]
    BUFGCTRL_X0Y16       BUFG (Prop_bufg_I_O)         0.101     1.294 r  gru_bin_version_i/processing_system7_0/inst/buffer_fclk_clk_0.FCLK_CLK_0_BUFG/O
                         net (fo=22708, routed)       1.976     3.270    gru_bin_version_i/gru_va_0/inst/grp_gru_va_Pipeline_HIDDEN_LOOP_fu_806/ap_clk
    SLICE_X101Y108       FDSE                                         r  gru_bin_version_i/gru_va_0/inst/grp_gru_va_Pipeline_HIDDEN_LOOP_fu_806/val_r_16_reg_21787_reg[9]/C
  -------------------------------------------------------------------    -------------------
    SLICE_X101Y108       FDSE (Prop_fdse_C_Q)         0.419     3.689 r  gru_bin_version_i/gru_va_0/inst/grp_gru_va_Pipeline_HIDDEN_LOOP_fu_806/val_r_16_reg_21787_reg[9]/Q
                         net (fo=2, routed)           0.833     4.522    gru_bin_version_i/gru_va_0/inst/grp_gru_va_Pipeline_HIDDEN_LOOP_fu_806/val_r_16_reg_21787_reg_n_3_[9]
    SLICE_X105Y104       LUT2 (Prop_lut2_I1_O)        0.299     4.821 r  gru_bin_version_i/gru_va_0/inst/grp_gru_va_Pipeline_HIDDEN_LOOP_fu_806/val_r_20_reg_21805[31]_i_80/O
                         net (fo=1, routed)           0.000     4.821    gru_bin_version_i/gru_va_0/inst/grp_gru_va_Pipeline_HIDDEN_LOOP_fu_806/val_r_20_reg_21805[31]_i_80_n_3
    SLICE_X105Y104       CARRY4 (Prop_carry4_S[1]_CO[3])
                                                      0.550     5.371 r  gru_bin_version_i/gru_va_0/inst/grp_gru_va_Pipeline_HIDDEN_LOOP_fu_806/val_r_20_reg_21805_reg[31]_i_68/CO[3]
                         net (fo=1, routed)           0.000     5.371    gru_bin_version_i/gru_va_0/inst/grp_gru_va_Pipeline_HIDDEN_LOOP_fu_806/val_r_20_reg_21805_reg[31]_i_68_n_3
    SLICE_X105Y105       CARRY4 (Prop_carry4_CI_CO[3])
                                                      0.114     5.485 r  gru_bin_version_i/gru_va_0/inst/grp_gru_va_Pipeline_HIDDEN_LOOP_fu_806/val_r_20_reg_21805_reg[31]_i_58/CO[3]
                         net (fo=1, routed)           0.000     5.485    gru_bin_version_i/gru_va_0/inst/grp_gru_va_Pipeline_HIDDEN_LOOP_fu_806/val_r_20_reg_21805_reg[31]_i_58_n_3
    SLICE_X105Y106       CARRY4 (Prop_carry4_CI_CO[3])
                                                      0.114     5.599 r  gru_bin_version_i/gru_va_0/inst/grp_gru_va_Pipeline_HIDDEN_LOOP_fu_806/val_r_20_reg_21805_reg[31]_i_48/CO[3]
                         net (fo=1, routed)           0.000     5.599    gru_bin_version_i/gru_va_0/inst/grp_gru_va_Pipeline_HIDDEN_LOOP_fu_806/val_r_20_reg_21805_reg[31]_i_48_n_3
    SLICE_X105Y107       CARRY4 (Prop_carry4_CI_CO[3])
                                                      0.114     5.713 r  gru_bin_version_i/gru_va_0/inst/grp_gru_va_Pipeline_HIDDEN_LOOP_fu_806/val_r_20_reg_21805_reg[31]_i_38/CO[3]
                         net (fo=1, routed)           0.000     5.713    gru_bin_version_i/gru_va_0/inst/grp_gru_va_Pipeline_HIDDEN_LOOP_fu_806/val_r_20_reg_21805_reg[31]_i_38_n_3
    SLICE_X105Y108       CARRY4 (Prop_carry4_CI_CO[3])
                                                      0.114     5.827 r  gru_bin_version_i/gru_va_0/inst/grp_gru_va_Pipeline_HIDDEN_LOOP_fu_806/val_r_20_reg_21805_reg[31]_i_23/CO[3]
                         net (fo=1, routed)           0.000     5.827    gru_bin_version_i/gru_va_0/inst/grp_gru_va_Pipeline_HIDDEN_LOOP_fu_806/val_r_20_reg_21805_reg[31]_i_23_n_3
    SLICE_X105Y109       CARRY4 (Prop_carry4_CI_CO[3])
                                                      0.114     5.941 r  gru_bin_version_i/gru_va_0/inst/grp_gru_va_Pipeline_HIDDEN_LOOP_fu_806/val_r_20_reg_21805_reg[31]_i_16/CO[3]
                         net (fo=64, routed)          1.879     7.820    gru_bin_version_i/gru_va_0/inst/grp_gru_va_Pipeline_HIDDEN_LOOP_fu_806/val_r_20_reg_21805_reg[31]_i_16_n_3
    SLICE_X104Y86        LUT4 (Prop_lut4_I2_O)        0.124     7.944 r  gru_bin_version_i/gru_va_0/inst/grp_gru_va_Pipeline_HIDDEN_LOOP_fu_806/val_r_20_reg_21805[0]_i_5/O
                         net (fo=1, routed)           0.000     7.944    gru_bin_version_i/gru_va_0/inst/grp_gru_va_Pipeline_HIDDEN_LOOP_fu_806/val_r_20_reg_21805[0]_i_5_n_3
    SLICE_X104Y86        CARRY4 (Prop_carry4_S[1]_CO[3])
                                                      0.533     8.477 r  gru_bin_version_i/gru_va_0/inst/grp_gru_va_Pipeline_HIDDEN_LOOP_fu_806/val_r_20_reg_21805_reg[0]_i_2/CO[3]
                         net (fo=1, routed)           0.000     8.477    gru_bin_version_i/gru_va_0/inst/grp_gru_va_Pipeline_HIDDEN_LOOP_fu_806/val_r_20_reg_21805_reg[0]_i_2_n_3
    SLICE_X104Y87        CARRY4 (Prop_carry4_CI_CO[3])
                                                      0.117     8.594 r  gru_bin_version_i/gru_va_0/inst/grp_gru_va_Pipeline_HIDDEN_LOOP_fu_806/val_r_20_reg_21805_reg[31]_i_63/CO[3]
                         net (fo=1, routed)           0.000     8.594    gru_bin_version_i/gru_va_0/inst/grp_gru_va_Pipeline_HIDDEN_LOOP_fu_806/val_r_20_reg_21805_reg[31]_i_63_n_3
    SLICE_X104Y88        CARRY4 (Prop_carry4_CI_CO[3])
                                                      0.117     8.711 r  gru_bin_version_i/gru_va_0/inst/grp_gru_va_Pipeline_HIDDEN_LOOP_fu_806/val_r_20_reg_21805_reg[31]_i_53/CO[3]
                         net (fo=1, routed)           0.000     8.711    gru_bin_version_i/gru_va_0/inst/grp_gru_va_Pipeline_HIDDEN_LOOP_fu_806/val_r_20_reg_21805_reg[31]_i_53_n_3
    SLICE_X104Y89        CARRY4 (Prop_carry4_CI_CO[3])
                                                      0.117     8.828 r  gru_bin_version_i/gru_va_0/inst/grp_gru_va_Pipeline_HIDDEN_LOOP_fu_806/val_r_20_reg_21805_reg[31]_i_43/CO[3]
                         net (fo=1, routed)           0.000     8.828    gru_bin_version_i/gru_va_0/inst/grp_gru_va_Pipeline_HIDDEN_LOOP_fu_806/val_r_20_reg_21805_reg[31]_i_43_n_3
    SLICE_X104Y90        CARRY4 (Prop_carry4_CI_CO[3])
                                                      0.117     8.945 r  gru_bin_version_i/gru_va_0/inst/grp_gru_va_Pipeline_HIDDEN_LOOP_fu_806/val_r_20_reg_21805_reg[31]_i_33/CO[3]
                         net (fo=1, routed)           0.000     8.945    gru_bin_version_i/gru_va_0/inst/grp_gru_va_Pipeline_HIDDEN_LOOP_fu_806/val_r_20_reg_21805_reg[31]_i_33_n_3
    SLICE_X104Y91        CARRY4 (Prop_carry4_CI_CO[3])
                                                      0.117     9.062 r  gru_bin_version_i/gru_va_0/inst/grp_gru_va_Pipeline_HIDDEN_LOOP_fu_806/val_r_20_reg_21805_reg[31]_i_18/CO[3]
                         net (fo=1, routed)           0.000     9.062    gru_bin_version_i/gru_va_0/inst/grp_gru_va_Pipeline_HIDDEN_LOOP_fu_806/val_r_20_reg_21805_reg[31]_i_18_n_3
    SLICE_X104Y92        CARRY4 (Prop_carry4_CI_CO[3])
                                                      0.117     9.179 r  gru_bin_version_i/gru_va_0/inst/grp_gru_va_Pipeline_HIDDEN_LOOP_fu_806/val_r_20_reg_21805_reg[31]_i_10/CO[3]
                         net (fo=1, routed)           0.000     9.179    gru_bin_version_i/gru_va_0/inst/grp_gru_va_Pipeline_HIDDEN_LOOP_fu_806/val_r_20_reg_21805_reg[31]_i_10_n_3
    SLICE_X104Y93        CARRY4 (Prop_carry4_CI_CO[3])
                                                      0.117     9.296 r  gru_bin_version_i/gru_va_0/inst/grp_gru_va_Pipeline_HIDDEN_LOOP_fu_806/val_r_20_reg_21805_reg[31]_i_5/CO[3]
                         net (fo=1, routed)           0.000     9.296    gru_bin_version_i/gru_va_0/inst/grp_gru_va_Pipeline_HIDDEN_LOOP_fu_806/val_r_20_reg_21805_reg[31]_i_5_n_3
    SLICE_X104Y94        CARRY4 (Prop_carry4_CI_O[0])
                                                      0.219     9.515 f  gru_bin_version_i/gru_va_0/inst/grp_gru_va_Pipeline_HIDDEN_LOOP_fu_806/val_r_20_reg_21805_reg[31]_i_3/O[0]
                         net (fo=33, routed)          0.921    10.436    gru_bin_version_i/gru_va_0/inst/grp_gru_va_Pipeline_HIDDEN_LOOP_fu_806/tmp_65_fu_9315_p3[0]
    SLICE_X102Y90        LUT3 (Prop_lut3_I0_O)        0.295    10.731 r  gru_bin_version_i/gru_va_0/inst/grp_gru_va_Pipeline_HIDDEN_LOOP_fu_806/val_r_20_reg_21805[31]_i_1/O
                         net (fo=32, routed)          1.105    11.836    gru_bin_version_i/gru_va_0/inst/grp_gru_va_Pipeline_HIDDEN_LOOP_fu_806/val_r_20_reg_21805
    SLICE_X100Y78        FDSE                                         r  gru_bin_version_i/gru_va_0/inst/grp_gru_va_Pipeline_HIDDEN_LOOP_fu_806/val_r_20_reg_21805_reg[13]/S
  -------------------------------------------------------------------    -------------------

                         (clock clk_fpga_0 rise edge)
                                                     10.000    10.000 r  
    PS7_X0Y0             PS7                          0.000    10.000 r  gru_bin_version_i/processing_system7_0/inst/PS7_i/FCLKCLK[0]
                         net (fo=1, routed)           1.088    11.088    gru_bin_version_i/processing_system7_0/inst/FCLK_CLK_unbuffered[0]
    BUFGCTRL_X0Y16       BUFG (Prop_bufg_I_O)         0.091    11.179 r  gru_bin_version_i/processing_system7_0/inst/buffer_fclk_clk_0.FCLK_CLK_0_BUFG/O
                         net (fo=22708, routed)       1.596    12.775    gru_bin_version_i/gru_va_0/inst/grp_gru_va_Pipeline_HIDDEN_LOOP_fu_806/ap_clk
    SLICE_X100Y78        FDSE                                         r  gru_bin_version_i/gru_va_0/inst/grp_gru_va_Pipeline_HIDDEN_LOOP_fu_806/val_r_20_reg_21805_reg[13]/C
                         clock pessimism              0.129    12.904    
                         clock uncertainty           -0.154    12.750    
    SLICE_X100Y78        FDSE (Setup_fdse_C_S)       -0.524    12.226    gru_bin_version_i/gru_va_0/inst/grp_gru_va_Pipeline_HIDDEN_LOOP_fu_806/val_r_20_reg_21805_reg[13]
  -------------------------------------------------------------------
                         required time                         12.226    
                         arrival time                         -11.836    
  -------------------------------------------------------------------
                         slack                                  0.390    

Slack (MET) :             0.390ns  (required time - arrival time)
  Source:                 gru_bin_version_i/gru_va_0/inst/grp_gru_va_Pipeline_HIDDEN_LOOP_fu_806/val_r_16_reg_21787_reg[9]/C
                            (rising edge-triggered cell FDSE clocked by clk_fpga_0  {rise@0.000ns fall@5.000ns period=10.000ns})
  Destination:            gru_bin_version_i/gru_va_0/inst/grp_gru_va_Pipeline_HIDDEN_LOOP_fu_806/val_r_20_reg_21805_reg[28]/S
                            (rising edge-triggered cell FDSE clocked by clk_fpga_0  {rise@0.000ns fall@5.000ns period=10.000ns})
  Path Group:             clk_fpga_0
  Path Type:              Setup (Max at Slow Process Corner)
  Requirement:            10.000ns  (clk_fpga_0 rise@10.000ns - clk_fpga_0 rise@0.000ns)
  Data Path Delay:        8.566ns  (logic 3.828ns (44.689%)  route 4.738ns (55.311%))
  Logic Levels:           18  (CARRY4=15 LUT2=1 LUT3=1 LUT4=1)
  Clock Path Skew:        -0.366ns (DCD - SCD + CPR)
    Destination Clock Delay (DCD):    2.775ns = ( 12.775 - 10.000 ) 
    Source Clock Delay      (SCD):    3.270ns
    Clock Pessimism Removal (CPR):    0.129ns
  Clock Uncertainty:      0.154ns  ((TSJ^2 + TIJ^2)^1/2 + DJ) / 2 + PE
    Total System Jitter     (TSJ):    0.071ns
    Total Input Jitter      (TIJ):    0.300ns
    Discrete Jitter          (DJ):    0.000ns
    Phase Error              (PE):    0.000ns

    Location             Delay type                Incr(ns)  Path(ns)    Netlist Resource(s)
  -------------------------------------------------------------------    -------------------
                         (clock clk_fpga_0 rise edge)
                                                      0.000     0.000 r  
    PS7_X0Y0             PS7                          0.000     0.000 r  gru_bin_version_i/processing_system7_0/inst/PS7_i/FCLKCLK[0]
                         net (fo=1, routed)           1.193     1.193    gru_bin_version_i/processing_system7_0/inst/FCLK_CLK_unbuffered[0]
    BUFGCTRL_X0Y16       BUFG (Prop_bufg_I_O)         0.101     1.294 r  gru_bin_version_i/processing_system7_0/inst/buffer_fclk_clk_0.FCLK_CLK_0_BUFG/O
                         net (fo=22708, routed)       1.976     3.270    gru_bin_version_i/gru_va_0/inst/grp_gru_va_Pipeline_HIDDEN_LOOP_fu_806/ap_clk
    SLICE_X101Y108       FDSE                                         r  gru_bin_version_i/gru_va_0/inst/grp_gru_va_Pipeline_HIDDEN_LOOP_fu_806/val_r_16_reg_21787_reg[9]/C
  -------------------------------------------------------------------    -------------------
    SLICE_X101Y108       FDSE (Prop_fdse_C_Q)         0.419     3.689 r  gru_bin_version_i/gru_va_0/inst/grp_gru_va_Pipeline_HIDDEN_LOOP_fu_806/val_r_16_reg_21787_reg[9]/Q
                         net (fo=2, routed)           0.833     4.522    gru_bin_version_i/gru_va_0/inst/grp_gru_va_Pipeline_HIDDEN_LOOP_fu_806/val_r_16_reg_21787_reg_n_3_[9]
    SLICE_X105Y104       LUT2 (Prop_lut2_I1_O)        0.299     4.821 r  gru_bin_version_i/gru_va_0/inst/grp_gru_va_Pipeline_HIDDEN_LOOP_fu_806/val_r_20_reg_21805[31]_i_80/O
                         net (fo=1, routed)           0.000     4.821    gru_bin_version_i/gru_va_0/inst/grp_gru_va_Pipeline_HIDDEN_LOOP_fu_806/val_r_20_reg_21805[31]_i_80_n_3
    SLICE_X105Y104       CARRY4 (Prop_carry4_S[1]_CO[3])
                                                      0.550     5.371 r  gru_bin_version_i/gru_va_0/inst/grp_gru_va_Pipeline_HIDDEN_LOOP_fu_806/val_r_20_reg_21805_reg[31]_i_68/CO[3]
                         net (fo=1, routed)           0.000     5.371    gru_bin_version_i/gru_va_0/inst/grp_gru_va_Pipeline_HIDDEN_LOOP_fu_806/val_r_20_reg_21805_reg[31]_i_68_n_3
    SLICE_X105Y105       CARRY4 (Prop_carry4_CI_CO[3])
                                                      0.114     5.485 r  gru_bin_version_i/gru_va_0/inst/grp_gru_va_Pipeline_HIDDEN_LOOP_fu_806/val_r_20_reg_21805_reg[31]_i_58/CO[3]
                         net (fo=1, routed)           0.000     5.485    gru_bin_version_i/gru_va_0/inst/grp_gru_va_Pipeline_HIDDEN_LOOP_fu_806/val_r_20_reg_21805_reg[31]_i_58_n_3
    SLICE_X105Y106       CARRY4 (Prop_carry4_CI_CO[3])
                                                      0.114     5.599 r  gru_bin_version_i/gru_va_0/inst/grp_gru_va_Pipeline_HIDDEN_LOOP_fu_806/val_r_20_reg_21805_reg[31]_i_48/CO[3]
                         net (fo=1, routed)           0.000     5.599    gru_bin_version_i/gru_va_0/inst/grp_gru_va_Pipeline_HIDDEN_LOOP_fu_806/val_r_20_reg_21805_reg[31]_i_48_n_3
    SLICE_X105Y107       CARRY4 (Prop_carry4_CI_CO[3])
                                                      0.114     5.713 r  gru_bin_version_i/gru_va_0/inst/grp_gru_va_Pipeline_HIDDEN_LOOP_fu_806/val_r_20_reg_21805_reg[31]_i_38/CO[3]
                         net (fo=1, routed)           0.000     5.713    gru_bin_version_i/gru_va_0/inst/grp_gru_va_Pipeline_HIDDEN_LOOP_fu_806/val_r_20_reg_21805_reg[31]_i_38_n_3
    SLICE_X105Y108       CARRY4 (Prop_carry4_CI_CO[3])
                                                      0.114     5.827 r  gru_bin_version_i/gru_va_0/inst/grp_gru_va_Pipeline_HIDDEN_LOOP_fu_806/val_r_20_reg_21805_reg[31]_i_23/CO[3]
                         net (fo=1, routed)           0.000     5.827    gru_bin_version_i/gru_va_0/inst/grp_gru_va_Pipeline_HIDDEN_LOOP_fu_806/val_r_20_reg_21805_reg[31]_i_23_n_3
    SLICE_X105Y109       CARRY4 (Prop_carry4_CI_CO[3])
                                                      0.114     5.941 r  gru_bin_version_i/gru_va_0/inst/grp_gru_va_Pipeline_HIDDEN_LOOP_fu_806/val_r_20_reg_21805_reg[31]_i_16/CO[3]
                         net (fo=64, routed)          1.879     7.820    gru_bin_version_i/gru_va_0/inst/grp_gru_va_Pipeline_HIDDEN_LOOP_fu_806/val_r_20_reg_21805_reg[31]_i_16_n_3
    SLICE_X104Y86        LUT4 (Prop_lut4_I2_O)        0.124     7.944 r  gru_bin_version_i/gru_va_0/inst/grp_gru_va_Pipeline_HIDDEN_LOOP_fu_806/val_r_20_reg_21805[0]_i_5/O
                         net (fo=1, routed)           0.000     7.944    gru_bin_version_i/gru_va_0/inst/grp_gru_va_Pipeline_HIDDEN_LOOP_fu_806/val_r_20_reg_21805[0]_i_5_n_3
    SLICE_X104Y86        CARRY4 (Prop_carry4_S[1]_CO[3])
                                                      0.533     8.477 r  gru_bin_version_i/gru_va_0/inst/grp_gru_va_Pipeline_HIDDEN_LOOP_fu_806/val_r_20_reg_21805_reg[0]_i_2/CO[3]
                         net (fo=1, routed)           0.000     8.477    gru_bin_version_i/gru_va_0/inst/grp_gru_va_Pipeline_HIDDEN_LOOP_fu_806/val_r_20_reg_21805_reg[0]_i_2_n_3
    SLICE_X104Y87        CARRY4 (Prop_carry4_CI_CO[3])
                                                      0.117     8.594 r  gru_bin_version_i/gru_va_0/inst/grp_gru_va_Pipeline_HIDDEN_LOOP_fu_806/val_r_20_reg_21805_reg[31]_i_63/CO[3]
                         net (fo=1, routed)           0.000     8.594    gru_bin_version_i/gru_va_0/inst/grp_gru_va_Pipeline_HIDDEN_LOOP_fu_806/val_r_20_reg_21805_reg[31]_i_63_n_3
    SLICE_X104Y88        CARRY4 (Prop_carry4_CI_CO[3])
                                                      0.117     8.711 r  gru_bin_version_i/gru_va_0/inst/grp_gru_va_Pipeline_HIDDEN_LOOP_fu_806/val_r_20_reg_21805_reg[31]_i_53/CO[3]
                         net (fo=1, routed)           0.000     8.711    gru_bin_version_i/gru_va_0/inst/grp_gru_va_Pipeline_HIDDEN_LOOP_fu_806/val_r_20_reg_21805_reg[31]_i_53_n_3
    SLICE_X104Y89        CARRY4 (Prop_carry4_CI_CO[3])
                                                      0.117     8.828 r  gru_bin_version_i/gru_va_0/inst/grp_gru_va_Pipeline_HIDDEN_LOOP_fu_806/val_r_20_reg_21805_reg[31]_i_43/CO[3]
                         net (fo=1, routed)           0.000     8.828    gru_bin_version_i/gru_va_0/inst/grp_gru_va_Pipeline_HIDDEN_LOOP_fu_806/val_r_20_reg_21805_reg[31]_i_43_n_3
    SLICE_X104Y90        CARRY4 (Prop_carry4_CI_CO[3])
                                                      0.117     8.945 r  gru_bin_version_i/gru_va_0/inst/grp_gru_va_Pipeline_HIDDEN_LOOP_fu_806/val_r_20_reg_21805_reg[31]_i_33/CO[3]
                         net (fo=1, routed)           0.000     8.945    gru_bin_version_i/gru_va_0/inst/grp_gru_va_Pipeline_HIDDEN_LOOP_fu_806/val_r_20_reg_21805_reg[31]_i_33_n_3
    SLICE_X104Y91        CARRY4 (Prop_carry4_CI_CO[3])
                                                      0.117     9.062 r  gru_bin_version_i/gru_va_0/inst/grp_gru_va_Pipeline_HIDDEN_LOOP_fu_806/val_r_20_reg_21805_reg[31]_i_18/CO[3]
                         net (fo=1, routed)           0.000     9.062    gru_bin_version_i/gru_va_0/inst/grp_gru_va_Pipeline_HIDDEN_LOOP_fu_806/val_r_20_reg_21805_reg[31]_i_18_n_3
    SLICE_X104Y92        CARRY4 (Prop_carry4_CI_CO[3])
                                                      0.117     9.179 r  gru_bin_version_i/gru_va_0/inst/grp_gru_va_Pipeline_HIDDEN_LOOP_fu_806/val_r_20_reg_21805_reg[31]_i_10/CO[3]
                         net (fo=1, routed)           0.000     9.179    gru_bin_version_i/gru_va_0/inst/grp_gru_va_Pipeline_HIDDEN_LOOP_fu_806/val_r_20_reg_21805_reg[31]_i_10_n_3
    SLICE_X104Y93        CARRY4 (Prop_carry4_CI_CO[3])
                                                      0.117     9.296 r  gru_bin_version_i/gru_va_0/inst/grp_gru_va_Pipeline_HIDDEN_LOOP_fu_806/val_r_20_reg_21805_reg[31]_i_5/CO[3]
                         net (fo=1, routed)           0.000     9.296    gru_bin_version_i/gru_va_0/inst/grp_gru_va_Pipeline_HIDDEN_LOOP_fu_806/val_r_20_reg_21805_reg[31]_i_5_n_3
    SLICE_X104Y94        CARRY4 (Prop_carry4_CI_O[0])
                                                      0.219     9.515 f  gru_bin_version_i/gru_va_0/inst/grp_gru_va_Pipeline_HIDDEN_LOOP_fu_806/val_r_20_reg_21805_reg[31]_i_3/O[0]
                         net (fo=33, routed)          0.921    10.436    gru_bin_version_i/gru_va_0/inst/grp_gru_va_Pipeline_HIDDEN_LOOP_fu_806/tmp_65_fu_9315_p3[0]
    SLICE_X102Y90        LUT3 (Prop_lut3_I0_O)        0.295    10.731 r  gru_bin_version_i/gru_va_0/inst/grp_gru_va_Pipeline_HIDDEN_LOOP_fu_806/val_r_20_reg_21805[31]_i_1/O
                         net (fo=32, routed)          1.105    11.836    gru_bin_version_i/gru_va_0/inst/grp_gru_va_Pipeline_HIDDEN_LOOP_fu_806/val_r_20_reg_21805
    SLICE_X100Y78        FDSE                                         r  gru_bin_version_i/gru_va_0/inst/grp_gru_va_Pipeline_HIDDEN_LOOP_fu_806/val_r_20_reg_21805_reg[28]/S
  -------------------------------------------------------------------    -------------------

                         (clock clk_fpga_0 rise edge)
                                                     10.000    10.000 r  
    PS7_X0Y0             PS7                          0.000    10.000 r  gru_bin_version_i/processing_system7_0/inst/PS7_i/FCLKCLK[0]
                         net (fo=1, routed)           1.088    11.088    gru_bin_version_i/processing_system7_0/inst/FCLK_CLK_unbuffered[0]
    BUFGCTRL_X0Y16       BUFG (Prop_bufg_I_O)         0.091    11.179 r  gru_bin_version_i/processing_system7_0/inst/buffer_fclk_clk_0.FCLK_CLK_0_BUFG/O
                         net (fo=22708, routed)       1.596    12.775    gru_bin_version_i/gru_va_0/inst/grp_gru_va_Pipeline_HIDDEN_LOOP_fu_806/ap_clk
    SLICE_X100Y78        FDSE                                         r  gru_bin_version_i/gru_va_0/inst/grp_gru_va_Pipeline_HIDDEN_LOOP_fu_806/val_r_20_reg_21805_reg[28]/C
                         clock pessimism              0.129    12.904    
                         clock uncertainty           -0.154    12.750    
    SLICE_X100Y78        FDSE (Setup_fdse_C_S)       -0.524    12.226    gru_bin_version_i/gru_va_0/inst/grp_gru_va_Pipeline_HIDDEN_LOOP_fu_806/val_r_20_reg_21805_reg[28]
  -------------------------------------------------------------------
                         required time                         12.226    
                         arrival time                         -11.836    
  -------------------------------------------------------------------
                         slack                                  0.390    

Slack (MET) :             0.390ns  (required time - arrival time)
  Source:                 gru_bin_version_i/gru_va_0/inst/grp_gru_va_Pipeline_HIDDEN_LOOP_fu_806/val_r_16_reg_21787_reg[9]/C
                            (rising edge-triggered cell FDSE clocked by clk_fpga_0  {rise@0.000ns fall@5.000ns period=10.000ns})
  Destination:            gru_bin_version_i/gru_va_0/inst/grp_gru_va_Pipeline_HIDDEN_LOOP_fu_806/val_r_20_reg_21805_reg[29]/S
                            (rising edge-triggered cell FDSE clocked by clk_fpga_0  {rise@0.000ns fall@5.000ns period=10.000ns})
  Path Group:             clk_fpga_0
  Path Type:              Setup (Max at Slow Process Corner)
  Requirement:            10.000ns  (clk_fpga_0 rise@10.000ns - clk_fpga_0 rise@0.000ns)
  Data Path Delay:        8.566ns  (logic 3.828ns (44.689%)  route 4.738ns (55.311%))
  Logic Levels:           18  (CARRY4=15 LUT2=1 LUT3=1 LUT4=1)
  Clock Path Skew:        -0.366ns (DCD - SCD + CPR)
    Destination Clock Delay (DCD):    2.775ns = ( 12.775 - 10.000 ) 
    Source Clock Delay      (SCD):    3.270ns
    Clock Pessimism Removal (CPR):    0.129ns
  Clock Uncertainty:      0.154ns  ((TSJ^2 + TIJ^2)^1/2 + DJ) / 2 + PE
    Total System Jitter     (TSJ):    0.071ns
    Total Input Jitter      (TIJ):    0.300ns
    Discrete Jitter          (DJ):    0.000ns
    Phase Error              (PE):    0.000ns

    Location             Delay type                Incr(ns)  Path(ns)    Netlist Resource(s)
  -------------------------------------------------------------------    -------------------
                         (clock clk_fpga_0 rise edge)
                                                      0.000     0.000 r  
    PS7_X0Y0             PS7                          0.000     0.000 r  gru_bin_version_i/processing_system7_0/inst/PS7_i/FCLKCLK[0]
                         net (fo=1, routed)           1.193     1.193    gru_bin_version_i/processing_system7_0/inst/FCLK_CLK_unbuffered[0]
    BUFGCTRL_X0Y16       BUFG (Prop_bufg_I_O)         0.101     1.294 r  gru_bin_version_i/processing_system7_0/inst/buffer_fclk_clk_0.FCLK_CLK_0_BUFG/O
                         net (fo=22708, routed)       1.976     3.270    gru_bin_version_i/gru_va_0/inst/grp_gru_va_Pipeline_HIDDEN_LOOP_fu_806/ap_clk
    SLICE_X101Y108       FDSE                                         r  gru_bin_version_i/gru_va_0/inst/grp_gru_va_Pipeline_HIDDEN_LOOP_fu_806/val_r_16_reg_21787_reg[9]/C
  -------------------------------------------------------------------    -------------------
    SLICE_X101Y108       FDSE (Prop_fdse_C_Q)         0.419     3.689 r  gru_bin_version_i/gru_va_0/inst/grp_gru_va_Pipeline_HIDDEN_LOOP_fu_806/val_r_16_reg_21787_reg[9]/Q
                         net (fo=2, routed)           0.833     4.522    gru_bin_version_i/gru_va_0/inst/grp_gru_va_Pipeline_HIDDEN_LOOP_fu_806/val_r_16_reg_21787_reg_n_3_[9]
    SLICE_X105Y104       LUT2 (Prop_lut2_I1_O)        0.299     4.821 r  gru_bin_version_i/gru_va_0/inst/grp_gru_va_Pipeline_HIDDEN_LOOP_fu_806/val_r_20_reg_21805[31]_i_80/O
                         net (fo=1, routed)           0.000     4.821    gru_bin_version_i/gru_va_0/inst/grp_gru_va_Pipeline_HIDDEN_LOOP_fu_806/val_r_20_reg_21805[31]_i_80_n_3
    SLICE_X105Y104       CARRY4 (Prop_carry4_S[1]_CO[3])
                                                      0.550     5.371 r  gru_bin_version_i/gru_va_0/inst/grp_gru_va_Pipeline_HIDDEN_LOOP_fu_806/val_r_20_reg_21805_reg[31]_i_68/CO[3]
                         net (fo=1, routed)           0.000     5.371    gru_bin_version_i/gru_va_0/inst/grp_gru_va_Pipeline_HIDDEN_LOOP_fu_806/val_r_20_reg_21805_reg[31]_i_68_n_3
    SLICE_X105Y105       CARRY4 (Prop_carry4_CI_CO[3])
                                                      0.114     5.485 r  gru_bin_version_i/gru_va_0/inst/grp_gru_va_Pipeline_HIDDEN_LOOP_fu_806/val_r_20_reg_21805_reg[31]_i_58/CO[3]
                         net (fo=1, routed)           0.000     5.485    gru_bin_version_i/gru_va_0/inst/grp_gru_va_Pipeline_HIDDEN_LOOP_fu_806/val_r_20_reg_21805_reg[31]_i_58_n_3
    SLICE_X105Y106       CARRY4 (Prop_carry4_CI_CO[3])
                                                      0.114     5.599 r  gru_bin_version_i/gru_va_0/inst/grp_gru_va_Pipeline_HIDDEN_LOOP_fu_806/val_r_20_reg_21805_reg[31]_i_48/CO[3]
                         net (fo=1, routed)           0.000     5.599    gru_bin_version_i/gru_va_0/inst/grp_gru_va_Pipeline_HIDDEN_LOOP_fu_806/val_r_20_reg_21805_reg[31]_i_48_n_3
    SLICE_X105Y107       CARRY4 (Prop_carry4_CI_CO[3])
                                                      0.114     5.713 r  gru_bin_version_i/gru_va_0/inst/grp_gru_va_Pipeline_HIDDEN_LOOP_fu_806/val_r_20_reg_21805_reg[31]_i_38/CO[3]
                         net (fo=1, routed)           0.000     5.713    gru_bin_version_i/gru_va_0/inst/grp_gru_va_Pipeline_HIDDEN_LOOP_fu_806/val_r_20_reg_21805_reg[31]_i_38_n_3
    SLICE_X105Y108       CARRY4 (Prop_carry4_CI_CO[3])
                                                      0.114     5.827 r  gru_bin_version_i/gru_va_0/inst/grp_gru_va_Pipeline_HIDDEN_LOOP_fu_806/val_r_20_reg_21805_reg[31]_i_23/CO[3]
                         net (fo=1, routed)           0.000     5.827    gru_bin_version_i/gru_va_0/inst/grp_gru_va_Pipeline_HIDDEN_LOOP_fu_806/val_r_20_reg_21805_reg[31]_i_23_n_3
    SLICE_X105Y109       CARRY4 (Prop_carry4_CI_CO[3])
                                                      0.114     5.941 r  gru_bin_version_i/gru_va_0/inst/grp_gru_va_Pipeline_HIDDEN_LOOP_fu_806/val_r_20_reg_21805_reg[31]_i_16/CO[3]
                         net (fo=64, routed)          1.879     7.820    gru_bin_version_i/gru_va_0/inst/grp_gru_va_Pipeline_HIDDEN_LOOP_fu_806/val_r_20_reg_21805_reg[31]_i_16_n_3
    SLICE_X104Y86        LUT4 (Prop_lut4_I2_O)        0.124     7.944 r  gru_bin_version_i/gru_va_0/inst/grp_gru_va_Pipeline_HIDDEN_LOOP_fu_806/val_r_20_reg_21805[0]_i_5/O
                         net (fo=1, routed)           0.000     7.944    gru_bin_version_i/gru_va_0/inst/grp_gru_va_Pipeline_HIDDEN_LOOP_fu_806/val_r_20_reg_21805[0]_i_5_n_3
    SLICE_X104Y86        CARRY4 (Prop_carry4_S[1]_CO[3])
                                                      0.533     8.477 r  gru_bin_version_i/gru_va_0/inst/grp_gru_va_Pipeline_HIDDEN_LOOP_fu_806/val_r_20_reg_21805_reg[0]_i_2/CO[3]
                         net (fo=1, routed)           0.000     8.477    gru_bin_version_i/gru_va_0/inst/grp_gru_va_Pipeline_HIDDEN_LOOP_fu_806/val_r_20_reg_21805_reg[0]_i_2_n_3
    SLICE_X104Y87        CARRY4 (Prop_carry4_CI_CO[3])
                                                      0.117     8.594 r  gru_bin_version_i/gru_va_0/inst/grp_gru_va_Pipeline_HIDDEN_LOOP_fu_806/val_r_20_reg_21805_reg[31]_i_63/CO[3]
                         net (fo=1, routed)           0.000     8.594    gru_bin_version_i/gru_va_0/inst/grp_gru_va_Pipeline_HIDDEN_LOOP_fu_806/val_r_20_reg_21805_reg[31]_i_63_n_3
    SLICE_X104Y88        CARRY4 (Prop_carry4_CI_CO[3])
                                                      0.117     8.711 r  gru_bin_version_i/gru_va_0/inst/grp_gru_va_Pipeline_HIDDEN_LOOP_fu_806/val_r_20_reg_21805_reg[31]_i_53/CO[3]
                         net (fo=1, routed)           0.000     8.711    gru_bin_version_i/gru_va_0/inst/grp_gru_va_Pipeline_HIDDEN_LOOP_fu_806/val_r_20_reg_21805_reg[31]_i_53_n_3
    SLICE_X104Y89        CARRY4 (Prop_carry4_CI_CO[3])
                                                      0.117     8.828 r  gru_bin_version_i/gru_va_0/inst/grp_gru_va_Pipeline_HIDDEN_LOOP_fu_806/val_r_20_reg_21805_reg[31]_i_43/CO[3]
                         net (fo=1, routed)           0.000     8.828    gru_bin_version_i/gru_va_0/inst/grp_gru_va_Pipeline_HIDDEN_LOOP_fu_806/val_r_20_reg_21805_reg[31]_i_43_n_3
    SLICE_X104Y90        CARRY4 (Prop_carry4_CI_CO[3])
                                                      0.117     8.945 r  gru_bin_version_i/gru_va_0/inst/grp_gru_va_Pipeline_HIDDEN_LOOP_fu_806/val_r_20_reg_21805_reg[31]_i_33/CO[3]
                         net (fo=1, routed)           0.000     8.945    gru_bin_version_i/gru_va_0/inst/grp_gru_va_Pipeline_HIDDEN_LOOP_fu_806/val_r_20_reg_21805_reg[31]_i_33_n_3
    SLICE_X104Y91        CARRY4 (Prop_carry4_CI_CO[3])
                                                      0.117     9.062 r  gru_bin_version_i/gru_va_0/inst/grp_gru_va_Pipeline_HIDDEN_LOOP_fu_806/val_r_20_reg_21805_reg[31]_i_18/CO[3]
                         net (fo=1, routed)           0.000     9.062    gru_bin_version_i/gru_va_0/inst/grp_gru_va_Pipeline_HIDDEN_LOOP_fu_806/val_r_20_reg_21805_reg[31]_i_18_n_3
    SLICE_X104Y92        CARRY4 (Prop_carry4_CI_CO[3])
                                                      0.117     9.179 r  gru_bin_version_i/gru_va_0/inst/grp_gru_va_Pipeline_HIDDEN_LOOP_fu_806/val_r_20_reg_21805_reg[31]_i_10/CO[3]
                         net (fo=1, routed)           0.000     9.179    gru_bin_version_i/gru_va_0/inst/grp_gru_va_Pipeline_HIDDEN_LOOP_fu_806/val_r_20_reg_21805_reg[31]_i_10_n_3
    SLICE_X104Y93        CARRY4 (Prop_carry4_CI_CO[3])
                                                      0.117     9.296 r  gru_bin_version_i/gru_va_0/inst/grp_gru_va_Pipeline_HIDDEN_LOOP_fu_806/val_r_20_reg_21805_reg[31]_i_5/CO[3]
                         net (fo=1, routed)           0.000     9.296    gru_bin_version_i/gru_va_0/inst/grp_gru_va_Pipeline_HIDDEN_LOOP_fu_806/val_r_20_reg_21805_reg[31]_i_5_n_3
    SLICE_X104Y94        CARRY4 (Prop_carry4_CI_O[0])
                                                      0.219     9.515 f  gru_bin_version_i/gru_va_0/inst/grp_gru_va_Pipeline_HIDDEN_LOOP_fu_806/val_r_20_reg_21805_reg[31]_i_3/O[0]
                         net (fo=33, routed)          0.921    10.436    gru_bin_version_i/gru_va_0/inst/grp_gru_va_Pipeline_HIDDEN_LOOP_fu_806/tmp_65_fu_9315_p3[0]
    SLICE_X102Y90        LUT3 (Prop_lut3_I0_O)        0.295    10.731 r  gru_bin_version_i/gru_va_0/inst/grp_gru_va_Pipeline_HIDDEN_LOOP_fu_806/val_r_20_reg_21805[31]_i_1/O
                         net (fo=32, routed)          1.105    11.836    gru_bin_version_i/gru_va_0/inst/grp_gru_va_Pipeline_HIDDEN_LOOP_fu_806/val_r_20_reg_21805
    SLICE_X100Y78        FDSE                                         r  gru_bin_version_i/gru_va_0/inst/grp_gru_va_Pipeline_HIDDEN_LOOP_fu_806/val_r_20_reg_21805_reg[29]/S
  -------------------------------------------------------------------    -------------------

                         (clock clk_fpga_0 rise edge)
                                                     10.000    10.000 r  
    PS7_X0Y0             PS7                          0.000    10.000 r  gru_bin_version_i/processing_system7_0/inst/PS7_i/FCLKCLK[0]
                         net (fo=1, routed)           1.088    11.088    gru_bin_version_i/processing_system7_0/inst/FCLK_CLK_unbuffered[0]
    BUFGCTRL_X0Y16       BUFG (Prop_bufg_I_O)         0.091    11.179 r  gru_bin_version_i/processing_system7_0/inst/buffer_fclk_clk_0.FCLK_CLK_0_BUFG/O
                         net (fo=22708, routed)       1.596    12.775    gru_bin_version_i/gru_va_0/inst/grp_gru_va_Pipeline_HIDDEN_LOOP_fu_806/ap_clk
    SLICE_X100Y78        FDSE                                         r  gru_bin_version_i/gru_va_0/inst/grp_gru_va_Pipeline_HIDDEN_LOOP_fu_806/val_r_20_reg_21805_reg[29]/C
                         clock pessimism              0.129    12.904    
                         clock uncertainty           -0.154    12.750    
    SLICE_X100Y78        FDSE (Setup_fdse_C_S)       -0.524    12.226    gru_bin_version_i/gru_va_0/inst/grp_gru_va_Pipeline_HIDDEN_LOOP_fu_806/val_r_20_reg_21805_reg[29]
  -------------------------------------------------------------------
                         required time                         12.226    
                         arrival time                         -11.836    
  -------------------------------------------------------------------
                         slack                                  0.390    





Min Delay Paths
--------------------------------------------------------------------------------------
Slack (MET) :             0.015ns  (arrival time - required time)
  Source:                 gru_bin_version_i/gru_va_0/inst/grp_gru_va_Pipeline_HIDDEN_LOOP_fu_806/U_n_1_U/q0_reg[2]/C
                            (rising edge-triggered cell FDRE clocked by clk_fpga_0  {rise@0.000ns fall@5.000ns period=10.000ns})
  Destination:            gru_bin_version_i/gru_va_0/inst/grp_gru_va_Pipeline_HIDDEN_LOOP_fu_806/U_n_1_load_reg_20332_reg[2]/D
                            (rising edge-triggered cell FDRE clocked by clk_fpga_0  {rise@0.000ns fall@5.000ns period=10.000ns})
  Path Group:             clk_fpga_0
  Path Type:              Hold (Min at Fast Process Corner)
  Requirement:            0.000ns  (clk_fpga_0 rise@0.000ns - clk_fpga_0 rise@0.000ns)
  Data Path Delay:        0.346ns  (logic 0.141ns (40.730%)  route 0.205ns (59.270%))
  Logic Levels:           0  
  Clock Path Skew:        0.261ns (DCD - SCD - CPR)
    Destination Clock Delay (DCD):    1.185ns
    Source Clock Delay      (SCD):    0.889ns
    Clock Pessimism Removal (CPR):    0.035ns

    Location             Delay type                Incr(ns)  Path(ns)    Netlist Resource(s)
  -------------------------------------------------------------------    -------------------
                         (clock clk_fpga_0 rise edge)
                                                      0.000     0.000 r  
    PS7_X0Y0             PS7                          0.000     0.000 r  gru_bin_version_i/processing_system7_0/inst/PS7_i/FCLKCLK[0]
                         net (fo=1, routed)           0.310     0.310    gru_bin_version_i/processing_system7_0/inst/FCLK_CLK_unbuffered[0]
    BUFGCTRL_X0Y16       BUFG (Prop_bufg_I_O)         0.026     0.336 r  gru_bin_version_i/processing_system7_0/inst/buffer_fclk_clk_0.FCLK_CLK_0_BUFG/O
                         net (fo=22708, routed)       0.553     0.889    gru_bin_version_i/gru_va_0/inst/grp_gru_va_Pipeline_HIDDEN_LOOP_fu_806/U_n_1_U/ap_clk
    SLICE_X49Y60         FDRE                                         r  gru_bin_version_i/gru_va_0/inst/grp_gru_va_Pipeline_HIDDEN_LOOP_fu_806/U_n_1_U/q0_reg[2]/C
  -------------------------------------------------------------------    -------------------
    SLICE_X49Y60         FDRE (Prop_fdre_C_Q)         0.141     1.030 r  gru_bin_version_i/gru_va_0/inst/grp_gru_va_Pipeline_HIDDEN_LOOP_fu_806/U_n_1_U/q0_reg[2]/Q
                         net (fo=1, routed)           0.205     1.235    gru_bin_version_i/gru_va_0/inst/grp_gru_va_Pipeline_HIDDEN_LOOP_fu_806/U_n_1_q0[2]
    SLICE_X52Y59         FDRE                                         r  gru_bin_version_i/gru_va_0/inst/grp_gru_va_Pipeline_HIDDEN_LOOP_fu_806/U_n_1_load_reg_20332_reg[2]/D
  -------------------------------------------------------------------    -------------------

                         (clock clk_fpga_0 rise edge)
                                                      0.000     0.000 r  
    PS7_X0Y0             PS7                          0.000     0.000 r  gru_bin_version_i/processing_system7_0/inst/PS7_i/FCLKCLK[0]
                         net (fo=1, routed)           0.337     0.337    gru_bin_version_i/processing_system7_0/inst/FCLK_CLK_unbuffered[0]
    BUFGCTRL_X0Y16       BUFG (Prop_bufg_I_O)         0.029     0.366 r  gru_bin_version_i/processing_system7_0/inst/buffer_fclk_clk_0.FCLK_CLK_0_BUFG/O
                         net (fo=22708, routed)       0.819     1.185    gru_bin_version_i/gru_va_0/inst/grp_gru_va_Pipeline_HIDDEN_LOOP_fu_806/ap_clk
    SLICE_X52Y59         FDRE                                         r  gru_bin_version_i/gru_va_0/inst/grp_gru_va_Pipeline_HIDDEN_LOOP_fu_806/U_n_1_load_reg_20332_reg[2]/C
                         clock pessimism             -0.035     1.150    
    SLICE_X52Y59         FDRE (Hold_fdre_C_D)         0.070     1.220    gru_bin_version_i/gru_va_0/inst/grp_gru_va_Pipeline_HIDDEN_LOOP_fu_806/U_n_1_load_reg_20332_reg[2]
  -------------------------------------------------------------------
                         required time                         -1.220    
                         arrival time                           1.235    
  -------------------------------------------------------------------
                         slack                                  0.015    

Slack (MET) :             0.022ns  (arrival time - required time)
  Source:                 gru_bin_version_i/gru_va_0/inst/grp_gru_va_Pipeline_HIDDEN_LOOP_fu_806/acc_z_38_reg_21703_reg[10]/C
                            (rising edge-triggered cell FDRE clocked by clk_fpga_0  {rise@0.000ns fall@5.000ns period=10.000ns})
  Destination:            gru_bin_version_i/gru_va_0/inst/grp_gru_va_Pipeline_HIDDEN_LOOP_fu_806/acc_z_38_reg_21703_pp0_iter10_reg_reg[10]_srl8/D
                            (rising edge-triggered cell SRL16E clocked by clk_fpga_0  {rise@0.000ns fall@5.000ns period=10.000ns})
  Path Group:             clk_fpga_0
  Path Type:              Hold (Min at Fast Process Corner)
  Requirement:            0.000ns  (clk_fpga_0 rise@0.000ns - clk_fpga_0 rise@0.000ns)
  Data Path Delay:        0.382ns  (logic 0.164ns (42.939%)  route 0.218ns (57.061%))
  Logic Levels:           0  
  Clock Path Skew:        0.266ns (DCD - SCD - CPR)
    Destination Clock Delay (DCD):    1.194ns
    Source Clock Delay      (SCD):    0.893ns
    Clock Pessimism Removal (CPR):    0.035ns

    Location             Delay type                Incr(ns)  Path(ns)    Netlist Resource(s)
  -------------------------------------------------------------------    -------------------
                         (clock clk_fpga_0 rise edge)
                                                      0.000     0.000 r  
    PS7_X0Y0             PS7                          0.000     0.000 r  gru_bin_version_i/processing_system7_0/inst/PS7_i/FCLKCLK[0]
                         net (fo=1, routed)           0.310     0.310    gru_bin_version_i/processing_system7_0/inst/FCLK_CLK_unbuffered[0]
    BUFGCTRL_X0Y16       BUFG (Prop_bufg_I_O)         0.026     0.336 r  gru_bin_version_i/processing_system7_0/inst/buffer_fclk_clk_0.FCLK_CLK_0_BUFG/O
                         net (fo=22708, routed)       0.557     0.893    gru_bin_version_i/gru_va_0/inst/grp_gru_va_Pipeline_HIDDEN_LOOP_fu_806/ap_clk
    SLICE_X50Y40         FDRE                                         r  gru_bin_version_i/gru_va_0/inst/grp_gru_va_Pipeline_HIDDEN_LOOP_fu_806/acc_z_38_reg_21703_reg[10]/C
  -------------------------------------------------------------------    -------------------
    SLICE_X50Y40         FDRE (Prop_fdre_C_Q)         0.164     1.057 r  gru_bin_version_i/gru_va_0/inst/grp_gru_va_Pipeline_HIDDEN_LOOP_fu_806/acc_z_38_reg_21703_reg[10]/Q
                         net (fo=1, routed)           0.218     1.274    gru_bin_version_i/gru_va_0/inst/grp_gru_va_Pipeline_HIDDEN_LOOP_fu_806/acc_z_38_reg_21703[10]
    SLICE_X46Y40         SRL16E                                       r  gru_bin_version_i/gru_va_0/inst/grp_gru_va_Pipeline_HIDDEN_LOOP_fu_806/acc_z_38_reg_21703_pp0_iter10_reg_reg[10]_srl8/D
  -------------------------------------------------------------------    -------------------

                         (clock clk_fpga_0 rise edge)
                                                      0.000     0.000 r  
    PS7_X0Y0             PS7                          0.000     0.000 r  gru_bin_version_i/processing_system7_0/inst/PS7_i/FCLKCLK[0]
                         net (fo=1, routed)           0.337     0.337    gru_bin_version_i/processing_system7_0/inst/FCLK_CLK_unbuffered[0]
    BUFGCTRL_X0Y16       BUFG (Prop_bufg_I_O)         0.029     0.366 r  gru_bin_version_i/processing_system7_0/inst/buffer_fclk_clk_0.FCLK_CLK_0_BUFG/O
                         net (fo=22708, routed)       0.828     1.194    gru_bin_version_i/gru_va_0/inst/grp_gru_va_Pipeline_HIDDEN_LOOP_fu_806/ap_clk
    SLICE_X46Y40         SRL16E                                       r  gru_bin_version_i/gru_va_0/inst/grp_gru_va_Pipeline_HIDDEN_LOOP_fu_806/acc_z_38_reg_21703_pp0_iter10_reg_reg[10]_srl8/CLK
                         clock pessimism             -0.035     1.159    
    SLICE_X46Y40         SRL16E (Hold_srl16e_CLK_D)
                                                      0.094     1.253    gru_bin_version_i/gru_va_0/inst/grp_gru_va_Pipeline_HIDDEN_LOOP_fu_806/acc_z_38_reg_21703_pp0_iter10_reg_reg[10]_srl8
  -------------------------------------------------------------------
                         required time                         -1.253    
                         arrival time                           1.274    
  -------------------------------------------------------------------
                         slack                                  0.022    

Slack (MET) :             0.035ns  (arrival time - required time)
  Source:                 gru_bin_version_i/gru_va_0/inst/grp_gru_va_Pipeline_HIDDEN_LOOP_fu_806/acc_r_27_reg_21499_reg[23]/C
                            (rising edge-triggered cell FDRE clocked by clk_fpga_0  {rise@0.000ns fall@5.000ns period=10.000ns})
  Destination:            gru_bin_version_i/gru_va_0/inst/grp_gru_va_Pipeline_HIDDEN_LOOP_fu_806/acc_r_27_reg_21499_pp0_iter7_reg_reg[23]_srl5/D
                            (rising edge-triggered cell SRL16E clocked by clk_fpga_0  {rise@0.000ns fall@5.000ns period=10.000ns})
  Path Group:             clk_fpga_0
  Path Type:              Hold (Min at Fast Process Corner)
  Requirement:            0.000ns  (clk_fpga_0 rise@0.000ns - clk_fpga_0 rise@0.000ns)
  Data Path Delay:        0.255ns  (logic 0.141ns (55.281%)  route 0.114ns (44.719%))
  Logic Levels:           0  
  Clock Path Skew:        0.037ns (DCD - SCD - CPR)
    Destination Clock Delay (DCD):    1.328ns
    Source Clock Delay      (SCD):    1.023ns
    Clock Pessimism Removal (CPR):    0.268ns

    Location             Delay type                Incr(ns)  Path(ns)    Netlist Resource(s)
  -------------------------------------------------------------------    -------------------
                         (clock clk_fpga_0 rise edge)
                                                      0.000     0.000 r  
    PS7_X0Y0             PS7                          0.000     0.000 r  gru_bin_version_i/processing_system7_0/inst/PS7_i/FCLKCLK[0]
                         net (fo=1, routed)           0.310     0.310    gru_bin_version_i/processing_system7_0/inst/FCLK_CLK_unbuffered[0]
    BUFGCTRL_X0Y16       BUFG (Prop_bufg_I_O)         0.026     0.336 r  gru_bin_version_i/processing_system7_0/inst/buffer_fclk_clk_0.FCLK_CLK_0_BUFG/O
                         net (fo=22708, routed)       0.687     1.023    gru_bin_version_i/gru_va_0/inst/grp_gru_va_Pipeline_HIDDEN_LOOP_fu_806/ap_clk
    SLICE_X97Y111        FDRE                                         r  gru_bin_version_i/gru_va_0/inst/grp_gru_va_Pipeline_HIDDEN_LOOP_fu_806/acc_r_27_reg_21499_reg[23]/C
  -------------------------------------------------------------------    -------------------
    SLICE_X97Y111        FDRE (Prop_fdre_C_Q)         0.141     1.164 r  gru_bin_version_i/gru_va_0/inst/grp_gru_va_Pipeline_HIDDEN_LOOP_fu_806/acc_r_27_reg_21499_reg[23]/Q
                         net (fo=1, routed)           0.114     1.278    gru_bin_version_i/gru_va_0/inst/grp_gru_va_Pipeline_HIDDEN_LOOP_fu_806/acc_r_27_reg_21499[23]
    SLICE_X98Y110        SRL16E                                       r  gru_bin_version_i/gru_va_0/inst/grp_gru_va_Pipeline_HIDDEN_LOOP_fu_806/acc_r_27_reg_21499_pp0_iter7_reg_reg[23]_srl5/D
  -------------------------------------------------------------------    -------------------

                         (clock clk_fpga_0 rise edge)
                                                      0.000     0.000 r  
    PS7_X0Y0             PS7                          0.000     0.000 r  gru_bin_version_i/processing_system7_0/inst/PS7_i/FCLKCLK[0]
                         net (fo=1, routed)           0.337     0.337    gru_bin_version_i/processing_system7_0/inst/FCLK_CLK_unbuffered[0]
    BUFGCTRL_X0Y16       BUFG (Prop_bufg_I_O)         0.029     0.366 r  gru_bin_version_i/processing_system7_0/inst/buffer_fclk_clk_0.FCLK_CLK_0_BUFG/O
                         net (fo=22708, routed)       0.962     1.328    gru_bin_version_i/gru_va_0/inst/grp_gru_va_Pipeline_HIDDEN_LOOP_fu_806/ap_clk
    SLICE_X98Y110        SRL16E                                       r  gru_bin_version_i/gru_va_0/inst/grp_gru_va_Pipeline_HIDDEN_LOOP_fu_806/acc_r_27_reg_21499_pp0_iter7_reg_reg[23]_srl5/CLK
                         clock pessimism             -0.268     1.060    
    SLICE_X98Y110        SRL16E (Hold_srl16e_CLK_D)
                                                      0.183     1.243    gru_bin_version_i/gru_va_0/inst/grp_gru_va_Pipeline_HIDDEN_LOOP_fu_806/acc_r_27_reg_21499_pp0_iter7_reg_reg[23]_srl5
  -------------------------------------------------------------------
                         required time                         -1.243    
                         arrival time                           1.278    
  -------------------------------------------------------------------
                         slack                                  0.035    

Slack (MET) :             0.035ns  (arrival time - required time)
  Source:                 gru_bin_version_i/gru_va_0/inst/grp_gru_va_Pipeline_HIDDEN_LOOP_fu_806/acc_r_32_reg_21589_reg[7]/C
                            (rising edge-triggered cell FDRE clocked by clk_fpga_0  {rise@0.000ns fall@5.000ns period=10.000ns})
  Destination:            gru_bin_version_i/gru_va_0/inst/grp_gru_va_Pipeline_HIDDEN_LOOP_fu_806/acc_r_32_reg_21589_pp0_iter8_reg_reg[7]_srl6/D
                            (rising edge-triggered cell SRL16E clocked by clk_fpga_0  {rise@0.000ns fall@5.000ns period=10.000ns})
  Path Group:             clk_fpga_0
  Path Type:              Hold (Min at Fast Process Corner)
  Requirement:            0.000ns  (clk_fpga_0 rise@0.000ns - clk_fpga_0 rise@0.000ns)
  Data Path Delay:        0.255ns  (logic 0.141ns (55.281%)  route 0.114ns (44.719%))
  Logic Levels:           0  
  Clock Path Skew:        0.037ns (DCD - SCD - CPR)
    Destination Clock Delay (DCD):    1.248ns
    Source Clock Delay      (SCD):    0.948ns
    Clock Pessimism Removal (CPR):    0.263ns

    Location             Delay type                Incr(ns)  Path(ns)    Netlist Resource(s)
  -------------------------------------------------------------------    -------------------
                         (clock clk_fpga_0 rise edge)
                                                      0.000     0.000 r  
    PS7_X0Y0             PS7                          0.000     0.000 r  gru_bin_version_i/processing_system7_0/inst/PS7_i/FCLKCLK[0]
                         net (fo=1, routed)           0.310     0.310    gru_bin_version_i/processing_system7_0/inst/FCLK_CLK_unbuffered[0]
    BUFGCTRL_X0Y16       BUFG (Prop_bufg_I_O)         0.026     0.336 r  gru_bin_version_i/processing_system7_0/inst/buffer_fclk_clk_0.FCLK_CLK_0_BUFG/O
                         net (fo=22708, routed)       0.612     0.948    gru_bin_version_i/gru_va_0/inst/grp_gru_va_Pipeline_HIDDEN_LOOP_fu_806/ap_clk
    SLICE_X91Y45         FDRE                                         r  gru_bin_version_i/gru_va_0/inst/grp_gru_va_Pipeline_HIDDEN_LOOP_fu_806/acc_r_32_reg_21589_reg[7]/C
  -------------------------------------------------------------------    -------------------
    SLICE_X91Y45         FDRE (Prop_fdre_C_Q)         0.141     1.089 r  gru_bin_version_i/gru_va_0/inst/grp_gru_va_Pipeline_HIDDEN_LOOP_fu_806/acc_r_32_reg_21589_reg[7]/Q
                         net (fo=1, routed)           0.114     1.203    gru_bin_version_i/gru_va_0/inst/grp_gru_va_Pipeline_HIDDEN_LOOP_fu_806/acc_r_32_reg_21589[7]
    SLICE_X92Y44         SRL16E                                       r  gru_bin_version_i/gru_va_0/inst/grp_gru_va_Pipeline_HIDDEN_LOOP_fu_806/acc_r_32_reg_21589_pp0_iter8_reg_reg[7]_srl6/D
  -------------------------------------------------------------------    -------------------

                         (clock clk_fpga_0 rise edge)
                                                      0.000     0.000 r  
    PS7_X0Y0             PS7                          0.000     0.000 r  gru_bin_version_i/processing_system7_0/inst/PS7_i/FCLKCLK[0]
                         net (fo=1, routed)           0.337     0.337    gru_bin_version_i/processing_system7_0/inst/FCLK_CLK_unbuffered[0]
    BUFGCTRL_X0Y16       BUFG (Prop_bufg_I_O)         0.029     0.366 r  gru_bin_version_i/processing_system7_0/inst/buffer_fclk_clk_0.FCLK_CLK_0_BUFG/O
                         net (fo=22708, routed)       0.882     1.248    gru_bin_version_i/gru_va_0/inst/grp_gru_va_Pipeline_HIDDEN_LOOP_fu_806/ap_clk
    SLICE_X92Y44         SRL16E                                       r  gru_bin_version_i/gru_va_0/inst/grp_gru_va_Pipeline_HIDDEN_LOOP_fu_806/acc_r_32_reg_21589_pp0_iter8_reg_reg[7]_srl6/CLK
                         clock pessimism             -0.263     0.985    
    SLICE_X92Y44         SRL16E (Hold_srl16e_CLK_D)
                                                      0.183     1.168    gru_bin_version_i/gru_va_0/inst/grp_gru_va_Pipeline_HIDDEN_LOOP_fu_806/acc_r_32_reg_21589_pp0_iter8_reg_reg[7]_srl6
  -------------------------------------------------------------------
                         required time                         -1.168    
                         arrival time                           1.203    
  -------------------------------------------------------------------
                         slack                                  0.035    

Slack (MET) :             0.035ns  (arrival time - required time)
  Source:                 gru_bin_version_i/gru_va_0/inst/grp_gru_va_Pipeline_HIDDEN_LOOP_fu_806/acc_z_13_reg_21236_reg[15]/C
                            (rising edge-triggered cell FDRE clocked by clk_fpga_0  {rise@0.000ns fall@5.000ns period=10.000ns})
  Destination:            gru_bin_version_i/gru_va_0/inst/grp_gru_va_Pipeline_HIDDEN_LOOP_fu_806/acc_z_13_reg_21236_pp0_iter3_reg_reg[15]_srl2/D
                            (rising edge-triggered cell SRL16E clocked by clk_fpga_0  {rise@0.000ns fall@5.000ns period=10.000ns})
  Path Group:             clk_fpga_0
  Path Type:              Hold (Min at Fast Process Corner)
  Requirement:            0.000ns  (clk_fpga_0 rise@0.000ns - clk_fpga_0 rise@0.000ns)
  Data Path Delay:        0.255ns  (logic 0.141ns (55.281%)  route 0.114ns (44.719%))
  Logic Levels:           0  
  Clock Path Skew:        0.037ns (DCD - SCD - CPR)
    Destination Clock Delay (DCD):    1.248ns
    Source Clock Delay      (SCD):    0.948ns
    Clock Pessimism Removal (CPR):    0.263ns

    Location             Delay type                Incr(ns)  Path(ns)    Netlist Resource(s)
  -------------------------------------------------------------------    -------------------
                         (clock clk_fpga_0 rise edge)
                                                      0.000     0.000 r  
    PS7_X0Y0             PS7                          0.000     0.000 r  gru_bin_version_i/processing_system7_0/inst/PS7_i/FCLKCLK[0]
                         net (fo=1, routed)           0.310     0.310    gru_bin_version_i/processing_system7_0/inst/FCLK_CLK_unbuffered[0]
    BUFGCTRL_X0Y16       BUFG (Prop_bufg_I_O)         0.026     0.336 r  gru_bin_version_i/processing_system7_0/inst/buffer_fclk_clk_0.FCLK_CLK_0_BUFG/O
                         net (fo=22708, routed)       0.612     0.947    gru_bin_version_i/gru_va_0/inst/grp_gru_va_Pipeline_HIDDEN_LOOP_fu_806/ap_clk
    SLICE_X103Y39        FDRE                                         r  gru_bin_version_i/gru_va_0/inst/grp_gru_va_Pipeline_HIDDEN_LOOP_fu_806/acc_z_13_reg_21236_reg[15]/C
  -------------------------------------------------------------------    -------------------
    SLICE_X103Y39        FDRE (Prop_fdre_C_Q)         0.141     1.089 r  gru_bin_version_i/gru_va_0/inst/grp_gru_va_Pipeline_HIDDEN_LOOP_fu_806/acc_z_13_reg_21236_reg[15]/Q
                         net (fo=1, routed)           0.114     1.203    gru_bin_version_i/gru_va_0/inst/grp_gru_va_Pipeline_HIDDEN_LOOP_fu_806/acc_z_13_reg_21236[15]
    SLICE_X104Y38        SRL16E                                       r  gru_bin_version_i/gru_va_0/inst/grp_gru_va_Pipeline_HIDDEN_LOOP_fu_806/acc_z_13_reg_21236_pp0_iter3_reg_reg[15]_srl2/D
  -------------------------------------------------------------------    -------------------

                         (clock clk_fpga_0 rise edge)
                                                      0.000     0.000 r  
    PS7_X0Y0             PS7                          0.000     0.000 r  gru_bin_version_i/processing_system7_0/inst/PS7_i/FCLKCLK[0]
                         net (fo=1, routed)           0.337     0.337    gru_bin_version_i/processing_system7_0/inst/FCLK_CLK_unbuffered[0]
    BUFGCTRL_X0Y16       BUFG (Prop_bufg_I_O)         0.029     0.366 r  gru_bin_version_i/processing_system7_0/inst/buffer_fclk_clk_0.FCLK_CLK_0_BUFG/O
                         net (fo=22708, routed)       0.882     1.248    gru_bin_version_i/gru_va_0/inst/grp_gru_va_Pipeline_HIDDEN_LOOP_fu_806/ap_clk
    SLICE_X104Y38        SRL16E                                       r  gru_bin_version_i/gru_va_0/inst/grp_gru_va_Pipeline_HIDDEN_LOOP_fu_806/acc_z_13_reg_21236_pp0_iter3_reg_reg[15]_srl2/CLK
                         clock pessimism             -0.263     0.985    
    SLICE_X104Y38        SRL16E (Hold_srl16e_CLK_D)
                                                      0.183     1.168    gru_bin_version_i/gru_va_0/inst/grp_gru_va_Pipeline_HIDDEN_LOOP_fu_806/acc_z_13_reg_21236_pp0_iter3_reg_reg[15]_srl2
  -------------------------------------------------------------------
                         required time                         -1.168    
                         arrival time                           1.203    
  -------------------------------------------------------------------
                         slack                                  0.035    

Slack (MET) :             0.035ns  (arrival time - required time)
  Source:                 gru_bin_version_i/gru_va_0/inst/grp_gru_va_Pipeline_HIDDEN_LOOP_fu_806/acc_z_13_reg_21236_reg[23]/C
                            (rising edge-triggered cell FDRE clocked by clk_fpga_0  {rise@0.000ns fall@5.000ns period=10.000ns})
  Destination:            gru_bin_version_i/gru_va_0/inst/grp_gru_va_Pipeline_HIDDEN_LOOP_fu_806/acc_z_13_reg_21236_pp0_iter3_reg_reg[23]_srl2/D
                            (rising edge-triggered cell SRL16E clocked by clk_fpga_0  {rise@0.000ns fall@5.000ns period=10.000ns})
  Path Group:             clk_fpga_0
  Path Type:              Hold (Min at Fast Process Corner)
  Requirement:            0.000ns  (clk_fpga_0 rise@0.000ns - clk_fpga_0 rise@0.000ns)
  Data Path Delay:        0.255ns  (logic 0.141ns (55.281%)  route 0.114ns (44.719%))
  Logic Levels:           0  
  Clock Path Skew:        0.037ns (DCD - SCD - CPR)
    Destination Clock Delay (DCD):    1.249ns
    Source Clock Delay      (SCD):    0.949ns
    Clock Pessimism Removal (CPR):    0.263ns

    Location             Delay type                Incr(ns)  Path(ns)    Netlist Resource(s)
  -------------------------------------------------------------------    -------------------
                         (clock clk_fpga_0 rise edge)
                                                      0.000     0.000 r  
    PS7_X0Y0             PS7                          0.000     0.000 r  gru_bin_version_i/processing_system7_0/inst/PS7_i/FCLKCLK[0]
                         net (fo=1, routed)           0.310     0.310    gru_bin_version_i/processing_system7_0/inst/FCLK_CLK_unbuffered[0]
    BUFGCTRL_X0Y16       BUFG (Prop_bufg_I_O)         0.026     0.336 r  gru_bin_version_i/processing_system7_0/inst/buffer_fclk_clk_0.FCLK_CLK_0_BUFG/O
                         net (fo=22708, routed)       0.613     0.949    gru_bin_version_i/gru_va_0/inst/grp_gru_va_Pipeline_HIDDEN_LOOP_fu_806/ap_clk
    SLICE_X103Y41        FDRE                                         r  gru_bin_version_i/gru_va_0/inst/grp_gru_va_Pipeline_HIDDEN_LOOP_fu_806/acc_z_13_reg_21236_reg[23]/C
  -------------------------------------------------------------------    -------------------
    SLICE_X103Y41        FDRE (Prop_fdre_C_Q)         0.141     1.090 r  gru_bin_version_i/gru_va_0/inst/grp_gru_va_Pipeline_HIDDEN_LOOP_fu_806/acc_z_13_reg_21236_reg[23]/Q
                         net (fo=1, routed)           0.114     1.204    gru_bin_version_i/gru_va_0/inst/grp_gru_va_Pipeline_HIDDEN_LOOP_fu_806/acc_z_13_reg_21236[23]
    SLICE_X104Y40        SRL16E                                       r  gru_bin_version_i/gru_va_0/inst/grp_gru_va_Pipeline_HIDDEN_LOOP_fu_806/acc_z_13_reg_21236_pp0_iter3_reg_reg[23]_srl2/D
  -------------------------------------------------------------------    -------------------

                         (clock clk_fpga_0 rise edge)
                                                      0.000     0.000 r  
    PS7_X0Y0             PS7                          0.000     0.000 r  gru_bin_version_i/processing_system7_0/inst/PS7_i/FCLKCLK[0]
                         net (fo=1, routed)           0.337     0.337    gru_bin_version_i/processing_system7_0/inst/FCLK_CLK_unbuffered[0]
    BUFGCTRL_X0Y16       BUFG (Prop_bufg_I_O)         0.029     0.366 r  gru_bin_version_i/processing_system7_0/inst/buffer_fclk_clk_0.FCLK_CLK_0_BUFG/O
                         net (fo=22708, routed)       0.883     1.249    gru_bin_version_i/gru_va_0/inst/grp_gru_va_Pipeline_HIDDEN_LOOP_fu_806/ap_clk
    SLICE_X104Y40        SRL16E                                       r  gru_bin_version_i/gru_va_0/inst/grp_gru_va_Pipeline_HIDDEN_LOOP_fu_806/acc_z_13_reg_21236_pp0_iter3_reg_reg[23]_srl2/CLK
                         clock pessimism             -0.263     0.986    
    SLICE_X104Y40        SRL16E (Hold_srl16e_CLK_D)
                                                      0.183     1.169    gru_bin_version_i/gru_va_0/inst/grp_gru_va_Pipeline_HIDDEN_LOOP_fu_806/acc_z_13_reg_21236_pp0_iter3_reg_reg[23]_srl2
  -------------------------------------------------------------------
                         required time                         -1.168    
                         arrival time                           1.204    
  -------------------------------------------------------------------
                         slack                                  0.035    

Slack (MET) :             0.037ns  (arrival time - required time)
  Source:                 gru_bin_version_i/gru_va_0/inst/grp_gru_va_Pipeline_HIDDEN_LOOP_fu_806/acc_n_27_reg_21511_reg[24]/C
                            (rising edge-triggered cell FDRE clocked by clk_fpga_0  {rise@0.000ns fall@5.000ns period=10.000ns})
  Destination:            gru_bin_version_i/gru_va_0/inst/grp_gru_va_Pipeline_HIDDEN_LOOP_fu_806/acc_n_27_reg_21511_pp0_iter7_reg_reg[24]_srl5/D
                            (rising edge-triggered cell SRL16E clocked by clk_fpga_0  {rise@0.000ns fall@5.000ns period=10.000ns})
  Path Group:             clk_fpga_0
  Path Type:              Hold (Min at Fast Process Corner)
  Requirement:            0.000ns  (clk_fpga_0 rise@0.000ns - clk_fpga_0 rise@0.000ns)
  Data Path Delay:        0.321ns  (logic 0.141ns (43.983%)  route 0.180ns (56.017%))
  Logic Levels:           0  
  Clock Path Skew:        0.182ns (DCD - SCD - CPR)
    Destination Clock Delay (DCD):    1.219ns
    Source Clock Delay      (SCD):    1.002ns
    Clock Pessimism Removal (CPR):    0.035ns

    Location             Delay type                Incr(ns)  Path(ns)    Netlist Resource(s)
  -------------------------------------------------------------------    -------------------
                         (clock clk_fpga_0 rise edge)
                                                      0.000     0.000 r  
    PS7_X0Y0             PS7                          0.000     0.000 r  gru_bin_version_i/processing_system7_0/inst/PS7_i/FCLKCLK[0]
                         net (fo=1, routed)           0.310     0.310    gru_bin_version_i/processing_system7_0/inst/FCLK_CLK_unbuffered[0]
    BUFGCTRL_X0Y16       BUFG (Prop_bufg_I_O)         0.026     0.336 r  gru_bin_version_i/processing_system7_0/inst/buffer_fclk_clk_0.FCLK_CLK_0_BUFG/O
                         net (fo=22708, routed)       0.666     1.002    gru_bin_version_i/gru_va_0/inst/grp_gru_va_Pipeline_HIDDEN_LOOP_fu_806/ap_clk
    SLICE_X85Y101        FDRE                                         r  gru_bin_version_i/gru_va_0/inst/grp_gru_va_Pipeline_HIDDEN_LOOP_fu_806/acc_n_27_reg_21511_reg[24]/C
  -------------------------------------------------------------------    -------------------
    SLICE_X85Y101        FDRE (Prop_fdre_C_Q)         0.141     1.143 r  gru_bin_version_i/gru_va_0/inst/grp_gru_va_Pipeline_HIDDEN_LOOP_fu_806/acc_n_27_reg_21511_reg[24]/Q
                         net (fo=1, routed)           0.180     1.323    gru_bin_version_i/gru_va_0/inst/grp_gru_va_Pipeline_HIDDEN_LOOP_fu_806/acc_n_27_reg_21511[24]
    SLICE_X86Y96         SRL16E                                       r  gru_bin_version_i/gru_va_0/inst/grp_gru_va_Pipeline_HIDDEN_LOOP_fu_806/acc_n_27_reg_21511_pp0_iter7_reg_reg[24]_srl5/D
  -------------------------------------------------------------------    -------------------

                         (clock clk_fpga_0 rise edge)
                                                      0.000     0.000 r  
    PS7_X0Y0             PS7                          0.000     0.000 r  gru_bin_version_i/processing_system7_0/inst/PS7_i/FCLKCLK[0]
                         net (fo=1, routed)           0.337     0.337    gru_bin_version_i/processing_system7_0/inst/FCLK_CLK_unbuffered[0]
    BUFGCTRL_X0Y16       BUFG (Prop_bufg_I_O)         0.029     0.366 r  gru_bin_version_i/processing_system7_0/inst/buffer_fclk_clk_0.FCLK_CLK_0_BUFG/O
                         net (fo=22708, routed)       0.853     1.219    gru_bin_version_i/gru_va_0/inst/grp_gru_va_Pipeline_HIDDEN_LOOP_fu_806/ap_clk
    SLICE_X86Y96         SRL16E                                       r  gru_bin_version_i/gru_va_0/inst/grp_gru_va_Pipeline_HIDDEN_LOOP_fu_806/acc_n_27_reg_21511_pp0_iter7_reg_reg[24]_srl5/CLK
                         clock pessimism             -0.035     1.184    
    SLICE_X86Y96         SRL16E (Hold_srl16e_CLK_D)
                                                      0.102     1.286    gru_bin_version_i/gru_va_0/inst/grp_gru_va_Pipeline_HIDDEN_LOOP_fu_806/acc_n_27_reg_21511_pp0_iter7_reg_reg[24]_srl5
  -------------------------------------------------------------------
                         required time                         -1.286    
                         arrival time                           1.323    
  -------------------------------------------------------------------
                         slack                                  0.037    

Slack (MET) :             0.037ns  (arrival time - required time)
  Source:                 gru_bin_version_i/gru_va_0/inst/grp_gru_va_Pipeline_HIDDEN_LOOP_fu_806/U_z_3_U/q0_reg[10]/C
                            (rising edge-triggered cell FDRE clocked by clk_fpga_0  {rise@0.000ns fall@5.000ns period=10.000ns})
  Destination:            gru_bin_version_i/gru_va_0/inst/grp_gru_va_Pipeline_HIDDEN_LOOP_fu_806/U_z_3_load_reg_20357_reg[10]/D
                            (rising edge-triggered cell FDRE clocked by clk_fpga_0  {rise@0.000ns fall@5.000ns period=10.000ns})
  Path Group:             clk_fpga_0
  Path Type:              Hold (Min at Fast Process Corner)
  Requirement:            0.000ns  (clk_fpga_0 rise@0.000ns - clk_fpga_0 rise@0.000ns)
  Data Path Delay:        0.364ns  (logic 0.141ns (38.695%)  route 0.223ns (61.305%))
  Logic Levels:           0  
  Clock Path Skew:        0.261ns (DCD - SCD - CPR)
    Destination Clock Delay (DCD):    1.185ns
    Source Clock Delay      (SCD):    0.889ns
    Clock Pessimism Removal (CPR):    0.035ns

    Location             Delay type                Incr(ns)  Path(ns)    Netlist Resource(s)
  -------------------------------------------------------------------    -------------------
                         (clock clk_fpga_0 rise edge)
                                                      0.000     0.000 r  
    PS7_X0Y0             PS7                          0.000     0.000 r  gru_bin_version_i/processing_system7_0/inst/PS7_i/FCLKCLK[0]
                         net (fo=1, routed)           0.310     0.310    gru_bin_version_i/processing_system7_0/inst/FCLK_CLK_unbuffered[0]
    BUFGCTRL_X0Y16       BUFG (Prop_bufg_I_O)         0.026     0.336 r  gru_bin_version_i/processing_system7_0/inst/buffer_fclk_clk_0.FCLK_CLK_0_BUFG/O
                         net (fo=22708, routed)       0.553     0.889    gru_bin_version_i/gru_va_0/inst/grp_gru_va_Pipeline_HIDDEN_LOOP_fu_806/U_z_3_U/ap_clk
    SLICE_X49Y60         FDRE                                         r  gru_bin_version_i/gru_va_0/inst/grp_gru_va_Pipeline_HIDDEN_LOOP_fu_806/U_z_3_U/q0_reg[10]/C
  -------------------------------------------------------------------    -------------------
    SLICE_X49Y60         FDRE (Prop_fdre_C_Q)         0.141     1.030 r  gru_bin_version_i/gru_va_0/inst/grp_gru_va_Pipeline_HIDDEN_LOOP_fu_806/U_z_3_U/q0_reg[10]/Q
                         net (fo=1, routed)           0.223     1.253    gru_bin_version_i/gru_va_0/inst/grp_gru_va_Pipeline_HIDDEN_LOOP_fu_806/U_z_3_q0[10]
    SLICE_X52Y59         FDRE                                         r  gru_bin_version_i/gru_va_0/inst/grp_gru_va_Pipeline_HIDDEN_LOOP_fu_806/U_z_3_load_reg_20357_reg[10]/D
  -------------------------------------------------------------------    -------------------

                         (clock clk_fpga_0 rise edge)
                                                      0.000     0.000 r  
    PS7_X0Y0             PS7                          0.000     0.000 r  gru_bin_version_i/processing_system7_0/inst/PS7_i/FCLKCLK[0]
                         net (fo=1, routed)           0.337     0.337    gru_bin_version_i/processing_system7_0/inst/FCLK_CLK_unbuffered[0]
    BUFGCTRL_X0Y16       BUFG (Prop_bufg_I_O)         0.029     0.366 r  gru_bin_version_i/processing_system7_0/inst/buffer_fclk_clk_0.FCLK_CLK_0_BUFG/O
                         net (fo=22708, routed)       0.819     1.185    gru_bin_version_i/gru_va_0/inst/grp_gru_va_Pipeline_HIDDEN_LOOP_fu_806/ap_clk
    SLICE_X52Y59         FDRE                                         r  gru_bin_version_i/gru_va_0/inst/grp_gru_va_Pipeline_HIDDEN_LOOP_fu_806/U_z_3_load_reg_20357_reg[10]/C
                         clock pessimism             -0.035     1.150    
    SLICE_X52Y59         FDRE (Hold_fdre_C_D)         0.066     1.216    gru_bin_version_i/gru_va_0/inst/grp_gru_va_Pipeline_HIDDEN_LOOP_fu_806/U_z_3_load_reg_20357_reg[10]
  -------------------------------------------------------------------
                         required time                         -1.216    
                         arrival time                           1.253    
  -------------------------------------------------------------------
                         slack                                  0.037    

Slack (MET) :             0.037ns  (arrival time - required time)
  Source:                 gru_bin_version_i/gru_va_0/inst/h_new_34_1_lcssa154_fu_734_reg[10]/C
                            (rising edge-triggered cell FDRE clocked by clk_fpga_0  {rise@0.000ns fall@5.000ns period=10.000ns})
  Destination:            gru_bin_version_i/gru_va_0/inst/h_new_34_1_lcssa154_load_reg_4342_reg[10]/D
                            (rising edge-triggered cell FDRE clocked by clk_fpga_0  {rise@0.000ns fall@5.000ns period=10.000ns})
  Path Group:             clk_fpga_0
  Path Type:              Hold (Min at Fast Process Corner)
  Requirement:            0.000ns  (clk_fpga_0 rise@0.000ns - clk_fpga_0 rise@0.000ns)
  Data Path Delay:        0.384ns  (logic 0.141ns (36.674%)  route 0.243ns (63.326%))
  Logic Levels:           0  
  Clock Path Skew:        0.275ns (DCD - SCD - CPR)
    Destination Clock Delay (DCD):    1.224ns
    Source Clock Delay      (SCD):    0.919ns
    Clock Pessimism Removal (CPR):    0.030ns

    Location             Delay type                Incr(ns)  Path(ns)    Netlist Resource(s)
  -------------------------------------------------------------------    -------------------
                         (clock clk_fpga_0 rise edge)
                                                      0.000     0.000 r  
    PS7_X0Y0             PS7                          0.000     0.000 r  gru_bin_version_i/processing_system7_0/inst/PS7_i/FCLKCLK[0]
                         net (fo=1, routed)           0.310     0.310    gru_bin_version_i/processing_system7_0/inst/FCLK_CLK_unbuffered[0]
    BUFGCTRL_X0Y16       BUFG (Prop_bufg_I_O)         0.026     0.336 r  gru_bin_version_i/processing_system7_0/inst/buffer_fclk_clk_0.FCLK_CLK_0_BUFG/O
                         net (fo=22708, routed)       0.583     0.919    gru_bin_version_i/gru_va_0/inst/ap_clk
    SLICE_X89Y53         FDRE                                         r  gru_bin_version_i/gru_va_0/inst/h_new_34_1_lcssa154_fu_734_reg[10]/C
  -------------------------------------------------------------------    -------------------
    SLICE_X89Y53         FDRE (Prop_fdre_C_Q)         0.141     1.060 r  gru_bin_version_i/gru_va_0/inst/h_new_34_1_lcssa154_fu_734_reg[10]/Q
                         net (fo=2, routed)           0.243     1.303    gru_bin_version_i/gru_va_0/inst/h_new_34_1_lcssa154_fu_734[10]
    SLICE_X89Y46         FDRE                                         r  gru_bin_version_i/gru_va_0/inst/h_new_34_1_lcssa154_load_reg_4342_reg[10]/D
  -------------------------------------------------------------------    -------------------

                         (clock clk_fpga_0 rise edge)
                                                      0.000     0.000 r  
    PS7_X0Y0             PS7                          0.000     0.000 r  gru_bin_version_i/processing_system7_0/inst/PS7_i/FCLKCLK[0]
                         net (fo=1, routed)           0.337     0.337    gru_bin_version_i/processing_system7_0/inst/FCLK_CLK_unbuffered[0]
    BUFGCTRL_X0Y16       BUFG (Prop_bufg_I_O)         0.029     0.366 r  gru_bin_version_i/processing_system7_0/inst/buffer_fclk_clk_0.FCLK_CLK_0_BUFG/O
                         net (fo=22708, routed)       0.858     1.224    gru_bin_version_i/gru_va_0/inst/ap_clk
    SLICE_X89Y46         FDRE                                         r  gru_bin_version_i/gru_va_0/inst/h_new_34_1_lcssa154_load_reg_4342_reg[10]/C
                         clock pessimism             -0.030     1.194    
    SLICE_X89Y46         FDRE (Hold_fdre_C_D)         0.072     1.266    gru_bin_version_i/gru_va_0/inst/h_new_34_1_lcssa154_load_reg_4342_reg[10]
  -------------------------------------------------------------------
                         required time                         -1.266    
                         arrival time                           1.303    
  -------------------------------------------------------------------
                         slack                                  0.037    

Slack (MET) :             0.037ns  (arrival time - required time)
  Source:                 gru_bin_version_i/gru_va_0/inst/grp_gru_va_Pipeline_HIDDEN_LOOP_fu_806/U_r_23_U/q0_reg[11]/C
                            (rising edge-triggered cell FDRE clocked by clk_fpga_0  {rise@0.000ns fall@5.000ns period=10.000ns})
  Destination:            gru_bin_version_i/gru_va_0/inst/grp_gru_va_Pipeline_HIDDEN_LOOP_fu_806/U_r_23_load_reg_20652_reg[11]/D
                            (rising edge-triggered cell FDRE clocked by clk_fpga_0  {rise@0.000ns fall@5.000ns period=10.000ns})
  Path Group:             clk_fpga_0
  Path Type:              Hold (Min at Fast Process Corner)
  Requirement:            0.000ns  (clk_fpga_0 rise@0.000ns - clk_fpga_0 rise@0.000ns)
  Data Path Delay:        0.372ns  (logic 0.164ns (44.029%)  route 0.208ns (55.971%))
  Logic Levels:           0  
  Clock Path Skew:        0.265ns (DCD - SCD - CPR)
    Destination Clock Delay (DCD):    1.180ns
    Source Clock Delay      (SCD):    0.880ns
    Clock Pessimism Removal (CPR):    0.035ns

    Location             Delay type                Incr(ns)  Path(ns)    Netlist Resource(s)
  -------------------------------------------------------------------    -------------------
                         (clock clk_fpga_0 rise edge)
                                                      0.000     0.000 r  
    PS7_X0Y0             PS7                          0.000     0.000 r  gru_bin_version_i/processing_system7_0/inst/PS7_i/FCLKCLK[0]
                         net (fo=1, routed)           0.310     0.310    gru_bin_version_i/processing_system7_0/inst/FCLK_CLK_unbuffered[0]
    BUFGCTRL_X0Y16       BUFG (Prop_bufg_I_O)         0.026     0.336 r  gru_bin_version_i/processing_system7_0/inst/buffer_fclk_clk_0.FCLK_CLK_0_BUFG/O
                         net (fo=22708, routed)       0.544     0.880    gru_bin_version_i/gru_va_0/inst/grp_gru_va_Pipeline_HIDDEN_LOOP_fu_806/U_r_23_U/ap_clk
    SLICE_X50Y69         FDRE                                         r  gru_bin_version_i/gru_va_0/inst/grp_gru_va_Pipeline_HIDDEN_LOOP_fu_806/U_r_23_U/q0_reg[11]/C
  -------------------------------------------------------------------    -------------------
    SLICE_X50Y69         FDRE (Prop_fdre_C_Q)         0.164     1.044 r  gru_bin_version_i/gru_va_0/inst/grp_gru_va_Pipeline_HIDDEN_LOOP_fu_806/U_r_23_U/q0_reg[11]/Q
                         net (fo=1, routed)           0.208     1.252    gru_bin_version_i/gru_va_0/inst/grp_gru_va_Pipeline_HIDDEN_LOOP_fu_806/U_r_23_q0[11]
    SLICE_X44Y69         FDRE                                         r  gru_bin_version_i/gru_va_0/inst/grp_gru_va_Pipeline_HIDDEN_LOOP_fu_806/U_r_23_load_reg_20652_reg[11]/D
  -------------------------------------------------------------------    -------------------

                         (clock clk_fpga_0 rise edge)
                                                      0.000     0.000 r  
    PS7_X0Y0             PS7                          0.000     0.000 r  gru_bin_version_i/processing_system7_0/inst/PS7_i/FCLKCLK[0]
                         net (fo=1, routed)           0.337     0.337    gru_bin_version_i/processing_system7_0/inst/FCLK_CLK_unbuffered[0]
    BUFGCTRL_X0Y16       BUFG (Prop_bufg_I_O)         0.029     0.366 r  gru_bin_version_i/processing_system7_0/inst/buffer_fclk_clk_0.FCLK_CLK_0_BUFG/O
                         net (fo=22708, routed)       0.814     1.180    gru_bin_version_i/gru_va_0/inst/grp_gru_va_Pipeline_HIDDEN_LOOP_fu_806/ap_clk
    SLICE_X44Y69         FDRE                                         r  gru_bin_version_i/gru_va_0/inst/grp_gru_va_Pipeline_HIDDEN_LOOP_fu_806/U_r_23_load_reg_20652_reg[11]/C
                         clock pessimism             -0.035     1.145    
    SLICE_X44Y69         FDRE (Hold_fdre_C_D)         0.070     1.215    gru_bin_version_i/gru_va_0/inst/grp_gru_va_Pipeline_HIDDEN_LOOP_fu_806/U_r_23_load_reg_20652_reg[11]
  -------------------------------------------------------------------
                         required time                         -1.215    
                         arrival time                           1.252    
  -------------------------------------------------------------------
                         slack                                  0.037    





Pulse Width Checks
--------------------------------------------------------------------------------------
Clock Name:         clk_fpga_0
Waveform(ns):       { 0.000 5.000 }
Period(ns):         10.000
Sources:            { gru_bin_version_i/processing_system7_0/inst/PS7_i/FCLKCLK[0] }

Check Type        Corner  Lib Pin             Reference Pin  Required(ns)  Actual(ns)  Slack(ns)  Location      Pin
Min Period        n/a     DSP48E1/CLK         n/a            3.884         10.000      6.116      DSP48_X2Y6    gru_bin_version_i/gru_va_0/inst/grp_gru_va_Pipeline_HIDDEN_LOOP_fu_806/mul_ln285_reg_20947_reg/CLK
Min Period        n/a     DSP48E1/CLK         n/a            3.884         10.000      6.116      DSP48_X2Y3    gru_bin_version_i/gru_va_0/inst/grp_gru_va_Pipeline_HIDDEN_LOOP_fu_806/mul_ln290_reg_20975_reg/CLK
Min Period        n/a     DSP48E1/CLK         n/a            3.884         10.000      6.116      DSP48_X2Y32   gru_bin_version_i/gru_va_0/inst/grp_gru_va_Pipeline_HIDDEN_LOOP_fu_806/mul_ln331_reg_22654_reg/CLK
Min Period        n/a     DSP48E1/CLK         n/a            3.884         10.000      6.116      DSP48_X2Y5    gru_bin_version_i/gru_va_0/inst/grp_gru_va_Pipeline_HIDDEN_LOOP_fu_806/trunc_ln285_reg_20954_reg/CLK
Min Period        n/a     DSP48E1/CLK         n/a            3.884         10.000      6.116      DSP48_X2Y2    gru_bin_version_i/gru_va_0/inst/grp_gru_va_Pipeline_HIDDEN_LOOP_fu_806/trunc_ln290_2_reg_20986_reg/CLK
Min Period        n/a     DSP48E1/CLK         n/a            3.884         10.000      6.116      DSP48_X2Y34   gru_bin_version_i/gru_va_0/inst/grp_gru_va_Pipeline_HIDDEN_LOOP_fu_806/trunc_ln331_reg_22661_reg/CLK
Min Period        n/a     DSP48E1/CLK         n/a            3.884         10.000      6.116      DSP48_X1Y15   gru_bin_version_i/gru_va_0/inst/grp_gru_va_Pipeline_HIDDEN_LOOP_fu_806/mul_16s_17s_33_1_1_U16/tmp_product/CLK
Min Period        n/a     DSP48E1/CLK         n/a            3.687         10.000      6.313      DSP48_X2Y12   gru_bin_version_i/gru_va_0/inst/grp_gru_va_Pipeline_HIDDEN_LOOP_fu_806/mul_32s_17s_49_2_1_U14/buff0_reg/CLK
Min Period        n/a     RAMB36E1/CLKARDCLK  n/a            2.576         10.000      7.424      RAMB36_X1Y8   gru_bin_version_i/axi_dma_0/U0/I_PRMRY_DATAMOVER/GEN_MM2S_FULL.I_MM2S_FULL_WRAPPER/GEN_INCLUDE_MM2S_SF.I_RD_SF/I_DATA_FIFO/BLK_MEM.I_SYNC_FIFOGEN_FIFO/xpm_fifo_base_inst/gen_sdpram.xpm_memory_base_inst/gen_wr_a.gen_word_narrow.mem_reg_0/CLKARDCLK
Min Period        n/a     RAMB36E1/CLKBWRCLK  n/a            2.576         10.000      7.424      RAMB36_X1Y8   gru_bin_version_i/axi_dma_0/U0/I_PRMRY_DATAMOVER/GEN_MM2S_FULL.I_MM2S_FULL_WRAPPER/GEN_INCLUDE_MM2S_SF.I_RD_SF/I_DATA_FIFO/BLK_MEM.I_SYNC_FIFOGEN_FIFO/xpm_fifo_base_inst/gen_sdpram.xpm_memory_base_inst/gen_wr_a.gen_word_narrow.mem_reg_0/CLKBWRCLK
Low Pulse Width   Slow    RAMD32/CLK          n/a            1.250         5.000       3.750      SLICE_X32Y65  gru_bin_version_i/axi_dma_0/U0/I_PRMRY_DATAMOVER/GEN_S2MM_FULL.I_S2MM_FULL_WRAPPER/GEN_ENABLE_INDET_BTT_SF.I_INDET_BTT/I_XD_FIFO/NON_BLK_MEM.I_SYNC_FIFOGEN_FIFO/xpm_fifo_base_inst/gen_sdpram.xpm_memory_base_inst/gen_wr_a.gen_word_narrow.mem_reg_0_15_0_5/RAMA/CLK
Low Pulse Width   Fast    RAMD32/CLK          n/a            1.250         5.000       3.750      SLICE_X32Y65  gru_bin_version_i/axi_dma_0/U0/I_PRMRY_DATAMOVER/GEN_S2MM_FULL.I_S2MM_FULL_WRAPPER/GEN_ENABLE_INDET_BTT_SF.I_INDET_BTT/I_XD_FIFO/NON_BLK_MEM.I_SYNC_FIFOGEN_FIFO/xpm_fifo_base_inst/gen_sdpram.xpm_memory_base_inst/gen_wr_a.gen_word_narrow.mem_reg_0_15_0_5/RAMA/CLK
Low Pulse Width   Slow    RAMD32/CLK          n/a            1.250         5.000       3.750      SLICE_X32Y65  gru_bin_version_i/axi_dma_0/U0/I_PRMRY_DATAMOVER/GEN_S2MM_FULL.I_S2MM_FULL_WRAPPER/GEN_ENABLE_INDET_BTT_SF.I_INDET_BTT/I_XD_FIFO/NON_BLK_MEM.I_SYNC_FIFOGEN_FIFO/xpm_fifo_base_inst/gen_sdpram.xpm_memory_base_inst/gen_wr_a.gen_word_narrow.mem_reg_0_15_0_5/RAMA_D1/CLK
Low Pulse Width   Fast    RAMD32/CLK          n/a            1.250         5.000       3.750      SLICE_X32Y65  gru_bin_version_i/axi_dma_0/U0/I_PRMRY_DATAMOVER/GEN_S2MM_FULL.I_S2MM_FULL_WRAPPER/GEN_ENABLE_INDET_BTT_SF.I_INDET_BTT/I_XD_FIFO/NON_BLK_MEM.I_SYNC_FIFOGEN_FIFO/xpm_fifo_base_inst/gen_sdpram.xpm_memory_base_inst/gen_wr_a.gen_word_narrow.mem_reg_0_15_0_5/RAMA_D1/CLK
Low Pulse Width   Slow    RAMD32/CLK          n/a            1.250         5.000       3.750      SLICE_X32Y65  gru_bin_version_i/axi_dma_0/U0/I_PRMRY_DATAMOVER/GEN_S2MM_FULL.I_S2MM_FULL_WRAPPER/GEN_ENABLE_INDET_BTT_SF.I_INDET_BTT/I_XD_FIFO/NON_BLK_MEM.I_SYNC_FIFOGEN_FIFO/xpm_fifo_base_inst/gen_sdpram.xpm_memory_base_inst/gen_wr_a.gen_word_narrow.mem_reg_0_15_0_5/RAMB/CLK
Low Pulse Width   Fast    RAMD32/CLK          n/a            1.250         5.000       3.750      SLICE_X32Y65  gru_bin_version_i/axi_dma_0/U0/I_PRMRY_DATAMOVER/GEN_S2MM_FULL.I_S2MM_FULL_WRAPPER/GEN_ENABLE_INDET_BTT_SF.I_INDET_BTT/I_XD_FIFO/NON_BLK_MEM.I_SYNC_FIFOGEN_FIFO/xpm_fifo_base_inst/gen_sdpram.xpm_memory_base_inst/gen_wr_a.gen_word_narrow.mem_reg_0_15_0_5/RAMB/CLK
Low Pulse Width   Slow    RAMD32/CLK          n/a            1.250         5.000       3.750      SLICE_X32Y65  gru_bin_version_i/axi_dma_0/U0/I_PRMRY_DATAMOVER/GEN_S2MM_FULL.I_S2MM_FULL_WRAPPER/GEN_ENABLE_INDET_BTT_SF.I_INDET_BTT/I_XD_FIFO/NON_BLK_MEM.I_SYNC_FIFOGEN_FIFO/xpm_fifo_base_inst/gen_sdpram.xpm_memory_base_inst/gen_wr_a.gen_word_narrow.mem_reg_0_15_0_5/RAMB_D1/CLK
Low Pulse Width   Fast    RAMD32/CLK          n/a            1.250         5.000       3.750      SLICE_X32Y65  gru_bin_version_i/axi_dma_0/U0/I_PRMRY_DATAMOVER/GEN_S2MM_FULL.I_S2MM_FULL_WRAPPER/GEN_ENABLE_INDET_BTT_SF.I_INDET_BTT/I_XD_FIFO/NON_BLK_MEM.I_SYNC_FIFOGEN_FIFO/xpm_fifo_base_inst/gen_sdpram.xpm_memory_base_inst/gen_wr_a.gen_word_narrow.mem_reg_0_15_0_5/RAMB_D1/CLK
Low Pulse Width   Slow    RAMD32/CLK          n/a            1.250         5.000       3.750      SLICE_X32Y65  gru_bin_version_i/axi_dma_0/U0/I_PRMRY_DATAMOVER/GEN_S2MM_FULL.I_S2MM_FULL_WRAPPER/GEN_ENABLE_INDET_BTT_SF.I_INDET_BTT/I_XD_FIFO/NON_BLK_MEM.I_SYNC_FIFOGEN_FIFO/xpm_fifo_base_inst/gen_sdpram.xpm_memory_base_inst/gen_wr_a.gen_word_narrow.mem_reg_0_15_0_5/RAMC/CLK
Low Pulse Width   Fast    RAMD32/CLK          n/a            1.250         5.000       3.750      SLICE_X32Y65  gru_bin_version_i/axi_dma_0/U0/I_PRMRY_DATAMOVER/GEN_S2MM_FULL.I_S2MM_FULL_WRAPPER/GEN_ENABLE_INDET_BTT_SF.I_INDET_BTT/I_XD_FIFO/NON_BLK_MEM.I_SYNC_FIFOGEN_FIFO/xpm_fifo_base_inst/gen_sdpram.xpm_memory_base_inst/gen_wr_a.gen_word_narrow.mem_reg_0_15_0_5/RAMC/CLK
High Pulse Width  Slow    RAMD32/CLK          n/a            1.250         5.000       3.750      SLICE_X32Y65  gru_bin_version_i/axi_dma_0/U0/I_PRMRY_DATAMOVER/GEN_S2MM_FULL.I_S2MM_FULL_WRAPPER/GEN_ENABLE_INDET_BTT_SF.I_INDET_BTT/I_XD_FIFO/NON_BLK_MEM.I_SYNC_FIFOGEN_FIFO/xpm_fifo_base_inst/gen_sdpram.xpm_memory_base_inst/gen_wr_a.gen_word_narrow.mem_reg_0_15_0_5/RAMA/CLK
High Pulse Width  Fast    RAMD32/CLK          n/a            1.250         5.000       3.750      SLICE_X32Y65  gru_bin_version_i/axi_dma_0/U0/I_PRMRY_DATAMOVER/GEN_S2MM_FULL.I_S2MM_FULL_WRAPPER/GEN_ENABLE_INDET_BTT_SF.I_INDET_BTT/I_XD_FIFO/NON_BLK_MEM.I_SYNC_FIFOGEN_FIFO/xpm_fifo_base_inst/gen_sdpram.xpm_memory_base_inst/gen_wr_a.gen_word_narrow.mem_reg_0_15_0_5/RAMA/CLK
High Pulse Width  Slow    RAMD32/CLK          n/a            1.250         5.000       3.750      SLICE_X32Y65  gru_bin_version_i/axi_dma_0/U0/I_PRMRY_DATAMOVER/GEN_S2MM_FULL.I_S2MM_FULL_WRAPPER/GEN_ENABLE_INDET_BTT_SF.I_INDET_BTT/I_XD_FIFO/NON_BLK_MEM.I_SYNC_FIFOGEN_FIFO/xpm_fifo_base_inst/gen_sdpram.xpm_memory_base_inst/gen_wr_a.gen_word_narrow.mem_reg_0_15_0_5/RAMA_D1/CLK
High Pulse Width  Fast    RAMD32/CLK          n/a            1.250         5.000       3.750      SLICE_X32Y65  gru_bin_version_i/axi_dma_0/U0/I_PRMRY_DATAMOVER/GEN_S2MM_FULL.I_S2MM_FULL_WRAPPER/GEN_ENABLE_INDET_BTT_SF.I_INDET_BTT/I_XD_FIFO/NON_BLK_MEM.I_SYNC_FIFOGEN_FIFO/xpm_fifo_base_inst/gen_sdpram.xpm_memory_base_inst/gen_wr_a.gen_word_narrow.mem_reg_0_15_0_5/RAMA_D1/CLK
High Pulse Width  Slow    RAMD32/CLK          n/a            1.250         5.000       3.750      SLICE_X32Y65  gru_bin_version_i/axi_dma_0/U0/I_PRMRY_DATAMOVER/GEN_S2MM_FULL.I_S2MM_FULL_WRAPPER/GEN_ENABLE_INDET_BTT_SF.I_INDET_BTT/I_XD_FIFO/NON_BLK_MEM.I_SYNC_FIFOGEN_FIFO/xpm_fifo_base_inst/gen_sdpram.xpm_memory_base_inst/gen_wr_a.gen_word_narrow.mem_reg_0_15_0_5/RAMB/CLK
High Pulse Width  Fast    RAMD32/CLK          n/a            1.250         5.000       3.750      SLICE_X32Y65  gru_bin_version_i/axi_dma_0/U0/I_PRMRY_DATAMOVER/GEN_S2MM_FULL.I_S2MM_FULL_WRAPPER/GEN_ENABLE_INDET_BTT_SF.I_INDET_BTT/I_XD_FIFO/NON_BLK_MEM.I_SYNC_FIFOGEN_FIFO/xpm_fifo_base_inst/gen_sdpram.xpm_memory_base_inst/gen_wr_a.gen_word_narrow.mem_reg_0_15_0_5/RAMB/CLK
High Pulse Width  Slow    RAMD32/CLK          n/a            1.250         5.000       3.750      SLICE_X32Y65  gru_bin_version_i/axi_dma_0/U0/I_PRMRY_DATAMOVER/GEN_S2MM_FULL.I_S2MM_FULL_WRAPPER/GEN_ENABLE_INDET_BTT_SF.I_INDET_BTT/I_XD_FIFO/NON_BLK_MEM.I_SYNC_FIFOGEN_FIFO/xpm_fifo_base_inst/gen_sdpram.xpm_memory_base_inst/gen_wr_a.gen_word_narrow.mem_reg_0_15_0_5/RAMB_D1/CLK
High Pulse Width  Fast    RAMD32/CLK          n/a            1.250         5.000       3.750      SLICE_X32Y65  gru_bin_version_i/axi_dma_0/U0/I_PRMRY_DATAMOVER/GEN_S2MM_FULL.I_S2MM_FULL_WRAPPER/GEN_ENABLE_INDET_BTT_SF.I_INDET_BTT/I_XD_FIFO/NON_BLK_MEM.I_SYNC_FIFOGEN_FIFO/xpm_fifo_base_inst/gen_sdpram.xpm_memory_base_inst/gen_wr_a.gen_word_narrow.mem_reg_0_15_0_5/RAMB_D1/CLK
High Pulse Width  Slow    RAMD32/CLK          n/a            1.250         5.000       3.750      SLICE_X32Y65  gru_bin_version_i/axi_dma_0/U0/I_PRMRY_DATAMOVER/GEN_S2MM_FULL.I_S2MM_FULL_WRAPPER/GEN_ENABLE_INDET_BTT_SF.I_INDET_BTT/I_XD_FIFO/NON_BLK_MEM.I_SYNC_FIFOGEN_FIFO/xpm_fifo_base_inst/gen_sdpram.xpm_memory_base_inst/gen_wr_a.gen_word_narrow.mem_reg_0_15_0_5/RAMC/CLK
High Pulse Width  Fast    RAMD32/CLK          n/a            1.250         5.000       3.750      SLICE_X32Y65  gru_bin_version_i/axi_dma_0/U0/I_PRMRY_DATAMOVER/GEN_S2MM_FULL.I_S2MM_FULL_WRAPPER/GEN_ENABLE_INDET_BTT_SF.I_INDET_BTT/I_XD_FIFO/NON_BLK_MEM.I_SYNC_FIFOGEN_FIFO/xpm_fifo_base_inst/gen_sdpram.xpm_memory_base_inst/gen_wr_a.gen_word_narrow.mem_reg_0_15_0_5/RAMC/CLK



---------------------------------------------------------------------------------------------------
Path Group:  **async_default**
From Clock:  clk_fpga_0
  To Clock:  clk_fpga_0

Setup :            0  Failing Endpoints,  Worst Slack        6.942ns,  Total Violation        0.000ns
Hold  :            0  Failing Endpoints,  Worst Slack        0.500ns,  Total Violation        0.000ns
---------------------------------------------------------------------------------------------------


Max Delay Paths
--------------------------------------------------------------------------------------
Slack (MET) :             6.942ns  (required time - arrival time)
  Source:                 gru_bin_version_wrapper/gru_bin_version/gru_bin_version_axi_mem_intercon_0/s00_couplers_imp_1UT69KP/gru_bin_version_axi_mem_intercon_imp_auto_pc_0/gru_bin_version_axi_mem_intercon_imp_auto_pc_0_axi_protocol_converter_v2_1_37_axi_protocol_converter/gru_bin_version_axi_mem_intercon_imp_auto_pc_0_axi_protocol_converter_v2_1_37_axi3_conv/gru_bin_version_axi_mem_intercon_imp_auto_pc_0_axi_protocol_converter_v2_1_37_a_axi3_conv/gru_bin_version_axi_mem_intercon_imp_auto_pc_0_axi_data_fifo_v2_1_36_axic_fifo/gru_bin_version_axi_mem_intercon_imp_auto_pc_0_axi_data_fifo_v2_1_36_fifo_gen/<hidden>/<hidden>/<hidden>/<hidden>/<hidden>/<hidden>
                            (rising edge-triggered cell FDPE clocked by clk_fpga_0  {rise@0.000ns fall@5.000ns period=10.000ns})
  Destination:            gru_bin_version_wrapper/gru_bin_version/gru_bin_version_axi_mem_intercon_0/s00_couplers_imp_1UT69KP/gru_bin_version_axi_mem_intercon_imp_auto_pc_0/gru_bin_version_axi_mem_intercon_imp_auto_pc_0_axi_protocol_converter_v2_1_37_axi_protocol_converter/gru_bin_version_axi_mem_intercon_imp_auto_pc_0_axi_protocol_converter_v2_1_37_axi3_conv/gru_bin_version_axi_mem_intercon_imp_auto_pc_0_axi_protocol_converter_v2_1_37_a_axi3_conv/gru_bin_version_axi_mem_intercon_imp_auto_pc_0_axi_data_fifo_v2_1_36_axic_fifo/gru_bin_version_axi_mem_intercon_imp_auto_pc_0_axi_data_fifo_v2_1_36_fifo_gen/<hidden>/<hidden>/<hidden>/<hidden>/<hidden>/<hidden>
                            (recovery check against rising-edge clock clk_fpga_0  {rise@0.000ns fall@5.000ns period=10.000ns})
  Path Group:             **async_default**
  Path Type:              Recovery (Max at Slow Process Corner)
  Requirement:            10.000ns  (clk_fpga_0 rise@10.000ns - clk_fpga_0 rise@0.000ns)
  Data Path Delay:        2.435ns  (logic 0.718ns (29.491%)  route 1.717ns (70.509%))
  Logic Levels:           1  (LUT3=1)
  Clock Path Skew:        -0.064ns (DCD - SCD + CPR)
    Destination Clock Delay (DCD):    2.755ns = ( 12.755 - 10.000 ) 
    Source Clock Delay      (SCD):    3.049ns
    Clock Pessimism Removal (CPR):    0.230ns
  Clock Uncertainty:      0.154ns  ((TSJ^2 + TIJ^2)^1/2 + DJ) / 2 + PE
    Total System Jitter     (TSJ):    0.071ns
    Total Input Jitter      (TIJ):    0.300ns
    Discrete Jitter          (DJ):    0.000ns
    Phase Error              (PE):    0.000ns

    Location             Delay type                Incr(ns)  Path(ns)    Netlist Resource(s)
  -------------------------------------------------------------------    -------------------
                         (clock clk_fpga_0 rise edge)
                                                      0.000     0.000 r  
    PS7_X0Y0             PS7                          0.000     0.000 r  gru_bin_version_i/processing_system7_0/inst/PS7_i/FCLKCLK[0]
                         net (fo=1, routed)           1.193     1.193    gru_bin_version_i/processing_system7_0/inst/FCLK_CLK_unbuffered[0]
    BUFGCTRL_X0Y16       BUFG (Prop_bufg_I_O)         0.101     1.294 r  gru_bin_version_i/processing_system7_0/inst/buffer_fclk_clk_0.FCLK_CLK_0_BUFG/O
                         net (fo=22708, routed)       1.755     3.049    gru_bin_version_wrapper/gru_bin_version/gru_bin_version_axi_mem_intercon_0/s00_couplers_imp_1UT69KP/gru_bin_version_axi_mem_intercon_imp_auto_pc_0/gru_bin_version_axi_mem_intercon_imp_auto_pc_0_axi_protocol_converter_v2_1_37_axi_protocol_converter/gru_bin_version_axi_mem_intercon_imp_auto_pc_0_axi_protocol_converter_v2_1_37_axi3_conv/gru_bin_version_axi_mem_intercon_imp_auto_pc_0_axi_protocol_converter_v2_1_37_a_axi3_conv/gru_bin_version_axi_mem_intercon_imp_auto_pc_0_axi_data_fifo_v2_1_36_axic_fifo/gru_bin_version_axi_mem_intercon_imp_auto_pc_0_axi_data_fifo_v2_1_36_fifo_gen/<hidden>/<hidden>/<hidden>/<hidden>/<hidden>/<hidden>
    SLICE_X19Y42         FDPE                                         r  gru_bin_version_wrapper/gru_bin_version/gru_bin_version_axi_mem_intercon_0/s00_couplers_imp_1UT69KP/gru_bin_version_axi_mem_intercon_imp_auto_pc_0/gru_bin_version_axi_mem_intercon_imp_auto_pc_0_axi_protocol_converter_v2_1_37_axi_protocol_converter/gru_bin_version_axi_mem_intercon_imp_auto_pc_0_axi_protocol_converter_v2_1_37_axi3_conv/gru_bin_version_axi_mem_intercon_imp_auto_pc_0_axi_protocol_converter_v2_1_37_a_axi3_conv/gru_bin_version_axi_mem_intercon_imp_auto_pc_0_axi_data_fifo_v2_1_36_axic_fifo/gru_bin_version_axi_mem_intercon_imp_auto_pc_0_axi_data_fifo_v2_1_36_fifo_gen/<hidden>/<hidden>/<hidden>/<hidden>/<hidden>/<hidden>
  -------------------------------------------------------------------    -------------------
    SLICE_X19Y42         FDPE (Prop_fdpe_C_Q)         0.419     3.468 f  gru_bin_version_wrapper/gru_bin_version/gru_bin_version_axi_mem_intercon_0/s00_couplers_imp_1UT69KP/gru_bin_version_axi_mem_intercon_imp_auto_pc_0/gru_bin_version_axi_mem_intercon_imp_auto_pc_0_axi_protocol_converter_v2_1_37_axi_protocol_converter/gru_bin_version_axi_mem_intercon_imp_auto_pc_0_axi_protocol_converter_v2_1_37_axi3_conv/gru_bin_version_axi_mem_intercon_imp_auto_pc_0_axi_protocol_converter_v2_1_37_a_axi3_conv/gru_bin_version_axi_mem_intercon_imp_auto_pc_0_axi_data_fifo_v2_1_36_axic_fifo/gru_bin_version_axi_mem_intercon_imp_auto_pc_0_axi_data_fifo_v2_1_36_fifo_gen/<hidden>/<hidden>/<hidden>/<hidden>/<hidden>/<hidden>
                         net (fo=2, routed)           0.736     4.204    gru_bin_version_wrapper/gru_bin_version/gru_bin_version_axi_mem_intercon_0/s00_couplers_imp_1UT69KP/gru_bin_version_axi_mem_intercon_imp_auto_pc_0/gru_bin_version_axi_mem_intercon_imp_auto_pc_0_axi_protocol_converter_v2_1_37_axi_protocol_converter/gru_bin_version_axi_mem_intercon_imp_auto_pc_0_axi_protocol_converter_v2_1_37_axi3_conv/gru_bin_version_axi_mem_intercon_imp_auto_pc_0_axi_protocol_converter_v2_1_37_a_axi3_conv/gru_bin_version_axi_mem_intercon_imp_auto_pc_0_axi_data_fifo_v2_1_36_axic_fifo/gru_bin_version_axi_mem_intercon_imp_auto_pc_0_axi_data_fifo_v2_1_36_fifo_gen/<hidden>/<hidden>/<hidden>/<hidden>/<hidden>
    SLICE_X19Y41         LUT3 (Prop_lut3_I2_O)        0.299     4.503 f  gru_bin_version_wrapper/gru_bin_version/gru_bin_version_axi_mem_intercon_0/s00_couplers_imp_1UT69KP/gru_bin_version_axi_mem_intercon_imp_auto_pc_0/gru_bin_version_axi_mem_intercon_imp_auto_pc_0_axi_protocol_converter_v2_1_37_axi_protocol_converter/gru_bin_version_axi_mem_intercon_imp_auto_pc_0_axi_protocol_converter_v2_1_37_axi3_conv/gru_bin_version_axi_mem_intercon_imp_auto_pc_0_axi_protocol_converter_v2_1_37_a_axi3_conv/gru_bin_version_axi_mem_intercon_imp_auto_pc_0_axi_data_fifo_v2_1_36_axic_fifo/gru_bin_version_axi_mem_intercon_imp_auto_pc_0_axi_data_fifo_v2_1_36_fifo_gen/<hidden>/<hidden>/<hidden>/<hidden>/<hidden>
                         net (fo=33, routed)          0.981     5.484    gru_bin_version_wrapper/gru_bin_version/gru_bin_version_axi_mem_intercon_0/s00_couplers_imp_1UT69KP/gru_bin_version_axi_mem_intercon_imp_auto_pc_0/gru_bin_version_axi_mem_intercon_imp_auto_pc_0_axi_protocol_converter_v2_1_37_axi_protocol_converter/gru_bin_version_axi_mem_intercon_imp_auto_pc_0_axi_protocol_converter_v2_1_37_axi3_conv/gru_bin_version_axi_mem_intercon_imp_auto_pc_0_axi_protocol_converter_v2_1_37_a_axi3_conv/gru_bin_version_axi_mem_intercon_imp_auto_pc_0_axi_data_fifo_v2_1_36_axic_fifo/gru_bin_version_axi_mem_intercon_imp_auto_pc_0_axi_data_fifo_v2_1_36_fifo_gen/<hidden>/<hidden>/<hidden>/<hidden>/<hidden>/<hidden>
    SLICE_X15Y37         FDCE                                         f  gru_bin_version_wrapper/gru_bin_version/gru_bin_version_axi_mem_intercon_0/s00_couplers_imp_1UT69KP/gru_bin_version_axi_mem_intercon_imp_auto_pc_0/gru_bin_version_axi_mem_intercon_imp_auto_pc_0_axi_protocol_converter_v2_1_37_axi_protocol_converter/gru_bin_version_axi_mem_intercon_imp_auto_pc_0_axi_protocol_converter_v2_1_37_axi3_conv/gru_bin_version_axi_mem_intercon_imp_auto_pc_0_axi_protocol_converter_v2_1_37_a_axi3_conv/gru_bin_version_axi_mem_intercon_imp_auto_pc_0_axi_data_fifo_v2_1_36_axic_fifo/gru_bin_version_axi_mem_intercon_imp_auto_pc_0_axi_data_fifo_v2_1_36_fifo_gen/<hidden>/<hidden>/<hidden>/<hidden>/<hidden>/<hidden>
  -------------------------------------------------------------------    -------------------

                         (clock clk_fpga_0 rise edge)
                                                     10.000    10.000 r  
    PS7_X0Y0             PS7                          0.000    10.000 r  gru_bin_version_i/processing_system7_0/inst/PS7_i/FCLKCLK[0]
                         net (fo=1, routed)           1.088    11.088    gru_bin_version_i/processing_system7_0/inst/FCLK_CLK_unbuffered[0]
    BUFGCTRL_X0Y16       BUFG (Prop_bufg_I_O)         0.091    11.179 r  gru_bin_version_i/processing_system7_0/inst/buffer_fclk_clk_0.FCLK_CLK_0_BUFG/O
                         net (fo=22708, routed)       1.576    12.755    gru_bin_version_wrapper/gru_bin_version/gru_bin_version_axi_mem_intercon_0/s00_couplers_imp_1UT69KP/gru_bin_version_axi_mem_intercon_imp_auto_pc_0/gru_bin_version_axi_mem_intercon_imp_auto_pc_0_axi_protocol_converter_v2_1_37_axi_protocol_converter/gru_bin_version_axi_mem_intercon_imp_auto_pc_0_axi_protocol_converter_v2_1_37_axi3_conv/gru_bin_version_axi_mem_intercon_imp_auto_pc_0_axi_protocol_converter_v2_1_37_a_axi3_conv/gru_bin_version_axi_mem_intercon_imp_auto_pc_0_axi_data_fifo_v2_1_36_axic_fifo/gru_bin_version_axi_mem_intercon_imp_auto_pc_0_axi_data_fifo_v2_1_36_fifo_gen/<hidden>/<hidden>/<hidden>/<hidden>/<hidden>/<hidden>
    SLICE_X15Y37         FDCE                                         r  gru_bin_version_wrapper/gru_bin_version/gru_bin_version_axi_mem_intercon_0/s00_couplers_imp_1UT69KP/gru_bin_version_axi_mem_intercon_imp_auto_pc_0/gru_bin_version_axi_mem_intercon_imp_auto_pc_0_axi_protocol_converter_v2_1_37_axi_protocol_converter/gru_bin_version_axi_mem_intercon_imp_auto_pc_0_axi_protocol_converter_v2_1_37_axi3_conv/gru_bin_version_axi_mem_intercon_imp_auto_pc_0_axi_protocol_converter_v2_1_37_a_axi3_conv/gru_bin_version_axi_mem_intercon_imp_auto_pc_0_axi_data_fifo_v2_1_36_axic_fifo/gru_bin_version_axi_mem_intercon_imp_auto_pc_0_axi_data_fifo_v2_1_36_fifo_gen/<hidden>/<hidden>/<hidden>/<hidden>/<hidden>/<hidden>
                         clock pessimism              0.230    12.985    
                         clock uncertainty           -0.154    12.831    
    SLICE_X15Y37         FDCE (Recov_fdce_C_CLR)     -0.405    12.426    gru_bin_version_wrapper/gru_bin_version/gru_bin_version_axi_mem_intercon_0/s00_couplers_imp_1UT69KP/gru_bin_version_axi_mem_intercon_imp_auto_pc_0/gru_bin_version_axi_mem_intercon_imp_auto_pc_0_axi_protocol_converter_v2_1_37_axi_protocol_converter/gru_bin_version_axi_mem_intercon_imp_auto_pc_0_axi_protocol_converter_v2_1_37_axi3_conv/gru_bin_version_axi_mem_intercon_imp_auto_pc_0_axi_protocol_converter_v2_1_37_a_axi3_conv/gru_bin_version_axi_mem_intercon_imp_auto_pc_0_axi_data_fifo_v2_1_36_axic_fifo/gru_bin_version_axi_mem_intercon_imp_auto_pc_0_axi_data_fifo_v2_1_36_fifo_gen/<hidden>/<hidden>/<hidden>/<hidden>/<hidden>/<hidden>
  -------------------------------------------------------------------
                         required time                         12.426    
                         arrival time                          -5.484    
  -------------------------------------------------------------------
                         slack                                  6.942    

Slack (MET) :             6.942ns  (required time - arrival time)
  Source:                 gru_bin_version_wrapper/gru_bin_version/gru_bin_version_axi_mem_intercon_0/s00_couplers_imp_1UT69KP/gru_bin_version_axi_mem_intercon_imp_auto_pc_0/gru_bin_version_axi_mem_intercon_imp_auto_pc_0_axi_protocol_converter_v2_1_37_axi_protocol_converter/gru_bin_version_axi_mem_intercon_imp_auto_pc_0_axi_protocol_converter_v2_1_37_axi3_conv/gru_bin_version_axi_mem_intercon_imp_auto_pc_0_axi_protocol_converter_v2_1_37_a_axi3_conv/gru_bin_version_axi_mem_intercon_imp_auto_pc_0_axi_data_fifo_v2_1_36_axic_fifo/gru_bin_version_axi_mem_intercon_imp_auto_pc_0_axi_data_fifo_v2_1_36_fifo_gen/<hidden>/<hidden>/<hidden>/<hidden>/<hidden>/<hidden>
                            (rising edge-triggered cell FDPE clocked by clk_fpga_0  {rise@0.000ns fall@5.000ns period=10.000ns})
  Destination:            gru_bin_version_wrapper/gru_bin_version/gru_bin_version_axi_mem_intercon_0/s00_couplers_imp_1UT69KP/gru_bin_version_axi_mem_intercon_imp_auto_pc_0/gru_bin_version_axi_mem_intercon_imp_auto_pc_0_axi_protocol_converter_v2_1_37_axi_protocol_converter/gru_bin_version_axi_mem_intercon_imp_auto_pc_0_axi_protocol_converter_v2_1_37_axi3_conv/gru_bin_version_axi_mem_intercon_imp_auto_pc_0_axi_protocol_converter_v2_1_37_a_axi3_conv/gru_bin_version_axi_mem_intercon_imp_auto_pc_0_axi_data_fifo_v2_1_36_axic_fifo/gru_bin_version_axi_mem_intercon_imp_auto_pc_0_axi_data_fifo_v2_1_36_fifo_gen/<hidden>/<hidden>/<hidden>/<hidden>/<hidden>/<hidden>
                            (recovery check against rising-edge clock clk_fpga_0  {rise@0.000ns fall@5.000ns period=10.000ns})
  Path Group:             **async_default**
  Path Type:              Recovery (Max at Slow Process Corner)
  Requirement:            10.000ns  (clk_fpga_0 rise@10.000ns - clk_fpga_0 rise@0.000ns)
  Data Path Delay:        2.435ns  (logic 0.718ns (29.491%)  route 1.717ns (70.509%))
  Logic Levels:           1  (LUT3=1)
  Clock Path Skew:        -0.064ns (DCD - SCD + CPR)
    Destination Clock Delay (DCD):    2.755ns = ( 12.755 - 10.000 ) 
    Source Clock Delay      (SCD):    3.049ns
    Clock Pessimism Removal (CPR):    0.230ns
  Clock Uncertainty:      0.154ns  ((TSJ^2 + TIJ^2)^1/2 + DJ) / 2 + PE
    Total System Jitter     (TSJ):    0.071ns
    Total Input Jitter      (TIJ):    0.300ns
    Discrete Jitter          (DJ):    0.000ns
    Phase Error              (PE):    0.000ns

    Location             Delay type                Incr(ns)  Path(ns)    Netlist Resource(s)
  -------------------------------------------------------------------    -------------------
                         (clock clk_fpga_0 rise edge)
                                                      0.000     0.000 r  
    PS7_X0Y0             PS7                          0.000     0.000 r  gru_bin_version_i/processing_system7_0/inst/PS7_i/FCLKCLK[0]
                         net (fo=1, routed)           1.193     1.193    gru_bin_version_i/processing_system7_0/inst/FCLK_CLK_unbuffered[0]
    BUFGCTRL_X0Y16       BUFG (Prop_bufg_I_O)         0.101     1.294 r  gru_bin_version_i/processing_system7_0/inst/buffer_fclk_clk_0.FCLK_CLK_0_BUFG/O
                         net (fo=22708, routed)       1.755     3.049    gru_bin_version_wrapper/gru_bin_version/gru_bin_version_axi_mem_intercon_0/s00_couplers_imp_1UT69KP/gru_bin_version_axi_mem_intercon_imp_auto_pc_0/gru_bin_version_axi_mem_intercon_imp_auto_pc_0_axi_protocol_converter_v2_1_37_axi_protocol_converter/gru_bin_version_axi_mem_intercon_imp_auto_pc_0_axi_protocol_converter_v2_1_37_axi3_conv/gru_bin_version_axi_mem_intercon_imp_auto_pc_0_axi_protocol_converter_v2_1_37_a_axi3_conv/gru_bin_version_axi_mem_intercon_imp_auto_pc_0_axi_data_fifo_v2_1_36_axic_fifo/gru_bin_version_axi_mem_intercon_imp_auto_pc_0_axi_data_fifo_v2_1_36_fifo_gen/<hidden>/<hidden>/<hidden>/<hidden>/<hidden>/<hidden>
    SLICE_X19Y42         FDPE                                         r  gru_bin_version_wrapper/gru_bin_version/gru_bin_version_axi_mem_intercon_0/s00_couplers_imp_1UT69KP/gru_bin_version_axi_mem_intercon_imp_auto_pc_0/gru_bin_version_axi_mem_intercon_imp_auto_pc_0_axi_protocol_converter_v2_1_37_axi_protocol_converter/gru_bin_version_axi_mem_intercon_imp_auto_pc_0_axi_protocol_converter_v2_1_37_axi3_conv/gru_bin_version_axi_mem_intercon_imp_auto_pc_0_axi_protocol_converter_v2_1_37_a_axi3_conv/gru_bin_version_axi_mem_intercon_imp_auto_pc_0_axi_data_fifo_v2_1_36_axic_fifo/gru_bin_version_axi_mem_intercon_imp_auto_pc_0_axi_data_fifo_v2_1_36_fifo_gen/<hidden>/<hidden>/<hidden>/<hidden>/<hidden>/<hidden>
  -------------------------------------------------------------------    -------------------
    SLICE_X19Y42         FDPE (Prop_fdpe_C_Q)         0.419     3.468 f  gru_bin_version_wrapper/gru_bin_version/gru_bin_version_axi_mem_intercon_0/s00_couplers_imp_1UT69KP/gru_bin_version_axi_mem_intercon_imp_auto_pc_0/gru_bin_version_axi_mem_intercon_imp_auto_pc_0_axi_protocol_converter_v2_1_37_axi_protocol_converter/gru_bin_version_axi_mem_intercon_imp_auto_pc_0_axi_protocol_converter_v2_1_37_axi3_conv/gru_bin_version_axi_mem_intercon_imp_auto_pc_0_axi_protocol_converter_v2_1_37_a_axi3_conv/gru_bin_version_axi_mem_intercon_imp_auto_pc_0_axi_data_fifo_v2_1_36_axic_fifo/gru_bin_version_axi_mem_intercon_imp_auto_pc_0_axi_data_fifo_v2_1_36_fifo_gen/<hidden>/<hidden>/<hidden>/<hidden>/<hidden>/<hidden>
                         net (fo=2, routed)           0.736     4.204    gru_bin_version_wrapper/gru_bin_version/gru_bin_version_axi_mem_intercon_0/s00_couplers_imp_1UT69KP/gru_bin_version_axi_mem_intercon_imp_auto_pc_0/gru_bin_version_axi_mem_intercon_imp_auto_pc_0_axi_protocol_converter_v2_1_37_axi_protocol_converter/gru_bin_version_axi_mem_intercon_imp_auto_pc_0_axi_protocol_converter_v2_1_37_axi3_conv/gru_bin_version_axi_mem_intercon_imp_auto_pc_0_axi_protocol_converter_v2_1_37_a_axi3_conv/gru_bin_version_axi_mem_intercon_imp_auto_pc_0_axi_data_fifo_v2_1_36_axic_fifo/gru_bin_version_axi_mem_intercon_imp_auto_pc_0_axi_data_fifo_v2_1_36_fifo_gen/<hidden>/<hidden>/<hidden>/<hidden>/<hidden>
    SLICE_X19Y41         LUT3 (Prop_lut3_I2_O)        0.299     4.503 f  gru_bin_version_wrapper/gru_bin_version/gru_bin_version_axi_mem_intercon_0/s00_couplers_imp_1UT69KP/gru_bin_version_axi_mem_intercon_imp_auto_pc_0/gru_bin_version_axi_mem_intercon_imp_auto_pc_0_axi_protocol_converter_v2_1_37_axi_protocol_converter/gru_bin_version_axi_mem_intercon_imp_auto_pc_0_axi_protocol_converter_v2_1_37_axi3_conv/gru_bin_version_axi_mem_intercon_imp_auto_pc_0_axi_protocol_converter_v2_1_37_a_axi3_conv/gru_bin_version_axi_mem_intercon_imp_auto_pc_0_axi_data_fifo_v2_1_36_axic_fifo/gru_bin_version_axi_mem_intercon_imp_auto_pc_0_axi_data_fifo_v2_1_36_fifo_gen/<hidden>/<hidden>/<hidden>/<hidden>/<hidden>
                         net (fo=33, routed)          0.981     5.484    gru_bin_version_wrapper/gru_bin_version/gru_bin_version_axi_mem_intercon_0/s00_couplers_imp_1UT69KP/gru_bin_version_axi_mem_intercon_imp_auto_pc_0/gru_bin_version_axi_mem_intercon_imp_auto_pc_0_axi_protocol_converter_v2_1_37_axi_protocol_converter/gru_bin_version_axi_mem_intercon_imp_auto_pc_0_axi_protocol_converter_v2_1_37_axi3_conv/gru_bin_version_axi_mem_intercon_imp_auto_pc_0_axi_protocol_converter_v2_1_37_a_axi3_conv/gru_bin_version_axi_mem_intercon_imp_auto_pc_0_axi_data_fifo_v2_1_36_axic_fifo/gru_bin_version_axi_mem_intercon_imp_auto_pc_0_axi_data_fifo_v2_1_36_fifo_gen/<hidden>/<hidden>/<hidden>/<hidden>/<hidden>/<hidden>
    SLICE_X15Y37         FDCE                                         f  gru_bin_version_wrapper/gru_bin_version/gru_bin_version_axi_mem_intercon_0/s00_couplers_imp_1UT69KP/gru_bin_version_axi_mem_intercon_imp_auto_pc_0/gru_bin_version_axi_mem_intercon_imp_auto_pc_0_axi_protocol_converter_v2_1_37_axi_protocol_converter/gru_bin_version_axi_mem_intercon_imp_auto_pc_0_axi_protocol_converter_v2_1_37_axi3_conv/gru_bin_version_axi_mem_intercon_imp_auto_pc_0_axi_protocol_converter_v2_1_37_a_axi3_conv/gru_bin_version_axi_mem_intercon_imp_auto_pc_0_axi_data_fifo_v2_1_36_axic_fifo/gru_bin_version_axi_mem_intercon_imp_auto_pc_0_axi_data_fifo_v2_1_36_fifo_gen/<hidden>/<hidden>/<hidden>/<hidden>/<hidden>/<hidden>
  -------------------------------------------------------------------    -------------------

                         (clock clk_fpga_0 rise edge)
                                                     10.000    10.000 r  
    PS7_X0Y0             PS7                          0.000    10.000 r  gru_bin_version_i/processing_system7_0/inst/PS7_i/FCLKCLK[0]
                         net (fo=1, routed)           1.088    11.088    gru_bin_version_i/processing_system7_0/inst/FCLK_CLK_unbuffered[0]
    BUFGCTRL_X0Y16       BUFG (Prop_bufg_I_O)         0.091    11.179 r  gru_bin_version_i/processing_system7_0/inst/buffer_fclk_clk_0.FCLK_CLK_0_BUFG/O
                         net (fo=22708, routed)       1.576    12.755    gru_bin_version_wrapper/gru_bin_version/gru_bin_version_axi_mem_intercon_0/s00_couplers_imp_1UT69KP/gru_bin_version_axi_mem_intercon_imp_auto_pc_0/gru_bin_version_axi_mem_intercon_imp_auto_pc_0_axi_protocol_converter_v2_1_37_axi_protocol_converter/gru_bin_version_axi_mem_intercon_imp_auto_pc_0_axi_protocol_converter_v2_1_37_axi3_conv/gru_bin_version_axi_mem_intercon_imp_auto_pc_0_axi_protocol_converter_v2_1_37_a_axi3_conv/gru_bin_version_axi_mem_intercon_imp_auto_pc_0_axi_data_fifo_v2_1_36_axic_fifo/gru_bin_version_axi_mem_intercon_imp_auto_pc_0_axi_data_fifo_v2_1_36_fifo_gen/<hidden>/<hidden>/<hidden>/<hidden>/<hidden>/<hidden>
    SLICE_X15Y37         FDCE                                         r  gru_bin_version_wrapper/gru_bin_version/gru_bin_version_axi_mem_intercon_0/s00_couplers_imp_1UT69KP/gru_bin_version_axi_mem_intercon_imp_auto_pc_0/gru_bin_version_axi_mem_intercon_imp_auto_pc_0_axi_protocol_converter_v2_1_37_axi_protocol_converter/gru_bin_version_axi_mem_intercon_imp_auto_pc_0_axi_protocol_converter_v2_1_37_axi3_conv/gru_bin_version_axi_mem_intercon_imp_auto_pc_0_axi_protocol_converter_v2_1_37_a_axi3_conv/gru_bin_version_axi_mem_intercon_imp_auto_pc_0_axi_data_fifo_v2_1_36_axic_fifo/gru_bin_version_axi_mem_intercon_imp_auto_pc_0_axi_data_fifo_v2_1_36_fifo_gen/<hidden>/<hidden>/<hidden>/<hidden>/<hidden>/<hidden>
                         clock pessimism              0.230    12.985    
                         clock uncertainty           -0.154    12.831    
    SLICE_X15Y37         FDCE (Recov_fdce_C_CLR)     -0.405    12.426    gru_bin_version_wrapper/gru_bin_version/gru_bin_version_axi_mem_intercon_0/s00_couplers_imp_1UT69KP/gru_bin_version_axi_mem_intercon_imp_auto_pc_0/gru_bin_version_axi_mem_intercon_imp_auto_pc_0_axi_protocol_converter_v2_1_37_axi_protocol_converter/gru_bin_version_axi_mem_intercon_imp_auto_pc_0_axi_protocol_converter_v2_1_37_axi3_conv/gru_bin_version_axi_mem_intercon_imp_auto_pc_0_axi_protocol_converter_v2_1_37_a_axi3_conv/gru_bin_version_axi_mem_intercon_imp_auto_pc_0_axi_data_fifo_v2_1_36_axic_fifo/gru_bin_version_axi_mem_intercon_imp_auto_pc_0_axi_data_fifo_v2_1_36_fifo_gen/<hidden>/<hidden>/<hidden>/<hidden>/<hidden>/<hidden>
  -------------------------------------------------------------------
                         required time                         12.426    
                         arrival time                          -5.484    
  -------------------------------------------------------------------
                         slack                                  6.942    

Slack (MET) :             6.942ns  (required time - arrival time)
  Source:                 gru_bin_version_wrapper/gru_bin_version/gru_bin_version_axi_mem_intercon_0/s00_couplers_imp_1UT69KP/gru_bin_version_axi_mem_intercon_imp_auto_pc_0/gru_bin_version_axi_mem_intercon_imp_auto_pc_0_axi_protocol_converter_v2_1_37_axi_protocol_converter/gru_bin_version_axi_mem_intercon_imp_auto_pc_0_axi_protocol_converter_v2_1_37_axi3_conv/gru_bin_version_axi_mem_intercon_imp_auto_pc_0_axi_protocol_converter_v2_1_37_a_axi3_conv/gru_bin_version_axi_mem_intercon_imp_auto_pc_0_axi_data_fifo_v2_1_36_axic_fifo/gru_bin_version_axi_mem_intercon_imp_auto_pc_0_axi_data_fifo_v2_1_36_fifo_gen/<hidden>/<hidden>/<hidden>/<hidden>/<hidden>/<hidden>
                            (rising edge-triggered cell FDPE clocked by clk_fpga_0  {rise@0.000ns fall@5.000ns period=10.000ns})
  Destination:            gru_bin_version_wrapper/gru_bin_version/gru_bin_version_axi_mem_intercon_0/s00_couplers_imp_1UT69KP/gru_bin_version_axi_mem_intercon_imp_auto_pc_0/gru_bin_version_axi_mem_intercon_imp_auto_pc_0_axi_protocol_converter_v2_1_37_axi_protocol_converter/gru_bin_version_axi_mem_intercon_imp_auto_pc_0_axi_protocol_converter_v2_1_37_axi3_conv/gru_bin_version_axi_mem_intercon_imp_auto_pc_0_axi_protocol_converter_v2_1_37_a_axi3_conv/gru_bin_version_axi_mem_intercon_imp_auto_pc_0_axi_data_fifo_v2_1_36_axic_fifo/gru_bin_version_axi_mem_intercon_imp_auto_pc_0_axi_data_fifo_v2_1_36_fifo_gen/<hidden>/<hidden>/<hidden>/<hidden>/<hidden>/<hidden>
                            (recovery check against rising-edge clock clk_fpga_0  {rise@0.000ns fall@5.000ns period=10.000ns})
  Path Group:             **async_default**
  Path Type:              Recovery (Max at Slow Process Corner)
  Requirement:            10.000ns  (clk_fpga_0 rise@10.000ns - clk_fpga_0 rise@0.000ns)
  Data Path Delay:        2.435ns  (logic 0.718ns (29.491%)  route 1.717ns (70.509%))
  Logic Levels:           1  (LUT3=1)
  Clock Path Skew:        -0.064ns (DCD - SCD + CPR)
    Destination Clock Delay (DCD):    2.755ns = ( 12.755 - 10.000 ) 
    Source Clock Delay      (SCD):    3.049ns
    Clock Pessimism Removal (CPR):    0.230ns
  Clock Uncertainty:      0.154ns  ((TSJ^2 + TIJ^2)^1/2 + DJ) / 2 + PE
    Total System Jitter     (TSJ):    0.071ns
    Total Input Jitter      (TIJ):    0.300ns
    Discrete Jitter          (DJ):    0.000ns
    Phase Error              (PE):    0.000ns

    Location             Delay type                Incr(ns)  Path(ns)    Netlist Resource(s)
  -------------------------------------------------------------------    -------------------
                         (clock clk_fpga_0 rise edge)
                                                      0.000     0.000 r  
    PS7_X0Y0             PS7                          0.000     0.000 r  gru_bin_version_i/processing_system7_0/inst/PS7_i/FCLKCLK[0]
                         net (fo=1, routed)           1.193     1.193    gru_bin_version_i/processing_system7_0/inst/FCLK_CLK_unbuffered[0]
    BUFGCTRL_X0Y16       BUFG (Prop_bufg_I_O)         0.101     1.294 r  gru_bin_version_i/processing_system7_0/inst/buffer_fclk_clk_0.FCLK_CLK_0_BUFG/O
                         net (fo=22708, routed)       1.755     3.049    gru_bin_version_wrapper/gru_bin_version/gru_bin_version_axi_mem_intercon_0/s00_couplers_imp_1UT69KP/gru_bin_version_axi_mem_intercon_imp_auto_pc_0/gru_bin_version_axi_mem_intercon_imp_auto_pc_0_axi_protocol_converter_v2_1_37_axi_protocol_converter/gru_bin_version_axi_mem_intercon_imp_auto_pc_0_axi_protocol_converter_v2_1_37_axi3_conv/gru_bin_version_axi_mem_intercon_imp_auto_pc_0_axi_protocol_converter_v2_1_37_a_axi3_conv/gru_bin_version_axi_mem_intercon_imp_auto_pc_0_axi_data_fifo_v2_1_36_axic_fifo/gru_bin_version_axi_mem_intercon_imp_auto_pc_0_axi_data_fifo_v2_1_36_fifo_gen/<hidden>/<hidden>/<hidden>/<hidden>/<hidden>/<hidden>
    SLICE_X19Y42         FDPE                                         r  gru_bin_version_wrapper/gru_bin_version/gru_bin_version_axi_mem_intercon_0/s00_couplers_imp_1UT69KP/gru_bin_version_axi_mem_intercon_imp_auto_pc_0/gru_bin_version_axi_mem_intercon_imp_auto_pc_0_axi_protocol_converter_v2_1_37_axi_protocol_converter/gru_bin_version_axi_mem_intercon_imp_auto_pc_0_axi_protocol_converter_v2_1_37_axi3_conv/gru_bin_version_axi_mem_intercon_imp_auto_pc_0_axi_protocol_converter_v2_1_37_a_axi3_conv/gru_bin_version_axi_mem_intercon_imp_auto_pc_0_axi_data_fifo_v2_1_36_axic_fifo/gru_bin_version_axi_mem_intercon_imp_auto_pc_0_axi_data_fifo_v2_1_36_fifo_gen/<hidden>/<hidden>/<hidden>/<hidden>/<hidden>/<hidden>
  -------------------------------------------------------------------    -------------------
    SLICE_X19Y42         FDPE (Prop_fdpe_C_Q)         0.419     3.468 f  gru_bin_version_wrapper/gru_bin_version/gru_bin_version_axi_mem_intercon_0/s00_couplers_imp_1UT69KP/gru_bin_version_axi_mem_intercon_imp_auto_pc_0/gru_bin_version_axi_mem_intercon_imp_auto_pc_0_axi_protocol_converter_v2_1_37_axi_protocol_converter/gru_bin_version_axi_mem_intercon_imp_auto_pc_0_axi_protocol_converter_v2_1_37_axi3_conv/gru_bin_version_axi_mem_intercon_imp_auto_pc_0_axi_protocol_converter_v2_1_37_a_axi3_conv/gru_bin_version_axi_mem_intercon_imp_auto_pc_0_axi_data_fifo_v2_1_36_axic_fifo/gru_bin_version_axi_mem_intercon_imp_auto_pc_0_axi_data_fifo_v2_1_36_fifo_gen/<hidden>/<hidden>/<hidden>/<hidden>/<hidden>/<hidden>
                         net (fo=2, routed)           0.736     4.204    gru_bin_version_wrapper/gru_bin_version/gru_bin_version_axi_mem_intercon_0/s00_couplers_imp_1UT69KP/gru_bin_version_axi_mem_intercon_imp_auto_pc_0/gru_bin_version_axi_mem_intercon_imp_auto_pc_0_axi_protocol_converter_v2_1_37_axi_protocol_converter/gru_bin_version_axi_mem_intercon_imp_auto_pc_0_axi_protocol_converter_v2_1_37_axi3_conv/gru_bin_version_axi_mem_intercon_imp_auto_pc_0_axi_protocol_converter_v2_1_37_a_axi3_conv/gru_bin_version_axi_mem_intercon_imp_auto_pc_0_axi_data_fifo_v2_1_36_axic_fifo/gru_bin_version_axi_mem_intercon_imp_auto_pc_0_axi_data_fifo_v2_1_36_fifo_gen/<hidden>/<hidden>/<hidden>/<hidden>/<hidden>
    SLICE_X19Y41         LUT3 (Prop_lut3_I2_O)        0.299     4.503 f  gru_bin_version_wrapper/gru_bin_version/gru_bin_version_axi_mem_intercon_0/s00_couplers_imp_1UT69KP/gru_bin_version_axi_mem_intercon_imp_auto_pc_0/gru_bin_version_axi_mem_intercon_imp_auto_pc_0_axi_protocol_converter_v2_1_37_axi_protocol_converter/gru_bin_version_axi_mem_intercon_imp_auto_pc_0_axi_protocol_converter_v2_1_37_axi3_conv/gru_bin_version_axi_mem_intercon_imp_auto_pc_0_axi_protocol_converter_v2_1_37_a_axi3_conv/gru_bin_version_axi_mem_intercon_imp_auto_pc_0_axi_data_fifo_v2_1_36_axic_fifo/gru_bin_version_axi_mem_intercon_imp_auto_pc_0_axi_data_fifo_v2_1_36_fifo_gen/<hidden>/<hidden>/<hidden>/<hidden>/<hidden>
                         net (fo=33, routed)          0.981     5.484    gru_bin_version_wrapper/gru_bin_version/gru_bin_version_axi_mem_intercon_0/s00_couplers_imp_1UT69KP/gru_bin_version_axi_mem_intercon_imp_auto_pc_0/gru_bin_version_axi_mem_intercon_imp_auto_pc_0_axi_protocol_converter_v2_1_37_axi_protocol_converter/gru_bin_version_axi_mem_intercon_imp_auto_pc_0_axi_protocol_converter_v2_1_37_axi3_conv/gru_bin_version_axi_mem_intercon_imp_auto_pc_0_axi_protocol_converter_v2_1_37_a_axi3_conv/gru_bin_version_axi_mem_intercon_imp_auto_pc_0_axi_data_fifo_v2_1_36_axic_fifo/gru_bin_version_axi_mem_intercon_imp_auto_pc_0_axi_data_fifo_v2_1_36_fifo_gen/<hidden>/<hidden>/<hidden>/<hidden>/<hidden>/<hidden>
    SLICE_X15Y37         FDCE                                         f  gru_bin_version_wrapper/gru_bin_version/gru_bin_version_axi_mem_intercon_0/s00_couplers_imp_1UT69KP/gru_bin_version_axi_mem_intercon_imp_auto_pc_0/gru_bin_version_axi_mem_intercon_imp_auto_pc_0_axi_protocol_converter_v2_1_37_axi_protocol_converter/gru_bin_version_axi_mem_intercon_imp_auto_pc_0_axi_protocol_converter_v2_1_37_axi3_conv/gru_bin_version_axi_mem_intercon_imp_auto_pc_0_axi_protocol_converter_v2_1_37_a_axi3_conv/gru_bin_version_axi_mem_intercon_imp_auto_pc_0_axi_data_fifo_v2_1_36_axic_fifo/gru_bin_version_axi_mem_intercon_imp_auto_pc_0_axi_data_fifo_v2_1_36_fifo_gen/<hidden>/<hidden>/<hidden>/<hidden>/<hidden>/<hidden>
  -------------------------------------------------------------------    -------------------

                         (clock clk_fpga_0 rise edge)
                                                     10.000    10.000 r  
    PS7_X0Y0             PS7                          0.000    10.000 r  gru_bin_version_i/processing_system7_0/inst/PS7_i/FCLKCLK[0]
                         net (fo=1, routed)           1.088    11.088    gru_bin_version_i/processing_system7_0/inst/FCLK_CLK_unbuffered[0]
    BUFGCTRL_X0Y16       BUFG (Prop_bufg_I_O)         0.091    11.179 r  gru_bin_version_i/processing_system7_0/inst/buffer_fclk_clk_0.FCLK_CLK_0_BUFG/O
                         net (fo=22708, routed)       1.576    12.755    gru_bin_version_wrapper/gru_bin_version/gru_bin_version_axi_mem_intercon_0/s00_couplers_imp_1UT69KP/gru_bin_version_axi_mem_intercon_imp_auto_pc_0/gru_bin_version_axi_mem_intercon_imp_auto_pc_0_axi_protocol_converter_v2_1_37_axi_protocol_converter/gru_bin_version_axi_mem_intercon_imp_auto_pc_0_axi_protocol_converter_v2_1_37_axi3_conv/gru_bin_version_axi_mem_intercon_imp_auto_pc_0_axi_protocol_converter_v2_1_37_a_axi3_conv/gru_bin_version_axi_mem_intercon_imp_auto_pc_0_axi_data_fifo_v2_1_36_axic_fifo/gru_bin_version_axi_mem_intercon_imp_auto_pc_0_axi_data_fifo_v2_1_36_fifo_gen/<hidden>/<hidden>/<hidden>/<hidden>/<hidden>/<hidden>
    SLICE_X15Y37         FDCE                                         r  gru_bin_version_wrapper/gru_bin_version/gru_bin_version_axi_mem_intercon_0/s00_couplers_imp_1UT69KP/gru_bin_version_axi_mem_intercon_imp_auto_pc_0/gru_bin_version_axi_mem_intercon_imp_auto_pc_0_axi_protocol_converter_v2_1_37_axi_protocol_converter/gru_bin_version_axi_mem_intercon_imp_auto_pc_0_axi_protocol_converter_v2_1_37_axi3_conv/gru_bin_version_axi_mem_intercon_imp_auto_pc_0_axi_protocol_converter_v2_1_37_a_axi3_conv/gru_bin_version_axi_mem_intercon_imp_auto_pc_0_axi_data_fifo_v2_1_36_axic_fifo/gru_bin_version_axi_mem_intercon_imp_auto_pc_0_axi_data_fifo_v2_1_36_fifo_gen/<hidden>/<hidden>/<hidden>/<hidden>/<hidden>/<hidden>
                         clock pessimism              0.230    12.985    
                         clock uncertainty           -0.154    12.831    
    SLICE_X15Y37         FDCE (Recov_fdce_C_CLR)     -0.405    12.426    gru_bin_version_wrapper/gru_bin_version/gru_bin_version_axi_mem_intercon_0/s00_couplers_imp_1UT69KP/gru_bin_version_axi_mem_intercon_imp_auto_pc_0/gru_bin_version_axi_mem_intercon_imp_auto_pc_0_axi_protocol_converter_v2_1_37_axi_protocol_converter/gru_bin_version_axi_mem_intercon_imp_auto_pc_0_axi_protocol_converter_v2_1_37_axi3_conv/gru_bin_version_axi_mem_intercon_imp_auto_pc_0_axi_protocol_converter_v2_1_37_a_axi3_conv/gru_bin_version_axi_mem_intercon_imp_auto_pc_0_axi_data_fifo_v2_1_36_axic_fifo/gru_bin_version_axi_mem_intercon_imp_auto_pc_0_axi_data_fifo_v2_1_36_fifo_gen/<hidden>/<hidden>/<hidden>/<hidden>/<hidden>/<hidden>
  -------------------------------------------------------------------
                         required time                         12.426    
                         arrival time                          -5.484    
  -------------------------------------------------------------------
                         slack                                  6.942    

Slack (MET) :             6.988ns  (required time - arrival time)
  Source:                 gru_bin_version_wrapper/gru_bin_version/gru_bin_version_axi_mem_intercon_0/s00_couplers_imp_1UT69KP/gru_bin_version_axi_mem_intercon_imp_auto_pc_0/gru_bin_version_axi_mem_intercon_imp_auto_pc_0_axi_protocol_converter_v2_1_37_axi_protocol_converter/gru_bin_version_axi_mem_intercon_imp_auto_pc_0_axi_protocol_converter_v2_1_37_axi3_conv/gru_bin_version_axi_mem_intercon_imp_auto_pc_0_axi_protocol_converter_v2_1_37_a_axi3_conv/gru_bin_version_axi_mem_intercon_imp_auto_pc_0_axi_data_fifo_v2_1_36_axic_fifo/gru_bin_version_axi_mem_intercon_imp_auto_pc_0_axi_data_fifo_v2_1_36_fifo_gen/<hidden>/<hidden>/<hidden>/<hidden>/<hidden>/<hidden>
                            (rising edge-triggered cell FDPE clocked by clk_fpga_0  {rise@0.000ns fall@5.000ns period=10.000ns})
  Destination:            gru_bin_version_wrapper/gru_bin_version/gru_bin_version_axi_mem_intercon_0/s00_couplers_imp_1UT69KP/gru_bin_version_axi_mem_intercon_imp_auto_pc_0/gru_bin_version_axi_mem_intercon_imp_auto_pc_0_axi_protocol_converter_v2_1_37_axi_protocol_converter/gru_bin_version_axi_mem_intercon_imp_auto_pc_0_axi_protocol_converter_v2_1_37_axi3_conv/gru_bin_version_axi_mem_intercon_imp_auto_pc_0_axi_protocol_converter_v2_1_37_a_axi3_conv/gru_bin_version_axi_mem_intercon_imp_auto_pc_0_axi_data_fifo_v2_1_36_axic_fifo/gru_bin_version_axi_mem_intercon_imp_auto_pc_0_axi_data_fifo_v2_1_36_fifo_gen/<hidden>/<hidden>/<hidden>/<hidden>/<hidden>/<hidden>
                            (recovery check against rising-edge clock clk_fpga_0  {rise@0.000ns fall@5.000ns period=10.000ns})
  Path Group:             **async_default**
  Path Type:              Recovery (Max at Slow Process Corner)
  Requirement:            10.000ns  (clk_fpga_0 rise@10.000ns - clk_fpga_0 rise@0.000ns)
  Data Path Delay:        2.435ns  (logic 0.718ns (29.491%)  route 1.717ns (70.509%))
  Logic Levels:           1  (LUT3=1)
  Clock Path Skew:        -0.064ns (DCD - SCD + CPR)
    Destination Clock Delay (DCD):    2.755ns = ( 12.755 - 10.000 ) 
    Source Clock Delay      (SCD):    3.049ns
    Clock Pessimism Removal (CPR):    0.230ns
  Clock Uncertainty:      0.154ns  ((TSJ^2 + TIJ^2)^1/2 + DJ) / 2 + PE
    Total System Jitter     (TSJ):    0.071ns
    Total Input Jitter      (TIJ):    0.300ns
    Discrete Jitter          (DJ):    0.000ns
    Phase Error              (PE):    0.000ns

    Location             Delay type                Incr(ns)  Path(ns)    Netlist Resource(s)
  -------------------------------------------------------------------    -------------------
                         (clock clk_fpga_0 rise edge)
                                                      0.000     0.000 r  
    PS7_X0Y0             PS7                          0.000     0.000 r  gru_bin_version_i/processing_system7_0/inst/PS7_i/FCLKCLK[0]
                         net (fo=1, routed)           1.193     1.193    gru_bin_version_i/processing_system7_0/inst/FCLK_CLK_unbuffered[0]
    BUFGCTRL_X0Y16       BUFG (Prop_bufg_I_O)         0.101     1.294 r  gru_bin_version_i/processing_system7_0/inst/buffer_fclk_clk_0.FCLK_CLK_0_BUFG/O
                         net (fo=22708, routed)       1.755     3.049    gru_bin_version_wrapper/gru_bin_version/gru_bin_version_axi_mem_intercon_0/s00_couplers_imp_1UT69KP/gru_bin_version_axi_mem_intercon_imp_auto_pc_0/gru_bin_version_axi_mem_intercon_imp_auto_pc_0_axi_protocol_converter_v2_1_37_axi_protocol_converter/gru_bin_version_axi_mem_intercon_imp_auto_pc_0_axi_protocol_converter_v2_1_37_axi3_conv/gru_bin_version_axi_mem_intercon_imp_auto_pc_0_axi_protocol_converter_v2_1_37_a_axi3_conv/gru_bin_version_axi_mem_intercon_imp_auto_pc_0_axi_data_fifo_v2_1_36_axic_fifo/gru_bin_version_axi_mem_intercon_imp_auto_pc_0_axi_data_fifo_v2_1_36_fifo_gen/<hidden>/<hidden>/<hidden>/<hidden>/<hidden>/<hidden>
    SLICE_X19Y42         FDPE                                         r  gru_bin_version_wrapper/gru_bin_version/gru_bin_version_axi_mem_intercon_0/s00_couplers_imp_1UT69KP/gru_bin_version_axi_mem_intercon_imp_auto_pc_0/gru_bin_version_axi_mem_intercon_imp_auto_pc_0_axi_protocol_converter_v2_1_37_axi_protocol_converter/gru_bin_version_axi_mem_intercon_imp_auto_pc_0_axi_protocol_converter_v2_1_37_axi3_conv/gru_bin_version_axi_mem_intercon_imp_auto_pc_0_axi_protocol_converter_v2_1_37_a_axi3_conv/gru_bin_version_axi_mem_intercon_imp_auto_pc_0_axi_data_fifo_v2_1_36_axic_fifo/gru_bin_version_axi_mem_intercon_imp_auto_pc_0_axi_data_fifo_v2_1_36_fifo_gen/<hidden>/<hidden>/<hidden>/<hidden>/<hidden>/<hidden>
  -------------------------------------------------------------------    -------------------
    SLICE_X19Y42         FDPE (Prop_fdpe_C_Q)         0.419     3.468 f  gru_bin_version_wrapper/gru_bin_version/gru_bin_version_axi_mem_intercon_0/s00_couplers_imp_1UT69KP/gru_bin_version_axi_mem_intercon_imp_auto_pc_0/gru_bin_version_axi_mem_intercon_imp_auto_pc_0_axi_protocol_converter_v2_1_37_axi_protocol_converter/gru_bin_version_axi_mem_intercon_imp_auto_pc_0_axi_protocol_converter_v2_1_37_axi3_conv/gru_bin_version_axi_mem_intercon_imp_auto_pc_0_axi_protocol_converter_v2_1_37_a_axi3_conv/gru_bin_version_axi_mem_intercon_imp_auto_pc_0_axi_data_fifo_v2_1_36_axic_fifo/gru_bin_version_axi_mem_intercon_imp_auto_pc_0_axi_data_fifo_v2_1_36_fifo_gen/<hidden>/<hidden>/<hidden>/<hidden>/<hidden>/<hidden>
                         net (fo=2, routed)           0.736     4.204    gru_bin_version_wrapper/gru_bin_version/gru_bin_version_axi_mem_intercon_0/s00_couplers_imp_1UT69KP/gru_bin_version_axi_mem_intercon_imp_auto_pc_0/gru_bin_version_axi_mem_intercon_imp_auto_pc_0_axi_protocol_converter_v2_1_37_axi_protocol_converter/gru_bin_version_axi_mem_intercon_imp_auto_pc_0_axi_protocol_converter_v2_1_37_axi3_conv/gru_bin_version_axi_mem_intercon_imp_auto_pc_0_axi_protocol_converter_v2_1_37_a_axi3_conv/gru_bin_version_axi_mem_intercon_imp_auto_pc_0_axi_data_fifo_v2_1_36_axic_fifo/gru_bin_version_axi_mem_intercon_imp_auto_pc_0_axi_data_fifo_v2_1_36_fifo_gen/<hidden>/<hidden>/<hidden>/<hidden>/<hidden>
    SLICE_X19Y41         LUT3 (Prop_lut3_I2_O)        0.299     4.503 f  gru_bin_version_wrapper/gru_bin_version/gru_bin_version_axi_mem_intercon_0/s00_couplers_imp_1UT69KP/gru_bin_version_axi_mem_intercon_imp_auto_pc_0/gru_bin_version_axi_mem_intercon_imp_auto_pc_0_axi_protocol_converter_v2_1_37_axi_protocol_converter/gru_bin_version_axi_mem_intercon_imp_auto_pc_0_axi_protocol_converter_v2_1_37_axi3_conv/gru_bin_version_axi_mem_intercon_imp_auto_pc_0_axi_protocol_converter_v2_1_37_a_axi3_conv/gru_bin_version_axi_mem_intercon_imp_auto_pc_0_axi_data_fifo_v2_1_36_axic_fifo/gru_bin_version_axi_mem_intercon_imp_auto_pc_0_axi_data_fifo_v2_1_36_fifo_gen/<hidden>/<hidden>/<hidden>/<hidden>/<hidden>
                         net (fo=33, routed)          0.981     5.484    gru_bin_version_wrapper/gru_bin_version/gru_bin_version_axi_mem_intercon_0/s00_couplers_imp_1UT69KP/gru_bin_version_axi_mem_intercon_imp_auto_pc_0/gru_bin_version_axi_mem_intercon_imp_auto_pc_0_axi_protocol_converter_v2_1_37_axi_protocol_converter/gru_bin_version_axi_mem_intercon_imp_auto_pc_0_axi_protocol_converter_v2_1_37_axi3_conv/gru_bin_version_axi_mem_intercon_imp_auto_pc_0_axi_protocol_converter_v2_1_37_a_axi3_conv/gru_bin_version_axi_mem_intercon_imp_auto_pc_0_axi_data_fifo_v2_1_36_axic_fifo/gru_bin_version_axi_mem_intercon_imp_auto_pc_0_axi_data_fifo_v2_1_36_fifo_gen/<hidden>/<hidden>/<hidden>/<hidden>/<hidden>/<hidden>
    SLICE_X15Y37         FDPE                                         f  gru_bin_version_wrapper/gru_bin_version/gru_bin_version_axi_mem_intercon_0/s00_couplers_imp_1UT69KP/gru_bin_version_axi_mem_intercon_imp_auto_pc_0/gru_bin_version_axi_mem_intercon_imp_auto_pc_0_axi_protocol_converter_v2_1_37_axi_protocol_converter/gru_bin_version_axi_mem_intercon_imp_auto_pc_0_axi_protocol_converter_v2_1_37_axi3_conv/gru_bin_version_axi_mem_intercon_imp_auto_pc_0_axi_protocol_converter_v2_1_37_a_axi3_conv/gru_bin_version_axi_mem_intercon_imp_auto_pc_0_axi_data_fifo_v2_1_36_axic_fifo/gru_bin_version_axi_mem_intercon_imp_auto_pc_0_axi_data_fifo_v2_1_36_fifo_gen/<hidden>/<hidden>/<hidden>/<hidden>/<hidden>/<hidden>
  -------------------------------------------------------------------    -------------------

                         (clock clk_fpga_0 rise edge)
                                                     10.000    10.000 r  
    PS7_X0Y0             PS7                          0.000    10.000 r  gru_bin_version_i/processing_system7_0/inst/PS7_i/FCLKCLK[0]
                         net (fo=1, routed)           1.088    11.088    gru_bin_version_i/processing_system7_0/inst/FCLK_CLK_unbuffered[0]
    BUFGCTRL_X0Y16       BUFG (Prop_bufg_I_O)         0.091    11.179 r  gru_bin_version_i/processing_system7_0/inst/buffer_fclk_clk_0.FCLK_CLK_0_BUFG/O
                         net (fo=22708, routed)       1.576    12.755    gru_bin_version_wrapper/gru_bin_version/gru_bin_version_axi_mem_intercon_0/s00_couplers_imp_1UT69KP/gru_bin_version_axi_mem_intercon_imp_auto_pc_0/gru_bin_version_axi_mem_intercon_imp_auto_pc_0_axi_protocol_converter_v2_1_37_axi_protocol_converter/gru_bin_version_axi_mem_intercon_imp_auto_pc_0_axi_protocol_converter_v2_1_37_axi3_conv/gru_bin_version_axi_mem_intercon_imp_auto_pc_0_axi_protocol_converter_v2_1_37_a_axi3_conv/gru_bin_version_axi_mem_intercon_imp_auto_pc_0_axi_data_fifo_v2_1_36_axic_fifo/gru_bin_version_axi_mem_intercon_imp_auto_pc_0_axi_data_fifo_v2_1_36_fifo_gen/<hidden>/<hidden>/<hidden>/<hidden>/<hidden>/<hidden>
    SLICE_X15Y37         FDPE                                         r  gru_bin_version_wrapper/gru_bin_version/gru_bin_version_axi_mem_intercon_0/s00_couplers_imp_1UT69KP/gru_bin_version_axi_mem_intercon_imp_auto_pc_0/gru_bin_version_axi_mem_intercon_imp_auto_pc_0_axi_protocol_converter_v2_1_37_axi_protocol_converter/gru_bin_version_axi_mem_intercon_imp_auto_pc_0_axi_protocol_converter_v2_1_37_axi3_conv/gru_bin_version_axi_mem_intercon_imp_auto_pc_0_axi_protocol_converter_v2_1_37_a_axi3_conv/gru_bin_version_axi_mem_intercon_imp_auto_pc_0_axi_data_fifo_v2_1_36_axic_fifo/gru_bin_version_axi_mem_intercon_imp_auto_pc_0_axi_data_fifo_v2_1_36_fifo_gen/<hidden>/<hidden>/<hidden>/<hidden>/<hidden>/<hidden>
                         clock pessimism              0.230    12.985    
                         clock uncertainty           -0.154    12.831    
    SLICE_X15Y37         FDPE (Recov_fdpe_C_PRE)     -0.359    12.472    gru_bin_version_wrapper/gru_bin_version/gru_bin_version_axi_mem_intercon_0/s00_couplers_imp_1UT69KP/gru_bin_version_axi_mem_intercon_imp_auto_pc_0/gru_bin_version_axi_mem_intercon_imp_auto_pc_0_axi_protocol_converter_v2_1_37_axi_protocol_converter/gru_bin_version_axi_mem_intercon_imp_auto_pc_0_axi_protocol_converter_v2_1_37_axi3_conv/gru_bin_version_axi_mem_intercon_imp_auto_pc_0_axi_protocol_converter_v2_1_37_a_axi3_conv/gru_bin_version_axi_mem_intercon_imp_auto_pc_0_axi_data_fifo_v2_1_36_axic_fifo/gru_bin_version_axi_mem_intercon_imp_auto_pc_0_axi_data_fifo_v2_1_36_fifo_gen/<hidden>/<hidden>/<hidden>/<hidden>/<hidden>/<hidden>
  -------------------------------------------------------------------
                         required time                         12.472    
                         arrival time                          -5.484    
  -------------------------------------------------------------------
                         slack                                  6.988    

Slack (MET) :             7.012ns  (required time - arrival time)
  Source:                 gru_bin_version_wrapper/gru_bin_version/gru_bin_version_axi_mem_intercon_0/s01_couplers_imp_NNMS53/gru_bin_version_axi_mem_intercon_imp_auto_pc_1/gru_bin_version_axi_mem_intercon_imp_auto_pc_1_axi_protocol_converter_v2_1_37_axi_protocol_converter/gru_bin_version_axi_mem_intercon_imp_auto_pc_1_axi_protocol_converter_v2_1_37_axi3_conv/gru_bin_version_axi_mem_intercon_imp_auto_pc_1_axi_protocol_converter_v2_1_37_a_axi3_conv/gru_bin_version_axi_mem_intercon_imp_auto_pc_1_axi_data_fifo_v2_1_36_axic_fifo/gru_bin_version_axi_mem_intercon_imp_auto_pc_1_axi_data_fifo_v2_1_36_fifo_gen_1/<hidden>/<hidden>/<hidden>/<hidden>/<hidden>/<hidden>
                            (rising edge-triggered cell FDPE clocked by clk_fpga_0  {rise@0.000ns fall@5.000ns period=10.000ns})
  Destination:            gru_bin_version_wrapper/gru_bin_version/gru_bin_version_axi_mem_intercon_0/s01_couplers_imp_NNMS53/gru_bin_version_axi_mem_intercon_imp_auto_pc_1/gru_bin_version_axi_mem_intercon_imp_auto_pc_1_axi_protocol_converter_v2_1_37_axi_protocol_converter/gru_bin_version_axi_mem_intercon_imp_auto_pc_1_axi_protocol_converter_v2_1_37_axi3_conv/gru_bin_version_axi_mem_intercon_imp_auto_pc_1_axi_protocol_converter_v2_1_37_a_axi3_conv/gru_bin_version_axi_mem_intercon_imp_auto_pc_1_axi_data_fifo_v2_1_36_axic_fifo/gru_bin_version_axi_mem_intercon_imp_auto_pc_1_axi_data_fifo_v2_1_36_fifo_gen_1/<hidden>/<hidden>/<hidden>/<hidden>/<hidden>/<hidden>
                            (recovery check against rising-edge clock clk_fpga_0  {rise@0.000ns fall@5.000ns period=10.000ns})
  Path Group:             **async_default**
  Path Type:              Recovery (Max at Slow Process Corner)
  Requirement:            10.000ns  (clk_fpga_0 rise@10.000ns - clk_fpga_0 rise@0.000ns)
  Data Path Delay:        2.402ns  (logic 0.718ns (29.898%)  route 1.684ns (70.102%))
  Logic Levels:           1  (LUT3=1)
  Clock Path Skew:        -0.027ns (DCD - SCD + CPR)
    Destination Clock Delay (DCD):    2.755ns = ( 12.755 - 10.000 ) 
    Source Clock Delay      (SCD):    3.048ns
    Clock Pessimism Removal (CPR):    0.266ns
  Clock Uncertainty:      0.154ns  ((TSJ^2 + TIJ^2)^1/2 + DJ) / 2 + PE
    Total System Jitter     (TSJ):    0.071ns
    Total Input Jitter      (TIJ):    0.300ns
    Discrete Jitter          (DJ):    0.000ns
    Phase Error              (PE):    0.000ns

    Location             Delay type                Incr(ns)  Path(ns)    Netlist Resource(s)
  -------------------------------------------------------------------    -------------------
                         (clock clk_fpga_0 rise edge)
                                                      0.000     0.000 r  
    PS7_X0Y0             PS7                          0.000     0.000 r  gru_bin_version_i/processing_system7_0/inst/PS7_i/FCLKCLK[0]
                         net (fo=1, routed)           1.193     1.193    gru_bin_version_i/processing_system7_0/inst/FCLK_CLK_unbuffered[0]
    BUFGCTRL_X0Y16       BUFG (Prop_bufg_I_O)         0.101     1.294 r  gru_bin_version_i/processing_system7_0/inst/buffer_fclk_clk_0.FCLK_CLK_0_BUFG/O
                         net (fo=22708, routed)       1.754     3.048    gru_bin_version_wrapper/gru_bin_version/gru_bin_version_axi_mem_intercon_0/s01_couplers_imp_NNMS53/gru_bin_version_axi_mem_intercon_imp_auto_pc_1/gru_bin_version_axi_mem_intercon_imp_auto_pc_1_axi_protocol_converter_v2_1_37_axi_protocol_converter/gru_bin_version_axi_mem_intercon_imp_auto_pc_1_axi_protocol_converter_v2_1_37_axi3_conv/gru_bin_version_axi_mem_intercon_imp_auto_pc_1_axi_protocol_converter_v2_1_37_a_axi3_conv/gru_bin_version_axi_mem_intercon_imp_auto_pc_1_axi_data_fifo_v2_1_36_axic_fifo/gru_bin_version_axi_mem_intercon_imp_auto_pc_1_axi_data_fifo_v2_1_36_fifo_gen_1/<hidden>/<hidden>/<hidden>/<hidden>/<hidden>/<hidden>
    SLICE_X11Y38         FDPE                                         r  gru_bin_version_wrapper/gru_bin_version/gru_bin_version_axi_mem_intercon_0/s01_couplers_imp_NNMS53/gru_bin_version_axi_mem_intercon_imp_auto_pc_1/gru_bin_version_axi_mem_intercon_imp_auto_pc_1_axi_protocol_converter_v2_1_37_axi_protocol_converter/gru_bin_version_axi_mem_intercon_imp_auto_pc_1_axi_protocol_converter_v2_1_37_axi3_conv/gru_bin_version_axi_mem_intercon_imp_auto_pc_1_axi_protocol_converter_v2_1_37_a_axi3_conv/gru_bin_version_axi_mem_intercon_imp_auto_pc_1_axi_data_fifo_v2_1_36_axic_fifo/gru_bin_version_axi_mem_intercon_imp_auto_pc_1_axi_data_fifo_v2_1_36_fifo_gen_1/<hidden>/<hidden>/<hidden>/<hidden>/<hidden>/<hidden>
  -------------------------------------------------------------------    -------------------
    SLICE_X11Y38         FDPE (Prop_fdpe_C_Q)         0.419     3.467 f  gru_bin_version_wrapper/gru_bin_version/gru_bin_version_axi_mem_intercon_0/s01_couplers_imp_NNMS53/gru_bin_version_axi_mem_intercon_imp_auto_pc_1/gru_bin_version_axi_mem_intercon_imp_auto_pc_1_axi_protocol_converter_v2_1_37_axi_protocol_converter/gru_bin_version_axi_mem_intercon_imp_auto_pc_1_axi_protocol_converter_v2_1_37_axi3_conv/gru_bin_version_axi_mem_intercon_imp_auto_pc_1_axi_protocol_converter_v2_1_37_a_axi3_conv/gru_bin_version_axi_mem_intercon_imp_auto_pc_1_axi_data_fifo_v2_1_36_axic_fifo/gru_bin_version_axi_mem_intercon_imp_auto_pc_1_axi_data_fifo_v2_1_36_fifo_gen_1/<hidden>/<hidden>/<hidden>/<hidden>/<hidden>/<hidden>
                         net (fo=3, routed)           0.845     4.312    gru_bin_version_wrapper/gru_bin_version/gru_bin_version_axi_mem_intercon_0/s01_couplers_imp_NNMS53/gru_bin_version_axi_mem_intercon_imp_auto_pc_1/gru_bin_version_axi_mem_intercon_imp_auto_pc_1_axi_protocol_converter_v2_1_37_axi_protocol_converter/gru_bin_version_axi_mem_intercon_imp_auto_pc_1_axi_protocol_converter_v2_1_37_axi3_conv/gru_bin_version_axi_mem_intercon_imp_auto_pc_1_axi_protocol_converter_v2_1_37_a_axi3_conv/gru_bin_version_axi_mem_intercon_imp_auto_pc_1_axi_data_fifo_v2_1_36_axic_fifo/gru_bin_version_axi_mem_intercon_imp_auto_pc_1_axi_data_fifo_v2_1_36_fifo_gen_1/<hidden>/<hidden>/<hidden>/<hidden>/<hidden>
    SLICE_X9Y38          LUT3 (Prop_lut3_I2_O)        0.299     4.611 f  gru_bin_version_wrapper/gru_bin_version/gru_bin_version_axi_mem_intercon_0/s01_couplers_imp_NNMS53/gru_bin_version_axi_mem_intercon_imp_auto_pc_1/gru_bin_version_axi_mem_intercon_imp_auto_pc_1_axi_protocol_converter_v2_1_37_axi_protocol_converter/gru_bin_version_axi_mem_intercon_imp_auto_pc_1_axi_protocol_converter_v2_1_37_axi3_conv/gru_bin_version_axi_mem_intercon_imp_auto_pc_1_axi_protocol_converter_v2_1_37_a_axi3_conv/gru_bin_version_axi_mem_intercon_imp_auto_pc_1_axi_data_fifo_v2_1_36_axic_fifo/gru_bin_version_axi_mem_intercon_imp_auto_pc_1_axi_data_fifo_v2_1_36_fifo_gen_1/<hidden>/<hidden>/<hidden>/<hidden>/<hidden>
                         net (fo=32, routed)          0.838     5.450    gru_bin_version_wrapper/gru_bin_version/gru_bin_version_axi_mem_intercon_0/s01_couplers_imp_NNMS53/gru_bin_version_axi_mem_intercon_imp_auto_pc_1/gru_bin_version_axi_mem_intercon_imp_auto_pc_1_axi_protocol_converter_v2_1_37_axi_protocol_converter/gru_bin_version_axi_mem_intercon_imp_auto_pc_1_axi_protocol_converter_v2_1_37_axi3_conv/gru_bin_version_axi_mem_intercon_imp_auto_pc_1_axi_protocol_converter_v2_1_37_a_axi3_conv/gru_bin_version_axi_mem_intercon_imp_auto_pc_1_axi_data_fifo_v2_1_36_axic_fifo/gru_bin_version_axi_mem_intercon_imp_auto_pc_1_axi_data_fifo_v2_1_36_fifo_gen_1/<hidden>/<hidden>/<hidden>/<hidden>/<hidden>/<hidden>
    SLICE_X11Y36         FDCE                                         f  gru_bin_version_wrapper/gru_bin_version/gru_bin_version_axi_mem_intercon_0/s01_couplers_imp_NNMS53/gru_bin_version_axi_mem_intercon_imp_auto_pc_1/gru_bin_version_axi_mem_intercon_imp_auto_pc_1_axi_protocol_converter_v2_1_37_axi_protocol_converter/gru_bin_version_axi_mem_intercon_imp_auto_pc_1_axi_protocol_converter_v2_1_37_axi3_conv/gru_bin_version_axi_mem_intercon_imp_auto_pc_1_axi_protocol_converter_v2_1_37_a_axi3_conv/gru_bin_version_axi_mem_intercon_imp_auto_pc_1_axi_data_fifo_v2_1_36_axic_fifo/gru_bin_version_axi_mem_intercon_imp_auto_pc_1_axi_data_fifo_v2_1_36_fifo_gen_1/<hidden>/<hidden>/<hidden>/<hidden>/<hidden>/<hidden>
  -------------------------------------------------------------------    -------------------

                         (clock clk_fpga_0 rise edge)
                                                     10.000    10.000 r  
    PS7_X0Y0             PS7                          0.000    10.000 r  gru_bin_version_i/processing_system7_0/inst/PS7_i/FCLKCLK[0]
                         net (fo=1, routed)           1.088    11.088    gru_bin_version_i/processing_system7_0/inst/FCLK_CLK_unbuffered[0]
    BUFGCTRL_X0Y16       BUFG (Prop_bufg_I_O)         0.091    11.179 r  gru_bin_version_i/processing_system7_0/inst/buffer_fclk_clk_0.FCLK_CLK_0_BUFG/O
                         net (fo=22708, routed)       1.576    12.755    gru_bin_version_wrapper/gru_bin_version/gru_bin_version_axi_mem_intercon_0/s01_couplers_imp_NNMS53/gru_bin_version_axi_mem_intercon_imp_auto_pc_1/gru_bin_version_axi_mem_intercon_imp_auto_pc_1_axi_protocol_converter_v2_1_37_axi_protocol_converter/gru_bin_version_axi_mem_intercon_imp_auto_pc_1_axi_protocol_converter_v2_1_37_axi3_conv/gru_bin_version_axi_mem_intercon_imp_auto_pc_1_axi_protocol_converter_v2_1_37_a_axi3_conv/gru_bin_version_axi_mem_intercon_imp_auto_pc_1_axi_data_fifo_v2_1_36_axic_fifo/gru_bin_version_axi_mem_intercon_imp_auto_pc_1_axi_data_fifo_v2_1_36_fifo_gen_1/<hidden>/<hidden>/<hidden>/<hidden>/<hidden>/<hidden>
    SLICE_X11Y36         FDCE                                         r  gru_bin_version_wrapper/gru_bin_version/gru_bin_version_axi_mem_intercon_0/s01_couplers_imp_NNMS53/gru_bin_version_axi_mem_intercon_imp_auto_pc_1/gru_bin_version_axi_mem_intercon_imp_auto_pc_1_axi_protocol_converter_v2_1_37_axi_protocol_converter/gru_bin_version_axi_mem_intercon_imp_auto_pc_1_axi_protocol_converter_v2_1_37_axi3_conv/gru_bin_version_axi_mem_intercon_imp_auto_pc_1_axi_protocol_converter_v2_1_37_a_axi3_conv/gru_bin_version_axi_mem_intercon_imp_auto_pc_1_axi_data_fifo_v2_1_36_axic_fifo/gru_bin_version_axi_mem_intercon_imp_auto_pc_1_axi_data_fifo_v2_1_36_fifo_gen_1/<hidden>/<hidden>/<hidden>/<hidden>/<hidden>/<hidden>
                         clock pessimism              0.266    13.021    
                         clock uncertainty           -0.154    12.867    
    SLICE_X11Y36         FDCE (Recov_fdce_C_CLR)     -0.405    12.462    gru_bin_version_wrapper/gru_bin_version/gru_bin_version_axi_mem_intercon_0/s01_couplers_imp_NNMS53/gru_bin_version_axi_mem_intercon_imp_auto_pc_1/gru_bin_version_axi_mem_intercon_imp_auto_pc_1_axi_protocol_converter_v2_1_37_axi_protocol_converter/gru_bin_version_axi_mem_intercon_imp_auto_pc_1_axi_protocol_converter_v2_1_37_axi3_conv/gru_bin_version_axi_mem_intercon_imp_auto_pc_1_axi_protocol_converter_v2_1_37_a_axi3_conv/gru_bin_version_axi_mem_intercon_imp_auto_pc_1_axi_data_fifo_v2_1_36_axic_fifo/gru_bin_version_axi_mem_intercon_imp_auto_pc_1_axi_data_fifo_v2_1_36_fifo_gen_1/<hidden>/<hidden>/<hidden>/<hidden>/<hidden>/<hidden>
  -------------------------------------------------------------------
                         required time                         12.462    
                         arrival time                          -5.450    
  -------------------------------------------------------------------
                         slack                                  7.012    

Slack (MET) :             7.012ns  (required time - arrival time)
  Source:                 gru_bin_version_wrapper/gru_bin_version/gru_bin_version_axi_mem_intercon_0/s01_couplers_imp_NNMS53/gru_bin_version_axi_mem_intercon_imp_auto_pc_1/gru_bin_version_axi_mem_intercon_imp_auto_pc_1_axi_protocol_converter_v2_1_37_axi_protocol_converter/gru_bin_version_axi_mem_intercon_imp_auto_pc_1_axi_protocol_converter_v2_1_37_axi3_conv/gru_bin_version_axi_mem_intercon_imp_auto_pc_1_axi_protocol_converter_v2_1_37_a_axi3_conv/gru_bin_version_axi_mem_intercon_imp_auto_pc_1_axi_data_fifo_v2_1_36_axic_fifo/gru_bin_version_axi_mem_intercon_imp_auto_pc_1_axi_data_fifo_v2_1_36_fifo_gen_1/<hidden>/<hidden>/<hidden>/<hidden>/<hidden>/<hidden>
                            (rising edge-triggered cell FDPE clocked by clk_fpga_0  {rise@0.000ns fall@5.000ns period=10.000ns})
  Destination:            gru_bin_version_wrapper/gru_bin_version/gru_bin_version_axi_mem_intercon_0/s01_couplers_imp_NNMS53/gru_bin_version_axi_mem_intercon_imp_auto_pc_1/gru_bin_version_axi_mem_intercon_imp_auto_pc_1_axi_protocol_converter_v2_1_37_axi_protocol_converter/gru_bin_version_axi_mem_intercon_imp_auto_pc_1_axi_protocol_converter_v2_1_37_axi3_conv/gru_bin_version_axi_mem_intercon_imp_auto_pc_1_axi_protocol_converter_v2_1_37_a_axi3_conv/gru_bin_version_axi_mem_intercon_imp_auto_pc_1_axi_data_fifo_v2_1_36_axic_fifo/gru_bin_version_axi_mem_intercon_imp_auto_pc_1_axi_data_fifo_v2_1_36_fifo_gen_1/<hidden>/<hidden>/<hidden>/<hidden>/<hidden>/<hidden>
                            (recovery check against rising-edge clock clk_fpga_0  {rise@0.000ns fall@5.000ns period=10.000ns})
  Path Group:             **async_default**
  Path Type:              Recovery (Max at Slow Process Corner)
  Requirement:            10.000ns  (clk_fpga_0 rise@10.000ns - clk_fpga_0 rise@0.000ns)
  Data Path Delay:        2.402ns  (logic 0.718ns (29.898%)  route 1.684ns (70.102%))
  Logic Levels:           1  (LUT3=1)
  Clock Path Skew:        -0.027ns (DCD - SCD + CPR)
    Destination Clock Delay (DCD):    2.755ns = ( 12.755 - 10.000 ) 
    Source Clock Delay      (SCD):    3.048ns
    Clock Pessimism Removal (CPR):    0.266ns
  Clock Uncertainty:      0.154ns  ((TSJ^2 + TIJ^2)^1/2 + DJ) / 2 + PE
    Total System Jitter     (TSJ):    0.071ns
    Total Input Jitter      (TIJ):    0.300ns
    Discrete Jitter          (DJ):    0.000ns
    Phase Error              (PE):    0.000ns

    Location             Delay type                Incr(ns)  Path(ns)    Netlist Resource(s)
  -------------------------------------------------------------------    -------------------
                         (clock clk_fpga_0 rise edge)
                                                      0.000     0.000 r  
    PS7_X0Y0             PS7                          0.000     0.000 r  gru_bin_version_i/processing_system7_0/inst/PS7_i/FCLKCLK[0]
                         net (fo=1, routed)           1.193     1.193    gru_bin_version_i/processing_system7_0/inst/FCLK_CLK_unbuffered[0]
    BUFGCTRL_X0Y16       BUFG (Prop_bufg_I_O)         0.101     1.294 r  gru_bin_version_i/processing_system7_0/inst/buffer_fclk_clk_0.FCLK_CLK_0_BUFG/O
                         net (fo=22708, routed)       1.754     3.048    gru_bin_version_wrapper/gru_bin_version/gru_bin_version_axi_mem_intercon_0/s01_couplers_imp_NNMS53/gru_bin_version_axi_mem_intercon_imp_auto_pc_1/gru_bin_version_axi_mem_intercon_imp_auto_pc_1_axi_protocol_converter_v2_1_37_axi_protocol_converter/gru_bin_version_axi_mem_intercon_imp_auto_pc_1_axi_protocol_converter_v2_1_37_axi3_conv/gru_bin_version_axi_mem_intercon_imp_auto_pc_1_axi_protocol_converter_v2_1_37_a_axi3_conv/gru_bin_version_axi_mem_intercon_imp_auto_pc_1_axi_data_fifo_v2_1_36_axic_fifo/gru_bin_version_axi_mem_intercon_imp_auto_pc_1_axi_data_fifo_v2_1_36_fifo_gen_1/<hidden>/<hidden>/<hidden>/<hidden>/<hidden>/<hidden>
    SLICE_X11Y38         FDPE                                         r  gru_bin_version_wrapper/gru_bin_version/gru_bin_version_axi_mem_intercon_0/s01_couplers_imp_NNMS53/gru_bin_version_axi_mem_intercon_imp_auto_pc_1/gru_bin_version_axi_mem_intercon_imp_auto_pc_1_axi_protocol_converter_v2_1_37_axi_protocol_converter/gru_bin_version_axi_mem_intercon_imp_auto_pc_1_axi_protocol_converter_v2_1_37_axi3_conv/gru_bin_version_axi_mem_intercon_imp_auto_pc_1_axi_protocol_converter_v2_1_37_a_axi3_conv/gru_bin_version_axi_mem_intercon_imp_auto_pc_1_axi_data_fifo_v2_1_36_axic_fifo/gru_bin_version_axi_mem_intercon_imp_auto_pc_1_axi_data_fifo_v2_1_36_fifo_gen_1/<hidden>/<hidden>/<hidden>/<hidden>/<hidden>/<hidden>
  -------------------------------------------------------------------    -------------------
    SLICE_X11Y38         FDPE (Prop_fdpe_C_Q)         0.419     3.467 f  gru_bin_version_wrapper/gru_bin_version/gru_bin_version_axi_mem_intercon_0/s01_couplers_imp_NNMS53/gru_bin_version_axi_mem_intercon_imp_auto_pc_1/gru_bin_version_axi_mem_intercon_imp_auto_pc_1_axi_protocol_converter_v2_1_37_axi_protocol_converter/gru_bin_version_axi_mem_intercon_imp_auto_pc_1_axi_protocol_converter_v2_1_37_axi3_conv/gru_bin_version_axi_mem_intercon_imp_auto_pc_1_axi_protocol_converter_v2_1_37_a_axi3_conv/gru_bin_version_axi_mem_intercon_imp_auto_pc_1_axi_data_fifo_v2_1_36_axic_fifo/gru_bin_version_axi_mem_intercon_imp_auto_pc_1_axi_data_fifo_v2_1_36_fifo_gen_1/<hidden>/<hidden>/<hidden>/<hidden>/<hidden>/<hidden>
                         net (fo=3, routed)           0.845     4.312    gru_bin_version_wrapper/gru_bin_version/gru_bin_version_axi_mem_intercon_0/s01_couplers_imp_NNMS53/gru_bin_version_axi_mem_intercon_imp_auto_pc_1/gru_bin_version_axi_mem_intercon_imp_auto_pc_1_axi_protocol_converter_v2_1_37_axi_protocol_converter/gru_bin_version_axi_mem_intercon_imp_auto_pc_1_axi_protocol_converter_v2_1_37_axi3_conv/gru_bin_version_axi_mem_intercon_imp_auto_pc_1_axi_protocol_converter_v2_1_37_a_axi3_conv/gru_bin_version_axi_mem_intercon_imp_auto_pc_1_axi_data_fifo_v2_1_36_axic_fifo/gru_bin_version_axi_mem_intercon_imp_auto_pc_1_axi_data_fifo_v2_1_36_fifo_gen_1/<hidden>/<hidden>/<hidden>/<hidden>/<hidden>
    SLICE_X9Y38          LUT3 (Prop_lut3_I2_O)        0.299     4.611 f  gru_bin_version_wrapper/gru_bin_version/gru_bin_version_axi_mem_intercon_0/s01_couplers_imp_NNMS53/gru_bin_version_axi_mem_intercon_imp_auto_pc_1/gru_bin_version_axi_mem_intercon_imp_auto_pc_1_axi_protocol_converter_v2_1_37_axi_protocol_converter/gru_bin_version_axi_mem_intercon_imp_auto_pc_1_axi_protocol_converter_v2_1_37_axi3_conv/gru_bin_version_axi_mem_intercon_imp_auto_pc_1_axi_protocol_converter_v2_1_37_a_axi3_conv/gru_bin_version_axi_mem_intercon_imp_auto_pc_1_axi_data_fifo_v2_1_36_axic_fifo/gru_bin_version_axi_mem_intercon_imp_auto_pc_1_axi_data_fifo_v2_1_36_fifo_gen_1/<hidden>/<hidden>/<hidden>/<hidden>/<hidden>
                         net (fo=32, routed)          0.838     5.450    gru_bin_version_wrapper/gru_bin_version/gru_bin_version_axi_mem_intercon_0/s01_couplers_imp_NNMS53/gru_bin_version_axi_mem_intercon_imp_auto_pc_1/gru_bin_version_axi_mem_intercon_imp_auto_pc_1_axi_protocol_converter_v2_1_37_axi_protocol_converter/gru_bin_version_axi_mem_intercon_imp_auto_pc_1_axi_protocol_converter_v2_1_37_axi3_conv/gru_bin_version_axi_mem_intercon_imp_auto_pc_1_axi_protocol_converter_v2_1_37_a_axi3_conv/gru_bin_version_axi_mem_intercon_imp_auto_pc_1_axi_data_fifo_v2_1_36_axic_fifo/gru_bin_version_axi_mem_intercon_imp_auto_pc_1_axi_data_fifo_v2_1_36_fifo_gen_1/<hidden>/<hidden>/<hidden>/<hidden>/<hidden>/<hidden>
    SLICE_X11Y36         FDCE                                         f  gru_bin_version_wrapper/gru_bin_version/gru_bin_version_axi_mem_intercon_0/s01_couplers_imp_NNMS53/gru_bin_version_axi_mem_intercon_imp_auto_pc_1/gru_bin_version_axi_mem_intercon_imp_auto_pc_1_axi_protocol_converter_v2_1_37_axi_protocol_converter/gru_bin_version_axi_mem_intercon_imp_auto_pc_1_axi_protocol_converter_v2_1_37_axi3_conv/gru_bin_version_axi_mem_intercon_imp_auto_pc_1_axi_protocol_converter_v2_1_37_a_axi3_conv/gru_bin_version_axi_mem_intercon_imp_auto_pc_1_axi_data_fifo_v2_1_36_axic_fifo/gru_bin_version_axi_mem_intercon_imp_auto_pc_1_axi_data_fifo_v2_1_36_fifo_gen_1/<hidden>/<hidden>/<hidden>/<hidden>/<hidden>/<hidden>
  -------------------------------------------------------------------    -------------------

                         (clock clk_fpga_0 rise edge)
                                                     10.000    10.000 r  
    PS7_X0Y0             PS7                          0.000    10.000 r  gru_bin_version_i/processing_system7_0/inst/PS7_i/FCLKCLK[0]
                         net (fo=1, routed)           1.088    11.088    gru_bin_version_i/processing_system7_0/inst/FCLK_CLK_unbuffered[0]
    BUFGCTRL_X0Y16       BUFG (Prop_bufg_I_O)         0.091    11.179 r  gru_bin_version_i/processing_system7_0/inst/buffer_fclk_clk_0.FCLK_CLK_0_BUFG/O
                         net (fo=22708, routed)       1.576    12.755    gru_bin_version_wrapper/gru_bin_version/gru_bin_version_axi_mem_intercon_0/s01_couplers_imp_NNMS53/gru_bin_version_axi_mem_intercon_imp_auto_pc_1/gru_bin_version_axi_mem_intercon_imp_auto_pc_1_axi_protocol_converter_v2_1_37_axi_protocol_converter/gru_bin_version_axi_mem_intercon_imp_auto_pc_1_axi_protocol_converter_v2_1_37_axi3_conv/gru_bin_version_axi_mem_intercon_imp_auto_pc_1_axi_protocol_converter_v2_1_37_a_axi3_conv/gru_bin_version_axi_mem_intercon_imp_auto_pc_1_axi_data_fifo_v2_1_36_axic_fifo/gru_bin_version_axi_mem_intercon_imp_auto_pc_1_axi_data_fifo_v2_1_36_fifo_gen_1/<hidden>/<hidden>/<hidden>/<hidden>/<hidden>/<hidden>
    SLICE_X11Y36         FDCE                                         r  gru_bin_version_wrapper/gru_bin_version/gru_bin_version_axi_mem_intercon_0/s01_couplers_imp_NNMS53/gru_bin_version_axi_mem_intercon_imp_auto_pc_1/gru_bin_version_axi_mem_intercon_imp_auto_pc_1_axi_protocol_converter_v2_1_37_axi_protocol_converter/gru_bin_version_axi_mem_intercon_imp_auto_pc_1_axi_protocol_converter_v2_1_37_axi3_conv/gru_bin_version_axi_mem_intercon_imp_auto_pc_1_axi_protocol_converter_v2_1_37_a_axi3_conv/gru_bin_version_axi_mem_intercon_imp_auto_pc_1_axi_data_fifo_v2_1_36_axic_fifo/gru_bin_version_axi_mem_intercon_imp_auto_pc_1_axi_data_fifo_v2_1_36_fifo_gen_1/<hidden>/<hidden>/<hidden>/<hidden>/<hidden>/<hidden>
                         clock pessimism              0.266    13.021    
                         clock uncertainty           -0.154    12.867    
    SLICE_X11Y36         FDCE (Recov_fdce_C_CLR)     -0.405    12.462    gru_bin_version_wrapper/gru_bin_version/gru_bin_version_axi_mem_intercon_0/s01_couplers_imp_NNMS53/gru_bin_version_axi_mem_intercon_imp_auto_pc_1/gru_bin_version_axi_mem_intercon_imp_auto_pc_1_axi_protocol_converter_v2_1_37_axi_protocol_converter/gru_bin_version_axi_mem_intercon_imp_auto_pc_1_axi_protocol_converter_v2_1_37_axi3_conv/gru_bin_version_axi_mem_intercon_imp_auto_pc_1_axi_protocol_converter_v2_1_37_a_axi3_conv/gru_bin_version_axi_mem_intercon_imp_auto_pc_1_axi_data_fifo_v2_1_36_axic_fifo/gru_bin_version_axi_mem_intercon_imp_auto_pc_1_axi_data_fifo_v2_1_36_fifo_gen_1/<hidden>/<hidden>/<hidden>/<hidden>/<hidden>/<hidden>
  -------------------------------------------------------------------
                         required time                         12.462    
                         arrival time                          -5.450    
  -------------------------------------------------------------------
                         slack                                  7.012    

Slack (MET) :             7.012ns  (required time - arrival time)
  Source:                 gru_bin_version_wrapper/gru_bin_version/gru_bin_version_axi_mem_intercon_0/s01_couplers_imp_NNMS53/gru_bin_version_axi_mem_intercon_imp_auto_pc_1/gru_bin_version_axi_mem_intercon_imp_auto_pc_1_axi_protocol_converter_v2_1_37_axi_protocol_converter/gru_bin_version_axi_mem_intercon_imp_auto_pc_1_axi_protocol_converter_v2_1_37_axi3_conv/gru_bin_version_axi_mem_intercon_imp_auto_pc_1_axi_protocol_converter_v2_1_37_a_axi3_conv/gru_bin_version_axi_mem_intercon_imp_auto_pc_1_axi_data_fifo_v2_1_36_axic_fifo/gru_bin_version_axi_mem_intercon_imp_auto_pc_1_axi_data_fifo_v2_1_36_fifo_gen_1/<hidden>/<hidden>/<hidden>/<hidden>/<hidden>/<hidden>
                            (rising edge-triggered cell FDPE clocked by clk_fpga_0  {rise@0.000ns fall@5.000ns period=10.000ns})
  Destination:            gru_bin_version_wrapper/gru_bin_version/gru_bin_version_axi_mem_intercon_0/s01_couplers_imp_NNMS53/gru_bin_version_axi_mem_intercon_imp_auto_pc_1/gru_bin_version_axi_mem_intercon_imp_auto_pc_1_axi_protocol_converter_v2_1_37_axi_protocol_converter/gru_bin_version_axi_mem_intercon_imp_auto_pc_1_axi_protocol_converter_v2_1_37_axi3_conv/gru_bin_version_axi_mem_intercon_imp_auto_pc_1_axi_protocol_converter_v2_1_37_a_axi3_conv/gru_bin_version_axi_mem_intercon_imp_auto_pc_1_axi_data_fifo_v2_1_36_axic_fifo/gru_bin_version_axi_mem_intercon_imp_auto_pc_1_axi_data_fifo_v2_1_36_fifo_gen_1/<hidden>/<hidden>/<hidden>/<hidden>/<hidden>/<hidden>
                            (recovery check against rising-edge clock clk_fpga_0  {rise@0.000ns fall@5.000ns period=10.000ns})
  Path Group:             **async_default**
  Path Type:              Recovery (Max at Slow Process Corner)
  Requirement:            10.000ns  (clk_fpga_0 rise@10.000ns - clk_fpga_0 rise@0.000ns)
  Data Path Delay:        2.402ns  (logic 0.718ns (29.898%)  route 1.684ns (70.102%))
  Logic Levels:           1  (LUT3=1)
  Clock Path Skew:        -0.027ns (DCD - SCD + CPR)
    Destination Clock Delay (DCD):    2.755ns = ( 12.755 - 10.000 ) 
    Source Clock Delay      (SCD):    3.048ns
    Clock Pessimism Removal (CPR):    0.266ns
  Clock Uncertainty:      0.154ns  ((TSJ^2 + TIJ^2)^1/2 + DJ) / 2 + PE
    Total System Jitter     (TSJ):    0.071ns
    Total Input Jitter      (TIJ):    0.300ns
    Discrete Jitter          (DJ):    0.000ns
    Phase Error              (PE):    0.000ns

    Location             Delay type                Incr(ns)  Path(ns)    Netlist Resource(s)
  -------------------------------------------------------------------    -------------------
                         (clock clk_fpga_0 rise edge)
                                                      0.000     0.000 r  
    PS7_X0Y0             PS7                          0.000     0.000 r  gru_bin_version_i/processing_system7_0/inst/PS7_i/FCLKCLK[0]
                         net (fo=1, routed)           1.193     1.193    gru_bin_version_i/processing_system7_0/inst/FCLK_CLK_unbuffered[0]
    BUFGCTRL_X0Y16       BUFG (Prop_bufg_I_O)         0.101     1.294 r  gru_bin_version_i/processing_system7_0/inst/buffer_fclk_clk_0.FCLK_CLK_0_BUFG/O
                         net (fo=22708, routed)       1.754     3.048    gru_bin_version_wrapper/gru_bin_version/gru_bin_version_axi_mem_intercon_0/s01_couplers_imp_NNMS53/gru_bin_version_axi_mem_intercon_imp_auto_pc_1/gru_bin_version_axi_mem_intercon_imp_auto_pc_1_axi_protocol_converter_v2_1_37_axi_protocol_converter/gru_bin_version_axi_mem_intercon_imp_auto_pc_1_axi_protocol_converter_v2_1_37_axi3_conv/gru_bin_version_axi_mem_intercon_imp_auto_pc_1_axi_protocol_converter_v2_1_37_a_axi3_conv/gru_bin_version_axi_mem_intercon_imp_auto_pc_1_axi_data_fifo_v2_1_36_axic_fifo/gru_bin_version_axi_mem_intercon_imp_auto_pc_1_axi_data_fifo_v2_1_36_fifo_gen_1/<hidden>/<hidden>/<hidden>/<hidden>/<hidden>/<hidden>
    SLICE_X11Y38         FDPE                                         r  gru_bin_version_wrapper/gru_bin_version/gru_bin_version_axi_mem_intercon_0/s01_couplers_imp_NNMS53/gru_bin_version_axi_mem_intercon_imp_auto_pc_1/gru_bin_version_axi_mem_intercon_imp_auto_pc_1_axi_protocol_converter_v2_1_37_axi_protocol_converter/gru_bin_version_axi_mem_intercon_imp_auto_pc_1_axi_protocol_converter_v2_1_37_axi3_conv/gru_bin_version_axi_mem_intercon_imp_auto_pc_1_axi_protocol_converter_v2_1_37_a_axi3_conv/gru_bin_version_axi_mem_intercon_imp_auto_pc_1_axi_data_fifo_v2_1_36_axic_fifo/gru_bin_version_axi_mem_intercon_imp_auto_pc_1_axi_data_fifo_v2_1_36_fifo_gen_1/<hidden>/<hidden>/<hidden>/<hidden>/<hidden>/<hidden>
  -------------------------------------------------------------------    -------------------
    SLICE_X11Y38         FDPE (Prop_fdpe_C_Q)         0.419     3.467 f  gru_bin_version_wrapper/gru_bin_version/gru_bin_version_axi_mem_intercon_0/s01_couplers_imp_NNMS53/gru_bin_version_axi_mem_intercon_imp_auto_pc_1/gru_bin_version_axi_mem_intercon_imp_auto_pc_1_axi_protocol_converter_v2_1_37_axi_protocol_converter/gru_bin_version_axi_mem_intercon_imp_auto_pc_1_axi_protocol_converter_v2_1_37_axi3_conv/gru_bin_version_axi_mem_intercon_imp_auto_pc_1_axi_protocol_converter_v2_1_37_a_axi3_conv/gru_bin_version_axi_mem_intercon_imp_auto_pc_1_axi_data_fifo_v2_1_36_axic_fifo/gru_bin_version_axi_mem_intercon_imp_auto_pc_1_axi_data_fifo_v2_1_36_fifo_gen_1/<hidden>/<hidden>/<hidden>/<hidden>/<hidden>/<hidden>
                         net (fo=3, routed)           0.845     4.312    gru_bin_version_wrapper/gru_bin_version/gru_bin_version_axi_mem_intercon_0/s01_couplers_imp_NNMS53/gru_bin_version_axi_mem_intercon_imp_auto_pc_1/gru_bin_version_axi_mem_intercon_imp_auto_pc_1_axi_protocol_converter_v2_1_37_axi_protocol_converter/gru_bin_version_axi_mem_intercon_imp_auto_pc_1_axi_protocol_converter_v2_1_37_axi3_conv/gru_bin_version_axi_mem_intercon_imp_auto_pc_1_axi_protocol_converter_v2_1_37_a_axi3_conv/gru_bin_version_axi_mem_intercon_imp_auto_pc_1_axi_data_fifo_v2_1_36_axic_fifo/gru_bin_version_axi_mem_intercon_imp_auto_pc_1_axi_data_fifo_v2_1_36_fifo_gen_1/<hidden>/<hidden>/<hidden>/<hidden>/<hidden>
    SLICE_X9Y38          LUT3 (Prop_lut3_I2_O)        0.299     4.611 f  gru_bin_version_wrapper/gru_bin_version/gru_bin_version_axi_mem_intercon_0/s01_couplers_imp_NNMS53/gru_bin_version_axi_mem_intercon_imp_auto_pc_1/gru_bin_version_axi_mem_intercon_imp_auto_pc_1_axi_protocol_converter_v2_1_37_axi_protocol_converter/gru_bin_version_axi_mem_intercon_imp_auto_pc_1_axi_protocol_converter_v2_1_37_axi3_conv/gru_bin_version_axi_mem_intercon_imp_auto_pc_1_axi_protocol_converter_v2_1_37_a_axi3_conv/gru_bin_version_axi_mem_intercon_imp_auto_pc_1_axi_data_fifo_v2_1_36_axic_fifo/gru_bin_version_axi_mem_intercon_imp_auto_pc_1_axi_data_fifo_v2_1_36_fifo_gen_1/<hidden>/<hidden>/<hidden>/<hidden>/<hidden>
                         net (fo=32, routed)          0.838     5.450    gru_bin_version_wrapper/gru_bin_version/gru_bin_version_axi_mem_intercon_0/s01_couplers_imp_NNMS53/gru_bin_version_axi_mem_intercon_imp_auto_pc_1/gru_bin_version_axi_mem_intercon_imp_auto_pc_1_axi_protocol_converter_v2_1_37_axi_protocol_converter/gru_bin_version_axi_mem_intercon_imp_auto_pc_1_axi_protocol_converter_v2_1_37_axi3_conv/gru_bin_version_axi_mem_intercon_imp_auto_pc_1_axi_protocol_converter_v2_1_37_a_axi3_conv/gru_bin_version_axi_mem_intercon_imp_auto_pc_1_axi_data_fifo_v2_1_36_axic_fifo/gru_bin_version_axi_mem_intercon_imp_auto_pc_1_axi_data_fifo_v2_1_36_fifo_gen_1/<hidden>/<hidden>/<hidden>/<hidden>/<hidden>/<hidden>
    SLICE_X11Y36         FDCE                                         f  gru_bin_version_wrapper/gru_bin_version/gru_bin_version_axi_mem_intercon_0/s01_couplers_imp_NNMS53/gru_bin_version_axi_mem_intercon_imp_auto_pc_1/gru_bin_version_axi_mem_intercon_imp_auto_pc_1_axi_protocol_converter_v2_1_37_axi_protocol_converter/gru_bin_version_axi_mem_intercon_imp_auto_pc_1_axi_protocol_converter_v2_1_37_axi3_conv/gru_bin_version_axi_mem_intercon_imp_auto_pc_1_axi_protocol_converter_v2_1_37_a_axi3_conv/gru_bin_version_axi_mem_intercon_imp_auto_pc_1_axi_data_fifo_v2_1_36_axic_fifo/gru_bin_version_axi_mem_intercon_imp_auto_pc_1_axi_data_fifo_v2_1_36_fifo_gen_1/<hidden>/<hidden>/<hidden>/<hidden>/<hidden>/<hidden>
  -------------------------------------------------------------------    -------------------

                         (clock clk_fpga_0 rise edge)
                                                     10.000    10.000 r  
    PS7_X0Y0             PS7                          0.000    10.000 r  gru_bin_version_i/processing_system7_0/inst/PS7_i/FCLKCLK[0]
                         net (fo=1, routed)           1.088    11.088    gru_bin_version_i/processing_system7_0/inst/FCLK_CLK_unbuffered[0]
    BUFGCTRL_X0Y16       BUFG (Prop_bufg_I_O)         0.091    11.179 r  gru_bin_version_i/processing_system7_0/inst/buffer_fclk_clk_0.FCLK_CLK_0_BUFG/O
                         net (fo=22708, routed)       1.576    12.755    gru_bin_version_wrapper/gru_bin_version/gru_bin_version_axi_mem_intercon_0/s01_couplers_imp_NNMS53/gru_bin_version_axi_mem_intercon_imp_auto_pc_1/gru_bin_version_axi_mem_intercon_imp_auto_pc_1_axi_protocol_converter_v2_1_37_axi_protocol_converter/gru_bin_version_axi_mem_intercon_imp_auto_pc_1_axi_protocol_converter_v2_1_37_axi3_conv/gru_bin_version_axi_mem_intercon_imp_auto_pc_1_axi_protocol_converter_v2_1_37_a_axi3_conv/gru_bin_version_axi_mem_intercon_imp_auto_pc_1_axi_data_fifo_v2_1_36_axic_fifo/gru_bin_version_axi_mem_intercon_imp_auto_pc_1_axi_data_fifo_v2_1_36_fifo_gen_1/<hidden>/<hidden>/<hidden>/<hidden>/<hidden>/<hidden>
    SLICE_X11Y36         FDCE                                         r  gru_bin_version_wrapper/gru_bin_version/gru_bin_version_axi_mem_intercon_0/s01_couplers_imp_NNMS53/gru_bin_version_axi_mem_intercon_imp_auto_pc_1/gru_bin_version_axi_mem_intercon_imp_auto_pc_1_axi_protocol_converter_v2_1_37_axi_protocol_converter/gru_bin_version_axi_mem_intercon_imp_auto_pc_1_axi_protocol_converter_v2_1_37_axi3_conv/gru_bin_version_axi_mem_intercon_imp_auto_pc_1_axi_protocol_converter_v2_1_37_a_axi3_conv/gru_bin_version_axi_mem_intercon_imp_auto_pc_1_axi_data_fifo_v2_1_36_axic_fifo/gru_bin_version_axi_mem_intercon_imp_auto_pc_1_axi_data_fifo_v2_1_36_fifo_gen_1/<hidden>/<hidden>/<hidden>/<hidden>/<hidden>/<hidden>
                         clock pessimism              0.266    13.021    
                         clock uncertainty           -0.154    12.867    
    SLICE_X11Y36         FDCE (Recov_fdce_C_CLR)     -0.405    12.462    gru_bin_version_wrapper/gru_bin_version/gru_bin_version_axi_mem_intercon_0/s01_couplers_imp_NNMS53/gru_bin_version_axi_mem_intercon_imp_auto_pc_1/gru_bin_version_axi_mem_intercon_imp_auto_pc_1_axi_protocol_converter_v2_1_37_axi_protocol_converter/gru_bin_version_axi_mem_intercon_imp_auto_pc_1_axi_protocol_converter_v2_1_37_axi3_conv/gru_bin_version_axi_mem_intercon_imp_auto_pc_1_axi_protocol_converter_v2_1_37_a_axi3_conv/gru_bin_version_axi_mem_intercon_imp_auto_pc_1_axi_data_fifo_v2_1_36_axic_fifo/gru_bin_version_axi_mem_intercon_imp_auto_pc_1_axi_data_fifo_v2_1_36_fifo_gen_1/<hidden>/<hidden>/<hidden>/<hidden>/<hidden>/<hidden>
  -------------------------------------------------------------------
                         required time                         12.462    
                         arrival time                          -5.450    
  -------------------------------------------------------------------
                         slack                                  7.012    

Slack (MET) :             7.012ns  (required time - arrival time)
  Source:                 gru_bin_version_wrapper/gru_bin_version/gru_bin_version_axi_mem_intercon_0/s01_couplers_imp_NNMS53/gru_bin_version_axi_mem_intercon_imp_auto_pc_1/gru_bin_version_axi_mem_intercon_imp_auto_pc_1_axi_protocol_converter_v2_1_37_axi_protocol_converter/gru_bin_version_axi_mem_intercon_imp_auto_pc_1_axi_protocol_converter_v2_1_37_axi3_conv/gru_bin_version_axi_mem_intercon_imp_auto_pc_1_axi_protocol_converter_v2_1_37_a_axi3_conv/gru_bin_version_axi_mem_intercon_imp_auto_pc_1_axi_data_fifo_v2_1_36_axic_fifo/gru_bin_version_axi_mem_intercon_imp_auto_pc_1_axi_data_fifo_v2_1_36_fifo_gen_1/<hidden>/<hidden>/<hidden>/<hidden>/<hidden>/<hidden>
                            (rising edge-triggered cell FDPE clocked by clk_fpga_0  {rise@0.000ns fall@5.000ns period=10.000ns})
  Destination:            gru_bin_version_wrapper/gru_bin_version/gru_bin_version_axi_mem_intercon_0/s01_couplers_imp_NNMS53/gru_bin_version_axi_mem_intercon_imp_auto_pc_1/gru_bin_version_axi_mem_intercon_imp_auto_pc_1_axi_protocol_converter_v2_1_37_axi_protocol_converter/gru_bin_version_axi_mem_intercon_imp_auto_pc_1_axi_protocol_converter_v2_1_37_axi3_conv/gru_bin_version_axi_mem_intercon_imp_auto_pc_1_axi_protocol_converter_v2_1_37_a_axi3_conv/gru_bin_version_axi_mem_intercon_imp_auto_pc_1_axi_data_fifo_v2_1_36_axic_fifo/gru_bin_version_axi_mem_intercon_imp_auto_pc_1_axi_data_fifo_v2_1_36_fifo_gen_1/<hidden>/<hidden>/<hidden>/<hidden>/<hidden>/<hidden>
                            (recovery check against rising-edge clock clk_fpga_0  {rise@0.000ns fall@5.000ns period=10.000ns})
  Path Group:             **async_default**
  Path Type:              Recovery (Max at Slow Process Corner)
  Requirement:            10.000ns  (clk_fpga_0 rise@10.000ns - clk_fpga_0 rise@0.000ns)
  Data Path Delay:        2.402ns  (logic 0.718ns (29.898%)  route 1.684ns (70.102%))
  Logic Levels:           1  (LUT3=1)
  Clock Path Skew:        -0.027ns (DCD - SCD + CPR)
    Destination Clock Delay (DCD):    2.755ns = ( 12.755 - 10.000 ) 
    Source Clock Delay      (SCD):    3.048ns
    Clock Pessimism Removal (CPR):    0.266ns
  Clock Uncertainty:      0.154ns  ((TSJ^2 + TIJ^2)^1/2 + DJ) / 2 + PE
    Total System Jitter     (TSJ):    0.071ns
    Total Input Jitter      (TIJ):    0.300ns
    Discrete Jitter          (DJ):    0.000ns
    Phase Error              (PE):    0.000ns

    Location             Delay type                Incr(ns)  Path(ns)    Netlist Resource(s)
  -------------------------------------------------------------------    -------------------
                         (clock clk_fpga_0 rise edge)
                                                      0.000     0.000 r  
    PS7_X0Y0             PS7                          0.000     0.000 r  gru_bin_version_i/processing_system7_0/inst/PS7_i/FCLKCLK[0]
                         net (fo=1, routed)           1.193     1.193    gru_bin_version_i/processing_system7_0/inst/FCLK_CLK_unbuffered[0]
    BUFGCTRL_X0Y16       BUFG (Prop_bufg_I_O)         0.101     1.294 r  gru_bin_version_i/processing_system7_0/inst/buffer_fclk_clk_0.FCLK_CLK_0_BUFG/O
                         net (fo=22708, routed)       1.754     3.048    gru_bin_version_wrapper/gru_bin_version/gru_bin_version_axi_mem_intercon_0/s01_couplers_imp_NNMS53/gru_bin_version_axi_mem_intercon_imp_auto_pc_1/gru_bin_version_axi_mem_intercon_imp_auto_pc_1_axi_protocol_converter_v2_1_37_axi_protocol_converter/gru_bin_version_axi_mem_intercon_imp_auto_pc_1_axi_protocol_converter_v2_1_37_axi3_conv/gru_bin_version_axi_mem_intercon_imp_auto_pc_1_axi_protocol_converter_v2_1_37_a_axi3_conv/gru_bin_version_axi_mem_intercon_imp_auto_pc_1_axi_data_fifo_v2_1_36_axic_fifo/gru_bin_version_axi_mem_intercon_imp_auto_pc_1_axi_data_fifo_v2_1_36_fifo_gen_1/<hidden>/<hidden>/<hidden>/<hidden>/<hidden>/<hidden>
    SLICE_X11Y38         FDPE                                         r  gru_bin_version_wrapper/gru_bin_version/gru_bin_version_axi_mem_intercon_0/s01_couplers_imp_NNMS53/gru_bin_version_axi_mem_intercon_imp_auto_pc_1/gru_bin_version_axi_mem_intercon_imp_auto_pc_1_axi_protocol_converter_v2_1_37_axi_protocol_converter/gru_bin_version_axi_mem_intercon_imp_auto_pc_1_axi_protocol_converter_v2_1_37_axi3_conv/gru_bin_version_axi_mem_intercon_imp_auto_pc_1_axi_protocol_converter_v2_1_37_a_axi3_conv/gru_bin_version_axi_mem_intercon_imp_auto_pc_1_axi_data_fifo_v2_1_36_axic_fifo/gru_bin_version_axi_mem_intercon_imp_auto_pc_1_axi_data_fifo_v2_1_36_fifo_gen_1/<hidden>/<hidden>/<hidden>/<hidden>/<hidden>/<hidden>
  -------------------------------------------------------------------    -------------------
    SLICE_X11Y38         FDPE (Prop_fdpe_C_Q)         0.419     3.467 f  gru_bin_version_wrapper/gru_bin_version/gru_bin_version_axi_mem_intercon_0/s01_couplers_imp_NNMS53/gru_bin_version_axi_mem_intercon_imp_auto_pc_1/gru_bin_version_axi_mem_intercon_imp_auto_pc_1_axi_protocol_converter_v2_1_37_axi_protocol_converter/gru_bin_version_axi_mem_intercon_imp_auto_pc_1_axi_protocol_converter_v2_1_37_axi3_conv/gru_bin_version_axi_mem_intercon_imp_auto_pc_1_axi_protocol_converter_v2_1_37_a_axi3_conv/gru_bin_version_axi_mem_intercon_imp_auto_pc_1_axi_data_fifo_v2_1_36_axic_fifo/gru_bin_version_axi_mem_intercon_imp_auto_pc_1_axi_data_fifo_v2_1_36_fifo_gen_1/<hidden>/<hidden>/<hidden>/<hidden>/<hidden>/<hidden>
                         net (fo=3, routed)           0.845     4.312    gru_bin_version_wrapper/gru_bin_version/gru_bin_version_axi_mem_intercon_0/s01_couplers_imp_NNMS53/gru_bin_version_axi_mem_intercon_imp_auto_pc_1/gru_bin_version_axi_mem_intercon_imp_auto_pc_1_axi_protocol_converter_v2_1_37_axi_protocol_converter/gru_bin_version_axi_mem_intercon_imp_auto_pc_1_axi_protocol_converter_v2_1_37_axi3_conv/gru_bin_version_axi_mem_intercon_imp_auto_pc_1_axi_protocol_converter_v2_1_37_a_axi3_conv/gru_bin_version_axi_mem_intercon_imp_auto_pc_1_axi_data_fifo_v2_1_36_axic_fifo/gru_bin_version_axi_mem_intercon_imp_auto_pc_1_axi_data_fifo_v2_1_36_fifo_gen_1/<hidden>/<hidden>/<hidden>/<hidden>/<hidden>
    SLICE_X9Y38          LUT3 (Prop_lut3_I2_O)        0.299     4.611 f  gru_bin_version_wrapper/gru_bin_version/gru_bin_version_axi_mem_intercon_0/s01_couplers_imp_NNMS53/gru_bin_version_axi_mem_intercon_imp_auto_pc_1/gru_bin_version_axi_mem_intercon_imp_auto_pc_1_axi_protocol_converter_v2_1_37_axi_protocol_converter/gru_bin_version_axi_mem_intercon_imp_auto_pc_1_axi_protocol_converter_v2_1_37_axi3_conv/gru_bin_version_axi_mem_intercon_imp_auto_pc_1_axi_protocol_converter_v2_1_37_a_axi3_conv/gru_bin_version_axi_mem_intercon_imp_auto_pc_1_axi_data_fifo_v2_1_36_axic_fifo/gru_bin_version_axi_mem_intercon_imp_auto_pc_1_axi_data_fifo_v2_1_36_fifo_gen_1/<hidden>/<hidden>/<hidden>/<hidden>/<hidden>
                         net (fo=32, routed)          0.838     5.450    gru_bin_version_wrapper/gru_bin_version/gru_bin_version_axi_mem_intercon_0/s01_couplers_imp_NNMS53/gru_bin_version_axi_mem_intercon_imp_auto_pc_1/gru_bin_version_axi_mem_intercon_imp_auto_pc_1_axi_protocol_converter_v2_1_37_axi_protocol_converter/gru_bin_version_axi_mem_intercon_imp_auto_pc_1_axi_protocol_converter_v2_1_37_axi3_conv/gru_bin_version_axi_mem_intercon_imp_auto_pc_1_axi_protocol_converter_v2_1_37_a_axi3_conv/gru_bin_version_axi_mem_intercon_imp_auto_pc_1_axi_data_fifo_v2_1_36_axic_fifo/gru_bin_version_axi_mem_intercon_imp_auto_pc_1_axi_data_fifo_v2_1_36_fifo_gen_1/<hidden>/<hidden>/<hidden>/<hidden>/<hidden>/<hidden>
    SLICE_X11Y36         FDCE                                         f  gru_bin_version_wrapper/gru_bin_version/gru_bin_version_axi_mem_intercon_0/s01_couplers_imp_NNMS53/gru_bin_version_axi_mem_intercon_imp_auto_pc_1/gru_bin_version_axi_mem_intercon_imp_auto_pc_1_axi_protocol_converter_v2_1_37_axi_protocol_converter/gru_bin_version_axi_mem_intercon_imp_auto_pc_1_axi_protocol_converter_v2_1_37_axi3_conv/gru_bin_version_axi_mem_intercon_imp_auto_pc_1_axi_protocol_converter_v2_1_37_a_axi3_conv/gru_bin_version_axi_mem_intercon_imp_auto_pc_1_axi_data_fifo_v2_1_36_axic_fifo/gru_bin_version_axi_mem_intercon_imp_auto_pc_1_axi_data_fifo_v2_1_36_fifo_gen_1/<hidden>/<hidden>/<hidden>/<hidden>/<hidden>/<hidden>
  -------------------------------------------------------------------    -------------------

                         (clock clk_fpga_0 rise edge)
                                                     10.000    10.000 r  
    PS7_X0Y0             PS7                          0.000    10.000 r  gru_bin_version_i/processing_system7_0/inst/PS7_i/FCLKCLK[0]
                         net (fo=1, routed)           1.088    11.088    gru_bin_version_i/processing_system7_0/inst/FCLK_CLK_unbuffered[0]
    BUFGCTRL_X0Y16       BUFG (Prop_bufg_I_O)         0.091    11.179 r  gru_bin_version_i/processing_system7_0/inst/buffer_fclk_clk_0.FCLK_CLK_0_BUFG/O
                         net (fo=22708, routed)       1.576    12.755    gru_bin_version_wrapper/gru_bin_version/gru_bin_version_axi_mem_intercon_0/s01_couplers_imp_NNMS53/gru_bin_version_axi_mem_intercon_imp_auto_pc_1/gru_bin_version_axi_mem_intercon_imp_auto_pc_1_axi_protocol_converter_v2_1_37_axi_protocol_converter/gru_bin_version_axi_mem_intercon_imp_auto_pc_1_axi_protocol_converter_v2_1_37_axi3_conv/gru_bin_version_axi_mem_intercon_imp_auto_pc_1_axi_protocol_converter_v2_1_37_a_axi3_conv/gru_bin_version_axi_mem_intercon_imp_auto_pc_1_axi_data_fifo_v2_1_36_axic_fifo/gru_bin_version_axi_mem_intercon_imp_auto_pc_1_axi_data_fifo_v2_1_36_fifo_gen_1/<hidden>/<hidden>/<hidden>/<hidden>/<hidden>/<hidden>
    SLICE_X11Y36         FDCE                                         r  gru_bin_version_wrapper/gru_bin_version/gru_bin_version_axi_mem_intercon_0/s01_couplers_imp_NNMS53/gru_bin_version_axi_mem_intercon_imp_auto_pc_1/gru_bin_version_axi_mem_intercon_imp_auto_pc_1_axi_protocol_converter_v2_1_37_axi_protocol_converter/gru_bin_version_axi_mem_intercon_imp_auto_pc_1_axi_protocol_converter_v2_1_37_axi3_conv/gru_bin_version_axi_mem_intercon_imp_auto_pc_1_axi_protocol_converter_v2_1_37_a_axi3_conv/gru_bin_version_axi_mem_intercon_imp_auto_pc_1_axi_data_fifo_v2_1_36_axic_fifo/gru_bin_version_axi_mem_intercon_imp_auto_pc_1_axi_data_fifo_v2_1_36_fifo_gen_1/<hidden>/<hidden>/<hidden>/<hidden>/<hidden>/<hidden>
                         clock pessimism              0.266    13.021    
                         clock uncertainty           -0.154    12.867    
    SLICE_X11Y36         FDCE (Recov_fdce_C_CLR)     -0.405    12.462    gru_bin_version_wrapper/gru_bin_version/gru_bin_version_axi_mem_intercon_0/s01_couplers_imp_NNMS53/gru_bin_version_axi_mem_intercon_imp_auto_pc_1/gru_bin_version_axi_mem_intercon_imp_auto_pc_1_axi_protocol_converter_v2_1_37_axi_protocol_converter/gru_bin_version_axi_mem_intercon_imp_auto_pc_1_axi_protocol_converter_v2_1_37_axi3_conv/gru_bin_version_axi_mem_intercon_imp_auto_pc_1_axi_protocol_converter_v2_1_37_a_axi3_conv/gru_bin_version_axi_mem_intercon_imp_auto_pc_1_axi_data_fifo_v2_1_36_axic_fifo/gru_bin_version_axi_mem_intercon_imp_auto_pc_1_axi_data_fifo_v2_1_36_fifo_gen_1/<hidden>/<hidden>/<hidden>/<hidden>/<hidden>/<hidden>
  -------------------------------------------------------------------
                         required time                         12.462    
                         arrival time                          -5.450    
  -------------------------------------------------------------------
                         slack                                  7.012    

Slack (MET) :             7.012ns  (required time - arrival time)
  Source:                 gru_bin_version_wrapper/gru_bin_version/gru_bin_version_axi_mem_intercon_0/s01_couplers_imp_NNMS53/gru_bin_version_axi_mem_intercon_imp_auto_pc_1/gru_bin_version_axi_mem_intercon_imp_auto_pc_1_axi_protocol_converter_v2_1_37_axi_protocol_converter/gru_bin_version_axi_mem_intercon_imp_auto_pc_1_axi_protocol_converter_v2_1_37_axi3_conv/gru_bin_version_axi_mem_intercon_imp_auto_pc_1_axi_protocol_converter_v2_1_37_a_axi3_conv/gru_bin_version_axi_mem_intercon_imp_auto_pc_1_axi_data_fifo_v2_1_36_axic_fifo/gru_bin_version_axi_mem_intercon_imp_auto_pc_1_axi_data_fifo_v2_1_36_fifo_gen_1/<hidden>/<hidden>/<hidden>/<hidden>/<hidden>/<hidden>
                            (rising edge-triggered cell FDPE clocked by clk_fpga_0  {rise@0.000ns fall@5.000ns period=10.000ns})
  Destination:            gru_bin_version_wrapper/gru_bin_version/gru_bin_version_axi_mem_intercon_0/s01_couplers_imp_NNMS53/gru_bin_version_axi_mem_intercon_imp_auto_pc_1/gru_bin_version_axi_mem_intercon_imp_auto_pc_1_axi_protocol_converter_v2_1_37_axi_protocol_converter/gru_bin_version_axi_mem_intercon_imp_auto_pc_1_axi_protocol_converter_v2_1_37_axi3_conv/gru_bin_version_axi_mem_intercon_imp_auto_pc_1_axi_protocol_converter_v2_1_37_a_axi3_conv/gru_bin_version_axi_mem_intercon_imp_auto_pc_1_axi_data_fifo_v2_1_36_axic_fifo/gru_bin_version_axi_mem_intercon_imp_auto_pc_1_axi_data_fifo_v2_1_36_fifo_gen_1/<hidden>/<hidden>/<hidden>/<hidden>/<hidden>/<hidden>
                            (recovery check against rising-edge clock clk_fpga_0  {rise@0.000ns fall@5.000ns period=10.000ns})
  Path Group:             **async_default**
  Path Type:              Recovery (Max at Slow Process Corner)
  Requirement:            10.000ns  (clk_fpga_0 rise@10.000ns - clk_fpga_0 rise@0.000ns)
  Data Path Delay:        2.402ns  (logic 0.718ns (29.898%)  route 1.684ns (70.102%))
  Logic Levels:           1  (LUT3=1)
  Clock Path Skew:        -0.027ns (DCD - SCD + CPR)
    Destination Clock Delay (DCD):    2.755ns = ( 12.755 - 10.000 ) 
    Source Clock Delay      (SCD):    3.048ns
    Clock Pessimism Removal (CPR):    0.266ns
  Clock Uncertainty:      0.154ns  ((TSJ^2 + TIJ^2)^1/2 + DJ) / 2 + PE
    Total System Jitter     (TSJ):    0.071ns
    Total Input Jitter      (TIJ):    0.300ns
    Discrete Jitter          (DJ):    0.000ns
    Phase Error              (PE):    0.000ns

    Location             Delay type                Incr(ns)  Path(ns)    Netlist Resource(s)
  -------------------------------------------------------------------    -------------------
                         (clock clk_fpga_0 rise edge)
                                                      0.000     0.000 r  
    PS7_X0Y0             PS7                          0.000     0.000 r  gru_bin_version_i/processing_system7_0/inst/PS7_i/FCLKCLK[0]
                         net (fo=1, routed)           1.193     1.193    gru_bin_version_i/processing_system7_0/inst/FCLK_CLK_unbuffered[0]
    BUFGCTRL_X0Y16       BUFG (Prop_bufg_I_O)         0.101     1.294 r  gru_bin_version_i/processing_system7_0/inst/buffer_fclk_clk_0.FCLK_CLK_0_BUFG/O
                         net (fo=22708, routed)       1.754     3.048    gru_bin_version_wrapper/gru_bin_version/gru_bin_version_axi_mem_intercon_0/s01_couplers_imp_NNMS53/gru_bin_version_axi_mem_intercon_imp_auto_pc_1/gru_bin_version_axi_mem_intercon_imp_auto_pc_1_axi_protocol_converter_v2_1_37_axi_protocol_converter/gru_bin_version_axi_mem_intercon_imp_auto_pc_1_axi_protocol_converter_v2_1_37_axi3_conv/gru_bin_version_axi_mem_intercon_imp_auto_pc_1_axi_protocol_converter_v2_1_37_a_axi3_conv/gru_bin_version_axi_mem_intercon_imp_auto_pc_1_axi_data_fifo_v2_1_36_axic_fifo/gru_bin_version_axi_mem_intercon_imp_auto_pc_1_axi_data_fifo_v2_1_36_fifo_gen_1/<hidden>/<hidden>/<hidden>/<hidden>/<hidden>/<hidden>
    SLICE_X11Y38         FDPE                                         r  gru_bin_version_wrapper/gru_bin_version/gru_bin_version_axi_mem_intercon_0/s01_couplers_imp_NNMS53/gru_bin_version_axi_mem_intercon_imp_auto_pc_1/gru_bin_version_axi_mem_intercon_imp_auto_pc_1_axi_protocol_converter_v2_1_37_axi_protocol_converter/gru_bin_version_axi_mem_intercon_imp_auto_pc_1_axi_protocol_converter_v2_1_37_axi3_conv/gru_bin_version_axi_mem_intercon_imp_auto_pc_1_axi_protocol_converter_v2_1_37_a_axi3_conv/gru_bin_version_axi_mem_intercon_imp_auto_pc_1_axi_data_fifo_v2_1_36_axic_fifo/gru_bin_version_axi_mem_intercon_imp_auto_pc_1_axi_data_fifo_v2_1_36_fifo_gen_1/<hidden>/<hidden>/<hidden>/<hidden>/<hidden>/<hidden>
  -------------------------------------------------------------------    -------------------
    SLICE_X11Y38         FDPE (Prop_fdpe_C_Q)         0.419     3.467 f  gru_bin_version_wrapper/gru_bin_version/gru_bin_version_axi_mem_intercon_0/s01_couplers_imp_NNMS53/gru_bin_version_axi_mem_intercon_imp_auto_pc_1/gru_bin_version_axi_mem_intercon_imp_auto_pc_1_axi_protocol_converter_v2_1_37_axi_protocol_converter/gru_bin_version_axi_mem_intercon_imp_auto_pc_1_axi_protocol_converter_v2_1_37_axi3_conv/gru_bin_version_axi_mem_intercon_imp_auto_pc_1_axi_protocol_converter_v2_1_37_a_axi3_conv/gru_bin_version_axi_mem_intercon_imp_auto_pc_1_axi_data_fifo_v2_1_36_axic_fifo/gru_bin_version_axi_mem_intercon_imp_auto_pc_1_axi_data_fifo_v2_1_36_fifo_gen_1/<hidden>/<hidden>/<hidden>/<hidden>/<hidden>/<hidden>
                         net (fo=3, routed)           0.845     4.312    gru_bin_version_wrapper/gru_bin_version/gru_bin_version_axi_mem_intercon_0/s01_couplers_imp_NNMS53/gru_bin_version_axi_mem_intercon_imp_auto_pc_1/gru_bin_version_axi_mem_intercon_imp_auto_pc_1_axi_protocol_converter_v2_1_37_axi_protocol_converter/gru_bin_version_axi_mem_intercon_imp_auto_pc_1_axi_protocol_converter_v2_1_37_axi3_conv/gru_bin_version_axi_mem_intercon_imp_auto_pc_1_axi_protocol_converter_v2_1_37_a_axi3_conv/gru_bin_version_axi_mem_intercon_imp_auto_pc_1_axi_data_fifo_v2_1_36_axic_fifo/gru_bin_version_axi_mem_intercon_imp_auto_pc_1_axi_data_fifo_v2_1_36_fifo_gen_1/<hidden>/<hidden>/<hidden>/<hidden>/<hidden>
    SLICE_X9Y38          LUT3 (Prop_lut3_I2_O)        0.299     4.611 f  gru_bin_version_wrapper/gru_bin_version/gru_bin_version_axi_mem_intercon_0/s01_couplers_imp_NNMS53/gru_bin_version_axi_mem_intercon_imp_auto_pc_1/gru_bin_version_axi_mem_intercon_imp_auto_pc_1_axi_protocol_converter_v2_1_37_axi_protocol_converter/gru_bin_version_axi_mem_intercon_imp_auto_pc_1_axi_protocol_converter_v2_1_37_axi3_conv/gru_bin_version_axi_mem_intercon_imp_auto_pc_1_axi_protocol_converter_v2_1_37_a_axi3_conv/gru_bin_version_axi_mem_intercon_imp_auto_pc_1_axi_data_fifo_v2_1_36_axic_fifo/gru_bin_version_axi_mem_intercon_imp_auto_pc_1_axi_data_fifo_v2_1_36_fifo_gen_1/<hidden>/<hidden>/<hidden>/<hidden>/<hidden>
                         net (fo=32, routed)          0.838     5.450    gru_bin_version_wrapper/gru_bin_version/gru_bin_version_axi_mem_intercon_0/s01_couplers_imp_NNMS53/gru_bin_version_axi_mem_intercon_imp_auto_pc_1/gru_bin_version_axi_mem_intercon_imp_auto_pc_1_axi_protocol_converter_v2_1_37_axi_protocol_converter/gru_bin_version_axi_mem_intercon_imp_auto_pc_1_axi_protocol_converter_v2_1_37_axi3_conv/gru_bin_version_axi_mem_intercon_imp_auto_pc_1_axi_protocol_converter_v2_1_37_a_axi3_conv/gru_bin_version_axi_mem_intercon_imp_auto_pc_1_axi_data_fifo_v2_1_36_axic_fifo/gru_bin_version_axi_mem_intercon_imp_auto_pc_1_axi_data_fifo_v2_1_36_fifo_gen_1/<hidden>/<hidden>/<hidden>/<hidden>/<hidden>/<hidden>
    SLICE_X11Y36         FDCE                                         f  gru_bin_version_wrapper/gru_bin_version/gru_bin_version_axi_mem_intercon_0/s01_couplers_imp_NNMS53/gru_bin_version_axi_mem_intercon_imp_auto_pc_1/gru_bin_version_axi_mem_intercon_imp_auto_pc_1_axi_protocol_converter_v2_1_37_axi_protocol_converter/gru_bin_version_axi_mem_intercon_imp_auto_pc_1_axi_protocol_converter_v2_1_37_axi3_conv/gru_bin_version_axi_mem_intercon_imp_auto_pc_1_axi_protocol_converter_v2_1_37_a_axi3_conv/gru_bin_version_axi_mem_intercon_imp_auto_pc_1_axi_data_fifo_v2_1_36_axic_fifo/gru_bin_version_axi_mem_intercon_imp_auto_pc_1_axi_data_fifo_v2_1_36_fifo_gen_1/<hidden>/<hidden>/<hidden>/<hidden>/<hidden>/<hidden>
  -------------------------------------------------------------------    -------------------

                         (clock clk_fpga_0 rise edge)
                                                     10.000    10.000 r  
    PS7_X0Y0             PS7                          0.000    10.000 r  gru_bin_version_i/processing_system7_0/inst/PS7_i/FCLKCLK[0]
                         net (fo=1, routed)           1.088    11.088    gru_bin_version_i/processing_system7_0/inst/FCLK_CLK_unbuffered[0]
    BUFGCTRL_X0Y16       BUFG (Prop_bufg_I_O)         0.091    11.179 r  gru_bin_version_i/processing_system7_0/inst/buffer_fclk_clk_0.FCLK_CLK_0_BUFG/O
                         net (fo=22708, routed)       1.576    12.755    gru_bin_version_wrapper/gru_bin_version/gru_bin_version_axi_mem_intercon_0/s01_couplers_imp_NNMS53/gru_bin_version_axi_mem_intercon_imp_auto_pc_1/gru_bin_version_axi_mem_intercon_imp_auto_pc_1_axi_protocol_converter_v2_1_37_axi_protocol_converter/gru_bin_version_axi_mem_intercon_imp_auto_pc_1_axi_protocol_converter_v2_1_37_axi3_conv/gru_bin_version_axi_mem_intercon_imp_auto_pc_1_axi_protocol_converter_v2_1_37_a_axi3_conv/gru_bin_version_axi_mem_intercon_imp_auto_pc_1_axi_data_fifo_v2_1_36_axic_fifo/gru_bin_version_axi_mem_intercon_imp_auto_pc_1_axi_data_fifo_v2_1_36_fifo_gen_1/<hidden>/<hidden>/<hidden>/<hidden>/<hidden>/<hidden>
    SLICE_X11Y36         FDCE                                         r  gru_bin_version_wrapper/gru_bin_version/gru_bin_version_axi_mem_intercon_0/s01_couplers_imp_NNMS53/gru_bin_version_axi_mem_intercon_imp_auto_pc_1/gru_bin_version_axi_mem_intercon_imp_auto_pc_1_axi_protocol_converter_v2_1_37_axi_protocol_converter/gru_bin_version_axi_mem_intercon_imp_auto_pc_1_axi_protocol_converter_v2_1_37_axi3_conv/gru_bin_version_axi_mem_intercon_imp_auto_pc_1_axi_protocol_converter_v2_1_37_a_axi3_conv/gru_bin_version_axi_mem_intercon_imp_auto_pc_1_axi_data_fifo_v2_1_36_axic_fifo/gru_bin_version_axi_mem_intercon_imp_auto_pc_1_axi_data_fifo_v2_1_36_fifo_gen_1/<hidden>/<hidden>/<hidden>/<hidden>/<hidden>/<hidden>
                         clock pessimism              0.266    13.021    
                         clock uncertainty           -0.154    12.867    
    SLICE_X11Y36         FDCE (Recov_fdce_C_CLR)     -0.405    12.462    gru_bin_version_wrapper/gru_bin_version/gru_bin_version_axi_mem_intercon_0/s01_couplers_imp_NNMS53/gru_bin_version_axi_mem_intercon_imp_auto_pc_1/gru_bin_version_axi_mem_intercon_imp_auto_pc_1_axi_protocol_converter_v2_1_37_axi_protocol_converter/gru_bin_version_axi_mem_intercon_imp_auto_pc_1_axi_protocol_converter_v2_1_37_axi3_conv/gru_bin_version_axi_mem_intercon_imp_auto_pc_1_axi_protocol_converter_v2_1_37_a_axi3_conv/gru_bin_version_axi_mem_intercon_imp_auto_pc_1_axi_data_fifo_v2_1_36_axic_fifo/gru_bin_version_axi_mem_intercon_imp_auto_pc_1_axi_data_fifo_v2_1_36_fifo_gen_1/<hidden>/<hidden>/<hidden>/<hidden>/<hidden>/<hidden>
  -------------------------------------------------------------------
                         required time                         12.462    
                         arrival time                          -5.450    
  -------------------------------------------------------------------
                         slack                                  7.012    

Slack (MET) :             7.012ns  (required time - arrival time)
  Source:                 gru_bin_version_wrapper/gru_bin_version/gru_bin_version_axi_mem_intercon_0/s01_couplers_imp_NNMS53/gru_bin_version_axi_mem_intercon_imp_auto_pc_1/gru_bin_version_axi_mem_intercon_imp_auto_pc_1_axi_protocol_converter_v2_1_37_axi_protocol_converter/gru_bin_version_axi_mem_intercon_imp_auto_pc_1_axi_protocol_converter_v2_1_37_axi3_conv/gru_bin_version_axi_mem_intercon_imp_auto_pc_1_axi_protocol_converter_v2_1_37_a_axi3_conv/gru_bin_version_axi_mem_intercon_imp_auto_pc_1_axi_data_fifo_v2_1_36_axic_fifo/gru_bin_version_axi_mem_intercon_imp_auto_pc_1_axi_data_fifo_v2_1_36_fifo_gen_1/<hidden>/<hidden>/<hidden>/<hidden>/<hidden>/<hidden>
                            (rising edge-triggered cell FDPE clocked by clk_fpga_0  {rise@0.000ns fall@5.000ns period=10.000ns})
  Destination:            gru_bin_version_wrapper/gru_bin_version/gru_bin_version_axi_mem_intercon_0/s01_couplers_imp_NNMS53/gru_bin_version_axi_mem_intercon_imp_auto_pc_1/gru_bin_version_axi_mem_intercon_imp_auto_pc_1_axi_protocol_converter_v2_1_37_axi_protocol_converter/gru_bin_version_axi_mem_intercon_imp_auto_pc_1_axi_protocol_converter_v2_1_37_axi3_conv/gru_bin_version_axi_mem_intercon_imp_auto_pc_1_axi_protocol_converter_v2_1_37_a_axi3_conv/gru_bin_version_axi_mem_intercon_imp_auto_pc_1_axi_data_fifo_v2_1_36_axic_fifo/gru_bin_version_axi_mem_intercon_imp_auto_pc_1_axi_data_fifo_v2_1_36_fifo_gen_1/<hidden>/<hidden>/<hidden>/<hidden>/<hidden>/<hidden>
                            (recovery check against rising-edge clock clk_fpga_0  {rise@0.000ns fall@5.000ns period=10.000ns})
  Path Group:             **async_default**
  Path Type:              Recovery (Max at Slow Process Corner)
  Requirement:            10.000ns  (clk_fpga_0 rise@10.000ns - clk_fpga_0 rise@0.000ns)
  Data Path Delay:        2.402ns  (logic 0.718ns (29.898%)  route 1.684ns (70.102%))
  Logic Levels:           1  (LUT3=1)
  Clock Path Skew:        -0.027ns (DCD - SCD + CPR)
    Destination Clock Delay (DCD):    2.755ns = ( 12.755 - 10.000 ) 
    Source Clock Delay      (SCD):    3.048ns
    Clock Pessimism Removal (CPR):    0.266ns
  Clock Uncertainty:      0.154ns  ((TSJ^2 + TIJ^2)^1/2 + DJ) / 2 + PE
    Total System Jitter     (TSJ):    0.071ns
    Total Input Jitter      (TIJ):    0.300ns
    Discrete Jitter          (DJ):    0.000ns
    Phase Error              (PE):    0.000ns

    Location             Delay type                Incr(ns)  Path(ns)    Netlist Resource(s)
  -------------------------------------------------------------------    -------------------
                         (clock clk_fpga_0 rise edge)
                                                      0.000     0.000 r  
    PS7_X0Y0             PS7                          0.000     0.000 r  gru_bin_version_i/processing_system7_0/inst/PS7_i/FCLKCLK[0]
                         net (fo=1, routed)           1.193     1.193    gru_bin_version_i/processing_system7_0/inst/FCLK_CLK_unbuffered[0]
    BUFGCTRL_X0Y16       BUFG (Prop_bufg_I_O)         0.101     1.294 r  gru_bin_version_i/processing_system7_0/inst/buffer_fclk_clk_0.FCLK_CLK_0_BUFG/O
                         net (fo=22708, routed)       1.754     3.048    gru_bin_version_wrapper/gru_bin_version/gru_bin_version_axi_mem_intercon_0/s01_couplers_imp_NNMS53/gru_bin_version_axi_mem_intercon_imp_auto_pc_1/gru_bin_version_axi_mem_intercon_imp_auto_pc_1_axi_protocol_converter_v2_1_37_axi_protocol_converter/gru_bin_version_axi_mem_intercon_imp_auto_pc_1_axi_protocol_converter_v2_1_37_axi3_conv/gru_bin_version_axi_mem_intercon_imp_auto_pc_1_axi_protocol_converter_v2_1_37_a_axi3_conv/gru_bin_version_axi_mem_intercon_imp_auto_pc_1_axi_data_fifo_v2_1_36_axic_fifo/gru_bin_version_axi_mem_intercon_imp_auto_pc_1_axi_data_fifo_v2_1_36_fifo_gen_1/<hidden>/<hidden>/<hidden>/<hidden>/<hidden>/<hidden>
    SLICE_X11Y38         FDPE                                         r  gru_bin_version_wrapper/gru_bin_version/gru_bin_version_axi_mem_intercon_0/s01_couplers_imp_NNMS53/gru_bin_version_axi_mem_intercon_imp_auto_pc_1/gru_bin_version_axi_mem_intercon_imp_auto_pc_1_axi_protocol_converter_v2_1_37_axi_protocol_converter/gru_bin_version_axi_mem_intercon_imp_auto_pc_1_axi_protocol_converter_v2_1_37_axi3_conv/gru_bin_version_axi_mem_intercon_imp_auto_pc_1_axi_protocol_converter_v2_1_37_a_axi3_conv/gru_bin_version_axi_mem_intercon_imp_auto_pc_1_axi_data_fifo_v2_1_36_axic_fifo/gru_bin_version_axi_mem_intercon_imp_auto_pc_1_axi_data_fifo_v2_1_36_fifo_gen_1/<hidden>/<hidden>/<hidden>/<hidden>/<hidden>/<hidden>
  -------------------------------------------------------------------    -------------------
    SLICE_X11Y38         FDPE (Prop_fdpe_C_Q)         0.419     3.467 f  gru_bin_version_wrapper/gru_bin_version/gru_bin_version_axi_mem_intercon_0/s01_couplers_imp_NNMS53/gru_bin_version_axi_mem_intercon_imp_auto_pc_1/gru_bin_version_axi_mem_intercon_imp_auto_pc_1_axi_protocol_converter_v2_1_37_axi_protocol_converter/gru_bin_version_axi_mem_intercon_imp_auto_pc_1_axi_protocol_converter_v2_1_37_axi3_conv/gru_bin_version_axi_mem_intercon_imp_auto_pc_1_axi_protocol_converter_v2_1_37_a_axi3_conv/gru_bin_version_axi_mem_intercon_imp_auto_pc_1_axi_data_fifo_v2_1_36_axic_fifo/gru_bin_version_axi_mem_intercon_imp_auto_pc_1_axi_data_fifo_v2_1_36_fifo_gen_1/<hidden>/<hidden>/<hidden>/<hidden>/<hidden>/<hidden>
                         net (fo=3, routed)           0.845     4.312    gru_bin_version_wrapper/gru_bin_version/gru_bin_version_axi_mem_intercon_0/s01_couplers_imp_NNMS53/gru_bin_version_axi_mem_intercon_imp_auto_pc_1/gru_bin_version_axi_mem_intercon_imp_auto_pc_1_axi_protocol_converter_v2_1_37_axi_protocol_converter/gru_bin_version_axi_mem_intercon_imp_auto_pc_1_axi_protocol_converter_v2_1_37_axi3_conv/gru_bin_version_axi_mem_intercon_imp_auto_pc_1_axi_protocol_converter_v2_1_37_a_axi3_conv/gru_bin_version_axi_mem_intercon_imp_auto_pc_1_axi_data_fifo_v2_1_36_axic_fifo/gru_bin_version_axi_mem_intercon_imp_auto_pc_1_axi_data_fifo_v2_1_36_fifo_gen_1/<hidden>/<hidden>/<hidden>/<hidden>/<hidden>
    SLICE_X9Y38          LUT3 (Prop_lut3_I2_O)        0.299     4.611 f  gru_bin_version_wrapper/gru_bin_version/gru_bin_version_axi_mem_intercon_0/s01_couplers_imp_NNMS53/gru_bin_version_axi_mem_intercon_imp_auto_pc_1/gru_bin_version_axi_mem_intercon_imp_auto_pc_1_axi_protocol_converter_v2_1_37_axi_protocol_converter/gru_bin_version_axi_mem_intercon_imp_auto_pc_1_axi_protocol_converter_v2_1_37_axi3_conv/gru_bin_version_axi_mem_intercon_imp_auto_pc_1_axi_protocol_converter_v2_1_37_a_axi3_conv/gru_bin_version_axi_mem_intercon_imp_auto_pc_1_axi_data_fifo_v2_1_36_axic_fifo/gru_bin_version_axi_mem_intercon_imp_auto_pc_1_axi_data_fifo_v2_1_36_fifo_gen_1/<hidden>/<hidden>/<hidden>/<hidden>/<hidden>
                         net (fo=32, routed)          0.838     5.450    gru_bin_version_wrapper/gru_bin_version/gru_bin_version_axi_mem_intercon_0/s01_couplers_imp_NNMS53/gru_bin_version_axi_mem_intercon_imp_auto_pc_1/gru_bin_version_axi_mem_intercon_imp_auto_pc_1_axi_protocol_converter_v2_1_37_axi_protocol_converter/gru_bin_version_axi_mem_intercon_imp_auto_pc_1_axi_protocol_converter_v2_1_37_axi3_conv/gru_bin_version_axi_mem_intercon_imp_auto_pc_1_axi_protocol_converter_v2_1_37_a_axi3_conv/gru_bin_version_axi_mem_intercon_imp_auto_pc_1_axi_data_fifo_v2_1_36_axic_fifo/gru_bin_version_axi_mem_intercon_imp_auto_pc_1_axi_data_fifo_v2_1_36_fifo_gen_1/<hidden>/<hidden>/<hidden>/<hidden>/<hidden>/<hidden>
    SLICE_X11Y36         FDCE                                         f  gru_bin_version_wrapper/gru_bin_version/gru_bin_version_axi_mem_intercon_0/s01_couplers_imp_NNMS53/gru_bin_version_axi_mem_intercon_imp_auto_pc_1/gru_bin_version_axi_mem_intercon_imp_auto_pc_1_axi_protocol_converter_v2_1_37_axi_protocol_converter/gru_bin_version_axi_mem_intercon_imp_auto_pc_1_axi_protocol_converter_v2_1_37_axi3_conv/gru_bin_version_axi_mem_intercon_imp_auto_pc_1_axi_protocol_converter_v2_1_37_a_axi3_conv/gru_bin_version_axi_mem_intercon_imp_auto_pc_1_axi_data_fifo_v2_1_36_axic_fifo/gru_bin_version_axi_mem_intercon_imp_auto_pc_1_axi_data_fifo_v2_1_36_fifo_gen_1/<hidden>/<hidden>/<hidden>/<hidden>/<hidden>/<hidden>
  -------------------------------------------------------------------    -------------------

                         (clock clk_fpga_0 rise edge)
                                                     10.000    10.000 r  
    PS7_X0Y0             PS7                          0.000    10.000 r  gru_bin_version_i/processing_system7_0/inst/PS7_i/FCLKCLK[0]
                         net (fo=1, routed)           1.088    11.088    gru_bin_version_i/processing_system7_0/inst/FCLK_CLK_unbuffered[0]
    BUFGCTRL_X0Y16       BUFG (Prop_bufg_I_O)         0.091    11.179 r  gru_bin_version_i/processing_system7_0/inst/buffer_fclk_clk_0.FCLK_CLK_0_BUFG/O
                         net (fo=22708, routed)       1.576    12.755    gru_bin_version_wrapper/gru_bin_version/gru_bin_version_axi_mem_intercon_0/s01_couplers_imp_NNMS53/gru_bin_version_axi_mem_intercon_imp_auto_pc_1/gru_bin_version_axi_mem_intercon_imp_auto_pc_1_axi_protocol_converter_v2_1_37_axi_protocol_converter/gru_bin_version_axi_mem_intercon_imp_auto_pc_1_axi_protocol_converter_v2_1_37_axi3_conv/gru_bin_version_axi_mem_intercon_imp_auto_pc_1_axi_protocol_converter_v2_1_37_a_axi3_conv/gru_bin_version_axi_mem_intercon_imp_auto_pc_1_axi_data_fifo_v2_1_36_axic_fifo/gru_bin_version_axi_mem_intercon_imp_auto_pc_1_axi_data_fifo_v2_1_36_fifo_gen_1/<hidden>/<hidden>/<hidden>/<hidden>/<hidden>/<hidden>
    SLICE_X11Y36         FDCE                                         r  gru_bin_version_wrapper/gru_bin_version/gru_bin_version_axi_mem_intercon_0/s01_couplers_imp_NNMS53/gru_bin_version_axi_mem_intercon_imp_auto_pc_1/gru_bin_version_axi_mem_intercon_imp_auto_pc_1_axi_protocol_converter_v2_1_37_axi_protocol_converter/gru_bin_version_axi_mem_intercon_imp_auto_pc_1_axi_protocol_converter_v2_1_37_axi3_conv/gru_bin_version_axi_mem_intercon_imp_auto_pc_1_axi_protocol_converter_v2_1_37_a_axi3_conv/gru_bin_version_axi_mem_intercon_imp_auto_pc_1_axi_data_fifo_v2_1_36_axic_fifo/gru_bin_version_axi_mem_intercon_imp_auto_pc_1_axi_data_fifo_v2_1_36_fifo_gen_1/<hidden>/<hidden>/<hidden>/<hidden>/<hidden>/<hidden>
                         clock pessimism              0.266    13.021    
                         clock uncertainty           -0.154    12.867    
    SLICE_X11Y36         FDCE (Recov_fdce_C_CLR)     -0.405    12.462    gru_bin_version_wrapper/gru_bin_version/gru_bin_version_axi_mem_intercon_0/s01_couplers_imp_NNMS53/gru_bin_version_axi_mem_intercon_imp_auto_pc_1/gru_bin_version_axi_mem_intercon_imp_auto_pc_1_axi_protocol_converter_v2_1_37_axi_protocol_converter/gru_bin_version_axi_mem_intercon_imp_auto_pc_1_axi_protocol_converter_v2_1_37_axi3_conv/gru_bin_version_axi_mem_intercon_imp_auto_pc_1_axi_protocol_converter_v2_1_37_a_axi3_conv/gru_bin_version_axi_mem_intercon_imp_auto_pc_1_axi_data_fifo_v2_1_36_axic_fifo/gru_bin_version_axi_mem_intercon_imp_auto_pc_1_axi_data_fifo_v2_1_36_fifo_gen_1/<hidden>/<hidden>/<hidden>/<hidden>/<hidden>/<hidden>
  -------------------------------------------------------------------
                         required time                         12.462    
                         arrival time                          -5.450    
  -------------------------------------------------------------------
                         slack                                  7.012    





Min Delay Paths
--------------------------------------------------------------------------------------
Slack (MET) :             0.500ns  (arrival time - required time)
  Source:                 gru_bin_version_wrapper/gru_bin_version/gru_bin_version_axi_mem_intercon_0/s02_couplers_imp_QTS1PG/gru_bin_version_axi_mem_intercon_imp_auto_pc_2/gru_bin_version_axi_mem_intercon_imp_auto_pc_2_axi_protocol_converter_v2_1_37_axi_protocol_converter/gru_bin_version_axi_mem_intercon_imp_auto_pc_2_axi_protocol_converter_v2_1_37_axi3_conv/gru_bin_version_axi_mem_intercon_imp_auto_pc_2_axi_protocol_converter_v2_1_37_a_axi3_conv/gru_bin_version_axi_mem_intercon_imp_auto_pc_2_axi_data_fifo_v2_1_36_axic_fifo/gru_bin_version_axi_mem_intercon_imp_auto_pc_2_axi_data_fifo_v2_1_36_fifo_gen/<hidden>/<hidden>/<hidden>/<hidden>/<hidden>
                            (rising edge-triggered cell FDRE clocked by clk_fpga_0  {rise@0.000ns fall@5.000ns period=10.000ns})
  Destination:            gru_bin_version_wrapper/gru_bin_version/gru_bin_version_axi_mem_intercon_0/s02_couplers_imp_QTS1PG/gru_bin_version_axi_mem_intercon_imp_auto_pc_2/gru_bin_version_axi_mem_intercon_imp_auto_pc_2_axi_protocol_converter_v2_1_37_axi_protocol_converter/gru_bin_version_axi_mem_intercon_imp_auto_pc_2_axi_protocol_converter_v2_1_37_axi3_conv/gru_bin_version_axi_mem_intercon_imp_auto_pc_2_axi_protocol_converter_v2_1_37_a_axi3_conv/gru_bin_version_axi_mem_intercon_imp_auto_pc_2_axi_data_fifo_v2_1_36_axic_fifo/gru_bin_version_axi_mem_intercon_imp_auto_pc_2_axi_data_fifo_v2_1_36_fifo_gen/<hidden>/<hidden>/<hidden>/<hidden>/<hidden>/<hidden>
                            (removal check against rising-edge clock clk_fpga_0  {rise@0.000ns fall@5.000ns period=10.000ns})
  Path Group:             **async_default**
  Path Type:              Removal (Min at Fast Process Corner)
  Requirement:            0.000ns  (clk_fpga_0 rise@0.000ns - clk_fpga_0 rise@0.000ns)
  Data Path Delay:        0.442ns  (logic 0.186ns (42.094%)  route 0.256ns (57.906%))
  Logic Levels:           1  (LUT3=1)
  Clock Path Skew:        0.034ns (DCD - SCD - CPR)
    Destination Clock Delay (DCD):    1.190ns
    Source Clock Delay      (SCD):    0.892ns
    Clock Pessimism Removal (CPR):    0.264ns

    Location             Delay type                Incr(ns)  Path(ns)    Netlist Resource(s)
  -------------------------------------------------------------------    -------------------
                         (clock clk_fpga_0 rise edge)
                                                      0.000     0.000 r  
    PS7_X0Y0             PS7                          0.000     0.000 r  gru_bin_version_i/processing_system7_0/inst/PS7_i/FCLKCLK[0]
                         net (fo=1, routed)           0.310     0.310    gru_bin_version_i/processing_system7_0/inst/FCLK_CLK_unbuffered[0]
    BUFGCTRL_X0Y16       BUFG (Prop_bufg_I_O)         0.026     0.336 r  gru_bin_version_i/processing_system7_0/inst/buffer_fclk_clk_0.FCLK_CLK_0_BUFG/O
                         net (fo=22708, routed)       0.556     0.892    gru_bin_version_wrapper/gru_bin_version/gru_bin_version_axi_mem_intercon_0/s02_couplers_imp_QTS1PG/gru_bin_version_axi_mem_intercon_imp_auto_pc_2/gru_bin_version_axi_mem_intercon_imp_auto_pc_2_axi_protocol_converter_v2_1_37_axi_protocol_converter/gru_bin_version_axi_mem_intercon_imp_auto_pc_2_axi_protocol_converter_v2_1_37_axi3_conv/gru_bin_version_axi_mem_intercon_imp_auto_pc_2_axi_protocol_converter_v2_1_37_a_axi3_conv/gru_bin_version_axi_mem_intercon_imp_auto_pc_2_axi_data_fifo_v2_1_36_axic_fifo/gru_bin_version_axi_mem_intercon_imp_auto_pc_2_axi_data_fifo_v2_1_36_fifo_gen/<hidden>/<hidden>/<hidden>/<hidden>/<hidden>
    SLICE_X43Y96         FDRE                                         r  gru_bin_version_wrapper/gru_bin_version/gru_bin_version_axi_mem_intercon_0/s02_couplers_imp_QTS1PG/gru_bin_version_axi_mem_intercon_imp_auto_pc_2/gru_bin_version_axi_mem_intercon_imp_auto_pc_2_axi_protocol_converter_v2_1_37_axi_protocol_converter/gru_bin_version_axi_mem_intercon_imp_auto_pc_2_axi_protocol_converter_v2_1_37_axi3_conv/gru_bin_version_axi_mem_intercon_imp_auto_pc_2_axi_protocol_converter_v2_1_37_a_axi3_conv/gru_bin_version_axi_mem_intercon_imp_auto_pc_2_axi_data_fifo_v2_1_36_axic_fifo/gru_bin_version_axi_mem_intercon_imp_auto_pc_2_axi_data_fifo_v2_1_36_fifo_gen/<hidden>/<hidden>/<hidden>/<hidden>/<hidden>
  -------------------------------------------------------------------    -------------------
    SLICE_X43Y96         FDRE (Prop_fdre_C_Q)         0.141     1.033 f  gru_bin_version_wrapper/gru_bin_version/gru_bin_version_axi_mem_intercon_0/s02_couplers_imp_QTS1PG/gru_bin_version_axi_mem_intercon_imp_auto_pc_2/gru_bin_version_axi_mem_intercon_imp_auto_pc_2_axi_protocol_converter_v2_1_37_axi_protocol_converter/gru_bin_version_axi_mem_intercon_imp_auto_pc_2_axi_protocol_converter_v2_1_37_axi3_conv/gru_bin_version_axi_mem_intercon_imp_auto_pc_2_axi_protocol_converter_v2_1_37_a_axi3_conv/gru_bin_version_axi_mem_intercon_imp_auto_pc_2_axi_data_fifo_v2_1_36_axic_fifo/gru_bin_version_axi_mem_intercon_imp_auto_pc_2_axi_data_fifo_v2_1_36_fifo_gen/<hidden>/<hidden>/<hidden>/<hidden>/<hidden>
                         net (fo=2, routed)           0.103     1.136    gru_bin_version_wrapper/gru_bin_version/gru_bin_version_axi_mem_intercon_0/s02_couplers_imp_QTS1PG/gru_bin_version_axi_mem_intercon_imp_auto_pc_2/gru_bin_version_axi_mem_intercon_imp_auto_pc_2_axi_protocol_converter_v2_1_37_axi_protocol_converter/gru_bin_version_axi_mem_intercon_imp_auto_pc_2_axi_protocol_converter_v2_1_37_axi3_conv/gru_bin_version_axi_mem_intercon_imp_auto_pc_2_axi_protocol_converter_v2_1_37_a_axi3_conv/gru_bin_version_axi_mem_intercon_imp_auto_pc_2_axi_data_fifo_v2_1_36_axic_fifo/gru_bin_version_axi_mem_intercon_imp_auto_pc_2_axi_data_fifo_v2_1_36_fifo_gen/<hidden>/<hidden>/<hidden>/<hidden>/<hidden>
    SLICE_X42Y96         LUT3 (Prop_lut3_I1_O)        0.045     1.181 f  gru_bin_version_wrapper/gru_bin_version/gru_bin_version_axi_mem_intercon_0/s02_couplers_imp_QTS1PG/gru_bin_version_axi_mem_intercon_imp_auto_pc_2/gru_bin_version_axi_mem_intercon_imp_auto_pc_2_axi_protocol_converter_v2_1_37_axi_protocol_converter/gru_bin_version_axi_mem_intercon_imp_auto_pc_2_axi_protocol_converter_v2_1_37_axi3_conv/gru_bin_version_axi_mem_intercon_imp_auto_pc_2_axi_protocol_converter_v2_1_37_a_axi3_conv/gru_bin_version_axi_mem_intercon_imp_auto_pc_2_axi_data_fifo_v2_1_36_axic_fifo/gru_bin_version_axi_mem_intercon_imp_auto_pc_2_axi_data_fifo_v2_1_36_fifo_gen/<hidden>/<hidden>/<hidden>/<hidden>/<hidden>
                         net (fo=32, routed)          0.153     1.333    gru_bin_version_wrapper/gru_bin_version/gru_bin_version_axi_mem_intercon_0/s02_couplers_imp_QTS1PG/gru_bin_version_axi_mem_intercon_imp_auto_pc_2/gru_bin_version_axi_mem_intercon_imp_auto_pc_2_axi_protocol_converter_v2_1_37_axi_protocol_converter/gru_bin_version_axi_mem_intercon_imp_auto_pc_2_axi_protocol_converter_v2_1_37_axi3_conv/gru_bin_version_axi_mem_intercon_imp_auto_pc_2_axi_protocol_converter_v2_1_37_a_axi3_conv/gru_bin_version_axi_mem_intercon_imp_auto_pc_2_axi_data_fifo_v2_1_36_axic_fifo/gru_bin_version_axi_mem_intercon_imp_auto_pc_2_axi_data_fifo_v2_1_36_fifo_gen/<hidden>/<hidden>/<hidden>/<hidden>/<hidden>/<hidden>
    SLICE_X45Y96         FDCE                                         f  gru_bin_version_wrapper/gru_bin_version/gru_bin_version_axi_mem_intercon_0/s02_couplers_imp_QTS1PG/gru_bin_version_axi_mem_intercon_imp_auto_pc_2/gru_bin_version_axi_mem_intercon_imp_auto_pc_2_axi_protocol_converter_v2_1_37_axi_protocol_converter/gru_bin_version_axi_mem_intercon_imp_auto_pc_2_axi_protocol_converter_v2_1_37_axi3_conv/gru_bin_version_axi_mem_intercon_imp_auto_pc_2_axi_protocol_converter_v2_1_37_a_axi3_conv/gru_bin_version_axi_mem_intercon_imp_auto_pc_2_axi_data_fifo_v2_1_36_axic_fifo/gru_bin_version_axi_mem_intercon_imp_auto_pc_2_axi_data_fifo_v2_1_36_fifo_gen/<hidden>/<hidden>/<hidden>/<hidden>/<hidden>/<hidden>
  -------------------------------------------------------------------    -------------------

                         (clock clk_fpga_0 rise edge)
                                                      0.000     0.000 r  
    PS7_X0Y0             PS7                          0.000     0.000 r  gru_bin_version_i/processing_system7_0/inst/PS7_i/FCLKCLK[0]
                         net (fo=1, routed)           0.337     0.337    gru_bin_version_i/processing_system7_0/inst/FCLK_CLK_unbuffered[0]
    BUFGCTRL_X0Y16       BUFG (Prop_bufg_I_O)         0.029     0.366 r  gru_bin_version_i/processing_system7_0/inst/buffer_fclk_clk_0.FCLK_CLK_0_BUFG/O
                         net (fo=22708, routed)       0.824     1.190    gru_bin_version_wrapper/gru_bin_version/gru_bin_version_axi_mem_intercon_0/s02_couplers_imp_QTS1PG/gru_bin_version_axi_mem_intercon_imp_auto_pc_2/gru_bin_version_axi_mem_intercon_imp_auto_pc_2_axi_protocol_converter_v2_1_37_axi_protocol_converter/gru_bin_version_axi_mem_intercon_imp_auto_pc_2_axi_protocol_converter_v2_1_37_axi3_conv/gru_bin_version_axi_mem_intercon_imp_auto_pc_2_axi_protocol_converter_v2_1_37_a_axi3_conv/gru_bin_version_axi_mem_intercon_imp_auto_pc_2_axi_data_fifo_v2_1_36_axic_fifo/gru_bin_version_axi_mem_intercon_imp_auto_pc_2_axi_data_fifo_v2_1_36_fifo_gen/<hidden>/<hidden>/<hidden>/<hidden>/<hidden>/<hidden>
    SLICE_X45Y96         FDCE                                         r  gru_bin_version_wrapper/gru_bin_version/gru_bin_version_axi_mem_intercon_0/s02_couplers_imp_QTS1PG/gru_bin_version_axi_mem_intercon_imp_auto_pc_2/gru_bin_version_axi_mem_intercon_imp_auto_pc_2_axi_protocol_converter_v2_1_37_axi_protocol_converter/gru_bin_version_axi_mem_intercon_imp_auto_pc_2_axi_protocol_converter_v2_1_37_axi3_conv/gru_bin_version_axi_mem_intercon_imp_auto_pc_2_axi_protocol_converter_v2_1_37_a_axi3_conv/gru_bin_version_axi_mem_intercon_imp_auto_pc_2_axi_data_fifo_v2_1_36_axic_fifo/gru_bin_version_axi_mem_intercon_imp_auto_pc_2_axi_data_fifo_v2_1_36_fifo_gen/<hidden>/<hidden>/<hidden>/<hidden>/<hidden>/<hidden>
                         clock pessimism             -0.264     0.926    
    SLICE_X45Y96         FDCE (Remov_fdce_C_CLR)     -0.092     0.834    gru_bin_version_wrapper/gru_bin_version/gru_bin_version_axi_mem_intercon_0/s02_couplers_imp_QTS1PG/gru_bin_version_axi_mem_intercon_imp_auto_pc_2/gru_bin_version_axi_mem_intercon_imp_auto_pc_2_axi_protocol_converter_v2_1_37_axi_protocol_converter/gru_bin_version_axi_mem_intercon_imp_auto_pc_2_axi_protocol_converter_v2_1_37_axi3_conv/gru_bin_version_axi_mem_intercon_imp_auto_pc_2_axi_protocol_converter_v2_1_37_a_axi3_conv/gru_bin_version_axi_mem_intercon_imp_auto_pc_2_axi_data_fifo_v2_1_36_axic_fifo/gru_bin_version_axi_mem_intercon_imp_auto_pc_2_axi_data_fifo_v2_1_36_fifo_gen/<hidden>/<hidden>/<hidden>/<hidden>/<hidden>/<hidden>
  -------------------------------------------------------------------
                         required time                         -0.834    
                         arrival time                           1.333    
  -------------------------------------------------------------------
                         slack                                  0.500    

Slack (MET) :             0.500ns  (arrival time - required time)
  Source:                 gru_bin_version_wrapper/gru_bin_version/gru_bin_version_axi_mem_intercon_0/s02_couplers_imp_QTS1PG/gru_bin_version_axi_mem_intercon_imp_auto_pc_2/gru_bin_version_axi_mem_intercon_imp_auto_pc_2_axi_protocol_converter_v2_1_37_axi_protocol_converter/gru_bin_version_axi_mem_intercon_imp_auto_pc_2_axi_protocol_converter_v2_1_37_axi3_conv/gru_bin_version_axi_mem_intercon_imp_auto_pc_2_axi_protocol_converter_v2_1_37_a_axi3_conv/gru_bin_version_axi_mem_intercon_imp_auto_pc_2_axi_data_fifo_v2_1_36_axic_fifo/gru_bin_version_axi_mem_intercon_imp_auto_pc_2_axi_data_fifo_v2_1_36_fifo_gen/<hidden>/<hidden>/<hidden>/<hidden>/<hidden>
                            (rising edge-triggered cell FDRE clocked by clk_fpga_0  {rise@0.000ns fall@5.000ns period=10.000ns})
  Destination:            gru_bin_version_wrapper/gru_bin_version/gru_bin_version_axi_mem_intercon_0/s02_couplers_imp_QTS1PG/gru_bin_version_axi_mem_intercon_imp_auto_pc_2/gru_bin_version_axi_mem_intercon_imp_auto_pc_2_axi_protocol_converter_v2_1_37_axi_protocol_converter/gru_bin_version_axi_mem_intercon_imp_auto_pc_2_axi_protocol_converter_v2_1_37_axi3_conv/gru_bin_version_axi_mem_intercon_imp_auto_pc_2_axi_protocol_converter_v2_1_37_a_axi3_conv/gru_bin_version_axi_mem_intercon_imp_auto_pc_2_axi_data_fifo_v2_1_36_axic_fifo/gru_bin_version_axi_mem_intercon_imp_auto_pc_2_axi_data_fifo_v2_1_36_fifo_gen/<hidden>/<hidden>/<hidden>/<hidden>/<hidden>/<hidden>
                            (removal check against rising-edge clock clk_fpga_0  {rise@0.000ns fall@5.000ns period=10.000ns})
  Path Group:             **async_default**
  Path Type:              Removal (Min at Fast Process Corner)
  Requirement:            0.000ns  (clk_fpga_0 rise@0.000ns - clk_fpga_0 rise@0.000ns)
  Data Path Delay:        0.442ns  (logic 0.186ns (42.094%)  route 0.256ns (57.906%))
  Logic Levels:           1  (LUT3=1)
  Clock Path Skew:        0.034ns (DCD - SCD - CPR)
    Destination Clock Delay (DCD):    1.190ns
    Source Clock Delay      (SCD):    0.892ns
    Clock Pessimism Removal (CPR):    0.264ns

    Location             Delay type                Incr(ns)  Path(ns)    Netlist Resource(s)
  -------------------------------------------------------------------    -------------------
                         (clock clk_fpga_0 rise edge)
                                                      0.000     0.000 r  
    PS7_X0Y0             PS7                          0.000     0.000 r  gru_bin_version_i/processing_system7_0/inst/PS7_i/FCLKCLK[0]
                         net (fo=1, routed)           0.310     0.310    gru_bin_version_i/processing_system7_0/inst/FCLK_CLK_unbuffered[0]
    BUFGCTRL_X0Y16       BUFG (Prop_bufg_I_O)         0.026     0.336 r  gru_bin_version_i/processing_system7_0/inst/buffer_fclk_clk_0.FCLK_CLK_0_BUFG/O
                         net (fo=22708, routed)       0.556     0.892    gru_bin_version_wrapper/gru_bin_version/gru_bin_version_axi_mem_intercon_0/s02_couplers_imp_QTS1PG/gru_bin_version_axi_mem_intercon_imp_auto_pc_2/gru_bin_version_axi_mem_intercon_imp_auto_pc_2_axi_protocol_converter_v2_1_37_axi_protocol_converter/gru_bin_version_axi_mem_intercon_imp_auto_pc_2_axi_protocol_converter_v2_1_37_axi3_conv/gru_bin_version_axi_mem_intercon_imp_auto_pc_2_axi_protocol_converter_v2_1_37_a_axi3_conv/gru_bin_version_axi_mem_intercon_imp_auto_pc_2_axi_data_fifo_v2_1_36_axic_fifo/gru_bin_version_axi_mem_intercon_imp_auto_pc_2_axi_data_fifo_v2_1_36_fifo_gen/<hidden>/<hidden>/<hidden>/<hidden>/<hidden>
    SLICE_X43Y96         FDRE                                         r  gru_bin_version_wrapper/gru_bin_version/gru_bin_version_axi_mem_intercon_0/s02_couplers_imp_QTS1PG/gru_bin_version_axi_mem_intercon_imp_auto_pc_2/gru_bin_version_axi_mem_intercon_imp_auto_pc_2_axi_protocol_converter_v2_1_37_axi_protocol_converter/gru_bin_version_axi_mem_intercon_imp_auto_pc_2_axi_protocol_converter_v2_1_37_axi3_conv/gru_bin_version_axi_mem_intercon_imp_auto_pc_2_axi_protocol_converter_v2_1_37_a_axi3_conv/gru_bin_version_axi_mem_intercon_imp_auto_pc_2_axi_data_fifo_v2_1_36_axic_fifo/gru_bin_version_axi_mem_intercon_imp_auto_pc_2_axi_data_fifo_v2_1_36_fifo_gen/<hidden>/<hidden>/<hidden>/<hidden>/<hidden>
  -------------------------------------------------------------------    -------------------
    SLICE_X43Y96         FDRE (Prop_fdre_C_Q)         0.141     1.033 f  gru_bin_version_wrapper/gru_bin_version/gru_bin_version_axi_mem_intercon_0/s02_couplers_imp_QTS1PG/gru_bin_version_axi_mem_intercon_imp_auto_pc_2/gru_bin_version_axi_mem_intercon_imp_auto_pc_2_axi_protocol_converter_v2_1_37_axi_protocol_converter/gru_bin_version_axi_mem_intercon_imp_auto_pc_2_axi_protocol_converter_v2_1_37_axi3_conv/gru_bin_version_axi_mem_intercon_imp_auto_pc_2_axi_protocol_converter_v2_1_37_a_axi3_conv/gru_bin_version_axi_mem_intercon_imp_auto_pc_2_axi_data_fifo_v2_1_36_axic_fifo/gru_bin_version_axi_mem_intercon_imp_auto_pc_2_axi_data_fifo_v2_1_36_fifo_gen/<hidden>/<hidden>/<hidden>/<hidden>/<hidden>
                         net (fo=2, routed)           0.103     1.136    gru_bin_version_wrapper/gru_bin_version/gru_bin_version_axi_mem_intercon_0/s02_couplers_imp_QTS1PG/gru_bin_version_axi_mem_intercon_imp_auto_pc_2/gru_bin_version_axi_mem_intercon_imp_auto_pc_2_axi_protocol_converter_v2_1_37_axi_protocol_converter/gru_bin_version_axi_mem_intercon_imp_auto_pc_2_axi_protocol_converter_v2_1_37_axi3_conv/gru_bin_version_axi_mem_intercon_imp_auto_pc_2_axi_protocol_converter_v2_1_37_a_axi3_conv/gru_bin_version_axi_mem_intercon_imp_auto_pc_2_axi_data_fifo_v2_1_36_axic_fifo/gru_bin_version_axi_mem_intercon_imp_auto_pc_2_axi_data_fifo_v2_1_36_fifo_gen/<hidden>/<hidden>/<hidden>/<hidden>/<hidden>
    SLICE_X42Y96         LUT3 (Prop_lut3_I1_O)        0.045     1.181 f  gru_bin_version_wrapper/gru_bin_version/gru_bin_version_axi_mem_intercon_0/s02_couplers_imp_QTS1PG/gru_bin_version_axi_mem_intercon_imp_auto_pc_2/gru_bin_version_axi_mem_intercon_imp_auto_pc_2_axi_protocol_converter_v2_1_37_axi_protocol_converter/gru_bin_version_axi_mem_intercon_imp_auto_pc_2_axi_protocol_converter_v2_1_37_axi3_conv/gru_bin_version_axi_mem_intercon_imp_auto_pc_2_axi_protocol_converter_v2_1_37_a_axi3_conv/gru_bin_version_axi_mem_intercon_imp_auto_pc_2_axi_data_fifo_v2_1_36_axic_fifo/gru_bin_version_axi_mem_intercon_imp_auto_pc_2_axi_data_fifo_v2_1_36_fifo_gen/<hidden>/<hidden>/<hidden>/<hidden>/<hidden>
                         net (fo=32, routed)          0.153     1.333    gru_bin_version_wrapper/gru_bin_version/gru_bin_version_axi_mem_intercon_0/s02_couplers_imp_QTS1PG/gru_bin_version_axi_mem_intercon_imp_auto_pc_2/gru_bin_version_axi_mem_intercon_imp_auto_pc_2_axi_protocol_converter_v2_1_37_axi_protocol_converter/gru_bin_version_axi_mem_intercon_imp_auto_pc_2_axi_protocol_converter_v2_1_37_axi3_conv/gru_bin_version_axi_mem_intercon_imp_auto_pc_2_axi_protocol_converter_v2_1_37_a_axi3_conv/gru_bin_version_axi_mem_intercon_imp_auto_pc_2_axi_data_fifo_v2_1_36_axic_fifo/gru_bin_version_axi_mem_intercon_imp_auto_pc_2_axi_data_fifo_v2_1_36_fifo_gen/<hidden>/<hidden>/<hidden>/<hidden>/<hidden>/<hidden>
    SLICE_X45Y96         FDCE                                         f  gru_bin_version_wrapper/gru_bin_version/gru_bin_version_axi_mem_intercon_0/s02_couplers_imp_QTS1PG/gru_bin_version_axi_mem_intercon_imp_auto_pc_2/gru_bin_version_axi_mem_intercon_imp_auto_pc_2_axi_protocol_converter_v2_1_37_axi_protocol_converter/gru_bin_version_axi_mem_intercon_imp_auto_pc_2_axi_protocol_converter_v2_1_37_axi3_conv/gru_bin_version_axi_mem_intercon_imp_auto_pc_2_axi_protocol_converter_v2_1_37_a_axi3_conv/gru_bin_version_axi_mem_intercon_imp_auto_pc_2_axi_data_fifo_v2_1_36_axic_fifo/gru_bin_version_axi_mem_intercon_imp_auto_pc_2_axi_data_fifo_v2_1_36_fifo_gen/<hidden>/<hidden>/<hidden>/<hidden>/<hidden>/<hidden>
  -------------------------------------------------------------------    -------------------

                         (clock clk_fpga_0 rise edge)
                                                      0.000     0.000 r  
    PS7_X0Y0             PS7                          0.000     0.000 r  gru_bin_version_i/processing_system7_0/inst/PS7_i/FCLKCLK[0]
                         net (fo=1, routed)           0.337     0.337    gru_bin_version_i/processing_system7_0/inst/FCLK_CLK_unbuffered[0]
    BUFGCTRL_X0Y16       BUFG (Prop_bufg_I_O)         0.029     0.366 r  gru_bin_version_i/processing_system7_0/inst/buffer_fclk_clk_0.FCLK_CLK_0_BUFG/O
                         net (fo=22708, routed)       0.824     1.190    gru_bin_version_wrapper/gru_bin_version/gru_bin_version_axi_mem_intercon_0/s02_couplers_imp_QTS1PG/gru_bin_version_axi_mem_intercon_imp_auto_pc_2/gru_bin_version_axi_mem_intercon_imp_auto_pc_2_axi_protocol_converter_v2_1_37_axi_protocol_converter/gru_bin_version_axi_mem_intercon_imp_auto_pc_2_axi_protocol_converter_v2_1_37_axi3_conv/gru_bin_version_axi_mem_intercon_imp_auto_pc_2_axi_protocol_converter_v2_1_37_a_axi3_conv/gru_bin_version_axi_mem_intercon_imp_auto_pc_2_axi_data_fifo_v2_1_36_axic_fifo/gru_bin_version_axi_mem_intercon_imp_auto_pc_2_axi_data_fifo_v2_1_36_fifo_gen/<hidden>/<hidden>/<hidden>/<hidden>/<hidden>/<hidden>
    SLICE_X45Y96         FDCE                                         r  gru_bin_version_wrapper/gru_bin_version/gru_bin_version_axi_mem_intercon_0/s02_couplers_imp_QTS1PG/gru_bin_version_axi_mem_intercon_imp_auto_pc_2/gru_bin_version_axi_mem_intercon_imp_auto_pc_2_axi_protocol_converter_v2_1_37_axi_protocol_converter/gru_bin_version_axi_mem_intercon_imp_auto_pc_2_axi_protocol_converter_v2_1_37_axi3_conv/gru_bin_version_axi_mem_intercon_imp_auto_pc_2_axi_protocol_converter_v2_1_37_a_axi3_conv/gru_bin_version_axi_mem_intercon_imp_auto_pc_2_axi_data_fifo_v2_1_36_axic_fifo/gru_bin_version_axi_mem_intercon_imp_auto_pc_2_axi_data_fifo_v2_1_36_fifo_gen/<hidden>/<hidden>/<hidden>/<hidden>/<hidden>/<hidden>
                         clock pessimism             -0.264     0.926    
    SLICE_X45Y96         FDCE (Remov_fdce_C_CLR)     -0.092     0.834    gru_bin_version_wrapper/gru_bin_version/gru_bin_version_axi_mem_intercon_0/s02_couplers_imp_QTS1PG/gru_bin_version_axi_mem_intercon_imp_auto_pc_2/gru_bin_version_axi_mem_intercon_imp_auto_pc_2_axi_protocol_converter_v2_1_37_axi_protocol_converter/gru_bin_version_axi_mem_intercon_imp_auto_pc_2_axi_protocol_converter_v2_1_37_axi3_conv/gru_bin_version_axi_mem_intercon_imp_auto_pc_2_axi_protocol_converter_v2_1_37_a_axi3_conv/gru_bin_version_axi_mem_intercon_imp_auto_pc_2_axi_data_fifo_v2_1_36_axic_fifo/gru_bin_version_axi_mem_intercon_imp_auto_pc_2_axi_data_fifo_v2_1_36_fifo_gen/<hidden>/<hidden>/<hidden>/<hidden>/<hidden>/<hidden>
  -------------------------------------------------------------------
                         required time                         -0.834    
                         arrival time                           1.333    
  -------------------------------------------------------------------
                         slack                                  0.500    

Slack (MET) :             0.500ns  (arrival time - required time)
  Source:                 gru_bin_version_wrapper/gru_bin_version/gru_bin_version_axi_mem_intercon_0/s02_couplers_imp_QTS1PG/gru_bin_version_axi_mem_intercon_imp_auto_pc_2/gru_bin_version_axi_mem_intercon_imp_auto_pc_2_axi_protocol_converter_v2_1_37_axi_protocol_converter/gru_bin_version_axi_mem_intercon_imp_auto_pc_2_axi_protocol_converter_v2_1_37_axi3_conv/gru_bin_version_axi_mem_intercon_imp_auto_pc_2_axi_protocol_converter_v2_1_37_a_axi3_conv/gru_bin_version_axi_mem_intercon_imp_auto_pc_2_axi_data_fifo_v2_1_36_axic_fifo/gru_bin_version_axi_mem_intercon_imp_auto_pc_2_axi_data_fifo_v2_1_36_fifo_gen/<hidden>/<hidden>/<hidden>/<hidden>/<hidden>
                            (rising edge-triggered cell FDRE clocked by clk_fpga_0  {rise@0.000ns fall@5.000ns period=10.000ns})
  Destination:            gru_bin_version_wrapper/gru_bin_version/gru_bin_version_axi_mem_intercon_0/s02_couplers_imp_QTS1PG/gru_bin_version_axi_mem_intercon_imp_auto_pc_2/gru_bin_version_axi_mem_intercon_imp_auto_pc_2_axi_protocol_converter_v2_1_37_axi_protocol_converter/gru_bin_version_axi_mem_intercon_imp_auto_pc_2_axi_protocol_converter_v2_1_37_axi3_conv/gru_bin_version_axi_mem_intercon_imp_auto_pc_2_axi_protocol_converter_v2_1_37_a_axi3_conv/gru_bin_version_axi_mem_intercon_imp_auto_pc_2_axi_data_fifo_v2_1_36_axic_fifo/gru_bin_version_axi_mem_intercon_imp_auto_pc_2_axi_data_fifo_v2_1_36_fifo_gen/<hidden>/<hidden>/<hidden>/<hidden>/<hidden>/<hidden>
                            (removal check against rising-edge clock clk_fpga_0  {rise@0.000ns fall@5.000ns period=10.000ns})
  Path Group:             **async_default**
  Path Type:              Removal (Min at Fast Process Corner)
  Requirement:            0.000ns  (clk_fpga_0 rise@0.000ns - clk_fpga_0 rise@0.000ns)
  Data Path Delay:        0.442ns  (logic 0.186ns (42.094%)  route 0.256ns (57.906%))
  Logic Levels:           1  (LUT3=1)
  Clock Path Skew:        0.034ns (DCD - SCD - CPR)
    Destination Clock Delay (DCD):    1.190ns
    Source Clock Delay      (SCD):    0.892ns
    Clock Pessimism Removal (CPR):    0.264ns

    Location             Delay type                Incr(ns)  Path(ns)    Netlist Resource(s)
  -------------------------------------------------------------------    -------------------
                         (clock clk_fpga_0 rise edge)
                                                      0.000     0.000 r  
    PS7_X0Y0             PS7                          0.000     0.000 r  gru_bin_version_i/processing_system7_0/inst/PS7_i/FCLKCLK[0]
                         net (fo=1, routed)           0.310     0.310    gru_bin_version_i/processing_system7_0/inst/FCLK_CLK_unbuffered[0]
    BUFGCTRL_X0Y16       BUFG (Prop_bufg_I_O)         0.026     0.336 r  gru_bin_version_i/processing_system7_0/inst/buffer_fclk_clk_0.FCLK_CLK_0_BUFG/O
                         net (fo=22708, routed)       0.556     0.892    gru_bin_version_wrapper/gru_bin_version/gru_bin_version_axi_mem_intercon_0/s02_couplers_imp_QTS1PG/gru_bin_version_axi_mem_intercon_imp_auto_pc_2/gru_bin_version_axi_mem_intercon_imp_auto_pc_2_axi_protocol_converter_v2_1_37_axi_protocol_converter/gru_bin_version_axi_mem_intercon_imp_auto_pc_2_axi_protocol_converter_v2_1_37_axi3_conv/gru_bin_version_axi_mem_intercon_imp_auto_pc_2_axi_protocol_converter_v2_1_37_a_axi3_conv/gru_bin_version_axi_mem_intercon_imp_auto_pc_2_axi_data_fifo_v2_1_36_axic_fifo/gru_bin_version_axi_mem_intercon_imp_auto_pc_2_axi_data_fifo_v2_1_36_fifo_gen/<hidden>/<hidden>/<hidden>/<hidden>/<hidden>
    SLICE_X43Y96         FDRE                                         r  gru_bin_version_wrapper/gru_bin_version/gru_bin_version_axi_mem_intercon_0/s02_couplers_imp_QTS1PG/gru_bin_version_axi_mem_intercon_imp_auto_pc_2/gru_bin_version_axi_mem_intercon_imp_auto_pc_2_axi_protocol_converter_v2_1_37_axi_protocol_converter/gru_bin_version_axi_mem_intercon_imp_auto_pc_2_axi_protocol_converter_v2_1_37_axi3_conv/gru_bin_version_axi_mem_intercon_imp_auto_pc_2_axi_protocol_converter_v2_1_37_a_axi3_conv/gru_bin_version_axi_mem_intercon_imp_auto_pc_2_axi_data_fifo_v2_1_36_axic_fifo/gru_bin_version_axi_mem_intercon_imp_auto_pc_2_axi_data_fifo_v2_1_36_fifo_gen/<hidden>/<hidden>/<hidden>/<hidden>/<hidden>
  -------------------------------------------------------------------    -------------------
    SLICE_X43Y96         FDRE (Prop_fdre_C_Q)         0.141     1.033 f  gru_bin_version_wrapper/gru_bin_version/gru_bin_version_axi_mem_intercon_0/s02_couplers_imp_QTS1PG/gru_bin_version_axi_mem_intercon_imp_auto_pc_2/gru_bin_version_axi_mem_intercon_imp_auto_pc_2_axi_protocol_converter_v2_1_37_axi_protocol_converter/gru_bin_version_axi_mem_intercon_imp_auto_pc_2_axi_protocol_converter_v2_1_37_axi3_conv/gru_bin_version_axi_mem_intercon_imp_auto_pc_2_axi_protocol_converter_v2_1_37_a_axi3_conv/gru_bin_version_axi_mem_intercon_imp_auto_pc_2_axi_data_fifo_v2_1_36_axic_fifo/gru_bin_version_axi_mem_intercon_imp_auto_pc_2_axi_data_fifo_v2_1_36_fifo_gen/<hidden>/<hidden>/<hidden>/<hidden>/<hidden>
                         net (fo=2, routed)           0.103     1.136    gru_bin_version_wrapper/gru_bin_version/gru_bin_version_axi_mem_intercon_0/s02_couplers_imp_QTS1PG/gru_bin_version_axi_mem_intercon_imp_auto_pc_2/gru_bin_version_axi_mem_intercon_imp_auto_pc_2_axi_protocol_converter_v2_1_37_axi_protocol_converter/gru_bin_version_axi_mem_intercon_imp_auto_pc_2_axi_protocol_converter_v2_1_37_axi3_conv/gru_bin_version_axi_mem_intercon_imp_auto_pc_2_axi_protocol_converter_v2_1_37_a_axi3_conv/gru_bin_version_axi_mem_intercon_imp_auto_pc_2_axi_data_fifo_v2_1_36_axic_fifo/gru_bin_version_axi_mem_intercon_imp_auto_pc_2_axi_data_fifo_v2_1_36_fifo_gen/<hidden>/<hidden>/<hidden>/<hidden>/<hidden>
    SLICE_X42Y96         LUT3 (Prop_lut3_I1_O)        0.045     1.181 f  gru_bin_version_wrapper/gru_bin_version/gru_bin_version_axi_mem_intercon_0/s02_couplers_imp_QTS1PG/gru_bin_version_axi_mem_intercon_imp_auto_pc_2/gru_bin_version_axi_mem_intercon_imp_auto_pc_2_axi_protocol_converter_v2_1_37_axi_protocol_converter/gru_bin_version_axi_mem_intercon_imp_auto_pc_2_axi_protocol_converter_v2_1_37_axi3_conv/gru_bin_version_axi_mem_intercon_imp_auto_pc_2_axi_protocol_converter_v2_1_37_a_axi3_conv/gru_bin_version_axi_mem_intercon_imp_auto_pc_2_axi_data_fifo_v2_1_36_axic_fifo/gru_bin_version_axi_mem_intercon_imp_auto_pc_2_axi_data_fifo_v2_1_36_fifo_gen/<hidden>/<hidden>/<hidden>/<hidden>/<hidden>
                         net (fo=32, routed)          0.153     1.333    gru_bin_version_wrapper/gru_bin_version/gru_bin_version_axi_mem_intercon_0/s02_couplers_imp_QTS1PG/gru_bin_version_axi_mem_intercon_imp_auto_pc_2/gru_bin_version_axi_mem_intercon_imp_auto_pc_2_axi_protocol_converter_v2_1_37_axi_protocol_converter/gru_bin_version_axi_mem_intercon_imp_auto_pc_2_axi_protocol_converter_v2_1_37_axi3_conv/gru_bin_version_axi_mem_intercon_imp_auto_pc_2_axi_protocol_converter_v2_1_37_a_axi3_conv/gru_bin_version_axi_mem_intercon_imp_auto_pc_2_axi_data_fifo_v2_1_36_axic_fifo/gru_bin_version_axi_mem_intercon_imp_auto_pc_2_axi_data_fifo_v2_1_36_fifo_gen/<hidden>/<hidden>/<hidden>/<hidden>/<hidden>/<hidden>
    SLICE_X45Y96         FDCE                                         f  gru_bin_version_wrapper/gru_bin_version/gru_bin_version_axi_mem_intercon_0/s02_couplers_imp_QTS1PG/gru_bin_version_axi_mem_intercon_imp_auto_pc_2/gru_bin_version_axi_mem_intercon_imp_auto_pc_2_axi_protocol_converter_v2_1_37_axi_protocol_converter/gru_bin_version_axi_mem_intercon_imp_auto_pc_2_axi_protocol_converter_v2_1_37_axi3_conv/gru_bin_version_axi_mem_intercon_imp_auto_pc_2_axi_protocol_converter_v2_1_37_a_axi3_conv/gru_bin_version_axi_mem_intercon_imp_auto_pc_2_axi_data_fifo_v2_1_36_axic_fifo/gru_bin_version_axi_mem_intercon_imp_auto_pc_2_axi_data_fifo_v2_1_36_fifo_gen/<hidden>/<hidden>/<hidden>/<hidden>/<hidden>/<hidden>
  -------------------------------------------------------------------    -------------------

                         (clock clk_fpga_0 rise edge)
                                                      0.000     0.000 r  
    PS7_X0Y0             PS7                          0.000     0.000 r  gru_bin_version_i/processing_system7_0/inst/PS7_i/FCLKCLK[0]
                         net (fo=1, routed)           0.337     0.337    gru_bin_version_i/processing_system7_0/inst/FCLK_CLK_unbuffered[0]
    BUFGCTRL_X0Y16       BUFG (Prop_bufg_I_O)         0.029     0.366 r  gru_bin_version_i/processing_system7_0/inst/buffer_fclk_clk_0.FCLK_CLK_0_BUFG/O
                         net (fo=22708, routed)       0.824     1.190    gru_bin_version_wrapper/gru_bin_version/gru_bin_version_axi_mem_intercon_0/s02_couplers_imp_QTS1PG/gru_bin_version_axi_mem_intercon_imp_auto_pc_2/gru_bin_version_axi_mem_intercon_imp_auto_pc_2_axi_protocol_converter_v2_1_37_axi_protocol_converter/gru_bin_version_axi_mem_intercon_imp_auto_pc_2_axi_protocol_converter_v2_1_37_axi3_conv/gru_bin_version_axi_mem_intercon_imp_auto_pc_2_axi_protocol_converter_v2_1_37_a_axi3_conv/gru_bin_version_axi_mem_intercon_imp_auto_pc_2_axi_data_fifo_v2_1_36_axic_fifo/gru_bin_version_axi_mem_intercon_imp_auto_pc_2_axi_data_fifo_v2_1_36_fifo_gen/<hidden>/<hidden>/<hidden>/<hidden>/<hidden>/<hidden>
    SLICE_X45Y96         FDCE                                         r  gru_bin_version_wrapper/gru_bin_version/gru_bin_version_axi_mem_intercon_0/s02_couplers_imp_QTS1PG/gru_bin_version_axi_mem_intercon_imp_auto_pc_2/gru_bin_version_axi_mem_intercon_imp_auto_pc_2_axi_protocol_converter_v2_1_37_axi_protocol_converter/gru_bin_version_axi_mem_intercon_imp_auto_pc_2_axi_protocol_converter_v2_1_37_axi3_conv/gru_bin_version_axi_mem_intercon_imp_auto_pc_2_axi_protocol_converter_v2_1_37_a_axi3_conv/gru_bin_version_axi_mem_intercon_imp_auto_pc_2_axi_data_fifo_v2_1_36_axic_fifo/gru_bin_version_axi_mem_intercon_imp_auto_pc_2_axi_data_fifo_v2_1_36_fifo_gen/<hidden>/<hidden>/<hidden>/<hidden>/<hidden>/<hidden>
                         clock pessimism             -0.264     0.926    
    SLICE_X45Y96         FDCE (Remov_fdce_C_CLR)     -0.092     0.834    gru_bin_version_wrapper/gru_bin_version/gru_bin_version_axi_mem_intercon_0/s02_couplers_imp_QTS1PG/gru_bin_version_axi_mem_intercon_imp_auto_pc_2/gru_bin_version_axi_mem_intercon_imp_auto_pc_2_axi_protocol_converter_v2_1_37_axi_protocol_converter/gru_bin_version_axi_mem_intercon_imp_auto_pc_2_axi_protocol_converter_v2_1_37_axi3_conv/gru_bin_version_axi_mem_intercon_imp_auto_pc_2_axi_protocol_converter_v2_1_37_a_axi3_conv/gru_bin_version_axi_mem_intercon_imp_auto_pc_2_axi_data_fifo_v2_1_36_axic_fifo/gru_bin_version_axi_mem_intercon_imp_auto_pc_2_axi_data_fifo_v2_1_36_fifo_gen/<hidden>/<hidden>/<hidden>/<hidden>/<hidden>/<hidden>
  -------------------------------------------------------------------
                         required time                         -0.834    
                         arrival time                           1.333    
  -------------------------------------------------------------------
                         slack                                  0.500    

Slack (MET) :             0.500ns  (arrival time - required time)
  Source:                 gru_bin_version_wrapper/gru_bin_version/gru_bin_version_axi_mem_intercon_0/s02_couplers_imp_QTS1PG/gru_bin_version_axi_mem_intercon_imp_auto_pc_2/gru_bin_version_axi_mem_intercon_imp_auto_pc_2_axi_protocol_converter_v2_1_37_axi_protocol_converter/gru_bin_version_axi_mem_intercon_imp_auto_pc_2_axi_protocol_converter_v2_1_37_axi3_conv/gru_bin_version_axi_mem_intercon_imp_auto_pc_2_axi_protocol_converter_v2_1_37_a_axi3_conv/gru_bin_version_axi_mem_intercon_imp_auto_pc_2_axi_data_fifo_v2_1_36_axic_fifo/gru_bin_version_axi_mem_intercon_imp_auto_pc_2_axi_data_fifo_v2_1_36_fifo_gen/<hidden>/<hidden>/<hidden>/<hidden>/<hidden>
                            (rising edge-triggered cell FDRE clocked by clk_fpga_0  {rise@0.000ns fall@5.000ns period=10.000ns})
  Destination:            gru_bin_version_wrapper/gru_bin_version/gru_bin_version_axi_mem_intercon_0/s02_couplers_imp_QTS1PG/gru_bin_version_axi_mem_intercon_imp_auto_pc_2/gru_bin_version_axi_mem_intercon_imp_auto_pc_2_axi_protocol_converter_v2_1_37_axi_protocol_converter/gru_bin_version_axi_mem_intercon_imp_auto_pc_2_axi_protocol_converter_v2_1_37_axi3_conv/gru_bin_version_axi_mem_intercon_imp_auto_pc_2_axi_protocol_converter_v2_1_37_a_axi3_conv/gru_bin_version_axi_mem_intercon_imp_auto_pc_2_axi_data_fifo_v2_1_36_axic_fifo/gru_bin_version_axi_mem_intercon_imp_auto_pc_2_axi_data_fifo_v2_1_36_fifo_gen/<hidden>/<hidden>/<hidden>/<hidden>/<hidden>/<hidden>
                            (removal check against rising-edge clock clk_fpga_0  {rise@0.000ns fall@5.000ns period=10.000ns})
  Path Group:             **async_default**
  Path Type:              Removal (Min at Fast Process Corner)
  Requirement:            0.000ns  (clk_fpga_0 rise@0.000ns - clk_fpga_0 rise@0.000ns)
  Data Path Delay:        0.442ns  (logic 0.186ns (42.094%)  route 0.256ns (57.906%))
  Logic Levels:           1  (LUT3=1)
  Clock Path Skew:        0.034ns (DCD - SCD - CPR)
    Destination Clock Delay (DCD):    1.190ns
    Source Clock Delay      (SCD):    0.892ns
    Clock Pessimism Removal (CPR):    0.264ns

    Location             Delay type                Incr(ns)  Path(ns)    Netlist Resource(s)
  -------------------------------------------------------------------    -------------------
                         (clock clk_fpga_0 rise edge)
                                                      0.000     0.000 r  
    PS7_X0Y0             PS7                          0.000     0.000 r  gru_bin_version_i/processing_system7_0/inst/PS7_i/FCLKCLK[0]
                         net (fo=1, routed)           0.310     0.310    gru_bin_version_i/processing_system7_0/inst/FCLK_CLK_unbuffered[0]
    BUFGCTRL_X0Y16       BUFG (Prop_bufg_I_O)         0.026     0.336 r  gru_bin_version_i/processing_system7_0/inst/buffer_fclk_clk_0.FCLK_CLK_0_BUFG/O
                         net (fo=22708, routed)       0.556     0.892    gru_bin_version_wrapper/gru_bin_version/gru_bin_version_axi_mem_intercon_0/s02_couplers_imp_QTS1PG/gru_bin_version_axi_mem_intercon_imp_auto_pc_2/gru_bin_version_axi_mem_intercon_imp_auto_pc_2_axi_protocol_converter_v2_1_37_axi_protocol_converter/gru_bin_version_axi_mem_intercon_imp_auto_pc_2_axi_protocol_converter_v2_1_37_axi3_conv/gru_bin_version_axi_mem_intercon_imp_auto_pc_2_axi_protocol_converter_v2_1_37_a_axi3_conv/gru_bin_version_axi_mem_intercon_imp_auto_pc_2_axi_data_fifo_v2_1_36_axic_fifo/gru_bin_version_axi_mem_intercon_imp_auto_pc_2_axi_data_fifo_v2_1_36_fifo_gen/<hidden>/<hidden>/<hidden>/<hidden>/<hidden>
    SLICE_X43Y96         FDRE                                         r  gru_bin_version_wrapper/gru_bin_version/gru_bin_version_axi_mem_intercon_0/s02_couplers_imp_QTS1PG/gru_bin_version_axi_mem_intercon_imp_auto_pc_2/gru_bin_version_axi_mem_intercon_imp_auto_pc_2_axi_protocol_converter_v2_1_37_axi_protocol_converter/gru_bin_version_axi_mem_intercon_imp_auto_pc_2_axi_protocol_converter_v2_1_37_axi3_conv/gru_bin_version_axi_mem_intercon_imp_auto_pc_2_axi_protocol_converter_v2_1_37_a_axi3_conv/gru_bin_version_axi_mem_intercon_imp_auto_pc_2_axi_data_fifo_v2_1_36_axic_fifo/gru_bin_version_axi_mem_intercon_imp_auto_pc_2_axi_data_fifo_v2_1_36_fifo_gen/<hidden>/<hidden>/<hidden>/<hidden>/<hidden>
  -------------------------------------------------------------------    -------------------
    SLICE_X43Y96         FDRE (Prop_fdre_C_Q)         0.141     1.033 f  gru_bin_version_wrapper/gru_bin_version/gru_bin_version_axi_mem_intercon_0/s02_couplers_imp_QTS1PG/gru_bin_version_axi_mem_intercon_imp_auto_pc_2/gru_bin_version_axi_mem_intercon_imp_auto_pc_2_axi_protocol_converter_v2_1_37_axi_protocol_converter/gru_bin_version_axi_mem_intercon_imp_auto_pc_2_axi_protocol_converter_v2_1_37_axi3_conv/gru_bin_version_axi_mem_intercon_imp_auto_pc_2_axi_protocol_converter_v2_1_37_a_axi3_conv/gru_bin_version_axi_mem_intercon_imp_auto_pc_2_axi_data_fifo_v2_1_36_axic_fifo/gru_bin_version_axi_mem_intercon_imp_auto_pc_2_axi_data_fifo_v2_1_36_fifo_gen/<hidden>/<hidden>/<hidden>/<hidden>/<hidden>
                         net (fo=2, routed)           0.103     1.136    gru_bin_version_wrapper/gru_bin_version/gru_bin_version_axi_mem_intercon_0/s02_couplers_imp_QTS1PG/gru_bin_version_axi_mem_intercon_imp_auto_pc_2/gru_bin_version_axi_mem_intercon_imp_auto_pc_2_axi_protocol_converter_v2_1_37_axi_protocol_converter/gru_bin_version_axi_mem_intercon_imp_auto_pc_2_axi_protocol_converter_v2_1_37_axi3_conv/gru_bin_version_axi_mem_intercon_imp_auto_pc_2_axi_protocol_converter_v2_1_37_a_axi3_conv/gru_bin_version_axi_mem_intercon_imp_auto_pc_2_axi_data_fifo_v2_1_36_axic_fifo/gru_bin_version_axi_mem_intercon_imp_auto_pc_2_axi_data_fifo_v2_1_36_fifo_gen/<hidden>/<hidden>/<hidden>/<hidden>/<hidden>
    SLICE_X42Y96         LUT3 (Prop_lut3_I1_O)        0.045     1.181 f  gru_bin_version_wrapper/gru_bin_version/gru_bin_version_axi_mem_intercon_0/s02_couplers_imp_QTS1PG/gru_bin_version_axi_mem_intercon_imp_auto_pc_2/gru_bin_version_axi_mem_intercon_imp_auto_pc_2_axi_protocol_converter_v2_1_37_axi_protocol_converter/gru_bin_version_axi_mem_intercon_imp_auto_pc_2_axi_protocol_converter_v2_1_37_axi3_conv/gru_bin_version_axi_mem_intercon_imp_auto_pc_2_axi_protocol_converter_v2_1_37_a_axi3_conv/gru_bin_version_axi_mem_intercon_imp_auto_pc_2_axi_data_fifo_v2_1_36_axic_fifo/gru_bin_version_axi_mem_intercon_imp_auto_pc_2_axi_data_fifo_v2_1_36_fifo_gen/<hidden>/<hidden>/<hidden>/<hidden>/<hidden>
                         net (fo=32, routed)          0.153     1.333    gru_bin_version_wrapper/gru_bin_version/gru_bin_version_axi_mem_intercon_0/s02_couplers_imp_QTS1PG/gru_bin_version_axi_mem_intercon_imp_auto_pc_2/gru_bin_version_axi_mem_intercon_imp_auto_pc_2_axi_protocol_converter_v2_1_37_axi_protocol_converter/gru_bin_version_axi_mem_intercon_imp_auto_pc_2_axi_protocol_converter_v2_1_37_axi3_conv/gru_bin_version_axi_mem_intercon_imp_auto_pc_2_axi_protocol_converter_v2_1_37_a_axi3_conv/gru_bin_version_axi_mem_intercon_imp_auto_pc_2_axi_data_fifo_v2_1_36_axic_fifo/gru_bin_version_axi_mem_intercon_imp_auto_pc_2_axi_data_fifo_v2_1_36_fifo_gen/<hidden>/<hidden>/<hidden>/<hidden>/<hidden>/<hidden>
    SLICE_X45Y96         FDCE                                         f  gru_bin_version_wrapper/gru_bin_version/gru_bin_version_axi_mem_intercon_0/s02_couplers_imp_QTS1PG/gru_bin_version_axi_mem_intercon_imp_auto_pc_2/gru_bin_version_axi_mem_intercon_imp_auto_pc_2_axi_protocol_converter_v2_1_37_axi_protocol_converter/gru_bin_version_axi_mem_intercon_imp_auto_pc_2_axi_protocol_converter_v2_1_37_axi3_conv/gru_bin_version_axi_mem_intercon_imp_auto_pc_2_axi_protocol_converter_v2_1_37_a_axi3_conv/gru_bin_version_axi_mem_intercon_imp_auto_pc_2_axi_data_fifo_v2_1_36_axic_fifo/gru_bin_version_axi_mem_intercon_imp_auto_pc_2_axi_data_fifo_v2_1_36_fifo_gen/<hidden>/<hidden>/<hidden>/<hidden>/<hidden>/<hidden>
  -------------------------------------------------------------------    -------------------

                         (clock clk_fpga_0 rise edge)
                                                      0.000     0.000 r  
    PS7_X0Y0             PS7                          0.000     0.000 r  gru_bin_version_i/processing_system7_0/inst/PS7_i/FCLKCLK[0]
                         net (fo=1, routed)           0.337     0.337    gru_bin_version_i/processing_system7_0/inst/FCLK_CLK_unbuffered[0]
    BUFGCTRL_X0Y16       BUFG (Prop_bufg_I_O)         0.029     0.366 r  gru_bin_version_i/processing_system7_0/inst/buffer_fclk_clk_0.FCLK_CLK_0_BUFG/O
                         net (fo=22708, routed)       0.824     1.190    gru_bin_version_wrapper/gru_bin_version/gru_bin_version_axi_mem_intercon_0/s02_couplers_imp_QTS1PG/gru_bin_version_axi_mem_intercon_imp_auto_pc_2/gru_bin_version_axi_mem_intercon_imp_auto_pc_2_axi_protocol_converter_v2_1_37_axi_protocol_converter/gru_bin_version_axi_mem_intercon_imp_auto_pc_2_axi_protocol_converter_v2_1_37_axi3_conv/gru_bin_version_axi_mem_intercon_imp_auto_pc_2_axi_protocol_converter_v2_1_37_a_axi3_conv/gru_bin_version_axi_mem_intercon_imp_auto_pc_2_axi_data_fifo_v2_1_36_axic_fifo/gru_bin_version_axi_mem_intercon_imp_auto_pc_2_axi_data_fifo_v2_1_36_fifo_gen/<hidden>/<hidden>/<hidden>/<hidden>/<hidden>/<hidden>
    SLICE_X45Y96         FDCE                                         r  gru_bin_version_wrapper/gru_bin_version/gru_bin_version_axi_mem_intercon_0/s02_couplers_imp_QTS1PG/gru_bin_version_axi_mem_intercon_imp_auto_pc_2/gru_bin_version_axi_mem_intercon_imp_auto_pc_2_axi_protocol_converter_v2_1_37_axi_protocol_converter/gru_bin_version_axi_mem_intercon_imp_auto_pc_2_axi_protocol_converter_v2_1_37_axi3_conv/gru_bin_version_axi_mem_intercon_imp_auto_pc_2_axi_protocol_converter_v2_1_37_a_axi3_conv/gru_bin_version_axi_mem_intercon_imp_auto_pc_2_axi_data_fifo_v2_1_36_axic_fifo/gru_bin_version_axi_mem_intercon_imp_auto_pc_2_axi_data_fifo_v2_1_36_fifo_gen/<hidden>/<hidden>/<hidden>/<hidden>/<hidden>/<hidden>
                         clock pessimism             -0.264     0.926    
    SLICE_X45Y96         FDCE (Remov_fdce_C_CLR)     -0.092     0.834    gru_bin_version_wrapper/gru_bin_version/gru_bin_version_axi_mem_intercon_0/s02_couplers_imp_QTS1PG/gru_bin_version_axi_mem_intercon_imp_auto_pc_2/gru_bin_version_axi_mem_intercon_imp_auto_pc_2_axi_protocol_converter_v2_1_37_axi_protocol_converter/gru_bin_version_axi_mem_intercon_imp_auto_pc_2_axi_protocol_converter_v2_1_37_axi3_conv/gru_bin_version_axi_mem_intercon_imp_auto_pc_2_axi_protocol_converter_v2_1_37_a_axi3_conv/gru_bin_version_axi_mem_intercon_imp_auto_pc_2_axi_data_fifo_v2_1_36_axic_fifo/gru_bin_version_axi_mem_intercon_imp_auto_pc_2_axi_data_fifo_v2_1_36_fifo_gen/<hidden>/<hidden>/<hidden>/<hidden>/<hidden>/<hidden>
  -------------------------------------------------------------------
                         required time                         -0.834    
                         arrival time                           1.333    
  -------------------------------------------------------------------
                         slack                                  0.500    

Slack (MET) :             0.500ns  (arrival time - required time)
  Source:                 gru_bin_version_wrapper/gru_bin_version/gru_bin_version_axi_mem_intercon_0/s02_couplers_imp_QTS1PG/gru_bin_version_axi_mem_intercon_imp_auto_pc_2/gru_bin_version_axi_mem_intercon_imp_auto_pc_2_axi_protocol_converter_v2_1_37_axi_protocol_converter/gru_bin_version_axi_mem_intercon_imp_auto_pc_2_axi_protocol_converter_v2_1_37_axi3_conv/gru_bin_version_axi_mem_intercon_imp_auto_pc_2_axi_protocol_converter_v2_1_37_a_axi3_conv/gru_bin_version_axi_mem_intercon_imp_auto_pc_2_axi_data_fifo_v2_1_36_axic_fifo/gru_bin_version_axi_mem_intercon_imp_auto_pc_2_axi_data_fifo_v2_1_36_fifo_gen/<hidden>/<hidden>/<hidden>/<hidden>/<hidden>
                            (rising edge-triggered cell FDRE clocked by clk_fpga_0  {rise@0.000ns fall@5.000ns period=10.000ns})
  Destination:            gru_bin_version_wrapper/gru_bin_version/gru_bin_version_axi_mem_intercon_0/s02_couplers_imp_QTS1PG/gru_bin_version_axi_mem_intercon_imp_auto_pc_2/gru_bin_version_axi_mem_intercon_imp_auto_pc_2_axi_protocol_converter_v2_1_37_axi_protocol_converter/gru_bin_version_axi_mem_intercon_imp_auto_pc_2_axi_protocol_converter_v2_1_37_axi3_conv/gru_bin_version_axi_mem_intercon_imp_auto_pc_2_axi_protocol_converter_v2_1_37_a_axi3_conv/gru_bin_version_axi_mem_intercon_imp_auto_pc_2_axi_data_fifo_v2_1_36_axic_fifo/gru_bin_version_axi_mem_intercon_imp_auto_pc_2_axi_data_fifo_v2_1_36_fifo_gen/<hidden>/<hidden>/<hidden>/<hidden>/<hidden>/<hidden>
                            (removal check against rising-edge clock clk_fpga_0  {rise@0.000ns fall@5.000ns period=10.000ns})
  Path Group:             **async_default**
  Path Type:              Removal (Min at Fast Process Corner)
  Requirement:            0.000ns  (clk_fpga_0 rise@0.000ns - clk_fpga_0 rise@0.000ns)
  Data Path Delay:        0.442ns  (logic 0.186ns (42.094%)  route 0.256ns (57.906%))
  Logic Levels:           1  (LUT3=1)
  Clock Path Skew:        0.034ns (DCD - SCD - CPR)
    Destination Clock Delay (DCD):    1.190ns
    Source Clock Delay      (SCD):    0.892ns
    Clock Pessimism Removal (CPR):    0.264ns

    Location             Delay type                Incr(ns)  Path(ns)    Netlist Resource(s)
  -------------------------------------------------------------------    -------------------
                         (clock clk_fpga_0 rise edge)
                                                      0.000     0.000 r  
    PS7_X0Y0             PS7                          0.000     0.000 r  gru_bin_version_i/processing_system7_0/inst/PS7_i/FCLKCLK[0]
                         net (fo=1, routed)           0.310     0.310    gru_bin_version_i/processing_system7_0/inst/FCLK_CLK_unbuffered[0]
    BUFGCTRL_X0Y16       BUFG (Prop_bufg_I_O)         0.026     0.336 r  gru_bin_version_i/processing_system7_0/inst/buffer_fclk_clk_0.FCLK_CLK_0_BUFG/O
                         net (fo=22708, routed)       0.556     0.892    gru_bin_version_wrapper/gru_bin_version/gru_bin_version_axi_mem_intercon_0/s02_couplers_imp_QTS1PG/gru_bin_version_axi_mem_intercon_imp_auto_pc_2/gru_bin_version_axi_mem_intercon_imp_auto_pc_2_axi_protocol_converter_v2_1_37_axi_protocol_converter/gru_bin_version_axi_mem_intercon_imp_auto_pc_2_axi_protocol_converter_v2_1_37_axi3_conv/gru_bin_version_axi_mem_intercon_imp_auto_pc_2_axi_protocol_converter_v2_1_37_a_axi3_conv/gru_bin_version_axi_mem_intercon_imp_auto_pc_2_axi_data_fifo_v2_1_36_axic_fifo/gru_bin_version_axi_mem_intercon_imp_auto_pc_2_axi_data_fifo_v2_1_36_fifo_gen/<hidden>/<hidden>/<hidden>/<hidden>/<hidden>
    SLICE_X43Y96         FDRE                                         r  gru_bin_version_wrapper/gru_bin_version/gru_bin_version_axi_mem_intercon_0/s02_couplers_imp_QTS1PG/gru_bin_version_axi_mem_intercon_imp_auto_pc_2/gru_bin_version_axi_mem_intercon_imp_auto_pc_2_axi_protocol_converter_v2_1_37_axi_protocol_converter/gru_bin_version_axi_mem_intercon_imp_auto_pc_2_axi_protocol_converter_v2_1_37_axi3_conv/gru_bin_version_axi_mem_intercon_imp_auto_pc_2_axi_protocol_converter_v2_1_37_a_axi3_conv/gru_bin_version_axi_mem_intercon_imp_auto_pc_2_axi_data_fifo_v2_1_36_axic_fifo/gru_bin_version_axi_mem_intercon_imp_auto_pc_2_axi_data_fifo_v2_1_36_fifo_gen/<hidden>/<hidden>/<hidden>/<hidden>/<hidden>
  -------------------------------------------------------------------    -------------------
    SLICE_X43Y96         FDRE (Prop_fdre_C_Q)         0.141     1.033 f  gru_bin_version_wrapper/gru_bin_version/gru_bin_version_axi_mem_intercon_0/s02_couplers_imp_QTS1PG/gru_bin_version_axi_mem_intercon_imp_auto_pc_2/gru_bin_version_axi_mem_intercon_imp_auto_pc_2_axi_protocol_converter_v2_1_37_axi_protocol_converter/gru_bin_version_axi_mem_intercon_imp_auto_pc_2_axi_protocol_converter_v2_1_37_axi3_conv/gru_bin_version_axi_mem_intercon_imp_auto_pc_2_axi_protocol_converter_v2_1_37_a_axi3_conv/gru_bin_version_axi_mem_intercon_imp_auto_pc_2_axi_data_fifo_v2_1_36_axic_fifo/gru_bin_version_axi_mem_intercon_imp_auto_pc_2_axi_data_fifo_v2_1_36_fifo_gen/<hidden>/<hidden>/<hidden>/<hidden>/<hidden>
                         net (fo=2, routed)           0.103     1.136    gru_bin_version_wrapper/gru_bin_version/gru_bin_version_axi_mem_intercon_0/s02_couplers_imp_QTS1PG/gru_bin_version_axi_mem_intercon_imp_auto_pc_2/gru_bin_version_axi_mem_intercon_imp_auto_pc_2_axi_protocol_converter_v2_1_37_axi_protocol_converter/gru_bin_version_axi_mem_intercon_imp_auto_pc_2_axi_protocol_converter_v2_1_37_axi3_conv/gru_bin_version_axi_mem_intercon_imp_auto_pc_2_axi_protocol_converter_v2_1_37_a_axi3_conv/gru_bin_version_axi_mem_intercon_imp_auto_pc_2_axi_data_fifo_v2_1_36_axic_fifo/gru_bin_version_axi_mem_intercon_imp_auto_pc_2_axi_data_fifo_v2_1_36_fifo_gen/<hidden>/<hidden>/<hidden>/<hidden>/<hidden>
    SLICE_X42Y96         LUT3 (Prop_lut3_I1_O)        0.045     1.181 f  gru_bin_version_wrapper/gru_bin_version/gru_bin_version_axi_mem_intercon_0/s02_couplers_imp_QTS1PG/gru_bin_version_axi_mem_intercon_imp_auto_pc_2/gru_bin_version_axi_mem_intercon_imp_auto_pc_2_axi_protocol_converter_v2_1_37_axi_protocol_converter/gru_bin_version_axi_mem_intercon_imp_auto_pc_2_axi_protocol_converter_v2_1_37_axi3_conv/gru_bin_version_axi_mem_intercon_imp_auto_pc_2_axi_protocol_converter_v2_1_37_a_axi3_conv/gru_bin_version_axi_mem_intercon_imp_auto_pc_2_axi_data_fifo_v2_1_36_axic_fifo/gru_bin_version_axi_mem_intercon_imp_auto_pc_2_axi_data_fifo_v2_1_36_fifo_gen/<hidden>/<hidden>/<hidden>/<hidden>/<hidden>
                         net (fo=32, routed)          0.153     1.333    gru_bin_version_wrapper/gru_bin_version/gru_bin_version_axi_mem_intercon_0/s02_couplers_imp_QTS1PG/gru_bin_version_axi_mem_intercon_imp_auto_pc_2/gru_bin_version_axi_mem_intercon_imp_auto_pc_2_axi_protocol_converter_v2_1_37_axi_protocol_converter/gru_bin_version_axi_mem_intercon_imp_auto_pc_2_axi_protocol_converter_v2_1_37_axi3_conv/gru_bin_version_axi_mem_intercon_imp_auto_pc_2_axi_protocol_converter_v2_1_37_a_axi3_conv/gru_bin_version_axi_mem_intercon_imp_auto_pc_2_axi_data_fifo_v2_1_36_axic_fifo/gru_bin_version_axi_mem_intercon_imp_auto_pc_2_axi_data_fifo_v2_1_36_fifo_gen/<hidden>/<hidden>/<hidden>/<hidden>/<hidden>/<hidden>
    SLICE_X45Y96         FDCE                                         f  gru_bin_version_wrapper/gru_bin_version/gru_bin_version_axi_mem_intercon_0/s02_couplers_imp_QTS1PG/gru_bin_version_axi_mem_intercon_imp_auto_pc_2/gru_bin_version_axi_mem_intercon_imp_auto_pc_2_axi_protocol_converter_v2_1_37_axi_protocol_converter/gru_bin_version_axi_mem_intercon_imp_auto_pc_2_axi_protocol_converter_v2_1_37_axi3_conv/gru_bin_version_axi_mem_intercon_imp_auto_pc_2_axi_protocol_converter_v2_1_37_a_axi3_conv/gru_bin_version_axi_mem_intercon_imp_auto_pc_2_axi_data_fifo_v2_1_36_axic_fifo/gru_bin_version_axi_mem_intercon_imp_auto_pc_2_axi_data_fifo_v2_1_36_fifo_gen/<hidden>/<hidden>/<hidden>/<hidden>/<hidden>/<hidden>
  -------------------------------------------------------------------    -------------------

                         (clock clk_fpga_0 rise edge)
                                                      0.000     0.000 r  
    PS7_X0Y0             PS7                          0.000     0.000 r  gru_bin_version_i/processing_system7_0/inst/PS7_i/FCLKCLK[0]
                         net (fo=1, routed)           0.337     0.337    gru_bin_version_i/processing_system7_0/inst/FCLK_CLK_unbuffered[0]
    BUFGCTRL_X0Y16       BUFG (Prop_bufg_I_O)         0.029     0.366 r  gru_bin_version_i/processing_system7_0/inst/buffer_fclk_clk_0.FCLK_CLK_0_BUFG/O
                         net (fo=22708, routed)       0.824     1.190    gru_bin_version_wrapper/gru_bin_version/gru_bin_version_axi_mem_intercon_0/s02_couplers_imp_QTS1PG/gru_bin_version_axi_mem_intercon_imp_auto_pc_2/gru_bin_version_axi_mem_intercon_imp_auto_pc_2_axi_protocol_converter_v2_1_37_axi_protocol_converter/gru_bin_version_axi_mem_intercon_imp_auto_pc_2_axi_protocol_converter_v2_1_37_axi3_conv/gru_bin_version_axi_mem_intercon_imp_auto_pc_2_axi_protocol_converter_v2_1_37_a_axi3_conv/gru_bin_version_axi_mem_intercon_imp_auto_pc_2_axi_data_fifo_v2_1_36_axic_fifo/gru_bin_version_axi_mem_intercon_imp_auto_pc_2_axi_data_fifo_v2_1_36_fifo_gen/<hidden>/<hidden>/<hidden>/<hidden>/<hidden>/<hidden>
    SLICE_X45Y96         FDCE                                         r  gru_bin_version_wrapper/gru_bin_version/gru_bin_version_axi_mem_intercon_0/s02_couplers_imp_QTS1PG/gru_bin_version_axi_mem_intercon_imp_auto_pc_2/gru_bin_version_axi_mem_intercon_imp_auto_pc_2_axi_protocol_converter_v2_1_37_axi_protocol_converter/gru_bin_version_axi_mem_intercon_imp_auto_pc_2_axi_protocol_converter_v2_1_37_axi3_conv/gru_bin_version_axi_mem_intercon_imp_auto_pc_2_axi_protocol_converter_v2_1_37_a_axi3_conv/gru_bin_version_axi_mem_intercon_imp_auto_pc_2_axi_data_fifo_v2_1_36_axic_fifo/gru_bin_version_axi_mem_intercon_imp_auto_pc_2_axi_data_fifo_v2_1_36_fifo_gen/<hidden>/<hidden>/<hidden>/<hidden>/<hidden>/<hidden>
                         clock pessimism             -0.264     0.926    
    SLICE_X45Y96         FDCE (Remov_fdce_C_CLR)     -0.092     0.834    gru_bin_version_wrapper/gru_bin_version/gru_bin_version_axi_mem_intercon_0/s02_couplers_imp_QTS1PG/gru_bin_version_axi_mem_intercon_imp_auto_pc_2/gru_bin_version_axi_mem_intercon_imp_auto_pc_2_axi_protocol_converter_v2_1_37_axi_protocol_converter/gru_bin_version_axi_mem_intercon_imp_auto_pc_2_axi_protocol_converter_v2_1_37_axi3_conv/gru_bin_version_axi_mem_intercon_imp_auto_pc_2_axi_protocol_converter_v2_1_37_a_axi3_conv/gru_bin_version_axi_mem_intercon_imp_auto_pc_2_axi_data_fifo_v2_1_36_axic_fifo/gru_bin_version_axi_mem_intercon_imp_auto_pc_2_axi_data_fifo_v2_1_36_fifo_gen/<hidden>/<hidden>/<hidden>/<hidden>/<hidden>/<hidden>
  -------------------------------------------------------------------
                         required time                         -0.834    
                         arrival time                           1.333    
  -------------------------------------------------------------------
                         slack                                  0.500    

Slack (MET) :             0.557ns  (arrival time - required time)
  Source:                 gru_bin_version_wrapper/gru_bin_version/gru_bin_version_axi_mem_intercon_0/s02_couplers_imp_QTS1PG/gru_bin_version_axi_mem_intercon_imp_auto_pc_2/gru_bin_version_axi_mem_intercon_imp_auto_pc_2_axi_protocol_converter_v2_1_37_axi_protocol_converter/gru_bin_version_axi_mem_intercon_imp_auto_pc_2_axi_protocol_converter_v2_1_37_axi3_conv/gru_bin_version_axi_mem_intercon_imp_auto_pc_2_axi_protocol_converter_v2_1_37_a_axi3_conv/gru_bin_version_axi_mem_intercon_imp_auto_pc_2_axi_data_fifo_v2_1_36_axic_fifo/gru_bin_version_axi_mem_intercon_imp_auto_pc_2_axi_data_fifo_v2_1_36_fifo_gen/<hidden>/<hidden>/<hidden>/<hidden>/<hidden>
                            (rising edge-triggered cell FDRE clocked by clk_fpga_0  {rise@0.000ns fall@5.000ns period=10.000ns})
  Destination:            gru_bin_version_wrapper/gru_bin_version/gru_bin_version_axi_mem_intercon_0/s02_couplers_imp_QTS1PG/gru_bin_version_axi_mem_intercon_imp_auto_pc_2/gru_bin_version_axi_mem_intercon_imp_auto_pc_2_axi_protocol_converter_v2_1_37_axi_protocol_converter/gru_bin_version_axi_mem_intercon_imp_auto_pc_2_axi_protocol_converter_v2_1_37_axi3_conv/gru_bin_version_axi_mem_intercon_imp_auto_pc_2_axi_protocol_converter_v2_1_37_a_axi3_conv/gru_bin_version_axi_mem_intercon_imp_auto_pc_2_axi_data_fifo_v2_1_36_axic_fifo/gru_bin_version_axi_mem_intercon_imp_auto_pc_2_axi_data_fifo_v2_1_36_fifo_gen/<hidden>/<hidden>/<hidden>/<hidden>/<hidden>/<hidden>
                            (removal check against rising-edge clock clk_fpga_0  {rise@0.000ns fall@5.000ns period=10.000ns})
  Path Group:             **async_default**
  Path Type:              Removal (Min at Fast Process Corner)
  Requirement:            0.000ns  (clk_fpga_0 rise@0.000ns - clk_fpga_0 rise@0.000ns)
  Data Path Delay:        0.500ns  (logic 0.186ns (37.227%)  route 0.314ns (62.773%))
  Logic Levels:           1  (LUT3=1)
  Clock Path Skew:        0.035ns (DCD - SCD - CPR)
    Destination Clock Delay (DCD):    1.191ns
    Source Clock Delay      (SCD):    0.892ns
    Clock Pessimism Removal (CPR):    0.264ns

    Location             Delay type                Incr(ns)  Path(ns)    Netlist Resource(s)
  -------------------------------------------------------------------    -------------------
                         (clock clk_fpga_0 rise edge)
                                                      0.000     0.000 r  
    PS7_X0Y0             PS7                          0.000     0.000 r  gru_bin_version_i/processing_system7_0/inst/PS7_i/FCLKCLK[0]
                         net (fo=1, routed)           0.310     0.310    gru_bin_version_i/processing_system7_0/inst/FCLK_CLK_unbuffered[0]
    BUFGCTRL_X0Y16       BUFG (Prop_bufg_I_O)         0.026     0.336 r  gru_bin_version_i/processing_system7_0/inst/buffer_fclk_clk_0.FCLK_CLK_0_BUFG/O
                         net (fo=22708, routed)       0.556     0.892    gru_bin_version_wrapper/gru_bin_version/gru_bin_version_axi_mem_intercon_0/s02_couplers_imp_QTS1PG/gru_bin_version_axi_mem_intercon_imp_auto_pc_2/gru_bin_version_axi_mem_intercon_imp_auto_pc_2_axi_protocol_converter_v2_1_37_axi_protocol_converter/gru_bin_version_axi_mem_intercon_imp_auto_pc_2_axi_protocol_converter_v2_1_37_axi3_conv/gru_bin_version_axi_mem_intercon_imp_auto_pc_2_axi_protocol_converter_v2_1_37_a_axi3_conv/gru_bin_version_axi_mem_intercon_imp_auto_pc_2_axi_data_fifo_v2_1_36_axic_fifo/gru_bin_version_axi_mem_intercon_imp_auto_pc_2_axi_data_fifo_v2_1_36_fifo_gen/<hidden>/<hidden>/<hidden>/<hidden>/<hidden>
    SLICE_X43Y96         FDRE                                         r  gru_bin_version_wrapper/gru_bin_version/gru_bin_version_axi_mem_intercon_0/s02_couplers_imp_QTS1PG/gru_bin_version_axi_mem_intercon_imp_auto_pc_2/gru_bin_version_axi_mem_intercon_imp_auto_pc_2_axi_protocol_converter_v2_1_37_axi_protocol_converter/gru_bin_version_axi_mem_intercon_imp_auto_pc_2_axi_protocol_converter_v2_1_37_axi3_conv/gru_bin_version_axi_mem_intercon_imp_auto_pc_2_axi_protocol_converter_v2_1_37_a_axi3_conv/gru_bin_version_axi_mem_intercon_imp_auto_pc_2_axi_data_fifo_v2_1_36_axic_fifo/gru_bin_version_axi_mem_intercon_imp_auto_pc_2_axi_data_fifo_v2_1_36_fifo_gen/<hidden>/<hidden>/<hidden>/<hidden>/<hidden>
  -------------------------------------------------------------------    -------------------
    SLICE_X43Y96         FDRE (Prop_fdre_C_Q)         0.141     1.033 f  gru_bin_version_wrapper/gru_bin_version/gru_bin_version_axi_mem_intercon_0/s02_couplers_imp_QTS1PG/gru_bin_version_axi_mem_intercon_imp_auto_pc_2/gru_bin_version_axi_mem_intercon_imp_auto_pc_2_axi_protocol_converter_v2_1_37_axi_protocol_converter/gru_bin_version_axi_mem_intercon_imp_auto_pc_2_axi_protocol_converter_v2_1_37_axi3_conv/gru_bin_version_axi_mem_intercon_imp_auto_pc_2_axi_protocol_converter_v2_1_37_a_axi3_conv/gru_bin_version_axi_mem_intercon_imp_auto_pc_2_axi_data_fifo_v2_1_36_axic_fifo/gru_bin_version_axi_mem_intercon_imp_auto_pc_2_axi_data_fifo_v2_1_36_fifo_gen/<hidden>/<hidden>/<hidden>/<hidden>/<hidden>
                         net (fo=2, routed)           0.103     1.136    gru_bin_version_wrapper/gru_bin_version/gru_bin_version_axi_mem_intercon_0/s02_couplers_imp_QTS1PG/gru_bin_version_axi_mem_intercon_imp_auto_pc_2/gru_bin_version_axi_mem_intercon_imp_auto_pc_2_axi_protocol_converter_v2_1_37_axi_protocol_converter/gru_bin_version_axi_mem_intercon_imp_auto_pc_2_axi_protocol_converter_v2_1_37_axi3_conv/gru_bin_version_axi_mem_intercon_imp_auto_pc_2_axi_protocol_converter_v2_1_37_a_axi3_conv/gru_bin_version_axi_mem_intercon_imp_auto_pc_2_axi_data_fifo_v2_1_36_axic_fifo/gru_bin_version_axi_mem_intercon_imp_auto_pc_2_axi_data_fifo_v2_1_36_fifo_gen/<hidden>/<hidden>/<hidden>/<hidden>/<hidden>
    SLICE_X42Y96         LUT3 (Prop_lut3_I1_O)        0.045     1.181 f  gru_bin_version_wrapper/gru_bin_version/gru_bin_version_axi_mem_intercon_0/s02_couplers_imp_QTS1PG/gru_bin_version_axi_mem_intercon_imp_auto_pc_2/gru_bin_version_axi_mem_intercon_imp_auto_pc_2_axi_protocol_converter_v2_1_37_axi_protocol_converter/gru_bin_version_axi_mem_intercon_imp_auto_pc_2_axi_protocol_converter_v2_1_37_axi3_conv/gru_bin_version_axi_mem_intercon_imp_auto_pc_2_axi_protocol_converter_v2_1_37_a_axi3_conv/gru_bin_version_axi_mem_intercon_imp_auto_pc_2_axi_data_fifo_v2_1_36_axic_fifo/gru_bin_version_axi_mem_intercon_imp_auto_pc_2_axi_data_fifo_v2_1_36_fifo_gen/<hidden>/<hidden>/<hidden>/<hidden>/<hidden>
                         net (fo=32, routed)          0.210     1.391    gru_bin_version_wrapper/gru_bin_version/gru_bin_version_axi_mem_intercon_0/s02_couplers_imp_QTS1PG/gru_bin_version_axi_mem_intercon_imp_auto_pc_2/gru_bin_version_axi_mem_intercon_imp_auto_pc_2_axi_protocol_converter_v2_1_37_axi_protocol_converter/gru_bin_version_axi_mem_intercon_imp_auto_pc_2_axi_protocol_converter_v2_1_37_axi3_conv/gru_bin_version_axi_mem_intercon_imp_auto_pc_2_axi_protocol_converter_v2_1_37_a_axi3_conv/gru_bin_version_axi_mem_intercon_imp_auto_pc_2_axi_data_fifo_v2_1_36_axic_fifo/gru_bin_version_axi_mem_intercon_imp_auto_pc_2_axi_data_fifo_v2_1_36_fifo_gen/<hidden>/<hidden>/<hidden>/<hidden>/<hidden>/<hidden>
    SLICE_X44Y97         FDCE                                         f  gru_bin_version_wrapper/gru_bin_version/gru_bin_version_axi_mem_intercon_0/s02_couplers_imp_QTS1PG/gru_bin_version_axi_mem_intercon_imp_auto_pc_2/gru_bin_version_axi_mem_intercon_imp_auto_pc_2_axi_protocol_converter_v2_1_37_axi_protocol_converter/gru_bin_version_axi_mem_intercon_imp_auto_pc_2_axi_protocol_converter_v2_1_37_axi3_conv/gru_bin_version_axi_mem_intercon_imp_auto_pc_2_axi_protocol_converter_v2_1_37_a_axi3_conv/gru_bin_version_axi_mem_intercon_imp_auto_pc_2_axi_data_fifo_v2_1_36_axic_fifo/gru_bin_version_axi_mem_intercon_imp_auto_pc_2_axi_data_fifo_v2_1_36_fifo_gen/<hidden>/<hidden>/<hidden>/<hidden>/<hidden>/<hidden>
  -------------------------------------------------------------------    -------------------

                         (clock clk_fpga_0 rise edge)
                                                      0.000     0.000 r  
    PS7_X0Y0             PS7                          0.000     0.000 r  gru_bin_version_i/processing_system7_0/inst/PS7_i/FCLKCLK[0]
                         net (fo=1, routed)           0.337     0.337    gru_bin_version_i/processing_system7_0/inst/FCLK_CLK_unbuffered[0]
    BUFGCTRL_X0Y16       BUFG (Prop_bufg_I_O)         0.029     0.366 r  gru_bin_version_i/processing_system7_0/inst/buffer_fclk_clk_0.FCLK_CLK_0_BUFG/O
                         net (fo=22708, routed)       0.825     1.191    gru_bin_version_wrapper/gru_bin_version/gru_bin_version_axi_mem_intercon_0/s02_couplers_imp_QTS1PG/gru_bin_version_axi_mem_intercon_imp_auto_pc_2/gru_bin_version_axi_mem_intercon_imp_auto_pc_2_axi_protocol_converter_v2_1_37_axi_protocol_converter/gru_bin_version_axi_mem_intercon_imp_auto_pc_2_axi_protocol_converter_v2_1_37_axi3_conv/gru_bin_version_axi_mem_intercon_imp_auto_pc_2_axi_protocol_converter_v2_1_37_a_axi3_conv/gru_bin_version_axi_mem_intercon_imp_auto_pc_2_axi_data_fifo_v2_1_36_axic_fifo/gru_bin_version_axi_mem_intercon_imp_auto_pc_2_axi_data_fifo_v2_1_36_fifo_gen/<hidden>/<hidden>/<hidden>/<hidden>/<hidden>/<hidden>
    SLICE_X44Y97         FDCE                                         r  gru_bin_version_wrapper/gru_bin_version/gru_bin_version_axi_mem_intercon_0/s02_couplers_imp_QTS1PG/gru_bin_version_axi_mem_intercon_imp_auto_pc_2/gru_bin_version_axi_mem_intercon_imp_auto_pc_2_axi_protocol_converter_v2_1_37_axi_protocol_converter/gru_bin_version_axi_mem_intercon_imp_auto_pc_2_axi_protocol_converter_v2_1_37_axi3_conv/gru_bin_version_axi_mem_intercon_imp_auto_pc_2_axi_protocol_converter_v2_1_37_a_axi3_conv/gru_bin_version_axi_mem_intercon_imp_auto_pc_2_axi_data_fifo_v2_1_36_axic_fifo/gru_bin_version_axi_mem_intercon_imp_auto_pc_2_axi_data_fifo_v2_1_36_fifo_gen/<hidden>/<hidden>/<hidden>/<hidden>/<hidden>/<hidden>
                         clock pessimism             -0.264     0.927    
    SLICE_X44Y97         FDCE (Remov_fdce_C_CLR)     -0.092     0.835    gru_bin_version_wrapper/gru_bin_version/gru_bin_version_axi_mem_intercon_0/s02_couplers_imp_QTS1PG/gru_bin_version_axi_mem_intercon_imp_auto_pc_2/gru_bin_version_axi_mem_intercon_imp_auto_pc_2_axi_protocol_converter_v2_1_37_axi_protocol_converter/gru_bin_version_axi_mem_intercon_imp_auto_pc_2_axi_protocol_converter_v2_1_37_axi3_conv/gru_bin_version_axi_mem_intercon_imp_auto_pc_2_axi_protocol_converter_v2_1_37_a_axi3_conv/gru_bin_version_axi_mem_intercon_imp_auto_pc_2_axi_data_fifo_v2_1_36_axic_fifo/gru_bin_version_axi_mem_intercon_imp_auto_pc_2_axi_data_fifo_v2_1_36_fifo_gen/<hidden>/<hidden>/<hidden>/<hidden>/<hidden>/<hidden>
  -------------------------------------------------------------------
                         required time                         -0.835    
                         arrival time                           1.391    
  -------------------------------------------------------------------
                         slack                                  0.557    

Slack (MET) :             0.557ns  (arrival time - required time)
  Source:                 gru_bin_version_wrapper/gru_bin_version/gru_bin_version_axi_mem_intercon_0/s02_couplers_imp_QTS1PG/gru_bin_version_axi_mem_intercon_imp_auto_pc_2/gru_bin_version_axi_mem_intercon_imp_auto_pc_2_axi_protocol_converter_v2_1_37_axi_protocol_converter/gru_bin_version_axi_mem_intercon_imp_auto_pc_2_axi_protocol_converter_v2_1_37_axi3_conv/gru_bin_version_axi_mem_intercon_imp_auto_pc_2_axi_protocol_converter_v2_1_37_a_axi3_conv/gru_bin_version_axi_mem_intercon_imp_auto_pc_2_axi_data_fifo_v2_1_36_axic_fifo/gru_bin_version_axi_mem_intercon_imp_auto_pc_2_axi_data_fifo_v2_1_36_fifo_gen/<hidden>/<hidden>/<hidden>/<hidden>/<hidden>
                            (rising edge-triggered cell FDRE clocked by clk_fpga_0  {rise@0.000ns fall@5.000ns period=10.000ns})
  Destination:            gru_bin_version_wrapper/gru_bin_version/gru_bin_version_axi_mem_intercon_0/s02_couplers_imp_QTS1PG/gru_bin_version_axi_mem_intercon_imp_auto_pc_2/gru_bin_version_axi_mem_intercon_imp_auto_pc_2_axi_protocol_converter_v2_1_37_axi_protocol_converter/gru_bin_version_axi_mem_intercon_imp_auto_pc_2_axi_protocol_converter_v2_1_37_axi3_conv/gru_bin_version_axi_mem_intercon_imp_auto_pc_2_axi_protocol_converter_v2_1_37_a_axi3_conv/gru_bin_version_axi_mem_intercon_imp_auto_pc_2_axi_data_fifo_v2_1_36_axic_fifo/gru_bin_version_axi_mem_intercon_imp_auto_pc_2_axi_data_fifo_v2_1_36_fifo_gen/<hidden>/<hidden>/<hidden>/<hidden>/<hidden>/<hidden>
                            (removal check against rising-edge clock clk_fpga_0  {rise@0.000ns fall@5.000ns period=10.000ns})
  Path Group:             **async_default**
  Path Type:              Removal (Min at Fast Process Corner)
  Requirement:            0.000ns  (clk_fpga_0 rise@0.000ns - clk_fpga_0 rise@0.000ns)
  Data Path Delay:        0.500ns  (logic 0.186ns (37.227%)  route 0.314ns (62.773%))
  Logic Levels:           1  (LUT3=1)
  Clock Path Skew:        0.035ns (DCD - SCD - CPR)
    Destination Clock Delay (DCD):    1.191ns
    Source Clock Delay      (SCD):    0.892ns
    Clock Pessimism Removal (CPR):    0.264ns

    Location             Delay type                Incr(ns)  Path(ns)    Netlist Resource(s)
  -------------------------------------------------------------------    -------------------
                         (clock clk_fpga_0 rise edge)
                                                      0.000     0.000 r  
    PS7_X0Y0             PS7                          0.000     0.000 r  gru_bin_version_i/processing_system7_0/inst/PS7_i/FCLKCLK[0]
                         net (fo=1, routed)           0.310     0.310    gru_bin_version_i/processing_system7_0/inst/FCLK_CLK_unbuffered[0]
    BUFGCTRL_X0Y16       BUFG (Prop_bufg_I_O)         0.026     0.336 r  gru_bin_version_i/processing_system7_0/inst/buffer_fclk_clk_0.FCLK_CLK_0_BUFG/O
                         net (fo=22708, routed)       0.556     0.892    gru_bin_version_wrapper/gru_bin_version/gru_bin_version_axi_mem_intercon_0/s02_couplers_imp_QTS1PG/gru_bin_version_axi_mem_intercon_imp_auto_pc_2/gru_bin_version_axi_mem_intercon_imp_auto_pc_2_axi_protocol_converter_v2_1_37_axi_protocol_converter/gru_bin_version_axi_mem_intercon_imp_auto_pc_2_axi_protocol_converter_v2_1_37_axi3_conv/gru_bin_version_axi_mem_intercon_imp_auto_pc_2_axi_protocol_converter_v2_1_37_a_axi3_conv/gru_bin_version_axi_mem_intercon_imp_auto_pc_2_axi_data_fifo_v2_1_36_axic_fifo/gru_bin_version_axi_mem_intercon_imp_auto_pc_2_axi_data_fifo_v2_1_36_fifo_gen/<hidden>/<hidden>/<hidden>/<hidden>/<hidden>
    SLICE_X43Y96         FDRE                                         r  gru_bin_version_wrapper/gru_bin_version/gru_bin_version_axi_mem_intercon_0/s02_couplers_imp_QTS1PG/gru_bin_version_axi_mem_intercon_imp_auto_pc_2/gru_bin_version_axi_mem_intercon_imp_auto_pc_2_axi_protocol_converter_v2_1_37_axi_protocol_converter/gru_bin_version_axi_mem_intercon_imp_auto_pc_2_axi_protocol_converter_v2_1_37_axi3_conv/gru_bin_version_axi_mem_intercon_imp_auto_pc_2_axi_protocol_converter_v2_1_37_a_axi3_conv/gru_bin_version_axi_mem_intercon_imp_auto_pc_2_axi_data_fifo_v2_1_36_axic_fifo/gru_bin_version_axi_mem_intercon_imp_auto_pc_2_axi_data_fifo_v2_1_36_fifo_gen/<hidden>/<hidden>/<hidden>/<hidden>/<hidden>
  -------------------------------------------------------------------    -------------------
    SLICE_X43Y96         FDRE (Prop_fdre_C_Q)         0.141     1.033 f  gru_bin_version_wrapper/gru_bin_version/gru_bin_version_axi_mem_intercon_0/s02_couplers_imp_QTS1PG/gru_bin_version_axi_mem_intercon_imp_auto_pc_2/gru_bin_version_axi_mem_intercon_imp_auto_pc_2_axi_protocol_converter_v2_1_37_axi_protocol_converter/gru_bin_version_axi_mem_intercon_imp_auto_pc_2_axi_protocol_converter_v2_1_37_axi3_conv/gru_bin_version_axi_mem_intercon_imp_auto_pc_2_axi_protocol_converter_v2_1_37_a_axi3_conv/gru_bin_version_axi_mem_intercon_imp_auto_pc_2_axi_data_fifo_v2_1_36_axic_fifo/gru_bin_version_axi_mem_intercon_imp_auto_pc_2_axi_data_fifo_v2_1_36_fifo_gen/<hidden>/<hidden>/<hidden>/<hidden>/<hidden>
                         net (fo=2, routed)           0.103     1.136    gru_bin_version_wrapper/gru_bin_version/gru_bin_version_axi_mem_intercon_0/s02_couplers_imp_QTS1PG/gru_bin_version_axi_mem_intercon_imp_auto_pc_2/gru_bin_version_axi_mem_intercon_imp_auto_pc_2_axi_protocol_converter_v2_1_37_axi_protocol_converter/gru_bin_version_axi_mem_intercon_imp_auto_pc_2_axi_protocol_converter_v2_1_37_axi3_conv/gru_bin_version_axi_mem_intercon_imp_auto_pc_2_axi_protocol_converter_v2_1_37_a_axi3_conv/gru_bin_version_axi_mem_intercon_imp_auto_pc_2_axi_data_fifo_v2_1_36_axic_fifo/gru_bin_version_axi_mem_intercon_imp_auto_pc_2_axi_data_fifo_v2_1_36_fifo_gen/<hidden>/<hidden>/<hidden>/<hidden>/<hidden>
    SLICE_X42Y96         LUT3 (Prop_lut3_I1_O)        0.045     1.181 f  gru_bin_version_wrapper/gru_bin_version/gru_bin_version_axi_mem_intercon_0/s02_couplers_imp_QTS1PG/gru_bin_version_axi_mem_intercon_imp_auto_pc_2/gru_bin_version_axi_mem_intercon_imp_auto_pc_2_axi_protocol_converter_v2_1_37_axi_protocol_converter/gru_bin_version_axi_mem_intercon_imp_auto_pc_2_axi_protocol_converter_v2_1_37_axi3_conv/gru_bin_version_axi_mem_intercon_imp_auto_pc_2_axi_protocol_converter_v2_1_37_a_axi3_conv/gru_bin_version_axi_mem_intercon_imp_auto_pc_2_axi_data_fifo_v2_1_36_axic_fifo/gru_bin_version_axi_mem_intercon_imp_auto_pc_2_axi_data_fifo_v2_1_36_fifo_gen/<hidden>/<hidden>/<hidden>/<hidden>/<hidden>
                         net (fo=32, routed)          0.210     1.391    gru_bin_version_wrapper/gru_bin_version/gru_bin_version_axi_mem_intercon_0/s02_couplers_imp_QTS1PG/gru_bin_version_axi_mem_intercon_imp_auto_pc_2/gru_bin_version_axi_mem_intercon_imp_auto_pc_2_axi_protocol_converter_v2_1_37_axi_protocol_converter/gru_bin_version_axi_mem_intercon_imp_auto_pc_2_axi_protocol_converter_v2_1_37_axi3_conv/gru_bin_version_axi_mem_intercon_imp_auto_pc_2_axi_protocol_converter_v2_1_37_a_axi3_conv/gru_bin_version_axi_mem_intercon_imp_auto_pc_2_axi_data_fifo_v2_1_36_axic_fifo/gru_bin_version_axi_mem_intercon_imp_auto_pc_2_axi_data_fifo_v2_1_36_fifo_gen/<hidden>/<hidden>/<hidden>/<hidden>/<hidden>/<hidden>
    SLICE_X44Y97         FDCE                                         f  gru_bin_version_wrapper/gru_bin_version/gru_bin_version_axi_mem_intercon_0/s02_couplers_imp_QTS1PG/gru_bin_version_axi_mem_intercon_imp_auto_pc_2/gru_bin_version_axi_mem_intercon_imp_auto_pc_2_axi_protocol_converter_v2_1_37_axi_protocol_converter/gru_bin_version_axi_mem_intercon_imp_auto_pc_2_axi_protocol_converter_v2_1_37_axi3_conv/gru_bin_version_axi_mem_intercon_imp_auto_pc_2_axi_protocol_converter_v2_1_37_a_axi3_conv/gru_bin_version_axi_mem_intercon_imp_auto_pc_2_axi_data_fifo_v2_1_36_axic_fifo/gru_bin_version_axi_mem_intercon_imp_auto_pc_2_axi_data_fifo_v2_1_36_fifo_gen/<hidden>/<hidden>/<hidden>/<hidden>/<hidden>/<hidden>
  -------------------------------------------------------------------    -------------------

                         (clock clk_fpga_0 rise edge)
                                                      0.000     0.000 r  
    PS7_X0Y0             PS7                          0.000     0.000 r  gru_bin_version_i/processing_system7_0/inst/PS7_i/FCLKCLK[0]
                         net (fo=1, routed)           0.337     0.337    gru_bin_version_i/processing_system7_0/inst/FCLK_CLK_unbuffered[0]
    BUFGCTRL_X0Y16       BUFG (Prop_bufg_I_O)         0.029     0.366 r  gru_bin_version_i/processing_system7_0/inst/buffer_fclk_clk_0.FCLK_CLK_0_BUFG/O
                         net (fo=22708, routed)       0.825     1.191    gru_bin_version_wrapper/gru_bin_version/gru_bin_version_axi_mem_intercon_0/s02_couplers_imp_QTS1PG/gru_bin_version_axi_mem_intercon_imp_auto_pc_2/gru_bin_version_axi_mem_intercon_imp_auto_pc_2_axi_protocol_converter_v2_1_37_axi_protocol_converter/gru_bin_version_axi_mem_intercon_imp_auto_pc_2_axi_protocol_converter_v2_1_37_axi3_conv/gru_bin_version_axi_mem_intercon_imp_auto_pc_2_axi_protocol_converter_v2_1_37_a_axi3_conv/gru_bin_version_axi_mem_intercon_imp_auto_pc_2_axi_data_fifo_v2_1_36_axic_fifo/gru_bin_version_axi_mem_intercon_imp_auto_pc_2_axi_data_fifo_v2_1_36_fifo_gen/<hidden>/<hidden>/<hidden>/<hidden>/<hidden>/<hidden>
    SLICE_X44Y97         FDCE                                         r  gru_bin_version_wrapper/gru_bin_version/gru_bin_version_axi_mem_intercon_0/s02_couplers_imp_QTS1PG/gru_bin_version_axi_mem_intercon_imp_auto_pc_2/gru_bin_version_axi_mem_intercon_imp_auto_pc_2_axi_protocol_converter_v2_1_37_axi_protocol_converter/gru_bin_version_axi_mem_intercon_imp_auto_pc_2_axi_protocol_converter_v2_1_37_axi3_conv/gru_bin_version_axi_mem_intercon_imp_auto_pc_2_axi_protocol_converter_v2_1_37_a_axi3_conv/gru_bin_version_axi_mem_intercon_imp_auto_pc_2_axi_data_fifo_v2_1_36_axic_fifo/gru_bin_version_axi_mem_intercon_imp_auto_pc_2_axi_data_fifo_v2_1_36_fifo_gen/<hidden>/<hidden>/<hidden>/<hidden>/<hidden>/<hidden>
                         clock pessimism             -0.264     0.927    
    SLICE_X44Y97         FDCE (Remov_fdce_C_CLR)     -0.092     0.835    gru_bin_version_wrapper/gru_bin_version/gru_bin_version_axi_mem_intercon_0/s02_couplers_imp_QTS1PG/gru_bin_version_axi_mem_intercon_imp_auto_pc_2/gru_bin_version_axi_mem_intercon_imp_auto_pc_2_axi_protocol_converter_v2_1_37_axi_protocol_converter/gru_bin_version_axi_mem_intercon_imp_auto_pc_2_axi_protocol_converter_v2_1_37_axi3_conv/gru_bin_version_axi_mem_intercon_imp_auto_pc_2_axi_protocol_converter_v2_1_37_a_axi3_conv/gru_bin_version_axi_mem_intercon_imp_auto_pc_2_axi_data_fifo_v2_1_36_axic_fifo/gru_bin_version_axi_mem_intercon_imp_auto_pc_2_axi_data_fifo_v2_1_36_fifo_gen/<hidden>/<hidden>/<hidden>/<hidden>/<hidden>/<hidden>
  -------------------------------------------------------------------
                         required time                         -0.835    
                         arrival time                           1.391    
  -------------------------------------------------------------------
                         slack                                  0.557    

Slack (MET) :             0.557ns  (arrival time - required time)
  Source:                 gru_bin_version_wrapper/gru_bin_version/gru_bin_version_axi_mem_intercon_0/s02_couplers_imp_QTS1PG/gru_bin_version_axi_mem_intercon_imp_auto_pc_2/gru_bin_version_axi_mem_intercon_imp_auto_pc_2_axi_protocol_converter_v2_1_37_axi_protocol_converter/gru_bin_version_axi_mem_intercon_imp_auto_pc_2_axi_protocol_converter_v2_1_37_axi3_conv/gru_bin_version_axi_mem_intercon_imp_auto_pc_2_axi_protocol_converter_v2_1_37_a_axi3_conv/gru_bin_version_axi_mem_intercon_imp_auto_pc_2_axi_data_fifo_v2_1_36_axic_fifo/gru_bin_version_axi_mem_intercon_imp_auto_pc_2_axi_data_fifo_v2_1_36_fifo_gen/<hidden>/<hidden>/<hidden>/<hidden>/<hidden>
                            (rising edge-triggered cell FDRE clocked by clk_fpga_0  {rise@0.000ns fall@5.000ns period=10.000ns})
  Destination:            gru_bin_version_wrapper/gru_bin_version/gru_bin_version_axi_mem_intercon_0/s02_couplers_imp_QTS1PG/gru_bin_version_axi_mem_intercon_imp_auto_pc_2/gru_bin_version_axi_mem_intercon_imp_auto_pc_2_axi_protocol_converter_v2_1_37_axi_protocol_converter/gru_bin_version_axi_mem_intercon_imp_auto_pc_2_axi_protocol_converter_v2_1_37_axi3_conv/gru_bin_version_axi_mem_intercon_imp_auto_pc_2_axi_protocol_converter_v2_1_37_a_axi3_conv/gru_bin_version_axi_mem_intercon_imp_auto_pc_2_axi_data_fifo_v2_1_36_axic_fifo/gru_bin_version_axi_mem_intercon_imp_auto_pc_2_axi_data_fifo_v2_1_36_fifo_gen/<hidden>/<hidden>/<hidden>/<hidden>/<hidden>/<hidden>
                            (removal check against rising-edge clock clk_fpga_0  {rise@0.000ns fall@5.000ns period=10.000ns})
  Path Group:             **async_default**
  Path Type:              Removal (Min at Fast Process Corner)
  Requirement:            0.000ns  (clk_fpga_0 rise@0.000ns - clk_fpga_0 rise@0.000ns)
  Data Path Delay:        0.500ns  (logic 0.186ns (37.227%)  route 0.314ns (62.773%))
  Logic Levels:           1  (LUT3=1)
  Clock Path Skew:        0.035ns (DCD - SCD - CPR)
    Destination Clock Delay (DCD):    1.191ns
    Source Clock Delay      (SCD):    0.892ns
    Clock Pessimism Removal (CPR):    0.264ns

    Location             Delay type                Incr(ns)  Path(ns)    Netlist Resource(s)
  -------------------------------------------------------------------    -------------------
                         (clock clk_fpga_0 rise edge)
                                                      0.000     0.000 r  
    PS7_X0Y0             PS7                          0.000     0.000 r  gru_bin_version_i/processing_system7_0/inst/PS7_i/FCLKCLK[0]
                         net (fo=1, routed)           0.310     0.310    gru_bin_version_i/processing_system7_0/inst/FCLK_CLK_unbuffered[0]
    BUFGCTRL_X0Y16       BUFG (Prop_bufg_I_O)         0.026     0.336 r  gru_bin_version_i/processing_system7_0/inst/buffer_fclk_clk_0.FCLK_CLK_0_BUFG/O
                         net (fo=22708, routed)       0.556     0.892    gru_bin_version_wrapper/gru_bin_version/gru_bin_version_axi_mem_intercon_0/s02_couplers_imp_QTS1PG/gru_bin_version_axi_mem_intercon_imp_auto_pc_2/gru_bin_version_axi_mem_intercon_imp_auto_pc_2_axi_protocol_converter_v2_1_37_axi_protocol_converter/gru_bin_version_axi_mem_intercon_imp_auto_pc_2_axi_protocol_converter_v2_1_37_axi3_conv/gru_bin_version_axi_mem_intercon_imp_auto_pc_2_axi_protocol_converter_v2_1_37_a_axi3_conv/gru_bin_version_axi_mem_intercon_imp_auto_pc_2_axi_data_fifo_v2_1_36_axic_fifo/gru_bin_version_axi_mem_intercon_imp_auto_pc_2_axi_data_fifo_v2_1_36_fifo_gen/<hidden>/<hidden>/<hidden>/<hidden>/<hidden>
    SLICE_X43Y96         FDRE                                         r  gru_bin_version_wrapper/gru_bin_version/gru_bin_version_axi_mem_intercon_0/s02_couplers_imp_QTS1PG/gru_bin_version_axi_mem_intercon_imp_auto_pc_2/gru_bin_version_axi_mem_intercon_imp_auto_pc_2_axi_protocol_converter_v2_1_37_axi_protocol_converter/gru_bin_version_axi_mem_intercon_imp_auto_pc_2_axi_protocol_converter_v2_1_37_axi3_conv/gru_bin_version_axi_mem_intercon_imp_auto_pc_2_axi_protocol_converter_v2_1_37_a_axi3_conv/gru_bin_version_axi_mem_intercon_imp_auto_pc_2_axi_data_fifo_v2_1_36_axic_fifo/gru_bin_version_axi_mem_intercon_imp_auto_pc_2_axi_data_fifo_v2_1_36_fifo_gen/<hidden>/<hidden>/<hidden>/<hidden>/<hidden>
  -------------------------------------------------------------------    -------------------
    SLICE_X43Y96         FDRE (Prop_fdre_C_Q)         0.141     1.033 f  gru_bin_version_wrapper/gru_bin_version/gru_bin_version_axi_mem_intercon_0/s02_couplers_imp_QTS1PG/gru_bin_version_axi_mem_intercon_imp_auto_pc_2/gru_bin_version_axi_mem_intercon_imp_auto_pc_2_axi_protocol_converter_v2_1_37_axi_protocol_converter/gru_bin_version_axi_mem_intercon_imp_auto_pc_2_axi_protocol_converter_v2_1_37_axi3_conv/gru_bin_version_axi_mem_intercon_imp_auto_pc_2_axi_protocol_converter_v2_1_37_a_axi3_conv/gru_bin_version_axi_mem_intercon_imp_auto_pc_2_axi_data_fifo_v2_1_36_axic_fifo/gru_bin_version_axi_mem_intercon_imp_auto_pc_2_axi_data_fifo_v2_1_36_fifo_gen/<hidden>/<hidden>/<hidden>/<hidden>/<hidden>
                         net (fo=2, routed)           0.103     1.136    gru_bin_version_wrapper/gru_bin_version/gru_bin_version_axi_mem_intercon_0/s02_couplers_imp_QTS1PG/gru_bin_version_axi_mem_intercon_imp_auto_pc_2/gru_bin_version_axi_mem_intercon_imp_auto_pc_2_axi_protocol_converter_v2_1_37_axi_protocol_converter/gru_bin_version_axi_mem_intercon_imp_auto_pc_2_axi_protocol_converter_v2_1_37_axi3_conv/gru_bin_version_axi_mem_intercon_imp_auto_pc_2_axi_protocol_converter_v2_1_37_a_axi3_conv/gru_bin_version_axi_mem_intercon_imp_auto_pc_2_axi_data_fifo_v2_1_36_axic_fifo/gru_bin_version_axi_mem_intercon_imp_auto_pc_2_axi_data_fifo_v2_1_36_fifo_gen/<hidden>/<hidden>/<hidden>/<hidden>/<hidden>
    SLICE_X42Y96         LUT3 (Prop_lut3_I1_O)        0.045     1.181 f  gru_bin_version_wrapper/gru_bin_version/gru_bin_version_axi_mem_intercon_0/s02_couplers_imp_QTS1PG/gru_bin_version_axi_mem_intercon_imp_auto_pc_2/gru_bin_version_axi_mem_intercon_imp_auto_pc_2_axi_protocol_converter_v2_1_37_axi_protocol_converter/gru_bin_version_axi_mem_intercon_imp_auto_pc_2_axi_protocol_converter_v2_1_37_axi3_conv/gru_bin_version_axi_mem_intercon_imp_auto_pc_2_axi_protocol_converter_v2_1_37_a_axi3_conv/gru_bin_version_axi_mem_intercon_imp_auto_pc_2_axi_data_fifo_v2_1_36_axic_fifo/gru_bin_version_axi_mem_intercon_imp_auto_pc_2_axi_data_fifo_v2_1_36_fifo_gen/<hidden>/<hidden>/<hidden>/<hidden>/<hidden>
                         net (fo=32, routed)          0.210     1.391    gru_bin_version_wrapper/gru_bin_version/gru_bin_version_axi_mem_intercon_0/s02_couplers_imp_QTS1PG/gru_bin_version_axi_mem_intercon_imp_auto_pc_2/gru_bin_version_axi_mem_intercon_imp_auto_pc_2_axi_protocol_converter_v2_1_37_axi_protocol_converter/gru_bin_version_axi_mem_intercon_imp_auto_pc_2_axi_protocol_converter_v2_1_37_axi3_conv/gru_bin_version_axi_mem_intercon_imp_auto_pc_2_axi_protocol_converter_v2_1_37_a_axi3_conv/gru_bin_version_axi_mem_intercon_imp_auto_pc_2_axi_data_fifo_v2_1_36_axic_fifo/gru_bin_version_axi_mem_intercon_imp_auto_pc_2_axi_data_fifo_v2_1_36_fifo_gen/<hidden>/<hidden>/<hidden>/<hidden>/<hidden>/<hidden>
    SLICE_X44Y97         FDCE                                         f  gru_bin_version_wrapper/gru_bin_version/gru_bin_version_axi_mem_intercon_0/s02_couplers_imp_QTS1PG/gru_bin_version_axi_mem_intercon_imp_auto_pc_2/gru_bin_version_axi_mem_intercon_imp_auto_pc_2_axi_protocol_converter_v2_1_37_axi_protocol_converter/gru_bin_version_axi_mem_intercon_imp_auto_pc_2_axi_protocol_converter_v2_1_37_axi3_conv/gru_bin_version_axi_mem_intercon_imp_auto_pc_2_axi_protocol_converter_v2_1_37_a_axi3_conv/gru_bin_version_axi_mem_intercon_imp_auto_pc_2_axi_data_fifo_v2_1_36_axic_fifo/gru_bin_version_axi_mem_intercon_imp_auto_pc_2_axi_data_fifo_v2_1_36_fifo_gen/<hidden>/<hidden>/<hidden>/<hidden>/<hidden>/<hidden>
  -------------------------------------------------------------------    -------------------

                         (clock clk_fpga_0 rise edge)
                                                      0.000     0.000 r  
    PS7_X0Y0             PS7                          0.000     0.000 r  gru_bin_version_i/processing_system7_0/inst/PS7_i/FCLKCLK[0]
                         net (fo=1, routed)           0.337     0.337    gru_bin_version_i/processing_system7_0/inst/FCLK_CLK_unbuffered[0]
    BUFGCTRL_X0Y16       BUFG (Prop_bufg_I_O)         0.029     0.366 r  gru_bin_version_i/processing_system7_0/inst/buffer_fclk_clk_0.FCLK_CLK_0_BUFG/O
                         net (fo=22708, routed)       0.825     1.191    gru_bin_version_wrapper/gru_bin_version/gru_bin_version_axi_mem_intercon_0/s02_couplers_imp_QTS1PG/gru_bin_version_axi_mem_intercon_imp_auto_pc_2/gru_bin_version_axi_mem_intercon_imp_auto_pc_2_axi_protocol_converter_v2_1_37_axi_protocol_converter/gru_bin_version_axi_mem_intercon_imp_auto_pc_2_axi_protocol_converter_v2_1_37_axi3_conv/gru_bin_version_axi_mem_intercon_imp_auto_pc_2_axi_protocol_converter_v2_1_37_a_axi3_conv/gru_bin_version_axi_mem_intercon_imp_auto_pc_2_axi_data_fifo_v2_1_36_axic_fifo/gru_bin_version_axi_mem_intercon_imp_auto_pc_2_axi_data_fifo_v2_1_36_fifo_gen/<hidden>/<hidden>/<hidden>/<hidden>/<hidden>/<hidden>
    SLICE_X44Y97         FDCE                                         r  gru_bin_version_wrapper/gru_bin_version/gru_bin_version_axi_mem_intercon_0/s02_couplers_imp_QTS1PG/gru_bin_version_axi_mem_intercon_imp_auto_pc_2/gru_bin_version_axi_mem_intercon_imp_auto_pc_2_axi_protocol_converter_v2_1_37_axi_protocol_converter/gru_bin_version_axi_mem_intercon_imp_auto_pc_2_axi_protocol_converter_v2_1_37_axi3_conv/gru_bin_version_axi_mem_intercon_imp_auto_pc_2_axi_protocol_converter_v2_1_37_a_axi3_conv/gru_bin_version_axi_mem_intercon_imp_auto_pc_2_axi_data_fifo_v2_1_36_axic_fifo/gru_bin_version_axi_mem_intercon_imp_auto_pc_2_axi_data_fifo_v2_1_36_fifo_gen/<hidden>/<hidden>/<hidden>/<hidden>/<hidden>/<hidden>
                         clock pessimism             -0.264     0.927    
    SLICE_X44Y97         FDCE (Remov_fdce_C_CLR)     -0.092     0.835    gru_bin_version_wrapper/gru_bin_version/gru_bin_version_axi_mem_intercon_0/s02_couplers_imp_QTS1PG/gru_bin_version_axi_mem_intercon_imp_auto_pc_2/gru_bin_version_axi_mem_intercon_imp_auto_pc_2_axi_protocol_converter_v2_1_37_axi_protocol_converter/gru_bin_version_axi_mem_intercon_imp_auto_pc_2_axi_protocol_converter_v2_1_37_axi3_conv/gru_bin_version_axi_mem_intercon_imp_auto_pc_2_axi_protocol_converter_v2_1_37_a_axi3_conv/gru_bin_version_axi_mem_intercon_imp_auto_pc_2_axi_data_fifo_v2_1_36_axic_fifo/gru_bin_version_axi_mem_intercon_imp_auto_pc_2_axi_data_fifo_v2_1_36_fifo_gen/<hidden>/<hidden>/<hidden>/<hidden>/<hidden>/<hidden>
  -------------------------------------------------------------------
                         required time                         -0.835    
                         arrival time                           1.391    
  -------------------------------------------------------------------
                         slack                                  0.557    

Slack (MET) :             0.557ns  (arrival time - required time)
  Source:                 gru_bin_version_wrapper/gru_bin_version/gru_bin_version_axi_mem_intercon_0/s02_couplers_imp_QTS1PG/gru_bin_version_axi_mem_intercon_imp_auto_pc_2/gru_bin_version_axi_mem_intercon_imp_auto_pc_2_axi_protocol_converter_v2_1_37_axi_protocol_converter/gru_bin_version_axi_mem_intercon_imp_auto_pc_2_axi_protocol_converter_v2_1_37_axi3_conv/gru_bin_version_axi_mem_intercon_imp_auto_pc_2_axi_protocol_converter_v2_1_37_a_axi3_conv/gru_bin_version_axi_mem_intercon_imp_auto_pc_2_axi_data_fifo_v2_1_36_axic_fifo/gru_bin_version_axi_mem_intercon_imp_auto_pc_2_axi_data_fifo_v2_1_36_fifo_gen/<hidden>/<hidden>/<hidden>/<hidden>/<hidden>
                            (rising edge-triggered cell FDRE clocked by clk_fpga_0  {rise@0.000ns fall@5.000ns period=10.000ns})
  Destination:            gru_bin_version_wrapper/gru_bin_version/gru_bin_version_axi_mem_intercon_0/s02_couplers_imp_QTS1PG/gru_bin_version_axi_mem_intercon_imp_auto_pc_2/gru_bin_version_axi_mem_intercon_imp_auto_pc_2_axi_protocol_converter_v2_1_37_axi_protocol_converter/gru_bin_version_axi_mem_intercon_imp_auto_pc_2_axi_protocol_converter_v2_1_37_axi3_conv/gru_bin_version_axi_mem_intercon_imp_auto_pc_2_axi_protocol_converter_v2_1_37_a_axi3_conv/gru_bin_version_axi_mem_intercon_imp_auto_pc_2_axi_data_fifo_v2_1_36_axic_fifo/gru_bin_version_axi_mem_intercon_imp_auto_pc_2_axi_data_fifo_v2_1_36_fifo_gen/<hidden>/<hidden>/<hidden>/<hidden>/<hidden>/<hidden>
                            (removal check against rising-edge clock clk_fpga_0  {rise@0.000ns fall@5.000ns period=10.000ns})
  Path Group:             **async_default**
  Path Type:              Removal (Min at Fast Process Corner)
  Requirement:            0.000ns  (clk_fpga_0 rise@0.000ns - clk_fpga_0 rise@0.000ns)
  Data Path Delay:        0.500ns  (logic 0.186ns (37.227%)  route 0.314ns (62.773%))
  Logic Levels:           1  (LUT3=1)
  Clock Path Skew:        0.035ns (DCD - SCD - CPR)
    Destination Clock Delay (DCD):    1.191ns
    Source Clock Delay      (SCD):    0.892ns
    Clock Pessimism Removal (CPR):    0.264ns

    Location             Delay type                Incr(ns)  Path(ns)    Netlist Resource(s)
  -------------------------------------------------------------------    -------------------
                         (clock clk_fpga_0 rise edge)
                                                      0.000     0.000 r  
    PS7_X0Y0             PS7                          0.000     0.000 r  gru_bin_version_i/processing_system7_0/inst/PS7_i/FCLKCLK[0]
                         net (fo=1, routed)           0.310     0.310    gru_bin_version_i/processing_system7_0/inst/FCLK_CLK_unbuffered[0]
    BUFGCTRL_X0Y16       BUFG (Prop_bufg_I_O)         0.026     0.336 r  gru_bin_version_i/processing_system7_0/inst/buffer_fclk_clk_0.FCLK_CLK_0_BUFG/O
                         net (fo=22708, routed)       0.556     0.892    gru_bin_version_wrapper/gru_bin_version/gru_bin_version_axi_mem_intercon_0/s02_couplers_imp_QTS1PG/gru_bin_version_axi_mem_intercon_imp_auto_pc_2/gru_bin_version_axi_mem_intercon_imp_auto_pc_2_axi_protocol_converter_v2_1_37_axi_protocol_converter/gru_bin_version_axi_mem_intercon_imp_auto_pc_2_axi_protocol_converter_v2_1_37_axi3_conv/gru_bin_version_axi_mem_intercon_imp_auto_pc_2_axi_protocol_converter_v2_1_37_a_axi3_conv/gru_bin_version_axi_mem_intercon_imp_auto_pc_2_axi_data_fifo_v2_1_36_axic_fifo/gru_bin_version_axi_mem_intercon_imp_auto_pc_2_axi_data_fifo_v2_1_36_fifo_gen/<hidden>/<hidden>/<hidden>/<hidden>/<hidden>
    SLICE_X43Y96         FDRE                                         r  gru_bin_version_wrapper/gru_bin_version/gru_bin_version_axi_mem_intercon_0/s02_couplers_imp_QTS1PG/gru_bin_version_axi_mem_intercon_imp_auto_pc_2/gru_bin_version_axi_mem_intercon_imp_auto_pc_2_axi_protocol_converter_v2_1_37_axi_protocol_converter/gru_bin_version_axi_mem_intercon_imp_auto_pc_2_axi_protocol_converter_v2_1_37_axi3_conv/gru_bin_version_axi_mem_intercon_imp_auto_pc_2_axi_protocol_converter_v2_1_37_a_axi3_conv/gru_bin_version_axi_mem_intercon_imp_auto_pc_2_axi_data_fifo_v2_1_36_axic_fifo/gru_bin_version_axi_mem_intercon_imp_auto_pc_2_axi_data_fifo_v2_1_36_fifo_gen/<hidden>/<hidden>/<hidden>/<hidden>/<hidden>
  -------------------------------------------------------------------    -------------------
    SLICE_X43Y96         FDRE (Prop_fdre_C_Q)         0.141     1.033 f  gru_bin_version_wrapper/gru_bin_version/gru_bin_version_axi_mem_intercon_0/s02_couplers_imp_QTS1PG/gru_bin_version_axi_mem_intercon_imp_auto_pc_2/gru_bin_version_axi_mem_intercon_imp_auto_pc_2_axi_protocol_converter_v2_1_37_axi_protocol_converter/gru_bin_version_axi_mem_intercon_imp_auto_pc_2_axi_protocol_converter_v2_1_37_axi3_conv/gru_bin_version_axi_mem_intercon_imp_auto_pc_2_axi_protocol_converter_v2_1_37_a_axi3_conv/gru_bin_version_axi_mem_intercon_imp_auto_pc_2_axi_data_fifo_v2_1_36_axic_fifo/gru_bin_version_axi_mem_intercon_imp_auto_pc_2_axi_data_fifo_v2_1_36_fifo_gen/<hidden>/<hidden>/<hidden>/<hidden>/<hidden>
                         net (fo=2, routed)           0.103     1.136    gru_bin_version_wrapper/gru_bin_version/gru_bin_version_axi_mem_intercon_0/s02_couplers_imp_QTS1PG/gru_bin_version_axi_mem_intercon_imp_auto_pc_2/gru_bin_version_axi_mem_intercon_imp_auto_pc_2_axi_protocol_converter_v2_1_37_axi_protocol_converter/gru_bin_version_axi_mem_intercon_imp_auto_pc_2_axi_protocol_converter_v2_1_37_axi3_conv/gru_bin_version_axi_mem_intercon_imp_auto_pc_2_axi_protocol_converter_v2_1_37_a_axi3_conv/gru_bin_version_axi_mem_intercon_imp_auto_pc_2_axi_data_fifo_v2_1_36_axic_fifo/gru_bin_version_axi_mem_intercon_imp_auto_pc_2_axi_data_fifo_v2_1_36_fifo_gen/<hidden>/<hidden>/<hidden>/<hidden>/<hidden>
    SLICE_X42Y96         LUT3 (Prop_lut3_I1_O)        0.045     1.181 f  gru_bin_version_wrapper/gru_bin_version/gru_bin_version_axi_mem_intercon_0/s02_couplers_imp_QTS1PG/gru_bin_version_axi_mem_intercon_imp_auto_pc_2/gru_bin_version_axi_mem_intercon_imp_auto_pc_2_axi_protocol_converter_v2_1_37_axi_protocol_converter/gru_bin_version_axi_mem_intercon_imp_auto_pc_2_axi_protocol_converter_v2_1_37_axi3_conv/gru_bin_version_axi_mem_intercon_imp_auto_pc_2_axi_protocol_converter_v2_1_37_a_axi3_conv/gru_bin_version_axi_mem_intercon_imp_auto_pc_2_axi_data_fifo_v2_1_36_axic_fifo/gru_bin_version_axi_mem_intercon_imp_auto_pc_2_axi_data_fifo_v2_1_36_fifo_gen/<hidden>/<hidden>/<hidden>/<hidden>/<hidden>
                         net (fo=32, routed)          0.210     1.391    gru_bin_version_wrapper/gru_bin_version/gru_bin_version_axi_mem_intercon_0/s02_couplers_imp_QTS1PG/gru_bin_version_axi_mem_intercon_imp_auto_pc_2/gru_bin_version_axi_mem_intercon_imp_auto_pc_2_axi_protocol_converter_v2_1_37_axi_protocol_converter/gru_bin_version_axi_mem_intercon_imp_auto_pc_2_axi_protocol_converter_v2_1_37_axi3_conv/gru_bin_version_axi_mem_intercon_imp_auto_pc_2_axi_protocol_converter_v2_1_37_a_axi3_conv/gru_bin_version_axi_mem_intercon_imp_auto_pc_2_axi_data_fifo_v2_1_36_axic_fifo/gru_bin_version_axi_mem_intercon_imp_auto_pc_2_axi_data_fifo_v2_1_36_fifo_gen/<hidden>/<hidden>/<hidden>/<hidden>/<hidden>/<hidden>
    SLICE_X44Y97         FDCE                                         f  gru_bin_version_wrapper/gru_bin_version/gru_bin_version_axi_mem_intercon_0/s02_couplers_imp_QTS1PG/gru_bin_version_axi_mem_intercon_imp_auto_pc_2/gru_bin_version_axi_mem_intercon_imp_auto_pc_2_axi_protocol_converter_v2_1_37_axi_protocol_converter/gru_bin_version_axi_mem_intercon_imp_auto_pc_2_axi_protocol_converter_v2_1_37_axi3_conv/gru_bin_version_axi_mem_intercon_imp_auto_pc_2_axi_protocol_converter_v2_1_37_a_axi3_conv/gru_bin_version_axi_mem_intercon_imp_auto_pc_2_axi_data_fifo_v2_1_36_axic_fifo/gru_bin_version_axi_mem_intercon_imp_auto_pc_2_axi_data_fifo_v2_1_36_fifo_gen/<hidden>/<hidden>/<hidden>/<hidden>/<hidden>/<hidden>
  -------------------------------------------------------------------    -------------------

                         (clock clk_fpga_0 rise edge)
                                                      0.000     0.000 r  
    PS7_X0Y0             PS7                          0.000     0.000 r  gru_bin_version_i/processing_system7_0/inst/PS7_i/FCLKCLK[0]
                         net (fo=1, routed)           0.337     0.337    gru_bin_version_i/processing_system7_0/inst/FCLK_CLK_unbuffered[0]
    BUFGCTRL_X0Y16       BUFG (Prop_bufg_I_O)         0.029     0.366 r  gru_bin_version_i/processing_system7_0/inst/buffer_fclk_clk_0.FCLK_CLK_0_BUFG/O
                         net (fo=22708, routed)       0.825     1.191    gru_bin_version_wrapper/gru_bin_version/gru_bin_version_axi_mem_intercon_0/s02_couplers_imp_QTS1PG/gru_bin_version_axi_mem_intercon_imp_auto_pc_2/gru_bin_version_axi_mem_intercon_imp_auto_pc_2_axi_protocol_converter_v2_1_37_axi_protocol_converter/gru_bin_version_axi_mem_intercon_imp_auto_pc_2_axi_protocol_converter_v2_1_37_axi3_conv/gru_bin_version_axi_mem_intercon_imp_auto_pc_2_axi_protocol_converter_v2_1_37_a_axi3_conv/gru_bin_version_axi_mem_intercon_imp_auto_pc_2_axi_data_fifo_v2_1_36_axic_fifo/gru_bin_version_axi_mem_intercon_imp_auto_pc_2_axi_data_fifo_v2_1_36_fifo_gen/<hidden>/<hidden>/<hidden>/<hidden>/<hidden>/<hidden>
    SLICE_X44Y97         FDCE                                         r  gru_bin_version_wrapper/gru_bin_version/gru_bin_version_axi_mem_intercon_0/s02_couplers_imp_QTS1PG/gru_bin_version_axi_mem_intercon_imp_auto_pc_2/gru_bin_version_axi_mem_intercon_imp_auto_pc_2_axi_protocol_converter_v2_1_37_axi_protocol_converter/gru_bin_version_axi_mem_intercon_imp_auto_pc_2_axi_protocol_converter_v2_1_37_axi3_conv/gru_bin_version_axi_mem_intercon_imp_auto_pc_2_axi_protocol_converter_v2_1_37_a_axi3_conv/gru_bin_version_axi_mem_intercon_imp_auto_pc_2_axi_data_fifo_v2_1_36_axic_fifo/gru_bin_version_axi_mem_intercon_imp_auto_pc_2_axi_data_fifo_v2_1_36_fifo_gen/<hidden>/<hidden>/<hidden>/<hidden>/<hidden>/<hidden>
                         clock pessimism             -0.264     0.927    
    SLICE_X44Y97         FDCE (Remov_fdce_C_CLR)     -0.092     0.835    gru_bin_version_wrapper/gru_bin_version/gru_bin_version_axi_mem_intercon_0/s02_couplers_imp_QTS1PG/gru_bin_version_axi_mem_intercon_imp_auto_pc_2/gru_bin_version_axi_mem_intercon_imp_auto_pc_2_axi_protocol_converter_v2_1_37_axi_protocol_converter/gru_bin_version_axi_mem_intercon_imp_auto_pc_2_axi_protocol_converter_v2_1_37_axi3_conv/gru_bin_version_axi_mem_intercon_imp_auto_pc_2_axi_protocol_converter_v2_1_37_a_axi3_conv/gru_bin_version_axi_mem_intercon_imp_auto_pc_2_axi_data_fifo_v2_1_36_axic_fifo/gru_bin_version_axi_mem_intercon_imp_auto_pc_2_axi_data_fifo_v2_1_36_fifo_gen/<hidden>/<hidden>/<hidden>/<hidden>/<hidden>/<hidden>
  -------------------------------------------------------------------
                         required time                         -0.835    
                         arrival time                           1.391    
  -------------------------------------------------------------------
                         slack                                  0.557    

Slack (MET) :             0.560ns  (arrival time - required time)
  Source:                 gru_bin_version_wrapper/gru_bin_version/gru_bin_version_axi_mem_intercon_0/s02_couplers_imp_QTS1PG/gru_bin_version_axi_mem_intercon_imp_auto_pc_2/gru_bin_version_axi_mem_intercon_imp_auto_pc_2_axi_protocol_converter_v2_1_37_axi_protocol_converter/gru_bin_version_axi_mem_intercon_imp_auto_pc_2_axi_protocol_converter_v2_1_37_axi3_conv/gru_bin_version_axi_mem_intercon_imp_auto_pc_2_axi_protocol_converter_v2_1_37_a_axi3_conv/gru_bin_version_axi_mem_intercon_imp_auto_pc_2_axi_data_fifo_v2_1_36_axic_fifo/gru_bin_version_axi_mem_intercon_imp_auto_pc_2_axi_data_fifo_v2_1_36_fifo_gen/<hidden>/<hidden>/<hidden>/<hidden>/<hidden>
                            (rising edge-triggered cell FDRE clocked by clk_fpga_0  {rise@0.000ns fall@5.000ns period=10.000ns})
  Destination:            gru_bin_version_wrapper/gru_bin_version/gru_bin_version_axi_mem_intercon_0/s02_couplers_imp_QTS1PG/gru_bin_version_axi_mem_intercon_imp_auto_pc_2/gru_bin_version_axi_mem_intercon_imp_auto_pc_2_axi_protocol_converter_v2_1_37_axi_protocol_converter/gru_bin_version_axi_mem_intercon_imp_auto_pc_2_axi_protocol_converter_v2_1_37_axi3_conv/gru_bin_version_axi_mem_intercon_imp_auto_pc_2_axi_protocol_converter_v2_1_37_a_axi3_conv/gru_bin_version_axi_mem_intercon_imp_auto_pc_2_axi_data_fifo_v2_1_36_axic_fifo/gru_bin_version_axi_mem_intercon_imp_auto_pc_2_axi_data_fifo_v2_1_36_fifo_gen/<hidden>/<hidden>/<hidden>/<hidden>/<hidden>/<hidden>
                            (removal check against rising-edge clock clk_fpga_0  {rise@0.000ns fall@5.000ns period=10.000ns})
  Path Group:             **async_default**
  Path Type:              Removal (Min at Fast Process Corner)
  Requirement:            0.000ns  (clk_fpga_0 rise@0.000ns - clk_fpga_0 rise@0.000ns)
  Data Path Delay:        0.500ns  (logic 0.186ns (37.227%)  route 0.314ns (62.773%))
  Logic Levels:           1  (LUT3=1)
  Clock Path Skew:        0.035ns (DCD - SCD - CPR)
    Destination Clock Delay (DCD):    1.191ns
    Source Clock Delay      (SCD):    0.892ns
    Clock Pessimism Removal (CPR):    0.264ns

    Location             Delay type                Incr(ns)  Path(ns)    Netlist Resource(s)
  -------------------------------------------------------------------    -------------------
                         (clock clk_fpga_0 rise edge)
                                                      0.000     0.000 r  
    PS7_X0Y0             PS7                          0.000     0.000 r  gru_bin_version_i/processing_system7_0/inst/PS7_i/FCLKCLK[0]
                         net (fo=1, routed)           0.310     0.310    gru_bin_version_i/processing_system7_0/inst/FCLK_CLK_unbuffered[0]
    BUFGCTRL_X0Y16       BUFG (Prop_bufg_I_O)         0.026     0.336 r  gru_bin_version_i/processing_system7_0/inst/buffer_fclk_clk_0.FCLK_CLK_0_BUFG/O
                         net (fo=22708, routed)       0.556     0.892    gru_bin_version_wrapper/gru_bin_version/gru_bin_version_axi_mem_intercon_0/s02_couplers_imp_QTS1PG/gru_bin_version_axi_mem_intercon_imp_auto_pc_2/gru_bin_version_axi_mem_intercon_imp_auto_pc_2_axi_protocol_converter_v2_1_37_axi_protocol_converter/gru_bin_version_axi_mem_intercon_imp_auto_pc_2_axi_protocol_converter_v2_1_37_axi3_conv/gru_bin_version_axi_mem_intercon_imp_auto_pc_2_axi_protocol_converter_v2_1_37_a_axi3_conv/gru_bin_version_axi_mem_intercon_imp_auto_pc_2_axi_data_fifo_v2_1_36_axic_fifo/gru_bin_version_axi_mem_intercon_imp_auto_pc_2_axi_data_fifo_v2_1_36_fifo_gen/<hidden>/<hidden>/<hidden>/<hidden>/<hidden>
    SLICE_X43Y96         FDRE                                         r  gru_bin_version_wrapper/gru_bin_version/gru_bin_version_axi_mem_intercon_0/s02_couplers_imp_QTS1PG/gru_bin_version_axi_mem_intercon_imp_auto_pc_2/gru_bin_version_axi_mem_intercon_imp_auto_pc_2_axi_protocol_converter_v2_1_37_axi_protocol_converter/gru_bin_version_axi_mem_intercon_imp_auto_pc_2_axi_protocol_converter_v2_1_37_axi3_conv/gru_bin_version_axi_mem_intercon_imp_auto_pc_2_axi_protocol_converter_v2_1_37_a_axi3_conv/gru_bin_version_axi_mem_intercon_imp_auto_pc_2_axi_data_fifo_v2_1_36_axic_fifo/gru_bin_version_axi_mem_intercon_imp_auto_pc_2_axi_data_fifo_v2_1_36_fifo_gen/<hidden>/<hidden>/<hidden>/<hidden>/<hidden>
  -------------------------------------------------------------------    -------------------
    SLICE_X43Y96         FDRE (Prop_fdre_C_Q)         0.141     1.033 f  gru_bin_version_wrapper/gru_bin_version/gru_bin_version_axi_mem_intercon_0/s02_couplers_imp_QTS1PG/gru_bin_version_axi_mem_intercon_imp_auto_pc_2/gru_bin_version_axi_mem_intercon_imp_auto_pc_2_axi_protocol_converter_v2_1_37_axi_protocol_converter/gru_bin_version_axi_mem_intercon_imp_auto_pc_2_axi_protocol_converter_v2_1_37_axi3_conv/gru_bin_version_axi_mem_intercon_imp_auto_pc_2_axi_protocol_converter_v2_1_37_a_axi3_conv/gru_bin_version_axi_mem_intercon_imp_auto_pc_2_axi_data_fifo_v2_1_36_axic_fifo/gru_bin_version_axi_mem_intercon_imp_auto_pc_2_axi_data_fifo_v2_1_36_fifo_gen/<hidden>/<hidden>/<hidden>/<hidden>/<hidden>
                         net (fo=2, routed)           0.103     1.136    gru_bin_version_wrapper/gru_bin_version/gru_bin_version_axi_mem_intercon_0/s02_couplers_imp_QTS1PG/gru_bin_version_axi_mem_intercon_imp_auto_pc_2/gru_bin_version_axi_mem_intercon_imp_auto_pc_2_axi_protocol_converter_v2_1_37_axi_protocol_converter/gru_bin_version_axi_mem_intercon_imp_auto_pc_2_axi_protocol_converter_v2_1_37_axi3_conv/gru_bin_version_axi_mem_intercon_imp_auto_pc_2_axi_protocol_converter_v2_1_37_a_axi3_conv/gru_bin_version_axi_mem_intercon_imp_auto_pc_2_axi_data_fifo_v2_1_36_axic_fifo/gru_bin_version_axi_mem_intercon_imp_auto_pc_2_axi_data_fifo_v2_1_36_fifo_gen/<hidden>/<hidden>/<hidden>/<hidden>/<hidden>
    SLICE_X42Y96         LUT3 (Prop_lut3_I1_O)        0.045     1.181 f  gru_bin_version_wrapper/gru_bin_version/gru_bin_version_axi_mem_intercon_0/s02_couplers_imp_QTS1PG/gru_bin_version_axi_mem_intercon_imp_auto_pc_2/gru_bin_version_axi_mem_intercon_imp_auto_pc_2_axi_protocol_converter_v2_1_37_axi_protocol_converter/gru_bin_version_axi_mem_intercon_imp_auto_pc_2_axi_protocol_converter_v2_1_37_axi3_conv/gru_bin_version_axi_mem_intercon_imp_auto_pc_2_axi_protocol_converter_v2_1_37_a_axi3_conv/gru_bin_version_axi_mem_intercon_imp_auto_pc_2_axi_data_fifo_v2_1_36_axic_fifo/gru_bin_version_axi_mem_intercon_imp_auto_pc_2_axi_data_fifo_v2_1_36_fifo_gen/<hidden>/<hidden>/<hidden>/<hidden>/<hidden>
                         net (fo=32, routed)          0.210     1.391    gru_bin_version_wrapper/gru_bin_version/gru_bin_version_axi_mem_intercon_0/s02_couplers_imp_QTS1PG/gru_bin_version_axi_mem_intercon_imp_auto_pc_2/gru_bin_version_axi_mem_intercon_imp_auto_pc_2_axi_protocol_converter_v2_1_37_axi_protocol_converter/gru_bin_version_axi_mem_intercon_imp_auto_pc_2_axi_protocol_converter_v2_1_37_axi3_conv/gru_bin_version_axi_mem_intercon_imp_auto_pc_2_axi_protocol_converter_v2_1_37_a_axi3_conv/gru_bin_version_axi_mem_intercon_imp_auto_pc_2_axi_data_fifo_v2_1_36_axic_fifo/gru_bin_version_axi_mem_intercon_imp_auto_pc_2_axi_data_fifo_v2_1_36_fifo_gen/<hidden>/<hidden>/<hidden>/<hidden>/<hidden>/<hidden>
    SLICE_X44Y97         FDPE                                         f  gru_bin_version_wrapper/gru_bin_version/gru_bin_version_axi_mem_intercon_0/s02_couplers_imp_QTS1PG/gru_bin_version_axi_mem_intercon_imp_auto_pc_2/gru_bin_version_axi_mem_intercon_imp_auto_pc_2_axi_protocol_converter_v2_1_37_axi_protocol_converter/gru_bin_version_axi_mem_intercon_imp_auto_pc_2_axi_protocol_converter_v2_1_37_axi3_conv/gru_bin_version_axi_mem_intercon_imp_auto_pc_2_axi_protocol_converter_v2_1_37_a_axi3_conv/gru_bin_version_axi_mem_intercon_imp_auto_pc_2_axi_data_fifo_v2_1_36_axic_fifo/gru_bin_version_axi_mem_intercon_imp_auto_pc_2_axi_data_fifo_v2_1_36_fifo_gen/<hidden>/<hidden>/<hidden>/<hidden>/<hidden>/<hidden>
  -------------------------------------------------------------------    -------------------

                         (clock clk_fpga_0 rise edge)
                                                      0.000     0.000 r  
    PS7_X0Y0             PS7                          0.000     0.000 r  gru_bin_version_i/processing_system7_0/inst/PS7_i/FCLKCLK[0]
                         net (fo=1, routed)           0.337     0.337    gru_bin_version_i/processing_system7_0/inst/FCLK_CLK_unbuffered[0]
    BUFGCTRL_X0Y16       BUFG (Prop_bufg_I_O)         0.029     0.366 r  gru_bin_version_i/processing_system7_0/inst/buffer_fclk_clk_0.FCLK_CLK_0_BUFG/O
                         net (fo=22708, routed)       0.825     1.191    gru_bin_version_wrapper/gru_bin_version/gru_bin_version_axi_mem_intercon_0/s02_couplers_imp_QTS1PG/gru_bin_version_axi_mem_intercon_imp_auto_pc_2/gru_bin_version_axi_mem_intercon_imp_auto_pc_2_axi_protocol_converter_v2_1_37_axi_protocol_converter/gru_bin_version_axi_mem_intercon_imp_auto_pc_2_axi_protocol_converter_v2_1_37_axi3_conv/gru_bin_version_axi_mem_intercon_imp_auto_pc_2_axi_protocol_converter_v2_1_37_a_axi3_conv/gru_bin_version_axi_mem_intercon_imp_auto_pc_2_axi_data_fifo_v2_1_36_axic_fifo/gru_bin_version_axi_mem_intercon_imp_auto_pc_2_axi_data_fifo_v2_1_36_fifo_gen/<hidden>/<hidden>/<hidden>/<hidden>/<hidden>/<hidden>
    SLICE_X44Y97         FDPE                                         r  gru_bin_version_wrapper/gru_bin_version/gru_bin_version_axi_mem_intercon_0/s02_couplers_imp_QTS1PG/gru_bin_version_axi_mem_intercon_imp_auto_pc_2/gru_bin_version_axi_mem_intercon_imp_auto_pc_2_axi_protocol_converter_v2_1_37_axi_protocol_converter/gru_bin_version_axi_mem_intercon_imp_auto_pc_2_axi_protocol_converter_v2_1_37_axi3_conv/gru_bin_version_axi_mem_intercon_imp_auto_pc_2_axi_protocol_converter_v2_1_37_a_axi3_conv/gru_bin_version_axi_mem_intercon_imp_auto_pc_2_axi_data_fifo_v2_1_36_axic_fifo/gru_bin_version_axi_mem_intercon_imp_auto_pc_2_axi_data_fifo_v2_1_36_fifo_gen/<hidden>/<hidden>/<hidden>/<hidden>/<hidden>/<hidden>
                         clock pessimism             -0.264     0.927    
    SLICE_X44Y97         FDPE (Remov_fdpe_C_PRE)     -0.095     0.832    gru_bin_version_wrapper/gru_bin_version/gru_bin_version_axi_mem_intercon_0/s02_couplers_imp_QTS1PG/gru_bin_version_axi_mem_intercon_imp_auto_pc_2/gru_bin_version_axi_mem_intercon_imp_auto_pc_2_axi_protocol_converter_v2_1_37_axi_protocol_converter/gru_bin_version_axi_mem_intercon_imp_auto_pc_2_axi_protocol_converter_v2_1_37_axi3_conv/gru_bin_version_axi_mem_intercon_imp_auto_pc_2_axi_protocol_converter_v2_1_37_a_axi3_conv/gru_bin_version_axi_mem_intercon_imp_auto_pc_2_axi_data_fifo_v2_1_36_axic_fifo/gru_bin_version_axi_mem_intercon_imp_auto_pc_2_axi_data_fifo_v2_1_36_fifo_gen/<hidden>/<hidden>/<hidden>/<hidden>/<hidden>/<hidden>
  -------------------------------------------------------------------
                         required time                         -0.832    
                         arrival time                           1.391    
  -------------------------------------------------------------------
                         slack                                  0.560    





--------------------------------------------------------------------------------------
Path Group:  (none)
From Clock:  
  To Clock:  clk_fpga_0

Max Delay             1 Endpoint
Min Delay             1 Endpoint
--------------------------------------------------------------------------------------


Max Delay Paths
--------------------------------------------------------------------------------------
Slack:                    inf
  Source:                 gru_bin_version_i/processing_system7_0/inst/PS7_i/FCLKRESETN[0]
                            (internal pin)
  Destination:            gru_bin_version_i/rst_ps7_0_100M/U0/EXT_LPF/ACTIVE_LOW_EXT.ACT_LO_EXT/syncstages_ff_reg[0]/D
                            (rising edge-triggered cell FDRE clocked by clk_fpga_0  {rise@0.000ns fall@5.000ns period=10.000ns})
  Path Group:             (none)
  Path Type:              Setup (Max at Slow Process Corner)
  Data Path Delay:        1.914ns  (logic 0.124ns (6.478%)  route 1.790ns (93.522%))
  Logic Levels:           1  (LUT1=1)
  Clock Uncertainty:      0.152ns  ((TSJ^2 + TIJ^2)^1/2 + DJ) / 2 + PE
    Total System Jitter     (TSJ):    0.050ns
    Total Input Jitter      (TIJ):    0.300ns
    Discrete Jitter          (DJ):    0.000ns
    Phase Error              (PE):    0.000ns
  Timing Exception:       False Path

    Location             Delay type                Incr(ns)  Path(ns)    Netlist Resource(s)
  -------------------------------------------------------------------    -------------------
    PS7_X0Y0             PS7                          0.000     0.000 f  gru_bin_version_i/processing_system7_0/inst/PS7_i/FCLKRESETN[0]
                         net (fo=1, routed)           1.790     1.790    gru_bin_version_i/rst_ps7_0_100M/U0/EXT_LPF/ext_reset_in
    SLICE_X47Y94         LUT1 (Prop_lut1_I0_O)        0.124     1.914 r  gru_bin_version_i/rst_ps7_0_100M/U0/EXT_LPF/ACTIVE_LOW_EXT.ACT_LO_EXT_i_1/O
                         net (fo=1, routed)           0.000     1.914    gru_bin_version_i/rst_ps7_0_100M/U0/EXT_LPF/ACTIVE_LOW_EXT.ACT_LO_EXT/src_in
    SLICE_X47Y94         FDRE                                         r  gru_bin_version_i/rst_ps7_0_100M/U0/EXT_LPF/ACTIVE_LOW_EXT.ACT_LO_EXT/syncstages_ff_reg[0]/D
  -------------------------------------------------------------------    -------------------

                         (clock clk_fpga_0 rise edge)
                                                      0.000     0.000 r  
    PS7_X0Y0             PS7                          0.000     0.000 r  gru_bin_version_i/processing_system7_0/inst/PS7_i/FCLKCLK[0]
                         net (fo=1, routed)           1.088     1.088    gru_bin_version_i/processing_system7_0/inst/FCLK_CLK_unbuffered[0]
    BUFGCTRL_X0Y16       BUFG (Prop_bufg_I_O)         0.091     1.179 r  gru_bin_version_i/processing_system7_0/inst/buffer_fclk_clk_0.FCLK_CLK_0_BUFG/O
                         net (fo=22708, routed)       1.478     2.657    gru_bin_version_i/rst_ps7_0_100M/U0/EXT_LPF/ACTIVE_LOW_EXT.ACT_LO_EXT/dest_clk
    SLICE_X47Y94         FDRE                                         r  gru_bin_version_i/rst_ps7_0_100M/U0/EXT_LPF/ACTIVE_LOW_EXT.ACT_LO_EXT/syncstages_ff_reg[0]/C





Min Delay Paths
--------------------------------------------------------------------------------------
Slack:                    inf
  Source:                 gru_bin_version_i/processing_system7_0/inst/PS7_i/FCLKRESETN[0]
                            (internal pin)
  Destination:            gru_bin_version_i/rst_ps7_0_100M/U0/EXT_LPF/ACTIVE_LOW_EXT.ACT_LO_EXT/syncstages_ff_reg[0]/D
                            (rising edge-triggered cell FDRE clocked by clk_fpga_0  {rise@0.000ns fall@5.000ns period=10.000ns})
  Path Group:             (none)
  Path Type:              Hold (Min at Fast Process Corner)
  Data Path Delay:        0.744ns  (logic 0.045ns (6.048%)  route 0.699ns (93.952%))
  Logic Levels:           1  (LUT1=1)
  Clock Uncertainty:      0.152ns  ((TSJ^2 + TIJ^2)^1/2 + DJ) / 2 + PE
    Total System Jitter     (TSJ):    0.050ns
    Total Input Jitter      (TIJ):    0.300ns
    Discrete Jitter          (DJ):    0.000ns
    Phase Error              (PE):    0.000ns
  Timing Exception:       False Path

    Location             Delay type                Incr(ns)  Path(ns)    Netlist Resource(s)
  -------------------------------------------------------------------    -------------------
    PS7_X0Y0             PS7                          0.000     0.000 f  gru_bin_version_i/processing_system7_0/inst/PS7_i/FCLKRESETN[0]
                         net (fo=1, routed)           0.699     0.699    gru_bin_version_i/rst_ps7_0_100M/U0/EXT_LPF/ext_reset_in
    SLICE_X47Y94         LUT1 (Prop_lut1_I0_O)        0.045     0.744 r  gru_bin_version_i/rst_ps7_0_100M/U0/EXT_LPF/ACTIVE_LOW_EXT.ACT_LO_EXT_i_1/O
                         net (fo=1, routed)           0.000     0.744    gru_bin_version_i/rst_ps7_0_100M/U0/EXT_LPF/ACTIVE_LOW_EXT.ACT_LO_EXT/src_in
    SLICE_X47Y94         FDRE                                         r  gru_bin_version_i/rst_ps7_0_100M/U0/EXT_LPF/ACTIVE_LOW_EXT.ACT_LO_EXT/syncstages_ff_reg[0]/D
  -------------------------------------------------------------------    -------------------

                         (clock clk_fpga_0 rise edge)
                                                      0.000     0.000 r  
    PS7_X0Y0             PS7                          0.000     0.000 r  gru_bin_version_i/processing_system7_0/inst/PS7_i/FCLKCLK[0]
                         net (fo=1, routed)           0.337     0.337    gru_bin_version_i/processing_system7_0/inst/FCLK_CLK_unbuffered[0]
    BUFGCTRL_X0Y16       BUFG (Prop_bufg_I_O)         0.029     0.366 r  gru_bin_version_i/processing_system7_0/inst/buffer_fclk_clk_0.FCLK_CLK_0_BUFG/O
                         net (fo=22708, routed)       0.824     1.190    gru_bin_version_i/rst_ps7_0_100M/U0/EXT_LPF/ACTIVE_LOW_EXT.ACT_LO_EXT/dest_clk
    SLICE_X47Y94         FDRE                                         r  gru_bin_version_i/rst_ps7_0_100M/U0/EXT_LPF/ACTIVE_LOW_EXT.ACT_LO_EXT/syncstages_ff_reg[0]/C





--------------------------------------------------------------------------------------
Path Group:  (none)
From Clock:  clk_fpga_0
  To Clock:  clk_fpga_0

Max Delay            86 Endpoints
Min Delay            86 Endpoints
--------------------------------------------------------------------------------------


Max Delay Paths
--------------------------------------------------------------------------------------
Slack:                    inf
  Source:                 gru_bin_version_i/rst_ps7_0_100M/U0/ACTIVE_LOW_PR_OUT_DFF[0].FDRE_PER_N/C
                            (rising edge-triggered cell FDRE clocked by clk_fpga_0  {rise@0.000ns fall@5.000ns period=10.000ns})
  Destination:            gru_bin_version_wrapper/gru_bin_version/gru_bin_version_axi_mem_intercon_0/s01_couplers_imp_NNMS53/gru_bin_version_axi_mem_intercon_imp_auto_pc_1/gru_bin_version_axi_mem_intercon_imp_auto_pc_1_axi_protocol_converter_v2_1_37_axi_protocol_converter/gru_bin_version_axi_mem_intercon_imp_auto_pc_1_axi_protocol_converter_v2_1_37_axi3_conv/gru_bin_version_axi_mem_intercon_imp_auto_pc_1_axi_protocol_converter_v2_1_37_a_axi3_conv/gru_bin_version_axi_mem_intercon_imp_auto_pc_1_axi_data_fifo_v2_1_36_axic_fifo/gru_bin_version_axi_mem_intercon_imp_auto_pc_1_axi_data_fifo_v2_1_36_fifo_gen_1/<hidden>/<hidden>/<hidden>/<hidden>/<hidden>/<hidden>
                            (recovery check against rising-edge clock clk_fpga_0  {rise@0.000ns fall@5.000ns period=10.000ns})
  Path Group:             (none)
  Path Type:              Recovery (Max at Slow Process Corner)
  Data Path Delay:        7.084ns  (logic 0.580ns (8.187%)  route 6.504ns (91.813%))
  Logic Levels:           1  (LUT1=1)
  Clock Path Skew:        -0.188ns (DCD - SCD + CPR)
    Destination Clock Delay (DCD):    2.757ns
    Source Clock Delay      (SCD):    2.946ns
    Clock Pessimism Removal (CPR):    0.000ns
  Clock Uncertainty:      0.154ns  ((TSJ^2 + TIJ^2)^1/2 + DJ) / 2 + PE
    Total System Jitter     (TSJ):    0.071ns
    Total Input Jitter      (TIJ):    0.300ns
    Discrete Jitter          (DJ):    0.000ns
    Phase Error              (PE):    0.000ns
  Timing Exception:       False Path

    Location             Delay type                Incr(ns)  Path(ns)    Netlist Resource(s)
  -------------------------------------------------------------------    -------------------
                         (clock clk_fpga_0 rise edge)
                                                      0.000     0.000 r  
    PS7_X0Y0             PS7                          0.000     0.000 r  gru_bin_version_i/processing_system7_0/inst/PS7_i/FCLKCLK[0]
                         net (fo=1, routed)           1.193     1.193    gru_bin_version_i/processing_system7_0/inst/FCLK_CLK_unbuffered[0]
    BUFGCTRL_X0Y16       BUFG (Prop_bufg_I_O)         0.101     1.294 r  gru_bin_version_i/processing_system7_0/inst/buffer_fclk_clk_0.FCLK_CLK_0_BUFG/O
                         net (fo=22708, routed)       1.652     2.946    gru_bin_version_i/rst_ps7_0_100M/U0/slowest_sync_clk
    SLICE_X43Y97         FDRE                                         r  gru_bin_version_i/rst_ps7_0_100M/U0/ACTIVE_LOW_PR_OUT_DFF[0].FDRE_PER_N/C
  -------------------------------------------------------------------    -------------------
    SLICE_X43Y97         FDRE (Prop_fdre_C_Q)         0.456     3.402 r  gru_bin_version_i/rst_ps7_0_100M/U0/ACTIVE_LOW_PR_OUT_DFF[0].FDRE_PER_N/Q
                         net (fo=22, routed)          4.947     8.349    gru_bin_version_i/axi_mem_intercon/s01_couplers/auto_pc/inst/gen_axi4_axi3.axi3_conv_inst/USE_WRITE.write_addr_inst/USE_BURSTS.cmd_queue/inst/aresetn
    SLICE_X16Y45         LUT1 (Prop_lut1_I0_O)        0.124     8.473 f  gru_bin_version_i/axi_mem_intercon/s01_couplers/auto_pc/inst/gen_axi4_axi3.axi3_conv_inst/USE_WRITE.write_addr_inst/USE_BURSTS.cmd_queue/inst/S_AXI_AREADY_I_i_1/O
                         net (fo=119, routed)         1.558    10.030    gru_bin_version_wrapper/gru_bin_version/gru_bin_version_axi_mem_intercon_0/s01_couplers_imp_NNMS53/gru_bin_version_axi_mem_intercon_imp_auto_pc_1/gru_bin_version_axi_mem_intercon_imp_auto_pc_1_axi_protocol_converter_v2_1_37_axi_protocol_converter/gru_bin_version_axi_mem_intercon_imp_auto_pc_1_axi_protocol_converter_v2_1_37_axi3_conv/gru_bin_version_axi_mem_intercon_imp_auto_pc_1_axi_protocol_converter_v2_1_37_a_axi3_conv/gru_bin_version_axi_mem_intercon_imp_auto_pc_1_axi_data_fifo_v2_1_36_axic_fifo/gru_bin_version_axi_mem_intercon_imp_auto_pc_1_axi_data_fifo_v2_1_36_fifo_gen_1/<hidden>/<hidden>/<hidden>/<hidden>/<hidden>/<hidden>
    SLICE_X11Y38         FDPE                                         f  gru_bin_version_wrapper/gru_bin_version/gru_bin_version_axi_mem_intercon_0/s01_couplers_imp_NNMS53/gru_bin_version_axi_mem_intercon_imp_auto_pc_1/gru_bin_version_axi_mem_intercon_imp_auto_pc_1_axi_protocol_converter_v2_1_37_axi_protocol_converter/gru_bin_version_axi_mem_intercon_imp_auto_pc_1_axi_protocol_converter_v2_1_37_axi3_conv/gru_bin_version_axi_mem_intercon_imp_auto_pc_1_axi_protocol_converter_v2_1_37_a_axi3_conv/gru_bin_version_axi_mem_intercon_imp_auto_pc_1_axi_data_fifo_v2_1_36_axic_fifo/gru_bin_version_axi_mem_intercon_imp_auto_pc_1_axi_data_fifo_v2_1_36_fifo_gen_1/<hidden>/<hidden>/<hidden>/<hidden>/<hidden>/<hidden>
  -------------------------------------------------------------------    -------------------

                         (clock clk_fpga_0 rise edge)
                                                      0.000     0.000 r  
    PS7_X0Y0             PS7                          0.000     0.000 r  gru_bin_version_i/processing_system7_0/inst/PS7_i/FCLKCLK[0]
                         net (fo=1, routed)           1.088     1.088    gru_bin_version_i/processing_system7_0/inst/FCLK_CLK_unbuffered[0]
    BUFGCTRL_X0Y16       BUFG (Prop_bufg_I_O)         0.091     1.179 r  gru_bin_version_i/processing_system7_0/inst/buffer_fclk_clk_0.FCLK_CLK_0_BUFG/O
                         net (fo=22708, routed)       1.578     2.758    gru_bin_version_wrapper/gru_bin_version/gru_bin_version_axi_mem_intercon_0/s01_couplers_imp_NNMS53/gru_bin_version_axi_mem_intercon_imp_auto_pc_1/gru_bin_version_axi_mem_intercon_imp_auto_pc_1_axi_protocol_converter_v2_1_37_axi_protocol_converter/gru_bin_version_axi_mem_intercon_imp_auto_pc_1_axi_protocol_converter_v2_1_37_axi3_conv/gru_bin_version_axi_mem_intercon_imp_auto_pc_1_axi_protocol_converter_v2_1_37_a_axi3_conv/gru_bin_version_axi_mem_intercon_imp_auto_pc_1_axi_data_fifo_v2_1_36_axic_fifo/gru_bin_version_axi_mem_intercon_imp_auto_pc_1_axi_data_fifo_v2_1_36_fifo_gen_1/<hidden>/<hidden>/<hidden>/<hidden>/<hidden>/<hidden>
    SLICE_X11Y38         FDPE                                         r  gru_bin_version_wrapper/gru_bin_version/gru_bin_version_axi_mem_intercon_0/s01_couplers_imp_NNMS53/gru_bin_version_axi_mem_intercon_imp_auto_pc_1/gru_bin_version_axi_mem_intercon_imp_auto_pc_1_axi_protocol_converter_v2_1_37_axi_protocol_converter/gru_bin_version_axi_mem_intercon_imp_auto_pc_1_axi_protocol_converter_v2_1_37_axi3_conv/gru_bin_version_axi_mem_intercon_imp_auto_pc_1_axi_protocol_converter_v2_1_37_a_axi3_conv/gru_bin_version_axi_mem_intercon_imp_auto_pc_1_axi_data_fifo_v2_1_36_axic_fifo/gru_bin_version_axi_mem_intercon_imp_auto_pc_1_axi_data_fifo_v2_1_36_fifo_gen_1/<hidden>/<hidden>/<hidden>/<hidden>/<hidden>/<hidden>

Slack:                    inf
  Source:                 gru_bin_version_i/rst_ps7_0_100M/U0/ACTIVE_LOW_PR_OUT_DFF[0].FDRE_PER_N/C
                            (rising edge-triggered cell FDRE clocked by clk_fpga_0  {rise@0.000ns fall@5.000ns period=10.000ns})
  Destination:            gru_bin_version_wrapper/gru_bin_version/gru_bin_version_axi_mem_intercon_0/s01_couplers_imp_NNMS53/gru_bin_version_axi_mem_intercon_imp_auto_pc_1/gru_bin_version_axi_mem_intercon_imp_auto_pc_1_axi_protocol_converter_v2_1_37_axi_protocol_converter/gru_bin_version_axi_mem_intercon_imp_auto_pc_1_axi_protocol_converter_v2_1_37_axi3_conv/gru_bin_version_axi_mem_intercon_imp_auto_pc_1_axi_protocol_converter_v2_1_37_a_axi3_conv/gru_bin_version_axi_mem_intercon_imp_auto_pc_1_axi_data_fifo_v2_1_36_axic_fifo/gru_bin_version_axi_mem_intercon_imp_auto_pc_1_axi_data_fifo_v2_1_36_fifo_gen_1/<hidden>/<hidden>/<hidden>/<hidden>/<hidden>/<hidden>
                            (recovery check against rising-edge clock clk_fpga_0  {rise@0.000ns fall@5.000ns period=10.000ns})
  Path Group:             (none)
  Path Type:              Recovery (Max at Slow Process Corner)
  Data Path Delay:        7.084ns  (logic 0.580ns (8.187%)  route 6.504ns (91.813%))
  Logic Levels:           1  (LUT1=1)
  Clock Path Skew:        -0.188ns (DCD - SCD + CPR)
    Destination Clock Delay (DCD):    2.757ns
    Source Clock Delay      (SCD):    2.946ns
    Clock Pessimism Removal (CPR):    0.000ns
  Clock Uncertainty:      0.154ns  ((TSJ^2 + TIJ^2)^1/2 + DJ) / 2 + PE
    Total System Jitter     (TSJ):    0.071ns
    Total Input Jitter      (TIJ):    0.300ns
    Discrete Jitter          (DJ):    0.000ns
    Phase Error              (PE):    0.000ns
  Timing Exception:       False Path

    Location             Delay type                Incr(ns)  Path(ns)    Netlist Resource(s)
  -------------------------------------------------------------------    -------------------
                         (clock clk_fpga_0 rise edge)
                                                      0.000     0.000 r  
    PS7_X0Y0             PS7                          0.000     0.000 r  gru_bin_version_i/processing_system7_0/inst/PS7_i/FCLKCLK[0]
                         net (fo=1, routed)           1.193     1.193    gru_bin_version_i/processing_system7_0/inst/FCLK_CLK_unbuffered[0]
    BUFGCTRL_X0Y16       BUFG (Prop_bufg_I_O)         0.101     1.294 r  gru_bin_version_i/processing_system7_0/inst/buffer_fclk_clk_0.FCLK_CLK_0_BUFG/O
                         net (fo=22708, routed)       1.652     2.946    gru_bin_version_i/rst_ps7_0_100M/U0/slowest_sync_clk
    SLICE_X43Y97         FDRE                                         r  gru_bin_version_i/rst_ps7_0_100M/U0/ACTIVE_LOW_PR_OUT_DFF[0].FDRE_PER_N/C
  -------------------------------------------------------------------    -------------------
    SLICE_X43Y97         FDRE (Prop_fdre_C_Q)         0.456     3.402 r  gru_bin_version_i/rst_ps7_0_100M/U0/ACTIVE_LOW_PR_OUT_DFF[0].FDRE_PER_N/Q
                         net (fo=22, routed)          4.947     8.349    gru_bin_version_i/axi_mem_intercon/s01_couplers/auto_pc/inst/gen_axi4_axi3.axi3_conv_inst/USE_WRITE.write_addr_inst/USE_BURSTS.cmd_queue/inst/aresetn
    SLICE_X16Y45         LUT1 (Prop_lut1_I0_O)        0.124     8.473 f  gru_bin_version_i/axi_mem_intercon/s01_couplers/auto_pc/inst/gen_axi4_axi3.axi3_conv_inst/USE_WRITE.write_addr_inst/USE_BURSTS.cmd_queue/inst/S_AXI_AREADY_I_i_1/O
                         net (fo=119, routed)         1.558    10.030    gru_bin_version_wrapper/gru_bin_version/gru_bin_version_axi_mem_intercon_0/s01_couplers_imp_NNMS53/gru_bin_version_axi_mem_intercon_imp_auto_pc_1/gru_bin_version_axi_mem_intercon_imp_auto_pc_1_axi_protocol_converter_v2_1_37_axi_protocol_converter/gru_bin_version_axi_mem_intercon_imp_auto_pc_1_axi_protocol_converter_v2_1_37_axi3_conv/gru_bin_version_axi_mem_intercon_imp_auto_pc_1_axi_protocol_converter_v2_1_37_a_axi3_conv/gru_bin_version_axi_mem_intercon_imp_auto_pc_1_axi_data_fifo_v2_1_36_axic_fifo/gru_bin_version_axi_mem_intercon_imp_auto_pc_1_axi_data_fifo_v2_1_36_fifo_gen_1/<hidden>/<hidden>/<hidden>/<hidden>/<hidden>/<hidden>
    SLICE_X11Y38         FDPE                                         f  gru_bin_version_wrapper/gru_bin_version/gru_bin_version_axi_mem_intercon_0/s01_couplers_imp_NNMS53/gru_bin_version_axi_mem_intercon_imp_auto_pc_1/gru_bin_version_axi_mem_intercon_imp_auto_pc_1_axi_protocol_converter_v2_1_37_axi_protocol_converter/gru_bin_version_axi_mem_intercon_imp_auto_pc_1_axi_protocol_converter_v2_1_37_axi3_conv/gru_bin_version_axi_mem_intercon_imp_auto_pc_1_axi_protocol_converter_v2_1_37_a_axi3_conv/gru_bin_version_axi_mem_intercon_imp_auto_pc_1_axi_data_fifo_v2_1_36_axic_fifo/gru_bin_version_axi_mem_intercon_imp_auto_pc_1_axi_data_fifo_v2_1_36_fifo_gen_1/<hidden>/<hidden>/<hidden>/<hidden>/<hidden>/<hidden>
  -------------------------------------------------------------------    -------------------

                         (clock clk_fpga_0 rise edge)
                                                      0.000     0.000 r  
    PS7_X0Y0             PS7                          0.000     0.000 r  gru_bin_version_i/processing_system7_0/inst/PS7_i/FCLKCLK[0]
                         net (fo=1, routed)           1.088     1.088    gru_bin_version_i/processing_system7_0/inst/FCLK_CLK_unbuffered[0]
    BUFGCTRL_X0Y16       BUFG (Prop_bufg_I_O)         0.091     1.179 r  gru_bin_version_i/processing_system7_0/inst/buffer_fclk_clk_0.FCLK_CLK_0_BUFG/O
                         net (fo=22708, routed)       1.578     2.758    gru_bin_version_wrapper/gru_bin_version/gru_bin_version_axi_mem_intercon_0/s01_couplers_imp_NNMS53/gru_bin_version_axi_mem_intercon_imp_auto_pc_1/gru_bin_version_axi_mem_intercon_imp_auto_pc_1_axi_protocol_converter_v2_1_37_axi_protocol_converter/gru_bin_version_axi_mem_intercon_imp_auto_pc_1_axi_protocol_converter_v2_1_37_axi3_conv/gru_bin_version_axi_mem_intercon_imp_auto_pc_1_axi_protocol_converter_v2_1_37_a_axi3_conv/gru_bin_version_axi_mem_intercon_imp_auto_pc_1_axi_data_fifo_v2_1_36_axic_fifo/gru_bin_version_axi_mem_intercon_imp_auto_pc_1_axi_data_fifo_v2_1_36_fifo_gen_1/<hidden>/<hidden>/<hidden>/<hidden>/<hidden>/<hidden>
    SLICE_X11Y38         FDPE                                         r  gru_bin_version_wrapper/gru_bin_version/gru_bin_version_axi_mem_intercon_0/s01_couplers_imp_NNMS53/gru_bin_version_axi_mem_intercon_imp_auto_pc_1/gru_bin_version_axi_mem_intercon_imp_auto_pc_1_axi_protocol_converter_v2_1_37_axi_protocol_converter/gru_bin_version_axi_mem_intercon_imp_auto_pc_1_axi_protocol_converter_v2_1_37_axi3_conv/gru_bin_version_axi_mem_intercon_imp_auto_pc_1_axi_protocol_converter_v2_1_37_a_axi3_conv/gru_bin_version_axi_mem_intercon_imp_auto_pc_1_axi_data_fifo_v2_1_36_axic_fifo/gru_bin_version_axi_mem_intercon_imp_auto_pc_1_axi_data_fifo_v2_1_36_fifo_gen_1/<hidden>/<hidden>/<hidden>/<hidden>/<hidden>/<hidden>

Slack:                    inf
  Source:                 gru_bin_version_i/rst_ps7_0_100M/U0/ACTIVE_LOW_PR_OUT_DFF[0].FDRE_PER_N/C
                            (rising edge-triggered cell FDRE clocked by clk_fpga_0  {rise@0.000ns fall@5.000ns period=10.000ns})
  Destination:            gru_bin_version_wrapper/gru_bin_version/gru_bin_version_axi_mem_intercon_0/s00_couplers_imp_1UT69KP/gru_bin_version_axi_mem_intercon_imp_auto_pc_0/gru_bin_version_axi_mem_intercon_imp_auto_pc_0_axi_protocol_converter_v2_1_37_axi_protocol_converter/gru_bin_version_axi_mem_intercon_imp_auto_pc_0_axi_protocol_converter_v2_1_37_axi3_conv/gru_bin_version_axi_mem_intercon_imp_auto_pc_0_axi_protocol_converter_v2_1_37_a_axi3_conv/gru_bin_version_axi_mem_intercon_imp_auto_pc_0_axi_data_fifo_v2_1_36_axic_fifo/gru_bin_version_axi_mem_intercon_imp_auto_pc_0_axi_data_fifo_v2_1_36_fifo_gen/<hidden>/<hidden>/<hidden>/<hidden>/<hidden>/<hidden>
                            (recovery check against rising-edge clock clk_fpga_0  {rise@0.000ns fall@5.000ns period=10.000ns})
  Path Group:             (none)
  Path Type:              Recovery (Max at Slow Process Corner)
  Data Path Delay:        6.202ns  (logic 0.580ns (9.352%)  route 5.622ns (90.648%))
  Logic Levels:           1  (LUT1=1)
  Clock Path Skew:        -0.188ns (DCD - SCD + CPR)
    Destination Clock Delay (DCD):    2.758ns
    Source Clock Delay      (SCD):    2.946ns
    Clock Pessimism Removal (CPR):    0.000ns
  Clock Uncertainty:      0.154ns  ((TSJ^2 + TIJ^2)^1/2 + DJ) / 2 + PE
    Total System Jitter     (TSJ):    0.071ns
    Total Input Jitter      (TIJ):    0.300ns
    Discrete Jitter          (DJ):    0.000ns
    Phase Error              (PE):    0.000ns
  Timing Exception:       False Path

    Location             Delay type                Incr(ns)  Path(ns)    Netlist Resource(s)
  -------------------------------------------------------------------    -------------------
                         (clock clk_fpga_0 rise edge)
                                                      0.000     0.000 r  
    PS7_X0Y0             PS7                          0.000     0.000 r  gru_bin_version_i/processing_system7_0/inst/PS7_i/FCLKCLK[0]
                         net (fo=1, routed)           1.193     1.193    gru_bin_version_i/processing_system7_0/inst/FCLK_CLK_unbuffered[0]
    BUFGCTRL_X0Y16       BUFG (Prop_bufg_I_O)         0.101     1.294 r  gru_bin_version_i/processing_system7_0/inst/buffer_fclk_clk_0.FCLK_CLK_0_BUFG/O
                         net (fo=22708, routed)       1.652     2.946    gru_bin_version_i/rst_ps7_0_100M/U0/slowest_sync_clk
    SLICE_X43Y97         FDRE                                         r  gru_bin_version_i/rst_ps7_0_100M/U0/ACTIVE_LOW_PR_OUT_DFF[0].FDRE_PER_N/C
  -------------------------------------------------------------------    -------------------
    SLICE_X43Y97         FDRE (Prop_fdre_C_Q)         0.456     3.402 r  gru_bin_version_i/rst_ps7_0_100M/U0/ACTIVE_LOW_PR_OUT_DFF[0].FDRE_PER_N/Q
                         net (fo=22, routed)          4.926     8.328    gru_bin_version_i/axi_mem_intercon/s00_couplers/auto_pc/inst/gen_axi4_axi3.axi3_conv_inst/USE_READ.USE_SPLIT_R.read_addr_inst/USE_R_CHANNEL.cmd_queue/inst/aresetn
    SLICE_X21Y42         LUT1 (Prop_lut1_I0_O)        0.124     8.452 f  gru_bin_version_i/axi_mem_intercon/s00_couplers/auto_pc/inst/gen_axi4_axi3.axi3_conv_inst/USE_READ.USE_SPLIT_R.read_addr_inst/USE_R_CHANNEL.cmd_queue/inst/S_AXI_ASIZE_Q[2]_i_1/O
                         net (fo=44, routed)          0.696     9.148    gru_bin_version_wrapper/gru_bin_version/gru_bin_version_axi_mem_intercon_0/s00_couplers_imp_1UT69KP/gru_bin_version_axi_mem_intercon_imp_auto_pc_0/gru_bin_version_axi_mem_intercon_imp_auto_pc_0_axi_protocol_converter_v2_1_37_axi_protocol_converter/gru_bin_version_axi_mem_intercon_imp_auto_pc_0_axi_protocol_converter_v2_1_37_axi3_conv/gru_bin_version_axi_mem_intercon_imp_auto_pc_0_axi_protocol_converter_v2_1_37_a_axi3_conv/gru_bin_version_axi_mem_intercon_imp_auto_pc_0_axi_data_fifo_v2_1_36_axic_fifo/gru_bin_version_axi_mem_intercon_imp_auto_pc_0_axi_data_fifo_v2_1_36_fifo_gen/<hidden>/<hidden>/<hidden>/<hidden>/<hidden>/<hidden>
    SLICE_X19Y42         FDPE                                         f  gru_bin_version_wrapper/gru_bin_version/gru_bin_version_axi_mem_intercon_0/s00_couplers_imp_1UT69KP/gru_bin_version_axi_mem_intercon_imp_auto_pc_0/gru_bin_version_axi_mem_intercon_imp_auto_pc_0_axi_protocol_converter_v2_1_37_axi_protocol_converter/gru_bin_version_axi_mem_intercon_imp_auto_pc_0_axi_protocol_converter_v2_1_37_axi3_conv/gru_bin_version_axi_mem_intercon_imp_auto_pc_0_axi_protocol_converter_v2_1_37_a_axi3_conv/gru_bin_version_axi_mem_intercon_imp_auto_pc_0_axi_data_fifo_v2_1_36_axic_fifo/gru_bin_version_axi_mem_intercon_imp_auto_pc_0_axi_data_fifo_v2_1_36_fifo_gen/<hidden>/<hidden>/<hidden>/<hidden>/<hidden>/<hidden>
  -------------------------------------------------------------------    -------------------

                         (clock clk_fpga_0 rise edge)
                                                      0.000     0.000 r  
    PS7_X0Y0             PS7                          0.000     0.000 r  gru_bin_version_i/processing_system7_0/inst/PS7_i/FCLKCLK[0]
                         net (fo=1, routed)           1.088     1.088    gru_bin_version_i/processing_system7_0/inst/FCLK_CLK_unbuffered[0]
    BUFGCTRL_X0Y16       BUFG (Prop_bufg_I_O)         0.091     1.179 r  gru_bin_version_i/processing_system7_0/inst/buffer_fclk_clk_0.FCLK_CLK_0_BUFG/O
                         net (fo=22708, routed)       1.579     2.758    gru_bin_version_wrapper/gru_bin_version/gru_bin_version_axi_mem_intercon_0/s00_couplers_imp_1UT69KP/gru_bin_version_axi_mem_intercon_imp_auto_pc_0/gru_bin_version_axi_mem_intercon_imp_auto_pc_0_axi_protocol_converter_v2_1_37_axi_protocol_converter/gru_bin_version_axi_mem_intercon_imp_auto_pc_0_axi_protocol_converter_v2_1_37_axi3_conv/gru_bin_version_axi_mem_intercon_imp_auto_pc_0_axi_protocol_converter_v2_1_37_a_axi3_conv/gru_bin_version_axi_mem_intercon_imp_auto_pc_0_axi_data_fifo_v2_1_36_axic_fifo/gru_bin_version_axi_mem_intercon_imp_auto_pc_0_axi_data_fifo_v2_1_36_fifo_gen/<hidden>/<hidden>/<hidden>/<hidden>/<hidden>/<hidden>
    SLICE_X19Y42         FDPE                                         r  gru_bin_version_wrapper/gru_bin_version/gru_bin_version_axi_mem_intercon_0/s00_couplers_imp_1UT69KP/gru_bin_version_axi_mem_intercon_imp_auto_pc_0/gru_bin_version_axi_mem_intercon_imp_auto_pc_0_axi_protocol_converter_v2_1_37_axi_protocol_converter/gru_bin_version_axi_mem_intercon_imp_auto_pc_0_axi_protocol_converter_v2_1_37_axi3_conv/gru_bin_version_axi_mem_intercon_imp_auto_pc_0_axi_protocol_converter_v2_1_37_a_axi3_conv/gru_bin_version_axi_mem_intercon_imp_auto_pc_0_axi_data_fifo_v2_1_36_axic_fifo/gru_bin_version_axi_mem_intercon_imp_auto_pc_0_axi_data_fifo_v2_1_36_fifo_gen/<hidden>/<hidden>/<hidden>/<hidden>/<hidden>/<hidden>

Slack:                    inf
  Source:                 gru_bin_version_i/rst_ps7_0_100M/U0/ACTIVE_LOW_PR_OUT_DFF[0].FDRE_PER_N/C
                            (rising edge-triggered cell FDRE clocked by clk_fpga_0  {rise@0.000ns fall@5.000ns period=10.000ns})
  Destination:            gru_bin_version_wrapper/gru_bin_version/gru_bin_version_axi_mem_intercon_0/s00_couplers_imp_1UT69KP/gru_bin_version_axi_mem_intercon_imp_auto_pc_0/gru_bin_version_axi_mem_intercon_imp_auto_pc_0_axi_protocol_converter_v2_1_37_axi_protocol_converter/gru_bin_version_axi_mem_intercon_imp_auto_pc_0_axi_protocol_converter_v2_1_37_axi3_conv/gru_bin_version_axi_mem_intercon_imp_auto_pc_0_axi_protocol_converter_v2_1_37_a_axi3_conv/gru_bin_version_axi_mem_intercon_imp_auto_pc_0_axi_data_fifo_v2_1_36_axic_fifo/gru_bin_version_axi_mem_intercon_imp_auto_pc_0_axi_data_fifo_v2_1_36_fifo_gen/<hidden>/<hidden>/<hidden>/<hidden>/<hidden>/<hidden>
                            (recovery check against rising-edge clock clk_fpga_0  {rise@0.000ns fall@5.000ns period=10.000ns})
  Path Group:             (none)
  Path Type:              Recovery (Max at Slow Process Corner)
  Data Path Delay:        6.202ns  (logic 0.580ns (9.352%)  route 5.622ns (90.648%))
  Logic Levels:           1  (LUT1=1)
  Clock Path Skew:        -0.188ns (DCD - SCD + CPR)
    Destination Clock Delay (DCD):    2.758ns
    Source Clock Delay      (SCD):    2.946ns
    Clock Pessimism Removal (CPR):    0.000ns
  Clock Uncertainty:      0.154ns  ((TSJ^2 + TIJ^2)^1/2 + DJ) / 2 + PE
    Total System Jitter     (TSJ):    0.071ns
    Total Input Jitter      (TIJ):    0.300ns
    Discrete Jitter          (DJ):    0.000ns
    Phase Error              (PE):    0.000ns
  Timing Exception:       False Path

    Location             Delay type                Incr(ns)  Path(ns)    Netlist Resource(s)
  -------------------------------------------------------------------    -------------------
                         (clock clk_fpga_0 rise edge)
                                                      0.000     0.000 r  
    PS7_X0Y0             PS7                          0.000     0.000 r  gru_bin_version_i/processing_system7_0/inst/PS7_i/FCLKCLK[0]
                         net (fo=1, routed)           1.193     1.193    gru_bin_version_i/processing_system7_0/inst/FCLK_CLK_unbuffered[0]
    BUFGCTRL_X0Y16       BUFG (Prop_bufg_I_O)         0.101     1.294 r  gru_bin_version_i/processing_system7_0/inst/buffer_fclk_clk_0.FCLK_CLK_0_BUFG/O
                         net (fo=22708, routed)       1.652     2.946    gru_bin_version_i/rst_ps7_0_100M/U0/slowest_sync_clk
    SLICE_X43Y97         FDRE                                         r  gru_bin_version_i/rst_ps7_0_100M/U0/ACTIVE_LOW_PR_OUT_DFF[0].FDRE_PER_N/C
  -------------------------------------------------------------------    -------------------
    SLICE_X43Y97         FDRE (Prop_fdre_C_Q)         0.456     3.402 r  gru_bin_version_i/rst_ps7_0_100M/U0/ACTIVE_LOW_PR_OUT_DFF[0].FDRE_PER_N/Q
                         net (fo=22, routed)          4.926     8.328    gru_bin_version_i/axi_mem_intercon/s00_couplers/auto_pc/inst/gen_axi4_axi3.axi3_conv_inst/USE_READ.USE_SPLIT_R.read_addr_inst/USE_R_CHANNEL.cmd_queue/inst/aresetn
    SLICE_X21Y42         LUT1 (Prop_lut1_I0_O)        0.124     8.452 f  gru_bin_version_i/axi_mem_intercon/s00_couplers/auto_pc/inst/gen_axi4_axi3.axi3_conv_inst/USE_READ.USE_SPLIT_R.read_addr_inst/USE_R_CHANNEL.cmd_queue/inst/S_AXI_ASIZE_Q[2]_i_1/O
                         net (fo=44, routed)          0.696     9.148    gru_bin_version_wrapper/gru_bin_version/gru_bin_version_axi_mem_intercon_0/s00_couplers_imp_1UT69KP/gru_bin_version_axi_mem_intercon_imp_auto_pc_0/gru_bin_version_axi_mem_intercon_imp_auto_pc_0_axi_protocol_converter_v2_1_37_axi_protocol_converter/gru_bin_version_axi_mem_intercon_imp_auto_pc_0_axi_protocol_converter_v2_1_37_axi3_conv/gru_bin_version_axi_mem_intercon_imp_auto_pc_0_axi_protocol_converter_v2_1_37_a_axi3_conv/gru_bin_version_axi_mem_intercon_imp_auto_pc_0_axi_data_fifo_v2_1_36_axic_fifo/gru_bin_version_axi_mem_intercon_imp_auto_pc_0_axi_data_fifo_v2_1_36_fifo_gen/<hidden>/<hidden>/<hidden>/<hidden>/<hidden>/<hidden>
    SLICE_X19Y42         FDPE                                         f  gru_bin_version_wrapper/gru_bin_version/gru_bin_version_axi_mem_intercon_0/s00_couplers_imp_1UT69KP/gru_bin_version_axi_mem_intercon_imp_auto_pc_0/gru_bin_version_axi_mem_intercon_imp_auto_pc_0_axi_protocol_converter_v2_1_37_axi_protocol_converter/gru_bin_version_axi_mem_intercon_imp_auto_pc_0_axi_protocol_converter_v2_1_37_axi3_conv/gru_bin_version_axi_mem_intercon_imp_auto_pc_0_axi_protocol_converter_v2_1_37_a_axi3_conv/gru_bin_version_axi_mem_intercon_imp_auto_pc_0_axi_data_fifo_v2_1_36_axic_fifo/gru_bin_version_axi_mem_intercon_imp_auto_pc_0_axi_data_fifo_v2_1_36_fifo_gen/<hidden>/<hidden>/<hidden>/<hidden>/<hidden>/<hidden>
  -------------------------------------------------------------------    -------------------

                         (clock clk_fpga_0 rise edge)
                                                      0.000     0.000 r  
    PS7_X0Y0             PS7                          0.000     0.000 r  gru_bin_version_i/processing_system7_0/inst/PS7_i/FCLKCLK[0]
                         net (fo=1, routed)           1.088     1.088    gru_bin_version_i/processing_system7_0/inst/FCLK_CLK_unbuffered[0]
    BUFGCTRL_X0Y16       BUFG (Prop_bufg_I_O)         0.091     1.179 r  gru_bin_version_i/processing_system7_0/inst/buffer_fclk_clk_0.FCLK_CLK_0_BUFG/O
                         net (fo=22708, routed)       1.579     2.758    gru_bin_version_wrapper/gru_bin_version/gru_bin_version_axi_mem_intercon_0/s00_couplers_imp_1UT69KP/gru_bin_version_axi_mem_intercon_imp_auto_pc_0/gru_bin_version_axi_mem_intercon_imp_auto_pc_0_axi_protocol_converter_v2_1_37_axi_protocol_converter/gru_bin_version_axi_mem_intercon_imp_auto_pc_0_axi_protocol_converter_v2_1_37_axi3_conv/gru_bin_version_axi_mem_intercon_imp_auto_pc_0_axi_protocol_converter_v2_1_37_a_axi3_conv/gru_bin_version_axi_mem_intercon_imp_auto_pc_0_axi_data_fifo_v2_1_36_axic_fifo/gru_bin_version_axi_mem_intercon_imp_auto_pc_0_axi_data_fifo_v2_1_36_fifo_gen/<hidden>/<hidden>/<hidden>/<hidden>/<hidden>/<hidden>
    SLICE_X19Y42         FDPE                                         r  gru_bin_version_wrapper/gru_bin_version/gru_bin_version_axi_mem_intercon_0/s00_couplers_imp_1UT69KP/gru_bin_version_axi_mem_intercon_imp_auto_pc_0/gru_bin_version_axi_mem_intercon_imp_auto_pc_0_axi_protocol_converter_v2_1_37_axi_protocol_converter/gru_bin_version_axi_mem_intercon_imp_auto_pc_0_axi_protocol_converter_v2_1_37_axi3_conv/gru_bin_version_axi_mem_intercon_imp_auto_pc_0_axi_protocol_converter_v2_1_37_a_axi3_conv/gru_bin_version_axi_mem_intercon_imp_auto_pc_0_axi_data_fifo_v2_1_36_axic_fifo/gru_bin_version_axi_mem_intercon_imp_auto_pc_0_axi_data_fifo_v2_1_36_fifo_gen/<hidden>/<hidden>/<hidden>/<hidden>/<hidden>/<hidden>

Slack:                    inf
  Source:                 gru_bin_version_i/rst_ps7_0_100M/U0/ACTIVE_LOW_PR_OUT_DFF[0].FDRE_PER_N/C
                            (rising edge-triggered cell FDRE clocked by clk_fpga_0  {rise@0.000ns fall@5.000ns period=10.000ns})
  Destination:            gru_bin_version_wrapper/gru_bin_version/gru_bin_version_axi_mem_intercon_0/s01_couplers_imp_NNMS53/gru_bin_version_axi_mem_intercon_imp_auto_pc_1/gru_bin_version_axi_mem_intercon_imp_auto_pc_1_axi_protocol_converter_v2_1_37_axi_protocol_converter/gru_bin_version_axi_mem_intercon_imp_auto_pc_1_axi_protocol_converter_v2_1_37_axi3_conv/gru_bin_version_axi_mem_intercon_imp_auto_pc_1_axi_protocol_converter_v2_1_37_a_axi3_conv/gru_bin_version_axi_mem_intercon_imp_auto_pc_1_axi_data_fifo_v2_1_36_axic_fifo_0/gru_bin_version_axi_mem_intercon_imp_auto_pc_1_axi_data_fifo_v2_1_36_fifo_gen/<hidden>/<hidden>/<hidden>/<hidden>/<hidden>/<hidden>
                            (recovery check against rising-edge clock clk_fpga_0  {rise@0.000ns fall@5.000ns period=10.000ns})
  Path Group:             (none)
  Path Type:              Recovery (Max at Slow Process Corner)
  Data Path Delay:        5.967ns  (logic 0.580ns (9.719%)  route 5.387ns (90.281%))
  Logic Levels:           1  (LUT1=1)
  Clock Path Skew:        -0.189ns (DCD - SCD + CPR)
    Destination Clock Delay (DCD):    2.757ns
    Source Clock Delay      (SCD):    2.946ns
    Clock Pessimism Removal (CPR):    0.000ns
  Clock Uncertainty:      0.154ns  ((TSJ^2 + TIJ^2)^1/2 + DJ) / 2 + PE
    Total System Jitter     (TSJ):    0.071ns
    Total Input Jitter      (TIJ):    0.300ns
    Discrete Jitter          (DJ):    0.000ns
    Phase Error              (PE):    0.000ns
  Timing Exception:       False Path

    Location             Delay type                Incr(ns)  Path(ns)    Netlist Resource(s)
  -------------------------------------------------------------------    -------------------
                         (clock clk_fpga_0 rise edge)
                                                      0.000     0.000 r  
    PS7_X0Y0             PS7                          0.000     0.000 r  gru_bin_version_i/processing_system7_0/inst/PS7_i/FCLKCLK[0]
                         net (fo=1, routed)           1.193     1.193    gru_bin_version_i/processing_system7_0/inst/FCLK_CLK_unbuffered[0]
    BUFGCTRL_X0Y16       BUFG (Prop_bufg_I_O)         0.101     1.294 r  gru_bin_version_i/processing_system7_0/inst/buffer_fclk_clk_0.FCLK_CLK_0_BUFG/O
                         net (fo=22708, routed)       1.652     2.946    gru_bin_version_i/rst_ps7_0_100M/U0/slowest_sync_clk
    SLICE_X43Y97         FDRE                                         r  gru_bin_version_i/rst_ps7_0_100M/U0/ACTIVE_LOW_PR_OUT_DFF[0].FDRE_PER_N/C
  -------------------------------------------------------------------    -------------------
    SLICE_X43Y97         FDRE (Prop_fdre_C_Q)         0.456     3.402 r  gru_bin_version_i/rst_ps7_0_100M/U0/ACTIVE_LOW_PR_OUT_DFF[0].FDRE_PER_N/Q
                         net (fo=22, routed)          4.947     8.349    gru_bin_version_i/axi_mem_intercon/s01_couplers/auto_pc/inst/gen_axi4_axi3.axi3_conv_inst/USE_WRITE.write_addr_inst/USE_BURSTS.cmd_queue/inst/aresetn
    SLICE_X16Y45         LUT1 (Prop_lut1_I0_O)        0.124     8.473 f  gru_bin_version_i/axi_mem_intercon/s01_couplers/auto_pc/inst/gen_axi4_axi3.axi3_conv_inst/USE_WRITE.write_addr_inst/USE_BURSTS.cmd_queue/inst/S_AXI_AREADY_I_i_1/O
                         net (fo=119, routed)         0.441     8.913    gru_bin_version_wrapper/gru_bin_version/gru_bin_version_axi_mem_intercon_0/s01_couplers_imp_NNMS53/gru_bin_version_axi_mem_intercon_imp_auto_pc_1/gru_bin_version_axi_mem_intercon_imp_auto_pc_1_axi_protocol_converter_v2_1_37_axi_protocol_converter/gru_bin_version_axi_mem_intercon_imp_auto_pc_1_axi_protocol_converter_v2_1_37_axi3_conv/gru_bin_version_axi_mem_intercon_imp_auto_pc_1_axi_protocol_converter_v2_1_37_a_axi3_conv/gru_bin_version_axi_mem_intercon_imp_auto_pc_1_axi_data_fifo_v2_1_36_axic_fifo_0/gru_bin_version_axi_mem_intercon_imp_auto_pc_1_axi_data_fifo_v2_1_36_fifo_gen/<hidden>/<hidden>/<hidden>/<hidden>/<hidden>/<hidden>
    SLICE_X16Y39         FDPE                                         f  gru_bin_version_wrapper/gru_bin_version/gru_bin_version_axi_mem_intercon_0/s01_couplers_imp_NNMS53/gru_bin_version_axi_mem_intercon_imp_auto_pc_1/gru_bin_version_axi_mem_intercon_imp_auto_pc_1_axi_protocol_converter_v2_1_37_axi_protocol_converter/gru_bin_version_axi_mem_intercon_imp_auto_pc_1_axi_protocol_converter_v2_1_37_axi3_conv/gru_bin_version_axi_mem_intercon_imp_auto_pc_1_axi_protocol_converter_v2_1_37_a_axi3_conv/gru_bin_version_axi_mem_intercon_imp_auto_pc_1_axi_data_fifo_v2_1_36_axic_fifo_0/gru_bin_version_axi_mem_intercon_imp_auto_pc_1_axi_data_fifo_v2_1_36_fifo_gen/<hidden>/<hidden>/<hidden>/<hidden>/<hidden>/<hidden>
  -------------------------------------------------------------------    -------------------

                         (clock clk_fpga_0 rise edge)
                                                      0.000     0.000 r  
    PS7_X0Y0             PS7                          0.000     0.000 r  gru_bin_version_i/processing_system7_0/inst/PS7_i/FCLKCLK[0]
                         net (fo=1, routed)           1.088     1.088    gru_bin_version_i/processing_system7_0/inst/FCLK_CLK_unbuffered[0]
    BUFGCTRL_X0Y16       BUFG (Prop_bufg_I_O)         0.091     1.179 r  gru_bin_version_i/processing_system7_0/inst/buffer_fclk_clk_0.FCLK_CLK_0_BUFG/O
                         net (fo=22708, routed)       1.578     2.757    gru_bin_version_wrapper/gru_bin_version/gru_bin_version_axi_mem_intercon_0/s01_couplers_imp_NNMS53/gru_bin_version_axi_mem_intercon_imp_auto_pc_1/gru_bin_version_axi_mem_intercon_imp_auto_pc_1_axi_protocol_converter_v2_1_37_axi_protocol_converter/gru_bin_version_axi_mem_intercon_imp_auto_pc_1_axi_protocol_converter_v2_1_37_axi3_conv/gru_bin_version_axi_mem_intercon_imp_auto_pc_1_axi_protocol_converter_v2_1_37_a_axi3_conv/gru_bin_version_axi_mem_intercon_imp_auto_pc_1_axi_data_fifo_v2_1_36_axic_fifo_0/gru_bin_version_axi_mem_intercon_imp_auto_pc_1_axi_data_fifo_v2_1_36_fifo_gen/<hidden>/<hidden>/<hidden>/<hidden>/<hidden>/<hidden>
    SLICE_X16Y39         FDPE                                         r  gru_bin_version_wrapper/gru_bin_version/gru_bin_version_axi_mem_intercon_0/s01_couplers_imp_NNMS53/gru_bin_version_axi_mem_intercon_imp_auto_pc_1/gru_bin_version_axi_mem_intercon_imp_auto_pc_1_axi_protocol_converter_v2_1_37_axi_protocol_converter/gru_bin_version_axi_mem_intercon_imp_auto_pc_1_axi_protocol_converter_v2_1_37_axi3_conv/gru_bin_version_axi_mem_intercon_imp_auto_pc_1_axi_protocol_converter_v2_1_37_a_axi3_conv/gru_bin_version_axi_mem_intercon_imp_auto_pc_1_axi_data_fifo_v2_1_36_axic_fifo_0/gru_bin_version_axi_mem_intercon_imp_auto_pc_1_axi_data_fifo_v2_1_36_fifo_gen/<hidden>/<hidden>/<hidden>/<hidden>/<hidden>/<hidden>

Slack:                    inf
  Source:                 gru_bin_version_i/rst_ps7_0_100M/U0/ACTIVE_LOW_PR_OUT_DFF[0].FDRE_PER_N/C
                            (rising edge-triggered cell FDRE clocked by clk_fpga_0  {rise@0.000ns fall@5.000ns period=10.000ns})
  Destination:            gru_bin_version_wrapper/gru_bin_version/gru_bin_version_axi_mem_intercon_0/s01_couplers_imp_NNMS53/gru_bin_version_axi_mem_intercon_imp_auto_pc_1/gru_bin_version_axi_mem_intercon_imp_auto_pc_1_axi_protocol_converter_v2_1_37_axi_protocol_converter/gru_bin_version_axi_mem_intercon_imp_auto_pc_1_axi_protocol_converter_v2_1_37_axi3_conv/gru_bin_version_axi_mem_intercon_imp_auto_pc_1_axi_protocol_converter_v2_1_37_a_axi3_conv/gru_bin_version_axi_mem_intercon_imp_auto_pc_1_axi_data_fifo_v2_1_36_axic_fifo_0/gru_bin_version_axi_mem_intercon_imp_auto_pc_1_axi_data_fifo_v2_1_36_fifo_gen/<hidden>/<hidden>/<hidden>/<hidden>/<hidden>/<hidden>
                            (recovery check against rising-edge clock clk_fpga_0  {rise@0.000ns fall@5.000ns period=10.000ns})
  Path Group:             (none)
  Path Type:              Recovery (Max at Slow Process Corner)
  Data Path Delay:        5.967ns  (logic 0.580ns (9.719%)  route 5.387ns (90.281%))
  Logic Levels:           1  (LUT1=1)
  Clock Path Skew:        -0.189ns (DCD - SCD + CPR)
    Destination Clock Delay (DCD):    2.757ns
    Source Clock Delay      (SCD):    2.946ns
    Clock Pessimism Removal (CPR):    0.000ns
  Clock Uncertainty:      0.154ns  ((TSJ^2 + TIJ^2)^1/2 + DJ) / 2 + PE
    Total System Jitter     (TSJ):    0.071ns
    Total Input Jitter      (TIJ):    0.300ns
    Discrete Jitter          (DJ):    0.000ns
    Phase Error              (PE):    0.000ns
  Timing Exception:       False Path

    Location             Delay type                Incr(ns)  Path(ns)    Netlist Resource(s)
  -------------------------------------------------------------------    -------------------
                         (clock clk_fpga_0 rise edge)
                                                      0.000     0.000 r  
    PS7_X0Y0             PS7                          0.000     0.000 r  gru_bin_version_i/processing_system7_0/inst/PS7_i/FCLKCLK[0]
                         net (fo=1, routed)           1.193     1.193    gru_bin_version_i/processing_system7_0/inst/FCLK_CLK_unbuffered[0]
    BUFGCTRL_X0Y16       BUFG (Prop_bufg_I_O)         0.101     1.294 r  gru_bin_version_i/processing_system7_0/inst/buffer_fclk_clk_0.FCLK_CLK_0_BUFG/O
                         net (fo=22708, routed)       1.652     2.946    gru_bin_version_i/rst_ps7_0_100M/U0/slowest_sync_clk
    SLICE_X43Y97         FDRE                                         r  gru_bin_version_i/rst_ps7_0_100M/U0/ACTIVE_LOW_PR_OUT_DFF[0].FDRE_PER_N/C
  -------------------------------------------------------------------    -------------------
    SLICE_X43Y97         FDRE (Prop_fdre_C_Q)         0.456     3.402 r  gru_bin_version_i/rst_ps7_0_100M/U0/ACTIVE_LOW_PR_OUT_DFF[0].FDRE_PER_N/Q
                         net (fo=22, routed)          4.947     8.349    gru_bin_version_i/axi_mem_intercon/s01_couplers/auto_pc/inst/gen_axi4_axi3.axi3_conv_inst/USE_WRITE.write_addr_inst/USE_BURSTS.cmd_queue/inst/aresetn
    SLICE_X16Y45         LUT1 (Prop_lut1_I0_O)        0.124     8.473 f  gru_bin_version_i/axi_mem_intercon/s01_couplers/auto_pc/inst/gen_axi4_axi3.axi3_conv_inst/USE_WRITE.write_addr_inst/USE_BURSTS.cmd_queue/inst/S_AXI_AREADY_I_i_1/O
                         net (fo=119, routed)         0.441     8.913    gru_bin_version_wrapper/gru_bin_version/gru_bin_version_axi_mem_intercon_0/s01_couplers_imp_NNMS53/gru_bin_version_axi_mem_intercon_imp_auto_pc_1/gru_bin_version_axi_mem_intercon_imp_auto_pc_1_axi_protocol_converter_v2_1_37_axi_protocol_converter/gru_bin_version_axi_mem_intercon_imp_auto_pc_1_axi_protocol_converter_v2_1_37_axi3_conv/gru_bin_version_axi_mem_intercon_imp_auto_pc_1_axi_protocol_converter_v2_1_37_a_axi3_conv/gru_bin_version_axi_mem_intercon_imp_auto_pc_1_axi_data_fifo_v2_1_36_axic_fifo_0/gru_bin_version_axi_mem_intercon_imp_auto_pc_1_axi_data_fifo_v2_1_36_fifo_gen/<hidden>/<hidden>/<hidden>/<hidden>/<hidden>/<hidden>
    SLICE_X16Y39         FDPE                                         f  gru_bin_version_wrapper/gru_bin_version/gru_bin_version_axi_mem_intercon_0/s01_couplers_imp_NNMS53/gru_bin_version_axi_mem_intercon_imp_auto_pc_1/gru_bin_version_axi_mem_intercon_imp_auto_pc_1_axi_protocol_converter_v2_1_37_axi_protocol_converter/gru_bin_version_axi_mem_intercon_imp_auto_pc_1_axi_protocol_converter_v2_1_37_axi3_conv/gru_bin_version_axi_mem_intercon_imp_auto_pc_1_axi_protocol_converter_v2_1_37_a_axi3_conv/gru_bin_version_axi_mem_intercon_imp_auto_pc_1_axi_data_fifo_v2_1_36_axic_fifo_0/gru_bin_version_axi_mem_intercon_imp_auto_pc_1_axi_data_fifo_v2_1_36_fifo_gen/<hidden>/<hidden>/<hidden>/<hidden>/<hidden>/<hidden>
  -------------------------------------------------------------------    -------------------

                         (clock clk_fpga_0 rise edge)
                                                      0.000     0.000 r  
    PS7_X0Y0             PS7                          0.000     0.000 r  gru_bin_version_i/processing_system7_0/inst/PS7_i/FCLKCLK[0]
                         net (fo=1, routed)           1.088     1.088    gru_bin_version_i/processing_system7_0/inst/FCLK_CLK_unbuffered[0]
    BUFGCTRL_X0Y16       BUFG (Prop_bufg_I_O)         0.091     1.179 r  gru_bin_version_i/processing_system7_0/inst/buffer_fclk_clk_0.FCLK_CLK_0_BUFG/O
                         net (fo=22708, routed)       1.578     2.757    gru_bin_version_wrapper/gru_bin_version/gru_bin_version_axi_mem_intercon_0/s01_couplers_imp_NNMS53/gru_bin_version_axi_mem_intercon_imp_auto_pc_1/gru_bin_version_axi_mem_intercon_imp_auto_pc_1_axi_protocol_converter_v2_1_37_axi_protocol_converter/gru_bin_version_axi_mem_intercon_imp_auto_pc_1_axi_protocol_converter_v2_1_37_axi3_conv/gru_bin_version_axi_mem_intercon_imp_auto_pc_1_axi_protocol_converter_v2_1_37_a_axi3_conv/gru_bin_version_axi_mem_intercon_imp_auto_pc_1_axi_data_fifo_v2_1_36_axic_fifo_0/gru_bin_version_axi_mem_intercon_imp_auto_pc_1_axi_data_fifo_v2_1_36_fifo_gen/<hidden>/<hidden>/<hidden>/<hidden>/<hidden>/<hidden>
    SLICE_X16Y39         FDPE                                         r  gru_bin_version_wrapper/gru_bin_version/gru_bin_version_axi_mem_intercon_0/s01_couplers_imp_NNMS53/gru_bin_version_axi_mem_intercon_imp_auto_pc_1/gru_bin_version_axi_mem_intercon_imp_auto_pc_1_axi_protocol_converter_v2_1_37_axi_protocol_converter/gru_bin_version_axi_mem_intercon_imp_auto_pc_1_axi_protocol_converter_v2_1_37_axi3_conv/gru_bin_version_axi_mem_intercon_imp_auto_pc_1_axi_protocol_converter_v2_1_37_a_axi3_conv/gru_bin_version_axi_mem_intercon_imp_auto_pc_1_axi_data_fifo_v2_1_36_axic_fifo_0/gru_bin_version_axi_mem_intercon_imp_auto_pc_1_axi_data_fifo_v2_1_36_fifo_gen/<hidden>/<hidden>/<hidden>/<hidden>/<hidden>/<hidden>

Slack:                    inf
  Source:                 gru_bin_version_i/axi_smc/inst/clk_map/psr_aclk/U0/ACTIVE_LOW_BSR_OUT_DFF[0].FDRE_BSR_N/C
                            (rising edge-triggered cell FDRE clocked by clk_fpga_0  {rise@0.000ns fall@5.000ns period=10.000ns})
  Destination:            gru_bin_version_i/axi_smc/inst/s00_nodes/s00_aw_node/inst/s_sc_xpm_cdc_async_rst_inst/arststages_ff_reg[0]/CLR
                            (recovery check against rising-edge clock clk_fpga_0  {rise@0.000ns fall@5.000ns period=10.000ns})
  Path Group:             (none)
  Path Type:              Recovery (Max at Slow Process Corner)
  Data Path Delay:        3.486ns  (logic 0.642ns (18.419%)  route 2.844ns (81.581%))
  Logic Levels:           1  (LUT1=1)
  Clock Path Skew:        -0.265ns (DCD - SCD + CPR)
    Destination Clock Delay (DCD):    2.873ns
    Source Clock Delay      (SCD):    3.138ns
    Clock Pessimism Removal (CPR):    0.000ns
  Clock Uncertainty:      0.154ns  ((TSJ^2 + TIJ^2)^1/2 + DJ) / 2 + PE
    Total System Jitter     (TSJ):    0.071ns
    Total Input Jitter      (TIJ):    0.300ns
    Discrete Jitter          (DJ):    0.000ns
    Phase Error              (PE):    0.000ns
  Timing Exception:       False Path

    Location             Delay type                Incr(ns)  Path(ns)    Netlist Resource(s)
  -------------------------------------------------------------------    -------------------
                         (clock clk_fpga_0 rise edge)
                                                      0.000     0.000 r  
    PS7_X0Y0             PS7                          0.000     0.000 r  gru_bin_version_i/processing_system7_0/inst/PS7_i/FCLKCLK[0]
                         net (fo=1, routed)           1.193     1.193    gru_bin_version_i/processing_system7_0/inst/FCLK_CLK_unbuffered[0]
    BUFGCTRL_X0Y16       BUFG (Prop_bufg_I_O)         0.101     1.294 r  gru_bin_version_i/processing_system7_0/inst/buffer_fclk_clk_0.FCLK_CLK_0_BUFG/O
                         net (fo=22708, routed)       1.844     3.138    gru_bin_version_i/axi_smc/inst/clk_map/psr_aclk/U0/aclk
    SLICE_X42Y102        FDRE                                         r  gru_bin_version_i/axi_smc/inst/clk_map/psr_aclk/U0/ACTIVE_LOW_BSR_OUT_DFF[0].FDRE_BSR_N/C
  -------------------------------------------------------------------    -------------------
    SLICE_X42Y102        FDRE (Prop_fdre_C_Q)         0.518     3.656 r  gru_bin_version_i/axi_smc/inst/clk_map/psr_aclk/U0/ACTIVE_LOW_BSR_OUT_DFF[0].FDRE_BSR_N/Q
                         net (fo=25, routed)          2.221     5.877    gru_bin_version_i/axi_smc/inst/s00_nodes/s00_aw_node/inst/s_sc_xpm_cdc_async_rst_inst/src_arst
    SLICE_X32Y113        LUT1 (Prop_lut1_I0_O)        0.124     6.001 f  gru_bin_version_i/axi_smc/inst/s00_nodes/s00_aw_node/inst/s_sc_xpm_cdc_async_rst_inst/arststages_ff[2]_i_1/O
                         net (fo=3, routed)           0.622     6.624    gru_bin_version_i/axi_smc/inst/s00_nodes/s00_aw_node/inst/s_sc_xpm_cdc_async_rst_inst/reset_pol
    SLICE_X31Y113        FDCE                                         f  gru_bin_version_i/axi_smc/inst/s00_nodes/s00_aw_node/inst/s_sc_xpm_cdc_async_rst_inst/arststages_ff_reg[0]/CLR
  -------------------------------------------------------------------    -------------------

                         (clock clk_fpga_0 rise edge)
                                                      0.000     0.000 r  
    PS7_X0Y0             PS7                          0.000     0.000 r  gru_bin_version_i/processing_system7_0/inst/PS7_i/FCLKCLK[0]
                         net (fo=1, routed)           1.088     1.088    gru_bin_version_i/processing_system7_0/inst/FCLK_CLK_unbuffered[0]
    BUFGCTRL_X0Y16       BUFG (Prop_bufg_I_O)         0.091     1.179 r  gru_bin_version_i/processing_system7_0/inst/buffer_fclk_clk_0.FCLK_CLK_0_BUFG/O
                         net (fo=22708, routed)       1.694     2.873    gru_bin_version_i/axi_smc/inst/s00_nodes/s00_aw_node/inst/s_sc_xpm_cdc_async_rst_inst/dest_clk
    SLICE_X31Y113        FDCE                                         r  gru_bin_version_i/axi_smc/inst/s00_nodes/s00_aw_node/inst/s_sc_xpm_cdc_async_rst_inst/arststages_ff_reg[0]/C

Slack:                    inf
  Source:                 gru_bin_version_i/axi_smc/inst/clk_map/psr_aclk/U0/ACTIVE_LOW_BSR_OUT_DFF[0].FDRE_BSR_N/C
                            (rising edge-triggered cell FDRE clocked by clk_fpga_0  {rise@0.000ns fall@5.000ns period=10.000ns})
  Destination:            gru_bin_version_i/axi_smc/inst/s00_nodes/s00_aw_node/inst/s_sc_xpm_cdc_async_rst_inst/arststages_ff_reg[1]/CLR
                            (recovery check against rising-edge clock clk_fpga_0  {rise@0.000ns fall@5.000ns period=10.000ns})
  Path Group:             (none)
  Path Type:              Recovery (Max at Slow Process Corner)
  Data Path Delay:        3.486ns  (logic 0.642ns (18.419%)  route 2.844ns (81.581%))
  Logic Levels:           1  (LUT1=1)
  Clock Path Skew:        -0.265ns (DCD - SCD + CPR)
    Destination Clock Delay (DCD):    2.873ns
    Source Clock Delay      (SCD):    3.138ns
    Clock Pessimism Removal (CPR):    0.000ns
  Clock Uncertainty:      0.154ns  ((TSJ^2 + TIJ^2)^1/2 + DJ) / 2 + PE
    Total System Jitter     (TSJ):    0.071ns
    Total Input Jitter      (TIJ):    0.300ns
    Discrete Jitter          (DJ):    0.000ns
    Phase Error              (PE):    0.000ns
  Timing Exception:       False Path

    Location             Delay type                Incr(ns)  Path(ns)    Netlist Resource(s)
  -------------------------------------------------------------------    -------------------
                         (clock clk_fpga_0 rise edge)
                                                      0.000     0.000 r  
    PS7_X0Y0             PS7                          0.000     0.000 r  gru_bin_version_i/processing_system7_0/inst/PS7_i/FCLKCLK[0]
                         net (fo=1, routed)           1.193     1.193    gru_bin_version_i/processing_system7_0/inst/FCLK_CLK_unbuffered[0]
    BUFGCTRL_X0Y16       BUFG (Prop_bufg_I_O)         0.101     1.294 r  gru_bin_version_i/processing_system7_0/inst/buffer_fclk_clk_0.FCLK_CLK_0_BUFG/O
                         net (fo=22708, routed)       1.844     3.138    gru_bin_version_i/axi_smc/inst/clk_map/psr_aclk/U0/aclk
    SLICE_X42Y102        FDRE                                         r  gru_bin_version_i/axi_smc/inst/clk_map/psr_aclk/U0/ACTIVE_LOW_BSR_OUT_DFF[0].FDRE_BSR_N/C
  -------------------------------------------------------------------    -------------------
    SLICE_X42Y102        FDRE (Prop_fdre_C_Q)         0.518     3.656 r  gru_bin_version_i/axi_smc/inst/clk_map/psr_aclk/U0/ACTIVE_LOW_BSR_OUT_DFF[0].FDRE_BSR_N/Q
                         net (fo=25, routed)          2.221     5.877    gru_bin_version_i/axi_smc/inst/s00_nodes/s00_aw_node/inst/s_sc_xpm_cdc_async_rst_inst/src_arst
    SLICE_X32Y113        LUT1 (Prop_lut1_I0_O)        0.124     6.001 f  gru_bin_version_i/axi_smc/inst/s00_nodes/s00_aw_node/inst/s_sc_xpm_cdc_async_rst_inst/arststages_ff[2]_i_1/O
                         net (fo=3, routed)           0.622     6.624    gru_bin_version_i/axi_smc/inst/s00_nodes/s00_aw_node/inst/s_sc_xpm_cdc_async_rst_inst/reset_pol
    SLICE_X31Y113        FDCE                                         f  gru_bin_version_i/axi_smc/inst/s00_nodes/s00_aw_node/inst/s_sc_xpm_cdc_async_rst_inst/arststages_ff_reg[1]/CLR
  -------------------------------------------------------------------    -------------------

                         (clock clk_fpga_0 rise edge)
                                                      0.000     0.000 r  
    PS7_X0Y0             PS7                          0.000     0.000 r  gru_bin_version_i/processing_system7_0/inst/PS7_i/FCLKCLK[0]
                         net (fo=1, routed)           1.088     1.088    gru_bin_version_i/processing_system7_0/inst/FCLK_CLK_unbuffered[0]
    BUFGCTRL_X0Y16       BUFG (Prop_bufg_I_O)         0.091     1.179 r  gru_bin_version_i/processing_system7_0/inst/buffer_fclk_clk_0.FCLK_CLK_0_BUFG/O
                         net (fo=22708, routed)       1.694     2.873    gru_bin_version_i/axi_smc/inst/s00_nodes/s00_aw_node/inst/s_sc_xpm_cdc_async_rst_inst/dest_clk
    SLICE_X31Y113        FDCE                                         r  gru_bin_version_i/axi_smc/inst/s00_nodes/s00_aw_node/inst/s_sc_xpm_cdc_async_rst_inst/arststages_ff_reg[1]/C

Slack:                    inf
  Source:                 gru_bin_version_i/axi_smc/inst/clk_map/psr_aclk/U0/ACTIVE_LOW_BSR_OUT_DFF[0].FDRE_BSR_N/C
                            (rising edge-triggered cell FDRE clocked by clk_fpga_0  {rise@0.000ns fall@5.000ns period=10.000ns})
  Destination:            gru_bin_version_i/axi_smc/inst/s00_nodes/s00_aw_node/inst/s_sc_xpm_cdc_async_rst_inst/arststages_ff_reg[2]/CLR
                            (recovery check against rising-edge clock clk_fpga_0  {rise@0.000ns fall@5.000ns period=10.000ns})
  Path Group:             (none)
  Path Type:              Recovery (Max at Slow Process Corner)
  Data Path Delay:        3.486ns  (logic 0.642ns (18.419%)  route 2.844ns (81.581%))
  Logic Levels:           1  (LUT1=1)
  Clock Path Skew:        -0.265ns (DCD - SCD + CPR)
    Destination Clock Delay (DCD):    2.873ns
    Source Clock Delay      (SCD):    3.138ns
    Clock Pessimism Removal (CPR):    0.000ns
  Clock Uncertainty:      0.154ns  ((TSJ^2 + TIJ^2)^1/2 + DJ) / 2 + PE
    Total System Jitter     (TSJ):    0.071ns
    Total Input Jitter      (TIJ):    0.300ns
    Discrete Jitter          (DJ):    0.000ns
    Phase Error              (PE):    0.000ns
  Timing Exception:       False Path

    Location             Delay type                Incr(ns)  Path(ns)    Netlist Resource(s)
  -------------------------------------------------------------------    -------------------
                         (clock clk_fpga_0 rise edge)
                                                      0.000     0.000 r  
    PS7_X0Y0             PS7                          0.000     0.000 r  gru_bin_version_i/processing_system7_0/inst/PS7_i/FCLKCLK[0]
                         net (fo=1, routed)           1.193     1.193    gru_bin_version_i/processing_system7_0/inst/FCLK_CLK_unbuffered[0]
    BUFGCTRL_X0Y16       BUFG (Prop_bufg_I_O)         0.101     1.294 r  gru_bin_version_i/processing_system7_0/inst/buffer_fclk_clk_0.FCLK_CLK_0_BUFG/O
                         net (fo=22708, routed)       1.844     3.138    gru_bin_version_i/axi_smc/inst/clk_map/psr_aclk/U0/aclk
    SLICE_X42Y102        FDRE                                         r  gru_bin_version_i/axi_smc/inst/clk_map/psr_aclk/U0/ACTIVE_LOW_BSR_OUT_DFF[0].FDRE_BSR_N/C
  -------------------------------------------------------------------    -------------------
    SLICE_X42Y102        FDRE (Prop_fdre_C_Q)         0.518     3.656 r  gru_bin_version_i/axi_smc/inst/clk_map/psr_aclk/U0/ACTIVE_LOW_BSR_OUT_DFF[0].FDRE_BSR_N/Q
                         net (fo=25, routed)          2.221     5.877    gru_bin_version_i/axi_smc/inst/s00_nodes/s00_aw_node/inst/s_sc_xpm_cdc_async_rst_inst/src_arst
    SLICE_X32Y113        LUT1 (Prop_lut1_I0_O)        0.124     6.001 f  gru_bin_version_i/axi_smc/inst/s00_nodes/s00_aw_node/inst/s_sc_xpm_cdc_async_rst_inst/arststages_ff[2]_i_1/O
                         net (fo=3, routed)           0.622     6.624    gru_bin_version_i/axi_smc/inst/s00_nodes/s00_aw_node/inst/s_sc_xpm_cdc_async_rst_inst/reset_pol
    SLICE_X31Y113        FDCE                                         f  gru_bin_version_i/axi_smc/inst/s00_nodes/s00_aw_node/inst/s_sc_xpm_cdc_async_rst_inst/arststages_ff_reg[2]/CLR
  -------------------------------------------------------------------    -------------------

                         (clock clk_fpga_0 rise edge)
                                                      0.000     0.000 r  
    PS7_X0Y0             PS7                          0.000     0.000 r  gru_bin_version_i/processing_system7_0/inst/PS7_i/FCLKCLK[0]
                         net (fo=1, routed)           1.088     1.088    gru_bin_version_i/processing_system7_0/inst/FCLK_CLK_unbuffered[0]
    BUFGCTRL_X0Y16       BUFG (Prop_bufg_I_O)         0.091     1.179 r  gru_bin_version_i/processing_system7_0/inst/buffer_fclk_clk_0.FCLK_CLK_0_BUFG/O
                         net (fo=22708, routed)       1.694     2.873    gru_bin_version_i/axi_smc/inst/s00_nodes/s00_aw_node/inst/s_sc_xpm_cdc_async_rst_inst/dest_clk
    SLICE_X31Y113        FDCE                                         r  gru_bin_version_i/axi_smc/inst/s00_nodes/s00_aw_node/inst/s_sc_xpm_cdc_async_rst_inst/arststages_ff_reg[2]/C

Slack:                    inf
  Source:                 gru_bin_version_i/axi_smc/inst/clk_map/psr_aclk/U0/ACTIVE_LOW_BSR_OUT_DFF[0].FDRE_BSR_N/C
                            (rising edge-triggered cell FDRE clocked by clk_fpga_0  {rise@0.000ns fall@5.000ns period=10.000ns})
  Destination:            gru_bin_version_i/axi_smc/inst/s00_nodes/s00_b_node/inst/s_sc_xpm_cdc_async_rst_inst/arststages_ff_reg[0]/CLR
                            (recovery check against rising-edge clock clk_fpga_0  {rise@0.000ns fall@5.000ns period=10.000ns})
  Path Group:             (none)
  Path Type:              Recovery (Max at Slow Process Corner)
  Data Path Delay:        3.424ns  (logic 0.671ns (19.596%)  route 2.753ns (80.404%))
  Logic Levels:           1  (LUT1=1)
  Clock Path Skew:        -0.311ns (DCD - SCD + CPR)
    Destination Clock Delay (DCD):    2.827ns
    Source Clock Delay      (SCD):    3.138ns
    Clock Pessimism Removal (CPR):    0.000ns
  Clock Uncertainty:      0.154ns  ((TSJ^2 + TIJ^2)^1/2 + DJ) / 2 + PE
    Total System Jitter     (TSJ):    0.071ns
    Total Input Jitter      (TIJ):    0.300ns
    Discrete Jitter          (DJ):    0.000ns
    Phase Error              (PE):    0.000ns
  Timing Exception:       False Path

    Location             Delay type                Incr(ns)  Path(ns)    Netlist Resource(s)
  -------------------------------------------------------------------    -------------------
                         (clock clk_fpga_0 rise edge)
                                                      0.000     0.000 r  
    PS7_X0Y0             PS7                          0.000     0.000 r  gru_bin_version_i/processing_system7_0/inst/PS7_i/FCLKCLK[0]
                         net (fo=1, routed)           1.193     1.193    gru_bin_version_i/processing_system7_0/inst/FCLK_CLK_unbuffered[0]
    BUFGCTRL_X0Y16       BUFG (Prop_bufg_I_O)         0.101     1.294 r  gru_bin_version_i/processing_system7_0/inst/buffer_fclk_clk_0.FCLK_CLK_0_BUFG/O
                         net (fo=22708, routed)       1.844     3.138    gru_bin_version_i/axi_smc/inst/clk_map/psr_aclk/U0/aclk
    SLICE_X42Y102        FDRE                                         r  gru_bin_version_i/axi_smc/inst/clk_map/psr_aclk/U0/ACTIVE_LOW_BSR_OUT_DFF[0].FDRE_BSR_N/C
  -------------------------------------------------------------------    -------------------
    SLICE_X42Y102        FDRE (Prop_fdre_C_Q)         0.518     3.656 r  gru_bin_version_i/axi_smc/inst/clk_map/psr_aclk/U0/ACTIVE_LOW_BSR_OUT_DFF[0].FDRE_BSR_N/Q
                         net (fo=25, routed)          2.221     5.877    gru_bin_version_i/axi_smc/inst/s00_nodes/s00_b_node/inst/s_sc_xpm_cdc_async_rst_inst/src_arst
    SLICE_X32Y113        LUT1 (Prop_lut1_I0_O)        0.153     6.030 f  gru_bin_version_i/axi_smc/inst/s00_nodes/s00_b_node/inst/s_sc_xpm_cdc_async_rst_inst/arststages_ff[2]_i_1/O
                         net (fo=3, routed)           0.532     6.562    gru_bin_version_i/axi_smc/inst/s00_nodes/s00_b_node/inst/s_sc_xpm_cdc_async_rst_inst/reset_pol
    SLICE_X32Y113        FDCE                                         f  gru_bin_version_i/axi_smc/inst/s00_nodes/s00_b_node/inst/s_sc_xpm_cdc_async_rst_inst/arststages_ff_reg[0]/CLR
  -------------------------------------------------------------------    -------------------

                         (clock clk_fpga_0 rise edge)
                                                      0.000     0.000 r  
    PS7_X0Y0             PS7                          0.000     0.000 r  gru_bin_version_i/processing_system7_0/inst/PS7_i/FCLKCLK[0]
                         net (fo=1, routed)           1.088     1.088    gru_bin_version_i/processing_system7_0/inst/FCLK_CLK_unbuffered[0]
    BUFGCTRL_X0Y16       BUFG (Prop_bufg_I_O)         0.091     1.179 r  gru_bin_version_i/processing_system7_0/inst/buffer_fclk_clk_0.FCLK_CLK_0_BUFG/O
                         net (fo=22708, routed)       1.648     2.827    gru_bin_version_i/axi_smc/inst/s00_nodes/s00_b_node/inst/s_sc_xpm_cdc_async_rst_inst/dest_clk
    SLICE_X32Y113        FDCE                                         r  gru_bin_version_i/axi_smc/inst/s00_nodes/s00_b_node/inst/s_sc_xpm_cdc_async_rst_inst/arststages_ff_reg[0]/C





Min Delay Paths
--------------------------------------------------------------------------------------
Slack:                    inf
  Source:                 gru_bin_version_i/rst_ps7_0_100M/U0/ACTIVE_LOW_PR_OUT_DFF[0].FDRE_PER_N/C
                            (rising edge-triggered cell FDRE clocked by clk_fpga_0  {rise@0.000ns fall@5.000ns period=10.000ns})
  Destination:            gru_bin_version_i/axi_dma_0/U0/I_RST_MODULE/REG_HRD_RST_OUT/syncstages_ff_reg[0]/D
                            (rising edge-triggered cell FDRE clocked by clk_fpga_0  {rise@0.000ns fall@5.000ns period=10.000ns})
  Path Group:             (none)
  Path Type:              Hold (Min at Fast Process Corner)
  Data Path Delay:        0.281ns  (logic 0.141ns (50.113%)  route 0.140ns (49.887%))
  Logic Levels:           0  
  Clock Path Skew:        0.298ns (DCD - SCD - CPR)
    Destination Clock Delay (DCD):    1.191ns
    Source Clock Delay      (SCD):    0.893ns
    Clock Pessimism Removal (CPR):    -0.000ns
  Clock Uncertainty:      0.154ns  ((TSJ^2 + TIJ^2)^1/2 + DJ) / 2 + PE
    Total System Jitter     (TSJ):    0.071ns
    Total Input Jitter      (TIJ):    0.300ns
    Discrete Jitter          (DJ):    0.000ns
    Phase Error              (PE):    0.000ns
  Timing Exception:       False Path

    Location             Delay type                Incr(ns)  Path(ns)    Netlist Resource(s)
  -------------------------------------------------------------------    -------------------
                         (clock clk_fpga_0 rise edge)
                                                      0.000     0.000 r  
    PS7_X0Y0             PS7                          0.000     0.000 r  gru_bin_version_i/processing_system7_0/inst/PS7_i/FCLKCLK[0]
                         net (fo=1, routed)           0.310     0.310    gru_bin_version_i/processing_system7_0/inst/FCLK_CLK_unbuffered[0]
    BUFGCTRL_X0Y16       BUFG (Prop_bufg_I_O)         0.026     0.336 r  gru_bin_version_i/processing_system7_0/inst/buffer_fclk_clk_0.FCLK_CLK_0_BUFG/O
                         net (fo=22708, routed)       0.557     0.893    gru_bin_version_i/rst_ps7_0_100M/U0/slowest_sync_clk
    SLICE_X43Y97         FDRE                                         r  gru_bin_version_i/rst_ps7_0_100M/U0/ACTIVE_LOW_PR_OUT_DFF[0].FDRE_PER_N/C
  -------------------------------------------------------------------    -------------------
    SLICE_X43Y97         FDRE (Prop_fdre_C_Q)         0.141     1.034 r  gru_bin_version_i/rst_ps7_0_100M/U0/ACTIVE_LOW_PR_OUT_DFF[0].FDRE_PER_N/Q
                         net (fo=22, routed)          0.140     1.174    gru_bin_version_i/axi_dma_0/U0/I_RST_MODULE/REG_HRD_RST_OUT/src_rst
    SLICE_X40Y98         FDRE                                         r  gru_bin_version_i/axi_dma_0/U0/I_RST_MODULE/REG_HRD_RST_OUT/syncstages_ff_reg[0]/D
  -------------------------------------------------------------------    -------------------

                         (clock clk_fpga_0 rise edge)
                                                      0.000     0.000 r  
    PS7_X0Y0             PS7                          0.000     0.000 r  gru_bin_version_i/processing_system7_0/inst/PS7_i/FCLKCLK[0]
                         net (fo=1, routed)           0.337     0.337    gru_bin_version_i/processing_system7_0/inst/FCLK_CLK_unbuffered[0]
    BUFGCTRL_X0Y16       BUFG (Prop_bufg_I_O)         0.029     0.366 r  gru_bin_version_i/processing_system7_0/inst/buffer_fclk_clk_0.FCLK_CLK_0_BUFG/O
                         net (fo=22708, routed)       0.825     1.191    gru_bin_version_i/axi_dma_0/U0/I_RST_MODULE/REG_HRD_RST_OUT/dest_clk
    SLICE_X40Y98         FDRE                                         r  gru_bin_version_i/axi_dma_0/U0/I_RST_MODULE/REG_HRD_RST_OUT/syncstages_ff_reg[0]/C

Slack:                    inf
  Source:                 gru_bin_version_i/rst_ps7_0_100M/U0/ACTIVE_LOW_PR_OUT_DFF[0].FDRE_PER_N/C
                            (rising edge-triggered cell FDRE clocked by clk_fpga_0  {rise@0.000ns fall@5.000ns period=10.000ns})
  Destination:            gru_bin_version_i/axi_smc/inst/clk_map/psr_aclk/U0/EXT_LPF/ACTIVE_LOW_AUX.ACT_LO_AUX/syncstages_ff_reg[0]/D
                            (rising edge-triggered cell FDRE clocked by clk_fpga_0  {rise@0.000ns fall@5.000ns period=10.000ns})
  Path Group:             (none)
  Path Type:              Hold (Min at Fast Process Corner)
  Data Path Delay:        0.505ns  (logic 0.186ns (36.813%)  route 0.319ns (63.187%))
  Logic Levels:           1  (LUT1=1)
  Clock Path Skew:        0.298ns (DCD - SCD - CPR)
    Destination Clock Delay (DCD):    1.191ns
    Source Clock Delay      (SCD):    0.893ns
    Clock Pessimism Removal (CPR):    -0.000ns
  Clock Uncertainty:      0.154ns  ((TSJ^2 + TIJ^2)^1/2 + DJ) / 2 + PE
    Total System Jitter     (TSJ):    0.071ns
    Total Input Jitter      (TIJ):    0.300ns
    Discrete Jitter          (DJ):    0.000ns
    Phase Error              (PE):    0.000ns
  Timing Exception:       False Path

    Location             Delay type                Incr(ns)  Path(ns)    Netlist Resource(s)
  -------------------------------------------------------------------    -------------------
                         (clock clk_fpga_0 rise edge)
                                                      0.000     0.000 r  
    PS7_X0Y0             PS7                          0.000     0.000 r  gru_bin_version_i/processing_system7_0/inst/PS7_i/FCLKCLK[0]
                         net (fo=1, routed)           0.310     0.310    gru_bin_version_i/processing_system7_0/inst/FCLK_CLK_unbuffered[0]
    BUFGCTRL_X0Y16       BUFG (Prop_bufg_I_O)         0.026     0.336 r  gru_bin_version_i/processing_system7_0/inst/buffer_fclk_clk_0.FCLK_CLK_0_BUFG/O
                         net (fo=22708, routed)       0.557     0.893    gru_bin_version_i/rst_ps7_0_100M/U0/slowest_sync_clk
    SLICE_X43Y97         FDRE                                         r  gru_bin_version_i/rst_ps7_0_100M/U0/ACTIVE_LOW_PR_OUT_DFF[0].FDRE_PER_N/C
  -------------------------------------------------------------------    -------------------
    SLICE_X43Y97         FDRE (Prop_fdre_C_Q)         0.141     1.034 f  gru_bin_version_i/rst_ps7_0_100M/U0/ACTIVE_LOW_PR_OUT_DFF[0].FDRE_PER_N/Q
                         net (fo=22, routed)          0.319     1.353    gru_bin_version_i/axi_smc/inst/clk_map/psr_aclk/U0/EXT_LPF/aresetn
    SLICE_X43Y97         LUT1 (Prop_lut1_I0_O)        0.045     1.398 r  gru_bin_version_i/axi_smc/inst/clk_map/psr_aclk/U0/EXT_LPF/ACTIVE_LOW_AUX.ACT_LO_AUX_i_1/O
                         net (fo=1, routed)           0.000     1.398    gru_bin_version_i/axi_smc/inst/clk_map/psr_aclk/U0/EXT_LPF/ACTIVE_LOW_AUX.ACT_LO_AUX/src_in
    SLICE_X43Y97         FDRE                                         r  gru_bin_version_i/axi_smc/inst/clk_map/psr_aclk/U0/EXT_LPF/ACTIVE_LOW_AUX.ACT_LO_AUX/syncstages_ff_reg[0]/D
  -------------------------------------------------------------------    -------------------

                         (clock clk_fpga_0 rise edge)
                                                      0.000     0.000 r  
    PS7_X0Y0             PS7                          0.000     0.000 r  gru_bin_version_i/processing_system7_0/inst/PS7_i/FCLKCLK[0]
                         net (fo=1, routed)           0.337     0.337    gru_bin_version_i/processing_system7_0/inst/FCLK_CLK_unbuffered[0]
    BUFGCTRL_X0Y16       BUFG (Prop_bufg_I_O)         0.029     0.366 r  gru_bin_version_i/processing_system7_0/inst/buffer_fclk_clk_0.FCLK_CLK_0_BUFG/O
                         net (fo=22708, routed)       0.825     1.191    gru_bin_version_i/axi_smc/inst/clk_map/psr_aclk/U0/EXT_LPF/ACTIVE_LOW_AUX.ACT_LO_AUX/dest_clk
    SLICE_X43Y97         FDRE                                         r  gru_bin_version_i/axi_smc/inst/clk_map/psr_aclk/U0/EXT_LPF/ACTIVE_LOW_AUX.ACT_LO_AUX/syncstages_ff_reg[0]/C

Slack:                    inf
  Source:                 gru_bin_version_i/axi_smc/inst/clk_map/psr_aclk/U0/ACTIVE_LOW_BSR_OUT_DFF[0].FDRE_BSR_N/C
                            (rising edge-triggered cell FDRE clocked by clk_fpga_0  {rise@0.000ns fall@5.000ns period=10.000ns})
  Destination:            gru_bin_version_i/axi_smc/inst/switchboards/i_nodes/i_r_node/inst/s_sc_xpm_cdc_async_rst_inst/arststages_ff_reg[0]/CLR
                            (removal check against rising-edge clock clk_fpga_0  {rise@0.000ns fall@5.000ns period=10.000ns})
  Path Group:             (none)
  Path Type:              Removal (Min at Fast Process Corner)
  Data Path Delay:        0.610ns  (logic 0.209ns (34.270%)  route 0.401ns (65.730%))
  Logic Levels:           1  (LUT1=1)
  Clock Path Skew:        0.301ns (DCD - SCD - CPR)
    Destination Clock Delay (DCD):    1.276ns
    Source Clock Delay      (SCD):    0.975ns
    Clock Pessimism Removal (CPR):    -0.000ns
  Clock Uncertainty:      0.154ns  ((TSJ^2 + TIJ^2)^1/2 + DJ) / 2 + PE
    Total System Jitter     (TSJ):    0.071ns
    Total Input Jitter      (TIJ):    0.300ns
    Discrete Jitter          (DJ):    0.000ns
    Phase Error              (PE):    0.000ns
  Timing Exception:       False Path

    Location             Delay type                Incr(ns)  Path(ns)    Netlist Resource(s)
  -------------------------------------------------------------------    -------------------
                         (clock clk_fpga_0 rise edge)
                                                      0.000     0.000 r  
    PS7_X0Y0             PS7                          0.000     0.000 r  gru_bin_version_i/processing_system7_0/inst/PS7_i/FCLKCLK[0]
                         net (fo=1, routed)           0.310     0.310    gru_bin_version_i/processing_system7_0/inst/FCLK_CLK_unbuffered[0]
    BUFGCTRL_X0Y16       BUFG (Prop_bufg_I_O)         0.026     0.336 r  gru_bin_version_i/processing_system7_0/inst/buffer_fclk_clk_0.FCLK_CLK_0_BUFG/O
                         net (fo=22708, routed)       0.639     0.975    gru_bin_version_i/axi_smc/inst/clk_map/psr_aclk/U0/aclk
    SLICE_X42Y102        FDRE                                         r  gru_bin_version_i/axi_smc/inst/clk_map/psr_aclk/U0/ACTIVE_LOW_BSR_OUT_DFF[0].FDRE_BSR_N/C
  -------------------------------------------------------------------    -------------------
    SLICE_X42Y102        FDRE (Prop_fdre_C_Q)         0.164     1.139 r  gru_bin_version_i/axi_smc/inst/clk_map/psr_aclk/U0/ACTIVE_LOW_BSR_OUT_DFF[0].FDRE_BSR_N/Q
                         net (fo=25, routed)          0.161     1.300    gru_bin_version_i/axi_smc/inst/switchboards/i_nodes/i_r_node/inst/s_sc_xpm_cdc_async_rst_inst/src_arst
    SLICE_X40Y103        LUT1 (Prop_lut1_I0_O)        0.045     1.345 f  gru_bin_version_i/axi_smc/inst/switchboards/i_nodes/i_r_node/inst/s_sc_xpm_cdc_async_rst_inst/arststages_ff[2]_i_1/O
                         net (fo=3, routed)           0.239     1.585    gru_bin_version_i/axi_smc/inst/switchboards/i_nodes/i_r_node/inst/s_sc_xpm_cdc_async_rst_inst/reset_pol
    SLICE_X40Y103        FDCE                                         f  gru_bin_version_i/axi_smc/inst/switchboards/i_nodes/i_r_node/inst/s_sc_xpm_cdc_async_rst_inst/arststages_ff_reg[0]/CLR
  -------------------------------------------------------------------    -------------------

                         (clock clk_fpga_0 rise edge)
                                                      0.000     0.000 r  
    PS7_X0Y0             PS7                          0.000     0.000 r  gru_bin_version_i/processing_system7_0/inst/PS7_i/FCLKCLK[0]
                         net (fo=1, routed)           0.337     0.337    gru_bin_version_i/processing_system7_0/inst/FCLK_CLK_unbuffered[0]
    BUFGCTRL_X0Y16       BUFG (Prop_bufg_I_O)         0.029     0.366 r  gru_bin_version_i/processing_system7_0/inst/buffer_fclk_clk_0.FCLK_CLK_0_BUFG/O
                         net (fo=22708, routed)       0.910     1.276    gru_bin_version_i/axi_smc/inst/switchboards/i_nodes/i_r_node/inst/s_sc_xpm_cdc_async_rst_inst/dest_clk
    SLICE_X40Y103        FDCE                                         r  gru_bin_version_i/axi_smc/inst/switchboards/i_nodes/i_r_node/inst/s_sc_xpm_cdc_async_rst_inst/arststages_ff_reg[0]/C

Slack:                    inf
  Source:                 gru_bin_version_i/axi_smc/inst/clk_map/psr_aclk/U0/ACTIVE_LOW_BSR_OUT_DFF[0].FDRE_BSR_N/C
                            (rising edge-triggered cell FDRE clocked by clk_fpga_0  {rise@0.000ns fall@5.000ns period=10.000ns})
  Destination:            gru_bin_version_i/axi_smc/inst/switchboards/i_nodes/i_r_node/inst/s_sc_xpm_cdc_async_rst_inst/arststages_ff_reg[1]/CLR
                            (removal check against rising-edge clock clk_fpga_0  {rise@0.000ns fall@5.000ns period=10.000ns})
  Path Group:             (none)
  Path Type:              Removal (Min at Fast Process Corner)
  Data Path Delay:        0.610ns  (logic 0.209ns (34.270%)  route 0.401ns (65.730%))
  Logic Levels:           1  (LUT1=1)
  Clock Path Skew:        0.301ns (DCD - SCD - CPR)
    Destination Clock Delay (DCD):    1.276ns
    Source Clock Delay      (SCD):    0.975ns
    Clock Pessimism Removal (CPR):    -0.000ns
  Clock Uncertainty:      0.154ns  ((TSJ^2 + TIJ^2)^1/2 + DJ) / 2 + PE
    Total System Jitter     (TSJ):    0.071ns
    Total Input Jitter      (TIJ):    0.300ns
    Discrete Jitter          (DJ):    0.000ns
    Phase Error              (PE):    0.000ns
  Timing Exception:       False Path

    Location             Delay type                Incr(ns)  Path(ns)    Netlist Resource(s)
  -------------------------------------------------------------------    -------------------
                         (clock clk_fpga_0 rise edge)
                                                      0.000     0.000 r  
    PS7_X0Y0             PS7                          0.000     0.000 r  gru_bin_version_i/processing_system7_0/inst/PS7_i/FCLKCLK[0]
                         net (fo=1, routed)           0.310     0.310    gru_bin_version_i/processing_system7_0/inst/FCLK_CLK_unbuffered[0]
    BUFGCTRL_X0Y16       BUFG (Prop_bufg_I_O)         0.026     0.336 r  gru_bin_version_i/processing_system7_0/inst/buffer_fclk_clk_0.FCLK_CLK_0_BUFG/O
                         net (fo=22708, routed)       0.639     0.975    gru_bin_version_i/axi_smc/inst/clk_map/psr_aclk/U0/aclk
    SLICE_X42Y102        FDRE                                         r  gru_bin_version_i/axi_smc/inst/clk_map/psr_aclk/U0/ACTIVE_LOW_BSR_OUT_DFF[0].FDRE_BSR_N/C
  -------------------------------------------------------------------    -------------------
    SLICE_X42Y102        FDRE (Prop_fdre_C_Q)         0.164     1.139 r  gru_bin_version_i/axi_smc/inst/clk_map/psr_aclk/U0/ACTIVE_LOW_BSR_OUT_DFF[0].FDRE_BSR_N/Q
                         net (fo=25, routed)          0.161     1.300    gru_bin_version_i/axi_smc/inst/switchboards/i_nodes/i_r_node/inst/s_sc_xpm_cdc_async_rst_inst/src_arst
    SLICE_X40Y103        LUT1 (Prop_lut1_I0_O)        0.045     1.345 f  gru_bin_version_i/axi_smc/inst/switchboards/i_nodes/i_r_node/inst/s_sc_xpm_cdc_async_rst_inst/arststages_ff[2]_i_1/O
                         net (fo=3, routed)           0.239     1.585    gru_bin_version_i/axi_smc/inst/switchboards/i_nodes/i_r_node/inst/s_sc_xpm_cdc_async_rst_inst/reset_pol
    SLICE_X40Y103        FDCE                                         f  gru_bin_version_i/axi_smc/inst/switchboards/i_nodes/i_r_node/inst/s_sc_xpm_cdc_async_rst_inst/arststages_ff_reg[1]/CLR
  -------------------------------------------------------------------    -------------------

                         (clock clk_fpga_0 rise edge)
                                                      0.000     0.000 r  
    PS7_X0Y0             PS7                          0.000     0.000 r  gru_bin_version_i/processing_system7_0/inst/PS7_i/FCLKCLK[0]
                         net (fo=1, routed)           0.337     0.337    gru_bin_version_i/processing_system7_0/inst/FCLK_CLK_unbuffered[0]
    BUFGCTRL_X0Y16       BUFG (Prop_bufg_I_O)         0.029     0.366 r  gru_bin_version_i/processing_system7_0/inst/buffer_fclk_clk_0.FCLK_CLK_0_BUFG/O
                         net (fo=22708, routed)       0.910     1.276    gru_bin_version_i/axi_smc/inst/switchboards/i_nodes/i_r_node/inst/s_sc_xpm_cdc_async_rst_inst/dest_clk
    SLICE_X40Y103        FDCE                                         r  gru_bin_version_i/axi_smc/inst/switchboards/i_nodes/i_r_node/inst/s_sc_xpm_cdc_async_rst_inst/arststages_ff_reg[1]/C

Slack:                    inf
  Source:                 gru_bin_version_i/axi_smc/inst/clk_map/psr_aclk/U0/ACTIVE_LOW_BSR_OUT_DFF[0].FDRE_BSR_N/C
                            (rising edge-triggered cell FDRE clocked by clk_fpga_0  {rise@0.000ns fall@5.000ns period=10.000ns})
  Destination:            gru_bin_version_i/axi_smc/inst/switchboards/i_nodes/i_r_node/inst/s_sc_xpm_cdc_async_rst_inst/arststages_ff_reg[2]/CLR
                            (removal check against rising-edge clock clk_fpga_0  {rise@0.000ns fall@5.000ns period=10.000ns})
  Path Group:             (none)
  Path Type:              Removal (Min at Fast Process Corner)
  Data Path Delay:        0.610ns  (logic 0.209ns (34.270%)  route 0.401ns (65.730%))
  Logic Levels:           1  (LUT1=1)
  Clock Path Skew:        0.301ns (DCD - SCD - CPR)
    Destination Clock Delay (DCD):    1.276ns
    Source Clock Delay      (SCD):    0.975ns
    Clock Pessimism Removal (CPR):    -0.000ns
  Clock Uncertainty:      0.154ns  ((TSJ^2 + TIJ^2)^1/2 + DJ) / 2 + PE
    Total System Jitter     (TSJ):    0.071ns
    Total Input Jitter      (TIJ):    0.300ns
    Discrete Jitter          (DJ):    0.000ns
    Phase Error              (PE):    0.000ns
  Timing Exception:       False Path

    Location             Delay type                Incr(ns)  Path(ns)    Netlist Resource(s)
  -------------------------------------------------------------------    -------------------
                         (clock clk_fpga_0 rise edge)
                                                      0.000     0.000 r  
    PS7_X0Y0             PS7                          0.000     0.000 r  gru_bin_version_i/processing_system7_0/inst/PS7_i/FCLKCLK[0]
                         net (fo=1, routed)           0.310     0.310    gru_bin_version_i/processing_system7_0/inst/FCLK_CLK_unbuffered[0]
    BUFGCTRL_X0Y16       BUFG (Prop_bufg_I_O)         0.026     0.336 r  gru_bin_version_i/processing_system7_0/inst/buffer_fclk_clk_0.FCLK_CLK_0_BUFG/O
                         net (fo=22708, routed)       0.639     0.975    gru_bin_version_i/axi_smc/inst/clk_map/psr_aclk/U0/aclk
    SLICE_X42Y102        FDRE                                         r  gru_bin_version_i/axi_smc/inst/clk_map/psr_aclk/U0/ACTIVE_LOW_BSR_OUT_DFF[0].FDRE_BSR_N/C
  -------------------------------------------------------------------    -------------------
    SLICE_X42Y102        FDRE (Prop_fdre_C_Q)         0.164     1.139 r  gru_bin_version_i/axi_smc/inst/clk_map/psr_aclk/U0/ACTIVE_LOW_BSR_OUT_DFF[0].FDRE_BSR_N/Q
                         net (fo=25, routed)          0.161     1.300    gru_bin_version_i/axi_smc/inst/switchboards/i_nodes/i_r_node/inst/s_sc_xpm_cdc_async_rst_inst/src_arst
    SLICE_X40Y103        LUT1 (Prop_lut1_I0_O)        0.045     1.345 f  gru_bin_version_i/axi_smc/inst/switchboards/i_nodes/i_r_node/inst/s_sc_xpm_cdc_async_rst_inst/arststages_ff[2]_i_1/O
                         net (fo=3, routed)           0.239     1.585    gru_bin_version_i/axi_smc/inst/switchboards/i_nodes/i_r_node/inst/s_sc_xpm_cdc_async_rst_inst/reset_pol
    SLICE_X40Y103        FDCE                                         f  gru_bin_version_i/axi_smc/inst/switchboards/i_nodes/i_r_node/inst/s_sc_xpm_cdc_async_rst_inst/arststages_ff_reg[2]/CLR
  -------------------------------------------------------------------    -------------------

                         (clock clk_fpga_0 rise edge)
                                                      0.000     0.000 r  
    PS7_X0Y0             PS7                          0.000     0.000 r  gru_bin_version_i/processing_system7_0/inst/PS7_i/FCLKCLK[0]
                         net (fo=1, routed)           0.337     0.337    gru_bin_version_i/processing_system7_0/inst/FCLK_CLK_unbuffered[0]
    BUFGCTRL_X0Y16       BUFG (Prop_bufg_I_O)         0.029     0.366 r  gru_bin_version_i/processing_system7_0/inst/buffer_fclk_clk_0.FCLK_CLK_0_BUFG/O
                         net (fo=22708, routed)       0.910     1.276    gru_bin_version_i/axi_smc/inst/switchboards/i_nodes/i_r_node/inst/s_sc_xpm_cdc_async_rst_inst/dest_clk
    SLICE_X40Y103        FDCE                                         r  gru_bin_version_i/axi_smc/inst/switchboards/i_nodes/i_r_node/inst/s_sc_xpm_cdc_async_rst_inst/arststages_ff_reg[2]/C

Slack:                    inf
  Source:                 gru_bin_version_i/rst_ps7_0_100M/U0/ACTIVE_LOW_PR_OUT_DFF[0].FDRE_PER_N/C
                            (rising edge-triggered cell FDRE clocked by clk_fpga_0  {rise@0.000ns fall@5.000ns period=10.000ns})
  Destination:            gru_bin_version_wrapper/gru_bin_version/gru_bin_version_axi_mem_intercon_0/s02_couplers_imp_QTS1PG/gru_bin_version_axi_mem_intercon_imp_auto_pc_2/gru_bin_version_axi_mem_intercon_imp_auto_pc_2_axi_protocol_converter_v2_1_37_axi_protocol_converter/gru_bin_version_axi_mem_intercon_imp_auto_pc_2_axi_protocol_converter_v2_1_37_axi3_conv/gru_bin_version_axi_mem_intercon_imp_auto_pc_2_axi_protocol_converter_v2_1_37_a_axi3_conv/gru_bin_version_axi_mem_intercon_imp_auto_pc_2_axi_data_fifo_v2_1_36_axic_fifo/gru_bin_version_axi_mem_intercon_imp_auto_pc_2_axi_data_fifo_v2_1_36_fifo_gen/<hidden>/<hidden>/<hidden>/<hidden>/<hidden>/<hidden>
                            (removal check against rising-edge clock clk_fpga_0  {rise@0.000ns fall@5.000ns period=10.000ns})
  Path Group:             (none)
  Path Type:              Removal (Min at Fast Process Corner)
  Data Path Delay:        0.748ns  (logic 0.186ns (24.865%)  route 0.562ns (75.135%))
  Logic Levels:           1  (LUT1=1)
  Clock Path Skew:        0.297ns (DCD - SCD - CPR)
    Destination Clock Delay (DCD):    1.190ns
    Source Clock Delay      (SCD):    0.893ns
    Clock Pessimism Removal (CPR):    -0.000ns
  Clock Uncertainty:      0.154ns  ((TSJ^2 + TIJ^2)^1/2 + DJ) / 2 + PE
    Total System Jitter     (TSJ):    0.071ns
    Total Input Jitter      (TIJ):    0.300ns
    Discrete Jitter          (DJ):    0.000ns
    Phase Error              (PE):    0.000ns
  Timing Exception:       False Path

    Location             Delay type                Incr(ns)  Path(ns)    Netlist Resource(s)
  -------------------------------------------------------------------    -------------------
                         (clock clk_fpga_0 rise edge)
                                                      0.000     0.000 r  
    PS7_X0Y0             PS7                          0.000     0.000 r  gru_bin_version_i/processing_system7_0/inst/PS7_i/FCLKCLK[0]
                         net (fo=1, routed)           0.310     0.310    gru_bin_version_i/processing_system7_0/inst/FCLK_CLK_unbuffered[0]
    BUFGCTRL_X0Y16       BUFG (Prop_bufg_I_O)         0.026     0.336 r  gru_bin_version_i/processing_system7_0/inst/buffer_fclk_clk_0.FCLK_CLK_0_BUFG/O
                         net (fo=22708, routed)       0.557     0.893    gru_bin_version_i/rst_ps7_0_100M/U0/slowest_sync_clk
    SLICE_X43Y97         FDRE                                         r  gru_bin_version_i/rst_ps7_0_100M/U0/ACTIVE_LOW_PR_OUT_DFF[0].FDRE_PER_N/C
  -------------------------------------------------------------------    -------------------
    SLICE_X43Y97         FDRE (Prop_fdre_C_Q)         0.141     1.034 r  gru_bin_version_i/rst_ps7_0_100M/U0/ACTIVE_LOW_PR_OUT_DFF[0].FDRE_PER_N/Q
                         net (fo=22, routed)          0.380     1.414    gru_bin_version_i/axi_mem_intercon/s02_couplers/auto_pc/inst/gen_axi4_axi3.axi3_conv_inst/USE_READ.USE_SPLIT_R.read_addr_inst/USE_R_CHANNEL.cmd_queue/inst/aresetn
    SLICE_X46Y96         LUT1 (Prop_lut1_I0_O)        0.045     1.459 f  gru_bin_version_i/axi_mem_intercon/s02_couplers/auto_pc/inst/gen_axi4_axi3.axi3_conv_inst/USE_READ.USE_SPLIT_R.read_addr_inst/USE_R_CHANNEL.cmd_queue/inst/S_AXI_AREADY_I_i_1/O
                         net (fo=6, routed)           0.182     1.641    gru_bin_version_wrapper/gru_bin_version/gru_bin_version_axi_mem_intercon_0/s02_couplers_imp_QTS1PG/gru_bin_version_axi_mem_intercon_imp_auto_pc_2/gru_bin_version_axi_mem_intercon_imp_auto_pc_2_axi_protocol_converter_v2_1_37_axi_protocol_converter/gru_bin_version_axi_mem_intercon_imp_auto_pc_2_axi_protocol_converter_v2_1_37_axi3_conv/gru_bin_version_axi_mem_intercon_imp_auto_pc_2_axi_protocol_converter_v2_1_37_a_axi3_conv/gru_bin_version_axi_mem_intercon_imp_auto_pc_2_axi_data_fifo_v2_1_36_axic_fifo/gru_bin_version_axi_mem_intercon_imp_auto_pc_2_axi_data_fifo_v2_1_36_fifo_gen/<hidden>/<hidden>/<hidden>/<hidden>/<hidden>/<hidden>
    SLICE_X44Y96         FDPE                                         f  gru_bin_version_wrapper/gru_bin_version/gru_bin_version_axi_mem_intercon_0/s02_couplers_imp_QTS1PG/gru_bin_version_axi_mem_intercon_imp_auto_pc_2/gru_bin_version_axi_mem_intercon_imp_auto_pc_2_axi_protocol_converter_v2_1_37_axi_protocol_converter/gru_bin_version_axi_mem_intercon_imp_auto_pc_2_axi_protocol_converter_v2_1_37_axi3_conv/gru_bin_version_axi_mem_intercon_imp_auto_pc_2_axi_protocol_converter_v2_1_37_a_axi3_conv/gru_bin_version_axi_mem_intercon_imp_auto_pc_2_axi_data_fifo_v2_1_36_axic_fifo/gru_bin_version_axi_mem_intercon_imp_auto_pc_2_axi_data_fifo_v2_1_36_fifo_gen/<hidden>/<hidden>/<hidden>/<hidden>/<hidden>/<hidden>
  -------------------------------------------------------------------    -------------------

                         (clock clk_fpga_0 rise edge)
                                                      0.000     0.000 r  
    PS7_X0Y0             PS7                          0.000     0.000 r  gru_bin_version_i/processing_system7_0/inst/PS7_i/FCLKCLK[0]
                         net (fo=1, routed)           0.337     0.337    gru_bin_version_i/processing_system7_0/inst/FCLK_CLK_unbuffered[0]
    BUFGCTRL_X0Y16       BUFG (Prop_bufg_I_O)         0.029     0.366 r  gru_bin_version_i/processing_system7_0/inst/buffer_fclk_clk_0.FCLK_CLK_0_BUFG/O
                         net (fo=22708, routed)       0.824     1.190    gru_bin_version_wrapper/gru_bin_version/gru_bin_version_axi_mem_intercon_0/s02_couplers_imp_QTS1PG/gru_bin_version_axi_mem_intercon_imp_auto_pc_2/gru_bin_version_axi_mem_intercon_imp_auto_pc_2_axi_protocol_converter_v2_1_37_axi_protocol_converter/gru_bin_version_axi_mem_intercon_imp_auto_pc_2_axi_protocol_converter_v2_1_37_axi3_conv/gru_bin_version_axi_mem_intercon_imp_auto_pc_2_axi_protocol_converter_v2_1_37_a_axi3_conv/gru_bin_version_axi_mem_intercon_imp_auto_pc_2_axi_data_fifo_v2_1_36_axic_fifo/gru_bin_version_axi_mem_intercon_imp_auto_pc_2_axi_data_fifo_v2_1_36_fifo_gen/<hidden>/<hidden>/<hidden>/<hidden>/<hidden>/<hidden>
    SLICE_X44Y96         FDPE                                         r  gru_bin_version_wrapper/gru_bin_version/gru_bin_version_axi_mem_intercon_0/s02_couplers_imp_QTS1PG/gru_bin_version_axi_mem_intercon_imp_auto_pc_2/gru_bin_version_axi_mem_intercon_imp_auto_pc_2_axi_protocol_converter_v2_1_37_axi_protocol_converter/gru_bin_version_axi_mem_intercon_imp_auto_pc_2_axi_protocol_converter_v2_1_37_axi3_conv/gru_bin_version_axi_mem_intercon_imp_auto_pc_2_axi_protocol_converter_v2_1_37_a_axi3_conv/gru_bin_version_axi_mem_intercon_imp_auto_pc_2_axi_data_fifo_v2_1_36_axic_fifo/gru_bin_version_axi_mem_intercon_imp_auto_pc_2_axi_data_fifo_v2_1_36_fifo_gen/<hidden>/<hidden>/<hidden>/<hidden>/<hidden>/<hidden>

Slack:                    inf
  Source:                 gru_bin_version_i/rst_ps7_0_100M/U0/ACTIVE_LOW_PR_OUT_DFF[0].FDRE_PER_N/C
                            (rising edge-triggered cell FDRE clocked by clk_fpga_0  {rise@0.000ns fall@5.000ns period=10.000ns})
  Destination:            gru_bin_version_wrapper/gru_bin_version/gru_bin_version_axi_mem_intercon_0/s02_couplers_imp_QTS1PG/gru_bin_version_axi_mem_intercon_imp_auto_pc_2/gru_bin_version_axi_mem_intercon_imp_auto_pc_2_axi_protocol_converter_v2_1_37_axi_protocol_converter/gru_bin_version_axi_mem_intercon_imp_auto_pc_2_axi_protocol_converter_v2_1_37_axi3_conv/gru_bin_version_axi_mem_intercon_imp_auto_pc_2_axi_protocol_converter_v2_1_37_a_axi3_conv/gru_bin_version_axi_mem_intercon_imp_auto_pc_2_axi_data_fifo_v2_1_36_axic_fifo/gru_bin_version_axi_mem_intercon_imp_auto_pc_2_axi_data_fifo_v2_1_36_fifo_gen/<hidden>/<hidden>/<hidden>/<hidden>/<hidden>/<hidden>
                            (removal check against rising-edge clock clk_fpga_0  {rise@0.000ns fall@5.000ns period=10.000ns})
  Path Group:             (none)
  Path Type:              Removal (Min at Fast Process Corner)
  Data Path Delay:        0.748ns  (logic 0.186ns (24.865%)  route 0.562ns (75.135%))
  Logic Levels:           1  (LUT1=1)
  Clock Path Skew:        0.297ns (DCD - SCD - CPR)
    Destination Clock Delay (DCD):    1.190ns
    Source Clock Delay      (SCD):    0.893ns
    Clock Pessimism Removal (CPR):    -0.000ns
  Clock Uncertainty:      0.154ns  ((TSJ^2 + TIJ^2)^1/2 + DJ) / 2 + PE
    Total System Jitter     (TSJ):    0.071ns
    Total Input Jitter      (TIJ):    0.300ns
    Discrete Jitter          (DJ):    0.000ns
    Phase Error              (PE):    0.000ns
  Timing Exception:       False Path

    Location             Delay type                Incr(ns)  Path(ns)    Netlist Resource(s)
  -------------------------------------------------------------------    -------------------
                         (clock clk_fpga_0 rise edge)
                                                      0.000     0.000 r  
    PS7_X0Y0             PS7                          0.000     0.000 r  gru_bin_version_i/processing_system7_0/inst/PS7_i/FCLKCLK[0]
                         net (fo=1, routed)           0.310     0.310    gru_bin_version_i/processing_system7_0/inst/FCLK_CLK_unbuffered[0]
    BUFGCTRL_X0Y16       BUFG (Prop_bufg_I_O)         0.026     0.336 r  gru_bin_version_i/processing_system7_0/inst/buffer_fclk_clk_0.FCLK_CLK_0_BUFG/O
                         net (fo=22708, routed)       0.557     0.893    gru_bin_version_i/rst_ps7_0_100M/U0/slowest_sync_clk
    SLICE_X43Y97         FDRE                                         r  gru_bin_version_i/rst_ps7_0_100M/U0/ACTIVE_LOW_PR_OUT_DFF[0].FDRE_PER_N/C
  -------------------------------------------------------------------    -------------------
    SLICE_X43Y97         FDRE (Prop_fdre_C_Q)         0.141     1.034 r  gru_bin_version_i/rst_ps7_0_100M/U0/ACTIVE_LOW_PR_OUT_DFF[0].FDRE_PER_N/Q
                         net (fo=22, routed)          0.380     1.414    gru_bin_version_i/axi_mem_intercon/s02_couplers/auto_pc/inst/gen_axi4_axi3.axi3_conv_inst/USE_READ.USE_SPLIT_R.read_addr_inst/USE_R_CHANNEL.cmd_queue/inst/aresetn
    SLICE_X46Y96         LUT1 (Prop_lut1_I0_O)        0.045     1.459 f  gru_bin_version_i/axi_mem_intercon/s02_couplers/auto_pc/inst/gen_axi4_axi3.axi3_conv_inst/USE_READ.USE_SPLIT_R.read_addr_inst/USE_R_CHANNEL.cmd_queue/inst/S_AXI_AREADY_I_i_1/O
                         net (fo=6, routed)           0.182     1.641    gru_bin_version_wrapper/gru_bin_version/gru_bin_version_axi_mem_intercon_0/s02_couplers_imp_QTS1PG/gru_bin_version_axi_mem_intercon_imp_auto_pc_2/gru_bin_version_axi_mem_intercon_imp_auto_pc_2_axi_protocol_converter_v2_1_37_axi_protocol_converter/gru_bin_version_axi_mem_intercon_imp_auto_pc_2_axi_protocol_converter_v2_1_37_axi3_conv/gru_bin_version_axi_mem_intercon_imp_auto_pc_2_axi_protocol_converter_v2_1_37_a_axi3_conv/gru_bin_version_axi_mem_intercon_imp_auto_pc_2_axi_data_fifo_v2_1_36_axic_fifo/gru_bin_version_axi_mem_intercon_imp_auto_pc_2_axi_data_fifo_v2_1_36_fifo_gen/<hidden>/<hidden>/<hidden>/<hidden>/<hidden>/<hidden>
    SLICE_X44Y96         FDPE                                         f  gru_bin_version_wrapper/gru_bin_version/gru_bin_version_axi_mem_intercon_0/s02_couplers_imp_QTS1PG/gru_bin_version_axi_mem_intercon_imp_auto_pc_2/gru_bin_version_axi_mem_intercon_imp_auto_pc_2_axi_protocol_converter_v2_1_37_axi_protocol_converter/gru_bin_version_axi_mem_intercon_imp_auto_pc_2_axi_protocol_converter_v2_1_37_axi3_conv/gru_bin_version_axi_mem_intercon_imp_auto_pc_2_axi_protocol_converter_v2_1_37_a_axi3_conv/gru_bin_version_axi_mem_intercon_imp_auto_pc_2_axi_data_fifo_v2_1_36_axic_fifo/gru_bin_version_axi_mem_intercon_imp_auto_pc_2_axi_data_fifo_v2_1_36_fifo_gen/<hidden>/<hidden>/<hidden>/<hidden>/<hidden>/<hidden>
  -------------------------------------------------------------------    -------------------

                         (clock clk_fpga_0 rise edge)
                                                      0.000     0.000 r  
    PS7_X0Y0             PS7                          0.000     0.000 r  gru_bin_version_i/processing_system7_0/inst/PS7_i/FCLKCLK[0]
                         net (fo=1, routed)           0.337     0.337    gru_bin_version_i/processing_system7_0/inst/FCLK_CLK_unbuffered[0]
    BUFGCTRL_X0Y16       BUFG (Prop_bufg_I_O)         0.029     0.366 r  gru_bin_version_i/processing_system7_0/inst/buffer_fclk_clk_0.FCLK_CLK_0_BUFG/O
                         net (fo=22708, routed)       0.824     1.190    gru_bin_version_wrapper/gru_bin_version/gru_bin_version_axi_mem_intercon_0/s02_couplers_imp_QTS1PG/gru_bin_version_axi_mem_intercon_imp_auto_pc_2/gru_bin_version_axi_mem_intercon_imp_auto_pc_2_axi_protocol_converter_v2_1_37_axi_protocol_converter/gru_bin_version_axi_mem_intercon_imp_auto_pc_2_axi_protocol_converter_v2_1_37_axi3_conv/gru_bin_version_axi_mem_intercon_imp_auto_pc_2_axi_protocol_converter_v2_1_37_a_axi3_conv/gru_bin_version_axi_mem_intercon_imp_auto_pc_2_axi_data_fifo_v2_1_36_axic_fifo/gru_bin_version_axi_mem_intercon_imp_auto_pc_2_axi_data_fifo_v2_1_36_fifo_gen/<hidden>/<hidden>/<hidden>/<hidden>/<hidden>/<hidden>
    SLICE_X44Y96         FDPE                                         r  gru_bin_version_wrapper/gru_bin_version/gru_bin_version_axi_mem_intercon_0/s02_couplers_imp_QTS1PG/gru_bin_version_axi_mem_intercon_imp_auto_pc_2/gru_bin_version_axi_mem_intercon_imp_auto_pc_2_axi_protocol_converter_v2_1_37_axi_protocol_converter/gru_bin_version_axi_mem_intercon_imp_auto_pc_2_axi_protocol_converter_v2_1_37_axi3_conv/gru_bin_version_axi_mem_intercon_imp_auto_pc_2_axi_protocol_converter_v2_1_37_a_axi3_conv/gru_bin_version_axi_mem_intercon_imp_auto_pc_2_axi_data_fifo_v2_1_36_axic_fifo/gru_bin_version_axi_mem_intercon_imp_auto_pc_2_axi_data_fifo_v2_1_36_fifo_gen/<hidden>/<hidden>/<hidden>/<hidden>/<hidden>/<hidden>

Slack:                    inf
  Source:                 gru_bin_version_i/axi_smc/inst/clk_map/psr_aclk/U0/ACTIVE_LOW_BSR_OUT_DFF[0].FDRE_BSR_N/C
                            (rising edge-triggered cell FDRE clocked by clk_fpga_0  {rise@0.000ns fall@5.000ns period=10.000ns})
  Destination:            gru_bin_version_i/axi_smc/inst/switchboards/i_nodes/i_ar_node/inst/s_sc_xpm_cdc_async_rst_inst/arststages_ff_reg[0]/CLR
                            (removal check against rising-edge clock clk_fpga_0  {rise@0.000ns fall@5.000ns period=10.000ns})
  Path Group:             (none)
  Path Type:              Removal (Min at Fast Process Corner)
  Data Path Delay:        0.676ns  (logic 0.215ns (31.826%)  route 0.461ns (68.174%))
  Logic Levels:           1  (LUT1=1)
  Clock Path Skew:        0.301ns (DCD - SCD - CPR)
    Destination Clock Delay (DCD):    1.276ns
    Source Clock Delay      (SCD):    0.975ns
    Clock Pessimism Removal (CPR):    -0.000ns
  Clock Uncertainty:      0.154ns  ((TSJ^2 + TIJ^2)^1/2 + DJ) / 2 + PE
    Total System Jitter     (TSJ):    0.071ns
    Total Input Jitter      (TIJ):    0.300ns
    Discrete Jitter          (DJ):    0.000ns
    Phase Error              (PE):    0.000ns
  Timing Exception:       False Path

    Location             Delay type                Incr(ns)  Path(ns)    Netlist Resource(s)
  -------------------------------------------------------------------    -------------------
                         (clock clk_fpga_0 rise edge)
                                                      0.000     0.000 r  
    PS7_X0Y0             PS7                          0.000     0.000 r  gru_bin_version_i/processing_system7_0/inst/PS7_i/FCLKCLK[0]
                         net (fo=1, routed)           0.310     0.310    gru_bin_version_i/processing_system7_0/inst/FCLK_CLK_unbuffered[0]
    BUFGCTRL_X0Y16       BUFG (Prop_bufg_I_O)         0.026     0.336 r  gru_bin_version_i/processing_system7_0/inst/buffer_fclk_clk_0.FCLK_CLK_0_BUFG/O
                         net (fo=22708, routed)       0.639     0.975    gru_bin_version_i/axi_smc/inst/clk_map/psr_aclk/U0/aclk
    SLICE_X42Y102        FDRE                                         r  gru_bin_version_i/axi_smc/inst/clk_map/psr_aclk/U0/ACTIVE_LOW_BSR_OUT_DFF[0].FDRE_BSR_N/C
  -------------------------------------------------------------------    -------------------
    SLICE_X42Y102        FDRE (Prop_fdre_C_Q)         0.164     1.139 r  gru_bin_version_i/axi_smc/inst/clk_map/psr_aclk/U0/ACTIVE_LOW_BSR_OUT_DFF[0].FDRE_BSR_N/Q
                         net (fo=25, routed)          0.278     1.417    gru_bin_version_i/axi_smc/inst/switchboards/i_nodes/i_ar_node/inst/s_sc_xpm_cdc_async_rst_inst/src_arst
    SLICE_X41Y105        LUT1 (Prop_lut1_I0_O)        0.051     1.468 f  gru_bin_version_i/axi_smc/inst/switchboards/i_nodes/i_ar_node/inst/s_sc_xpm_cdc_async_rst_inst/arststages_ff[2]_i_1/O
                         net (fo=3, routed)           0.183     1.651    gru_bin_version_i/axi_smc/inst/switchboards/i_nodes/i_ar_node/inst/s_sc_xpm_cdc_async_rst_inst/reset_pol
    SLICE_X41Y104        FDCE                                         f  gru_bin_version_i/axi_smc/inst/switchboards/i_nodes/i_ar_node/inst/s_sc_xpm_cdc_async_rst_inst/arststages_ff_reg[0]/CLR
  -------------------------------------------------------------------    -------------------

                         (clock clk_fpga_0 rise edge)
                                                      0.000     0.000 r  
    PS7_X0Y0             PS7                          0.000     0.000 r  gru_bin_version_i/processing_system7_0/inst/PS7_i/FCLKCLK[0]
                         net (fo=1, routed)           0.337     0.337    gru_bin_version_i/processing_system7_0/inst/FCLK_CLK_unbuffered[0]
    BUFGCTRL_X0Y16       BUFG (Prop_bufg_I_O)         0.029     0.366 r  gru_bin_version_i/processing_system7_0/inst/buffer_fclk_clk_0.FCLK_CLK_0_BUFG/O
                         net (fo=22708, routed)       0.910     1.276    gru_bin_version_i/axi_smc/inst/switchboards/i_nodes/i_ar_node/inst/s_sc_xpm_cdc_async_rst_inst/dest_clk
    SLICE_X41Y104        FDCE                                         r  gru_bin_version_i/axi_smc/inst/switchboards/i_nodes/i_ar_node/inst/s_sc_xpm_cdc_async_rst_inst/arststages_ff_reg[0]/C

Slack:                    inf
  Source:                 gru_bin_version_i/axi_smc/inst/clk_map/psr_aclk/U0/ACTIVE_LOW_BSR_OUT_DFF[0].FDRE_BSR_N/C
                            (rising edge-triggered cell FDRE clocked by clk_fpga_0  {rise@0.000ns fall@5.000ns period=10.000ns})
  Destination:            gru_bin_version_i/axi_smc/inst/switchboards/i_nodes/i_ar_node/inst/s_sc_xpm_cdc_async_rst_inst/arststages_ff_reg[1]/CLR
                            (removal check against rising-edge clock clk_fpga_0  {rise@0.000ns fall@5.000ns period=10.000ns})
  Path Group:             (none)
  Path Type:              Removal (Min at Fast Process Corner)
  Data Path Delay:        0.676ns  (logic 0.215ns (31.826%)  route 0.461ns (68.174%))
  Logic Levels:           1  (LUT1=1)
  Clock Path Skew:        0.301ns (DCD - SCD - CPR)
    Destination Clock Delay (DCD):    1.276ns
    Source Clock Delay      (SCD):    0.975ns
    Clock Pessimism Removal (CPR):    -0.000ns
  Clock Uncertainty:      0.154ns  ((TSJ^2 + TIJ^2)^1/2 + DJ) / 2 + PE
    Total System Jitter     (TSJ):    0.071ns
    Total Input Jitter      (TIJ):    0.300ns
    Discrete Jitter          (DJ):    0.000ns
    Phase Error              (PE):    0.000ns
  Timing Exception:       False Path

    Location             Delay type                Incr(ns)  Path(ns)    Netlist Resource(s)
  -------------------------------------------------------------------    -------------------
                         (clock clk_fpga_0 rise edge)
                                                      0.000     0.000 r  
    PS7_X0Y0             PS7                          0.000     0.000 r  gru_bin_version_i/processing_system7_0/inst/PS7_i/FCLKCLK[0]
                         net (fo=1, routed)           0.310     0.310    gru_bin_version_i/processing_system7_0/inst/FCLK_CLK_unbuffered[0]
    BUFGCTRL_X0Y16       BUFG (Prop_bufg_I_O)         0.026     0.336 r  gru_bin_version_i/processing_system7_0/inst/buffer_fclk_clk_0.FCLK_CLK_0_BUFG/O
                         net (fo=22708, routed)       0.639     0.975    gru_bin_version_i/axi_smc/inst/clk_map/psr_aclk/U0/aclk
    SLICE_X42Y102        FDRE                                         r  gru_bin_version_i/axi_smc/inst/clk_map/psr_aclk/U0/ACTIVE_LOW_BSR_OUT_DFF[0].FDRE_BSR_N/C
  -------------------------------------------------------------------    -------------------
    SLICE_X42Y102        FDRE (Prop_fdre_C_Q)         0.164     1.139 r  gru_bin_version_i/axi_smc/inst/clk_map/psr_aclk/U0/ACTIVE_LOW_BSR_OUT_DFF[0].FDRE_BSR_N/Q
                         net (fo=25, routed)          0.278     1.417    gru_bin_version_i/axi_smc/inst/switchboards/i_nodes/i_ar_node/inst/s_sc_xpm_cdc_async_rst_inst/src_arst
    SLICE_X41Y105        LUT1 (Prop_lut1_I0_O)        0.051     1.468 f  gru_bin_version_i/axi_smc/inst/switchboards/i_nodes/i_ar_node/inst/s_sc_xpm_cdc_async_rst_inst/arststages_ff[2]_i_1/O
                         net (fo=3, routed)           0.183     1.651    gru_bin_version_i/axi_smc/inst/switchboards/i_nodes/i_ar_node/inst/s_sc_xpm_cdc_async_rst_inst/reset_pol
    SLICE_X41Y104        FDCE                                         f  gru_bin_version_i/axi_smc/inst/switchboards/i_nodes/i_ar_node/inst/s_sc_xpm_cdc_async_rst_inst/arststages_ff_reg[1]/CLR
  -------------------------------------------------------------------    -------------------

                         (clock clk_fpga_0 rise edge)
                                                      0.000     0.000 r  
    PS7_X0Y0             PS7                          0.000     0.000 r  gru_bin_version_i/processing_system7_0/inst/PS7_i/FCLKCLK[0]
                         net (fo=1, routed)           0.337     0.337    gru_bin_version_i/processing_system7_0/inst/FCLK_CLK_unbuffered[0]
    BUFGCTRL_X0Y16       BUFG (Prop_bufg_I_O)         0.029     0.366 r  gru_bin_version_i/processing_system7_0/inst/buffer_fclk_clk_0.FCLK_CLK_0_BUFG/O
                         net (fo=22708, routed)       0.910     1.276    gru_bin_version_i/axi_smc/inst/switchboards/i_nodes/i_ar_node/inst/s_sc_xpm_cdc_async_rst_inst/dest_clk
    SLICE_X41Y104        FDCE                                         r  gru_bin_version_i/axi_smc/inst/switchboards/i_nodes/i_ar_node/inst/s_sc_xpm_cdc_async_rst_inst/arststages_ff_reg[1]/C

Slack:                    inf
  Source:                 gru_bin_version_i/axi_smc/inst/clk_map/psr_aclk/U0/ACTIVE_LOW_BSR_OUT_DFF[0].FDRE_BSR_N/C
                            (rising edge-triggered cell FDRE clocked by clk_fpga_0  {rise@0.000ns fall@5.000ns period=10.000ns})
  Destination:            gru_bin_version_i/axi_smc/inst/switchboards/i_nodes/i_ar_node/inst/s_sc_xpm_cdc_async_rst_inst/arststages_ff_reg[2]/CLR
                            (removal check against rising-edge clock clk_fpga_0  {rise@0.000ns fall@5.000ns period=10.000ns})
  Path Group:             (none)
  Path Type:              Removal (Min at Fast Process Corner)
  Data Path Delay:        0.676ns  (logic 0.215ns (31.826%)  route 0.461ns (68.174%))
  Logic Levels:           1  (LUT1=1)
  Clock Path Skew:        0.301ns (DCD - SCD - CPR)
    Destination Clock Delay (DCD):    1.276ns
    Source Clock Delay      (SCD):    0.975ns
    Clock Pessimism Removal (CPR):    -0.000ns
  Clock Uncertainty:      0.154ns  ((TSJ^2 + TIJ^2)^1/2 + DJ) / 2 + PE
    Total System Jitter     (TSJ):    0.071ns
    Total Input Jitter      (TIJ):    0.300ns
    Discrete Jitter          (DJ):    0.000ns
    Phase Error              (PE):    0.000ns
  Timing Exception:       False Path

    Location             Delay type                Incr(ns)  Path(ns)    Netlist Resource(s)
  -------------------------------------------------------------------    -------------------
                         (clock clk_fpga_0 rise edge)
                                                      0.000     0.000 r  
    PS7_X0Y0             PS7                          0.000     0.000 r  gru_bin_version_i/processing_system7_0/inst/PS7_i/FCLKCLK[0]
                         net (fo=1, routed)           0.310     0.310    gru_bin_version_i/processing_system7_0/inst/FCLK_CLK_unbuffered[0]
    BUFGCTRL_X0Y16       BUFG (Prop_bufg_I_O)         0.026     0.336 r  gru_bin_version_i/processing_system7_0/inst/buffer_fclk_clk_0.FCLK_CLK_0_BUFG/O
                         net (fo=22708, routed)       0.639     0.975    gru_bin_version_i/axi_smc/inst/clk_map/psr_aclk/U0/aclk
    SLICE_X42Y102        FDRE                                         r  gru_bin_version_i/axi_smc/inst/clk_map/psr_aclk/U0/ACTIVE_LOW_BSR_OUT_DFF[0].FDRE_BSR_N/C
  -------------------------------------------------------------------    -------------------
    SLICE_X42Y102        FDRE (Prop_fdre_C_Q)         0.164     1.139 r  gru_bin_version_i/axi_smc/inst/clk_map/psr_aclk/U0/ACTIVE_LOW_BSR_OUT_DFF[0].FDRE_BSR_N/Q
                         net (fo=25, routed)          0.278     1.417    gru_bin_version_i/axi_smc/inst/switchboards/i_nodes/i_ar_node/inst/s_sc_xpm_cdc_async_rst_inst/src_arst
    SLICE_X41Y105        LUT1 (Prop_lut1_I0_O)        0.051     1.468 f  gru_bin_version_i/axi_smc/inst/switchboards/i_nodes/i_ar_node/inst/s_sc_xpm_cdc_async_rst_inst/arststages_ff[2]_i_1/O
                         net (fo=3, routed)           0.183     1.651    gru_bin_version_i/axi_smc/inst/switchboards/i_nodes/i_ar_node/inst/s_sc_xpm_cdc_async_rst_inst/reset_pol
    SLICE_X41Y104        FDCE                                         f  gru_bin_version_i/axi_smc/inst/switchboards/i_nodes/i_ar_node/inst/s_sc_xpm_cdc_async_rst_inst/arststages_ff_reg[2]/CLR
  -------------------------------------------------------------------    -------------------

                         (clock clk_fpga_0 rise edge)
                                                      0.000     0.000 r  
    PS7_X0Y0             PS7                          0.000     0.000 r  gru_bin_version_i/processing_system7_0/inst/PS7_i/FCLKCLK[0]
                         net (fo=1, routed)           0.337     0.337    gru_bin_version_i/processing_system7_0/inst/FCLK_CLK_unbuffered[0]
    BUFGCTRL_X0Y16       BUFG (Prop_bufg_I_O)         0.029     0.366 r  gru_bin_version_i/processing_system7_0/inst/buffer_fclk_clk_0.FCLK_CLK_0_BUFG/O
                         net (fo=22708, routed)       0.910     1.276    gru_bin_version_i/axi_smc/inst/switchboards/i_nodes/i_ar_node/inst/s_sc_xpm_cdc_async_rst_inst/dest_clk
    SLICE_X41Y104        FDCE                                         r  gru_bin_version_i/axi_smc/inst/switchboards/i_nodes/i_ar_node/inst/s_sc_xpm_cdc_async_rst_inst/arststages_ff_reg[2]/C





