path,bytes,md5
.gitattributes,447,FC3C6542CFAB3F3D3D12371D676A68C3
.github/workflows/ci.yml,564,C4D3AD7A092C6469BB241D698EB04FE4
.gitignore,626,EFF74D4AB3BBB87F98E427348A07ECF5
LICENSE,1072,29DDDF252B28C03CB9C9A9E3AD38F987
README.md,15542,E1472C9728383F5377410A7123BD753E
board/board_cleanup_pack.sh,1891,AE2578A889AFA4C0F409842FA055438C
board/cell_A5_chunk_sweep_REV1.py,2701,39156661A03C2A1773CE7D3C425FD573
board/gru_board_bringup_fused_L20.ipynb,14271,3C7B8E7BA962E36BCA249F2949780D94
board/gru_board_session1_REV1.ipynb,30764,EDF53053759F86447FDA913B7ECEA9BA
board/gru_board_session2_REV1.ipynb,17889,D2CAE4F5D92F82FDB7C8FB95763BC739
board/gru_campaign_102_REV1.ipynb,18605,0E18F5DEF5C72C337743103F51757F31
docs/.gitkeep,0,D41D8CD98F00B204E9800998ECF8427E
docs/design_notes.md,5763,2F54301815F212AC5D1F6478D00FF1FB
examples/.gitkeep,0,D41D8CD98F00B204E9800998ECF8427E
hls/src/fl_max/weights.h,117168,47399D52C2587B95A9105CDE121DC210
hls/src/fl_mod/weights.h,117168,945A95A0367CFE2D2DA2A4CC3AD1C720
hls/src/gru_load.cpp,2363,E2B20B4359E106AA8EC950E2A83534BA
hls/src/gru_va.h,1904,CEA0A7EAAD54047D2CE27FD021708E07
hls/src/gru_va_col_fused_mac3.cpp,11010,018DADB53BD63BE08CF4E938F4049616
hls/src/gru_weights.h,978,C4108C32443A2B2742286DC584C7983C
hls/src/gt_max/weights.h,117167,BC9EBB4EB306B1053305B53960770672
hls/src/gt_mod/weights.h,117167,6FDDA540C92A1E60E0C3711AB047CEB0
hls/src/rodent_max/weights.h,118802,FC33FD1268445DBC6F6F10EC54CEE8DD
hls/src/rodent_mod/weights.h,117169,D1A591518007CE569B0852247BDDD743
hls/src/tanh_table.h,16098,D1A2ADCBB1112DB91809BBC43287D811
hls/tb/gru_va_tb_fm2.cpp,8708,4E52E54C828614F70AB40CF3C60FCC81
make_manifest.py,1710,68D59DEB68BAA3D76EA34289B4DDFED0
models/fl_max/best.pt,23494,F90B94B9409AABD6415AD67037EC5161
models/fl_max/eval_log.txt,1466,1FD87B9B1B30A37508B4CA2C6503F4BA
models/fl_max/train_log.csv,15415,FC96776BCBCE3E7223BFF6C1F99061B5
models/fl_max/train_log.txt,26815,908E21E5162937506DBDAE3D119A1A79
models/fl_mod/best.pt,23494,A9082ECBC3140ADA2EB22D6CC4A2F2CD
models/fl_mod/eval_log.txt,1466,E1604338A09A791D3381DA5949FDC63A
models/fl_mod/train_log.csv,17883,A3F2AC8CCD644A077A020B5D78DA259E
models/fl_mod/train_log.txt,30959,FD033B1396553A184F690F1F5EE6E3CD
models/gt_max/best.pt,23494,C8F95464D227BE3D25B54287DFACF631
models/gt_max/eval_log.txt,1472,4979B949640C39453A43013AF7B8F9DD
models/gt_max/train_log.csv,49380,25403C609EE78D18378E64500B64442E
models/gt_max/train_log.txt,83737,7A6082D539D6CD831388578E12B89F71
models/gt_mod/best.pt,23494,8FE5B2A51606D1774A7206BA232B52A5
models/gt_mod/eval_log.txt,1471,28C9B0CB9C08B1CA3EA34919D5AB3897
models/gt_mod/train_log.csv,38304,A9552077D798105D4E4E89EF9B560FBE
models/gt_mod/train_log.txt,65309,EC894E79E725F033D8FADC2ECF0EBF1C
models/rodent_max/best.pt,23494,386A337927D45DF0A986B0DA5687346F
models/rodent_max/eval_log.txt,1476,B3175F5BF543C0AED3F6F3E8BB64E0AD
models/rodent_max/train_log.csv,21482,44F702C5E1D29C932F30F9C17900BC95
models/rodent_max/train_log.txt,37053,59DBC66132FC93E3504095B1D269F46F
models/rodent_mod/best.pt,23494,45F3373D911D45DC47D493333442F57F
models/rodent_mod/eval_log.txt,1554,F6C069814D3FD4E4DD61791528D47A96
models/rodent_mod/train_log.csv,17946,F9128E9BAE6A0DDB47AFC84FCE934A89
models/rodent_mod/train_log.txt,30662,18F5A6463EBC158AC4F5D1B59F93161E
pyproject.toml,797,E709451BFA83D805ECAC98C253C4A5B5
reports/csim/fl_max_w10_gru_va_csim.log,953,5801520852898E05365A35EE0E7C64CE
reports/csim/fl_max_w11_gru_va_csim.log,953,9CEB07E92EFB409C08165753F540DB0F
reports/csim/fl_max_w12_gru_va_csim.log,954,D9CDE16BD1085C8D5FAB9B7C43C9A16C
reports/csim/fl_max_w13_gru_va_csim.log,955,8AE5331D077E5AFF66BC13107B4CFEF9
reports/csim/fl_max_w14_gru_va_csim.log,955,C9541E697AA0515131553B8132C29155
reports/csim/fl_max_w15_gru_va_csim.log,909,63EB3FF40CB2C6A1E69622949E01D189
reports/csim/fl_max_w16_gru_va_csim.log,909,83A257A815F0585AC7B7A57204885348
reports/csim/fl_max_w17_gru_va_csim.log,910,4672DD9B3C0403E5A4BE4FD43AD451E5
reports/csim/fl_max_w18_gru_va_csim.log,909,6E65DCAC382B9C28E0BBF314BAC5ADF1
reports/csim/fl_max_w19_gru_va_csim.log,909,2C542FC77A4A72631827FA6D48B8AAB0
reports/csim/fl_max_w20_gru_va_csim.log,910,35231B500D6EE3EA873D882DB7E77011
reports/csim/fl_max_w21_gru_va_csim.log,909,C6D7D313A6A9AC315C69BC338D09B7DD
reports/csim/fl_max_w22_gru_va_csim.log,910,F982E3872026D2CC05F6D3EDCB320A9E
reports/csim/fl_max_w23_gru_va_csim.log,910,1CB60B1D97F01BB1C1D79D724CAD6318
reports/csim/fl_max_w24_gru_va_csim.log,910,89A8F690D086F03A66040A6E7D375B2B
reports/csim/fl_max_w8_gru_va_csim.log,953,5D26E686E8BFF76B1C8D6146221A7219
reports/csim/fl_max_w9_gru_va_csim.log,953,2438DC7FD63795C98688507CB5AD1283
reports/csim/fl_mod_w10_gru_va_csim.log,950,2C78E165FA13CB47AF3AF4FE2DDFE2B2
reports/csim/fl_mod_w11_gru_va_csim.log,949,023C6EBF8F299EEE4E1DB31A27C59961
reports/csim/fl_mod_w12_gru_va_csim.log,950,6B25F08FFA99526DEA9C72D91C279ACA
reports/csim/fl_mod_w13_gru_va_csim.log,950,170DB08C28CEF755CBEE8315E3466E77
reports/csim/fl_mod_w14_gru_va_csim.log,950,0D2D624FCFBFB8E557524DF12939669C
reports/csim/fl_mod_w15_gru_va_csim.log,905,E6808C0AD74DF74376AE9A4D3FCABF7E
reports/csim/fl_mod_w16_gru_va_csim.log,905,DF84E1FBEE24C94B3A5BBFAABB139929
reports/csim/fl_mod_w17_gru_va_csim.log,906,29FBF097461D757ABE91A36E62DF2F29
reports/csim/fl_mod_w18_gru_va_csim.log,906,58CB3912723CF1E92D2D9628D7E5FBD5
reports/csim/fl_mod_w19_gru_va_csim.log,906,01720B7422AA6BC13D947345C9521C9A
reports/csim/fl_mod_w20_gru_va_csim.log,905,F6E348846D2393F3CB0EF42866B753A5
reports/csim/fl_mod_w21_gru_va_csim.log,905,5D09172E52CD392A7B12F301A4491D33
reports/csim/fl_mod_w22_gru_va_csim.log,905,D60CB3C5819912A35D34ABE42A4F445F
reports/csim/fl_mod_w23_gru_va_csim.log,905,A56239D239C57941271E41F8885E623C
reports/csim/fl_mod_w24_gru_va_csim.log,906,A1C79DADD6F0E34DCCC759D8FB3CF7FE
reports/csim/fl_mod_w8_gru_va_csim.log,948,DFD23B8AADFE4A0153C5217C81157A68
reports/csim/fl_mod_w9_gru_va_csim.log,949,0883E7DAEC341671A5D2820CC098D601
reports/csim/gt_max_w10_gru_va_csim.log,956,D326412CE9461D871F825CBE65280A26
reports/csim/gt_max_w11_gru_va_csim.log,955,446E1ECB8888B42BE42165287243306A
reports/csim/gt_max_w12_gru_va_csim.log,954,C4FD453AA8A4998CF14D1961CCAFB8EC
reports/csim/gt_max_w13_gru_va_csim.log,909,1F129BC3DBBDC71BC3CAC8C829730767
reports/csim/gt_max_w14_gru_va_csim.log,909,78804EFD7C66EDD870428AB5E66802EE
reports/csim/gt_max_w15_gru_va_csim.log,910,FFABFD2DF2A9CCBB7E50C2826B4A04A8
reports/csim/gt_max_w16_gru_va_csim.log,910,534CADD365FBB1C4CDD8EEA8695CF525
reports/csim/gt_max_w17_gru_va_csim.log,909,144C86F4D4F1D63BE5B4B75133EB1D6F
reports/csim/gt_max_w18_gru_va_csim.log,909,0BD2C4994797BF11010E717D5569FC76
reports/csim/gt_max_w19_gru_va_csim.log,910,98B881882DA38F72264F3EB5CBDD8B47
reports/csim/gt_max_w20_gru_va_csim.log,909,AB2439D8A6250B17DA4D3EA6DB2C72A7
reports/csim/gt_max_w21_gru_va_csim.log,909,69686B3B57777D7DA2C808B08E00B56B
reports/csim/gt_max_w22_gru_va_csim.log,910,6E81D326C039EC4F48770D0D2DFF053B
reports/csim/gt_max_w23_gru_va_csim.log,910,BB902C0EA9996BB3EF15857602D5A233
reports/csim/gt_max_w24_gru_va_csim.log,910,5D43A6A30BDCFCC609AE51A7C678F28E
reports/csim/gt_max_w8_gru_va_csim.log,953,414DB8CB5114653B006E9E357834831B
reports/csim/gt_max_w9_gru_va_csim.log,952,816AEB27CEE2ED9C3FE898FF38DFC279
reports/csim/gt_mod_w10_gru_va_csim.log,951,C2DF4A885AD5974F3030E2358B01896B
reports/csim/gt_mod_w11_gru_va_csim.log,950,B8F7C18A0FBFCA5B91CD1061D21CD045
reports/csim/gt_mod_w12_gru_va_csim.log,951,01FFAC872F21688E26109FB6B409AA9C
reports/csim/gt_mod_w13_gru_va_csim.log,905,7E4D3E85EE1BE25FA6EA66ABDE9D4ECF
reports/csim/gt_mod_w14_gru_va_csim.log,906,A722CAFB78DEADB88354CF981ED89A06
reports/csim/gt_mod_w15_gru_va_csim.log,906,0E942A9AB0AFE1F40E53710A00F5A4B3
reports/csim/gt_mod_w16_gru_va_csim.log,906,E36B199A6D324E0F44AE2355342D447C
reports/csim/gt_mod_w17_gru_va_csim.log,905,BAC58967C13DA713C93D3D34F982E148
reports/csim/gt_mod_w18_gru_va_csim.log,906,6CA12C51F1C2FE681BE4DD9932263936
reports/csim/gt_mod_w19_gru_va_csim.log,905,23C711B3275721325D2B78263FEC321B
reports/csim/gt_mod_w20_gru_va_csim.log,905,E0A4690FF52DC1017A85D6D3E7C92659
reports/csim/gt_mod_w21_gru_va_csim.log,906,E40681DBFCC280DBD0192B4093C4F5D7
reports/csim/gt_mod_w22_gru_va_csim.log,906,0A4584C1CD0197D8871A1203570E1C75
reports/csim/gt_mod_w23_gru_va_csim.log,906,F872C9D99E5F1EFB4EADC3DD150F6628
reports/csim/gt_mod_w24_gru_va_csim.log,905,B75CA94C7B654B0EDA92D9F0599B4AA4
reports/csim/gt_mod_w8_gru_va_csim.log,951,3C8372CF55DEB0C9C25A3F2A515EDFBF
reports/csim/gt_mod_w9_gru_va_csim.log,951,399A43542600FFAC94EF7BE7CF9CB04F
reports/csim/rodent_max_w10_gru_va_csim.log,962,B7531DD405CAFCC771D79EB20B2D8A4E
reports/csim/rodent_max_w11_gru_va_csim.log,965,2D1D38C8155003C9690372CCF8206C98
reports/csim/rodent_max_w12_gru_va_csim.log,964,5A3325D7429F5D5324300AA6855FF70C
reports/csim/rodent_max_w13_gru_va_csim.log,965,B97C4CBE42A06B19C88CABD3A801B9B9
reports/csim/rodent_max_w14_gru_va_csim.log,920,B803DAF453F7C149FF38F1CB5C5E5C5E
reports/csim/rodent_max_w15_gru_va_csim.log,919,021B4F152AE44116B296E2DA5D9ABEB0
reports/csim/rodent_max_w16_gru_va_csim.log,920,B10BBBC0F3E8F4E36C146BD3503FFC96
reports/csim/rodent_max_w17_gru_va_csim.log,919,F4DD96D24F53789DFAA253354584219C
reports/csim/rodent_max_w18_gru_va_csim.log,919,6253229E359BDC40E948DD7D5BF57A69
reports/csim/rodent_max_w19_gru_va_csim.log,918,8E4619C8D7C671CCA2CD636495CE620E
reports/csim/rodent_max_w20_gru_va_csim.log,920,620932AA9743F2B5114DF2CD0E15C5AE
reports/csim/rodent_max_w21_gru_va_csim.log,919,310BDEC0A212869B247A40C10AF15F3B
reports/csim/rodent_max_w22_gru_va_csim.log,919,2558ABE58709B4D0B10EA95045D83B22
reports/csim/rodent_max_w23_gru_va_csim.log,919,78819BACAF51E505BA52E59CD4C3BB10
reports/csim/rodent_max_w24_gru_va_csim.log,919,C8485265E1F87D22071154DDF4EAF9C0
reports/csim/rodent_max_w8_gru_va_csim.log,965,B906B2FBB0A080F1A02570A13F5D2C67
reports/csim/rodent_max_w9_gru_va_csim.log,964,3E3AE8C9CBC19E9B491A809182014284
reports/csim/rodent_mod_w10_gru_va_csim.log,966,53DAD2BEECEEB71D91B2646A21244C61
reports/csim/rodent_mod_w11_gru_va_csim.log,967,CDBBAC6E4B28B30EFFF6C3FC42C47544
reports/csim/rodent_mod_w12_gru_va_csim.log,967,EC363ED805659F8CD27B407B9CDE59CB
reports/csim/rodent_mod_w13_gru_va_csim.log,966,A684AF4080F207E5F672167F119C5FA0
reports/csim/rodent_mod_w14_gru_va_csim.log,921,7AE286448A4144B7FD4FDA00148B4554
reports/csim/rodent_mod_w15_gru_va_csim.log,921,F17B508F23FAA7FCA22B8A6F4699A062
reports/csim/rodent_mod_w16_gru_va_csim.log,921,BB92A76BAB9D6CFC29FBB0AAE7B5CCB5
reports/csim/rodent_mod_w17_gru_va_csim.log,921,FBFFA5282308EB4B90238C111B9E1955
reports/csim/rodent_mod_w18_gru_va_csim.log,921,F90393928D23F76E8B55B26050C95240
reports/csim/rodent_mod_w19_gru_va_csim.log,922,44D5501E72488309E2C84EF0B05A22EE
reports/csim/rodent_mod_w20_gru_va_csim.log,922,523A2E916551E5E0CEEE5515896F9991
reports/csim/rodent_mod_w21_gru_va_csim.log,922,D7731B87A85851F0B0EE9C720ED589C7
reports/csim/rodent_mod_w22_gru_va_csim.log,920,1414E44702D439561C80AC6011FEB5EA
reports/csim/rodent_mod_w23_gru_va_csim.log,921,254A0D2F7845DF31213375C19D1FE9B1
reports/csim/rodent_mod_w24_gru_va_csim.log,921,E29C6DEA2C177C0E5A764DB177DD0661
reports/csim/rodent_mod_w8_gru_va_csim.log,964,C507F5C3FF70BD546826E2A9484F681B
reports/csim/rodent_mod_w9_gru_va_csim.log,963,773EA25809A18EF32492EC24CDED9C96
reports/csim_filemode/rodent_max_w10_gtr2_filemode_csim.log,753,06FE1EF671C3557F5BF1403F9D7D10AB
reports/csim_filemode/rodent_max_w10_gtr4sg_filemode_csim.log,755,7810371C55D02CB74AEB83C81402009C
reports/csim_filemode/rodent_max_w10_nam_filemode_csim.log,750,68BAE65D9FE5C07B02681A857A99263A
reports/csim_filemode/rodent_max_w10_prvtgtr_filemode_csim.log,756,84B356D7E28CC0B2C85AE067A3BEC98C
reports/csim_filemode/rodent_max_w10_ytbass_filemode_csim.log,755,031191624C1989022D02384864820843
reports/csim_filemode/rodent_max_w11_gtr2_filemode_csim.log,753,D5BD4A4DA6666794F47E98A9F1CA012E
reports/csim_filemode/rodent_max_w11_gtr4sg_filemode_csim.log,755,F048639E58F3CFB7A325CADF12189C06
reports/csim_filemode/rodent_max_w11_nam_filemode_csim.log,750,E4C6A0110E06D9AD5C83C478ED57FB37
reports/csim_filemode/rodent_max_w11_prvtgtr_filemode_csim.log,756,8138B3090743357876EE230E74627B54
reports/csim_filemode/rodent_max_w11_ytbass_filemode_csim.log,755,98A7BEB3A072EE3B10BF992F7E598B65
reports/csim_filemode/rodent_max_w12_gtr2_filemode_csim.log,753,DD0DB0B990F808C35F9163477F5F1630
reports/csim_filemode/rodent_max_w12_gtr4sg_filemode_csim.log,755,A81E641588615992AB61DB07874017D7
reports/csim_filemode/rodent_max_w12_nam_filemode_csim.log,750,22BD41905EDE86AE7DDBCFE6E74254C7
reports/csim_filemode/rodent_max_w12_prvtgtr_filemode_csim.log,756,E169E6067CCC89C8F5C606E6D44D8278
reports/csim_filemode/rodent_max_w12_ytbass_filemode_csim.log,755,F38FF6555AC81934D5E1130DD4F12DCD
reports/csim_filemode/rodent_max_w13_gtr2_filemode_csim.log,753,EAB5DC67E84C88E76878513A74F85694
reports/csim_filemode/rodent_max_w13_gtr4sg_filemode_csim.log,755,EC915687B862561ABA518B45DF542DBD
reports/csim_filemode/rodent_max_w13_nam_filemode_csim.log,750,3AEA56B8DE807FBEF87915231F9DA5ED
reports/csim_filemode/rodent_max_w13_prvtgtr_filemode_csim.log,756,9BD69C65BDA82383917470719B309E7D
reports/csim_filemode/rodent_max_w13_ytbass_filemode_csim.log,755,AB2BE98AD6C1ED5799EA418841158ECA
reports/csim_filemode/rodent_max_w14_gtr2_filemode_csim.log,753,A8B9D97D56674B0D52881A6622816569
reports/csim_filemode/rodent_max_w14_gtr4sg_filemode_csim.log,755,C9D1A9E3CD94E53EC1F201515E40BFD8
reports/csim_filemode/rodent_max_w14_nam_filemode_csim.log,750,D672CDA81619B94D4064A8DB734459BB
reports/csim_filemode/rodent_max_w14_prvtgtr_filemode_csim.log,756,FAC5F7BB018B57536263737461E9C517
reports/csim_filemode/rodent_max_w14_ytbass_filemode_csim.log,755,6A17FF250797943B2C0097AB996B7A6E
reports/csim_filemode/rodent_max_w15_gtr2_filemode_csim.log,753,754D32446D7C1B610DFCACA9D6D28C7F
reports/csim_filemode/rodent_max_w15_gtr4sg_filemode_csim.log,755,0FF376B267BE4DE9BC2CDF7C22C8758C
reports/csim_filemode/rodent_max_w15_nam_filemode_csim.log,750,4AC7173BE063DFC7AE431EFC9D7EC5F6
reports/csim_filemode/rodent_max_w15_prvtgtr_filemode_csim.log,756,C886175113968069AA3C54B6985F63D3
reports/csim_filemode/rodent_max_w15_ytbass_filemode_csim.log,755,5C5C79FF2D1DFE9F394B733C5A62450D
reports/csim_filemode/rodent_max_w16_gtr2_filemode_csim.log,753,4D7B4047D5E69F02066DD4E3E8F679D4
reports/csim_filemode/rodent_max_w16_gtr4sg_filemode_csim.log,755,E4D6133893AD120D7EBEF77885075BF1
reports/csim_filemode/rodent_max_w16_nam_filemode_csim.log,750,9F582D1BC12A7E6F4A7F0460FAA5AA86
reports/csim_filemode/rodent_max_w16_prvtgtr_filemode_csim.log,756,C90E8F8CB75E06E40540B768BB95CA0E
reports/csim_filemode/rodent_max_w16_ytbass_filemode_csim.log,755,8747D8EE4D2AD82DF69800F1FA79CC5D
reports/csim_filemode/rodent_max_w17_gtr2_filemode_csim.log,753,7C8A649CAC19AFCB257C7DDF4FC3FC57
reports/csim_filemode/rodent_max_w17_gtr4sg_filemode_csim.log,755,FF73E356A9D0C6EEEE3B333080FFEC66
reports/csim_filemode/rodent_max_w17_nam_filemode_csim.log,750,9E1F54742283E5DC1CB6D55C99C83993
reports/csim_filemode/rodent_max_w17_prvtgtr_filemode_csim.log,756,5D76311E150C0984EF8B9D948B44F3F2
reports/csim_filemode/rodent_max_w17_ytbass_filemode_csim.log,755,29343CE27D0FD566FC1B461754DAF54B
reports/csim_filemode/rodent_max_w18_gtr2_filemode_csim.log,753,81AAD71EF7F13A38C8BD42729310BA13
reports/csim_filemode/rodent_max_w18_gtr4sg_filemode_csim.log,755,9F0E84951DE7D261BED2C4B917890716
reports/csim_filemode/rodent_max_w18_nam_filemode_csim.log,750,A2F3F22091653B5AD918805F3297A169
reports/csim_filemode/rodent_max_w18_prvtgtr_filemode_csim.log,756,E98CEF3CB94A6267FBC590BA68CFBD76
reports/csim_filemode/rodent_max_w18_ytbass_filemode_csim.log,755,618BC5B8A05B3AD26CDAE450A6F6D914
reports/csim_filemode/rodent_max_w19_gtr2_filemode_csim.log,753,C42ADD2A679F865123A5242E5906A3F5
reports/csim_filemode/rodent_max_w19_gtr4sg_filemode_csim.log,755,72AC8C37184DE97FF904A751310BF912
reports/csim_filemode/rodent_max_w19_nam_filemode_csim.log,750,47B8C832F9907329231ABFF8440519BA
reports/csim_filemode/rodent_max_w19_prvtgtr_filemode_csim.log,756,CEBC82CD3E1A2D7E03878BF443410195
reports/csim_filemode/rodent_max_w19_ytbass_filemode_csim.log,755,5DFFA9E79F4B603A13362E6C279E07F1
reports/csim_filemode/rodent_max_w20_gtr2_filemode_csim.log,753,46568A89A8279C4140566E383E875BFC
reports/csim_filemode/rodent_max_w20_gtr4sg_filemode_csim.log,755,62B9132437FAFB94B075FD873A7D87C4
reports/csim_filemode/rodent_max_w20_nam_filemode_csim.log,750,F0D33B28F4A55AF73BE5F4D9FBBBD679
reports/csim_filemode/rodent_max_w20_prvtgtr_filemode_csim.log,756,C3FB065FDF90BD8B3B8E753EA0A1E462
reports/csim_filemode/rodent_max_w20_ytbass_filemode_csim.log,755,5F005C3474C3B1011A9E29F21C3CFE2D
reports/csim_filemode/rodent_max_w21_gtr2_filemode_csim.log,753,4C72A31FBCC01437323BA945BB561850
reports/csim_filemode/rodent_max_w21_gtr4sg_filemode_csim.log,755,426A56103E0E340D713958C032155D7B
reports/csim_filemode/rodent_max_w21_nam_filemode_csim.log,750,6A9B866D800ABD010158046C860F2F1C
reports/csim_filemode/rodent_max_w21_prvtgtr_filemode_csim.log,756,8C45477883E133A04854C06109C52F0C
reports/csim_filemode/rodent_max_w21_ytbass_filemode_csim.log,755,E1E8F2354573189A1B56E8BB3B1A6B02
reports/csim_filemode/rodent_max_w22_gtr2_filemode_csim.log,753,5B591E1E8727B9EB37942F0233E189B7
reports/csim_filemode/rodent_max_w22_gtr4sg_filemode_csim.log,755,2F822EA66CF4BE41A316462A327C8364
reports/csim_filemode/rodent_max_w22_nam_filemode_csim.log,750,8D2DBFD9BB13DEA2FE657B646E33B9DE
reports/csim_filemode/rodent_max_w22_prvtgtr_filemode_csim.log,756,1A4EEF6443EF56970DE8AB1A13E0118C
reports/csim_filemode/rodent_max_w22_ytbass_filemode_csim.log,755,ACEED3FB2A68B4EA1F91A3FD37CD7C24
reports/csim_filemode/rodent_max_w23_gtr2_filemode_csim.log,753,0DDF4FFF32109DA8406B498799E6877F
reports/csim_filemode/rodent_max_w23_gtr4sg_filemode_csim.log,755,5E9D553EE5F266E9C25D9AE50275FEF9
reports/csim_filemode/rodent_max_w23_nam_filemode_csim.log,750,DC296EEABBBEE1E51C35898A5C22D6E3
reports/csim_filemode/rodent_max_w23_prvtgtr_filemode_csim.log,756,58CD02572230056D76740F2A535A9859
reports/csim_filemode/rodent_max_w23_ytbass_filemode_csim.log,755,1FFB3C1F5E6E19E36A778ABFA4FAD843
reports/csim_filemode/rodent_max_w24_gtr2_filemode_csim.log,753,886BAEA81E18F3455392801DD1E66EFB
reports/csim_filemode/rodent_max_w24_gtr4sg_filemode_csim.log,755,6A4E9926AB14A58FA1A555EB1F048418
reports/csim_filemode/rodent_max_w24_nam_filemode_csim.log,750,DFF7C23B05A55995614E3B682C59D414
reports/csim_filemode/rodent_max_w24_prvtgtr_filemode_csim.log,756,F583304BC0EA1377A050F1D28BF1A2AA
reports/csim_filemode/rodent_max_w24_ytbass_filemode_csim.log,755,F1F5C3AE7751E18B0D6ED7052E4A7C11
reports/csim_filemode/rodent_max_w8_gtr2_filemode_csim.log,750,846964101E7813BB19C53A9D09B1C2DA
reports/csim_filemode/rodent_max_w8_gtr4sg_filemode_csim.log,752,A7976C037CBD760D1F29BDEDCD08D542
reports/csim_filemode/rodent_max_w8_nam_filemode_csim.log,747,D67C4AA6F88AF9FBAB3556C7C95F749E
reports/csim_filemode/rodent_max_w8_prvtgtr_filemode_csim.log,753,D2690FE8D9E07EFEC9E100BD514E0F03
reports/csim_filemode/rodent_max_w8_ytbass_filemode_csim.log,752,55CEBD40A942F970F356F9A7BE1AFB28
reports/csim_filemode/rodent_max_w9_gtr2_filemode_csim.log,750,5878E1A11582DADE2CED4C648556CD1D
reports/csim_filemode/rodent_max_w9_gtr4sg_filemode_csim.log,752,C6E0DB141FA0FBC0863062879AF46263
reports/csim_filemode/rodent_max_w9_nam_filemode_csim.log,747,5C2C148EFF9F362503718A884985AFF2
reports/csim_filemode/rodent_max_w9_prvtgtr_filemode_csim.log,753,128075115F2849265D2EB6D49FC0F36A
reports/csim_filemode/rodent_max_w9_ytbass_filemode_csim.log,752,92770FD93D3E8B71D9E510F01AE5D726
reports/csim_wext/rodent_max_w28_acc40_csim.log,1170,7851D3709D7CBD7ABD48A01156942BE9
reports/csim_wext/rodent_max_w28_wext_probe_csim.log,1164,BFD93965E54C413F2368CC3E442B7405
reports/csim_wext/rodent_max_w32_wext_probe_csim.log,1164,2C679722107657F3277B5084207374C0
reports/csynth/fl_max_w10_csynth.rpt,227823,37D169F42AB1CB887254F30AA8F0C79E
reports/csynth/fl_max_w10_csynth_design_size.rpt,6698,D96197D8F4939AD8AF93894F6536C7FA
reports/csynth/fl_max_w10_gru_va_Pipeline_HIDDEN_LOOP_csynth.rpt,204299,C8BEABB5EDD7A6EC598C8C4CFDF1D4AA
reports/csynth/fl_max_w10_gru_va_csynth.rpt,52649,35CC7FA07031CDE2852DB7A9B4A70ED2
reports/csynth/fl_max_w10_mac3_csynth.rpt,4645,969B027DCEA89D5F67A7115E37968F90
reports/csynth/fl_max_w11_csynth.rpt,230077,995ACD4616D6E4FC3B9E3BD996041840
reports/csynth/fl_max_w11_csynth_design_size.rpt,6698,D96197D8F4939AD8AF93894F6536C7FA
reports/csynth/fl_max_w11_gru_va_Pipeline_HIDDEN_LOOP_csynth.rpt,207873,403A780457D95F8896EC1BE5D70EA4EF
reports/csynth/fl_max_w11_gru_va_csynth.rpt,52560,ED2864F543C2E1DCAA86C861FDD5D768
reports/csynth/fl_max_w11_mac3_csynth.rpt,4645,91D6459310FE6C3BF9039FF0BCB23152
reports/csynth/fl_max_w12_csynth.rpt,230077,3D9A73FFCB01E5A45D9E5069D989F671
reports/csynth/fl_max_w12_csynth_design_size.rpt,6698,D96197D8F4939AD8AF93894F6536C7FA
reports/csynth/fl_max_w12_gru_va_Pipeline_HIDDEN_LOOP_csynth.rpt,207873,B3663E7837822433C81A81DFA1370205
reports/csynth/fl_max_w12_gru_va_csynth.rpt,52560,4DDFD6F1BA47D81DB89552F722EF9DA2
reports/csynth/fl_max_w12_mac3_csynth.rpt,4645,CE80452B03A10037F29B2794C90F557A
reports/csynth/fl_max_w13_csynth.rpt,230335,D340FD324A942CB32C2885D00E2D569B
reports/csynth/fl_max_w13_csynth_design_size.rpt,6698,D96197D8F4939AD8AF93894F6536C7FA
reports/csynth/fl_max_w13_gru_va_Pipeline_HIDDEN_LOOP_csynth.rpt,208132,3E5245B76265513250AC496F9378A3A7
reports/csynth/fl_max_w13_gru_va_csynth.rpt,52560,E50AA3FD8D645582F2B5C4EE63102FB6
reports/csynth/fl_max_w13_mac3_csynth.rpt,4645,58EA92F7A722D34EE4437A85DFC573FB
reports/csynth/fl_max_w14_csynth.rpt,245231,D2DAACCDCDD81654267D7F471AA3D683
reports/csynth/fl_max_w14_csynth_design_size.rpt,6698,148DFA26455804F5DF53DF53811BEEC9
reports/csynth/fl_max_w14_gru_va_Pipeline_HIDDEN_LOOP_csynth.rpt,212149,A8D9A09CD216438651F780FFD8F970A9
reports/csynth/fl_max_w14_gru_va_csynth.rpt,52560,CAC86E0C5A71F2B4959E40C856C7A4D6
reports/csynth/fl_max_w14_mac3_csynth.rpt,6697,A1614B93AD3DF413E0EAE68479EF4FD3
reports/csynth/fl_max_w15_csynth.rpt,261615,8D6E1CA4AB2D7B148CD99D9D495B6D42
reports/csynth/fl_max_w15_csynth_design_size.rpt,6698,ABECDADDAF3F7C86579C3D18CB195655
reports/csynth/fl_max_w15_gru_va_Pipeline_HIDDEN_LOOP_csynth.rpt,213416,367BE3CD15DF2A58026743C910B8D461
reports/csynth/fl_max_w15_gru_va_csynth.rpt,52560,D05D2222A0F41DB5490D2A3A5534E259
reports/csynth/fl_max_w15_mac3_csynth.rpt,7373,E821182FBDAF1B40BC10275B1C99744D
reports/csynth/fl_max_w16_csynth.rpt,261615,EB15D641052EDEB9449ACD7EDBE02237
reports/csynth/fl_max_w16_csynth_design_size.rpt,6698,17BDB246E5C326A2ACB778BA020F4FFE
reports/csynth/fl_max_w16_gru_va_Pipeline_HIDDEN_LOOP_csynth.rpt,213570,E006C97F07EE1A6B94D4663146CE449D
reports/csynth/fl_max_w16_gru_va_csynth.rpt,52738,D91028B5262E9B47CA4791DAC567EDE5
reports/csynth/fl_max_w16_mac3_csynth.rpt,7373,957E079BB664BAE5EA811E0404C2EB22
reports/csynth/fl_max_w17_csynth.rpt,261615,9C9626BC2B6BECFFE89EEDCD08367F16
reports/csynth/fl_max_w17_csynth_design_size.rpt,6698,65F112BA9A56651F3F38772E64D66E05
reports/csynth/fl_max_w17_gru_va_Pipeline_HIDDEN_LOOP_csynth.rpt,213570,E654530E58B03EBBC39D4CF4A6E59217
reports/csynth/fl_max_w17_gru_va_csynth.rpt,52738,9CFE515E92CA9CF42C195CDB2428EE35
reports/csynth/fl_max_w17_mac3_csynth.rpt,7373,5BA29A942C45D5866569D65CE9B0D112
reports/csynth/fl_max_w18_csynth.rpt,261615,8E442E0FCD6DCF0B3BAEB7D0FF8424DF
reports/csynth/fl_max_w18_csynth_design_size.rpt,6698,65F112BA9A56651F3F38772E64D66E05
reports/csynth/fl_max_w18_gru_va_Pipeline_HIDDEN_LOOP_csynth.rpt,213570,12F06AD93F1FEA8F1D6BCF0B3F66C2F5
reports/csynth/fl_max_w18_gru_va_csynth.rpt,52738,642CA0217CCF92DD984565442A45B8D3
reports/csynth/fl_max_w18_mac3_csynth.rpt,7373,67295D3FC07DC35737E13E9AC76161B8
reports/csynth/fl_max_w19_csynth.rpt,261615,60CF3C1522AAFCA94BE5793BFB346684
reports/csynth/fl_max_w19_csynth_design_size.rpt,6698,65F112BA9A56651F3F38772E64D66E05
reports/csynth/fl_max_w19_gru_va_Pipeline_HIDDEN_LOOP_csynth.rpt,213570,BB746DB1CC6CAAD52E12588B16E398F0
reports/csynth/fl_max_w19_gru_va_csynth.rpt,52738,5A5CF95814E06BA7FCC4D9CCDDC3C6BE
reports/csynth/fl_max_w19_mac3_csynth.rpt,7373,0EDE1CB4A6434BED1B9B7494F32A18C1
reports/csynth/fl_max_w20_csynth.rpt,260927,501F28E24882784567BB321E26CF1B73
reports/csynth/fl_max_w20_csynth_design_size.rpt,6698,4BCE1AC843DF9E5E03A1CD9E23F5CCD1
reports/csynth/fl_max_w20_gru_va_Pipeline_HIDDEN_LOOP_csynth.rpt,212821,750F5B91942E55FEE080C54268802254
reports/csynth/fl_max_w20_gru_va_csynth.rpt,52754,48A46A80D1CCED329FF164E03D9F3B0F
reports/csynth/fl_max_w20_mac3_csynth.rpt,7373,F8A00DC640EAE97D3AD768D7720A235C
reports/csynth/fl_max_w21_csynth.rpt,260620,EA0B05D3E918BB088483D9C38DE19BA5
reports/csynth/fl_max_w21_csynth_design_size.rpt,6698,3EABE1CD0150DD962F283537E455A744
reports/csynth/fl_max_w21_gru_va_Pipeline_HIDDEN_LOOP_csynth.rpt,212457,1891B61E01289597E3F48114FD08A01D
reports/csynth/fl_max_w21_gru_va_csynth.rpt,52754,F2DB0EED091DF15A196E8D4C91361A83
reports/csynth/fl_max_w21_mac3_csynth.rpt,7373,B090476D733E692C13E6928351C14561
reports/csynth/fl_max_w22_csynth.rpt,254476,342862D5917611E6DAF343E4DE2F642C
reports/csynth/fl_max_w22_csynth_design_size.rpt,6698,A3A4DC45FB67BF0B741AB3919BA74716
reports/csynth/fl_max_w22_gru_va_Pipeline_HIDDEN_LOOP_csynth.rpt,206318,F6F84541921E3D06B999443BE222919A
reports/csynth/fl_max_w22_gru_va_csynth.rpt,52754,DDBC3AF2CD22E2EFCF98B29E2D36F472
reports/csynth/fl_max_w22_mac3_csynth.rpt,7373,9B3BDCDD69A23192B28604FC7718FE09
reports/csynth/fl_max_w23_csynth.rpt,252428,1C535B26697B5C0609B89C3B5E142D42
reports/csynth/fl_max_w23_csynth_design_size.rpt,6698,0FEF1F1EE1593FE0CEBB50899A693D16
reports/csynth/fl_max_w23_gru_va_Pipeline_HIDDEN_LOOP_csynth.rpt,205478,8D4D02D1F12A0A546581DB9BD716ED68
reports/csynth/fl_max_w23_gru_va_csynth.rpt,52754,87DACCDD0D1F2D02C721342E3F4321AB
reports/csynth/fl_max_w23_mac3_csynth.rpt,7373,1BBA5224CE79675FC6B9492859889F70
reports/csynth/fl_max_w24_csynth.rpt,253708,067065E2DA6C2BB1CBCBA2364DD2072D
reports/csynth/fl_max_w24_csynth_design_size.rpt,6698,B4BDF1D60A19956E387F90FB41232507
reports/csynth/fl_max_w24_gru_va_Pipeline_HIDDEN_LOOP_csynth.rpt,206465,234D2CF6B713B5D79CD187A02CE81E12
reports/csynth/fl_max_w24_gru_va_csynth.rpt,52754,336899222E688211E35A03CE9EDC9151
reports/csynth/fl_max_w24_mac3_csynth.rpt,7373,9E1E2FF9AB2778C0EF80BCCF2B4F29F1
reports/csynth/fl_max_w8_csynth.rpt,227054,49EB8C99B091DC6F1BF955BA910A807D
reports/csynth/fl_max_w8_csynth_design_size.rpt,6698,863E73AFF826EE1F1AB1C1509688CB6E
reports/csynth/fl_max_w8_gru_va_Pipeline_HIDDEN_LOOP_csynth.rpt,207641,EBAC44451868C6B9F828149850CCE31F
reports/csynth/fl_max_w8_gru_va_csynth.rpt,52268,F7D205D929C038B71017BC67C9180E14
reports/csynth/fl_max_w8_mac3_csynth.rpt,4608,9DBACA22BE687C20A801F2F2B5CB2420
reports/csynth/fl_max_w9_csynth.rpt,227822,6ADA4A70E21190B8C9AD6754290EEC31
reports/csynth/fl_max_w9_csynth_design_size.rpt,6698,D96197D8F4939AD8AF93894F6536C7FA
reports/csynth/fl_max_w9_gru_va_Pipeline_HIDDEN_LOOP_csynth.rpt,204202,F9BD625F386C4DB889F183BF79016C7E
reports/csynth/fl_max_w9_gru_va_csynth.rpt,52648,F471ED62C5CB7B3F0F28EABD80B525FC
reports/csynth/fl_max_w9_mac3_csynth.rpt,4608,B0BD5094B387E83C463D5DD1A10AD437
reports/csynth/fl_mod_w10_csynth.rpt,229303,E80298314644D99D6297C2ADC864D651
reports/csynth/fl_mod_w10_csynth_design_size.rpt,6698,D96197D8F4939AD8AF93894F6536C7FA
reports/csynth/fl_mod_w10_gru_va_Pipeline_HIDDEN_LOOP_csynth.rpt,204622,A51520D5A4010AC1E8A6C6F39E49C2DE
reports/csynth/fl_mod_w10_gru_va_csynth.rpt,52649,BA2777145A59FD6CD0F17B5A6592B393
reports/csynth/fl_mod_w10_mac3_csynth.rpt,4645,4E0B12575F7EF933E67F00954E26D551
reports/csynth/fl_mod_w11_csynth.rpt,230077,C78A5C43159E3777D9199276568692C2
reports/csynth/fl_mod_w11_csynth_design_size.rpt,6698,D96197D8F4939AD8AF93894F6536C7FA
reports/csynth/fl_mod_w11_gru_va_Pipeline_HIDDEN_LOOP_csynth.rpt,208045,24F387552B1B899A18B90872F381C072
reports/csynth/fl_mod_w11_gru_va_csynth.rpt,52560,420B977E29841D39869260E9B568414F
reports/csynth/fl_mod_w11_mac3_csynth.rpt,4645,6FED60C874641BD2AE10359FCEAA9BB2
reports/csynth/fl_mod_w12_csynth.rpt,230077,6CFBC1A808338EC920EAADA7E8AFA342
reports/csynth/fl_mod_w12_csynth_design_size.rpt,6698,D96197D8F4939AD8AF93894F6536C7FA
reports/csynth/fl_mod_w12_gru_va_Pipeline_HIDDEN_LOOP_csynth.rpt,208045,BD0B3B1D261868E750BF6BFB4493502D
reports/csynth/fl_mod_w12_gru_va_csynth.rpt,52560,A99D2849B1739C1FC85E45BDEAC01B8C
reports/csynth/fl_mod_w12_mac3_csynth.rpt,4645,FCE12A7B910FFA2EE46131E6EDBA6552
reports/csynth/fl_mod_w13_csynth.rpt,230335,E5B98665D40A4493C24D50438FD4D38F
reports/csynth/fl_mod_w13_csynth_design_size.rpt,6698,D96197D8F4939AD8AF93894F6536C7FA
reports/csynth/fl_mod_w13_gru_va_Pipeline_HIDDEN_LOOP_csynth.rpt,208304,F8405B0ACCEB8ADC897B0A6A4FD11BA1
reports/csynth/fl_mod_w13_gru_va_csynth.rpt,52560,3A707D0EEA4442BA37D242BAB22FEC48
reports/csynth/fl_mod_w13_mac3_csynth.rpt,4645,98FD2D3CC11894E4903026EDA8AD336C
reports/csynth/fl_mod_w14_csynth.rpt,245231,CF5D6986D99EC9E700251BCBDD95DF70
reports/csynth/fl_mod_w14_csynth_design_size.rpt,6698,148DFA26455804F5DF53DF53811BEEC9
reports/csynth/fl_mod_w14_gru_va_Pipeline_HIDDEN_LOOP_csynth.rpt,212321,7DA6D4E67A1D630620F61CBC2C263D7F
reports/csynth/fl_mod_w14_gru_va_csynth.rpt,52560,EFBB0AA0F7B38179F69D59475FD7418F
reports/csynth/fl_mod_w14_mac3_csynth.rpt,6697,7EA3B22DB1EBF8546C01DD2EA653C3FC
reports/csynth/fl_mod_w15_csynth.rpt,261615,5184C3CCDFE69A7341888D20291EF1F9
reports/csynth/fl_mod_w15_csynth_design_size.rpt,6698,ABECDADDAF3F7C86579C3D18CB195655
reports/csynth/fl_mod_w15_gru_va_Pipeline_HIDDEN_LOOP_csynth.rpt,213588,623423B135C230940916009075D086D9
reports/csynth/fl_mod_w15_gru_va_csynth.rpt,52560,684E74B9C9891FBF5F6668AEC87F7931
reports/csynth/fl_mod_w15_mac3_csynth.rpt,7373,58F062B3FD6DB3607C2461CED158F6EF
reports/csynth/fl_mod_w16_csynth.rpt,261615,14EB6050BA45298A1A8B9CB39D3F88AF
reports/csynth/fl_mod_w16_csynth_design_size.rpt,6698,17BDB246E5C326A2ACB778BA020F4FFE
reports/csynth/fl_mod_w16_gru_va_Pipeline_HIDDEN_LOOP_csynth.rpt,213742,E20E21D20A7039CEF3CAEB54838C750F
reports/csynth/fl_mod_w16_gru_va_csynth.rpt,52738,9475A6B93C213F65B3EF9FEE7B3EDBED
reports/csynth/fl_mod_w16_mac3_csynth.rpt,7373,6DA5E3373F07DA01FB8A46599A50E98F
reports/csynth/fl_mod_w17_csynth.rpt,261615,3FA2EE6EE69803F93A5A18FC1F5F4C3E
reports/csynth/fl_mod_w17_csynth_design_size.rpt,6698,65F112BA9A56651F3F38772E64D66E05
reports/csynth/fl_mod_w17_gru_va_Pipeline_HIDDEN_LOOP_csynth.rpt,213742,5A238414F8F34B34A50A3CF2E8A9B29C
reports/csynth/fl_mod_w17_gru_va_csynth.rpt,52738,EDC93C3A87C98DE291E989F9DCFB4AED
reports/csynth/fl_mod_w17_mac3_csynth.rpt,7373,1684F964A07F6703031634364788840A
reports/csynth/fl_mod_w18_csynth.rpt,261615,1458A1D53DB097BB1BA2F0E4B961B7B9
reports/csynth/fl_mod_w18_csynth_design_size.rpt,6698,65F112BA9A56651F3F38772E64D66E05
reports/csynth/fl_mod_w18_gru_va_Pipeline_HIDDEN_LOOP_csynth.rpt,213742,6B9A4E00A5885B1B7B8D428A5675A1B9
reports/csynth/fl_mod_w18_gru_va_csynth.rpt,52738,883A34ACC35A980AA53424C82F85FD2A
reports/csynth/fl_mod_w18_mac3_csynth.rpt,7373,71C8F1D9538733A4ADFDE13E365B96A9
reports/csynth/fl_mod_w19_csynth.rpt,261615,EF290EF6C71AC213103E6F9F84EBAF12
reports/csynth/fl_mod_w19_csynth_design_size.rpt,6698,65F112BA9A56651F3F38772E64D66E05
reports/csynth/fl_mod_w19_gru_va_Pipeline_HIDDEN_LOOP_csynth.rpt,213742,690AAC65C357F6D6E1EE5E68A901ADFC
reports/csynth/fl_mod_w19_gru_va_csynth.rpt,52738,9188410E16BE2960C2DDF5311E6D1A88
reports/csynth/fl_mod_w19_mac3_csynth.rpt,7373,B1CE464216D56A1D23CDF12F170AA904
reports/csynth/fl_mod_w20_csynth.rpt,260927,AABC827459376839E45B6E0D674541D8
reports/csynth/fl_mod_w20_csynth_design_size.rpt,6698,4BCE1AC843DF9E5E03A1CD9E23F5CCD1
reports/csynth/fl_mod_w20_gru_va_Pipeline_HIDDEN_LOOP_csynth.rpt,212993,EE2BEC88E98845DDE3DCC7041088E36D
reports/csynth/fl_mod_w20_gru_va_csynth.rpt,52754,44960997297132E419CC7BB532C3D6BA
reports/csynth/fl_mod_w20_mac3_csynth.rpt,7373,5B6D53678CDDD43752329EE997089191
reports/csynth/fl_mod_w21_csynth.rpt,260620,5883F1AD388F36F6067C85513A518896
reports/csynth/fl_mod_w21_csynth_design_size.rpt,6698,3EABE1CD0150DD962F283537E455A744
reports/csynth/fl_mod_w21_gru_va_Pipeline_HIDDEN_LOOP_csynth.rpt,212629,83313E24F69736AF00BE73BF77F86724
reports/csynth/fl_mod_w21_gru_va_csynth.rpt,52754,08D7B26F8BDE8EAE4F36F302B22A4F45
reports/csynth/fl_mod_w21_mac3_csynth.rpt,7373,B813744B0B764260F4E52A913AB3CC8F
reports/csynth/fl_mod_w22_csynth.rpt,254476,DE2993325ADBA6FAB722E855076E19FE
reports/csynth/fl_mod_w22_csynth_design_size.rpt,6698,A3A4DC45FB67BF0B741AB3919BA74716
reports/csynth/fl_mod_w22_gru_va_Pipeline_HIDDEN_LOOP_csynth.rpt,206490,93EB2EA6BA8968CDC78AD5A74C7D2860
reports/csynth/fl_mod_w22_gru_va_csynth.rpt,52754,286418BCE790E2054EA50A1683A8B106
reports/csynth/fl_mod_w22_mac3_csynth.rpt,7373,19901D0E0DBBD271623E0954B6DDEEBD
reports/csynth/fl_mod_w23_csynth.rpt,252428,5CC9958046885490C44C9EAA50211123
reports/csynth/fl_mod_w23_csynth_design_size.rpt,6698,0FEF1F1EE1593FE0CEBB50899A693D16
reports/csynth/fl_mod_w23_gru_va_Pipeline_HIDDEN_LOOP_csynth.rpt,205650,B1BFC9EF67C7A2FFF5FB747FC7245809
reports/csynth/fl_mod_w23_gru_va_csynth.rpt,52754,DBF24C4E8097D1AAFD6B5C57D8090D5C
reports/csynth/fl_mod_w23_mac3_csynth.rpt,7373,D1C0D223FD58D1DE558E1CFB20F661D7
reports/csynth/fl_mod_w24_csynth.rpt,253708,3A1FAE43DB768C81F4BBC13FE18783FA
reports/csynth/fl_mod_w24_csynth_design_size.rpt,6698,B4BDF1D60A19956E387F90FB41232507
reports/csynth/fl_mod_w24_gru_va_Pipeline_HIDDEN_LOOP_csynth.rpt,206637,451A65C262B64DB07E2A18FF3B205AA3
reports/csynth/fl_mod_w24_gru_va_csynth.rpt,52754,BE146DE30C85B6CFCB1A6FE20D0F3D56
reports/csynth/fl_mod_w24_mac3_csynth.rpt,7373,E4022CD76509EB7B38BB9E37B80D0187
reports/csynth/fl_mod_w8_csynth.rpt,227822,58A2D958EA434AE591612A16E57EF5B9
reports/csynth/fl_mod_w8_csynth_design_size.rpt,6698,39FB1050EDB2BBE162FC0C7AAE7A9A01
reports/csynth/fl_mod_w8_gru_va_Pipeline_HIDDEN_LOOP_csynth.rpt,207813,41ECFC17C296CDC5613CE15B76F038FF
reports/csynth/fl_mod_w8_gru_va_csynth.rpt,52826,5CF469D879D32F154E3AC17C961D9CA7
reports/csynth/fl_mod_w8_mac3_csynth.rpt,4608,0718580673588616F96EF1BED8576D53
reports/csynth/fl_mod_w9_csynth.rpt,227822,7B9408C1930DC5F716618FC648F148D2
reports/csynth/fl_mod_w9_csynth_design_size.rpt,6698,D96197D8F4939AD8AF93894F6536C7FA
reports/csynth/fl_mod_w9_gru_va_Pipeline_HIDDEN_LOOP_csynth.rpt,204374,BE094C2F4869938B46BF17FBD23EAD69
reports/csynth/fl_mod_w9_gru_va_csynth.rpt,52648,88FB9EF3B15B3AD3A278608D70D3A0B7
reports/csynth/fl_mod_w9_mac3_csynth.rpt,4608,FB50672FBCF04F7E24C4C9A3D73DA4EE
reports/csynth/gt_max_w10_csynth.rpt,227823,8029D87624EABA92491982F796635585
reports/csynth/gt_max_w10_csynth_design_size.rpt,6698,D96197D8F4939AD8AF93894F6536C7FA
reports/csynth/gt_max_w10_gru_va_Pipeline_HIDDEN_LOOP_csynth.rpt,204608,B522E577CCFB8A4D3E3867D3A2CF9474
reports/csynth/gt_max_w10_gru_va_csynth.rpt,52649,73C85398A0EA832559659B866ACB7B4B
reports/csynth/gt_max_w10_mac3_csynth.rpt,4645,9C7F1B428AB69872B48318ED10633BB1
reports/csynth/gt_max_w11_csynth.rpt,230077,FC789C87098367DA33712D44F7E7476F
reports/csynth/gt_max_w11_csynth_design_size.rpt,6698,D96197D8F4939AD8AF93894F6536C7FA
reports/csynth/gt_max_w11_gru_va_Pipeline_HIDDEN_LOOP_csynth.rpt,208045,3EA3C87AFE4DD59AEC34BC0CD09AF0C8
reports/csynth/gt_max_w11_gru_va_csynth.rpt,52560,ABDB7AEB1FBFA90BBCB802AD1973ADB1
reports/csynth/gt_max_w11_mac3_csynth.rpt,4645,C47E4652F746AB8DFEA5A80A923F08B9
reports/csynth/gt_max_w12_csynth.rpt,230077,42E440DFE1D6E374F1FBB465E639AD14
reports/csynth/gt_max_w12_csynth_design_size.rpt,6698,D96197D8F4939AD8AF93894F6536C7FA
reports/csynth/gt_max_w12_gru_va_Pipeline_HIDDEN_LOOP_csynth.rpt,208045,9059C4E8853DBCEEFBBA49013E53F578
reports/csynth/gt_max_w12_gru_va_csynth.rpt,52560,E3C1ADE98BE0ADE2D5FDEF3504B897F2
reports/csynth/gt_max_w12_mac3_csynth.rpt,4645,F39CDB0F06E918B9C91C1E2A069DA65A
reports/csynth/gt_max_w13_csynth.rpt,230335,E5EE63D963D26CAF9556A679E4BFD1CB
reports/csynth/gt_max_w13_csynth_design_size.rpt,6698,D96197D8F4939AD8AF93894F6536C7FA
reports/csynth/gt_max_w13_gru_va_Pipeline_HIDDEN_LOOP_csynth.rpt,208304,ED72F2C238BFBAA61CAB621267DC0764
reports/csynth/gt_max_w13_gru_va_csynth.rpt,52560,C06A08CD5FBD6C989E90B338870A6701
reports/csynth/gt_max_w13_mac3_csynth.rpt,4645,C621E7975CB69992F2B4C4A8E8692E09
reports/csynth/gt_max_w14_csynth.rpt,245231,18979E0639C69C149B18C9D140BB7D1E
reports/csynth/gt_max_w14_csynth_design_size.rpt,6698,148DFA26455804F5DF53DF53811BEEC9
reports/csynth/gt_max_w14_gru_va_Pipeline_HIDDEN_LOOP_csynth.rpt,212244,AAFE38EA48143E6E9C4E7633E0E6384F
reports/csynth/gt_max_w14_gru_va_csynth.rpt,52560,10451A2A3D2330AA0360CA3109B9858A
reports/csynth/gt_max_w14_mac3_csynth.rpt,6697,CD7669C72114313A0BB27C478F4EA99E
reports/csynth/gt_max_w15_csynth.rpt,261615,19F5D73E41AA07CDE98DC39474091423
reports/csynth/gt_max_w15_csynth_design_size.rpt,6698,ABECDADDAF3F7C86579C3D18CB195655
reports/csynth/gt_max_w15_gru_va_Pipeline_HIDDEN_LOOP_csynth.rpt,213511,47B830B831E277FB76114EF2F2B40D74
reports/csynth/gt_max_w15_gru_va_csynth.rpt,52560,1915B59852D9201C10ACC8C94817EF3A
reports/csynth/gt_max_w15_mac3_csynth.rpt,7373,B573DCCE8B33205C5F8356EA2DAFEDF0
reports/csynth/gt_max_w16_csynth.rpt,261615,EF21BC24C5671CF1EE0934F4C781B80A
reports/csynth/gt_max_w16_csynth_design_size.rpt,6698,17BDB246E5C326A2ACB778BA020F4FFE
reports/csynth/gt_max_w16_gru_va_Pipeline_HIDDEN_LOOP_csynth.rpt,213665,DF9674C341B6E3A8FE60918642E351AE
reports/csynth/gt_max_w16_gru_va_csynth.rpt,52738,F860FDBC44F1CE18BEC2086E6D9A3630
reports/csynth/gt_max_w16_mac3_csynth.rpt,7373,EFF6B758DE5FBDE786E62D6BD1D7D7BA
reports/csynth/gt_max_w17_csynth.rpt,261615,610236228FA68BD3C548EEC2469192A9
reports/csynth/gt_max_w17_csynth_design_size.rpt,6698,65F112BA9A56651F3F38772E64D66E05
reports/csynth/gt_max_w17_gru_va_Pipeline_HIDDEN_LOOP_csynth.rpt,213665,261E3D446928E98766355B457F8287C4
reports/csynth/gt_max_w17_gru_va_csynth.rpt,52738,CA9D2D38C40E4CBE587F07E61BB0C1F4
reports/csynth/gt_max_w17_mac3_csynth.rpt,7373,98F01B07F196BD136F86D610F62B3000
reports/csynth/gt_max_w18_csynth.rpt,261615,1B45B151C9221C99FED3242E213CBB0D
reports/csynth/gt_max_w18_csynth_design_size.rpt,6698,65F112BA9A56651F3F38772E64D66E05
reports/csynth/gt_max_w18_gru_va_Pipeline_HIDDEN_LOOP_csynth.rpt,213665,CA472A7981C44BD6BB4C1B220A25E895
reports/csynth/gt_max_w18_gru_va_csynth.rpt,52738,1CB0AFA37830545B0BDBA24797D05AF0
reports/csynth/gt_max_w18_mac3_csynth.rpt,7373,87B990B21C400C35E35055CEFEFBFAA1
reports/csynth/gt_max_w19_csynth.rpt,261615,6BE0583E394721230400AE5632C8D8A0
reports/csynth/gt_max_w19_csynth_design_size.rpt,6698,65F112BA9A56651F3F38772E64D66E05
reports/csynth/gt_max_w19_gru_va_Pipeline_HIDDEN_LOOP_csynth.rpt,213665,71F48362790D87C12CDD961E45C1F17E
reports/csynth/gt_max_w19_gru_va_csynth.rpt,52738,A245123DAE1D5D891612EB9605FD5852
reports/csynth/gt_max_w19_mac3_csynth.rpt,7373,FE894E73700CDE02D7E16EE216C38C94
reports/csynth/gt_max_w20_csynth.rpt,260927,61DC8E96110729D980DF2A1FC9AB131A
reports/csynth/gt_max_w20_csynth_design_size.rpt,6698,4BCE1AC843DF9E5E03A1CD9E23F5CCD1
reports/csynth/gt_max_w20_gru_va_Pipeline_HIDDEN_LOOP_csynth.rpt,212916,EB5C8956CA2EC1B2BDBAC9893801D5D9
reports/csynth/gt_max_w20_gru_va_csynth.rpt,52754,1D744C7D60DEC5DEB82687A69370DFCE
reports/csynth/gt_max_w20_mac3_csynth.rpt,7373,2E01FD5E048EA590C4702C77E203E165
reports/csynth/gt_max_w21_csynth.rpt,260620,30B207D49253B1BA594B605F837B2A82
reports/csynth/gt_max_w21_csynth_design_size.rpt,6698,3EABE1CD0150DD962F283537E455A744
reports/csynth/gt_max_w21_gru_va_Pipeline_HIDDEN_LOOP_csynth.rpt,212552,D40522B68B5B21914A7CDE7C458ECC0F
reports/csynth/gt_max_w21_gru_va_csynth.rpt,52754,884D8D2D4468EBF857F7164F7826537E
reports/csynth/gt_max_w21_mac3_csynth.rpt,7373,01B9D6C6935252685D8ACC52D25BF257
reports/csynth/gt_max_w22_csynth.rpt,254476,FD946B84405233C81B31D45442E268FE
reports/csynth/gt_max_w22_csynth_design_size.rpt,6698,A3A4DC45FB67BF0B741AB3919BA74716
reports/csynth/gt_max_w22_gru_va_Pipeline_HIDDEN_LOOP_csynth.rpt,206413,F08010E69636738001050EB15AC82602
reports/csynth/gt_max_w22_gru_va_csynth.rpt,52754,E9995EF07958183976C3F4BC6F6305D5
reports/csynth/gt_max_w22_mac3_csynth.rpt,7373,5C107CC65F7B7CA2961B8A41F953C66F
reports/csynth/gt_max_w23_csynth.rpt,252428,F8A5F0FE404107AB3253B19923FC43EF
reports/csynth/gt_max_w23_csynth_design_size.rpt,6698,0FEF1F1EE1593FE0CEBB50899A693D16
reports/csynth/gt_max_w23_gru_va_Pipeline_HIDDEN_LOOP_csynth.rpt,205573,183A57BDCDF6B3BDBE02E492F3F494A2
reports/csynth/gt_max_w23_gru_va_csynth.rpt,52754,CC66BD202423E4B7B05084A26BBCF026
reports/csynth/gt_max_w23_mac3_csynth.rpt,7373,7FC886ECDA3BB10208B96C3C8CF64A61
reports/csynth/gt_max_w24_csynth.rpt,253708,709E61718E523D786100B2BD07D4C0EC
reports/csynth/gt_max_w24_csynth_design_size.rpt,6698,B4BDF1D60A19956E387F90FB41232507
reports/csynth/gt_max_w24_gru_va_Pipeline_HIDDEN_LOOP_csynth.rpt,206560,DDA40B4BF4EF34F236869EC32E79CD5A
reports/csynth/gt_max_w24_gru_va_csynth.rpt,52754,AFF4CF7223B8A8FE4527C9E8548CD23C
reports/csynth/gt_max_w24_mac3_csynth.rpt,7373,A35EC1C9D2136BC9F9DD5944343754F6
reports/csynth/gt_max_w8_csynth.rpt,227054,A846664D526CEBCAD4D62872B2F0E788
reports/csynth/gt_max_w8_csynth_design_size.rpt,6698,863E73AFF826EE1F1AB1C1509688CB6E
reports/csynth/gt_max_w8_gru_va_Pipeline_HIDDEN_LOOP_csynth.rpt,207813,4C37FDD47942CBBEFB2C4078D7F2E104
reports/csynth/gt_max_w8_gru_va_csynth.rpt,52268,7AA217FF9C03CF149E4633F585981B6E
reports/csynth/gt_max_w8_mac3_csynth.rpt,4608,42C71107F08B862DCA4A260CB91CF7EE
reports/csynth/gt_max_w9_csynth.rpt,227822,E01C86B0FBB0B919FCF7AAE94E86EAD4
reports/csynth/gt_max_w9_csynth_design_size.rpt,6698,D96197D8F4939AD8AF93894F6536C7FA
reports/csynth/gt_max_w9_gru_va_Pipeline_HIDDEN_LOOP_csynth.rpt,204374,6646041F15C095950AB7B4DAA94C5B00
reports/csynth/gt_max_w9_gru_va_csynth.rpt,52648,05372A41068D82E932C5F39503A92231
reports/csynth/gt_max_w9_mac3_csynth.rpt,4608,AD9168E59A1B4EE15992997F0C504E99
reports/csynth/gt_mod_w10_csynth.rpt,227823,7E7809171608460D424B645DDE4BC878
reports/csynth/gt_mod_w10_csynth_design_size.rpt,6698,D96197D8F4939AD8AF93894F6536C7FA
reports/csynth/gt_mod_w10_gru_va_Pipeline_HIDDEN_LOOP_csynth.rpt,204608,1101BAE6660F70B4C1EDD964829EB90A
reports/csynth/gt_mod_w10_gru_va_csynth.rpt,52649,673A2747FF06DDADAFD45186353479C3
reports/csynth/gt_mod_w10_mac3_csynth.rpt,4645,FC8408F7423E5BB67A314F38912C99E5
reports/csynth/gt_mod_w11_csynth.rpt,230077,A5050587B0CB5979170BFD5DC0869E85
reports/csynth/gt_mod_w11_csynth_design_size.rpt,6698,D96197D8F4939AD8AF93894F6536C7FA
reports/csynth/gt_mod_w11_gru_va_Pipeline_HIDDEN_LOOP_csynth.rpt,208045,3C2024D758AD99696A96907A29BD354D
reports/csynth/gt_mod_w11_gru_va_csynth.rpt,52560,71749681E425B1B37C8A8C2D7379FF4D
reports/csynth/gt_mod_w11_mac3_csynth.rpt,4645,2E8DB99DEFD677D0867E460DE7584E9D
reports/csynth/gt_mod_w12_csynth.rpt,230077,BDCBEC957ED6CB37349F4082869C0B4E
reports/csynth/gt_mod_w12_csynth_design_size.rpt,6698,D96197D8F4939AD8AF93894F6536C7FA
reports/csynth/gt_mod_w12_gru_va_Pipeline_HIDDEN_LOOP_csynth.rpt,208045,4881CA03A4E007583E2A3B0B36017D3A
reports/csynth/gt_mod_w12_gru_va_csynth.rpt,52560,6036BA4D83EF6873030172FCAFAB0201
reports/csynth/gt_mod_w12_mac3_csynth.rpt,4645,23857CAA6DC07C809AAB3F81AAC8D7FB
reports/csynth/gt_mod_w13_csynth.rpt,230335,C3676DD872FF1A32957802B8548F0C48
reports/csynth/gt_mod_w13_csynth_design_size.rpt,6698,D96197D8F4939AD8AF93894F6536C7FA
reports/csynth/gt_mod_w13_gru_va_Pipeline_HIDDEN_LOOP_csynth.rpt,208304,8609A9A26384C4C260AA064731B0B28F
reports/csynth/gt_mod_w13_gru_va_csynth.rpt,52560,D5C343BE977E414E2D919D012DE3406F
reports/csynth/gt_mod_w13_mac3_csynth.rpt,4645,8C22D71583CC334559789E1070684CAD
reports/csynth/gt_mod_w14_csynth.rpt,245231,4FBC2095189D4753A14D8CCF6D49F5FA
reports/csynth/gt_mod_w14_csynth_design_size.rpt,6698,148DFA26455804F5DF53DF53811BEEC9
reports/csynth/gt_mod_w14_gru_va_Pipeline_HIDDEN_LOOP_csynth.rpt,212244,D3F873E04BBE92E62067F09DE38659E7
reports/csynth/gt_mod_w14_gru_va_csynth.rpt,52560,47B0E236690C6B69A862B6283E597BFB
reports/csynth/gt_mod_w14_mac3_csynth.rpt,6697,FBE54BD1235DD36E316336A203B36E5E
reports/csynth/gt_mod_w15_csynth.rpt,261615,8F2DB66AEB069082BF75BCC2F8088767
reports/csynth/gt_mod_w15_csynth_design_size.rpt,6698,ABECDADDAF3F7C86579C3D18CB195655
reports/csynth/gt_mod_w15_gru_va_Pipeline_HIDDEN_LOOP_csynth.rpt,213511,FE64C476FE2B74A360703944095AA095
reports/csynth/gt_mod_w15_gru_va_csynth.rpt,52560,29762BF664ECE8976816A77C48EC19F5
reports/csynth/gt_mod_w15_mac3_csynth.rpt,7373,4C73A38171940FC813F1609D6ADC2AD6
reports/csynth/gt_mod_w16_csynth.rpt,261615,83DB37057A352E91CB1A39C506A186BE
reports/csynth/gt_mod_w16_csynth_design_size.rpt,6698,17BDB246E5C326A2ACB778BA020F4FFE
reports/csynth/gt_mod_w16_gru_va_Pipeline_HIDDEN_LOOP_csynth.rpt,213665,63CC2648CD311E0FD1134BED6AFD6F53
reports/csynth/gt_mod_w16_gru_va_csynth.rpt,52738,0A77339E2E6F01795D56AB1E64759865
reports/csynth/gt_mod_w16_mac3_csynth.rpt,7373,51FC91690D2BAEDB342221CB6E9C65A7
reports/csynth/gt_mod_w17_csynth.rpt,261615,88300ACA64DCFA189650E5B2EAF5F6C9
reports/csynth/gt_mod_w17_csynth_design_size.rpt,6698,65F112BA9A56651F3F38772E64D66E05
reports/csynth/gt_mod_w17_gru_va_Pipeline_HIDDEN_LOOP_csynth.rpt,213665,F0BE3FA53407C6D5EA0E3A74B3C63B80
reports/csynth/gt_mod_w17_gru_va_csynth.rpt,52738,8ACD653D084BB02BD1AE125B3FF50F59
reports/csynth/gt_mod_w17_mac3_csynth.rpt,7373,64EA00A5526401CD4CE9C07FFD2402BA
reports/csynth/gt_mod_w18_csynth.rpt,261615,5B5EEFDD6755F82D05309572DF502B73
reports/csynth/gt_mod_w18_csynth_design_size.rpt,6698,65F112BA9A56651F3F38772E64D66E05
reports/csynth/gt_mod_w18_gru_va_Pipeline_HIDDEN_LOOP_csynth.rpt,213665,CC1C907D428E9CCE16155F6F92320A4E
reports/csynth/gt_mod_w18_gru_va_csynth.rpt,52738,6AF09EE98BC44A44909D2A7E0BE11EBA
reports/csynth/gt_mod_w18_mac3_csynth.rpt,7373,3C3AE14F09B216E56C2450D5A9EAF6CD
reports/csynth/gt_mod_w19_csynth.rpt,261615,CB51C781572D3744394C282691DBF86E
reports/csynth/gt_mod_w19_csynth_design_size.rpt,6698,65F112BA9A56651F3F38772E64D66E05
reports/csynth/gt_mod_w19_gru_va_Pipeline_HIDDEN_LOOP_csynth.rpt,213665,05DAC4A3515E2E8F499C00011E8C437A
reports/csynth/gt_mod_w19_gru_va_csynth.rpt,52738,654006FF1832B128DD6EE78032054567
reports/csynth/gt_mod_w19_mac3_csynth.rpt,7373,C06B78BEA44AA7AF0F7FF2107D839B2A
reports/csynth/gt_mod_w20_csynth.rpt,260927,0A4A18C136CD75E35E56B0C2101FE8AC
reports/csynth/gt_mod_w20_csynth_design_size.rpt,6698,4BCE1AC843DF9E5E03A1CD9E23F5CCD1
reports/csynth/gt_mod_w20_gru_va_Pipeline_HIDDEN_LOOP_csynth.rpt,212916,6E4D04EBACD616E1F132F9297CFA9236
reports/csynth/gt_mod_w20_gru_va_csynth.rpt,52754,C915A2695474CD7F45005E3F873709C7
reports/csynth/gt_mod_w20_mac3_csynth.rpt,7373,AED25C3E8EF7C744AE6C74E2243E0091
reports/csynth/gt_mod_w21_csynth.rpt,260620,98139AD2F0649646F319CD3A94704036
reports/csynth/gt_mod_w21_csynth_design_size.rpt,6698,3EABE1CD0150DD962F283537E455A744
reports/csynth/gt_mod_w21_gru_va_Pipeline_HIDDEN_LOOP_csynth.rpt,212552,9B6830362D0052F9C3BF053B21C66A7B
reports/csynth/gt_mod_w21_gru_va_csynth.rpt,52754,4B4B14560662D32DD9EE1E7EB15019F3
reports/csynth/gt_mod_w21_mac3_csynth.rpt,7373,65E4ADA3CF008DE28E8DDBCEC6A0B1E9
reports/csynth/gt_mod_w22_csynth.rpt,254476,69BC5A4F582E84A49C7292A3BD5DD024
reports/csynth/gt_mod_w22_csynth_design_size.rpt,6698,A3A4DC45FB67BF0B741AB3919BA74716
reports/csynth/gt_mod_w22_gru_va_Pipeline_HIDDEN_LOOP_csynth.rpt,206413,A4D3D70255A469376780A32B15961853
reports/csynth/gt_mod_w22_gru_va_csynth.rpt,52754,9B3CF226E5C4244F5EE0A7655D1A2D38
reports/csynth/gt_mod_w22_mac3_csynth.rpt,7373,CE6D4703AC559D147E03A70F76EAD2D3
reports/csynth/gt_mod_w23_csynth.rpt,252428,CB1EC227EA137A44CA99B5B81D50F83D
reports/csynth/gt_mod_w23_csynth_design_size.rpt,6698,0FEF1F1EE1593FE0CEBB50899A693D16
reports/csynth/gt_mod_w23_gru_va_Pipeline_HIDDEN_LOOP_csynth.rpt,205573,E0863554B2A6D39A2164999AB36826D6
reports/csynth/gt_mod_w23_gru_va_csynth.rpt,52754,5FD7B15184A78A030719212369FEAFFD
reports/csynth/gt_mod_w23_mac3_csynth.rpt,7373,528EEEDAF909AD7DF7DD9F4703417CF1
reports/csynth/gt_mod_w24_csynth.rpt,253708,C16A9503F36F1C99EAD89396DD2BFF97
reports/csynth/gt_mod_w24_csynth_design_size.rpt,6698,B4BDF1D60A19956E387F90FB41232507
reports/csynth/gt_mod_w24_gru_va_Pipeline_HIDDEN_LOOP_csynth.rpt,206560,EE5655212120BD1E078EB48CBD6ABDDC
reports/csynth/gt_mod_w24_gru_va_csynth.rpt,52754,FAEF8EC067CD0F9688C0AD85FD438CB9
reports/csynth/gt_mod_w24_mac3_csynth.rpt,7373,04B23F7FB3CBED82496E42FD1B50C38E
reports/csynth/gt_mod_w8_csynth.rpt,227054,BD2172006C6723E2E5BA7D3BB1512E5C
reports/csynth/gt_mod_w8_csynth_design_size.rpt,6698,863E73AFF826EE1F1AB1C1509688CB6E
reports/csynth/gt_mod_w8_gru_va_Pipeline_HIDDEN_LOOP_csynth.rpt,207813,1B93941206DD469574AE98B73AC91227
reports/csynth/gt_mod_w8_gru_va_csynth.rpt,52268,E566815AE4DB8392E1584AAF81C161B6
reports/csynth/gt_mod_w8_mac3_csynth.rpt,4608,E724F42FFFACDA0A3C45711F0589915C
reports/csynth/gt_mod_w9_csynth.rpt,227822,071957850BB2A45B8D245964E6B4D01C
reports/csynth/gt_mod_w9_csynth_design_size.rpt,6698,D96197D8F4939AD8AF93894F6536C7FA
reports/csynth/gt_mod_w9_gru_va_Pipeline_HIDDEN_LOOP_csynth.rpt,204374,11D59FAD5FE08B3C9047D4E6E27F8FF5
reports/csynth/gt_mod_w9_gru_va_csynth.rpt,52648,0A523C46EA9DA036DEF136AE10F9F973
reports/csynth/gt_mod_w9_mac3_csynth.rpt,4608,52364F3E218EB02686789C6C446F1E64
reports/csynth/rodent_max_w10_csynth.rpt,227995,B4A4AE421F56C9F10899ED9AB5A9CA2E
reports/csynth/rodent_max_w10_csynth_design_size.rpt,6698,D96197D8F4939AD8AF93894F6536C7FA
reports/csynth/rodent_max_w10_gru_va_Pipeline_HIDDEN_LOOP_csynth.rpt,204444,488D6661E6DB64C4076B1B79FCCB7BC9
reports/csynth/rodent_max_w10_gru_va_csynth.rpt,52657,EDB0BCD39E2FF141FF85B65E6ECF22F0
reports/csynth/rodent_max_w10_mac3_csynth.rpt,4653,8E73ACE4F27D67A700D5BEFB119C314B
reports/csynth/rodent_max_w11_csynth.rpt,230249,56952231531A18351ECB52C97E60E6F0
reports/csynth/rodent_max_w11_csynth_design_size.rpt,6698,D96197D8F4939AD8AF93894F6536C7FA
reports/csynth/rodent_max_w11_gru_va_Pipeline_HIDDEN_LOOP_csynth.rpt,207881,DC84B89344D8CCCF186C47C9E34BEB51
reports/csynth/rodent_max_w11_gru_va_csynth.rpt,52568,E6E1EE6CC04ADEECF8E0A7A914504D9D
reports/csynth/rodent_max_w11_mac3_csynth.rpt,4653,7718BB7EE7E142AAEDA8418DF87CA9EE
reports/csynth/rodent_max_w12_csynth.rpt,230249,8408658378C41A62340E56A45CDFCEE5
reports/csynth/rodent_max_w12_csynth_design_size.rpt,6698,D96197D8F4939AD8AF93894F6536C7FA
reports/csynth/rodent_max_w12_gru_va_Pipeline_HIDDEN_LOOP_csynth.rpt,207881,A22D2FFA2B516B8B3958775DE5E303B6
reports/csynth/rodent_max_w12_gru_va_csynth.rpt,52568,AA25C09EA73ADCF2A1162150B646A21B
reports/csynth/rodent_max_w12_mac3_csynth.rpt,4653,7198B79D5595178D1813A17091D2D0F8
reports/csynth/rodent_max_w13_csynth.rpt,230507,00FE4BBEDED4105700017008B4C12631
reports/csynth/rodent_max_w13_csynth_design_size.rpt,6698,D96197D8F4939AD8AF93894F6536C7FA
reports/csynth/rodent_max_w13_gru_va_Pipeline_HIDDEN_LOOP_csynth.rpt,208140,EBD85FCF660EB6AA2318E6D98017A939
reports/csynth/rodent_max_w13_gru_va_csynth.rpt,52568,6E68555B2E722C21B6444D05BB5C2608
reports/csynth/rodent_max_w13_mac3_csynth.rpt,4653,97F97F16A7CCCD460BE8810EBEC9573A
reports/csynth/rodent_max_w14_csynth.rpt,245403,E0A82591F597415A7D7AC40A47988A7D
reports/csynth/rodent_max_w14_csynth_design_size.rpt,6698,148DFA26455804F5DF53DF53811BEEC9
reports/csynth/rodent_max_w14_gru_va_Pipeline_HIDDEN_LOOP_csynth.rpt,212252,3AEFC46055F8EBE4F32BBAE26B98CB89
reports/csynth/rodent_max_w14_gru_va_csynth.rpt,52568,0791F7033ED5E97A41BEC710BAD6C2A2
reports/csynth/rodent_max_w14_mac3_csynth.rpt,6705,F7E9F7FCCCEC11778BD4EEA85123DB24
reports/csynth/rodent_max_w15_csynth.rpt,261787,50FEB0D809CCF0D0452A9256AEB4102E
reports/csynth/rodent_max_w15_csynth_design_size.rpt,6698,ABECDADDAF3F7C86579C3D18CB195655
reports/csynth/rodent_max_w15_gru_va_Pipeline_HIDDEN_LOOP_csynth.rpt,213519,6710C0227EFDD90FA366D0D8C9902557
reports/csynth/rodent_max_w15_gru_va_csynth.rpt,52568,E0CE6B191BEA5C5B72530DB9EBE8D7B8
reports/csynth/rodent_max_w15_mac3_csynth.rpt,7381,BCA7EC942095008C12086FDD9A128A43
reports/csynth/rodent_max_w16_csynth.rpt,261787,CA1298E8CAF2015D915A74D6338E4242
reports/csynth/rodent_max_w16_csynth_design_size.rpt,6698,17BDB246E5C326A2ACB778BA020F4FFE
reports/csynth/rodent_max_w16_gru_va_Pipeline_HIDDEN_LOOP_csynth.rpt,213673,7D3352CA90201753A3C4EEF5579B250F
reports/csynth/rodent_max_w16_gru_va_csynth.rpt,52746,0B11291352589374005A03F13F678042
reports/csynth/rodent_max_w16_mac3_csynth.rpt,7381,B6C2B558C47B607119702E7F8FDBEED2
reports/csynth/rodent_max_w17_csynth.rpt,261787,0E31599F07887D3AD57DB43EB2DCA921
reports/csynth/rodent_max_w17_csynth_design_size.rpt,6698,65F112BA9A56651F3F38772E64D66E05
reports/csynth/rodent_max_w17_gru_va_Pipeline_HIDDEN_LOOP_csynth.rpt,213673,7929E4A04E1F176DCF5C2FC910A97886
reports/csynth/rodent_max_w17_gru_va_csynth.rpt,52746,25BA66CDF6F4C289B84DBCC0A243BC2D
reports/csynth/rodent_max_w17_mac3_csynth.rpt,7381,6AE062785B0E41A9A8BE21BA0F46725C
reports/csynth/rodent_max_w18_csynth.rpt,261787,D3105B16B4CA9CA2826A556378854AA8
reports/csynth/rodent_max_w18_csynth_design_size.rpt,6698,65F112BA9A56651F3F38772E64D66E05
reports/csynth/rodent_max_w18_gru_va_Pipeline_HIDDEN_LOOP_csynth.rpt,213673,1E86D19B7F81D893B6AD01EC20B47A40
reports/csynth/rodent_max_w18_gru_va_csynth.rpt,52746,8B9BB49464F8C007CAF6CDCC0D2C20DA
reports/csynth/rodent_max_w18_mac3_csynth.rpt,7381,68C1F5C47564D9753E0CDB769BDC4F09
reports/csynth/rodent_max_w19_csynth.rpt,261787,297726FFF715AB357E15B29B677F71EA
reports/csynth/rodent_max_w19_csynth_design_size.rpt,6698,65F112BA9A56651F3F38772E64D66E05
reports/csynth/rodent_max_w19_gru_va_Pipeline_HIDDEN_LOOP_csynth.rpt,213673,5408884315FB7554DCAC696288898288
reports/csynth/rodent_max_w19_gru_va_csynth.rpt,52746,660F1BEBDB93C03E5503F801B7EEB466
reports/csynth/rodent_max_w19_mac3_csynth.rpt,7381,F23D63CCBFBBC9B4CD15B1A46F0F749C
reports/csynth/rodent_max_w20_csynth.rpt,261099,AD2ADB53A70F88B7EB88D5EC40FFAF37
reports/csynth/rodent_max_w20_csynth_design_size.rpt,6698,4BCE1AC843DF9E5E03A1CD9E23F5CCD1
reports/csynth/rodent_max_w20_gru_va_Pipeline_HIDDEN_LOOP_csynth.rpt,212924,E57A41F15A6B98C920C5D8B18AA48762
reports/csynth/rodent_max_w20_gru_va_csynth.rpt,52762,0597D03C0836EE7A12450C133CE4A76E
reports/csynth/rodent_max_w20_mac3_csynth.rpt,7381,627028C038EC317871383D6FF53A4C7A
reports/csynth/rodent_max_w21_csynth.rpt,260792,29502A972DBA65DA8EAB430AF0404BDA
reports/csynth/rodent_max_w21_csynth_design_size.rpt,6698,3EABE1CD0150DD962F283537E455A744
reports/csynth/rodent_max_w21_gru_va_Pipeline_HIDDEN_LOOP_csynth.rpt,212560,1D3BCBF95CD21369E2D1754D00C0928A
reports/csynth/rodent_max_w21_gru_va_csynth.rpt,52762,40B08031B8AFDA6EA0F71ECBF27162A5
reports/csynth/rodent_max_w21_mac3_csynth.rpt,7381,304FC3FA21347FD69974798A0A0CE3A6
reports/csynth/rodent_max_w22_csynth.rpt,254648,5AB2165736F3927F2727CF486C17A4AC
reports/csynth/rodent_max_w22_csynth_design_size.rpt,6698,A3A4DC45FB67BF0B741AB3919BA74716
reports/csynth/rodent_max_w22_gru_va_Pipeline_HIDDEN_LOOP_csynth.rpt,206421,1122225746675926FCE6FDEC40710CEB
reports/csynth/rodent_max_w22_gru_va_csynth.rpt,52762,80C57EA6CD3B8113891316653F6D1FA4
reports/csynth/rodent_max_w22_mac3_csynth.rpt,7381,6835CE75DD3F44A2658E1BFEE78CD3E6
reports/csynth/rodent_max_w23_csynth.rpt,252600,EAA301DA5FA3B1D13933B23C77E58E07
reports/csynth/rodent_max_w23_csynth_design_size.rpt,6698,0FEF1F1EE1593FE0CEBB50899A693D16
reports/csynth/rodent_max_w23_gru_va_Pipeline_HIDDEN_LOOP_csynth.rpt,205581,71825860D8240FD17135F6E316CFEF01
reports/csynth/rodent_max_w23_gru_va_csynth.rpt,52762,535887FFADEB0CF202FBB4E6C1DBB13F
reports/csynth/rodent_max_w23_mac3_csynth.rpt,7381,6B09FABFC3F2D5C5FAFFB7E70EE8900B
reports/csynth/rodent_max_w24_csynth.rpt,253880,E3CF4728CD0A902849375B9128E7A07C
reports/csynth/rodent_max_w24_csynth_design_size.rpt,6698,B4BDF1D60A19956E387F90FB41232507
reports/csynth/rodent_max_w24_gru_va_Pipeline_HIDDEN_LOOP_csynth.rpt,206568,600BFC4E171E1CA3BF084430C2C2E917
reports/csynth/rodent_max_w24_gru_va_csynth.rpt,52762,DE1120E405635A392DAA52AFB5F721BB
reports/csynth/rodent_max_w24_mac3_csynth.rpt,7381,386393FD964854CFCA6E43F6F4A714C5
reports/csynth/rodent_max_w8_csynth.rpt,227994,3D3364125C23607D37CE8F3F16DD1C18
reports/csynth/rodent_max_w8_csynth_design_size.rpt,6698,39FB1050EDB2BBE162FC0C7AAE7A9A01
reports/csynth/rodent_max_w8_gru_va_Pipeline_HIDDEN_LOOP_csynth.rpt,207649,5D065AC07F9AA7F0C6AAD08DB49AE444
reports/csynth/rodent_max_w8_gru_va_csynth.rpt,52834,E666D5F1C6AB4CBDE4DF4A0F7B29033A
reports/csynth/rodent_max_w8_mac3_csynth.rpt,4616,32C0510B52A64B61D2453C35FC73E384
reports/csynth/rodent_max_w9_csynth.rpt,227994,2C1F2928A164FEAE88CF22A6095CD04B
reports/csynth/rodent_max_w9_csynth_design_size.rpt,6698,D96197D8F4939AD8AF93894F6536C7FA
reports/csynth/rodent_max_w9_gru_va_Pipeline_HIDDEN_LOOP_csynth.rpt,204210,331F5792B60B175AB9CC83F217B7918C
reports/csynth/rodent_max_w9_gru_va_csynth.rpt,52656,26ECC1CD162BC4312EF7CCBB6629F861
reports/csynth/rodent_max_w9_mac3_csynth.rpt,4616,AAC8198A8950384B93668ACF25F5ED8F
reports/csynth/rodent_mod_w10_csynth.rpt,229475,7E951CE9CFC122DDBDE3B705248E12AD
reports/csynth/rodent_mod_w10_csynth_design_size.rpt,6698,D96197D8F4939AD8AF93894F6536C7FA
reports/csynth/rodent_mod_w10_gru_va_Pipeline_HIDDEN_LOOP_csynth.rpt,204630,E8311F0607AD86FAAEB5E894BDDF92EB
reports/csynth/rodent_mod_w10_gru_va_csynth.rpt,52657,6AAD61E46414DC790859E6BD36958EBF
reports/csynth/rodent_mod_w10_mac3_csynth.rpt,4653,ADD8A6A4BEAF9482A886A75C7A33555A
reports/csynth/rodent_mod_w11_csynth.rpt,230249,FAE426639DC2C35F91CA5D1627DA1B24
reports/csynth/rodent_mod_w11_csynth_design_size.rpt,6698,D96197D8F4939AD8AF93894F6536C7FA
reports/csynth/rodent_mod_w11_gru_va_Pipeline_HIDDEN_LOOP_csynth.rpt,208053,C98A8EAD623616DCBD2DAD8A8D4B2DAF
reports/csynth/rodent_mod_w11_gru_va_csynth.rpt,52568,7251F1BE26D5CB3CAEA0DCAB576D134E
reports/csynth/rodent_mod_w11_mac3_csynth.rpt,4653,3762C867F6AAD7AD7355507DD1CDB8FD
reports/csynth/rodent_mod_w12_csynth.rpt,230249,496E702F59345634DC4604BCBDBE9021
reports/csynth/rodent_mod_w12_csynth_design_size.rpt,6698,D96197D8F4939AD8AF93894F6536C7FA
reports/csynth/rodent_mod_w12_gru_va_Pipeline_HIDDEN_LOOP_csynth.rpt,208053,774D418E1C22B6B642ABE4A10F22F681
reports/csynth/rodent_mod_w12_gru_va_csynth.rpt,52568,64845CB5A22E607B63868D882E66CA7F
reports/csynth/rodent_mod_w12_mac3_csynth.rpt,4653,E44CF6BBC3268B3E81E04E65E7F7E61D
reports/csynth/rodent_mod_w13_csynth.rpt,230507,D91E5AF4E06131927B12E8D62244AE3C
reports/csynth/rodent_mod_w13_csynth_design_size.rpt,6698,D96197D8F4939AD8AF93894F6536C7FA
reports/csynth/rodent_mod_w13_gru_va_Pipeline_HIDDEN_LOOP_csynth.rpt,208312,8DE6D3B4E37C734B6AD1DDE9146417BD
reports/csynth/rodent_mod_w13_gru_va_csynth.rpt,52568,2131D68553C4B92F07B910C7B288F94D
reports/csynth/rodent_mod_w13_mac3_csynth.rpt,4653,E8F4C963AB7B8B1FCF49A1D0BC94F829
reports/csynth/rodent_mod_w14_csynth.rpt,245403,C10434FDB1B7EA414AB49E3A10D88A7F
reports/csynth/rodent_mod_w14_csynth_design_size.rpt,6698,148DFA26455804F5DF53DF53811BEEC9
reports/csynth/rodent_mod_w14_gru_va_Pipeline_HIDDEN_LOOP_csynth.rpt,212329,686FE197FA7E3111228F8EB1100CE4F7
reports/csynth/rodent_mod_w14_gru_va_csynth.rpt,52568,B21704FD1CACCFFE2E5166F62CDEFD59
reports/csynth/rodent_mod_w14_mac3_csynth.rpt,6705,C893C0D58FD669C0CB04F67EFB2E534D
reports/csynth/rodent_mod_w15_csynth.rpt,261787,BB41407E900C4C748AE19EFA16B251B5
reports/csynth/rodent_mod_w15_csynth_design_size.rpt,6698,ABECDADDAF3F7C86579C3D18CB195655
reports/csynth/rodent_mod_w15_gru_va_Pipeline_HIDDEN_LOOP_csynth.rpt,213596,19E07F594609BED1DFA0DD2FEA7E5320
reports/csynth/rodent_mod_w15_gru_va_csynth.rpt,52568,7262D44F1824EA92D927CB753E617CA0
reports/csynth/rodent_mod_w15_mac3_csynth.rpt,7381,B8ACDECBC297527811ADD5B65ACEEB97
reports/csynth/rodent_mod_w16_csynth.rpt,261787,681651F576878E61BFA22D34CFAEEF14
reports/csynth/rodent_mod_w16_csynth_design_size.rpt,6698,17BDB246E5C326A2ACB778BA020F4FFE
reports/csynth/rodent_mod_w16_gru_va_Pipeline_HIDDEN_LOOP_csynth.rpt,213750,270C94C850A5343F1CDF87776816E317
reports/csynth/rodent_mod_w16_gru_va_csynth.rpt,52746,BE0A4683AFEF2B1C73A07BA146D55742
reports/csynth/rodent_mod_w16_mac3_csynth.rpt,7381,F5B90A2B52EFCB33702684E8DBEFE72D
reports/csynth/rodent_mod_w17_csynth.rpt,261787,676A293669B3CDDA1BCB9D97C47D1F0A
reports/csynth/rodent_mod_w17_csynth_design_size.rpt,6698,65F112BA9A56651F3F38772E64D66E05
reports/csynth/rodent_mod_w17_gru_va_Pipeline_HIDDEN_LOOP_csynth.rpt,213750,359A1729FC3D001EB1314E8F7888F3D5
reports/csynth/rodent_mod_w17_gru_va_csynth.rpt,52746,A967F3A369B69096EEF85613B1D9FE64
reports/csynth/rodent_mod_w17_mac3_csynth.rpt,7381,0C1BE45BB913BE8067A6020C54AD2E77
reports/csynth/rodent_mod_w18_csynth.rpt,261787,192C70C4EBB30CA0629CEFEA88852811
reports/csynth/rodent_mod_w18_csynth_design_size.rpt,6698,65F112BA9A56651F3F38772E64D66E05
reports/csynth/rodent_mod_w18_gru_va_Pipeline_HIDDEN_LOOP_csynth.rpt,213750,A4FAA939C05D114136128E16F13896A9
reports/csynth/rodent_mod_w18_gru_va_csynth.rpt,52746,319AB1F3ECE7515C4F29A14C244F565A
reports/csynth/rodent_mod_w18_mac3_csynth.rpt,7381,A8BF9216742273B3180BAA0238937292
reports/csynth/rodent_mod_w19_csynth.rpt,261787,EABFA680B95A84F3DE7FC1BF5662B3A1
reports/csynth/rodent_mod_w19_csynth_design_size.rpt,6698,65F112BA9A56651F3F38772E64D66E05
reports/csynth/rodent_mod_w19_gru_va_Pipeline_HIDDEN_LOOP_csynth.rpt,213750,439676FBAEB69E1C00290FBBC1E4283C
reports/csynth/rodent_mod_w19_gru_va_csynth.rpt,52746,18FCAAE3D5F671062B3B3286F9C77B0F
reports/csynth/rodent_mod_w19_mac3_csynth.rpt,7381,C3971704F070C10E0886E70AE4401814
reports/csynth/rodent_mod_w20_csynth.rpt,261099,0ACA37F1146B1E8AAFA08CC01A1AA83B
reports/csynth/rodent_mod_w20_csynth_design_size.rpt,6698,4BCE1AC843DF9E5E03A1CD9E23F5CCD1
reports/csynth/rodent_mod_w20_gru_va_Pipeline_HIDDEN_LOOP_csynth.rpt,213001,1229435882212B165A13F463139C8936
reports/csynth/rodent_mod_w20_gru_va_csynth.rpt,52762,498BAE64C46E4FA3F36660A113100F84
reports/csynth/rodent_mod_w20_mac3_csynth.rpt,7381,8FC0B6D9E4E745196C96A8C841FC8ACF
reports/csynth/rodent_mod_w21_csynth.rpt,260792,CD69A989DCA1E1FB6AE6FFCFB9CD8775
reports/csynth/rodent_mod_w21_csynth_design_size.rpt,6698,3EABE1CD0150DD962F283537E455A744
reports/csynth/rodent_mod_w21_gru_va_Pipeline_HIDDEN_LOOP_csynth.rpt,212637,B1B1F5B0C1520D7BE47BD49C70C93931
reports/csynth/rodent_mod_w21_gru_va_csynth.rpt,52762,26C3820E34C2E9568942E1E605A99783
reports/csynth/rodent_mod_w21_mac3_csynth.rpt,7381,45609E84A6FD152B68195018DBDC3224
reports/csynth/rodent_mod_w22_csynth.rpt,254648,C794FE9D083A17E2C93765EDDC611892
reports/csynth/rodent_mod_w22_csynth_design_size.rpt,6698,A3A4DC45FB67BF0B741AB3919BA74716
reports/csynth/rodent_mod_w22_gru_va_Pipeline_HIDDEN_LOOP_csynth.rpt,206498,094914FC6B4E8490C6077C17AF128F55
reports/csynth/rodent_mod_w22_gru_va_csynth.rpt,52762,DD4E78BDF3759F05E79ACF4511C93FDF
reports/csynth/rodent_mod_w22_mac3_csynth.rpt,7381,86B9752CF08F2BE7A39D345C101DC90B
reports/csynth/rodent_mod_w23_csynth.rpt,252600,42A67980FCDC96C8C62724504FA7306B
reports/csynth/rodent_mod_w23_csynth_design_size.rpt,6698,0FEF1F1EE1593FE0CEBB50899A693D16
reports/csynth/rodent_mod_w23_gru_va_Pipeline_HIDDEN_LOOP_csynth.rpt,205658,6F52440E9BAA189FE14752AE42C2DBB3
reports/csynth/rodent_mod_w23_gru_va_csynth.rpt,52762,EA5D79BC14370B902D2656C2B48D4216
reports/csynth/rodent_mod_w23_mac3_csynth.rpt,7381,C09F3E4B4FAAD6E97385779C56E6A3D5
reports/csynth/rodent_mod_w24_csynth.rpt,253880,943812157B65C777CDD71C695261D0B8
reports/csynth/rodent_mod_w24_csynth_design_size.rpt,6698,B4BDF1D60A19956E387F90FB41232507
reports/csynth/rodent_mod_w24_gru_va_Pipeline_HIDDEN_LOOP_csynth.rpt,206645,E2A42058FE3C25D0AD2381B0E5BC163C
reports/csynth/rodent_mod_w24_gru_va_csynth.rpt,52762,E324BD9E25EA519F621553E4B0E20DA4
reports/csynth/rodent_mod_w24_mac3_csynth.rpt,7381,1DD1B241E258930BD6BC41B79307E679
reports/csynth/rodent_mod_w8_csynth.rpt,227226,B2D9371BB58D582C6E1B95635E1A0713
reports/csynth/rodent_mod_w8_csynth_design_size.rpt,6698,863E73AFF826EE1F1AB1C1509688CB6E
reports/csynth/rodent_mod_w8_gru_va_Pipeline_HIDDEN_LOOP_csynth.rpt,207821,9FA5D85CCD9AE5E2EA85D2FFB8FFBC1C
reports/csynth/rodent_mod_w8_gru_va_csynth.rpt,52276,FA876550FD790B6F490B3E47250AAE1D
reports/csynth/rodent_mod_w8_mac3_csynth.rpt,4616,2F6E40F7D275605D553C13D855BBD8CC
reports/csynth/rodent_mod_w9_csynth.rpt,227994,4859B259A8A202D8C2DB63D009CD7B33
reports/csynth/rodent_mod_w9_csynth_design_size.rpt,6698,D96197D8F4939AD8AF93894F6536C7FA
reports/csynth/rodent_mod_w9_gru_va_Pipeline_HIDDEN_LOOP_csynth.rpt,204382,35AB3A3C41CA8F61A767D2F8F81482A9
reports/csynth/rodent_mod_w9_gru_va_csynth.rpt,52656,9DA5CF35A379B013E9E3E9BC03799C01
reports/csynth/rodent_mod_w9_mac3_csynth.rpt,4616,7BD39A97309FAD8F6EF08B822B134C5A
reports/impl/gru_L20_fl_max_w10_timing_summary_routed.rpt,469323,78982641E7C73DCF6C0ED8142985BAC5
reports/impl/gru_L20_fl_max_w10_utilization_placed.rpt,12362,392D7BC82033A58515A496E389076278
reports/impl/gru_L20_fl_max_w11_timing_summary_routed.rpt,475891,2EF3EEE5A943DBB75C3B676C6C9F93F0
reports/impl/gru_L20_fl_max_w11_utilization_placed.rpt,12362,DB4B834B75D5E86DA0DEE515D74FFFB8
reports/impl/gru_L20_fl_max_w12_timing_summary_routed.rpt,460916,93BBB8102AD69A997EE380D715351573
reports/impl/gru_L20_fl_max_w12_utilization_placed.rpt,12362,BEC14AFE99108D9BAAA4CBED5EE6A3A1
reports/impl/gru_L20_fl_max_w13_timing_summary_routed.rpt,470460,B3B1B07B00962B68067269D3917A2897
reports/impl/gru_L20_fl_max_w13_utilization_placed.rpt,12362,D2141FBAEB8ACF9821492212AEA5B0AE
reports/impl/gru_L20_fl_max_w14_timing_summary_routed.rpt,483336,6E3E3EEBCE16C9A18305770612475974
reports/impl/gru_L20_fl_max_w14_utilization_placed.rpt,12362,760731CD42C5DA13D8FE79A4B7FFBDD5
reports/impl/gru_L20_fl_max_w15_timing_summary_routed.rpt,467457,56DB97C0A0D852ABD34AAD1BE3FB0E95
reports/impl/gru_L20_fl_max_w15_utilization_placed.rpt,12362,1D75109CD1A3496DF9E0443F61523F6C
reports/impl/gru_L20_fl_max_w16_timing_summary_routed.rpt,530623,D7F53E69E89AC0E061C59E256152881A
reports/impl/gru_L20_fl_max_w16_utilization_placed.rpt,12362,74D8C4414827EFF0C00524FFF8CACB9F
reports/impl/gru_L20_fl_max_w17_timing_summary_routed.rpt,473352,6627A07528C9AA1EFEEEBCC0354EB0A0
reports/impl/gru_L20_fl_max_w17_utilization_placed.rpt,12362,CA2CAC06BFA5C136DAB832CA4E2D5312
reports/impl/gru_L20_fl_max_w18_timing_summary_routed.rpt,487422,98048F77EAE9EB3FDDCA7E27573639E5
reports/impl/gru_L20_fl_max_w18_utilization_placed.rpt,12362,24F6DEC401BE78EC680256AB924D4E39
reports/impl/gru_L20_fl_max_w19_timing_summary_routed.rpt,556981,D98CE8874CF0F1E72C432C325A391A09
reports/impl/gru_L20_fl_max_w19_utilization_placed.rpt,12362,2AA01926620D259017A2CAAE9BF27A64
reports/impl/gru_L20_fl_max_w20_timing_summary_routed.rpt,560618,58D19DB40CE0F549C12E993DB04AD810
reports/impl/gru_L20_fl_max_w20_utilization_placed.rpt,12362,48A703EA6501B6632CE245B339F6D8DE
reports/impl/gru_L20_fl_max_w21_timing_summary_routed.rpt,587479,B0E14C9E66A3F6871AF47A03C54A5D2D
reports/impl/gru_L20_fl_max_w21_utilization_placed.rpt,12362,7D3C7B9C0D4948692D11030C67C84F75
reports/impl/gru_L20_fl_max_w22_dsp_timing_summary_routed.rpt,559752,48C0A78E31F8DE12FF894D7ADD5D73E6
reports/impl/gru_L20_fl_max_w22_dsp_utilization_placed.rpt,12362,78944BB2E91B164BE93AC8DDBAB22382
reports/impl/gru_L20_fl_max_w23_timing_summary_routed.rpt,524677,3CB1370A7643B70115A50728904D5A59
reports/impl/gru_L20_fl_max_w23_utilization_placed.rpt,12362,D4FA88B0C05D37AB7CD5562FA1B1F6CE
reports/impl/gru_L20_fl_max_w24_timing_summary_routed.rpt,522370,2BD7622C3E7DF0232C3C298BD24F32DD
reports/impl/gru_L20_fl_max_w24_utilization_placed.rpt,12362,D0DDB49040A91F1FABFC132082CAC6C0
reports/impl/gru_L20_fl_max_w8_timing_summary_routed.rpt,483553,1EDA436AE0F3F8B4CDD0C73CBAA0EC27
reports/impl/gru_L20_fl_max_w8_utilization_placed.rpt,12362,554FBA9A0A7447FDD56A91F14AE88FBB
reports/impl/gru_L20_fl_max_w9_timing_summary_routed.rpt,464094,7031007FBFD8BA72236DC807062F9BA9
reports/impl/gru_L20_fl_max_w9_utilization_placed.rpt,12362,082F0E6FCAD9DAE858C46E7DEAE8C52D
reports/impl/gru_L20_fl_mod_w10_timing_summary_routed.rpt,474346,79553DE2623574CE560FB5147F2F83BD
reports/impl/gru_L20_fl_mod_w10_utilization_placed.rpt,12362,D28B85CB9D35BB18665B83A0F81A3EB7
reports/impl/gru_L20_fl_mod_w11_timing_summary_routed.rpt,500312,7C68C693580872D7F4F7078B2680B728
reports/impl/gru_L20_fl_mod_w11_utilization_placed.rpt,12362,BE0D276C0449E7966FE88D74277C0197
reports/impl/gru_L20_fl_mod_w12_timing_summary_routed.rpt,513129,C1D985F6045D590D5FC768E543A45263
reports/impl/gru_L20_fl_mod_w12_utilization_placed.rpt,12362,F5BDDBD5B642E660E6BAA0D2A639F4A7
reports/impl/gru_L20_fl_mod_w13_timing_summary_routed.rpt,475339,C351DAA286643C9F5A33DBD20DD1003D
reports/impl/gru_L20_fl_mod_w13_utilization_placed.rpt,12362,BF224CF35BF03BF6CDE7DFA32676B565
reports/impl/gru_L20_fl_mod_w14_timing_summary_routed.rpt,459457,B173204ADC96DAEC6D3767492AF25FE1
reports/impl/gru_L20_fl_mod_w14_utilization_placed.rpt,12362,5ABA691E38DB9BFE53E557C904050D19
reports/impl/gru_L20_fl_mod_w15_timing_summary_routed.rpt,460154,BD4EBCFCD106DA8A68C08214AE31DD93
reports/impl/gru_L20_fl_mod_w15_utilization_placed.rpt,12362,AD16945BD50B3A044FDE54073E5B08DC
reports/impl/gru_L20_fl_mod_w16_timing_summary_routed.rpt,514151,79C84044B6C75AB2FAEC125F7B1AEBD3
reports/impl/gru_L20_fl_mod_w16_utilization_placed.rpt,12362,6548BE118BE66F20C2E0C564DAD279F5
reports/impl/gru_L20_fl_mod_w17_timing_summary_routed.rpt,484165,455C290298FC172E2A6D457C0BD5133C
reports/impl/gru_L20_fl_mod_w17_utilization_placed.rpt,12362,5A483326E688B87BE3F1A96C4AB44C3D
reports/impl/gru_L20_fl_mod_w18_timing_summary_routed.rpt,495506,9A3D008AC15E91C8D3B940226E7226F8
reports/impl/gru_L20_fl_mod_w18_utilization_placed.rpt,12362,01011D65E34D29B13219EBBC214CB2E4
reports/impl/gru_L20_fl_mod_w19_timing_summary_routed.rpt,551616,FAC2F5C63FA0B9D482B0B7EB117C3A91
reports/impl/gru_L20_fl_mod_w19_utilization_placed.rpt,12362,914BD16B1D97C461B9C407D111A610D2
reports/impl/gru_L20_fl_mod_w20_timing_summary_routed.rpt,553400,CEA246D5BD70C6D3926D9265BEB7D8EA
reports/impl/gru_L20_fl_mod_w20_utilization_placed.rpt,12362,A5476F20B3C2314A7399B1926F4958E7
reports/impl/gru_L20_fl_mod_w21_dsp_timing_summary_routed.rpt,517917,09DEA3734A020CE0E3BE92F1B2FA109B
reports/impl/gru_L20_fl_mod_w21_dsp_utilization_placed.rpt,12362,E772FB3F45BCB6FD8F04DB2305E61F6A
reports/impl/gru_L20_fl_mod_w22_dsp_timing_summary_routed.rpt,549282,01F5BBDC25AAE883CF2A65719EEC2838
reports/impl/gru_L20_fl_mod_w22_dsp_utilization_placed.rpt,12362,0F171C1FA24D0B51735432D3E6247B9C
reports/impl/gru_L20_fl_mod_w23_timing_summary_routed.rpt,525705,AADF481A5E7931ABD649B0E643207CC4
reports/impl/gru_L20_fl_mod_w23_utilization_placed.rpt,12362,74A747AF76BDA7521CF873B6613B9110
reports/impl/gru_L20_fl_mod_w24_timing_summary_routed.rpt,552864,933306883A11DCE35EDCB30995A5FE9B
reports/impl/gru_L20_fl_mod_w24_utilization_placed.rpt,12362,B86F2734841F8009C6560CD92E26FBF9
reports/impl/gru_L20_fl_mod_w8_dsp_timing_summary_routed.rpt,562883,71447762933DF88F0000249483E79C77
reports/impl/gru_L20_fl_mod_w8_dsp_utilization_placed.rpt,12362,10959B27C928A4979568B8C44A104C38
reports/impl/gru_L20_fl_mod_w9_timing_summary_routed.rpt,465025,055706E41C3381117503FA14CE6E829F
reports/impl/gru_L20_fl_mod_w9_utilization_placed.rpt,12362,FB44D086B1CDA70DA5D05877D14CB7D6
reports/impl/gru_L20_gt_max_w10_timing_summary_routed.rpt,497032,8A0EEE14E79EB142657BB3F28D487C92
reports/impl/gru_L20_gt_max_w10_utilization_placed.rpt,12362,16E3851307BC34D0632E9DB3AA0F301D
reports/impl/gru_L20_gt_max_w11_timing_summary_routed.rpt,477948,0A53EB346AC7923C01EF9531F42CD0F5
reports/impl/gru_L20_gt_max_w11_utilization_placed.rpt,12362,FE218480A415EB2C125CAE068747B888
reports/impl/gru_L20_gt_max_w12_timing_summary_routed.rpt,509154,D0E7BCE18CC2F5F22E571626EF46D2FB
reports/impl/gru_L20_gt_max_w12_utilization_placed.rpt,12362,C93DE530C23F0BAD3915AF0BC1117B51
reports/impl/gru_L20_gt_max_w13_timing_summary_routed.rpt,463126,E2D355565E83F0ADD97204ECF3DA371A
reports/impl/gru_L20_gt_max_w13_utilization_placed.rpt,12362,4B0D888D68C31171EF139473C34693D0
reports/impl/gru_L20_gt_max_w14_timing_summary_routed.rpt,534554,02E6DF0055E136159756E7847C651D4A
reports/impl/gru_L20_gt_max_w14_utilization_placed.rpt,12362,6F8243D6044BE7802A8B4E59287486A7
reports/impl/gru_L20_gt_max_w15_timing_summary_routed.rpt,472038,2B09FEAA72725305002E7122018CBF6E
reports/impl/gru_L20_gt_max_w15_utilization_placed.rpt,12362,94171FEACE871AF672FFB741492CFDA3
reports/impl/gru_L20_gt_max_w16_timing_summary_routed.rpt,505590,D0186A814A99126A7B1847D7772B62B4
reports/impl/gru_L20_gt_max_w16_utilization_placed.rpt,12362,8730FC9B22327CBD62DAECB41E99CAAA
reports/impl/gru_L20_gt_max_w17_timing_summary_routed.rpt,513224,1583C2591AFB9F5996812C8B1E521154
reports/impl/gru_L20_gt_max_w17_utilization_placed.rpt,12362,188895D7B04E7A5D29483A2260A718EF
reports/impl/gru_L20_gt_max_w18_timing_summary_routed.rpt,479257,FDFA0ACAFFD35C5B393F0A35B4B91BB5
reports/impl/gru_L20_gt_max_w18_utilization_placed.rpt,12362,D8E6AA651E1FB185E2CEC5406BDB7BA4
reports/impl/gru_L20_gt_max_w19_timing_summary_routed.rpt,515316,C4D552A007EFF91A00783994D5E39882
reports/impl/gru_L20_gt_max_w19_utilization_placed.rpt,12362,255D1671BE34432B93BA7D7263B47549
reports/impl/gru_L20_gt_max_w20_timing_summary_routed.rpt,551150,ECE786A05559B94D97CE00704DAFEAEB
reports/impl/gru_L20_gt_max_w20_utilization_placed.rpt,12362,7E4011FE6441FE0B7627F1B9B6045003
reports/impl/gru_L20_gt_max_w21_dsp_best_timing_summary_routed.rpt,528768,7A383D12EFEAAA6ECA23A6E5BA929792
reports/impl/gru_L20_gt_max_w21_dsp_best_utilization_placed.rpt,12362,C2417A19B70F6885C99709FA2AB74664
reports/impl/gru_L20_gt_max_w22_dsp_timing_summary_routed.rpt,527760,0DC0B5E7158B1AB21BDCE6B8B7B0C100
reports/impl/gru_L20_gt_max_w22_dsp_utilization_placed.rpt,12362,5049E8C79632117EC22B2FAAFC28FF6A
reports/impl/gru_L20_gt_max_w23_timing_summary_routed.rpt,525338,33A547EE5B6EBBC01BEC87342C23CA2D
reports/impl/gru_L20_gt_max_w23_utilization_placed.rpt,12362,9938DED2261279907CACF74136262590
reports/impl/gru_L20_gt_max_w24_timing_summary_routed.rpt,528831,604BE973D4C8751910384025040C81E9
reports/impl/gru_L20_gt_max_w24_utilization_placed.rpt,12362,9AA8323844CC1C3C45095C54CB6F217A
reports/impl/gru_L20_gt_max_w8_dsp_timing_summary_routed.rpt,555269,0D23283CDD737B6EFDFAA098CBCCB06D
reports/impl/gru_L20_gt_max_w8_dsp_utilization_placed.rpt,12362,A4715EA47A62F2BF762928257EB3583A
reports/impl/gru_L20_gt_max_w9_timing_summary_routed.rpt,487668,DA2FBD67F6C34AB84DD8C1993C9035B9
reports/impl/gru_L20_gt_max_w9_utilization_placed.rpt,12362,B1ADEBBF608381AC17638F5475A63F50
reports/impl/gru_L20_gt_mod_w10_timing_summary_routed.rpt,448193,524139302CC1E48F3024209B96475C31
reports/impl/gru_L20_gt_mod_w10_utilization_placed.rpt,12362,4F6E425C24091FC7314C3667B7305B7D
reports/impl/gru_L20_gt_mod_w11_timing_summary_routed.rpt,474410,96474613D4A7205FA8B0D1F5A13AC363
reports/impl/gru_L20_gt_mod_w11_utilization_placed.rpt,12362,86C0B40C2CEC8C2D4DCDF1D95809631F
reports/impl/gru_L20_gt_mod_w12_timing_summary_routed.rpt,504410,66B12CE89B198452D1741B25F63B3BFD
reports/impl/gru_L20_gt_mod_w12_utilization_placed.rpt,12362,50EDFC9D301A40A5D5B4BD6C7BAA32DE
reports/impl/gru_L20_gt_mod_w13_timing_summary_routed.rpt,469360,37629BB2403D413A52D5A9FE129CFE69
reports/impl/gru_L20_gt_mod_w13_utilization_placed.rpt,12362,72EA361F98B3D738C9B40F77837DE0D7
reports/impl/gru_L20_gt_mod_w14_timing_summary_routed.rpt,457777,DF926078503B5EBA71BD7157AF9C0D55
reports/impl/gru_L20_gt_mod_w14_utilization_placed.rpt,12362,C5919BDFC2EBBBF0FFA9912181DD7690
reports/impl/gru_L20_gt_mod_w15_timing_summary_routed.rpt,449397,2C501E91DFAE0A4D8A33ABAF41C1603F
reports/impl/gru_L20_gt_mod_w15_utilization_placed.rpt,12362,F960EB650572260294D6FEAA84E1C057
reports/impl/gru_L20_gt_mod_w16_timing_summary_routed.rpt,452962,07C8CC9789440B9F826930A906842EE6
reports/impl/gru_L20_gt_mod_w16_utilization_placed.rpt,12362,32B6D33EFDE1EBEA7920DD3AF5F6988C
reports/impl/gru_L20_gt_mod_w17_timing_summary_routed.rpt,454703,A24D05FA4A3E162BF7D77F41B50FDCF2
reports/impl/gru_L20_gt_mod_w17_utilization_placed.rpt,12362,97B2D201A07A398E835B55F14D9F8EBC
reports/impl/gru_L20_gt_mod_w18_timing_summary_routed.rpt,538369,77A6210EE04AEAC6B0B6E16546412E0E
reports/impl/gru_L20_gt_mod_w18_utilization_placed.rpt,12362,E0053FD032C255996B3ECC111FE09E70
reports/impl/gru_L20_gt_mod_w19_timing_summary_routed.rpt,509594,73E161588953A8E1C956C3C89C69E381
reports/impl/gru_L20_gt_mod_w19_utilization_placed.rpt,12362,662AA4166400F67009F050FFBB8D3B5C
reports/impl/gru_L20_gt_mod_w20_timing_summary_routed.rpt,551814,3B2E83AB847F32DCCB1EFC487A7AE835
reports/impl/gru_L20_gt_mod_w20_utilization_placed.rpt,12362,93940263E1CEFC4D5C8D6783DD6D1ADA
reports/impl/gru_L20_gt_mod_w21_dsp_timing_summary_routed.rpt,526510,49C6DC49C4CF666F0DFE2F24351F2ED6
reports/impl/gru_L20_gt_mod_w21_dsp_utilization_placed.rpt,12362,72DE8C89BD78E65084F2DC18345E2F1D
reports/impl/gru_L20_gt_mod_w22_dsp_timing_summary_routed.rpt,539370,0F9F04326CD0A28B3AE641880C04909E
reports/impl/gru_L20_gt_mod_w22_dsp_utilization_placed.rpt,12362,0B938895EB9CF74A1EA68A39029F0704
reports/impl/gru_L20_gt_mod_w23_timing_summary_routed.rpt,526697,CCDF5D1B672784072F7D371C6EC942F7
reports/impl/gru_L20_gt_mod_w23_utilization_placed.rpt,12362,9D06459A58F2639A968D7F51A070FDEF
reports/impl/gru_L20_gt_mod_w24_timing_summary_routed.rpt,526517,EEA381FEDD93C739A9FF9813245B21D5
reports/impl/gru_L20_gt_mod_w24_utilization_placed.rpt,12362,8E280FD5FE1ED5F367C7BF0A3F17942F
reports/impl/gru_L20_gt_mod_w8_timing_summary_routed.rpt,494961,758E8365B69E3C6A6DEF1D369672629A
reports/impl/gru_L20_gt_mod_w8_utilization_placed.rpt,12362,D178FB4AA8572AEEB45615ABD7B1AA10
reports/impl/gru_L20_gt_mod_w9_timing_summary_routed.rpt,486271,EAB60949D12A8059759B2013549658FB
reports/impl/gru_L20_gt_mod_w9_utilization_placed.rpt,12362,B7DEC8E0803D34D4B6426C8708197A23
reports/impl/gru_L20_rodent_max_w10_timing_summary_routed.rpt,497663,29F3B166910FBDD6E564211EF504939A
reports/impl/gru_L20_rodent_max_w10_utilization_placed.rpt,12362,E72F16E55FC0667A8155ED70D2BD6D8E
reports/impl/gru_L20_rodent_max_w11_timing_summary_routed.rpt,501896,D10CF087A5B3BA7702FC0119E9483AA3
reports/impl/gru_L20_rodent_max_w11_utilization_placed.rpt,12362,857B565FD27E71C60353F7571DC6434F
reports/impl/gru_L20_rodent_max_w12_timing_summary_routed.rpt,478778,5DDC1572C0275756833FF9D4AB9116A6
reports/impl/gru_L20_rodent_max_w12_utilization_placed.rpt,12362,DA241946ED951274D284D75727285A8F
reports/impl/gru_L20_rodent_max_w13_timing_summary_routed.rpt,509227,A629C3762438C7C7144551CDE725BAFE
reports/impl/gru_L20_rodent_max_w13_utilization_placed.rpt,12362,3F18C3A391B3D433217A1F123BD35AC5
reports/impl/gru_L20_rodent_max_w14_timing_summary_routed.rpt,496671,9CB2073A5C7B863CFBC114D68439D462
reports/impl/gru_L20_rodent_max_w14_utilization_placed.rpt,12362,4C5F7C1B612CF4491D93057484B5A4D7
reports/impl/gru_L20_rodent_max_w15_timing_summary_routed.rpt,461910,D12F6F01BB6EEFF8868184A944FEC5A3
reports/impl/gru_L20_rodent_max_w15_utilization_placed.rpt,12362,9066419BA4FE064945E8DE3EED17FE38
reports/impl/gru_L20_rodent_max_w16_timing_summary_routed.rpt,458542,84EF3C37D65F0DC4255B594C73D4115E
reports/impl/gru_L20_rodent_max_w16_utilization_placed.rpt,12362,7B79C8292636B55A82823CDEC963EE68
reports/impl/gru_L20_rodent_max_w17_timing_summary_routed.rpt,497271,E690AFF10848E6C293E1F307E9F0BF6A
reports/impl/gru_L20_rodent_max_w17_utilization_placed.rpt,12362,C4143669047B3C2F4EA32111FD6E13AF
reports/impl/gru_L20_rodent_max_w18_timing_summary_routed.rpt,516992,FF22380170174D9E1D223D70DB0BC9A7
reports/impl/gru_L20_rodent_max_w18_utilization_placed.rpt,12362,7E0433E1539D6FADC0C93C36773F4347
reports/impl/gru_L20_rodent_max_w19_timing_summary_routed.rpt,500464,EDA513E01DD5DBD2821060A1E1271561
reports/impl/gru_L20_rodent_max_w19_utilization_placed.rpt,12362,F623B3AAD22B105C5D353FA31319EF22
reports/impl/gru_L20_rodent_max_w20_timing_summary_routed.rpt,553097,FA39106939D3DE3DED3327AC9E1A8921
reports/impl/gru_L20_rodent_max_w20_utilization_placed.rpt,12362,BBF2B0E5E580A211C034AA9A0F684BA5
reports/impl/gru_L20_rodent_max_w21_dsp_timing_summary_routed.rpt,540269,092F27593A49310A105D0CD0AF10BAB3
reports/impl/gru_L20_rodent_max_w21_dsp_utilization_placed.rpt,12362,0007537B8A0A1E3A59EE2E6D216989C9
reports/impl/gru_L20_rodent_max_w22_dsp_best_timing_summary_routed.rpt,526421,E9FA22A379CACC9408D382AB2DEEDAC6
reports/impl/gru_L20_rodent_max_w22_dsp_best_utilization_placed.rpt,12362,2CE974E7D10DEA894418F1848211F9E5
reports/impl/gru_L20_rodent_max_w23_timing_summary_routed.rpt,565039,E99FD968488590843EAD2A99F87AC4F6
reports/impl/gru_L20_rodent_max_w23_utilization_placed.rpt,12362,99588DB47421DBE2DB5C5064A3020AC8
reports/impl/gru_L20_rodent_max_w24_timing_summary_routed.rpt,535404,8A150C79345A2441F93B8C988D888F56
reports/impl/gru_L20_rodent_max_w24_utilization_placed.rpt,12362,A0057F0B57FA9138F19D8AA9515B29B1
reports/impl/gru_L20_rodent_max_w8_dsp_timing_summary_routed.rpt,556863,3D9C73759B65ED3FA1ACD5B5887E7273
reports/impl/gru_L20_rodent_max_w8_dsp_utilization_placed.rpt,12362,7C38416A0B2AF81B0E77005D38BE9C37
reports/impl/gru_L20_rodent_max_w9_timing_summary_routed.rpt,461978,DB03556F0F3A1F7B947A8E6B1E725239
reports/impl/gru_L20_rodent_max_w9_utilization_placed.rpt,12362,867C5065212998964A6BEDDF0CF74A9D
reports/impl/gru_L20_rodent_mod_w10_timing_summary_routed.rpt,469907,9FC33921BAA6302E3E763670E60FB943
reports/impl/gru_L20_rodent_mod_w10_utilization_placed.rpt,12362,A141A3C58F1924859CCCB8ACAE9631A5
reports/impl/gru_L20_rodent_mod_w11_timing_summary_routed.rpt,464594,F4287EDDB01789FDAB9320694852E522
reports/impl/gru_L20_rodent_mod_w11_utilization_placed.rpt,12362,1944BF298E1288B110EDB3234376446E
reports/impl/gru_L20_rodent_mod_w12_timing_summary_routed.rpt,518617,56B32DDDCB8F2997F51303D18AC30E8F
reports/impl/gru_L20_rodent_mod_w12_utilization_placed.rpt,12362,EE1EB80FAE944C3C3C3900AE0945CF7E
reports/impl/gru_L20_rodent_mod_w13_timing_summary_routed.rpt,473804,491DE7DCBC3BE201CBA86DD99209C1DE
reports/impl/gru_L20_rodent_mod_w13_utilization_placed.rpt,12362,7114CC3FC80133E6FD6084FC2D475723
reports/impl/gru_L20_rodent_mod_w14_timing_summary_routed.rpt,457665,09EB98DF534827AD0D6F06A9F666682D
reports/impl/gru_L20_rodent_mod_w14_utilization_placed.rpt,12362,240BAA02FF119FE630D6BC2488F55D08
reports/impl/gru_L20_rodent_mod_w15_timing_summary_routed.rpt,468538,F1A3FB4A418C09D4E47A90DE275CEE20
reports/impl/gru_L20_rodent_mod_w15_utilization_placed.rpt,12362,19D588C602DE1FB87304CA3EEF00496F
reports/impl/gru_L20_rodent_mod_w16_timing_summary_routed.rpt,502465,6CABB81049ACEC8E8CA77DE504E8BD8D
reports/impl/gru_L20_rodent_mod_w16_utilization_placed.rpt,12362,9107F2EBD7EEDC39FDDCAF03D225CC49
reports/impl/gru_L20_rodent_mod_w17_timing_summary_routed.rpt,456753,031703D74F67BADD5DA9E5CE4A335514
reports/impl/gru_L20_rodent_mod_w17_utilization_placed.rpt,12362,320E084EC7E40E716938B35D6F3D8840
reports/impl/gru_L20_rodent_mod_w18_timing_summary_routed.rpt,457039,64878F49E78781B61036CE237577839F
reports/impl/gru_L20_rodent_mod_w18_utilization_placed.rpt,12362,6147FDFB4A643C5A7311132FCD050C70
reports/impl/gru_L20_rodent_mod_w19_timing_summary_routed.rpt,514148,9B331CE1806DD16B99906CA0315018F7
reports/impl/gru_L20_rodent_mod_w19_utilization_placed.rpt,12362,C48D76842DAF5A3E55392D6825433BF3
reports/impl/gru_L20_rodent_mod_w20_timing_summary_routed.rpt,546320,4DF96A2E0776BC40DEA9D1C786B5C5D7
reports/impl/gru_L20_rodent_mod_w20_utilization_placed.rpt,12362,60113B13E85C936E8C7B56AD61D3B2C3
reports/impl/gru_L20_rodent_mod_w21_dsp_timing_summary_routed.rpt,523994,ED74E56507272FEF5560C8232FC55EBD
reports/impl/gru_L20_rodent_mod_w21_dsp_utilization_placed.rpt,12362,149639FCE4E1556BD1ADFBE09C5DAC8B
reports/impl/gru_L20_rodent_mod_w22_dsp_best_timing_summary_routed.rpt,521597,98EC65CC3E5388B84AEF02B2262EA809
reports/impl/gru_L20_rodent_mod_w22_dsp_best_utilization_placed.rpt,12362,C380756400DF5F54903C12649350A329
reports/impl/gru_L20_rodent_mod_w23_timing_summary_routed.rpt,536523,16240DF3A0BBEF92BD6E20BE218CCDC9
reports/impl/gru_L20_rodent_mod_w23_utilization_placed.rpt,12362,6DA79E0DF65F87447B26CACB9937F9C8
reports/impl/gru_L20_rodent_mod_w24_timing_summary_routed.rpt,579424,41CC80297DEA211D8D5DA44B90DEB067
reports/impl/gru_L20_rodent_mod_w24_utilization_placed.rpt,12362,BB323E7669208FA5504BCF4A0FFBD76D
reports/impl/gru_L20_rodent_mod_w8_dsp_timing_summary_routed.rpt,552713,D53D1ED649AD6FFE44014CE8A0C8E546
reports/impl/gru_L20_rodent_mod_w8_dsp_utilization_placed.rpt,12362,D9BC54ABBFEE56AAB761633583F7DDDE
reports/impl/gru_L20_rodent_mod_w9_timing_summary_routed.rpt,475044,7E68A90187FDDEFC6ECC8CAF7879D241
reports/impl/gru_L20_rodent_mod_w9_utilization_placed.rpt,12362,79ED78B7C2192F3DA15FF6D2D22AD0A4
reports/impl_nondeployed/gru_L20_fl_max_w22_timing_summary_routed.rpt,544240,F54F83A5FB1AF949C34BDAEAAEB84491
reports/impl_nondeployed/gru_L20_fl_max_w22_utilization_placed.rpt,12362,EC462EC721FB4599EBB50914094F4348
reports/impl_nondeployed/gru_L20_fl_mod_w21_timing_summary_routed.rpt,543903,889AB9B040A614C8A3B92BFE01E39FA1
reports/impl_nondeployed/gru_L20_fl_mod_w21_utilization_placed.rpt,12362,9EF6442BA17176931627345B3307CB65
reports/impl_nondeployed/gru_L20_fl_mod_w22_timing_summary_routed.rpt,562276,C964EBE3A4A088D2A77379551BF6869C
reports/impl_nondeployed/gru_L20_fl_mod_w22_utilization_placed.rpt,12362,6FD0CEA434C29E3F9AF254B40040AD66
reports/impl_nondeployed/gru_L20_fl_mod_w8_timing_summary_routed.rpt,493744,5B8DFAD35E815697E860BF23CEFC67E1
reports/impl_nondeployed/gru_L20_fl_mod_w8_utilization_placed.rpt,12362,48DCDA82BECFC11B7B8716C444EAFAC2
reports/impl_nondeployed/gru_L20_gt_max_w21_dsp_timing_summary_routed.rpt,552625,0127577A433B5CBD40078A828F5EF11E
reports/impl_nondeployed/gru_L20_gt_max_w21_dsp_utilization_placed.rpt,12362,DFAF89B9C97ECBC4605CAD93B7F2EF19
reports/impl_nondeployed/gru_L20_gt_max_w21_timing_summary_routed.rpt,572350,4753EDE9986EF8AF1EA255285E1DFA04
reports/impl_nondeployed/gru_L20_gt_max_w21_utilization_placed.rpt,12362,019623C8700489889085D81EB0F24945
reports/impl_nondeployed/gru_L20_gt_max_w22_timing_summary_routed.rpt,573217,1BB4F6D3952E0CD3414798DE79C16D9D
reports/impl_nondeployed/gru_L20_gt_max_w22_utilization_placed.rpt,12362,7626F80316444BC5DA5ABBCCD8FBE31B
reports/impl_nondeployed/gru_L20_gt_max_w8_timing_summary_routed.rpt,497094,63AE16A5A2E2814635071AAB0A84E217
reports/impl_nondeployed/gru_L20_gt_max_w8_utilization_placed.rpt,12362,0AAA4CA9B8A4F5BDE40BE17BDEBFF9EB
reports/impl_nondeployed/gru_L20_gt_mod_w21_timing_summary_routed.rpt,551446,3F9C1B033C0F918FDECAED7FCE1AC5D6
reports/impl_nondeployed/gru_L20_gt_mod_w21_utilization_placed.rpt,12362,EC8205142BF7AE92A32C8FA928D01D0E
reports/impl_nondeployed/gru_L20_gt_mod_w22_timing_summary_routed.rpt,547579,0D88DD6BD28E9520C8726CC9C50DA722
reports/impl_nondeployed/gru_L20_gt_mod_w22_utilization_placed.rpt,12362,F748D67D60065560933DF9C68AD68D03
reports/impl_nondeployed/gru_L20_rodent_max_w21_timing_summary_routed.rpt,551744,C0F10053F154AC18700044BA590CFA95
reports/impl_nondeployed/gru_L20_rodent_max_w21_utilization_placed.rpt,12362,A55DC1DEB1A3B4967887F3890EE231E1
reports/impl_nondeployed/gru_L20_rodent_max_w22_dsp_timing_summary_routed.rpt,526978,110980A0FD7B9D65A7C71055DC902845
reports/impl_nondeployed/gru_L20_rodent_max_w22_dsp_utilization_placed.rpt,12362,7588DCE3162BA897C8CB577A16F0CABA
reports/impl_nondeployed/gru_L20_rodent_max_w22_timing_summary_routed.rpt,559210,A933A3BF00BD4E7403D923AC7DDF8B0C
reports/impl_nondeployed/gru_L20_rodent_max_w22_utilization_placed.rpt,12362,32FC7926167A84B705E82109A385E948
reports/impl_nondeployed/gru_L20_rodent_max_w8_timing_summary_routed.rpt,517168,0F80061B9A150A76299AC49ABD19B002
reports/impl_nondeployed/gru_L20_rodent_max_w8_utilization_placed.rpt,12362,140830EDECBB653832430330281EB56E
reports/impl_nondeployed/gru_L20_rodent_mod_w21_timing_summary_routed.rpt,553827,867E77CC4558AB8F98C3A4E338DCC5C0
reports/impl_nondeployed/gru_L20_rodent_mod_w21_utilization_placed.rpt,12362,A32948F5DD2BB664D28F1028E6AF30E7
reports/impl_nondeployed/gru_L20_rodent_mod_w22_dsp_timing_summary_routed.rpt,522121,8F2F188F62AFBDBDE7CF6B63A1E184A8
reports/impl_nondeployed/gru_L20_rodent_mod_w22_dsp_utilization_placed.rpt,12362,4A9BBC414F7E199074D55355F96CA963
reports/impl_nondeployed/gru_L20_rodent_mod_w22_timing_summary_routed.rpt,565186,64F8519BA98405E717C85DC211D4E207
reports/impl_nondeployed/gru_L20_rodent_mod_w22_utilization_placed.rpt,12362,EA7391F69CBCA7EA5DF894671296E419
reports/impl_nondeployed/gru_L20_rodent_mod_w8_timing_summary_routed.rpt,516508,359DF6A15B697C76C5FE5F2EE08BA18C
reports/impl_nondeployed/gru_L20_rodent_mod_w8_utilization_placed.rpt,12362,6042E84AC5E9F6E87EE09765BC64442D
repro/.gitignore,131,A18C1DAB0F0EA1DAFC7094476E863B7C
repro/README.md,6400,7986B86405A3EF18990B6052C23D4070
repro/build_expected.py,2317,0314F3F3959BBD966AEBA40DACF78F41
repro/dump_csv.py,1911,BC3D82AC0F4110B80F69671E7867FFB2
repro/expected_golden.csv,2300,9CC8EF2CB344CF4576C6D2342B7ECB9F
repro/export_testdata_csv.py,1785,556D5D9CADF26D14C2FADF26C5C3FF6F
repro/repro_golden.tcl,1814,D4C5B5C7E15B2021809D4D8B3FD9A36C
repro/repro_verify.py,2687,662B525C03254026F1385CAEFEFC4BAE
repro/run_repro.ps1,2287,DB41AE3999E6E6DDC6E30E4109831A2A
repro/src/gru_load.cpp,2214,8B9ADA126AA2CC6EE2E7FC5832FCB950
repro/src/gru_va.h,1845,74DB4669ED8796015A7FD69CF5C6E968
repro/src/gru_va_col_fused_mac3.cpp,11010,018DADB53BD63BE08CF4E938F4049616
repro/src/gru_va_tb_fm2.cpp,8708,4E52E54C828614F70AB40CF3C60FCC81
repro/src/gru_weights.h,978,C4108C32443A2B2742286DC584C7983C
repro/src/tanh_table.h,16098,D1A2ADCBB1112DB91809BBC43287D811
repro/src/weights.h,118802,FC33FD1268445DBC6F6F10EC54CEE8DD
repro/testdata/golden_input.bin,16384,607F8F6FBF8D191B8B35C264A665A829
repro/testdata/golden_output.bin,16384,06A416E3C5E144A7205BF51E5EA80D43
repro/testdata/golden_testdata.csv,126087,A6B7B82B7D0B6881F1D20A6DCC4A6726
results/analysis/check1_gap_grid.csv,2034,8C0DF6562B9860D8B2D3CDD451C48347
results/analysis/check1_transparency_gap.csv,205,EC450C8D874049FDDF0C504C59E68BB5
results/analysis/errlevel_T5_REV2_510.csv,98869,8F44AB6A48FCA2367925715EDAB6F9CF
results/analysis/errspec_T1T3_REV4_510.csv,147109,41D71C44AC47046816F58317C7F96B30
results/analysis/heldout_srcmean_span_REV1.csv,844,F7CE945A26A6B6ED9D5B534202F26CF2
results/analysis/span_heldout_REV5.csv,2514,38FDA7B0B284E3B71FDB2F3D31D3489A
results/hardware/bitstreams/campaign102_bitstreams.zip,62092009,4192BAEC99B34252EB9233576609EA52
results/hardware/campaign_results.csv,22682,4660971EC32696578F4B4E83284FDA28
results/hardware/placed_util_per_build_REV1.csv,18624,EEFD7090E6C842A4B4279F0DDF410F07
results/hardware/records/anchor_filemode_equiv_music_REV2.csv,9593,33AA8A009D24C07A3E8B310366A52D31
results/hardware/records/anchor_filemode_equiv_nam_REV1.csv,2345,FA4B9640B2C325E7F43F35CFB709E318
results/hardware/records/b1_gate_results.csv,9159,3B2A50155DAB107870891A9C35BE0886
results/hardware/records/bitstream_of_record.csv,8621,2525A76F688FE1C881C70D21E093CE7B
results/hardware/records/campaign102_bit_hashes.csv,12000,97F6B5991F838F4629FBD823DFB2881F
results/hardware/records/campaign102_bitstreams_zip_md5.txt,171,3F093EA4D5BB4B511C150E0627446C02
results/hardware/records/campaign102_nam_verified_manifest.csv,21043,C89A5CE3A9DA283EE3493825A06570C7
results/hardware/records/campaign102_provenance_20260910.txt,287,612CEFC8F8D2772E9AA1D1DC47231204
results/hardware/records/campaign_manifest.csv,7653,F2DCF697675F988051E9B44C903A668E
results/hardware/records/float_refs_md5.txt,4322,3BF37B0E10937C7205E9D1DA263F31BA
results/hardware/records/hash_record_repo_20260910.csv,3328,1E158B8EFC4F71FA96308CDD9598CC1C
results/hardware/records/heldout_md5.txt,12255,4E68C39733E750ABA77080FF330E030F
results/hardware/records/heldout_results.csv,62943,CE3BBEA6D9DE757B4E86FEB3D60F87AE
results/hardware/records/out_met_timing_bit_hashes.csv,11490,F56D4BA4EC788C3B72CE4D4014294436
results/hardware/records/rtneural_arm_baseline_md5.txt,451,4B9AE0901D52280D60BD35AA53F46204
results/hardware/records/rtneural_c9_eigen_rerun_20260913.log,442,EE1E394A7717E71DE483B617EF1A6623
results/hardware/records/rtneural_c9_stl_rerun_20260913.log,447,E1F40B8127B76631E9D32E62CCC25CBF
results/hardware/records/session1_manifest.csv,9027,4FD593DCF68C7215CE926B1CC0F79371
results/hardware/records/session1_results.csv,222423,2DE57483C994C276DB4D55E00EA3DDC3
results/hardware/records/session2_manifest_addendum.csv,2844,9CAD073D051AA1D5AB60A5BCFD054D87
results/hardware/records/session3_manifest_addendum.csv,1422,E2234644C7CDFC85E4B0AF4B2CA5441E
results/hardware/records/session4_manifest_addendum.csv,1626,F2AB112633586EE25411D9F029E9F590
results/hardware/records/stim_manifest_session1.csv,249,EFBDAA06E49175DD0FF10E7C7E2FAFA0
results/hardware/records/verified_manifest.csv,30389,B54430218EAA1FC602FAA1131CF8C2E7
results/hardware/resources_by_width_REV1.csv,6496,6F7B762E44A0820024CDA37FDA4C82CB
results/hardware/resources_placed_by_width_REV1.csv,1218,24A1BD3FCC393CD6D9F6374291FD7867
results/hardware/wext_acc40_REV2_console.txt,16868,134BA330BA8733A3D5CAA91EB5EC314E
results/metrics/matrices/build_matrices_hash_record.csv,752,805C968732295DF6B82EE25B19D58808
results/metrics/matrices/esr_510.csv,12746,DB93A0719A91967EB1854DAC5093CB2F
results/metrics/matrices/esr_matrix.csv,4258,E2EE04DDAF4EB009766240C09D16BD9B
results/metrics/matrices/nmr_510.csv,13412,F85036FD8361172E3D1E8AA588CEB52C
results/metrics/matrices/nmr_matrix.csv,4967,1F90DBE8BFD65920A837DBDA66BDDE3D
results/metrics/matrices/odg_510.csv,12883,F21A1086D3642109FFE4FA81431D7B6C
results/metrics/matrices/odg_matrix.csv,4328,4918C7B45C0F7CDAB6C093C8611E7D33
results/metrics/raw/board_music_esr.csv,13687,A847ABE1DE122ECEEA7E14ED6248B5FC
results/metrics/raw/board_music_nmr.csv,24583,2A10105B34A6EDC4E6CE22DE9BD180BD
results/metrics/raw/board_nam_metrics.csv,6850,4F31A0C5C823B7FD53333B8A767F943B
results/metrics/raw/heldout_esr_REV1.csv,6701,050E09C291376B8B091575B4A4D9AFA8
results/metrics/raw/heldout_nmr_REV1.csv,66645,CD74BDE29147A7423E9AAE4E8856FA65
results/metrics/raw/nmr_results.csv,6354,917B6E4D640EC21DE0408AEE76E93E66
results/metrics/raw/peaq_fleet_REV3.csv,32374,C78E9C076D8CD7BC36D3BA657A7683B7
results/metrics/raw/peaq_heldout_REV1.csv,12940,819931B926F352F6CE90D84A1A4A5D80
results/metrics/raw/xcell_nmr_tranche1B.csv,26216,C413004E4F5FCD93D54AC9A52F861453
results/training/grid_search/lrcheck_1e-3_a_train_log.csv,29053,EA2CEA7F7F544FFE254EC9483B732588
results/training/grid_search/lrcheck_1e-3_b_train_log.csv,25709,170D52B1A6F74559D9B5667A7CA33A6E
results/training/grid_search/phantom_t1024_a_train_log.csv,24519,7D2517203312ACB9E898B785E37467F9
results/training/grid_search/phantom_t1024_b_train_log.csv,19153,E2A33AD11770D705083D04D068EFEA79
results/training/grid_search/sweep0_aweight_train_log.csv,27301,7F0F0FA4E7E6B1845F18C7E5A7A9EC0C
results/training/grid_search/sweep1_lr1e-2_train_log.csv,1606,E95E3649F0C1F3933B2FA56F1796270D
results/training/grid_search/sweep1_lr1e-3_train_log.csv,29109,DCB54A869D448E5A72E9D752726B1959
results/training/grid_search/sweep1_lr1e-4_train_log.csv,43381,49391721EB2C214368C30D53B8ABA112
results/training/grid_search/sweep1_lr3e-3_train_log.csv,23067,3F59DF7C76DBCCAEDC7AFFE471E91796
results/training/grid_search/sweep2_h40_train_log.csv,22013,6C0D2A331C8C6A2FE78C2D7741670EF9
results/training/grid_search/sweep2_h64_lr1e-3_train_log.csv,24952,6A35EAB98FF74C62555B8F4A4872FFC3
results/training/grid_search/sweep2_h64_train_log.csv,10412,FE7AC122C8D17D4B0B9512A001E2F6C6
results/training/grid_search/sweep3final_tbptt2048_b_train_log.csv,21662,466F37FAAA792DECC770EEE2BE092EC9
results/training/grid_search/sweep3final_tbptt2048_c_train_log.csv,34347,DB408097FD465ED4A179353C13031868
results/training/grid_search/sweep3real_tbptt2048_train_log.csv,24741,546C07609EFB0564FEFF5FF7F07FDF47
results/training/grid_search/sweep3real_tbptt4096_train_log.csv,25575,6DB35809D4E06A96DD67E7F136BE30D4
results/training/grid_search/sweep4_wash2048_train_log.csv,12729,A756824749DF5343E06E67546EEAD72E
results/training/grid_search/sweep4_wash512_train_log.csv,20430,24836D9AE20E5567DAF2D2318DDA1C05
results/training/grid_search/sweep4real_wash2048_train_log.csv,18714,B200CC9F24A429716481CBBAC68C08A4
results/training/grid_search/sweep4real_wash512_train_log.csv,18052,E612E02E0C133592FB2DDE988648FC85
scripts/b1_compare.py,2923,5A6952F1FAC986EBA557EFCA6D013BA2
scripts/build_matrices_REV2.py,8267,027A830CF142FF75FC1AE8F92560CC0E
scripts/check1_transparency_gap_REV6.py,13387,0FC7B9242F6FF5D5197FC0A3DA04E7F9
scripts/errlevel_T5_REV2.py,9490,B4E0980F86F92B7F54C5FD7176FD11C2
scripts/errspec_T1T3_REV4.py,12723,F18E45B04BBBC0BDC35D25DEBF3486C3
scripts/export_gru_weights.py,8802,FC3C4020B030E9C11CC1002E99403BDD
scripts/gap_grid_REV2.py,7848,7C3DB495DE567843093A98652B513AB3
scripts/gen_cell_refs_REV2.py,9249,1EDFBADF3E4773DA021AB7CE5D3ECAF7
scripts/gen_cell_refs_REV3.py,12883,4963296DD0D90BF8E74D60BEADE6BC38
scripts/gen_grover_table_REV3.py,6343,7EAD0E04C582021DF20554DE6CE8B1C6
scripts/gru_cell_manual.py,5612,C7F58F15768B6AAE0963BB0EE5EE366B
scripts/gru_data.py,15383,4EE39E0B327200ABE184B834EF1A1375
scripts/gtr2_characterize.py,23116,FC055A08CA63FCB2A79F0BFF6CE3D1AB
scripts/harvest_placed_util_REV2.py,8624,93827347C3386ECD30490AFDFF474FC6
scripts/heldout_srcmean_span_REV1.py,5369,E62A464E9CC6BAC348C659928398771E
scripts/hls_metrics.py,20211,018B15ADF8458AD29EC59D242A9A273B
scripts/make_fig1_public_REV1.py,4617,84F34F31B51447BE05F52009AB07B2EB
scripts/make_fig2_REV20.py,6207,93FA51E318F236A33C66CFD0A4E330D4
scripts/make_out_met_timing.ps1,2862,3BE27D0AD9DCC15D0FD0D92B9195CA37
scripts/make_tracker_REV4.py,31100,B197C0DDE50632B8B8F9E57E9B100E89
scripts/make_weights_header.py,14043,02DB581A5F305BCDA6CC4CA9B4C618F4
scripts/nmr_metric.py,14293,3098CB25C61E8099E313D0A2520367CD
scripts/rtneural_arm_baseline_REV3.cpp,9080,76289F0AD204C7A50DBA838D54745E69
scripts/run_batch_hls_all.ps1,2241,8DBBAE04772C1DB064364496E1AD6697
scripts/run_batch_hls_rodent_max.tcl,1253,F7326D3FC3F740D2B812F8ED51EEF444
scripts/run_batch_hls_template.tcl,1548,362FA6EEDAF38392AE4A4FC5EEF01E90
scripts/run_bitgen_batch_vivado.tcl,3498,1BCFF28224199439833378D76F8AA4FF
scripts/run_ippack_fixup_loop.ps1,1772,79D7BC9883F40FED34B3A232F269048D
scripts/run_vivado_sweeper_loop.ps1,959,3E23B76279BF109F83CC8E21CF4B9C90
scripts/score_board_nam_REV1.ps1,6110,AE1F621968EA8804E925D7DEED99B0CA
scripts/score_heldout_esr_REV1.py,5880,B8051BF44CD0D7FB7B8598AC5D43BFC6
scripts/score_heldout_nmr_REV1.ps1,10663,6D0CE64E5DDECE4D81F5CD50E60E0345
scripts/score_peaq.py,4016,59401A8336BF00DAD9365624BB959F65
scripts/score_xcell_nmr_REV2.ps1,12651,CA36183AF41D41794397E13C1F7EDC12
scripts/span_persource_REV6.py,18242,83B045306A2A8C4233A7C34B00AA315E
scripts/tonetwist_verify_alignment.py,18048,8331CC84593F9E70DC45A0D59EB5875B
scripts/train_spike.py,16182,7B7AA5887FED6BDB648AD38C627FD3BB
scripts/verify_board_vs_nas_REV2.ps1,2441,B57633534E7472D9CC50DB93E949F890
scripts/verify_paper_claims_REV4.py,9720,52260160125E23D297AC74461C4D66E7
scripts/verify_resources_REV2.py,4737,41D53A4DBCBDDED9014CC3853B095AB2
scripts/wext_acc40_REV2.tcl,2767,DE7AFCA8961B193C4D6C43162F826571
scripts/wext_probe_REV1.tcl,1893,D157986FEB55713E35A2D42FB9195861
src/fpga_neural_audio/__init__.py,67,4127F7B48A46898E1275EE27B2E1479F
tests/test_smoke.py,464,7EF74EA4E5AA9FFDA80B24AFDE41C340
verify_all.py,5960,8FF92716D8AA15F1E2C10896021B6D7C
