

================================================================
== Vitis HLS Report for 'gru_va_Pipeline_HIDDEN_LOOP'
================================================================
* Date:           Sat Aug  8 17:06:11 2026

* Version:        2025.2 (Build 6295257 on Nov 14 2025)
* Project:        b_fl_max
* Solution:       sol_fl_max_w12 (Vivado IP Flow Target)
* Product family: zynq
* Target device:  xc7z020-clg400-1


================================================================
== Performance Estimates
================================================================
+ Timing: 
    * Summary: 
    +--------+----------+----------+------------+
    |  Clock |  Target  | Estimated| Uncertainty|
    +--------+----------+----------+------------+
    |ap_clk  |  10.00 ns|  7.145 ns|     2.70 ns|
    +--------+----------+----------+------------+

+ Latency: 
    * Summary: 
    +---------+---------+----------+----------+-----+-----+-------------------+
    |  Latency (cycles) |  Latency (absolute) |  Interval |      Pipeline     |
    |   min   |   max   |    min   |    max   | min | max |        Type       |
    +---------+---------+----------+----------+-----+-----+-------------------+
    |      129|      129|  1.290 us|  1.290 us|    0|    0|  loop pipeline stp|
    +---------+---------+----------+----------+-----+-----+-------------------+

    + Detail: 
        * Instance: 
        +------------------+-------+---------+---------+----------+----------+-----+-----+---------+
        |                  |       |  Latency (cycles) |  Latency (absolute) |  Interval | Pipeline|
        |     Instance     | Module|   min   |   max   |    min   |    max   | min | max |   Type  |
        +------------------+-------+---------+---------+----------+----------+-----+-----+---------+
        |grp_mac3_fu_2712  |mac3   |        0|        0|      0 ns|      0 ns|    1|    1|      yes|
        |grp_mac3_fu_2704  |mac3   |        0|        0|      0 ns|      0 ns|    1|    1|      yes|
        |grp_mac3_fu_2715  |mac3   |        0|        0|      0 ns|      0 ns|    1|    1|      yes|
        |grp_mac3_fu_2709  |mac3   |        0|        0|      0 ns|      0 ns|    1|    1|      yes|
        |grp_mac3_fu_2717  |mac3   |        0|        0|      0 ns|      0 ns|    1|    1|      yes|
        |grp_mac3_fu_2713  |mac3   |        0|        0|      0 ns|      0 ns|    1|    1|      yes|
        |grp_mac3_fu_2718  |mac3   |        0|        0|      0 ns|      0 ns|    1|    1|      yes|
        |grp_mac3_fu_2706  |mac3   |        0|        0|      0 ns|      0 ns|    1|    1|      yes|
        |grp_mac3_fu_2707  |mac3   |        0|        0|      0 ns|      0 ns|    1|    1|      yes|
        |grp_mac3_fu_2714  |mac3   |        0|        0|      0 ns|      0 ns|    1|    1|      yes|
        |grp_mac3_fu_2702  |mac3   |        0|        0|      0 ns|      0 ns|    1|    1|      yes|
        |grp_mac3_fu_2703  |mac3   |        0|        0|      0 ns|      0 ns|    1|    1|      yes|
        |grp_mac3_fu_2705  |mac3   |        0|        0|      0 ns|      0 ns|    1|    1|      yes|
        |grp_mac3_fu_2700  |mac3   |        0|        0|      0 ns|      0 ns|    1|    1|      yes|
        |grp_mac3_fu_2701  |mac3   |        0|        0|      0 ns|      0 ns|    1|    1|      yes|
        |grp_mac3_fu_2710  |mac3   |        0|        0|      0 ns|      0 ns|    1|    1|      yes|
        |grp_mac3_fu_2708  |mac3   |        0|        0|      0 ns|      0 ns|    1|    1|      yes|
        |grp_mac3_fu_2711  |mac3   |        0|        0|      0 ns|      0 ns|    1|    1|      yes|
        |grp_mac3_fu_2716  |mac3   |        0|        0|      0 ns|      0 ns|    1|    1|      yes|
        |grp_mac3_fu_2719  |mac3   |        0|        0|      0 ns|      0 ns|    1|    1|      yes|
        +------------------+-------+---------+---------+----------+----------+-----+-----+---------+

        * Loop: 
        +---------------+---------+---------+----------+-----------+-----------+------+----------+
        |               |  Latency (cycles) | Iteration|  Initiation Interval  | Trip |          |
        |   Loop Name   |   min   |   max   |  Latency |  achieved |   target  | Count| Pipelined|
        +---------------+---------+---------+----------+-----------+-----------+------+----------+
        |- HIDDEN_LOOP  |      127|      127|        50|          2|          1|    40|       yes|
        +---------------+---------+---------+----------+-----------+-----------+------+----------+



================================================================
== Utilization Estimates
================================================================
* Summary: 
+-----------------+---------+-----+--------+-------+-----+
|       Name      | BRAM_18K| DSP |   FF   |  LUT  | URAM|
+-----------------+---------+-----+--------+-------+-----+
|DSP              |        -|    3|       -|      -|    -|
|Expression       |        -|    -|       0|  20658|    -|
|FIFO             |        -|    -|       -|      -|    -|
|Instance         |        -|   69|     165|    753|    -|
|Memory           |        4|    -|    1172|    784|    -|
|Multiplexer      |        -|    -|       0|   1618|    -|
|Register         |        -|    -|   15941|   3744|    -|
+-----------------+---------+-----+--------+-------+-----+
|Total            |        4|   72|   17278|  27557|    0|
+-----------------+---------+-----+--------+-------+-----+
|Available        |      280|  220|  106400|  53200|    0|
+-----------------+---------+-----+--------+-------+-----+
|Utilization (%)  |        1|   32|      16|     51|    0|
+-----------------+---------+-----+--------+-------+-----+

+ Detail: 
    * Instance: 
    +---------------------------+-----------------------+---------+----+-----+-----+-----+
    |          Instance         |         Module        | BRAM_18K| DSP|  FF | LUT | URAM|
    +---------------------------+-----------------------+---------+----+-----+-----+-----+
    |grp_mac3_fu_2700           |mac3                   |        0|   3|    0|   18|    0|
    |grp_mac3_fu_2701           |mac3                   |        0|   3|    0|   18|    0|
    |grp_mac3_fu_2702           |mac3                   |        0|   3|    0|   18|    0|
    |grp_mac3_fu_2703           |mac3                   |        0|   3|    0|   18|    0|
    |grp_mac3_fu_2704           |mac3                   |        0|   3|    0|   18|    0|
    |grp_mac3_fu_2705           |mac3                   |        0|   3|    0|   18|    0|
    |grp_mac3_fu_2706           |mac3                   |        0|   3|    0|   18|    0|
    |grp_mac3_fu_2707           |mac3                   |        0|   3|    0|   18|    0|
    |grp_mac3_fu_2708           |mac3                   |        0|   3|    0|   18|    0|
    |grp_mac3_fu_2709           |mac3                   |        0|   3|    0|   18|    0|
    |grp_mac3_fu_2710           |mac3                   |        0|   3|    0|   18|    0|
    |grp_mac3_fu_2711           |mac3                   |        0|   3|    0|   18|    0|
    |grp_mac3_fu_2712           |mac3                   |        0|   3|    0|   18|    0|
    |grp_mac3_fu_2713           |mac3                   |        0|   3|    0|   18|    0|
    |grp_mac3_fu_2714           |mac3                   |        0|   3|    0|   18|    0|
    |grp_mac3_fu_2715           |mac3                   |        0|   3|    0|   18|    0|
    |grp_mac3_fu_2716           |mac3                   |        0|   3|    0|   18|    0|
    |grp_mac3_fu_2717           |mac3                   |        0|   3|    0|   18|    0|
    |grp_mac3_fu_2718           |mac3                   |        0|   3|    0|   18|    0|
    |grp_mac3_fu_2719           |mac3                   |        0|   3|    0|   18|    0|
    |mul_22s_20ns_42_1_1_U10    |mul_22s_20ns_42_1_1    |        0|   2|    0|   24|    0|
    |mul_22s_20ns_42_1_1_U11    |mul_22s_20ns_42_1_1    |        0|   2|    0|   24|    0|
    |mul_23s_22s_45_1_1_U12     |mul_23s_22s_45_1_1     |        0|   2|    0|   31|    0|
    |mul_32s_12s_44_2_1_U13     |mul_32s_12s_44_2_1     |        0|   2|  165|   50|    0|
    |mul_8s_12s_19_1_1_U24      |mul_8s_12s_19_1_1      |        0|   1|    0|    6|    0|
    |sparsemux_7_2_12_1_1_U17   |sparsemux_7_2_12_1_1   |        0|   0|    0|    9|    0|
    |sparsemux_7_2_12_1_1_U18   |sparsemux_7_2_12_1_1   |        0|   0|    0|    9|    0|
    |sparsemux_7_2_12_1_1_U19   |sparsemux_7_2_12_1_1   |        0|   0|    0|    9|    0|
    |sparsemux_7_2_12_1_1_U20   |sparsemux_7_2_12_1_1   |        0|   0|    0|    9|    0|
    |sparsemux_7_2_12_1_1_U22   |sparsemux_7_2_12_1_1   |        0|   0|    0|    9|    0|
    |sparsemux_7_2_12_1_1_U23   |sparsemux_7_2_12_1_1   |        0|   0|    0|    9|    0|
    |sparsemux_7_2_32_1_1_U15   |sparsemux_7_2_32_1_1   |        0|   0|    0|    9|    0|
    |sparsemux_7_2_32_1_1_U16   |sparsemux_7_2_32_1_1   |        0|   0|    0|    9|    0|
    |sparsemux_7_2_32_1_1_U21   |sparsemux_7_2_32_1_1   |        0|   0|    0|    9|    0|
    |sparsemux_81_6_12_1_1_U14  |sparsemux_81_6_12_1_1  |        0|   0|    0|  177|    0|
    +---------------------------+-----------------------+---------+----+-----+-----+-----+
    |Total                      |                       |        0|  69|  165|  753|    0|
    +---------------------------+-----------------------+---------+----+-----+-----+-----+

    * DSP: 
    +-----------------------------------+-------------------------------+--------------+
    |              Instance             |             Module            |  Expression  |
    +-----------------------------------+-------------------------------+--------------+
    |mac_muladd_12s_11s_18s_22_4_1_U25  |mac_muladd_12s_11s_18s_22_4_1  |  i0 + i1 * i2|
    |mac_muladd_12s_11s_18s_22_4_1_U27  |mac_muladd_12s_11s_18s_22_4_1  |  i0 + i1 * i2|
    |mac_muladd_12s_11s_20s_22_4_1_U26  |mac_muladd_12s_11s_20s_22_4_1  |  i0 + i1 * i2|
    +-----------------------------------+-------------------------------+--------------+

    * Memory: 
    +--------------+----------------------------------------------------+---------+----+----+-----+------+-----+------+-------------+
    |    Memory    |                       Module                       | BRAM_18K| FF | LUT| URAM| Words| Bits| Banks| W*Bits*Banks|
    +--------------+----------------------------------------------------+---------+----+----+-----+------+-----+------+-------------+
    |TANH_TABLE_U  |gru_va_Pipeline_HIDDEN_LOOP_TANH_TABLE_ROM_AUTO_1R  |        4|   0|   0|    0|  1025|   11|     1|        11275|
    |U_n_0_U       |gru_va_Pipeline_HIDDEN_LOOP_U_n_0_ROM_AUTO_1R       |        0|   9|   6|    0|    40|    9|     1|          360|
    |U_n_10_U      |gru_va_Pipeline_HIDDEN_LOOP_U_n_10_ROM_AUTO_1R      |        0|   9|   6|    0|    40|    9|     1|          360|
    |U_n_11_U      |gru_va_Pipeline_HIDDEN_LOOP_U_n_11_ROM_AUTO_1R      |        0|   9|   6|    0|    40|    9|     1|          360|
    |U_n_12_U      |gru_va_Pipeline_HIDDEN_LOOP_U_n_12_ROM_AUTO_1R      |        0|   9|   6|    0|    40|    9|     1|          360|
    |U_n_13_U      |gru_va_Pipeline_HIDDEN_LOOP_U_n_13_ROM_AUTO_1R      |        0|   8|   5|    0|    40|    8|     1|          320|
    |U_n_14_U      |gru_va_Pipeline_HIDDEN_LOOP_U_n_14_ROM_AUTO_1R      |        0|   8|   5|    0|    40|    8|     1|          320|
    |U_n_15_U      |gru_va_Pipeline_HIDDEN_LOOP_U_n_15_ROM_AUTO_1R      |        0|   7|   5|    0|    40|    7|     1|          280|
    |U_n_16_U      |gru_va_Pipeline_HIDDEN_LOOP_U_n_16_ROM_AUTO_1R      |        0|   8|   5|    0|    40|    8|     1|          320|
    |U_n_17_U      |gru_va_Pipeline_HIDDEN_LOOP_U_n_17_ROM_AUTO_1R      |        0|   8|   5|    0|    40|    8|     1|          320|
    |U_n_18_U      |gru_va_Pipeline_HIDDEN_LOOP_U_n_18_ROM_AUTO_1R      |        0|   8|   5|    0|    40|    8|     1|          320|
    |U_n_19_U      |gru_va_Pipeline_HIDDEN_LOOP_U_n_19_ROM_AUTO_1R      |        0|   8|   5|    0|    40|    8|     1|          320|
    |U_n_1_U       |gru_va_Pipeline_HIDDEN_LOOP_U_n_1_ROM_AUTO_1R       |        0|   9|   6|    0|    40|    9|     1|          360|
    |U_n_20_U      |gru_va_Pipeline_HIDDEN_LOOP_U_n_20_ROM_AUTO_1R      |        0|   9|   6|    0|    40|    9|     1|          360|
    |U_n_21_U      |gru_va_Pipeline_HIDDEN_LOOP_U_n_21_ROM_AUTO_1R      |        0|  10|   7|    0|    40|   10|     1|          400|
    |U_n_22_U      |gru_va_Pipeline_HIDDEN_LOOP_U_n_22_ROM_AUTO_1R      |        0|   9|   6|    0|    40|    9|     1|          360|
    |U_n_23_U      |gru_va_Pipeline_HIDDEN_LOOP_U_n_23_ROM_AUTO_1R      |        0|   9|   6|    0|    40|    9|     1|          360|
    |U_n_24_U      |gru_va_Pipeline_HIDDEN_LOOP_U_n_24_ROM_AUTO_1R      |        0|   8|   5|    0|    40|    8|     1|          320|
    |U_n_25_U      |gru_va_Pipeline_HIDDEN_LOOP_U_n_25_ROM_AUTO_1R      |        0|   8|   5|    0|    40|    8|     1|          320|
    |U_n_26_U      |gru_va_Pipeline_HIDDEN_LOOP_U_n_26_ROM_AUTO_1R      |        0|   7|   5|    0|    40|    7|     1|          280|
    |U_n_27_U      |gru_va_Pipeline_HIDDEN_LOOP_U_n_27_ROM_AUTO_1R      |        0|   8|   5|    0|    40|    8|     1|          320|
    |U_n_28_U      |gru_va_Pipeline_HIDDEN_LOOP_U_n_28_ROM_AUTO_1R      |        0|   8|   5|    0|    40|    8|     1|          320|
    |U_n_29_U      |gru_va_Pipeline_HIDDEN_LOOP_U_n_29_ROM_AUTO_1R      |        0|   8|   5|    0|    40|    8|     1|          320|
    |U_n_2_U       |gru_va_Pipeline_HIDDEN_LOOP_U_n_2_ROM_AUTO_1R       |        0|   8|   5|    0|    40|    8|     1|          320|
    |U_n_30_U      |gru_va_Pipeline_HIDDEN_LOOP_U_n_30_ROM_AUTO_1R      |        0|   7|   5|    0|    40|    7|     1|          280|
    |U_n_31_U      |gru_va_Pipeline_HIDDEN_LOOP_U_n_31_ROM_AUTO_1R      |        0|   8|   5|    0|    40|    8|     1|          320|
    |U_n_32_U      |gru_va_Pipeline_HIDDEN_LOOP_U_n_32_ROM_AUTO_1R      |        0|   7|   5|    0|    40|    7|     1|          280|
    |U_n_33_U      |gru_va_Pipeline_HIDDEN_LOOP_U_n_33_ROM_AUTO_1R      |        0|   8|   5|    0|    40|    8|     1|          320|
    |U_n_34_U      |gru_va_Pipeline_HIDDEN_LOOP_U_n_34_ROM_AUTO_1R      |        0|  10|   7|    0|    40|   10|     1|          400|
    |U_n_35_U      |gru_va_Pipeline_HIDDEN_LOOP_U_n_35_ROM_AUTO_1R      |        0|   9|   6|    0|    40|    9|     1|          360|
    |U_n_36_U      |gru_va_Pipeline_HIDDEN_LOOP_U_n_36_ROM_AUTO_1R      |        0|   9|   6|    0|    40|    9|     1|          360|
    |U_n_37_U      |gru_va_Pipeline_HIDDEN_LOOP_U_n_37_ROM_AUTO_1R      |        0|   8|   5|    0|    40|    8|     1|          320|
    |U_n_38_U      |gru_va_Pipeline_HIDDEN_LOOP_U_n_38_ROM_AUTO_1R      |        0|   9|   6|    0|    40|    9|     1|          360|
    |U_n_39_U      |gru_va_Pipeline_HIDDEN_LOOP_U_n_39_ROM_AUTO_1R      |        0|   8|   5|    0|    40|    8|     1|          320|
    |U_n_3_U       |gru_va_Pipeline_HIDDEN_LOOP_U_n_3_ROM_AUTO_1R       |        0|   9|   6|    0|    40|    9|     1|          360|
    |U_n_4_U       |gru_va_Pipeline_HIDDEN_LOOP_U_n_4_ROM_AUTO_1R       |        0|   8|   5|    0|    40|    8|     1|          320|
    |U_n_5_U       |gru_va_Pipeline_HIDDEN_LOOP_U_n_5_ROM_AUTO_1R       |        0|   7|   5|    0|    40|    7|     1|          280|
    |U_n_6_U       |gru_va_Pipeline_HIDDEN_LOOP_U_n_6_ROM_AUTO_1R       |        0|   9|   6|    0|    40|    9|     1|          360|
    |U_n_7_U       |gru_va_Pipeline_HIDDEN_LOOP_U_n_7_ROM_AUTO_1R       |        0|   8|   5|    0|    40|    8|     1|          320|
    |U_n_8_U       |gru_va_Pipeline_HIDDEN_LOOP_U_n_8_ROM_AUTO_1R       |        0|   8|   5|    0|    40|    8|     1|          320|
    |U_n_9_U       |gru_va_Pipeline_HIDDEN_LOOP_U_n_9_ROM_AUTO_1R       |        0|   8|   5|    0|    40|    8|     1|          320|
    |U_r_0_U       |gru_va_Pipeline_HIDDEN_LOOP_U_r_0_ROM_AUTO_1R       |        0|  10|   7|    0|    40|   10|     1|          400|
    |U_r_10_U      |gru_va_Pipeline_HIDDEN_LOOP_U_r_10_ROM_AUTO_1R      |        0|   9|   6|    0|    40|    9|     1|          360|
    |U_r_11_U      |gru_va_Pipeline_HIDDEN_LOOP_U_r_11_ROM_AUTO_1R      |        0|   8|   5|    0|    40|    8|     1|          320|
    |U_r_12_U      |gru_va_Pipeline_HIDDEN_LOOP_U_r_12_ROM_AUTO_1R      |        0|  10|   7|    0|    40|   10|     1|          400|
    |U_r_13_U      |gru_va_Pipeline_HIDDEN_LOOP_U_r_13_ROM_AUTO_1R      |        0|  10|   7|    0|    40|   10|     1|          400|
    |U_r_14_U      |gru_va_Pipeline_HIDDEN_LOOP_U_r_14_ROM_AUTO_1R      |        0|   8|   5|    0|    40|    8|     1|          320|
    |U_r_15_U      |gru_va_Pipeline_HIDDEN_LOOP_U_r_15_ROM_AUTO_1R      |        0|   9|   6|    0|    40|    9|     1|          360|
    |U_r_16_U      |gru_va_Pipeline_HIDDEN_LOOP_U_r_16_ROM_AUTO_1R      |        0|  10|   7|    0|    40|   10|     1|          400|
    |U_r_17_U      |gru_va_Pipeline_HIDDEN_LOOP_U_r_17_ROM_AUTO_1R      |        0|   8|   5|    0|    40|    8|     1|          320|
    |U_r_18_U      |gru_va_Pipeline_HIDDEN_LOOP_U_r_18_ROM_AUTO_1R      |        0|   9|   6|    0|    40|    9|     1|          360|
    |U_r_19_U      |gru_va_Pipeline_HIDDEN_LOOP_U_r_19_ROM_AUTO_1R      |        0|   8|   5|    0|    40|    8|     1|          320|
    |U_r_1_U       |gru_va_Pipeline_HIDDEN_LOOP_U_r_1_ROM_AUTO_1R       |        0|  10|   7|    0|    40|   10|     1|          400|
    |U_r_20_U      |gru_va_Pipeline_HIDDEN_LOOP_U_r_20_ROM_AUTO_1R      |        0|  10|   7|    0|    40|   10|     1|          400|
    |U_r_21_U      |gru_va_Pipeline_HIDDEN_LOOP_U_r_21_ROM_AUTO_1R      |        0|  11|   7|    0|    40|   11|     1|          440|
    |U_r_22_U      |gru_va_Pipeline_HIDDEN_LOOP_U_r_22_ROM_AUTO_1R      |        0|  11|   7|    0|    40|   11|     1|          440|
    |U_r_23_U      |gru_va_Pipeline_HIDDEN_LOOP_U_r_23_ROM_AUTO_1R      |        0|  10|   7|    0|    40|   10|     1|          400|
    |U_r_24_U      |gru_va_Pipeline_HIDDEN_LOOP_U_r_24_ROM_AUTO_1R      |        0|   8|   5|    0|    40|    8|     1|          320|
    |U_r_25_U      |gru_va_Pipeline_HIDDEN_LOOP_U_r_25_ROM_AUTO_1R      |        0|   8|   5|    0|    40|    8|     1|          320|
    |U_r_26_U      |gru_va_Pipeline_HIDDEN_LOOP_U_r_26_ROM_AUTO_1R      |        0|   9|   6|    0|    40|    9|     1|          360|
    |U_r_27_U      |gru_va_Pipeline_HIDDEN_LOOP_U_r_27_ROM_AUTO_1R      |        0|   9|   6|    0|    40|    9|     1|          360|
    |U_r_28_U      |gru_va_Pipeline_HIDDEN_LOOP_U_r_28_ROM_AUTO_1R      |        0|   8|   5|    0|    40|    8|     1|          320|
    |U_r_29_U      |gru_va_Pipeline_HIDDEN_LOOP_U_r_29_ROM_AUTO_1R      |        0|  10|   7|    0|    40|   10|     1|          400|
    |U_r_2_U       |gru_va_Pipeline_HIDDEN_LOOP_U_r_2_ROM_AUTO_1R       |        0|   8|   5|    0|    40|    8|     1|          320|
    |U_r_30_U      |gru_va_Pipeline_HIDDEN_LOOP_U_r_30_ROM_AUTO_1R      |        0|  10|   7|    0|    40|   10|     1|          400|
    |U_r_31_U      |gru_va_Pipeline_HIDDEN_LOOP_U_r_31_ROM_AUTO_1R      |        0|   8|   5|    0|    40|    8|     1|          320|
    |U_r_32_U      |gru_va_Pipeline_HIDDEN_LOOP_U_r_32_ROM_AUTO_1R      |        0|   9|   6|    0|    40|    9|     1|          360|
    |U_r_33_U      |gru_va_Pipeline_HIDDEN_LOOP_U_r_33_ROM_AUTO_1R      |        0|   8|   5|    0|    40|    8|     1|          320|
    |U_r_34_U      |gru_va_Pipeline_HIDDEN_LOOP_U_r_34_ROM_AUTO_1R      |        0|  11|   7|    0|    40|   11|     1|          440|
    |U_r_35_U      |gru_va_Pipeline_HIDDEN_LOOP_U_r_35_ROM_AUTO_1R      |        0|  10|   7|    0|    40|   10|     1|          400|
    |U_r_36_U      |gru_va_Pipeline_HIDDEN_LOOP_U_r_36_ROM_AUTO_1R      |        0|   9|   6|    0|    40|    9|     1|          360|
    |U_r_37_U      |gru_va_Pipeline_HIDDEN_LOOP_U_r_37_ROM_AUTO_1R      |        0|   9|   6|    0|    40|    9|     1|          360|
    |U_r_38_U      |gru_va_Pipeline_HIDDEN_LOOP_U_r_38_ROM_AUTO_1R      |        0|  10|   7|    0|    40|   10|     1|          400|
    |U_r_39_U      |gru_va_Pipeline_HIDDEN_LOOP_U_r_39_ROM_AUTO_1R      |        0|   8|   5|    0|    40|    8|     1|          320|
    |U_r_3_U       |gru_va_Pipeline_HIDDEN_LOOP_U_r_3_ROM_AUTO_1R       |        0|   8|   5|    0|    40|    8|     1|          320|
    |U_r_4_U       |gru_va_Pipeline_HIDDEN_LOOP_U_r_4_ROM_AUTO_1R       |        0|   8|   5|    0|    40|    8|     1|          320|
    |U_r_5_U       |gru_va_Pipeline_HIDDEN_LOOP_U_r_5_ROM_AUTO_1R       |        0|   9|   6|    0|    40|    9|     1|          360|
    |U_r_6_U       |gru_va_Pipeline_HIDDEN_LOOP_U_r_6_ROM_AUTO_1R       |        0|   9|   6|    0|    40|    9|     1|          360|
    |U_r_7_U       |gru_va_Pipeline_HIDDEN_LOOP_U_r_7_ROM_AUTO_1R       |        0|   7|   5|    0|    40|    7|     1|          280|
    |U_r_8_U       |gru_va_Pipeline_HIDDEN_LOOP_U_r_8_ROM_AUTO_1R       |        0|   9|   6|    0|    40|    9|     1|          360|
    |U_r_9_U       |gru_va_Pipeline_HIDDEN_LOOP_U_r_9_ROM_AUTO_1R       |        0|  10|   7|    0|    40|   10|     1|          400|
    |U_z_0_U       |gru_va_Pipeline_HIDDEN_LOOP_U_z_0_ROM_AUTO_1R       |        0|  10|   7|    0|    40|   10|     1|          400|
    |U_z_10_U      |gru_va_Pipeline_HIDDEN_LOOP_U_z_10_ROM_AUTO_1R      |        0|  10|   7|    0|    40|   10|     1|          400|
    |U_z_11_U      |gru_va_Pipeline_HIDDEN_LOOP_U_z_11_ROM_AUTO_1R      |        0|  10|   7|    0|    40|   10|     1|          400|
    |U_z_12_U      |gru_va_Pipeline_HIDDEN_LOOP_U_z_12_ROM_AUTO_1R      |        0|   9|   6|    0|    40|    9|     1|          360|
    |U_z_13_U      |gru_va_Pipeline_HIDDEN_LOOP_U_z_13_ROM_AUTO_1R      |        0|   9|   6|    0|    40|    9|     1|          360|
    |U_z_14_U      |gru_va_Pipeline_HIDDEN_LOOP_U_z_14_ROM_AUTO_1R      |        0|   9|   6|    0|    40|    9|     1|          360|
    |U_z_15_U      |gru_va_Pipeline_HIDDEN_LOOP_U_z_15_ROM_AUTO_1R      |        0|  10|   7|    0|    40|   10|     1|          400|
    |U_z_16_U      |gru_va_Pipeline_HIDDEN_LOOP_U_z_16_ROM_AUTO_1R      |        0|  10|   7|    0|    40|   10|     1|          400|
    |U_z_17_U      |gru_va_Pipeline_HIDDEN_LOOP_U_z_17_ROM_AUTO_1R      |        0|   9|   6|    0|    40|    9|     1|          360|
    |U_z_18_U      |gru_va_Pipeline_HIDDEN_LOOP_U_z_18_ROM_AUTO_1R      |        0|  10|   7|    0|    40|   10|     1|          400|
    |U_z_19_U      |gru_va_Pipeline_HIDDEN_LOOP_U_z_19_ROM_AUTO_1R      |        0|  10|   7|    0|    40|   10|     1|          400|
    |U_z_1_U       |gru_va_Pipeline_HIDDEN_LOOP_U_z_1_ROM_AUTO_1R       |        0|  10|   7|    0|    40|   10|     1|          400|
    |U_z_20_U      |gru_va_Pipeline_HIDDEN_LOOP_U_z_20_ROM_AUTO_1R      |        0|  10|   7|    0|    40|   10|     1|          400|
    |U_z_21_U      |gru_va_Pipeline_HIDDEN_LOOP_U_z_21_ROM_AUTO_1R      |        0|  10|   7|    0|    40|   10|     1|          400|
    |U_z_22_U      |gru_va_Pipeline_HIDDEN_LOOP_U_z_22_ROM_AUTO_1R      |        0|  10|   7|    0|    40|   10|     1|          400|
    |U_z_23_U      |gru_va_Pipeline_HIDDEN_LOOP_U_z_23_ROM_AUTO_1R      |        0|  10|   7|    0|    40|   10|     1|          400|
    |U_z_24_U      |gru_va_Pipeline_HIDDEN_LOOP_U_z_24_ROM_AUTO_1R      |        0|  10|   7|    0|    40|   10|     1|          400|
    |U_z_25_U      |gru_va_Pipeline_HIDDEN_LOOP_U_z_25_ROM_AUTO_1R      |        0|   9|   6|    0|    40|    9|     1|          360|
    |U_z_26_U      |gru_va_Pipeline_HIDDEN_LOOP_U_z_26_ROM_AUTO_1R      |        0|  10|   7|    0|    40|   10|     1|          400|
    |U_z_27_U      |gru_va_Pipeline_HIDDEN_LOOP_U_z_27_ROM_AUTO_1R      |        0|  10|   7|    0|    40|   10|     1|          400|
    |U_z_28_U      |gru_va_Pipeline_HIDDEN_LOOP_U_z_28_ROM_AUTO_1R      |        0|   9|   6|    0|    40|    9|     1|          360|
    |U_z_29_U      |gru_va_Pipeline_HIDDEN_LOOP_U_z_29_ROM_AUTO_1R      |        0|  10|   7|    0|    40|   10|     1|          400|
    |U_z_2_U       |gru_va_Pipeline_HIDDEN_LOOP_U_z_2_ROM_AUTO_1R       |        0|  10|   7|    0|    40|   10|     1|          400|
    |U_z_30_U      |gru_va_Pipeline_HIDDEN_LOOP_U_z_30_ROM_AUTO_1R      |        0|  10|   7|    0|    40|   10|     1|          400|
    |U_z_31_U      |gru_va_Pipeline_HIDDEN_LOOP_U_z_31_ROM_AUTO_1R      |        0|  10|   7|    0|    40|   10|     1|          400|
    |U_z_32_U      |gru_va_Pipeline_HIDDEN_LOOP_U_z_32_ROM_AUTO_1R      |        0|  10|   7|    0|    40|   10|     1|          400|
    |U_z_33_U      |gru_va_Pipeline_HIDDEN_LOOP_U_z_33_ROM_AUTO_1R      |        0|   9|   6|    0|    40|    9|     1|          360|
    |U_z_34_U      |gru_va_Pipeline_HIDDEN_LOOP_U_z_34_ROM_AUTO_1R      |        0|  10|   7|    0|    40|   10|     1|          400|
    |U_z_35_U      |gru_va_Pipeline_HIDDEN_LOOP_U_z_35_ROM_AUTO_1R      |        0|   9|   6|    0|    40|    9|     1|          360|
    |U_z_36_U      |gru_va_Pipeline_HIDDEN_LOOP_U_z_36_ROM_AUTO_1R      |        0|  10|   7|    0|    40|   10|     1|          400|
    |U_z_37_U      |gru_va_Pipeline_HIDDEN_LOOP_U_z_37_ROM_AUTO_1R      |        0|  10|   7|    0|    40|   10|     1|          400|
    |U_z_38_U      |gru_va_Pipeline_HIDDEN_LOOP_U_z_38_ROM_AUTO_1R      |        0|  10|   7|    0|    40|   10|     1|          400|
    |U_z_39_U      |gru_va_Pipeline_HIDDEN_LOOP_U_z_39_ROM_AUTO_1R      |        0|  10|   7|    0|    40|   10|     1|          400|
    |U_z_3_U       |gru_va_Pipeline_HIDDEN_LOOP_U_z_3_ROM_AUTO_1R       |        0|   9|   6|    0|    40|    9|     1|          360|
    |U_z_4_U       |gru_va_Pipeline_HIDDEN_LOOP_U_z_4_ROM_AUTO_1R       |        0|  10|   7|    0|    40|   10|     1|          400|
    |U_z_5_U       |gru_va_Pipeline_HIDDEN_LOOP_U_z_5_ROM_AUTO_1R       |        0|  10|   7|    0|    40|   10|     1|          400|
    |U_z_6_U       |gru_va_Pipeline_HIDDEN_LOOP_U_z_6_ROM_AUTO_1R       |        0|  10|   7|    0|    40|   10|     1|          400|
    |U_z_7_U       |gru_va_Pipeline_HIDDEN_LOOP_U_z_7_ROM_AUTO_1R       |        0|   9|   6|    0|    40|    9|     1|          360|
    |U_z_8_U       |gru_va_Pipeline_HIDDEN_LOOP_U_z_8_ROM_AUTO_1R       |        0|  10|   7|    0|    40|   10|     1|          400|
    |U_z_9_U       |gru_va_Pipeline_HIDDEN_LOOP_U_z_9_ROM_AUTO_1R       |        0|   9|   6|    0|    40|    9|     1|          360|
    |W_n_U         |gru_va_Pipeline_HIDDEN_LOOP_W_n_ROM_AUTO_1R         |        0|  11|   7|    0|    40|   11|     1|          440|
    |W_r_U         |gru_va_Pipeline_HIDDEN_LOOP_W_r_ROM_AUTO_1R         |        0|  11|   7|    0|    40|   11|     1|          440|
    |W_z_U         |gru_va_Pipeline_HIDDEN_LOOP_W_z_ROM_AUTO_1R         |        0|  11|   7|    0|    40|   11|     1|          440|
    |b_hn_U        |gru_va_Pipeline_HIDDEN_LOOP_b_hn_ROM_AUTO_1R        |        0|   8|   5|    0|    40|    8|     1|          320|
    |b_hr_U        |gru_va_Pipeline_HIDDEN_LOOP_b_hr_ROM_AUTO_1R        |        0|   7|   5|    0|    40|    7|     1|          280|
    |b_hz_U        |gru_va_Pipeline_HIDDEN_LOOP_b_hz_ROM_AUTO_1R        |        0|   8|   5|    0|    40|    8|     1|          320|
    |b_in_U        |gru_va_Pipeline_HIDDEN_LOOP_b_in_ROM_AUTO_1R        |        0|   8|   5|    0|    40|    8|     1|          320|
    |b_ir_U        |gru_va_Pipeline_HIDDEN_LOOP_b_ir_ROM_AUTO_1R        |        0|   7|   5|    0|    40|    7|     1|          280|
    |b_iz_U        |gru_va_Pipeline_HIDDEN_LOOP_b_iz_ROM_AUTO_1R        |        0|   9|   6|    0|    40|    9|     1|          360|
    |w_out_U       |gru_va_Pipeline_HIDDEN_LOOP_w_out_ROM_AUTO_1R       |        0|   8|   5|    0|    40|    8|     1|          320|
    +--------------+----------------------------------------------------+---------+----+----+-----+------+-----+------+-------------+
    |Total         |                                                    |        4|1172| 784|    0|  6225| 1183|   131|        58155|
    +--------------+----------------------------------------------------+---------+----+----+-----+------+-----+------+-------------+

    * FIFO: 
    N/A

    * Expression: 
    +-------------------------------+----------+----+---+-----+------------+------------+
    |         Variable Name         | Operation| DSP| FF| LUT | Bitwidth P0| Bitwidth P1|
    +-------------------------------+----------+----+---+-----+------------+------------+
    |add_ln169_1_fu_15815_p2        |         +|   0|  0|   12|          11|           1|
    |add_ln169_2_fu_17536_p2        |         +|   0|  0|   12|          11|           1|
    |add_ln169_fu_15767_p2          |         +|   0|  0|   12|          11|           1|
    |add_ln170_2_fu_16339_p2        |         +|   0|  0|   49|          42|          42|
    |add_ln170_4_fu_17608_p2        |         +|   0|  0|   49|          42|          42|
    |add_ln170_fu_15886_p2          |         +|   0|  0|   49|          42|          42|
    |add_ln171_1_fu_16700_p2        |         +|   0|  0|   12|          12|          12|
    |add_ln171_2_fu_17854_p2        |         +|   0|  0|   12|          12|          12|
    |add_ln171_fu_16154_p2          |         +|   0|  0|   12|          12|          12|
    |add_ln183_2_fu_18152_p2        |         +|   0|  0|   30|          23|          21|
    |add_ln183_fu_16885_p2          |         +|   0|  0|   30|          23|          21|
    |add_ln245_fu_6520_p2           |         +|   0|  0|   14|           6|           1|
    |add_ln285_fu_6533_p2           |         +|   0|  0|   15|           8|           8|
    |add_ln287_fu_6551_p2           |         +|   0|  0|   13|          10|          10|
    |add_ln300_10_fu_9412_p2        |         +|   0|  0|   40|          33|          33|
    |add_ln300_11_fu_9680_p2        |         +|   0|  0|   40|          33|          33|
    |add_ln300_12_fu_9814_p2        |         +|   0|  0|   40|          33|          33|
    |add_ln300_13_fu_10082_p2       |         +|   0|  0|   40|          33|          33|
    |add_ln300_14_fu_10216_p2       |         +|   0|  0|   40|          33|          33|
    |add_ln300_15_fu_10484_p2       |         +|   0|  0|   40|          33|          33|
    |add_ln300_16_fu_10618_p2       |         +|   0|  0|   40|          33|          33|
    |add_ln300_17_fu_10886_p2       |         +|   0|  0|   40|          33|          33|
    |add_ln300_18_fu_11020_p2       |         +|   0|  0|   40|          33|          33|
    |add_ln300_19_fu_11288_p2       |         +|   0|  0|   40|          33|          33|
    |add_ln300_1_fu_7670_p2         |         +|   0|  0|   40|          33|          33|
    |add_ln300_20_fu_11422_p2       |         +|   0|  0|   40|          33|          33|
    |add_ln300_21_fu_11690_p2       |         +|   0|  0|   40|          33|          33|
    |add_ln300_22_fu_11824_p2       |         +|   0|  0|   40|          33|          33|
    |add_ln300_23_fu_12092_p2       |         +|   0|  0|   40|          33|          33|
    |add_ln300_24_fu_12226_p2       |         +|   0|  0|   40|          33|          33|
    |add_ln300_25_fu_12494_p2       |         +|   0|  0|   40|          33|          33|
    |add_ln300_26_fu_12628_p2       |         +|   0|  0|   40|          33|          33|
    |add_ln300_27_fu_12896_p2       |         +|   0|  0|   40|          33|          33|
    |add_ln300_28_fu_13030_p2       |         +|   0|  0|   40|          33|          33|
    |add_ln300_29_fu_13298_p2       |         +|   0|  0|   40|          33|          33|
    |add_ln300_2_fu_7804_p2         |         +|   0|  0|   40|          33|          33|
    |add_ln300_30_fu_13432_p2       |         +|   0|  0|   40|          33|          33|
    |add_ln300_31_fu_13700_p2       |         +|   0|  0|   40|          33|          33|
    |add_ln300_32_fu_13834_p2       |         +|   0|  0|   40|          33|          33|
    |add_ln300_33_fu_14102_p2       |         +|   0|  0|   40|          33|          33|
    |add_ln300_34_fu_14236_p2       |         +|   0|  0|   40|          33|          33|
    |add_ln300_35_fu_14504_p2       |         +|   0|  0|   40|          33|          33|
    |add_ln300_36_fu_14638_p2       |         +|   0|  0|   40|          33|          33|
    |add_ln300_37_fu_14906_p2       |         +|   0|  0|   40|          33|          33|
    |add_ln300_38_fu_15040_p2       |         +|   0|  0|   40|          33|          33|
    |add_ln300_39_fu_15174_p2       |         +|   0|  0|   40|          33|          33|
    |add_ln300_3_fu_8072_p2         |         +|   0|  0|   40|          33|          33|
    |add_ln300_40_fu_7389_p2        |         +|   0|  0|   39|          32|          32|
    |add_ln300_4_fu_8206_p2         |         +|   0|  0|   40|          33|          33|
    |add_ln300_5_fu_8474_p2         |         +|   0|  0|   40|          33|          33|
    |add_ln300_6_fu_8608_p2         |         +|   0|  0|   40|          33|          33|
    |add_ln300_7_fu_8876_p2         |         +|   0|  0|   40|          33|          33|
    |add_ln300_8_fu_9010_p2         |         +|   0|  0|   40|          33|          33|
    |add_ln300_9_fu_9278_p2         |         +|   0|  0|   40|          33|          33|
    |add_ln300_fu_7394_p2           |         +|   0|  0|   40|          33|          33|
    |add_ln301_10_fu_9480_p2        |         +|   0|  0|   40|          33|          33|
    |add_ln301_11_fu_9746_p2        |         +|   0|  0|   40|          33|          33|
    |add_ln301_12_fu_9882_p2        |         +|   0|  0|   40|          33|          33|
    |add_ln301_13_fu_10148_p2       |         +|   0|  0|   40|          33|          33|
    |add_ln301_14_fu_10284_p2       |         +|   0|  0|   40|          33|          33|
    |add_ln301_15_fu_10550_p2       |         +|   0|  0|   40|          33|          33|
    |add_ln301_16_fu_10686_p2       |         +|   0|  0|   40|          33|          33|
    |add_ln301_17_fu_10952_p2       |         +|   0|  0|   40|          33|          33|
    |add_ln301_18_fu_11088_p2       |         +|   0|  0|   40|          33|          33|
    |add_ln301_19_fu_11354_p2       |         +|   0|  0|   40|          33|          33|
    |add_ln301_1_fu_7736_p2         |         +|   0|  0|   40|          33|          33|
    |add_ln301_20_fu_11490_p2       |         +|   0|  0|   40|          33|          33|
    |add_ln301_21_fu_11756_p2       |         +|   0|  0|   40|          33|          33|
    |add_ln301_22_fu_11892_p2       |         +|   0|  0|   40|          33|          33|
    |add_ln301_23_fu_12158_p2       |         +|   0|  0|   40|          33|          33|
    |add_ln301_24_fu_12294_p2       |         +|   0|  0|   40|          33|          33|
    |add_ln301_25_fu_12560_p2       |         +|   0|  0|   40|          33|          33|
    |add_ln301_26_fu_12696_p2       |         +|   0|  0|   40|          33|          33|
    |add_ln301_27_fu_12962_p2       |         +|   0|  0|   40|          33|          33|
    |add_ln301_28_fu_13098_p2       |         +|   0|  0|   40|          33|          33|
    |add_ln301_29_fu_13364_p2       |         +|   0|  0|   40|          33|          33|
    |add_ln301_2_fu_7872_p2         |         +|   0|  0|   40|          33|          33|
    |add_ln301_30_fu_13500_p2       |         +|   0|  0|   40|          33|          33|
    |add_ln301_31_fu_13766_p2       |         +|   0|  0|   40|          33|          33|
    |add_ln301_32_fu_13902_p2       |         +|   0|  0|   40|          33|          33|
    |add_ln301_33_fu_14168_p2       |         +|   0|  0|   40|          33|          33|
    |add_ln301_34_fu_14304_p2       |         +|   0|  0|   40|          33|          33|
    |add_ln301_35_fu_14570_p2       |         +|   0|  0|   40|          33|          33|
    |add_ln301_36_fu_14706_p2       |         +|   0|  0|   40|          33|          33|
    |add_ln301_37_fu_14972_p2       |         +|   0|  0|   40|          33|          33|
    |add_ln301_38_fu_15108_p2       |         +|   0|  0|   40|          33|          33|
    |add_ln301_39_fu_15240_p2       |         +|   0|  0|   40|          33|          33|
    |add_ln301_3_fu_8138_p2         |         +|   0|  0|   40|          33|          33|
    |add_ln301_40_fu_7461_p2        |         +|   0|  0|   39|          32|          32|
    |add_ln301_4_fu_8274_p2         |         +|   0|  0|   40|          33|          33|
    |add_ln301_5_fu_8540_p2         |         +|   0|  0|   40|          33|          33|
    |add_ln301_6_fu_8676_p2         |         +|   0|  0|   40|          33|          33|
    |add_ln301_7_fu_8942_p2         |         +|   0|  0|   40|          33|          33|
    |add_ln301_8_fu_9078_p2         |         +|   0|  0|   40|          33|          33|
    |add_ln301_9_fu_9344_p2         |         +|   0|  0|   40|          33|          33|
    |add_ln301_fu_7466_p2           |         +|   0|  0|   40|          33|          33|
    |add_ln302_10_fu_9144_p2        |         +|   0|  0|   40|          33|          33|
    |add_ln302_11_fu_9212_p2        |         +|   0|  0|   40|          33|          33|
    |add_ln302_12_fu_9546_p2        |         +|   0|  0|   40|          33|          33|
    |add_ln302_13_fu_9614_p2        |         +|   0|  0|   40|          33|          33|
    |add_ln302_14_fu_9948_p2        |         +|   0|  0|   40|          33|          33|
    |add_ln302_15_fu_10016_p2       |         +|   0|  0|   40|          33|          33|
    |add_ln302_16_fu_10350_p2       |         +|   0|  0|   40|          33|          33|
    |add_ln302_17_fu_10418_p2       |         +|   0|  0|   40|          33|          33|
    |add_ln302_18_fu_10752_p2       |         +|   0|  0|   40|          33|          33|
    |add_ln302_19_fu_10820_p2       |         +|   0|  0|   40|          33|          33|
    |add_ln302_1_fu_7293_p2         |         +|   0|  0|   40|          33|          33|
    |add_ln302_20_fu_11154_p2       |         +|   0|  0|   40|          33|          33|
    |add_ln302_21_fu_11222_p2       |         +|   0|  0|   40|          33|          33|
    |add_ln302_22_fu_11556_p2       |         +|   0|  0|   40|          33|          33|
    |add_ln302_23_fu_11624_p2       |         +|   0|  0|   40|          33|          33|
    |add_ln302_24_fu_11958_p2       |         +|   0|  0|   40|          33|          33|
    |add_ln302_25_fu_12026_p2       |         +|   0|  0|   40|          33|          33|
    |add_ln302_26_fu_12360_p2       |         +|   0|  0|   40|          33|          33|
    |add_ln302_27_fu_12428_p2       |         +|   0|  0|   40|          33|          33|
    |add_ln302_28_fu_12762_p2       |         +|   0|  0|   40|          33|          33|
    |add_ln302_29_fu_12830_p2       |         +|   0|  0|   40|          33|          33|
    |add_ln302_2_fu_7536_p2         |         +|   0|  0|   40|          33|          33|
    |add_ln302_30_fu_13164_p2       |         +|   0|  0|   40|          33|          33|
    |add_ln302_31_fu_13232_p2       |         +|   0|  0|   40|          33|          33|
    |add_ln302_32_fu_13566_p2       |         +|   0|  0|   40|          33|          33|
    |add_ln302_33_fu_13634_p2       |         +|   0|  0|   40|          33|          33|
    |add_ln302_34_fu_13968_p2       |         +|   0|  0|   40|          33|          33|
    |add_ln302_35_fu_14036_p2       |         +|   0|  0|   40|          33|          33|
    |add_ln302_36_fu_14370_p2       |         +|   0|  0|   40|          33|          33|
    |add_ln302_37_fu_14438_p2       |         +|   0|  0|   40|          33|          33|
    |add_ln302_38_fu_14772_p2       |         +|   0|  0|   40|          33|          33|
    |add_ln302_39_fu_14840_p2       |         +|   0|  0|   40|          33|          33|
    |add_ln302_3_fu_7604_p2         |         +|   0|  0|   40|          33|          33|
    |add_ln302_40_fu_7216_p2        |         +|   0|  0|   39|          32|          32|
    |add_ln302_4_fu_7938_p2         |         +|   0|  0|   40|          33|          33|
    |add_ln302_5_fu_8006_p2         |         +|   0|  0|   40|          33|          33|
    |add_ln302_6_fu_8340_p2         |         +|   0|  0|   40|          33|          33|
    |add_ln302_7_fu_8408_p2         |         +|   0|  0|   40|          33|          33|
    |add_ln302_8_fu_8742_p2         |         +|   0|  0|   40|          33|          33|
    |add_ln302_9_fu_8810_p2         |         +|   0|  0|   40|          33|          33|
    |add_ln302_fu_7221_p2           |         +|   0|  0|   40|          33|          33|
    |add_ln314_fu_17185_p2          |         +|   0|  0|   51|          44|          44|
    |add_ln324_fu_18371_p2          |         +|   0|  0|   52|          45|          45|
    |add_ln326_fu_18601_p2          |         +|   0|  0|   12|          12|          12|
    |add_ln331_1_fu_19040_p2        |         +|   0|  0|   39|          32|          32|
    |add_ln331_fu_19046_p2          |         +|   0|  0|   40|          33|          33|
    |candidate_pre_1_fu_17252_p2    |         +|   0|  0|   39|          32|          32|
    |half_v_1_fu_15340_p2           |         +|   0|  0|   39|          32|          32|
    |half_v_4_fu_15450_p2           |         +|   0|  0|   39|          32|          32|
    |r_1_fu_16935_p2                |         +|   0|  0|   12|          12|          12|
    |state_update_1_fu_18423_p2     |         +|   0|  0|   33|          26|          26|
    |val_n_rec_11_fu_8001_p2        |         +|   0|  0|   39|          32|          32|
    |val_n_rec_13_fu_8336_p2        |         +|   0|  0|   39|          32|          32|
    |val_n_rec_15_fu_8403_p2        |         +|   0|  0|   39|          32|          32|
    |val_n_rec_17_fu_8738_p2        |         +|   0|  0|   39|          32|          32|
    |val_n_rec_19_fu_8805_p2        |         +|   0|  0|   39|          32|          32|
    |val_n_rec_21_fu_9140_p2        |         +|   0|  0|   39|          32|          32|
    |val_n_rec_23_fu_9207_p2        |         +|   0|  0|   39|          32|          32|
    |val_n_rec_25_fu_9542_p2        |         +|   0|  0|   39|          32|          32|
    |val_n_rec_27_fu_9609_p2        |         +|   0|  0|   39|          32|          32|
    |val_n_rec_29_fu_9944_p2        |         +|   0|  0|   39|          32|          32|
    |val_n_rec_31_fu_10011_p2       |         +|   0|  0|   39|          32|          32|
    |val_n_rec_33_fu_10346_p2       |         +|   0|  0|   39|          32|          32|
    |val_n_rec_35_fu_10413_p2       |         +|   0|  0|   39|          32|          32|
    |val_n_rec_37_fu_10748_p2       |         +|   0|  0|   39|          32|          32|
    |val_n_rec_39_fu_10815_p2       |         +|   0|  0|   39|          32|          32|
    |val_n_rec_3_fu_7288_p2         |         +|   0|  0|   39|          32|          32|
    |val_n_rec_41_fu_11150_p2       |         +|   0|  0|   39|          32|          32|
    |val_n_rec_43_fu_11217_p2       |         +|   0|  0|   39|          32|          32|
    |val_n_rec_45_fu_11552_p2       |         +|   0|  0|   39|          32|          32|
    |val_n_rec_47_fu_11619_p2       |         +|   0|  0|   39|          32|          32|
    |val_n_rec_49_fu_11954_p2       |         +|   0|  0|   39|          32|          32|
    |val_n_rec_51_fu_12021_p2       |         +|   0|  0|   39|          32|          32|
    |val_n_rec_53_fu_12356_p2       |         +|   0|  0|   39|          32|          32|
    |val_n_rec_55_fu_12423_p2       |         +|   0|  0|   39|          32|          32|
    |val_n_rec_57_fu_12758_p2       |         +|   0|  0|   39|          32|          32|
    |val_n_rec_59_fu_12825_p2       |         +|   0|  0|   39|          32|          32|
    |val_n_rec_5_fu_7532_p2         |         +|   0|  0|   39|          32|          32|
    |val_n_rec_61_fu_13160_p2       |         +|   0|  0|   39|          32|          32|
    |val_n_rec_63_fu_13227_p2       |         +|   0|  0|   39|          32|          32|
    |val_n_rec_65_fu_13562_p2       |         +|   0|  0|   39|          32|          32|
    |val_n_rec_67_fu_13629_p2       |         +|   0|  0|   39|          32|          32|
    |val_n_rec_69_fu_13964_p2       |         +|   0|  0|   39|          32|          32|
    |val_n_rec_71_fu_14031_p2       |         +|   0|  0|   39|          32|          32|
    |val_n_rec_73_fu_14366_p2       |         +|   0|  0|   39|          32|          32|
    |val_n_rec_75_fu_14433_p2       |         +|   0|  0|   39|          32|          32|
    |val_n_rec_77_fu_14768_p2       |         +|   0|  0|   39|          32|          32|
    |val_n_rec_79_fu_14835_p2       |         +|   0|  0|   39|          32|          32|
    |val_n_rec_7_fu_7599_p2         |         +|   0|  0|   39|          32|          32|
    |val_n_rec_9_fu_7934_p2         |         +|   0|  0|   39|          32|          32|
    |val_r_11_fu_8470_p2            |         +|   0|  0|   39|          32|          32|
    |val_r_13_fu_8603_p2            |         +|   0|  0|   39|          32|          32|
    |val_r_15_fu_8872_p2            |         +|   0|  0|   39|          32|          32|
    |val_r_17_fu_9005_p2            |         +|   0|  0|   39|          32|          32|
    |val_r_19_fu_9274_p2            |         +|   0|  0|   39|          32|          32|
    |val_r_21_fu_9407_p2            |         +|   0|  0|   39|          32|          32|
    |val_r_23_fu_9676_p2            |         +|   0|  0|   39|          32|          32|
    |val_r_25_fu_9809_p2            |         +|   0|  0|   39|          32|          32|
    |val_r_27_fu_10078_p2           |         +|   0|  0|   39|          32|          32|
    |val_r_29_fu_10211_p2           |         +|   0|  0|   39|          32|          32|
    |val_r_31_fu_10480_p2           |         +|   0|  0|   39|          32|          32|
    |val_r_33_fu_10613_p2           |         +|   0|  0|   39|          32|          32|
    |val_r_35_fu_10882_p2           |         +|   0|  0|   39|          32|          32|
    |val_r_37_fu_11015_p2           |         +|   0|  0|   39|          32|          32|
    |val_r_39_fu_11284_p2           |         +|   0|  0|   39|          32|          32|
    |val_r_3_fu_7666_p2             |         +|   0|  0|   39|          32|          32|
    |val_r_41_fu_11417_p2           |         +|   0|  0|   39|          32|          32|
    |val_r_43_fu_11686_p2           |         +|   0|  0|   39|          32|          32|
    |val_r_45_fu_11819_p2           |         +|   0|  0|   39|          32|          32|
    |val_r_47_fu_12088_p2           |         +|   0|  0|   39|          32|          32|
    |val_r_49_fu_12221_p2           |         +|   0|  0|   39|          32|          32|
    |val_r_51_fu_12490_p2           |         +|   0|  0|   39|          32|          32|
    |val_r_53_fu_12623_p2           |         +|   0|  0|   39|          32|          32|
    |val_r_55_fu_12892_p2           |         +|   0|  0|   39|          32|          32|
    |val_r_57_fu_13025_p2           |         +|   0|  0|   39|          32|          32|
    |val_r_59_fu_13294_p2           |         +|   0|  0|   39|          32|          32|
    |val_r_5_fu_7799_p2             |         +|   0|  0|   39|          32|          32|
    |val_r_61_fu_13427_p2           |         +|   0|  0|   39|          32|          32|
    |val_r_63_fu_13696_p2           |         +|   0|  0|   39|          32|          32|
    |val_r_65_fu_13829_p2           |         +|   0|  0|   39|          32|          32|
    |val_r_67_fu_14098_p2           |         +|   0|  0|   39|          32|          32|
    |val_r_69_fu_14231_p2           |         +|   0|  0|   39|          32|          32|
    |val_r_71_fu_14500_p2           |         +|   0|  0|   39|          32|          32|
    |val_r_73_fu_14633_p2           |         +|   0|  0|   39|          32|          32|
    |val_r_75_fu_14902_p2           |         +|   0|  0|   39|          32|          32|
    |val_r_77_fu_15035_p2           |         +|   0|  0|   39|          32|          32|
    |val_r_79_fu_15170_p2           |         +|   0|  0|   39|          32|          32|
    |val_r_7_fu_8068_p2             |         +|   0|  0|   39|          32|          32|
    |val_r_9_fu_8201_p2             |         +|   0|  0|   39|          32|          32|
    |val_z_11_fu_8536_p2            |         +|   0|  0|   39|          32|          32|
    |val_z_13_fu_8671_p2            |         +|   0|  0|   39|          32|          32|
    |val_z_15_fu_8938_p2            |         +|   0|  0|   39|          32|          32|
    |val_z_17_fu_9073_p2            |         +|   0|  0|   39|          32|          32|
    |val_z_19_fu_9340_p2            |         +|   0|  0|   39|          32|          32|
    |val_z_21_fu_9475_p2            |         +|   0|  0|   39|          32|          32|
    |val_z_23_fu_9742_p2            |         +|   0|  0|   39|          32|          32|
    |val_z_25_fu_9877_p2            |         +|   0|  0|   39|          32|          32|
    |val_z_27_fu_10144_p2           |         +|   0|  0|   39|          32|          32|
    |val_z_29_fu_10279_p2           |         +|   0|  0|   39|          32|          32|
    |val_z_31_fu_10546_p2           |         +|   0|  0|   39|          32|          32|
    |val_z_33_fu_10681_p2           |         +|   0|  0|   39|          32|          32|
    |val_z_35_fu_10948_p2           |         +|   0|  0|   39|          32|          32|
    |val_z_37_fu_11083_p2           |         +|   0|  0|   39|          32|          32|
    |val_z_39_fu_11350_p2           |         +|   0|  0|   39|          32|          32|
    |val_z_3_fu_7732_p2             |         +|   0|  0|   39|          32|          32|
    |val_z_41_fu_11485_p2           |         +|   0|  0|   39|          32|          32|
    |val_z_43_fu_11752_p2           |         +|   0|  0|   39|          32|          32|
    |val_z_45_fu_11887_p2           |         +|   0|  0|   39|          32|          32|
    |val_z_47_fu_12154_p2           |         +|   0|  0|   39|          32|          32|
    |val_z_49_fu_12289_p2           |         +|   0|  0|   39|          32|          32|
    |val_z_51_fu_12556_p2           |         +|   0|  0|   39|          32|          32|
    |val_z_53_fu_12691_p2           |         +|   0|  0|   39|          32|          32|
    |val_z_55_fu_12958_p2           |         +|   0|  0|   39|          32|          32|
    |val_z_57_fu_13093_p2           |         +|   0|  0|   39|          32|          32|
    |val_z_59_fu_13360_p2           |         +|   0|  0|   39|          32|          32|
    |val_z_5_fu_7867_p2             |         +|   0|  0|   39|          32|          32|
    |val_z_61_fu_13495_p2           |         +|   0|  0|   39|          32|          32|
    |val_z_63_fu_13762_p2           |         +|   0|  0|   39|          32|          32|
    |val_z_65_fu_13897_p2           |         +|   0|  0|   39|          32|          32|
    |val_z_67_fu_14164_p2           |         +|   0|  0|   39|          32|          32|
    |val_z_69_fu_14299_p2           |         +|   0|  0|   39|          32|          32|
    |val_z_71_fu_14566_p2           |         +|   0|  0|   39|          32|          32|
    |val_z_73_fu_14701_p2           |         +|   0|  0|   39|          32|          32|
    |val_z_75_fu_14968_p2           |         +|   0|  0|   39|          32|          32|
    |val_z_77_fu_15103_p2           |         +|   0|  0|   39|          32|          32|
    |val_z_79_fu_15236_p2           |         +|   0|  0|   39|          32|          32|
    |val_z_7_fu_8134_p2             |         +|   0|  0|   39|          32|          32|
    |val_z_9_fu_8269_p2             |         +|   0|  0|   39|          32|          32|
    |y_1_fu_15951_p2                |         +|   0|  0|   30|          23|          23|
    |y_4_fu_16404_p2                |         +|   0|  0|   30|          23|          23|
    |y_7_fu_17671_p2                |         +|   0|  0|   30|          23|          23|
    |z_1_fu_18202_p2                |         +|   0|  0|   12|          12|          12|
    |sub_ln150_1_fu_15641_p2        |         -|   0|  0|   40|           1|          33|
    |sub_ln150_2_fu_17410_p2        |         -|   0|  0|   40|           1|          33|
    |sub_ln150_fu_15519_p2          |         -|   0|  0|   40|           1|          33|
    |sub_ln170_1_fu_15869_p2        |         -|   0|  0|   29|          22|          22|
    |sub_ln170_2_fu_17571_p2        |         -|   0|  0|   29|          22|          22|
    |sub_ln170_fu_15806_p2          |         -|   0|  0|   29|          22|          22|
    |sub_ln173_1_fu_17078_p2        |         -|   0|  0|   14|           1|          13|
    |sub_ln173_2_fu_18057_p2        |         -|   0|  0|   14|           1|          13|
    |sub_ln173_fu_16535_p2          |         -|   0|  0|   14|           1|          13|
    |sub_ln324_fu_18338_p2          |         -|   0|  0|   30|          23|          23|
    |and_ln150_1_fu_15673_p2        |       and|   0|  0|    2|           1|           1|
    |and_ln150_2_fu_17442_p2        |       and|   0|  0|    2|           1|           1|
    |and_ln150_3_fu_15571_p2        |       and|   0|  0|    2|           1|           1|
    |and_ln150_4_fu_15693_p2        |       and|   0|  0|    2|           1|           1|
    |and_ln150_5_fu_17462_p2        |       and|   0|  0|    2|           1|           1|
    |and_ln150_fu_15551_p2          |       and|   0|  0|    2|           1|           1|
    |and_ln170_10_fu_17661_p2       |       and|   0|  0|    2|           1|           1|
    |and_ln170_11_fu_17695_p2       |       and|   0|  0|    2|           1|           1|
    |and_ln170_12_fu_17737_p2       |       and|   0|  0|    2|           1|           1|
    |and_ln170_13_fu_17743_p2       |       and|   0|  0|    2|           1|           1|
    |and_ln170_14_fu_17761_p2       |       and|   0|  0|    2|           1|           1|
    |and_ln170_1_fu_15975_p2        |       and|   0|  0|    2|           1|           1|
    |and_ln170_2_fu_16017_p2        |       and|   0|  0|    2|           1|           1|
    |and_ln170_3_fu_16023_p2        |       and|   0|  0|    2|           1|           1|
    |and_ln170_4_fu_16041_p2        |       and|   0|  0|    2|           1|           1|
    |and_ln170_5_fu_16394_p2        |       and|   0|  0|    2|           1|           1|
    |and_ln170_6_fu_16428_p2        |       and|   0|  0|    2|           1|           1|
    |and_ln170_7_fu_16470_p2        |       and|   0|  0|    2|           1|           1|
    |and_ln170_8_fu_16476_p2        |       and|   0|  0|    2|           1|           1|
    |and_ln170_9_fu_16494_p2        |       and|   0|  0|    2|           1|           1|
    |and_ln170_fu_15941_p2          |       and|   0|  0|    2|           1|           1|
    |and_ln171_10_fu_16782_p2       |       and|   0|  0|    2|           1|           1|
    |and_ln171_11_fu_16796_p2       |       and|   0|  0|    2|           1|           1|
    |and_ln171_12_fu_16820_p2       |       and|   0|  0|    2|           1|           1|
    |and_ln171_13_fu_16826_p2       |       and|   0|  0|    2|           1|           1|
    |and_ln171_14_fu_16844_p2       |       and|   0|  0|    2|           1|           1|
    |and_ln171_15_fu_16861_p2       |       and|   0|  0|    2|           1|           1|
    |and_ln171_16_fu_17844_p2       |       and|   0|  0|    2|           1|           1|
    |and_ln171_17_fu_17874_p2       |       and|   0|  0|    2|           1|           1|
    |and_ln171_18_fu_17936_p2       |       and|   0|  0|    2|           1|           1|
    |and_ln171_19_fu_17950_p2       |       and|   0|  0|    2|           1|           1|
    |and_ln171_1_fu_16174_p2        |       and|   0|  0|    2|           1|           1|
    |and_ln171_20_fu_17974_p2       |       and|   0|  0|    2|           1|           1|
    |and_ln171_21_fu_17980_p2       |       and|   0|  0|    2|           1|           1|
    |and_ln171_22_fu_17998_p2       |       and|   0|  0|    2|           1|           1|
    |and_ln171_23_fu_18015_p2       |       and|   0|  0|    2|           1|           1|
    |and_ln171_2_fu_16236_p2        |       and|   0|  0|    2|           1|           1|
    |and_ln171_3_fu_16250_p2        |       and|   0|  0|    2|           1|           1|
    |and_ln171_4_fu_16274_p2        |       and|   0|  0|    2|           1|           1|
    |and_ln171_5_fu_16280_p2        |       and|   0|  0|    2|           1|           1|
    |and_ln171_6_fu_16298_p2        |       and|   0|  0|    2|           1|           1|
    |and_ln171_7_fu_16315_p2        |       and|   0|  0|    2|           1|           1|
    |and_ln171_8_fu_16690_p2        |       and|   0|  0|    2|           1|           1|
    |and_ln171_9_fu_16720_p2        |       and|   0|  0|    2|           1|           1|
    |and_ln171_fu_16144_p2          |       and|   0|  0|    2|           1|           1|
    |and_ln173_1_fu_17110_p2        |       and|   0|  0|    2|           1|           1|
    |and_ln173_2_fu_18089_p2        |       and|   0|  0|    2|           1|           1|
    |and_ln173_3_fu_16587_p2        |       and|   0|  0|    2|           1|           1|
    |and_ln173_4_fu_17130_p2        |       and|   0|  0|    2|           1|           1|
    |and_ln173_5_fu_18109_p2        |       and|   0|  0|    2|           1|           1|
    |and_ln173_fu_16567_p2          |       and|   0|  0|    2|           1|           1|
    |and_ln181_1_fu_15384_p2        |       and|   0|  0|    2|           1|           1|
    |and_ln181_2_fu_15440_p2        |       and|   0|  0|    2|           1|           1|
    |and_ln181_3_fu_15494_p2        |       and|   0|  0|    2|           1|           1|
    |and_ln181_fu_15330_p2          |       and|   0|  0|    2|           1|           1|
    |and_ln183_1_fu_16955_p2        |       and|   0|  0|    2|           1|           1|
    |and_ln183_2_fu_16997_p2        |       and|   0|  0|    2|           1|           1|
    |and_ln183_3_fu_17003_p2        |       and|   0|  0|    2|           1|           1|
    |and_ln183_4_fu_17021_p2        |       and|   0|  0|    2|           1|           1|
    |and_ln183_5_fu_18192_p2        |       and|   0|  0|    2|           1|           1|
    |and_ln183_6_fu_18222_p2        |       and|   0|  0|    2|           1|           1|
    |and_ln183_7_fu_18264_p2        |       and|   0|  0|    2|           1|           1|
    |and_ln183_8_fu_18270_p2        |       and|   0|  0|    2|           1|           1|
    |and_ln183_9_fu_18288_p2        |       and|   0|  0|    2|           1|           1|
    |and_ln183_fu_16925_p2          |       and|   0|  0|    2|           1|           1|
    |and_ln300_10_fu_9440_p2        |       and|   0|  0|    2|           1|           1|
    |and_ln300_11_fu_9708_p2        |       and|   0|  0|    2|           1|           1|
    |and_ln300_12_fu_9842_p2        |       and|   0|  0|    2|           1|           1|
    |and_ln300_13_fu_10110_p2       |       and|   0|  0|    2|           1|           1|
    |and_ln300_14_fu_10244_p2       |       and|   0|  0|    2|           1|           1|
    |and_ln300_15_fu_10512_p2       |       and|   0|  0|    2|           1|           1|
    |and_ln300_16_fu_10646_p2       |       and|   0|  0|    2|           1|           1|
    |and_ln300_17_fu_10914_p2       |       and|   0|  0|    2|           1|           1|
    |and_ln300_18_fu_11048_p2       |       and|   0|  0|    2|           1|           1|
    |and_ln300_19_fu_11316_p2       |       and|   0|  0|    2|           1|           1|
    |and_ln300_1_fu_7698_p2         |       and|   0|  0|    2|           1|           1|
    |and_ln300_20_fu_11450_p2       |       and|   0|  0|    2|           1|           1|
    |and_ln300_21_fu_11718_p2       |       and|   0|  0|    2|           1|           1|
    |and_ln300_22_fu_11852_p2       |       and|   0|  0|    2|           1|           1|
    |and_ln300_23_fu_12120_p2       |       and|   0|  0|    2|           1|           1|
    |and_ln300_24_fu_12254_p2       |       and|   0|  0|    2|           1|           1|
    |and_ln300_25_fu_12522_p2       |       and|   0|  0|    2|           1|           1|
    |and_ln300_26_fu_12656_p2       |       and|   0|  0|    2|           1|           1|
    |and_ln300_27_fu_12924_p2       |       and|   0|  0|    2|           1|           1|
    |and_ln300_28_fu_13058_p2       |       and|   0|  0|    2|           1|           1|
    |and_ln300_29_fu_13326_p2       |       and|   0|  0|    2|           1|           1|
    |and_ln300_2_fu_7832_p2         |       and|   0|  0|    2|           1|           1|
    |and_ln300_30_fu_13460_p2       |       and|   0|  0|    2|           1|           1|
    |and_ln300_31_fu_13728_p2       |       and|   0|  0|    2|           1|           1|
    |and_ln300_32_fu_13862_p2       |       and|   0|  0|    2|           1|           1|
    |and_ln300_33_fu_14130_p2       |       and|   0|  0|    2|           1|           1|
    |and_ln300_34_fu_14264_p2       |       and|   0|  0|    2|           1|           1|
    |and_ln300_35_fu_14532_p2       |       and|   0|  0|    2|           1|           1|
    |and_ln300_36_fu_14666_p2       |       and|   0|  0|    2|           1|           1|
    |and_ln300_37_fu_14934_p2       |       and|   0|  0|    2|           1|           1|
    |and_ln300_38_fu_15068_p2       |       and|   0|  0|    2|           1|           1|
    |and_ln300_39_fu_15202_p2       |       and|   0|  0|    2|           1|           1|
    |and_ln300_3_fu_8100_p2         |       and|   0|  0|    2|           1|           1|
    |and_ln300_4_fu_8234_p2         |       and|   0|  0|    2|           1|           1|
    |and_ln300_5_fu_8502_p2         |       and|   0|  0|    2|           1|           1|
    |and_ln300_6_fu_8636_p2         |       and|   0|  0|    2|           1|           1|
    |and_ln300_7_fu_8904_p2         |       and|   0|  0|    2|           1|           1|
    |and_ln300_8_fu_9038_p2         |       and|   0|  0|    2|           1|           1|
    |and_ln300_9_fu_9306_p2         |       and|   0|  0|    2|           1|           1|
    |and_ln300_fu_7426_p2           |       and|   0|  0|    2|           1|           1|
    |and_ln301_10_fu_9508_p2        |       and|   0|  0|    2|           1|           1|
    |and_ln301_11_fu_9774_p2        |       and|   0|  0|    2|           1|           1|
    |and_ln301_12_fu_9910_p2        |       and|   0|  0|    2|           1|           1|
    |and_ln301_13_fu_10176_p2       |       and|   0|  0|    2|           1|           1|
    |and_ln301_14_fu_10312_p2       |       and|   0|  0|    2|           1|           1|
    |and_ln301_15_fu_10578_p2       |       and|   0|  0|    2|           1|           1|
    |and_ln301_16_fu_10714_p2       |       and|   0|  0|    2|           1|           1|
    |and_ln301_17_fu_10980_p2       |       and|   0|  0|    2|           1|           1|
    |and_ln301_18_fu_11116_p2       |       and|   0|  0|    2|           1|           1|
    |and_ln301_19_fu_11382_p2       |       and|   0|  0|    2|           1|           1|
    |and_ln301_1_fu_7764_p2         |       and|   0|  0|    2|           1|           1|
    |and_ln301_20_fu_11518_p2       |       and|   0|  0|    2|           1|           1|
    |and_ln301_21_fu_11784_p2       |       and|   0|  0|    2|           1|           1|
    |and_ln301_22_fu_11920_p2       |       and|   0|  0|    2|           1|           1|
    |and_ln301_23_fu_12186_p2       |       and|   0|  0|    2|           1|           1|
    |and_ln301_24_fu_12322_p2       |       and|   0|  0|    2|           1|           1|
    |and_ln301_25_fu_12588_p2       |       and|   0|  0|    2|           1|           1|
    |and_ln301_26_fu_12724_p2       |       and|   0|  0|    2|           1|           1|
    |and_ln301_27_fu_12990_p2       |       and|   0|  0|    2|           1|           1|
    |and_ln301_28_fu_13126_p2       |       and|   0|  0|    2|           1|           1|
    |and_ln301_29_fu_13392_p2       |       and|   0|  0|    2|           1|           1|
    |and_ln301_2_fu_7900_p2         |       and|   0|  0|    2|           1|           1|
    |and_ln301_30_fu_13528_p2       |       and|   0|  0|    2|           1|           1|
    |and_ln301_31_fu_13794_p2       |       and|   0|  0|    2|           1|           1|
    |and_ln301_32_fu_13930_p2       |       and|   0|  0|    2|           1|           1|
    |and_ln301_33_fu_14196_p2       |       and|   0|  0|    2|           1|           1|
    |and_ln301_34_fu_14332_p2       |       and|   0|  0|    2|           1|           1|
    |and_ln301_35_fu_14598_p2       |       and|   0|  0|    2|           1|           1|
    |and_ln301_36_fu_14734_p2       |       and|   0|  0|    2|           1|           1|
    |and_ln301_37_fu_15000_p2       |       and|   0|  0|    2|           1|           1|
    |and_ln301_38_fu_15136_p2       |       and|   0|  0|    2|           1|           1|
    |and_ln301_39_fu_15268_p2       |       and|   0|  0|    2|           1|           1|
    |and_ln301_3_fu_8166_p2         |       and|   0|  0|    2|           1|           1|
    |and_ln301_4_fu_8302_p2         |       and|   0|  0|    2|           1|           1|
    |and_ln301_5_fu_8568_p2         |       and|   0|  0|    2|           1|           1|
    |and_ln301_6_fu_8704_p2         |       and|   0|  0|    2|           1|           1|
    |and_ln301_7_fu_8970_p2         |       and|   0|  0|    2|           1|           1|
    |and_ln301_8_fu_9106_p2         |       and|   0|  0|    2|           1|           1|
    |and_ln301_9_fu_9372_p2         |       and|   0|  0|    2|           1|           1|
    |and_ln301_fu_7498_p2           |       and|   0|  0|    2|           1|           1|
    |and_ln302_10_fu_9172_p2        |       and|   0|  0|    2|           1|           1|
    |and_ln302_11_fu_9240_p2        |       and|   0|  0|    2|           1|           1|
    |and_ln302_12_fu_9574_p2        |       and|   0|  0|    2|           1|           1|
    |and_ln302_13_fu_9642_p2        |       and|   0|  0|    2|           1|           1|
    |and_ln302_14_fu_9976_p2        |       and|   0|  0|    2|           1|           1|
    |and_ln302_15_fu_10044_p2       |       and|   0|  0|    2|           1|           1|
    |and_ln302_16_fu_10378_p2       |       and|   0|  0|    2|           1|           1|
    |and_ln302_17_fu_10446_p2       |       and|   0|  0|    2|           1|           1|
    |and_ln302_18_fu_10780_p2       |       and|   0|  0|    2|           1|           1|
    |and_ln302_19_fu_10848_p2       |       and|   0|  0|    2|           1|           1|
    |and_ln302_1_fu_7321_p2         |       and|   0|  0|    2|           1|           1|
    |and_ln302_20_fu_11182_p2       |       and|   0|  0|    2|           1|           1|
    |and_ln302_21_fu_11250_p2       |       and|   0|  0|    2|           1|           1|
    |and_ln302_22_fu_11584_p2       |       and|   0|  0|    2|           1|           1|
    |and_ln302_23_fu_11652_p2       |       and|   0|  0|    2|           1|           1|
    |and_ln302_24_fu_11986_p2       |       and|   0|  0|    2|           1|           1|
    |and_ln302_25_fu_12054_p2       |       and|   0|  0|    2|           1|           1|
    |and_ln302_26_fu_12388_p2       |       and|   0|  0|    2|           1|           1|
    |and_ln302_27_fu_12456_p2       |       and|   0|  0|    2|           1|           1|
    |and_ln302_28_fu_12790_p2       |       and|   0|  0|    2|           1|           1|
    |and_ln302_29_fu_12858_p2       |       and|   0|  0|    2|           1|           1|
    |and_ln302_2_fu_7564_p2         |       and|   0|  0|    2|           1|           1|
    |and_ln302_30_fu_13192_p2       |       and|   0|  0|    2|           1|           1|
    |and_ln302_31_fu_13260_p2       |       and|   0|  0|    2|           1|           1|
    |and_ln302_32_fu_13594_p2       |       and|   0|  0|    2|           1|           1|
    |and_ln302_33_fu_13662_p2       |       and|   0|  0|    2|           1|           1|
    |and_ln302_34_fu_13996_p2       |       and|   0|  0|    2|           1|           1|
    |and_ln302_35_fu_14064_p2       |       and|   0|  0|    2|           1|           1|
    |and_ln302_36_fu_14398_p2       |       and|   0|  0|    2|           1|           1|
    |and_ln302_37_fu_14466_p2       |       and|   0|  0|    2|           1|           1|
    |and_ln302_38_fu_14800_p2       |       and|   0|  0|    2|           1|           1|
    |and_ln302_39_fu_14868_p2       |       and|   0|  0|    2|           1|           1|
    |and_ln302_3_fu_7632_p2         |       and|   0|  0|    2|           1|           1|
    |and_ln302_4_fu_7966_p2         |       and|   0|  0|    2|           1|           1|
    |and_ln302_5_fu_8034_p2         |       and|   0|  0|    2|           1|           1|
    |and_ln302_6_fu_8368_p2         |       and|   0|  0|    2|           1|           1|
    |and_ln302_7_fu_8436_p2         |       and|   0|  0|    2|           1|           1|
    |and_ln302_8_fu_8770_p2         |       and|   0|  0|    2|           1|           1|
    |and_ln302_9_fu_8838_p2         |       and|   0|  0|    2|           1|           1|
    |and_ln302_fu_7253_p2           |       and|   0|  0|    2|           1|           1|
    |and_ln314_1_fu_17272_p2        |       and|   0|  0|    2|           1|           1|
    |and_ln314_2_fu_17318_p2        |       and|   0|  0|    2|           1|           1|
    |and_ln314_3_fu_17329_p2        |       and|   0|  0|    2|           1|           1|
    |and_ln314_4_fu_17349_p2        |       and|   0|  0|    2|           1|           1|
    |and_ln314_5_fu_17355_p2        |       and|   0|  0|    2|           1|           1|
    |and_ln314_6_fu_17372_p2        |       and|   0|  0|    2|           1|           1|
    |and_ln314_fu_17242_p2          |       and|   0|  0|    2|           1|           1|
    |and_ln324_1_fu_18447_p2        |       and|   0|  0|    2|           1|           1|
    |and_ln324_2_fu_18483_p2        |       and|   0|  0|    2|           1|           1|
    |and_ln324_3_fu_18493_p2        |       and|   0|  0|    2|           1|           1|
    |and_ln324_4_fu_18509_p2        |       and|   0|  0|    2|           1|           1|
    |and_ln324_fu_18413_p2          |       and|   0|  0|    2|           1|           1|
    |and_ln326_1_fu_18621_p2        |       and|   0|  0|    2|           1|           1|
    |and_ln326_2_fu_18683_p2        |       and|   0|  0|    2|           1|           1|
    |and_ln326_3_fu_18727_p2        |       and|   0|  0|    2|           1|           1|
    |and_ln326_4_fu_18715_p2        |       and|   0|  0|    2|           1|           1|
    |and_ln326_5_fu_18721_p2        |       and|   0|  0|    2|           1|           1|
    |and_ln326_6_fu_18742_p2        |       and|   0|  0|    2|           1|           1|
    |and_ln326_fu_18591_p2          |       and|   0|  0|    2|           1|           1|
    |and_ln331_fu_19078_p2          |       and|   0|  0|    2|           1|           1|
    |ap_condition_13068             |       and|   0|  0|    2|           1|           1|
    |ap_condition_13072             |       and|   0|  0|    2|           1|           1|
    |ap_condition_13076             |       and|   0|  0|    2|           1|           1|
    |ap_condition_13080             |       and|   0|  0|    2|           1|           1|
    |ap_condition_13084             |       and|   0|  0|    2|           1|           1|
    |ap_condition_13088             |       and|   0|  0|    2|           1|           1|
    |ap_condition_13092             |       and|   0|  0|    2|           1|           1|
    |ap_condition_13096             |       and|   0|  0|    2|           1|           1|
    |ap_condition_13100             |       and|   0|  0|    2|           1|           1|
    |ap_condition_13104             |       and|   0|  0|    2|           1|           1|
    |ap_condition_13108             |       and|   0|  0|    2|           1|           1|
    |ap_condition_13112             |       and|   0|  0|    2|           1|           1|
    |ap_condition_13116             |       and|   0|  0|    2|           1|           1|
    |ap_condition_13120             |       and|   0|  0|    2|           1|           1|
    |ap_condition_13124             |       and|   0|  0|    2|           1|           1|
    |ap_condition_13128             |       and|   0|  0|    2|           1|           1|
    |ap_condition_13132             |       and|   0|  0|    2|           1|           1|
    |ap_condition_13136             |       and|   0|  0|    2|           1|           1|
    |ap_condition_13140             |       and|   0|  0|    2|           1|           1|
    |ap_condition_13144             |       and|   0|  0|    2|           1|           1|
    |ap_predicate_pred3855_state48  |       and|   0|  0|    2|           1|           1|
    |icmp_ln153_1_fu_15740_p2       |      icmp|   0|  0|   14|           9|           1|
    |icmp_ln153_2_fu_17507_p2       |      icmp|   0|  0|   14|           9|           1|
    |icmp_ln153_fu_15618_p2         |      icmp|   0|  0|   14|           9|           1|
    |icmp_ln170_1_fu_16375_p2       |      icmp|   0|  0|   26|          19|           1|
    |icmp_ln170_2_fu_17642_p2       |      icmp|   0|  0|   26|          19|           1|
    |icmp_ln170_fu_15922_p2         |      icmp|   0|  0|   26|          19|           1|
    |icmp_ln171_10_fu_17910_p2      |      icmp|   0|  0|   13|          10|           2|
    |icmp_ln171_11_fu_17916_p2      |      icmp|   0|  0|   13|          10|           1|
    |icmp_ln171_1_fu_16196_p2       |      icmp|   0|  0|   14|           9|           2|
    |icmp_ln171_2_fu_16210_p2       |      icmp|   0|  0|   13|          10|           2|
    |icmp_ln171_3_fu_16216_p2       |      icmp|   0|  0|   13|          10|           1|
    |icmp_ln171_4_fu_16662_p2       |      icmp|   0|  0|   14|           9|           1|
    |icmp_ln171_5_fu_16742_p2       |      icmp|   0|  0|   14|           9|           2|
    |icmp_ln171_6_fu_16756_p2       |      icmp|   0|  0|   13|          10|           2|
    |icmp_ln171_7_fu_16762_p2       |      icmp|   0|  0|   13|          10|           1|
    |icmp_ln171_8_fu_17816_p2       |      icmp|   0|  0|   14|           9|           1|
    |icmp_ln171_9_fu_17896_p2       |      icmp|   0|  0|   14|           9|           2|
    |icmp_ln171_fu_16116_p2         |      icmp|   0|  0|   14|           9|           1|
    |icmp_ln245_fu_6298_p2          |      icmp|   0|  0|   14|           6|           6|
    |icmp_ln314_1_fu_17288_p2       |      icmp|   0|  0|   10|           2|           2|
    |icmp_ln314_2_fu_17294_p2       |      icmp|   0|  0|   10|           2|           1|
    |icmp_ln314_fu_17215_p2         |      icmp|   0|  0|   14|           9|           1|
    |icmp_ln326_1_fu_18643_p2       |      icmp|   0|  0|   14|           9|           2|
    |icmp_ln326_2_fu_18657_p2       |      icmp|   0|  0|   13|          10|           2|
    |icmp_ln326_3_fu_18663_p2       |      icmp|   0|  0|   13|          10|           1|
    |icmp_ln326_fu_18563_p2         |      icmp|   0|  0|   14|           9|           1|
    |or_ln170_10_fu_16029_p2        |        or|   0|  0|    2|           1|           1|
    |or_ln170_11_fu_16440_p2        |        or|   0|  0|    2|           1|           1|
    |or_ln170_12_fu_16482_p2        |        or|   0|  0|    2|           1|           1|
    |or_ln170_13_fu_17707_p2        |        or|   0|  0|    2|           1|           1|
    |or_ln170_14_fu_17749_p2        |        or|   0|  0|    2|           1|           1|
    |or_ln170_1_fu_16011_p2         |        or|   0|  0|    2|           1|           1|
    |or_ln170_2_fu_16047_p2         |        or|   0|  0|    2|           1|           1|
    |or_ln170_3_fu_16388_p2         |        or|   0|  0|    2|           1|           1|
    |or_ln170_4_fu_16464_p2         |        or|   0|  0|    2|           1|           1|
    |or_ln170_5_fu_16500_p2         |        or|   0|  0|    2|           1|           1|
    |or_ln170_6_fu_17655_p2         |        or|   0|  0|    2|           1|           1|
    |or_ln170_7_fu_17731_p2         |        or|   0|  0|    2|           1|           1|
    |or_ln170_8_fu_17767_p2         |        or|   0|  0|    2|           1|           1|
    |or_ln170_9_fu_15987_p2         |        or|   0|  0|    2|           1|           1|
    |or_ln170_fu_15935_p2           |        or|   0|  0|    2|           1|           1|
    |or_ln171_10_fu_16832_p2        |        or|   0|  0|    2|           1|           1|
    |or_ln171_11_fu_17986_p2        |        or|   0|  0|    2|           1|           1|
    |or_ln171_1_fu_16262_p2         |        or|   0|  0|    2|           1|           1|
    |or_ln171_2_fu_16304_p2         |        or|   0|  0|    2|           1|           1|
    |or_ln171_3_fu_16684_p2         |        or|   0|  0|    2|           1|           1|
    |or_ln171_4_fu_16808_p2         |        or|   0|  0|    2|           1|           1|
    |or_ln171_5_fu_16850_p2         |        or|   0|  0|    2|           1|           1|
    |or_ln171_6_fu_17838_p2         |        or|   0|  0|    2|           1|           1|
    |or_ln171_7_fu_17962_p2         |        or|   0|  0|    2|           1|           1|
    |or_ln171_8_fu_18004_p2         |        or|   0|  0|    2|           1|           1|
    |or_ln171_9_fu_16286_p2         |        or|   0|  0|    2|           1|           1|
    |or_ln171_fu_16138_p2           |        or|   0|  0|    2|           1|           1|
    |or_ln181_1_fu_15378_p2         |        or|   0|  0|    2|           1|           1|
    |or_ln181_2_fu_15470_p2         |        or|   0|  0|    2|           1|           1|
    |or_ln181_3_fu_15488_p2         |        or|   0|  0|    2|           1|           1|
    |or_ln181_fu_15360_p2           |        or|   0|  0|    2|           1|           1|
    |or_ln183_1_fu_17035_p2         |        or|   0|  0|    2|           1|           1|
    |or_ln183_2_fu_18258_p2         |        or|   0|  0|    2|           1|           1|
    |or_ln183_3_fu_18294_p2         |        or|   0|  0|    2|           1|           1|
    |or_ln183_4_fu_16967_p2         |        or|   0|  0|    2|           1|           1|
    |or_ln183_5_fu_17009_p2         |        or|   0|  0|    2|           1|           1|
    |or_ln183_6_fu_18234_p2         |        or|   0|  0|    2|           1|           1|
    |or_ln183_7_fu_18276_p2         |        or|   0|  0|    2|           1|           1|
    |or_ln183_fu_16991_p2           |        or|   0|  0|    2|           1|           1|
    |or_ln314_1_fu_17339_p2         |        or|   0|  0|    2|           1|           1|
    |or_ln314_2_fu_17385_p2         |        or|   0|  0|    2|           1|           1|
    |or_ln314_3_fu_17360_p2         |        or|   0|  0|    2|           1|           1|
    |or_ln314_fu_17236_p2           |        or|   0|  0|    2|           1|           1|
    |or_ln324_1_fu_18521_p2         |        or|   0|  0|    2|           1|           1|
    |or_ln324_2_fu_18459_p2         |        or|   0|  0|    2|           1|           1|
    |or_ln324_3_fu_18498_p2         |        or|   0|  0|    2|           1|           1|
    |or_ln324_fu_18477_p2           |        or|   0|  0|    2|           1|           1|
    |or_ln326_1_fu_18703_p2         |        or|   0|  0|    2|           1|           1|
    |or_ln326_2_fu_18754_p2         |        or|   0|  0|    2|           1|           1|
    |or_ln326_3_fu_18731_p2         |        or|   0|  0|    2|           1|           1|
    |or_ln326_fu_18585_p2           |        or|   0|  0|    2|           1|           1|
    |av_1_fu_15589_p2               |    select|   0|  0|   33|           1|          31|
    |av_3_fu_15711_p2               |    select|   0|  0|   33|           1|          31|
    |candidate_pre_3_fu_17391_p3    |    select|   0|  0|   32|           1|          32|
    |h_new_fu_18759_p3              |    select|   0|  0|   12|           1|          12|
    |half_v_6_fu_15390_p3           |    select|   0|  0|   32|           1|          31|
    |half_v_7_fu_15500_p3           |    select|   0|  0|   32|           1|          31|
    |mag_1_fu_17056_p4              |    select|   0|  0|   13|           1|          11|
    |mag_2_fu_18035_p4              |    select|   0|  0|   13|           1|          11|
    |mag_fu_16513_p4                |    select|   0|  0|   13|           1|          11|
    |nn_1_fu_18121_p2               |    select|   0|  0|   13|           1|          11|
    |r_2_fu_17041_p3                |    select|   0|  0|   12|           1|          12|
    |ref_tmp2_i1193_2_fu_16599_p2   |    select|   0|  0|   13|           1|          11|
    |ref_tmp2_i_2_fu_17142_p2       |    select|   0|  0|   13|           1|          11|
    |select_ln150_2_fu_17454_p3     |    select|   0|  0|   33|           1|          31|
    |select_ln170_2_fu_16619_p3     |    select|   0|  0|   33|           1|          31|
    |select_ln170_4_fu_17773_p3     |    select|   0|  0|   33|           1|          31|
    |select_ln170_fu_16073_p3       |    select|   0|  0|   33|           1|          31|
    |select_ln171_1_fu_16242_p3     |    select|   0|  0|    2|           1|           1|
    |select_ln171_3_fu_16768_p3     |    select|   0|  0|    2|           1|           1|
    |select_ln171_4_fu_16788_p3     |    select|   0|  0|    2|           1|           1|
    |select_ln171_6_fu_17922_p3     |    select|   0|  0|    2|           1|           1|
    |select_ln171_7_fu_17942_p3     |    select|   0|  0|    2|           1|           1|
    |select_ln171_fu_16222_p3       |    select|   0|  0|    2|           1|           1|
    |select_ln183_2_fu_18307_p3     |    select|   0|  0|   13|           1|          11|
    |select_ln183_3_fu_18315_p3     |    select|   0|  0|   12|           1|          12|
    |select_ln183_fu_17027_p3       |    select|   0|  0|   13|           1|          11|
    |select_ln300_10_fu_8514_p3     |    select|   0|  0|   33|           1|          31|
    |select_ln300_12_fu_8648_p3     |    select|   0|  0|   33|           1|          31|
    |select_ln300_14_fu_8916_p3     |    select|   0|  0|   33|           1|          31|
    |select_ln300_16_fu_9050_p3     |    select|   0|  0|   33|           1|          31|
    |select_ln300_18_fu_9318_p3     |    select|   0|  0|   33|           1|          31|
    |select_ln300_20_fu_9452_p3     |    select|   0|  0|   33|           1|          31|
    |select_ln300_22_fu_9720_p3     |    select|   0|  0|   33|           1|          31|
    |select_ln300_24_fu_9854_p3     |    select|   0|  0|   33|           1|          31|
    |select_ln300_26_fu_10122_p3    |    select|   0|  0|   33|           1|          31|
    |select_ln300_28_fu_10256_p3    |    select|   0|  0|   33|           1|          31|
    |select_ln300_2_fu_7710_p3      |    select|   0|  0|   33|           1|          31|
    |select_ln300_30_fu_10524_p3    |    select|   0|  0|   33|           1|          31|
    |select_ln300_32_fu_10658_p3    |    select|   0|  0|   33|           1|          31|
    |select_ln300_34_fu_10926_p3    |    select|   0|  0|   33|           1|          31|
    |select_ln300_36_fu_11060_p3    |    select|   0|  0|   33|           1|          31|
    |select_ln300_38_fu_11328_p3    |    select|   0|  0|   33|           1|          31|
    |select_ln300_40_fu_11462_p3    |    select|   0|  0|   33|           1|          31|
    |select_ln300_42_fu_11730_p3    |    select|   0|  0|   33|           1|          31|
    |select_ln300_44_fu_11864_p3    |    select|   0|  0|   33|           1|          31|
    |select_ln300_46_fu_12132_p3    |    select|   0|  0|   33|           1|          31|
    |select_ln300_48_fu_12266_p3    |    select|   0|  0|   33|           1|          31|
    |select_ln300_4_fu_7844_p3      |    select|   0|  0|   33|           1|          31|
    |select_ln300_50_fu_12534_p3    |    select|   0|  0|   33|           1|          31|
    |select_ln300_52_fu_12668_p3    |    select|   0|  0|   33|           1|          31|
    |select_ln300_54_fu_12936_p3    |    select|   0|  0|   33|           1|          31|
    |select_ln300_56_fu_13070_p3    |    select|   0|  0|   33|           1|          31|
    |select_ln300_58_fu_13338_p3    |    select|   0|  0|   33|           1|          31|
    |select_ln300_60_fu_13472_p3    |    select|   0|  0|   33|           1|          31|
    |select_ln300_62_fu_13740_p3    |    select|   0|  0|   33|           1|          31|
    |select_ln300_64_fu_13874_p3    |    select|   0|  0|   33|           1|          31|
    |select_ln300_66_fu_14142_p3    |    select|   0|  0|   33|           1|          31|
    |select_ln300_68_fu_14276_p3    |    select|   0|  0|   33|           1|          31|
    |select_ln300_6_fu_8112_p3      |    select|   0|  0|   33|           1|          31|
    |select_ln300_70_fu_14544_p3    |    select|   0|  0|   33|           1|          31|
    |select_ln300_72_fu_14678_p3    |    select|   0|  0|   33|           1|          31|
    |select_ln300_74_fu_14946_p3    |    select|   0|  0|   33|           1|          31|
    |select_ln300_76_fu_15080_p3    |    select|   0|  0|   33|           1|          31|
    |select_ln300_78_fu_15214_p3    |    select|   0|  0|   33|           1|          31|
    |select_ln300_8_fu_8246_p3      |    select|   0|  0|   33|           1|          31|
    |select_ln300_fu_7438_p3        |    select|   0|  0|   33|           1|          31|
    |select_ln301_10_fu_8580_p3     |    select|   0|  0|   33|           1|          31|
    |select_ln301_12_fu_8716_p3     |    select|   0|  0|   33|           1|          31|
    |select_ln301_14_fu_8982_p3     |    select|   0|  0|   33|           1|          31|
    |select_ln301_16_fu_9118_p3     |    select|   0|  0|   33|           1|          31|
    |select_ln301_18_fu_9384_p3     |    select|   0|  0|   33|           1|          31|
    |select_ln301_20_fu_9520_p3     |    select|   0|  0|   33|           1|          31|
    |select_ln301_22_fu_9786_p3     |    select|   0|  0|   33|           1|          31|
    |select_ln301_24_fu_9922_p3     |    select|   0|  0|   33|           1|          31|
    |select_ln301_26_fu_10188_p3    |    select|   0|  0|   33|           1|          31|
    |select_ln301_28_fu_10324_p3    |    select|   0|  0|   33|           1|          31|
    |select_ln301_2_fu_7776_p3      |    select|   0|  0|   33|           1|          31|
    |select_ln301_30_fu_10590_p3    |    select|   0|  0|   33|           1|          31|
    |select_ln301_32_fu_10726_p3    |    select|   0|  0|   33|           1|          31|
    |select_ln301_34_fu_10992_p3    |    select|   0|  0|   33|           1|          31|
    |select_ln301_36_fu_11128_p3    |    select|   0|  0|   33|           1|          31|
    |select_ln301_38_fu_11394_p3    |    select|   0|  0|   33|           1|          31|
    |select_ln301_40_fu_11530_p3    |    select|   0|  0|   33|           1|          31|
    |select_ln301_42_fu_11796_p3    |    select|   0|  0|   33|           1|          31|
    |select_ln301_44_fu_11932_p3    |    select|   0|  0|   33|           1|          31|
    |select_ln301_46_fu_12198_p3    |    select|   0|  0|   33|           1|          31|
    |select_ln301_48_fu_12334_p3    |    select|   0|  0|   33|           1|          31|
    |select_ln301_4_fu_7912_p3      |    select|   0|  0|   33|           1|          31|
    |select_ln301_50_fu_12600_p3    |    select|   0|  0|   33|           1|          31|
    |select_ln301_52_fu_12736_p3    |    select|   0|  0|   33|           1|          31|
    |select_ln301_54_fu_13002_p3    |    select|   0|  0|   33|           1|          31|
    |select_ln301_56_fu_13138_p3    |    select|   0|  0|   33|           1|          31|
    |select_ln301_58_fu_13404_p3    |    select|   0|  0|   33|           1|          31|
    |select_ln301_60_fu_13540_p3    |    select|   0|  0|   33|           1|          31|
    |select_ln301_62_fu_13806_p3    |    select|   0|  0|   33|           1|          31|
    |select_ln301_64_fu_13942_p3    |    select|   0|  0|   33|           1|          31|
    |select_ln301_66_fu_14208_p3    |    select|   0|  0|   33|           1|          31|
    |select_ln301_68_fu_14344_p3    |    select|   0|  0|   33|           1|          31|
    |select_ln301_6_fu_8178_p3      |    select|   0|  0|   33|           1|          31|
    |select_ln301_70_fu_14610_p3    |    select|   0|  0|   33|           1|          31|
    |select_ln301_72_fu_14746_p3    |    select|   0|  0|   33|           1|          31|
    |select_ln301_74_fu_15012_p3    |    select|   0|  0|   33|           1|          31|
    |select_ln301_76_fu_15148_p3    |    select|   0|  0|   33|           1|          31|
    |select_ln301_78_fu_15280_p3    |    select|   0|  0|   33|           1|          31|
    |select_ln301_8_fu_8314_p3      |    select|   0|  0|   33|           1|          31|
    |select_ln301_fu_7510_p3        |    select|   0|  0|   33|           1|          31|
    |select_ln302_10_fu_8046_p3     |    select|   0|  0|   33|           1|          31|
    |select_ln302_12_fu_8380_p3     |    select|   0|  0|   33|           1|          31|
    |select_ln302_14_fu_8448_p3     |    select|   0|  0|   33|           1|          31|
    |select_ln302_16_fu_8782_p3     |    select|   0|  0|   33|           1|          31|
    |select_ln302_18_fu_8850_p3     |    select|   0|  0|   33|           1|          31|
    |select_ln302_20_fu_9184_p3     |    select|   0|  0|   33|           1|          31|
    |select_ln302_22_fu_9252_p3     |    select|   0|  0|   33|           1|          31|
    |select_ln302_24_fu_9586_p3     |    select|   0|  0|   33|           1|          31|
    |select_ln302_26_fu_9654_p3     |    select|   0|  0|   33|           1|          31|
    |select_ln302_28_fu_9988_p3     |    select|   0|  0|   33|           1|          31|
    |select_ln302_2_fu_7333_p3      |    select|   0|  0|   33|           1|          31|
    |select_ln302_30_fu_10056_p3    |    select|   0|  0|   33|           1|          31|
    |select_ln302_32_fu_10390_p3    |    select|   0|  0|   33|           1|          31|
    |select_ln302_34_fu_10458_p3    |    select|   0|  0|   33|           1|          31|
    |select_ln302_36_fu_10792_p3    |    select|   0|  0|   33|           1|          31|
    |select_ln302_38_fu_10860_p3    |    select|   0|  0|   33|           1|          31|
    |select_ln302_40_fu_11194_p3    |    select|   0|  0|   33|           1|          31|
    |select_ln302_42_fu_11262_p3    |    select|   0|  0|   33|           1|          31|
    |select_ln302_44_fu_11596_p3    |    select|   0|  0|   33|           1|          31|
    |select_ln302_46_fu_11664_p3    |    select|   0|  0|   33|           1|          31|
    |select_ln302_48_fu_11998_p3    |    select|   0|  0|   33|           1|          31|
    |select_ln302_4_fu_7576_p3      |    select|   0|  0|   33|           1|          31|
    |select_ln302_50_fu_12066_p3    |    select|   0|  0|   33|           1|          31|
    |select_ln302_52_fu_12400_p3    |    select|   0|  0|   33|           1|          31|
    |select_ln302_54_fu_12468_p3    |    select|   0|  0|   33|           1|          31|
    |select_ln302_56_fu_12802_p3    |    select|   0|  0|   33|           1|          31|
    |select_ln302_58_fu_12870_p3    |    select|   0|  0|   33|           1|          31|
    |select_ln302_60_fu_13204_p3    |    select|   0|  0|   33|           1|          31|
    |select_ln302_62_fu_13272_p3    |    select|   0|  0|   33|           1|          31|
    |select_ln302_64_fu_13606_p3    |    select|   0|  0|   33|           1|          31|
    |select_ln302_66_fu_13674_p3    |    select|   0|  0|   33|           1|          31|
    |select_ln302_68_fu_14008_p3    |    select|   0|  0|   33|           1|          31|
    |select_ln302_6_fu_7644_p3      |    select|   0|  0|   33|           1|          31|
    |select_ln302_70_fu_14076_p3    |    select|   0|  0|   33|           1|          31|
    |select_ln302_72_fu_14410_p3    |    select|   0|  0|   33|           1|          31|
    |select_ln302_74_fu_14478_p3    |    select|   0|  0|   33|           1|          31|
    |select_ln302_76_fu_14812_p3    |    select|   0|  0|   33|           1|          31|
    |select_ln302_78_fu_14880_p3    |    select|   0|  0|   33|           1|          31|
    |select_ln302_8_fu_7978_p3      |    select|   0|  0|   33|           1|          31|
    |select_ln302_fu_7265_p3        |    select|   0|  0|   33|           1|          31|
    |select_ln314_1_fu_17323_p3     |    select|   0|  0|    2|           1|           1|
    |select_ln314_2_fu_17377_p3     |    select|   0|  0|   33|           1|          31|
    |select_ln314_fu_17307_p3       |    select|   0|  0|    2|           1|           1|
    |select_ln324_fu_18514_p3       |    select|   0|  0|   33|           1|          31|
    |select_ln326_1_fu_18689_p3     |    select|   0|  0|    2|           1|           1|
    |select_ln326_2_fu_18747_p3     |    select|   0|  0|   13|           1|          11|
    |select_ln326_fu_18669_p3       |    select|   0|  0|    2|           1|           1|
    |select_ln331_fu_19090_p3       |    select|   0|  0|   33|           1|          31|
    |state_update_2_fu_18526_p3     |    select|   0|  0|   32|           1|          32|
    |val_n_rec_10_fu_7986_p3        |    select|   0|  0|   32|           1|          32|
    |val_n_rec_12_fu_8054_p3        |    select|   0|  0|   32|           1|          32|
    |val_n_rec_14_fu_8388_p3        |    select|   0|  0|   32|           1|          32|
    |val_n_rec_16_fu_8456_p3        |    select|   0|  0|   32|           1|          32|
    |val_n_rec_18_fu_8790_p3        |    select|   0|  0|   32|           1|          32|
    |val_n_rec_20_fu_8858_p3        |    select|   0|  0|   32|           1|          32|
    |val_n_rec_22_fu_9192_p3        |    select|   0|  0|   32|           1|          32|
    |val_n_rec_24_fu_9260_p3        |    select|   0|  0|   32|           1|          32|
    |val_n_rec_26_fu_9594_p3        |    select|   0|  0|   32|           1|          32|
    |val_n_rec_28_fu_9662_p3        |    select|   0|  0|   32|           1|          32|
    |val_n_rec_2_fu_7273_p3         |    select|   0|  0|   32|           1|          32|
    |val_n_rec_30_fu_9996_p3        |    select|   0|  0|   32|           1|          32|
    |val_n_rec_32_fu_10064_p3       |    select|   0|  0|   32|           1|          32|
    |val_n_rec_34_fu_10398_p3       |    select|   0|  0|   32|           1|          32|
    |val_n_rec_36_fu_10466_p3       |    select|   0|  0|   32|           1|          32|
    |val_n_rec_38_fu_10800_p3       |    select|   0|  0|   32|           1|          32|
    |val_n_rec_40_fu_10868_p3       |    select|   0|  0|   32|           1|          32|
    |val_n_rec_42_fu_11202_p3       |    select|   0|  0|   32|           1|          32|
    |val_n_rec_44_fu_11270_p3       |    select|   0|  0|   32|           1|          32|
    |val_n_rec_46_fu_11604_p3       |    select|   0|  0|   32|           1|          32|
    |val_n_rec_48_fu_11672_p3       |    select|   0|  0|   32|           1|          32|
    |val_n_rec_4_fu_7341_p3         |    select|   0|  0|   32|           1|          32|
    |val_n_rec_50_fu_12006_p3       |    select|   0|  0|   32|           1|          32|
    |val_n_rec_52_fu_12074_p3       |    select|   0|  0|   32|           1|          32|
    |val_n_rec_54_fu_12408_p3       |    select|   0|  0|   32|           1|          32|
    |val_n_rec_56_fu_12476_p3       |    select|   0|  0|   32|           1|          32|
    |val_n_rec_58_fu_12810_p3       |    select|   0|  0|   32|           1|          32|
    |val_n_rec_60_fu_12878_p3       |    select|   0|  0|   32|           1|          32|
    |val_n_rec_62_fu_13212_p3       |    select|   0|  0|   32|           1|          32|
    |val_n_rec_64_fu_13280_p3       |    select|   0|  0|   32|           1|          32|
    |val_n_rec_66_fu_13614_p3       |    select|   0|  0|   32|           1|          32|
    |val_n_rec_68_fu_13682_p3       |    select|   0|  0|   32|           1|          32|
    |val_n_rec_6_fu_7584_p3         |    select|   0|  0|   32|           1|          32|
    |val_n_rec_70_fu_14016_p3       |    select|   0|  0|   32|           1|          32|
    |val_n_rec_72_fu_14084_p3       |    select|   0|  0|   32|           1|          32|
    |val_n_rec_74_fu_14418_p3       |    select|   0|  0|   32|           1|          32|
    |val_n_rec_76_fu_14486_p3       |    select|   0|  0|   32|           1|          32|
    |val_n_rec_78_fu_14820_p3       |    select|   0|  0|   32|           1|          32|
    |val_n_rec_80_fu_14888_p3       |    select|   0|  0|   32|           1|          32|
    |val_n_rec_8_fu_7652_p3         |    select|   0|  0|   32|           1|          32|
    |val_r_10_fu_8254_p3            |    select|   0|  0|   32|           1|          32|
    |val_r_12_fu_8522_p3            |    select|   0|  0|   32|           1|          32|
    |val_r_14_fu_8656_p3            |    select|   0|  0|   32|           1|          32|
    |val_r_16_fu_8924_p3            |    select|   0|  0|   32|           1|          32|
    |val_r_18_fu_9058_p3            |    select|   0|  0|   32|           1|          32|
    |val_r_20_fu_9326_p3            |    select|   0|  0|   32|           1|          32|
    |val_r_22_fu_9460_p3            |    select|   0|  0|   32|           1|          32|
    |val_r_24_fu_9728_p3            |    select|   0|  0|   32|           1|          32|
    |val_r_26_fu_9862_p3            |    select|   0|  0|   32|           1|          32|
    |val_r_28_fu_10130_p3           |    select|   0|  0|   32|           1|          32|
    |val_r_2_fu_7446_p3             |    select|   0|  0|   32|           1|          32|
    |val_r_30_fu_10264_p3           |    select|   0|  0|   32|           1|          32|
    |val_r_32_fu_10532_p3           |    select|   0|  0|   32|           1|          32|
    |val_r_34_fu_10666_p3           |    select|   0|  0|   32|           1|          32|
    |val_r_36_fu_10934_p3           |    select|   0|  0|   32|           1|          32|
    |val_r_38_fu_11068_p3           |    select|   0|  0|   32|           1|          32|
    |val_r_40_fu_11336_p3           |    select|   0|  0|   32|           1|          32|
    |val_r_42_fu_11470_p3           |    select|   0|  0|   32|           1|          32|
    |val_r_44_fu_11738_p3           |    select|   0|  0|   32|           1|          32|
    |val_r_46_fu_11872_p3           |    select|   0|  0|   32|           1|          32|
    |val_r_48_fu_12140_p3           |    select|   0|  0|   32|           1|          32|
    |val_r_4_fu_7718_p3             |    select|   0|  0|   32|           1|          32|
    |val_r_50_fu_12274_p3           |    select|   0|  0|   32|           1|          32|
    |val_r_52_fu_12542_p3           |    select|   0|  0|   32|           1|          32|
    |val_r_54_fu_12676_p3           |    select|   0|  0|   32|           1|          32|
    |val_r_56_fu_12944_p3           |    select|   0|  0|   32|           1|          32|
    |val_r_58_fu_13078_p3           |    select|   0|  0|   32|           1|          32|
    |val_r_60_fu_13346_p3           |    select|   0|  0|   32|           1|          32|
    |val_r_62_fu_13480_p3           |    select|   0|  0|   32|           1|          32|
    |val_r_64_fu_13748_p3           |    select|   0|  0|   32|           1|          32|
    |val_r_66_fu_13882_p3           |    select|   0|  0|   32|           1|          32|
    |val_r_68_fu_14150_p3           |    select|   0|  0|   32|           1|          32|
    |val_r_6_fu_7852_p3             |    select|   0|  0|   32|           1|          32|
    |val_r_70_fu_14284_p3           |    select|   0|  0|   32|           1|          32|
    |val_r_72_fu_14552_p3           |    select|   0|  0|   32|           1|          32|
    |val_r_74_fu_14686_p3           |    select|   0|  0|   32|           1|          32|
    |val_r_76_fu_14954_p3           |    select|   0|  0|   32|           1|          32|
    |val_r_78_fu_15088_p3           |    select|   0|  0|   32|           1|          32|
    |val_r_80_fu_15222_p3           |    select|   0|  0|   32|           1|          32|
    |val_r_8_fu_8120_p3             |    select|   0|  0|   32|           1|          32|
    |val_z_10_fu_8322_p3            |    select|   0|  0|   32|           1|          32|
    |val_z_12_fu_8588_p3            |    select|   0|  0|   32|           1|          32|
    |val_z_14_fu_8724_p3            |    select|   0|  0|   32|           1|          32|
    |val_z_16_fu_8990_p3            |    select|   0|  0|   32|           1|          32|
    |val_z_18_fu_9126_p3            |    select|   0|  0|   32|           1|          32|
    |val_z_20_fu_9392_p3            |    select|   0|  0|   32|           1|          32|
    |val_z_22_fu_9528_p3            |    select|   0|  0|   32|           1|          32|
    |val_z_24_fu_9794_p3            |    select|   0|  0|   32|           1|          32|
    |val_z_26_fu_9930_p3            |    select|   0|  0|   32|           1|          32|
    |val_z_28_fu_10196_p3           |    select|   0|  0|   32|           1|          32|
    |val_z_2_fu_7518_p3             |    select|   0|  0|   32|           1|          32|
    |val_z_30_fu_10332_p3           |    select|   0|  0|   32|           1|          32|
    |val_z_32_fu_10598_p3           |    select|   0|  0|   32|           1|          32|
    |val_z_34_fu_10734_p3           |    select|   0|  0|   32|           1|          32|
    |val_z_36_fu_11000_p3           |    select|   0|  0|   32|           1|          32|
    |val_z_38_fu_11136_p3           |    select|   0|  0|   32|           1|          32|
    |val_z_40_fu_11402_p3           |    select|   0|  0|   32|           1|          32|
    |val_z_42_fu_11538_p3           |    select|   0|  0|   32|           1|          32|
    |val_z_44_fu_11804_p3           |    select|   0|  0|   32|           1|          32|
    |val_z_46_fu_11940_p3           |    select|   0|  0|   32|           1|          32|
    |val_z_48_fu_12206_p3           |    select|   0|  0|   32|           1|          32|
    |val_z_4_fu_7784_p3             |    select|   0|  0|   32|           1|          32|
    |val_z_50_fu_12342_p3           |    select|   0|  0|   32|           1|          32|
    |val_z_52_fu_12608_p3           |    select|   0|  0|   32|           1|          32|
    |val_z_54_fu_12744_p3           |    select|   0|  0|   32|           1|          32|
    |val_z_56_fu_13010_p3           |    select|   0|  0|   32|           1|          32|
    |val_z_58_fu_13146_p3           |    select|   0|  0|   32|           1|          32|
    |val_z_60_fu_13412_p3           |    select|   0|  0|   32|           1|          32|
    |val_z_62_fu_13548_p3           |    select|   0|  0|   32|           1|          32|
    |val_z_64_fu_13814_p3           |    select|   0|  0|   32|           1|          32|
    |val_z_66_fu_13950_p3           |    select|   0|  0|   32|           1|          32|
    |val_z_68_fu_14216_p3           |    select|   0|  0|   32|           1|          32|
    |val_z_6_fu_7920_p3             |    select|   0|  0|   32|           1|          32|
    |val_z_70_fu_14352_p3           |    select|   0|  0|   32|           1|          32|
    |val_z_72_fu_14618_p3           |    select|   0|  0|   32|           1|          32|
    |val_z_74_fu_14754_p3           |    select|   0|  0|   32|           1|          32|
    |val_z_76_fu_15020_p3           |    select|   0|  0|   32|           1|          32|
    |val_z_78_fu_15156_p3           |    select|   0|  0|   32|           1|          32|
    |val_z_80_fu_15288_p3           |    select|   0|  0|   32|           1|          32|
    |val_z_8_fu_8186_p3             |    select|   0|  0|   32|           1|          32|
    |y_2_fu_16080_p3                |    select|   0|  0|   32|           1|          32|
    |y_5_fu_16626_p3                |    select|   0|  0|   32|           1|          32|
    |y_8_fu_17780_p3                |    select|   0|  0|   32|           1|          32|
    |y_acc_2_fu_19098_p3            |    select|   0|  0|   32|           1|          32|
    |ap_enable_pp0                  |       xor|   0|  0|    2|           1|           2|
    |xor_ln149_1_fu_15698_p2        |       xor|   0|  0|    2|           1|           2|
    |xor_ln149_2_fu_17468_p2        |       xor|   0|  0|    2|           1|           2|
    |xor_ln149_fu_15576_p2          |       xor|   0|  0|    2|           1|           2|
    |xor_ln150_1_fu_15557_p2        |       xor|   0|  0|    2|           1|           1|
    |xor_ln150_2_fu_15667_p2        |       xor|   0|  0|    2|           1|           2|
    |xor_ln150_3_fu_15679_p2        |       xor|   0|  0|    2|           1|           1|
    |xor_ln150_4_fu_17436_p2        |       xor|   0|  0|    2|           1|           2|
    |xor_ln150_5_fu_17448_p2        |       xor|   0|  0|    2|           1|           1|
    |xor_ln150_fu_15545_p2          |       xor|   0|  0|    2|           1|           2|
    |xor_ln153_1_fu_16856_p2        |       xor|   0|  0|    2|           1|           2|
    |xor_ln153_2_fu_18010_p2        |       xor|   0|  0|    2|           1|           2|
    |xor_ln153_fu_16310_p2          |       xor|   0|  0|    2|           1|           2|
    |xor_ln170_10_fu_16452_p2       |       xor|   0|  0|    2|           1|           1|
    |xor_ln170_11_fu_16488_p2       |       xor|   0|  0|    2|           1|           2|
    |xor_ln170_12_fu_17689_p2       |       xor|   0|  0|    2|           1|           2|
    |xor_ln170_13_fu_17701_p2       |       xor|   0|  0|    2|           1|           2|
    |xor_ln170_14_fu_17713_p2       |       xor|   0|  0|    2|           1|           1|
    |xor_ln170_15_fu_17725_p2       |       xor|   0|  0|    2|           1|           2|
    |xor_ln170_16_fu_17719_p2       |       xor|   0|  0|    2|           1|           1|
    |xor_ln170_17_fu_17755_p2       |       xor|   0|  0|    2|           1|           2|
    |xor_ln170_1_fu_15981_p2        |       xor|   0|  0|    2|           1|           2|
    |xor_ln170_2_fu_15993_p2        |       xor|   0|  0|    2|           1|           1|
    |xor_ln170_3_fu_16005_p2        |       xor|   0|  0|    2|           1|           2|
    |xor_ln170_4_fu_15999_p2        |       xor|   0|  0|    2|           1|           1|
    |xor_ln170_5_fu_16035_p2        |       xor|   0|  0|    2|           1|           2|
    |xor_ln170_6_fu_16422_p2        |       xor|   0|  0|    2|           1|           2|
    |xor_ln170_7_fu_16434_p2        |       xor|   0|  0|    2|           1|           2|
    |xor_ln170_8_fu_16446_p2        |       xor|   0|  0|    2|           1|           1|
    |xor_ln170_9_fu_16458_p2        |       xor|   0|  0|    2|           1|           2|
    |xor_ln170_fu_15969_p2          |       xor|   0|  0|    2|           1|           2|
    |xor_ln171_10_fu_17868_p2       |       xor|   0|  0|    2|           1|           2|
    |xor_ln171_11_fu_17930_p2       |       xor|   0|  0|    2|           1|           2|
    |xor_ln171_12_fu_17956_p2       |       xor|   0|  0|    2|           1|           2|
    |xor_ln171_13_fu_17968_p2       |       xor|   0|  0|    2|           1|           2|
    |xor_ln171_14_fu_17992_p2       |       xor|   0|  0|    2|           1|           2|
    |xor_ln171_1_fu_16230_p2        |       xor|   0|  0|    2|           1|           2|
    |xor_ln171_2_fu_16256_p2        |       xor|   0|  0|    2|           1|           2|
    |xor_ln171_3_fu_16268_p2        |       xor|   0|  0|    2|           1|           2|
    |xor_ln171_4_fu_16292_p2        |       xor|   0|  0|    2|           1|           2|
    |xor_ln171_5_fu_16714_p2        |       xor|   0|  0|    2|           1|           2|
    |xor_ln171_6_fu_16776_p2        |       xor|   0|  0|    2|           1|           2|
    |xor_ln171_7_fu_16802_p2        |       xor|   0|  0|    2|           1|           2|
    |xor_ln171_8_fu_16814_p2        |       xor|   0|  0|    2|           1|           2|
    |xor_ln171_9_fu_16838_p2        |       xor|   0|  0|    2|           1|           2|
    |xor_ln171_fu_16168_p2          |       xor|   0|  0|    2|           1|           2|
    |xor_ln173_1_fu_16573_p2        |       xor|   0|  0|    2|           1|           1|
    |xor_ln173_2_fu_17104_p2        |       xor|   0|  0|    2|           1|           2|
    |xor_ln173_3_fu_17116_p2        |       xor|   0|  0|    2|           1|           1|
    |xor_ln173_4_fu_18083_p2        |       xor|   0|  0|    2|           1|           2|
    |xor_ln173_5_fu_18095_p2        |       xor|   0|  0|    2|           1|           1|
    |xor_ln173_fu_16561_p2          |       xor|   0|  0|    2|           1|           2|
    |xor_ln181_1_fu_15366_p2        |       xor|   0|  0|    2|           1|           1|
    |xor_ln181_2_fu_15372_p2        |       xor|   0|  0|    2|           1|           2|
    |xor_ln181_3_fu_15464_p2        |       xor|   0|  0|    2|           1|           2|
    |xor_ln181_4_fu_15476_p2        |       xor|   0|  0|    2|           1|           1|
    |xor_ln181_5_fu_15482_p2        |       xor|   0|  0|    2|           1|           2|
    |xor_ln181_fu_15354_p2          |       xor|   0|  0|    2|           1|           2|
    |xor_ln183_10_fu_18246_p2       |       xor|   0|  0|    2|           1|           1|
    |xor_ln183_11_fu_18282_p2       |       xor|   0|  0|    2|           1|           2|
    |xor_ln183_1_fu_16961_p2        |       xor|   0|  0|    2|           1|           2|
    |xor_ln183_2_fu_16973_p2        |       xor|   0|  0|    2|           1|           1|
    |xor_ln183_3_fu_16985_p2        |       xor|   0|  0|    2|           1|           2|
    |xor_ln183_4_fu_16979_p2        |       xor|   0|  0|    2|           1|           1|
    |xor_ln183_5_fu_17015_p2        |       xor|   0|  0|    2|           1|           2|
    |xor_ln183_6_fu_18216_p2        |       xor|   0|  0|    2|           1|           2|
    |xor_ln183_7_fu_18228_p2        |       xor|   0|  0|    2|           1|           2|
    |xor_ln183_8_fu_18240_p2        |       xor|   0|  0|    2|           1|           1|
    |xor_ln183_9_fu_18252_p2        |       xor|   0|  0|    2|           1|           2|
    |xor_ln183_fu_16949_p2          |       xor|   0|  0|    2|           1|           2|
    |xor_ln300_10_fu_8496_p2        |       xor|   0|  0|    2|           1|           2|
    |xor_ln300_11_fu_8508_p2        |       xor|   0|  0|    2|           1|           1|
    |xor_ln300_12_fu_8630_p2        |       xor|   0|  0|    2|           1|           2|
    |xor_ln300_13_fu_8642_p2        |       xor|   0|  0|    2|           1|           1|
    |xor_ln300_14_fu_8898_p2        |       xor|   0|  0|    2|           1|           2|
    |xor_ln300_15_fu_8910_p2        |       xor|   0|  0|    2|           1|           1|
    |xor_ln300_16_fu_9032_p2        |       xor|   0|  0|    2|           1|           2|
    |xor_ln300_17_fu_9044_p2        |       xor|   0|  0|    2|           1|           1|
    |xor_ln300_18_fu_9300_p2        |       xor|   0|  0|    2|           1|           2|
    |xor_ln300_19_fu_9312_p2        |       xor|   0|  0|    2|           1|           1|
    |xor_ln300_1_fu_7432_p2         |       xor|   0|  0|    2|           1|           1|
    |xor_ln300_20_fu_9434_p2        |       xor|   0|  0|    2|           1|           2|
    |xor_ln300_21_fu_9446_p2        |       xor|   0|  0|    2|           1|           1|
    |xor_ln300_22_fu_9702_p2        |       xor|   0|  0|    2|           1|           2|
    |xor_ln300_23_fu_9714_p2        |       xor|   0|  0|    2|           1|           1|
    |xor_ln300_24_fu_9836_p2        |       xor|   0|  0|    2|           1|           2|
    |xor_ln300_25_fu_9848_p2        |       xor|   0|  0|    2|           1|           1|
    |xor_ln300_26_fu_10104_p2       |       xor|   0|  0|    2|           1|           2|
    |xor_ln300_27_fu_10116_p2       |       xor|   0|  0|    2|           1|           1|
    |xor_ln300_28_fu_10238_p2       |       xor|   0|  0|    2|           1|           2|
    |xor_ln300_29_fu_10250_p2       |       xor|   0|  0|    2|           1|           1|
    |xor_ln300_2_fu_7692_p2         |       xor|   0|  0|    2|           1|           2|
    |xor_ln300_30_fu_10506_p2       |       xor|   0|  0|    2|           1|           2|
    |xor_ln300_31_fu_10518_p2       |       xor|   0|  0|    2|           1|           1|
    |xor_ln300_32_fu_10640_p2       |       xor|   0|  0|    2|           1|           2|
    |xor_ln300_33_fu_10652_p2       |       xor|   0|  0|    2|           1|           1|
    |xor_ln300_34_fu_10908_p2       |       xor|   0|  0|    2|           1|           2|
    |xor_ln300_35_fu_10920_p2       |       xor|   0|  0|    2|           1|           1|
    |xor_ln300_36_fu_11042_p2       |       xor|   0|  0|    2|           1|           2|
    |xor_ln300_37_fu_11054_p2       |       xor|   0|  0|    2|           1|           1|
    |xor_ln300_38_fu_11310_p2       |       xor|   0|  0|    2|           1|           2|
    |xor_ln300_39_fu_11322_p2       |       xor|   0|  0|    2|           1|           1|
    |xor_ln300_3_fu_7704_p2         |       xor|   0|  0|    2|           1|           1|
    |xor_ln300_40_fu_11444_p2       |       xor|   0|  0|    2|           1|           2|
    |xor_ln300_41_fu_11456_p2       |       xor|   0|  0|    2|           1|           1|
    |xor_ln300_42_fu_11712_p2       |       xor|   0|  0|    2|           1|           2|
    |xor_ln300_43_fu_11724_p2       |       xor|   0|  0|    2|           1|           1|
    |xor_ln300_44_fu_11846_p2       |       xor|   0|  0|    2|           1|           2|
    |xor_ln300_45_fu_11858_p2       |       xor|   0|  0|    2|           1|           1|
    |xor_ln300_46_fu_12114_p2       |       xor|   0|  0|    2|           1|           2|
    |xor_ln300_47_fu_12126_p2       |       xor|   0|  0|    2|           1|           1|
    |xor_ln300_48_fu_12248_p2       |       xor|   0|  0|    2|           1|           2|
    |xor_ln300_49_fu_12260_p2       |       xor|   0|  0|    2|           1|           1|
    |xor_ln300_4_fu_7826_p2         |       xor|   0|  0|    2|           1|           2|
    |xor_ln300_50_fu_12516_p2       |       xor|   0|  0|    2|           1|           2|
    |xor_ln300_51_fu_12528_p2       |       xor|   0|  0|    2|           1|           1|
    |xor_ln300_52_fu_12650_p2       |       xor|   0|  0|    2|           1|           2|
    |xor_ln300_53_fu_12662_p2       |       xor|   0|  0|    2|           1|           1|
    |xor_ln300_54_fu_12918_p2       |       xor|   0|  0|    2|           1|           2|
    |xor_ln300_55_fu_12930_p2       |       xor|   0|  0|    2|           1|           1|
    |xor_ln300_56_fu_13052_p2       |       xor|   0|  0|    2|           1|           2|
    |xor_ln300_57_fu_13064_p2       |       xor|   0|  0|    2|           1|           1|
    |xor_ln300_58_fu_13320_p2       |       xor|   0|  0|    2|           1|           2|
    |xor_ln300_59_fu_13332_p2       |       xor|   0|  0|    2|           1|           1|
    |xor_ln300_5_fu_7838_p2         |       xor|   0|  0|    2|           1|           1|
    |xor_ln300_60_fu_13454_p2       |       xor|   0|  0|    2|           1|           2|
    |xor_ln300_61_fu_13466_p2       |       xor|   0|  0|    2|           1|           1|
    |xor_ln300_62_fu_13722_p2       |       xor|   0|  0|    2|           1|           2|
    |xor_ln300_63_fu_13734_p2       |       xor|   0|  0|    2|           1|           1|
    |xor_ln300_64_fu_13856_p2       |       xor|   0|  0|    2|           1|           2|
    |xor_ln300_65_fu_13868_p2       |       xor|   0|  0|    2|           1|           1|
    |xor_ln300_66_fu_14124_p2       |       xor|   0|  0|    2|           1|           2|
    |xor_ln300_67_fu_14136_p2       |       xor|   0|  0|    2|           1|           1|
    |xor_ln300_68_fu_14258_p2       |       xor|   0|  0|    2|           1|           2|
    |xor_ln300_69_fu_14270_p2       |       xor|   0|  0|    2|           1|           1|
    |xor_ln300_6_fu_8094_p2         |       xor|   0|  0|    2|           1|           2|
    |xor_ln300_70_fu_14526_p2       |       xor|   0|  0|    2|           1|           2|
    |xor_ln300_71_fu_14538_p2       |       xor|   0|  0|    2|           1|           1|
    |xor_ln300_72_fu_14660_p2       |       xor|   0|  0|    2|           1|           2|
    |xor_ln300_73_fu_14672_p2       |       xor|   0|  0|    2|           1|           1|
    |xor_ln300_74_fu_14928_p2       |       xor|   0|  0|    2|           1|           2|
    |xor_ln300_75_fu_14940_p2       |       xor|   0|  0|    2|           1|           1|
    |xor_ln300_76_fu_15062_p2       |       xor|   0|  0|    2|           1|           2|
    |xor_ln300_77_fu_15074_p2       |       xor|   0|  0|    2|           1|           1|
    |xor_ln300_78_fu_15196_p2       |       xor|   0|  0|    2|           1|           2|
    |xor_ln300_79_fu_15208_p2       |       xor|   0|  0|    2|           1|           1|
    |xor_ln300_7_fu_8106_p2         |       xor|   0|  0|    2|           1|           1|
    |xor_ln300_8_fu_8228_p2         |       xor|   0|  0|    2|           1|           2|
    |xor_ln300_9_fu_8240_p2         |       xor|   0|  0|    2|           1|           1|
    |xor_ln300_fu_7420_p2           |       xor|   0|  0|    2|           1|           2|
    |xor_ln301_10_fu_8562_p2        |       xor|   0|  0|    2|           1|           2|
    |xor_ln301_11_fu_8574_p2        |       xor|   0|  0|    2|           1|           1|
    |xor_ln301_12_fu_8698_p2        |       xor|   0|  0|    2|           1|           2|
    |xor_ln301_13_fu_8710_p2        |       xor|   0|  0|    2|           1|           1|
    |xor_ln301_14_fu_8964_p2        |       xor|   0|  0|    2|           1|           2|
    |xor_ln301_15_fu_8976_p2        |       xor|   0|  0|    2|           1|           1|
    |xor_ln301_16_fu_9100_p2        |       xor|   0|  0|    2|           1|           2|
    |xor_ln301_17_fu_9112_p2        |       xor|   0|  0|    2|           1|           1|
    |xor_ln301_18_fu_9366_p2        |       xor|   0|  0|    2|           1|           2|
    |xor_ln301_19_fu_9378_p2        |       xor|   0|  0|    2|           1|           1|
    |xor_ln301_1_fu_7504_p2         |       xor|   0|  0|    2|           1|           1|
    |xor_ln301_20_fu_9502_p2        |       xor|   0|  0|    2|           1|           2|
    |xor_ln301_21_fu_9514_p2        |       xor|   0|  0|    2|           1|           1|
    |xor_ln301_22_fu_9768_p2        |       xor|   0|  0|    2|           1|           2|
    |xor_ln301_23_fu_9780_p2        |       xor|   0|  0|    2|           1|           1|
    |xor_ln301_24_fu_9904_p2        |       xor|   0|  0|    2|           1|           2|
    |xor_ln301_25_fu_9916_p2        |       xor|   0|  0|    2|           1|           1|
    |xor_ln301_26_fu_10170_p2       |       xor|   0|  0|    2|           1|           2|
    |xor_ln301_27_fu_10182_p2       |       xor|   0|  0|    2|           1|           1|
    |xor_ln301_28_fu_10306_p2       |       xor|   0|  0|    2|           1|           2|
    |xor_ln301_29_fu_10318_p2       |       xor|   0|  0|    2|           1|           1|
    |xor_ln301_2_fu_7758_p2         |       xor|   0|  0|    2|           1|           2|
    |xor_ln301_30_fu_10572_p2       |       xor|   0|  0|    2|           1|           2|
    |xor_ln301_31_fu_10584_p2       |       xor|   0|  0|    2|           1|           1|
    |xor_ln301_32_fu_10708_p2       |       xor|   0|  0|    2|           1|           2|
    |xor_ln301_33_fu_10720_p2       |       xor|   0|  0|    2|           1|           1|
    |xor_ln301_34_fu_10974_p2       |       xor|   0|  0|    2|           1|           2|
    |xor_ln301_35_fu_10986_p2       |       xor|   0|  0|    2|           1|           1|
    |xor_ln301_36_fu_11110_p2       |       xor|   0|  0|    2|           1|           2|
    |xor_ln301_37_fu_11122_p2       |       xor|   0|  0|    2|           1|           1|
    |xor_ln301_38_fu_11376_p2       |       xor|   0|  0|    2|           1|           2|
    |xor_ln301_39_fu_11388_p2       |       xor|   0|  0|    2|           1|           1|
    |xor_ln301_3_fu_7770_p2         |       xor|   0|  0|    2|           1|           1|
    |xor_ln301_40_fu_11512_p2       |       xor|   0|  0|    2|           1|           2|
    |xor_ln301_41_fu_11524_p2       |       xor|   0|  0|    2|           1|           1|
    |xor_ln301_42_fu_11778_p2       |       xor|   0|  0|    2|           1|           2|
    |xor_ln301_43_fu_11790_p2       |       xor|   0|  0|    2|           1|           1|
    |xor_ln301_44_fu_11914_p2       |       xor|   0|  0|    2|           1|           2|
    |xor_ln301_45_fu_11926_p2       |       xor|   0|  0|    2|           1|           1|
    |xor_ln301_46_fu_12180_p2       |       xor|   0|  0|    2|           1|           2|
    |xor_ln301_47_fu_12192_p2       |       xor|   0|  0|    2|           1|           1|
    |xor_ln301_48_fu_12316_p2       |       xor|   0|  0|    2|           1|           2|
    |xor_ln301_49_fu_12328_p2       |       xor|   0|  0|    2|           1|           1|
    |xor_ln301_4_fu_7894_p2         |       xor|   0|  0|    2|           1|           2|
    |xor_ln301_50_fu_12582_p2       |       xor|   0|  0|    2|           1|           2|
    |xor_ln301_51_fu_12594_p2       |       xor|   0|  0|    2|           1|           1|
    |xor_ln301_52_fu_12718_p2       |       xor|   0|  0|    2|           1|           2|
    |xor_ln301_53_fu_12730_p2       |       xor|   0|  0|    2|           1|           1|
    |xor_ln301_54_fu_12984_p2       |       xor|   0|  0|    2|           1|           2|
    |xor_ln301_55_fu_12996_p2       |       xor|   0|  0|    2|           1|           1|
    |xor_ln301_56_fu_13120_p2       |       xor|   0|  0|    2|           1|           2|
    |xor_ln301_57_fu_13132_p2       |       xor|   0|  0|    2|           1|           1|
    |xor_ln301_58_fu_13386_p2       |       xor|   0|  0|    2|           1|           2|
    |xor_ln301_59_fu_13398_p2       |       xor|   0|  0|    2|           1|           1|
    |xor_ln301_5_fu_7906_p2         |       xor|   0|  0|    2|           1|           1|
    |xor_ln301_60_fu_13522_p2       |       xor|   0|  0|    2|           1|           2|
    |xor_ln301_61_fu_13534_p2       |       xor|   0|  0|    2|           1|           1|
    |xor_ln301_62_fu_13788_p2       |       xor|   0|  0|    2|           1|           2|
    |xor_ln301_63_fu_13800_p2       |       xor|   0|  0|    2|           1|           1|
    |xor_ln301_64_fu_13924_p2       |       xor|   0|  0|    2|           1|           2|
    |xor_ln301_65_fu_13936_p2       |       xor|   0|  0|    2|           1|           1|
    |xor_ln301_66_fu_14190_p2       |       xor|   0|  0|    2|           1|           2|
    |xor_ln301_67_fu_14202_p2       |       xor|   0|  0|    2|           1|           1|
    |xor_ln301_68_fu_14326_p2       |       xor|   0|  0|    2|           1|           2|
    |xor_ln301_69_fu_14338_p2       |       xor|   0|  0|    2|           1|           1|
    |xor_ln301_6_fu_8160_p2         |       xor|   0|  0|    2|           1|           2|
    |xor_ln301_70_fu_14592_p2       |       xor|   0|  0|    2|           1|           2|
    |xor_ln301_71_fu_14604_p2       |       xor|   0|  0|    2|           1|           1|
    |xor_ln301_72_fu_14728_p2       |       xor|   0|  0|    2|           1|           2|
    |xor_ln301_73_fu_14740_p2       |       xor|   0|  0|    2|           1|           1|
    |xor_ln301_74_fu_14994_p2       |       xor|   0|  0|    2|           1|           2|
    |xor_ln301_75_fu_15006_p2       |       xor|   0|  0|    2|           1|           1|
    |xor_ln301_76_fu_15130_p2       |       xor|   0|  0|    2|           1|           2|
    |xor_ln301_77_fu_15142_p2       |       xor|   0|  0|    2|           1|           1|
    |xor_ln301_78_fu_15262_p2       |       xor|   0|  0|    2|           1|           2|
    |xor_ln301_79_fu_15274_p2       |       xor|   0|  0|    2|           1|           1|
    |xor_ln301_7_fu_8172_p2         |       xor|   0|  0|    2|           1|           1|
    |xor_ln301_8_fu_8296_p2         |       xor|   0|  0|    2|           1|           2|
    |xor_ln301_9_fu_8308_p2         |       xor|   0|  0|    2|           1|           1|
    |xor_ln301_fu_7492_p2           |       xor|   0|  0|    2|           1|           2|
    |xor_ln302_10_fu_8028_p2        |       xor|   0|  0|    2|           1|           2|
    |xor_ln302_11_fu_8040_p2        |       xor|   0|  0|    2|           1|           1|
    |xor_ln302_12_fu_8362_p2        |       xor|   0|  0|    2|           1|           2|
    |xor_ln302_13_fu_8374_p2        |       xor|   0|  0|    2|           1|           1|
    |xor_ln302_14_fu_8430_p2        |       xor|   0|  0|    2|           1|           2|
    |xor_ln302_15_fu_8442_p2        |       xor|   0|  0|    2|           1|           1|
    |xor_ln302_16_fu_8764_p2        |       xor|   0|  0|    2|           1|           2|
    |xor_ln302_17_fu_8776_p2        |       xor|   0|  0|    2|           1|           1|
    |xor_ln302_18_fu_8832_p2        |       xor|   0|  0|    2|           1|           2|
    |xor_ln302_19_fu_8844_p2        |       xor|   0|  0|    2|           1|           1|
    |xor_ln302_1_fu_7259_p2         |       xor|   0|  0|    2|           1|           1|
    |xor_ln302_20_fu_9166_p2        |       xor|   0|  0|    2|           1|           2|
    |xor_ln302_21_fu_9178_p2        |       xor|   0|  0|    2|           1|           1|
    |xor_ln302_22_fu_9234_p2        |       xor|   0|  0|    2|           1|           2|
    |xor_ln302_23_fu_9246_p2        |       xor|   0|  0|    2|           1|           1|
    |xor_ln302_24_fu_9568_p2        |       xor|   0|  0|    2|           1|           2|
    |xor_ln302_25_fu_9580_p2        |       xor|   0|  0|    2|           1|           1|
    |xor_ln302_26_fu_9636_p2        |       xor|   0|  0|    2|           1|           2|
    |xor_ln302_27_fu_9648_p2        |       xor|   0|  0|    2|           1|           1|
    |xor_ln302_28_fu_9970_p2        |       xor|   0|  0|    2|           1|           2|
    |xor_ln302_29_fu_9982_p2        |       xor|   0|  0|    2|           1|           1|
    |xor_ln302_2_fu_7315_p2         |       xor|   0|  0|    2|           1|           2|
    |xor_ln302_30_fu_10038_p2       |       xor|   0|  0|    2|           1|           2|
    |xor_ln302_31_fu_10050_p2       |       xor|   0|  0|    2|           1|           1|
    |xor_ln302_32_fu_10372_p2       |       xor|   0|  0|    2|           1|           2|
    |xor_ln302_33_fu_10384_p2       |       xor|   0|  0|    2|           1|           1|
    |xor_ln302_34_fu_10440_p2       |       xor|   0|  0|    2|           1|           2|
    |xor_ln302_35_fu_10452_p2       |       xor|   0|  0|    2|           1|           1|
    |xor_ln302_36_fu_10774_p2       |       xor|   0|  0|    2|           1|           2|
    |xor_ln302_37_fu_10786_p2       |       xor|   0|  0|    2|           1|           1|
    |xor_ln302_38_fu_10842_p2       |       xor|   0|  0|    2|           1|           2|
    |xor_ln302_39_fu_10854_p2       |       xor|   0|  0|    2|           1|           1|
    |xor_ln302_3_fu_7327_p2         |       xor|   0|  0|    2|           1|           1|
    |xor_ln302_40_fu_11176_p2       |       xor|   0|  0|    2|           1|           2|
    |xor_ln302_41_fu_11188_p2       |       xor|   0|  0|    2|           1|           1|
    |xor_ln302_42_fu_11244_p2       |       xor|   0|  0|    2|           1|           2|
    |xor_ln302_43_fu_11256_p2       |       xor|   0|  0|    2|           1|           1|
    |xor_ln302_44_fu_11578_p2       |       xor|   0|  0|    2|           1|           2|
    |xor_ln302_45_fu_11590_p2       |       xor|   0|  0|    2|           1|           1|
    |xor_ln302_46_fu_11646_p2       |       xor|   0|  0|    2|           1|           2|
    |xor_ln302_47_fu_11658_p2       |       xor|   0|  0|    2|           1|           1|
    |xor_ln302_48_fu_11980_p2       |       xor|   0|  0|    2|           1|           2|
    |xor_ln302_49_fu_11992_p2       |       xor|   0|  0|    2|           1|           1|
    |xor_ln302_4_fu_7558_p2         |       xor|   0|  0|    2|           1|           2|
    |xor_ln302_50_fu_12048_p2       |       xor|   0|  0|    2|           1|           2|
    |xor_ln302_51_fu_12060_p2       |       xor|   0|  0|    2|           1|           1|
    |xor_ln302_52_fu_12382_p2       |       xor|   0|  0|    2|           1|           2|
    |xor_ln302_53_fu_12394_p2       |       xor|   0|  0|    2|           1|           1|
    |xor_ln302_54_fu_12450_p2       |       xor|   0|  0|    2|           1|           2|
    |xor_ln302_55_fu_12462_p2       |       xor|   0|  0|    2|           1|           1|
    |xor_ln302_56_fu_12784_p2       |       xor|   0|  0|    2|           1|           2|
    |xor_ln302_57_fu_12796_p2       |       xor|   0|  0|    2|           1|           1|
    |xor_ln302_58_fu_12852_p2       |       xor|   0|  0|    2|           1|           2|
    |xor_ln302_59_fu_12864_p2       |       xor|   0|  0|    2|           1|           1|
    |xor_ln302_5_fu_7570_p2         |       xor|   0|  0|    2|           1|           1|
    |xor_ln302_60_fu_13186_p2       |       xor|   0|  0|    2|           1|           2|
    |xor_ln302_61_fu_13198_p2       |       xor|   0|  0|    2|           1|           1|
    |xor_ln302_62_fu_13254_p2       |       xor|   0|  0|    2|           1|           2|
    |xor_ln302_63_fu_13266_p2       |       xor|   0|  0|    2|           1|           1|
    |xor_ln302_64_fu_13588_p2       |       xor|   0|  0|    2|           1|           2|
    |xor_ln302_65_fu_13600_p2       |       xor|   0|  0|    2|           1|           1|
    |xor_ln302_66_fu_13656_p2       |       xor|   0|  0|    2|           1|           2|
    |xor_ln302_67_fu_13668_p2       |       xor|   0|  0|    2|           1|           1|
    |xor_ln302_68_fu_13990_p2       |       xor|   0|  0|    2|           1|           2|
    |xor_ln302_69_fu_14002_p2       |       xor|   0|  0|    2|           1|           1|
    |xor_ln302_6_fu_7626_p2         |       xor|   0|  0|    2|           1|           2|
    |xor_ln302_70_fu_14058_p2       |       xor|   0|  0|    2|           1|           2|
    |xor_ln302_71_fu_14070_p2       |       xor|   0|  0|    2|           1|           1|
    |xor_ln302_72_fu_14392_p2       |       xor|   0|  0|    2|           1|           2|
    |xor_ln302_73_fu_14404_p2       |       xor|   0|  0|    2|           1|           1|
    |xor_ln302_74_fu_14460_p2       |       xor|   0|  0|    2|           1|           2|
    |xor_ln302_75_fu_14472_p2       |       xor|   0|  0|    2|           1|           1|
    |xor_ln302_76_fu_14794_p2       |       xor|   0|  0|    2|           1|           2|
    |xor_ln302_77_fu_14806_p2       |       xor|   0|  0|    2|           1|           1|
    |xor_ln302_78_fu_14862_p2       |       xor|   0|  0|    2|           1|           2|
    |xor_ln302_79_fu_14874_p2       |       xor|   0|  0|    2|           1|           1|
    |xor_ln302_7_fu_7638_p2         |       xor|   0|  0|    2|           1|           1|
    |xor_ln302_8_fu_7960_p2         |       xor|   0|  0|    2|           1|           2|
    |xor_ln302_9_fu_7972_p2         |       xor|   0|  0|    2|           1|           1|
    |xor_ln302_fu_7247_p2           |       xor|   0|  0|    2|           1|           2|
    |xor_ln314_1_fu_17312_p2        |       xor|   0|  0|    2|           1|           2|
    |xor_ln314_2_fu_17333_p2        |       xor|   0|  0|    2|           1|           2|
    |xor_ln314_3_fu_17344_p2        |       xor|   0|  0|    2|           1|           2|
    |xor_ln314_4_fu_17366_p2        |       xor|   0|  0|    2|           1|           2|
    |xor_ln314_fu_17266_p2          |       xor|   0|  0|    2|           1|           2|
    |xor_ln324_1_fu_18453_p2        |       xor|   0|  0|    2|           1|           2|
    |xor_ln324_2_fu_18465_p2        |       xor|   0|  0|    2|           1|           1|
    |xor_ln324_3_fu_18471_p2        |       xor|   0|  0|    2|           1|           2|
    |xor_ln324_4_fu_18489_p2        |       xor|   0|  0|    2|           1|           1|
    |xor_ln324_5_fu_18503_p2        |       xor|   0|  0|    2|           1|           2|
    |xor_ln324_fu_18441_p2          |       xor|   0|  0|    2|           1|           2|
    |xor_ln326_1_fu_18677_p2        |       xor|   0|  0|    2|           1|           2|
    |xor_ln326_2_fu_18697_p2        |       xor|   0|  0|    2|           1|           2|
    |xor_ln326_3_fu_18709_p2        |       xor|   0|  0|    2|           1|           2|
    |xor_ln326_4_fu_18736_p2        |       xor|   0|  0|    2|           1|           2|
    |xor_ln326_fu_18615_p2          |       xor|   0|  0|    2|           1|           2|
    |xor_ln331_1_fu_19084_p2        |       xor|   0|  0|    2|           1|           1|
    |xor_ln331_fu_19072_p2          |       xor|   0|  0|    2|           1|           2|
    +-------------------------------+----------+----+---+-----+------------+------------+
    |Total                          |          |   0|  0|20658|        9680|       17704|
    +-------------------------------+----------+----+---+-----+------------+------------+

    * Multiplexer: 
    +---------------------------+----+-----------+-----+-----------+
    |            Name           | LUT| Input Size| Bits| Total Bits|
    +---------------------------+----+-----------+-----+-----------+
    |TANH_TABLE_address0_local  |  14|          3|   11|         33|
    |TANH_TABLE_address1_local  |  14|          3|   11|         33|
    |TANH_TABLE_address2_local  |  14|          3|   11|         33|
    |ap_NS_fsm                  |  14|          3|    1|          3|
    |ap_done_int                |   9|          2|    1|          2|
    |ap_enable_reg_pp0_iter0    |   9|          2|    1|          2|
    |ap_enable_reg_pp0_iter1    |   9|          2|    1|          2|
    |ap_sig_allocacmp_i_1       |   9|          2|    6|         12|
    |grp_fu_5781_p0             |  14|          3|   22|         66|
    |grp_fu_5781_p1             |  14|          3|   20|         60|
    |grp_mac3_fu_2700_h         |  14|          3|   12|         36|
    |grp_mac3_fu_2700_wn        |  14|          3|   12|         36|
    |grp_mac3_fu_2700_wr        |  14|          3|   12|         36|
    |grp_mac3_fu_2700_wz        |  14|          3|   12|         36|
    |grp_mac3_fu_2701_h         |  14|          3|   12|         36|
    |grp_mac3_fu_2701_wn        |  14|          3|   12|         36|
    |grp_mac3_fu_2701_wr        |  14|          3|   12|         36|
    |grp_mac3_fu_2701_wz        |  14|          3|   12|         36|
    |grp_mac3_fu_2702_h         |  14|          3|   12|         36|
    |grp_mac3_fu_2702_wn        |  14|          3|   12|         36|
    |grp_mac3_fu_2702_wr        |  14|          3|   12|         36|
    |grp_mac3_fu_2702_wz        |  14|          3|   12|         36|
    |grp_mac3_fu_2703_h         |  14|          3|   12|         36|
    |grp_mac3_fu_2703_wn        |  14|          3|   12|         36|
    |grp_mac3_fu_2703_wr        |  14|          3|   12|         36|
    |grp_mac3_fu_2703_wz        |  14|          3|   12|         36|
    |grp_mac3_fu_2704_h         |  14|          3|   12|         36|
    |grp_mac3_fu_2704_wn        |  14|          3|   12|         36|
    |grp_mac3_fu_2704_wr        |  14|          3|   12|         36|
    |grp_mac3_fu_2704_wz        |  14|          3|   12|         36|
    |grp_mac3_fu_2705_h         |  14|          3|   12|         36|
    |grp_mac3_fu_2705_wn        |  14|          3|   12|         36|
    |grp_mac3_fu_2705_wr        |  14|          3|   12|         36|
    |grp_mac3_fu_2705_wz        |  14|          3|   12|         36|
    |grp_mac3_fu_2706_h         |  14|          3|   12|         36|
    |grp_mac3_fu_2706_wn        |  14|          3|   12|         36|
    |grp_mac3_fu_2706_wr        |  14|          3|   12|         36|
    |grp_mac3_fu_2706_wz        |  14|          3|   12|         36|
    |grp_mac3_fu_2707_h         |  14|          3|   12|         36|
    |grp_mac3_fu_2707_wn        |  14|          3|   12|         36|
    |grp_mac3_fu_2707_wr        |  14|          3|   12|         36|
    |grp_mac3_fu_2707_wz        |  14|          3|   12|         36|
    |grp_mac3_fu_2708_h         |  14|          3|   12|         36|
    |grp_mac3_fu_2708_wn        |  14|          3|   12|         36|
    |grp_mac3_fu_2708_wr        |  14|          3|   12|         36|
    |grp_mac3_fu_2708_wz        |  14|          3|   12|         36|
    |grp_mac3_fu_2709_h         |  14|          3|   12|         36|
    |grp_mac3_fu_2709_wn        |  14|          3|   12|         36|
    |grp_mac3_fu_2709_wr        |  14|          3|   12|         36|
    |grp_mac3_fu_2709_wz        |  14|          3|   12|         36|
    |grp_mac3_fu_2710_h         |  14|          3|   12|         36|
    |grp_mac3_fu_2710_wn        |  14|          3|   12|         36|
    |grp_mac3_fu_2710_wr        |  14|          3|   12|         36|
    |grp_mac3_fu_2710_wz        |  14|          3|   12|         36|
    |grp_mac3_fu_2711_h         |  14|          3|   12|         36|
    |grp_mac3_fu_2711_wn        |  14|          3|   12|         36|
    |grp_mac3_fu_2711_wr        |  14|          3|   12|         36|
    |grp_mac3_fu_2711_wz        |  14|          3|   12|         36|
    |grp_mac3_fu_2712_h         |  14|          3|   12|         36|
    |grp_mac3_fu_2712_wn        |  14|          3|   12|         36|
    |grp_mac3_fu_2712_wr        |  14|          3|   12|         36|
    |grp_mac3_fu_2712_wz        |  14|          3|   12|         36|
    |grp_mac3_fu_2713_h         |  14|          3|   12|         36|
    |grp_mac3_fu_2713_wn        |  14|          3|   12|         36|
    |grp_mac3_fu_2713_wr        |  14|          3|   12|         36|
    |grp_mac3_fu_2713_wz        |  14|          3|   12|         36|
    |grp_mac3_fu_2714_h         |  14|          3|   12|         36|
    |grp_mac3_fu_2714_wn        |  14|          3|   12|         36|
    |grp_mac3_fu_2714_wr        |  14|          3|   12|         36|
    |grp_mac3_fu_2714_wz        |  14|          3|   12|         36|
    |grp_mac3_fu_2715_h         |  14|          3|   12|         36|
    |grp_mac3_fu_2715_wn        |  14|          3|   12|         36|
    |grp_mac3_fu_2715_wr        |  14|          3|   12|         36|
    |grp_mac3_fu_2715_wz        |  14|          3|   12|         36|
    |grp_mac3_fu_2716_h         |  14|          3|   12|         36|
    |grp_mac3_fu_2716_wn        |  14|          3|   12|         36|
    |grp_mac3_fu_2716_wr        |  14|          3|   12|         36|
    |grp_mac3_fu_2716_wz        |  14|          3|   12|         36|
    |grp_mac3_fu_2717_h         |  14|          3|   12|         36|
    |grp_mac3_fu_2717_wn        |  14|          3|   12|         36|
    |grp_mac3_fu_2717_wr        |  14|          3|   12|         36|
    |grp_mac3_fu_2717_wz        |  14|          3|   12|         36|
    |grp_mac3_fu_2718_h         |  14|          3|   12|         36|
    |grp_mac3_fu_2718_wn        |  14|          3|   12|         36|
    |grp_mac3_fu_2718_wr        |  14|          3|   12|         36|
    |grp_mac3_fu_2718_wz        |  14|          3|   12|         36|
    |grp_mac3_fu_2719_h         |  14|          3|   12|         36|
    |grp_mac3_fu_2719_wn        |  14|          3|   12|         36|
    |grp_mac3_fu_2719_wr        |  14|          3|   12|         36|
    |grp_mac3_fu_2719_wz        |  14|          3|   12|         36|
    |h_new_10_out               |   9|          2|   12|         24|
    |h_new_11_out               |   9|          2|   12|         24|
    |h_new_12_out               |   9|          2|   12|         24|
    |h_new_13_out               |   9|          2|   12|         24|
    |h_new_14_out               |   9|          2|   12|         24|
    |h_new_15_out               |   9|          2|   12|         24|
    |h_new_16_out               |   9|          2|   12|         24|
    |h_new_17_out               |   9|          2|   12|         24|
    |h_new_18_out               |   9|          2|   12|         24|
    |h_new_19_out               |   9|          2|   12|         24|
    |h_new_1_out                |   9|          2|   12|         24|
    |h_new_20_out               |   9|          2|   12|         24|
    |h_new_21_out               |   9|          2|   12|         24|
    |h_new_22_out               |   9|          2|   12|         24|
    |h_new_23_out               |   9|          2|   12|         24|
    |h_new_24_out               |   9|          2|   12|         24|
    |h_new_25_out               |   9|          2|   12|         24|
    |h_new_26_out               |   9|          2|   12|         24|
    |h_new_27_out               |   9|          2|   12|         24|
    |h_new_28_out               |   9|          2|   12|         24|
    |h_new_29_out               |   9|          2|   12|         24|
    |h_new_2_out                |   9|          2|   12|         24|
    |h_new_30_out               |   9|          2|   12|         24|
    |h_new_31_out               |   9|          2|   12|         24|
    |h_new_32_out               |   9|          2|   12|         24|
    |h_new_33_out               |   9|          2|   12|         24|
    |h_new_34_out               |   9|          2|   12|         24|
    |h_new_35_out               |   9|          2|   12|         24|
    |h_new_36_out               |   9|          2|   12|         24|
    |h_new_37_out               |   9|          2|   12|         24|
    |h_new_38_out               |   9|          2|   12|         24|
    |h_new_39_out               |   9|          2|   12|         24|
    |h_new_3_out                |   9|          2|   12|         24|
    |h_new_4_out                |   9|          2|   12|         24|
    |h_new_5_out                |   9|          2|   12|         24|
    |h_new_6_out                |   9|          2|   12|         24|
    |h_new_7_out                |   9|          2|   12|         24|
    |h_new_8_out                |   9|          2|   12|         24|
    |h_new_9_out                |   9|          2|   12|         24|
    |h_new_out                  |   9|          2|   12|         24|
    |i_fu_692                   |   9|          2|    6|         12|
    |y_acc_fu_688               |   9|          2|   32|         64|
    +---------------------------+----+-----------+-----+-----------+
    |Total                      |1618|        350| 1563|       4162|
    +---------------------------+----+-----------+-----+-----------+

    * Register: 
    +----------------------------------------+-----+----+-----+-----------+
    |                  Name                  |  FF | LUT| Bits| Const Bits|
    +----------------------------------------+-----+----+-----+-----------+
    |U_n_0_load_reg_20070                    |    9|   0|    9|          0|
    |U_n_10_load_reg_20220                   |    9|   0|    9|          0|
    |U_n_11_load_reg_20235                   |    9|   0|    9|          0|
    |U_n_12_load_reg_20250                   |    9|   0|    9|          0|
    |U_n_13_load_reg_20265                   |    8|   0|    8|          0|
    |U_n_14_load_reg_20280                   |    8|   0|    8|          0|
    |U_n_15_load_reg_20295                   |    7|   0|    7|          0|
    |U_n_16_load_reg_20310                   |    8|   0|    8|          0|
    |U_n_17_load_reg_20325                   |    8|   0|    8|          0|
    |U_n_18_load_reg_20340                   |    8|   0|    8|          0|
    |U_n_19_load_reg_20355                   |    8|   0|    8|          0|
    |U_n_1_load_reg_20085                    |    9|   0|    9|          0|
    |U_n_20_load_reg_20370                   |    9|   0|    9|          0|
    |U_n_21_load_reg_20385                   |   10|   0|   10|          0|
    |U_n_22_load_reg_20400                   |    9|   0|    9|          0|
    |U_n_23_load_reg_20415                   |    9|   0|    9|          0|
    |U_n_24_load_reg_20430                   |    8|   0|    8|          0|
    |U_n_25_load_reg_20445                   |    8|   0|    8|          0|
    |U_n_26_load_reg_20460                   |    7|   0|    7|          0|
    |U_n_27_load_reg_20475                   |    8|   0|    8|          0|
    |U_n_28_load_reg_20490                   |    8|   0|    8|          0|
    |U_n_29_load_reg_20505                   |    8|   0|    8|          0|
    |U_n_2_load_reg_20100                    |    8|   0|    8|          0|
    |U_n_30_load_reg_20520                   |    7|   0|    7|          0|
    |U_n_31_load_reg_20535                   |    8|   0|    8|          0|
    |U_n_32_load_reg_20550                   |    7|   0|    7|          0|
    |U_n_33_load_reg_20565                   |    8|   0|    8|          0|
    |U_n_34_load_reg_20580                   |   10|   0|   10|          0|
    |U_n_35_load_reg_20595                   |    9|   0|    9|          0|
    |U_n_36_load_reg_20610                   |    9|   0|    9|          0|
    |U_n_37_load_reg_20625                   |    8|   0|    8|          0|
    |U_n_38_load_reg_20640                   |    9|   0|    9|          0|
    |U_n_39_load_reg_20655                   |    8|   0|    8|          0|
    |U_n_3_load_reg_20115                    |    9|   0|    9|          0|
    |U_n_4_load_reg_20130                    |    8|   0|    8|          0|
    |U_n_5_load_reg_20145                    |    7|   0|    7|          0|
    |U_n_6_load_reg_20160                    |    9|   0|    9|          0|
    |U_n_7_load_reg_20175                    |    8|   0|    8|          0|
    |U_n_8_load_reg_20190                    |    8|   0|    8|          0|
    |U_n_9_load_reg_20205                    |    8|   0|    8|          0|
    |U_r_0_load_reg_20060                    |   10|   0|   10|          0|
    |U_r_10_load_reg_20210                   |    9|   0|    9|          0|
    |U_r_11_load_reg_20225                   |    8|   0|    8|          0|
    |U_r_12_load_reg_20240                   |   10|   0|   10|          0|
    |U_r_13_load_reg_20255                   |   10|   0|   10|          0|
    |U_r_14_load_reg_20270                   |    8|   0|    8|          0|
    |U_r_15_load_reg_20285                   |    9|   0|    9|          0|
    |U_r_16_load_reg_20300                   |   10|   0|   10|          0|
    |U_r_17_load_reg_20315                   |    8|   0|    8|          0|
    |U_r_18_load_reg_20330                   |    9|   0|    9|          0|
    |U_r_19_load_reg_20345                   |    8|   0|    8|          0|
    |U_r_1_load_reg_20075                    |   10|   0|   10|          0|
    |U_r_20_load_reg_20360                   |   10|   0|   10|          0|
    |U_r_21_load_reg_20375                   |   11|   0|   11|          0|
    |U_r_22_load_reg_20390                   |   11|   0|   11|          0|
    |U_r_23_load_reg_20405                   |   10|   0|   10|          0|
    |U_r_24_load_reg_20420                   |    8|   0|    8|          0|
    |U_r_25_load_reg_20435                   |    8|   0|    8|          0|
    |U_r_26_load_reg_20450                   |    9|   0|    9|          0|
    |U_r_27_load_reg_20465                   |    9|   0|    9|          0|
    |U_r_28_load_reg_20480                   |    8|   0|    8|          0|
    |U_r_29_load_reg_20495                   |   10|   0|   10|          0|
    |U_r_2_load_reg_20090                    |    8|   0|    8|          0|
    |U_r_30_load_reg_20510                   |   10|   0|   10|          0|
    |U_r_31_load_reg_20525                   |    8|   0|    8|          0|
    |U_r_32_load_reg_20540                   |    9|   0|    9|          0|
    |U_r_33_load_reg_20555                   |    8|   0|    8|          0|
    |U_r_34_load_reg_20570                   |   11|   0|   11|          0|
    |U_r_35_load_reg_20585                   |   10|   0|   10|          0|
    |U_r_36_load_reg_20600                   |    9|   0|    9|          0|
    |U_r_37_load_reg_20615                   |    9|   0|    9|          0|
    |U_r_38_load_reg_20630                   |   10|   0|   10|          0|
    |U_r_39_load_reg_20645                   |    8|   0|    8|          0|
    |U_r_3_load_reg_20105                    |    8|   0|    8|          0|
    |U_r_4_load_reg_20120                    |    8|   0|    8|          0|
    |U_r_5_load_reg_20135                    |    9|   0|    9|          0|
    |U_r_6_load_reg_20150                    |    9|   0|    9|          0|
    |U_r_7_load_reg_20165                    |    7|   0|    7|          0|
    |U_r_8_load_reg_20180                    |    9|   0|    9|          0|
    |U_r_9_load_reg_20195                    |   10|   0|   10|          0|
    |U_z_0_load_reg_20065                    |   10|   0|   10|          0|
    |U_z_10_load_reg_20215                   |   10|   0|   10|          0|
    |U_z_11_load_reg_20230                   |   10|   0|   10|          0|
    |U_z_12_load_reg_20245                   |    9|   0|    9|          0|
    |U_z_13_load_reg_20260                   |    9|   0|    9|          0|
    |U_z_14_load_reg_20275                   |    9|   0|    9|          0|
    |U_z_15_load_reg_20290                   |   10|   0|   10|          0|
    |U_z_16_load_reg_20305                   |   10|   0|   10|          0|
    |U_z_17_load_reg_20320                   |    9|   0|    9|          0|
    |U_z_18_load_reg_20335                   |   10|   0|   10|          0|
    |U_z_19_load_reg_20350                   |   10|   0|   10|          0|
    |U_z_1_load_reg_20080                    |   10|   0|   10|          0|
    |U_z_20_load_reg_20365                   |   10|   0|   10|          0|
    |U_z_21_load_reg_20380                   |   10|   0|   10|          0|
    |U_z_22_load_reg_20395                   |   10|   0|   10|          0|
    |U_z_23_load_reg_20410                   |   10|   0|   10|          0|
    |U_z_24_load_reg_20425                   |   10|   0|   10|          0|
    |U_z_25_load_reg_20440                   |    9|   0|    9|          0|
    |U_z_26_load_reg_20455                   |   10|   0|   10|          0|
    |U_z_27_load_reg_20470                   |   10|   0|   10|          0|
    |U_z_28_load_reg_20485                   |    9|   0|    9|          0|
    |U_z_29_load_reg_20500                   |   10|   0|   10|          0|
    |U_z_2_load_reg_20095                    |   10|   0|   10|          0|
    |U_z_30_load_reg_20515                   |   10|   0|   10|          0|
    |U_z_31_load_reg_20530                   |   10|   0|   10|          0|
    |U_z_32_load_reg_20545                   |   10|   0|   10|          0|
    |U_z_33_load_reg_20560                   |    9|   0|    9|          0|
    |U_z_34_load_reg_20575                   |   10|   0|   10|          0|
    |U_z_35_load_reg_20590                   |    9|   0|    9|          0|
    |U_z_36_load_reg_20605                   |   10|   0|   10|          0|
    |U_z_37_load_reg_20620                   |   10|   0|   10|          0|
    |U_z_38_load_reg_20635                   |   10|   0|   10|          0|
    |U_z_39_load_reg_20650                   |   10|   0|   10|          0|
    |U_z_3_load_reg_20110                    |    9|   0|    9|          0|
    |U_z_4_load_reg_20125                    |   10|   0|   10|          0|
    |U_z_5_load_reg_20140                    |   10|   0|   10|          0|
    |U_z_6_load_reg_20155                    |   10|   0|   10|          0|
    |U_z_7_load_reg_20170                    |    9|   0|    9|          0|
    |U_z_8_load_reg_20185                    |   10|   0|   10|          0|
    |U_z_9_load_reg_20200                    |    9|   0|    9|          0|
    |W_n_load_reg_20680                      |   11|   0|   11|          0|
    |acc_n_10_reg_20892                      |   32|   0|   32|          0|
    |acc_n_11_reg_20910                      |   32|   0|   32|          0|
    |acc_n_12_reg_20928                      |   32|   0|   32|          0|
    |acc_n_13_reg_20946                      |   32|   0|   32|          0|
    |acc_n_14_reg_20964                      |   32|   0|   32|          0|
    |acc_n_15_reg_20982                      |   32|   0|   32|          0|
    |acc_n_16_reg_21000                      |   32|   0|   32|          0|
    |acc_n_17_reg_21018                      |   32|   0|   32|          0|
    |acc_n_18_reg_21036                      |   32|   0|   32|          0|
    |acc_n_19_reg_21054                      |   32|   0|   32|          0|
    |acc_n_1_reg_20730                       |   32|   0|   32|          0|
    |acc_n_20_reg_21082                      |   32|   0|   32|          0|
    |acc_n_21_reg_21100                      |   32|   0|   32|          0|
    |acc_n_22_reg_21118                      |   32|   0|   32|          0|
    |acc_n_23_reg_21136                      |   32|   0|   32|          0|
    |acc_n_24_reg_21154                      |   32|   0|   32|          0|
    |acc_n_25_reg_21172                      |   32|   0|   32|          0|
    |acc_n_26_reg_21190                      |   32|   0|   32|          0|
    |acc_n_27_reg_21208                      |   32|   0|   32|          0|
    |acc_n_28_reg_21226                      |   32|   0|   32|          0|
    |acc_n_29_reg_21244                      |   32|   0|   32|          0|
    |acc_n_2_reg_20748                       |   32|   0|   32|          0|
    |acc_n_30_reg_21262                      |   32|   0|   32|          0|
    |acc_n_31_reg_21280                      |   32|   0|   32|          0|
    |acc_n_32_reg_21298                      |   32|   0|   32|          0|
    |acc_n_33_reg_21316                      |   32|   0|   32|          0|
    |acc_n_34_reg_21334                      |   32|   0|   32|          0|
    |acc_n_35_reg_21352                      |   32|   0|   32|          0|
    |acc_n_36_reg_21370                      |   32|   0|   32|          0|
    |acc_n_37_reg_21388                      |   32|   0|   32|          0|
    |acc_n_38_reg_21406                      |   32|   0|   32|          0|
    |acc_n_39_reg_21424                      |   32|   0|   32|          0|
    |acc_n_3_reg_20766                       |   32|   0|   32|          0|
    |acc_n_4_reg_20784                       |   32|   0|   32|          0|
    |acc_n_4_reg_20784_pp0_iter2_reg         |   32|   0|   32|          0|
    |acc_n_5_reg_20802                       |   32|   0|   32|          0|
    |acc_n_5_reg_20802_pp0_iter2_reg         |   32|   0|   32|          0|
    |acc_n_6_reg_20820                       |   32|   0|   32|          0|
    |acc_n_6_reg_20820_pp0_iter2_reg         |   32|   0|   32|          0|
    |acc_n_7_reg_20838                       |   32|   0|   32|          0|
    |acc_n_7_reg_20838_pp0_iter2_reg         |   32|   0|   32|          0|
    |acc_n_8_reg_20856                       |   32|   0|   32|          0|
    |acc_n_9_reg_20874                       |   32|   0|   32|          0|
    |acc_n_reg_20712                         |   32|   0|   32|          0|
    |acc_r_10_reg_20880                      |   32|   0|   32|          0|
    |acc_r_11_reg_20898                      |   32|   0|   32|          0|
    |acc_r_12_reg_20916                      |   32|   0|   32|          0|
    |acc_r_13_reg_20934                      |   32|   0|   32|          0|
    |acc_r_14_reg_20952                      |   32|   0|   32|          0|
    |acc_r_15_reg_20970                      |   32|   0|   32|          0|
    |acc_r_16_reg_20988                      |   32|   0|   32|          0|
    |acc_r_17_reg_21006                      |   32|   0|   32|          0|
    |acc_r_18_reg_21024                      |   32|   0|   32|          0|
    |acc_r_19_reg_21042                      |   32|   0|   32|          0|
    |acc_r_1_reg_20718                       |   32|   0|   32|          0|
    |acc_r_1_reg_20718_pp0_iter2_reg         |   32|   0|   32|          0|
    |acc_r_20_reg_21070                      |   32|   0|   32|          0|
    |acc_r_21_reg_21088                      |   32|   0|   32|          0|
    |acc_r_22_reg_21106                      |   32|   0|   32|          0|
    |acc_r_23_reg_21124                      |   32|   0|   32|          0|
    |acc_r_24_reg_21142                      |   32|   0|   32|          0|
    |acc_r_25_reg_21160                      |   32|   0|   32|          0|
    |acc_r_26_reg_21178                      |   32|   0|   32|          0|
    |acc_r_27_reg_21196                      |   32|   0|   32|          0|
    |acc_r_28_reg_21214                      |   32|   0|   32|          0|
    |acc_r_29_reg_21232                      |   32|   0|   32|          0|
    |acc_r_2_reg_20736                       |   32|   0|   32|          0|
    |acc_r_2_reg_20736_pp0_iter2_reg         |   32|   0|   32|          0|
    |acc_r_30_reg_21250                      |   32|   0|   32|          0|
    |acc_r_31_reg_21268                      |   32|   0|   32|          0|
    |acc_r_32_reg_21286                      |   32|   0|   32|          0|
    |acc_r_33_reg_21304                      |   32|   0|   32|          0|
    |acc_r_34_reg_21322                      |   32|   0|   32|          0|
    |acc_r_35_reg_21340                      |   32|   0|   32|          0|
    |acc_r_36_reg_21358                      |   32|   0|   32|          0|
    |acc_r_37_reg_21376                      |   32|   0|   32|          0|
    |acc_r_38_reg_21394                      |   32|   0|   32|          0|
    |acc_r_39_reg_21412                      |   32|   0|   32|          0|
    |acc_r_3_reg_20754                       |   32|   0|   32|          0|
    |acc_r_3_reg_20754_pp0_iter2_reg         |   32|   0|   32|          0|
    |acc_r_4_reg_20772                       |   32|   0|   32|          0|
    |acc_r_4_reg_20772_pp0_iter2_reg         |   32|   0|   32|          0|
    |acc_r_5_reg_20790                       |   32|   0|   32|          0|
    |acc_r_6_reg_20808                       |   32|   0|   32|          0|
    |acc_r_7_reg_20826                       |   32|   0|   32|          0|
    |acc_r_8_reg_20844                       |   32|   0|   32|          0|
    |acc_r_9_reg_20862                       |   32|   0|   32|          0|
    |acc_r_reg_20700                         |   32|   0|   32|          0|
    |acc_z_10_reg_20886                      |   32|   0|   32|          0|
    |acc_z_11_reg_20904                      |   32|   0|   32|          0|
    |acc_z_12_reg_20922                      |   32|   0|   32|          0|
    |acc_z_13_reg_20940                      |   32|   0|   32|          0|
    |acc_z_14_reg_20958                      |   32|   0|   32|          0|
    |acc_z_15_reg_20976                      |   32|   0|   32|          0|
    |acc_z_16_reg_20994                      |   32|   0|   32|          0|
    |acc_z_17_reg_21012                      |   32|   0|   32|          0|
    |acc_z_18_reg_21030                      |   32|   0|   32|          0|
    |acc_z_19_reg_21048                      |   32|   0|   32|          0|
    |acc_z_1_reg_20724                       |   32|   0|   32|          0|
    |acc_z_1_reg_20724_pp0_iter2_reg         |   32|   0|   32|          0|
    |acc_z_20_reg_21076                      |   32|   0|   32|          0|
    |acc_z_21_reg_21094                      |   32|   0|   32|          0|
    |acc_z_22_reg_21112                      |   32|   0|   32|          0|
    |acc_z_23_reg_21130                      |   32|   0|   32|          0|
    |acc_z_24_reg_21148                      |   32|   0|   32|          0|
    |acc_z_25_reg_21166                      |   32|   0|   32|          0|
    |acc_z_26_reg_21184                      |   32|   0|   32|          0|
    |acc_z_27_reg_21202                      |   32|   0|   32|          0|
    |acc_z_28_reg_21220                      |   32|   0|   32|          0|
    |acc_z_29_reg_21238                      |   32|   0|   32|          0|
    |acc_z_2_reg_20742                       |   32|   0|   32|          0|
    |acc_z_2_reg_20742_pp0_iter2_reg         |   32|   0|   32|          0|
    |acc_z_30_reg_21256                      |   32|   0|   32|          0|
    |acc_z_31_reg_21274                      |   32|   0|   32|          0|
    |acc_z_32_reg_21292                      |   32|   0|   32|          0|
    |acc_z_33_reg_21310                      |   32|   0|   32|          0|
    |acc_z_34_reg_21328                      |   32|   0|   32|          0|
    |acc_z_35_reg_21346                      |   32|   0|   32|          0|
    |acc_z_36_reg_21364                      |   32|   0|   32|          0|
    |acc_z_37_reg_21382                      |   32|   0|   32|          0|
    |acc_z_38_reg_21400                      |   32|   0|   32|          0|
    |acc_z_39_reg_21418                      |   32|   0|   32|          0|
    |acc_z_3_reg_20760                       |   32|   0|   32|          0|
    |acc_z_3_reg_20760_pp0_iter2_reg         |   32|   0|   32|          0|
    |acc_z_4_reg_20778                       |   32|   0|   32|          0|
    |acc_z_4_reg_20778_pp0_iter2_reg         |   32|   0|   32|          0|
    |acc_z_5_reg_20796                       |   32|   0|   32|          0|
    |acc_z_6_reg_20814                       |   32|   0|   32|          0|
    |acc_z_7_reg_20832                       |   32|   0|   32|          0|
    |acc_z_8_reg_20850                       |   32|   0|   32|          0|
    |acc_z_9_reg_20868                       |   32|   0|   32|          0|
    |acc_z_reg_20706                         |   32|   0|   32|          0|
    |add_ln171_1_reg_21980                   |   12|   0|   12|          0|
    |add_ln171_2_reg_22156                   |   12|   0|   12|          0|
    |add_ln171_reg_21945                     |   12|   0|   12|          0|
    |add_ln285_reg_20660                     |    8|   0|    8|          0|
    |add_ln287_reg_20670                     |   10|   0|   10|          0|
    |add_ln290_reg_21469                     |   22|   0|   22|          0|
    |add_ln314_reg_22026                     |   44|   0|   44|          0|
    |add_ln326_reg_22226                     |   12|   0|   12|          0|
    |and_ln150_5_reg_22088                   |    1|   0|    1|          0|
    |and_ln170_12_reg_22146                  |    1|   0|    1|          0|
    |and_ln170_2_reg_21930                   |    1|   0|    1|          0|
    |and_ln170_7_reg_21965                   |    1|   0|    1|          0|
    |and_ln171_12_reg_21985                  |    1|   0|    1|          0|
    |and_ln171_20_reg_22161                  |    1|   0|    1|          0|
    |and_ln171_4_reg_21950                   |    1|   0|    1|          0|
    |and_ln314_1_reg_22049                   |    1|   0|    1|          0|
    |and_ln324_1_reg_22209                   |    1|   0|    1|          0|
    |and_ln324_2_reg_22215                   |    1|   0|    1|          0|
    |and_ln326_1_reg_22231                   |    1|   0|    1|          0|
    |and_ln326_4_reg_22241                   |    1|   0|    1|          0|
    |and_ln326_5_reg_22247                   |    1|   0|    1|          0|
    |ap_CS_fsm                               |    2|   0|    2|          0|
    |ap_done_reg                             |    1|   0|    1|          0|
    |ap_enable_reg_pp0_iter0_reg             |    1|   0|    1|          0|
    |ap_enable_reg_pp0_iter1                 |    1|   0|    1|          0|
    |ap_enable_reg_pp0_iter10                |    1|   0|    1|          0|
    |ap_enable_reg_pp0_iter11                |    1|   0|    1|          0|
    |ap_enable_reg_pp0_iter12                |    1|   0|    1|          0|
    |ap_enable_reg_pp0_iter13                |    1|   0|    1|          0|
    |ap_enable_reg_pp0_iter14                |    1|   0|    1|          0|
    |ap_enable_reg_pp0_iter15                |    1|   0|    1|          0|
    |ap_enable_reg_pp0_iter16                |    1|   0|    1|          0|
    |ap_enable_reg_pp0_iter17                |    1|   0|    1|          0|
    |ap_enable_reg_pp0_iter18                |    1|   0|    1|          0|
    |ap_enable_reg_pp0_iter19                |    1|   0|    1|          0|
    |ap_enable_reg_pp0_iter2                 |    1|   0|    1|          0|
    |ap_enable_reg_pp0_iter20                |    1|   0|    1|          0|
    |ap_enable_reg_pp0_iter21                |    1|   0|    1|          0|
    |ap_enable_reg_pp0_iter22                |    1|   0|    1|          0|
    |ap_enable_reg_pp0_iter23                |    1|   0|    1|          0|
    |ap_enable_reg_pp0_iter24                |    1|   0|    1|          0|
    |ap_enable_reg_pp0_iter3                 |    1|   0|    1|          0|
    |ap_enable_reg_pp0_iter4                 |    1|   0|    1|          0|
    |ap_enable_reg_pp0_iter5                 |    1|   0|    1|          0|
    |ap_enable_reg_pp0_iter6                 |    1|   0|    1|          0|
    |ap_enable_reg_pp0_iter7                 |    1|   0|    1|          0|
    |ap_enable_reg_pp0_iter8                 |    1|   0|    1|          0|
    |ap_enable_reg_pp0_iter9                 |    1|   0|    1|          0|
    |ap_loop_exit_ready_pp0_iter10_reg       |    1|   0|    1|          0|
    |ap_loop_exit_ready_pp0_iter11_reg       |    1|   0|    1|          0|
    |ap_loop_exit_ready_pp0_iter12_reg       |    1|   0|    1|          0|
    |ap_loop_exit_ready_pp0_iter13_reg       |    1|   0|    1|          0|
    |ap_loop_exit_ready_pp0_iter14_reg       |    1|   0|    1|          0|
    |ap_loop_exit_ready_pp0_iter15_reg       |    1|   0|    1|          0|
    |ap_loop_exit_ready_pp0_iter16_reg       |    1|   0|    1|          0|
    |ap_loop_exit_ready_pp0_iter17_reg       |    1|   0|    1|          0|
    |ap_loop_exit_ready_pp0_iter18_reg       |    1|   0|    1|          0|
    |ap_loop_exit_ready_pp0_iter19_reg       |    1|   0|    1|          0|
    |ap_loop_exit_ready_pp0_iter1_reg        |    1|   0|    1|          0|
    |ap_loop_exit_ready_pp0_iter20_reg       |    1|   0|    1|          0|
    |ap_loop_exit_ready_pp0_iter21_reg       |    1|   0|    1|          0|
    |ap_loop_exit_ready_pp0_iter22_reg       |    1|   0|    1|          0|
    |ap_loop_exit_ready_pp0_iter23_reg       |    1|   0|    1|          0|
    |ap_loop_exit_ready_pp0_iter2_reg        |    1|   0|    1|          0|
    |ap_loop_exit_ready_pp0_iter3_reg        |    1|   0|    1|          0|
    |ap_loop_exit_ready_pp0_iter4_reg        |    1|   0|    1|          0|
    |ap_loop_exit_ready_pp0_iter5_reg        |    1|   0|    1|          0|
    |ap_loop_exit_ready_pp0_iter6_reg        |    1|   0|    1|          0|
    |ap_loop_exit_ready_pp0_iter7_reg        |    1|   0|    1|          0|
    |ap_loop_exit_ready_pp0_iter8_reg        |    1|   0|    1|          0|
    |ap_loop_exit_ready_pp0_iter9_reg        |    1|   0|    1|          0|
    |ap_predicate_pred3702_state48           |    1|   0|    1|          0|
    |ap_predicate_pred3705_state48           |    1|   0|    1|          0|
    |ap_predicate_pred3709_state48           |    1|   0|    1|          0|
    |ap_predicate_pred3713_state48           |    1|   0|    1|          0|
    |ap_predicate_pred3717_state48           |    1|   0|    1|          0|
    |ap_predicate_pred3721_state48           |    1|   0|    1|          0|
    |ap_predicate_pred3725_state48           |    1|   0|    1|          0|
    |ap_predicate_pred3729_state48           |    1|   0|    1|          0|
    |ap_predicate_pred3733_state48           |    1|   0|    1|          0|
    |ap_predicate_pred3737_state48           |    1|   0|    1|          0|
    |ap_predicate_pred3741_state48           |    1|   0|    1|          0|
    |ap_predicate_pred3745_state48           |    1|   0|    1|          0|
    |ap_predicate_pred3749_state48           |    1|   0|    1|          0|
    |ap_predicate_pred3753_state48           |    1|   0|    1|          0|
    |ap_predicate_pred3757_state48           |    1|   0|    1|          0|
    |ap_predicate_pred3761_state48           |    1|   0|    1|          0|
    |ap_predicate_pred3765_state48           |    1|   0|    1|          0|
    |ap_predicate_pred3769_state48           |    1|   0|    1|          0|
    |ap_predicate_pred3773_state48           |    1|   0|    1|          0|
    |ap_predicate_pred3777_state48           |    1|   0|    1|          0|
    |ap_predicate_pred3781_state48           |    1|   0|    1|          0|
    |ap_predicate_pred3785_state48           |    1|   0|    1|          0|
    |ap_predicate_pred3789_state48           |    1|   0|    1|          0|
    |ap_predicate_pred3793_state48           |    1|   0|    1|          0|
    |ap_predicate_pred3797_state48           |    1|   0|    1|          0|
    |ap_predicate_pred3801_state48           |    1|   0|    1|          0|
    |ap_predicate_pred3805_state48           |    1|   0|    1|          0|
    |ap_predicate_pred3809_state48           |    1|   0|    1|          0|
    |ap_predicate_pred3813_state48           |    1|   0|    1|          0|
    |ap_predicate_pred3817_state48           |    1|   0|    1|          0|
    |ap_predicate_pred3821_state48           |    1|   0|    1|          0|
    |ap_predicate_pred3825_state48           |    1|   0|    1|          0|
    |ap_predicate_pred3829_state48           |    1|   0|    1|          0|
    |ap_predicate_pred3833_state48           |    1|   0|    1|          0|
    |ap_predicate_pred3837_state48           |    1|   0|    1|          0|
    |ap_predicate_pred3841_state48           |    1|   0|    1|          0|
    |ap_predicate_pred3845_state48           |    1|   0|    1|          0|
    |ap_predicate_pred3849_state48           |    1|   0|    1|          0|
    |ap_predicate_pred3853_state48           |    1|   0|    1|          0|
    |ap_predicate_pred3855_state48           |    1|   0|    1|          0|
    |av_4_reg_22078                          |   32|   0|   32|          0|
    |b_hn_load_reg_20690                     |    8|   0|    8|          0|
    |b_in_load_reg_20685                     |    8|   0|    8|          0|
    |b_in_load_reg_20685_pp0_iter1_reg       |    8|   0|    8|          0|
    |candidate_pre_1_reg_22038               |   32|   0|   32|          0|
    |candidate_pre_3_reg_22068               |   32|   0|   32|          0|
    |h_new_reg_22252                         |   12|   0|   12|          0|
    |half_v_6_reg_21809                      |   32|   0|   32|          0|
    |half_v_7_reg_21822                      |   32|   0|   32|          0|
    |i_1_reg_19400                           |    6|   0|    6|          0|
    |i_fu_692                                |    6|   0|    6|          0|
    |icmp_ln153_1_reg_21862                  |    1|   0|    1|          0|
    |icmp_ln153_2_reg_22099                  |    1|   0|    1|          0|
    |icmp_ln153_2_reg_22099_pp0_iter19_reg   |    1|   0|    1|          0|
    |icmp_ln153_reg_21840                    |    1|   0|    1|          0|
    |icmp_ln245_reg_19406                    |    1|   0|    1|          0|
    |icmp_ln314_1_reg_22056                  |    1|   0|    1|          0|
    |icmp_ln314_2_reg_22063                  |    1|   0|    1|          0|
    |icmp_ln326_2_reg_22236                  |    1|   0|    1|          0|
    |idx_1_reg_21873                         |   10|   0|   10|          0|
    |idx_reg_21851                           |   10|   0|   10|          0|
    |mul_ln170_2_reg_22130                   |   42|   0|   42|          0|
    |mul_ln314_reg_22015                     |   44|   0|   44|          0|
    |mul_ln324_reg_22187                     |   45|   0|   45|          0|
    |mul_ln331_reg_22257                     |   19|   0|   19|          0|
    |neg_1_reg_21828                         |    1|   0|    1|          0|
    |neg_2_reg_22073                         |    1|   0|    1|          0|
    |neg_reg_21815                           |    1|   0|    1|          0|
    |nn_1_reg_22171                          |   12|   0|   12|          0|
    |nn_1_reg_22171_pp0_iter22_reg           |   12|   0|   12|          0|
    |or_ln170_2_reg_21935                    |    1|   0|    1|          0|
    |or_ln170_5_reg_21970                    |    1|   0|    1|          0|
    |or_ln170_8_reg_22151                    |    1|   0|    1|          0|
    |r_2_reg_21995                           |   12|   0|   12|          0|
    |ref_tmp2_i1193_2_reg_21975              |   12|   0|   12|          0|
    |ref_tmp2_i_2_reg_22000                  |   12|   0|   12|          0|
    |reg_6037                                |   42|   0|   42|          0|
    |sel_tmp3_reg_22166                      |    2|   0|    2|          0|
    |sel_tmp4_reg_21990                      |    2|   0|    2|          0|
    |sel_tmp6_reg_21955                      |    2|   0|    2|          0|
    |select_ln150_2_reg_22083                |   32|   0|   32|          0|
    |select_ln183_3_reg_22177                |   12|   0|   12|          0|
    |sext_ln170_3_reg_21925                  |   32|   0|   32|          0|
    |sext_ln170_6_reg_21960                  |   32|   0|   32|          0|
    |sext_ln170_8_reg_22141                  |   32|   0|   32|          0|
    |sext_ln285_3_cast_reg_19393             |   22|   0|   22|          0|
    |sext_ln324_6_reg_22199                  |   32|   0|   32|          0|
    |sub_ln170_1_reg_21920                   |   12|   0|   22|         10|
    |sub_ln170_2_reg_22125                   |   12|   0|   22|         10|
    |sub_ln170_reg_21899                     |   12|   0|   22|         10|
    |sub_ln324_reg_22182                     |   13|   0|   23|         10|
    |t0_1_reg_21904                          |   11|   0|   11|          0|
    |t0_1_reg_21904_pp0_iter14_reg           |   11|   0|   11|          0|
    |t0_2_reg_22120                          |   11|   0|   11|          0|
    |t0_reg_21894                            |   11|   0|   11|          0|
    |tmp_287_reg_22031                       |    1|   0|    1|          0|
    |tmp_291_reg_22043                       |    1|   0|    1|          0|
    |tmp_311_reg_21065                       |   12|   0|   12|          0|
    |tmp_312_reg_22193                       |    1|   0|    1|          0|
    |tmp_315_reg_22204                       |    1|   0|    1|          0|
    |tmp_316_reg_22221                       |    1|   0|    1|          0|
    |trunc_ln166_1_reg_21868                 |   13|   0|   13|          0|
    |trunc_ln166_1_reg_21868_pp0_iter13_reg  |   13|   0|   13|          0|
    |trunc_ln166_2_reg_22105                 |   13|   0|   13|          0|
    |trunc_ln166_reg_21846                   |   13|   0|   13|          0|
    |trunc_ln166_reg_21846_pp0_iter13_reg    |   13|   0|   13|          0|
    |trunc_ln170_1_reg_21940                 |   19|   0|   19|          0|
    |trunc_ln170_2_reg_22136                 |   19|   0|   19|          0|
    |trunc_ln170_reg_21915                   |   19|   0|   19|          0|
    |trunc_ln314_reg_22021                   |    9|   0|    9|          0|
    |val_n_rec_12_reg_21486                  |   32|   0|   32|          0|
    |val_n_rec_16_reg_21504                  |   32|   0|   32|          0|
    |val_n_rec_20_reg_21522                  |   32|   0|   32|          0|
    |val_n_rec_24_reg_21540                  |   32|   0|   32|          0|
    |val_n_rec_28_reg_21558                  |   32|   0|   32|          0|
    |val_n_rec_32_reg_21576                  |   32|   0|   32|          0|
    |val_n_rec_36_reg_21594                  |   32|   0|   32|          0|
    |val_n_rec_40_reg_21612                  |   32|   0|   32|          0|
    |val_n_rec_44_reg_21630                  |   32|   0|   32|          0|
    |val_n_rec_48_reg_21648                  |   32|   0|   32|          0|
    |val_n_rec_4_reg_21440                   |   32|   0|   32|          0|
    |val_n_rec_52_reg_21666                  |   32|   0|   32|          0|
    |val_n_rec_56_reg_21684                  |   32|   0|   32|          0|
    |val_n_rec_60_reg_21702                  |   32|   0|   32|          0|
    |val_n_rec_64_reg_21720                  |   32|   0|   32|          0|
    |val_n_rec_68_reg_21738                  |   32|   0|   32|          0|
    |val_n_rec_72_reg_21756                  |   32|   0|   32|          0|
    |val_n_rec_76_reg_21774                  |   32|   0|   32|          0|
    |val_n_rec_80_reg_21792                  |   32|   0|   32|          0|
    |val_n_rec_8_reg_21463                   |   32|   0|   32|          0|
    |val_r_10_reg_21492                      |   32|   0|   32|          0|
    |val_r_14_reg_21510                      |   32|   0|   32|          0|
    |val_r_18_reg_21528                      |   32|   0|   32|          0|
    |val_r_22_reg_21546                      |   32|   0|   32|          0|
    |val_r_26_reg_21564                      |   32|   0|   32|          0|
    |val_r_2_reg_21451                       |   32|   0|   32|          0|
    |val_r_30_reg_21582                      |   32|   0|   32|          0|
    |val_r_34_reg_21600                      |   32|   0|   32|          0|
    |val_r_38_reg_21618                      |   32|   0|   32|          0|
    |val_r_42_reg_21636                      |   32|   0|   32|          0|
    |val_r_46_reg_21654                      |   32|   0|   32|          0|
    |val_r_50_reg_21672                      |   32|   0|   32|          0|
    |val_r_54_reg_21690                      |   32|   0|   32|          0|
    |val_r_58_reg_21708                      |   32|   0|   32|          0|
    |val_r_62_reg_21726                      |   32|   0|   32|          0|
    |val_r_66_reg_21744                      |   32|   0|   32|          0|
    |val_r_6_reg_21474                       |   32|   0|   32|          0|
    |val_r_70_reg_21762                      |   32|   0|   32|          0|
    |val_r_74_reg_21780                      |   32|   0|   32|          0|
    |val_r_78_reg_21797                      |   32|   0|   32|          0|
    |val_z_10_reg_21498                      |   32|   0|   32|          0|
    |val_z_14_reg_21516                      |   32|   0|   32|          0|
    |val_z_18_reg_21534                      |   32|   0|   32|          0|
    |val_z_22_reg_21552                      |   32|   0|   32|          0|
    |val_z_26_reg_21570                      |   32|   0|   32|          0|
    |val_z_2_reg_21457                       |   32|   0|   32|          0|
    |val_z_30_reg_21588                      |   32|   0|   32|          0|
    |val_z_34_reg_21606                      |   32|   0|   32|          0|
    |val_z_38_reg_21624                      |   32|   0|   32|          0|
    |val_z_42_reg_21642                      |   32|   0|   32|          0|
    |val_z_46_reg_21660                      |   32|   0|   32|          0|
    |val_z_50_reg_21678                      |   32|   0|   32|          0|
    |val_z_54_reg_21696                      |   32|   0|   32|          0|
    |val_z_58_reg_21714                      |   32|   0|   32|          0|
    |val_z_62_reg_21732                      |   32|   0|   32|          0|
    |val_z_66_reg_21750                      |   32|   0|   32|          0|
    |val_z_6_reg_21480                       |   32|   0|   32|          0|
    |val_z_70_reg_21768                      |   32|   0|   32|          0|
    |val_z_74_reg_21786                      |   32|   0|   32|          0|
    |val_z_78_reg_21803                      |   32|   0|   32|          0|
    |w_out_load_reg_20695                    |    8|   0|    8|          0|
    |xor_ln149_1_reg_21857                   |    1|   0|    1|          0|
    |xor_ln149_2_reg_22093                   |    1|   0|    1|          0|
    |xor_ln149_reg_21835                     |    1|   0|    1|          0|
    |y_acc_fu_688                            |   32|   0|   32|          0|
    |acc_n_10_reg_20892                      |   64|  32|   32|          0|
    |acc_n_11_reg_20910                      |   64|  32|   32|          0|
    |acc_n_12_reg_20928                      |   64|  32|   32|          0|
    |acc_n_13_reg_20946                      |   64|  32|   32|          0|
    |acc_n_14_reg_20964                      |   64|  32|   32|          0|
    |acc_n_15_reg_20982                      |   64|  32|   32|          0|
    |acc_n_16_reg_21000                      |   64|  32|   32|          0|
    |acc_n_17_reg_21018                      |   64|  32|   32|          0|
    |acc_n_18_reg_21036                      |   64|  32|   32|          0|
    |acc_n_19_reg_21054                      |   64|  32|   32|          0|
    |acc_n_20_reg_21082                      |   64|  32|   32|          0|
    |acc_n_21_reg_21100                      |   64|  32|   32|          0|
    |acc_n_22_reg_21118                      |   64|  32|   32|          0|
    |acc_n_23_reg_21136                      |   64|  32|   32|          0|
    |acc_n_24_reg_21154                      |   64|  32|   32|          0|
    |acc_n_25_reg_21172                      |   64|  32|   32|          0|
    |acc_n_26_reg_21190                      |   64|  32|   32|          0|
    |acc_n_27_reg_21208                      |   64|  32|   32|          0|
    |acc_n_28_reg_21226                      |   64|  32|   32|          0|
    |acc_n_29_reg_21244                      |   64|  32|   32|          0|
    |acc_n_30_reg_21262                      |   64|  32|   32|          0|
    |acc_n_31_reg_21280                      |   64|  32|   32|          0|
    |acc_n_32_reg_21298                      |   64|  32|   32|          0|
    |acc_n_33_reg_21316                      |   64|  32|   32|          0|
    |acc_n_34_reg_21334                      |   64|  32|   32|          0|
    |acc_n_35_reg_21352                      |   64|  32|   32|          0|
    |acc_n_36_reg_21370                      |   64|  32|   32|          0|
    |acc_n_37_reg_21388                      |   64|  32|   32|          0|
    |acc_n_38_reg_21406                      |   64|  32|   32|          0|
    |acc_n_39_reg_21424                      |   64|  32|   32|          0|
    |acc_n_8_reg_20856                       |   64|  32|   32|          0|
    |acc_n_9_reg_20874                       |   64|  32|   32|          0|
    |acc_r_10_reg_20880                      |   64|  32|   32|          0|
    |acc_r_11_reg_20898                      |   64|  32|   32|          0|
    |acc_r_12_reg_20916                      |   64|  32|   32|          0|
    |acc_r_13_reg_20934                      |   64|  32|   32|          0|
    |acc_r_14_reg_20952                      |   64|  32|   32|          0|
    |acc_r_15_reg_20970                      |   64|  32|   32|          0|
    |acc_r_16_reg_20988                      |   64|  32|   32|          0|
    |acc_r_17_reg_21006                      |   64|  32|   32|          0|
    |acc_r_18_reg_21024                      |   64|  32|   32|          0|
    |acc_r_19_reg_21042                      |   64|  32|   32|          0|
    |acc_r_20_reg_21070                      |   64|  32|   32|          0|
    |acc_r_21_reg_21088                      |   64|  32|   32|          0|
    |acc_r_22_reg_21106                      |   64|  32|   32|          0|
    |acc_r_23_reg_21124                      |   64|  32|   32|          0|
    |acc_r_24_reg_21142                      |   64|  32|   32|          0|
    |acc_r_25_reg_21160                      |   64|  32|   32|          0|
    |acc_r_26_reg_21178                      |   64|  32|   32|          0|
    |acc_r_27_reg_21196                      |   64|  32|   32|          0|
    |acc_r_28_reg_21214                      |   64|  32|   32|          0|
    |acc_r_29_reg_21232                      |   64|  32|   32|          0|
    |acc_r_30_reg_21250                      |   64|  32|   32|          0|
    |acc_r_31_reg_21268                      |   64|  32|   32|          0|
    |acc_r_32_reg_21286                      |   64|  32|   32|          0|
    |acc_r_33_reg_21304                      |   64|  32|   32|          0|
    |acc_r_34_reg_21322                      |   64|  32|   32|          0|
    |acc_r_35_reg_21340                      |   64|  32|   32|          0|
    |acc_r_36_reg_21358                      |   64|  32|   32|          0|
    |acc_r_37_reg_21376                      |   64|  32|   32|          0|
    |acc_r_38_reg_21394                      |   64|  32|   32|          0|
    |acc_r_39_reg_21412                      |   64|  32|   32|          0|
    |acc_r_5_reg_20790                       |   64|  32|   32|          0|
    |acc_r_6_reg_20808                       |   64|  32|   32|          0|
    |acc_r_7_reg_20826                       |   64|  32|   32|          0|
    |acc_r_8_reg_20844                       |   64|  32|   32|          0|
    |acc_r_9_reg_20862                       |   64|  32|   32|          0|
    |acc_z_10_reg_20886                      |   64|  32|   32|          0|
    |acc_z_11_reg_20904                      |   64|  32|   32|          0|
    |acc_z_12_reg_20922                      |   64|  32|   32|          0|
    |acc_z_13_reg_20940                      |   64|  32|   32|          0|
    |acc_z_14_reg_20958                      |   64|  32|   32|          0|
    |acc_z_15_reg_20976                      |   64|  32|   32|          0|
    |acc_z_16_reg_20994                      |   64|  32|   32|          0|
    |acc_z_17_reg_21012                      |   64|  32|   32|          0|
    |acc_z_18_reg_21030                      |   64|  32|   32|          0|
    |acc_z_19_reg_21048                      |   64|  32|   32|          0|
    |acc_z_20_reg_21076                      |   64|  32|   32|          0|
    |acc_z_21_reg_21094                      |   64|  32|   32|          0|
    |acc_z_22_reg_21112                      |   64|  32|   32|          0|
    |acc_z_23_reg_21130                      |   64|  32|   32|          0|
    |acc_z_24_reg_21148                      |   64|  32|   32|          0|
    |acc_z_25_reg_21166                      |   64|  32|   32|          0|
    |acc_z_26_reg_21184                      |   64|  32|   32|          0|
    |acc_z_27_reg_21202                      |   64|  32|   32|          0|
    |acc_z_28_reg_21220                      |   64|  32|   32|          0|
    |acc_z_29_reg_21238                      |   64|  32|   32|          0|
    |acc_z_30_reg_21256                      |   64|  32|   32|          0|
    |acc_z_31_reg_21274                      |   64|  32|   32|          0|
    |acc_z_32_reg_21292                      |   64|  32|   32|          0|
    |acc_z_33_reg_21310                      |   64|  32|   32|          0|
    |acc_z_34_reg_21328                      |   64|  32|   32|          0|
    |acc_z_35_reg_21346                      |   64|  32|   32|          0|
    |acc_z_36_reg_21364                      |   64|  32|   32|          0|
    |acc_z_37_reg_21382                      |   64|  32|   32|          0|
    |acc_z_38_reg_21400                      |   64|  32|   32|          0|
    |acc_z_39_reg_21418                      |   64|  32|   32|          0|
    |acc_z_5_reg_20796                       |   64|  32|   32|          0|
    |acc_z_6_reg_20814                       |   64|  32|   32|          0|
    |acc_z_7_reg_20832                       |   64|  32|   32|          0|
    |acc_z_8_reg_20850                       |   64|  32|   32|          0|
    |acc_z_9_reg_20868                       |   64|  32|   32|          0|
    |add_ln290_reg_21469                     |   64|  32|   22|          0|
    |i_1_reg_19400                           |   64|  32|    6|          0|
    |icmp_ln153_1_reg_21862                  |   64|  32|    1|          0|
    |icmp_ln153_reg_21840                    |   64|  32|    1|          0|
    |icmp_ln245_reg_19406                    |   64|  32|    1|          0|
    |neg_1_reg_21828                         |   64|  32|    1|          0|
    |neg_2_reg_22073                         |   64|  32|    1|          0|
    |neg_reg_21815                           |   64|  32|    1|          0|
    |ref_tmp2_i_2_reg_22000                  |   64|  32|   12|          0|
    |tmp_311_reg_21065                       |   64|  32|   12|          0|
    |val_n_rec_80_reg_21792                  |   64|  32|   32|          0|
    |w_out_load_reg_20695                    |   64|  32|    8|          0|
    |xor_ln149_1_reg_21857                   |   64|  32|    1|          0|
    |xor_ln149_2_reg_22093                   |   64|  32|    1|          0|
    |xor_ln149_reg_21835                     |   64|  32|    1|          0|
    +----------------------------------------+-----+----+-----+-----------+
    |Total                                   |15941|3744|11858|         40|
    +----------------------------------------+-----+----+-----+-----------+



================================================================
== Interface
================================================================
* Summary: 
+---------------------+-----+-----+------------+-----------------------------+--------------+
|      RTL Ports      | Dir | Bits|  Protocol  |        Source Object        |    C Type    |
+---------------------+-----+-----+------------+-----------------------------+--------------+
|ap_clk               |   in|    1|  ap_ctrl_hs|  gru_va_Pipeline_HIDDEN_LOOP|  return value|
|ap_rst               |   in|    1|  ap_ctrl_hs|  gru_va_Pipeline_HIDDEN_LOOP|  return value|
|ap_start             |   in|    1|  ap_ctrl_hs|  gru_va_Pipeline_HIDDEN_LOOP|  return value|
|ap_done              |  out|    1|  ap_ctrl_hs|  gru_va_Pipeline_HIDDEN_LOOP|  return value|
|ap_idle              |  out|    1|  ap_ctrl_hs|  gru_va_Pipeline_HIDDEN_LOOP|  return value|
|ap_ready             |  out|    1|  ap_ctrl_hs|  gru_va_Pipeline_HIDDEN_LOOP|  return value|
|h_new_0_1_lcssa120   |   in|   12|     ap_none|           h_new_0_1_lcssa120|        scalar|
|h_new_1_1_lcssa121   |   in|   12|     ap_none|           h_new_1_1_lcssa121|        scalar|
|h_new_2_1_lcssa122   |   in|   12|     ap_none|           h_new_2_1_lcssa122|        scalar|
|h_new_3_1_lcssa123   |   in|   12|     ap_none|           h_new_3_1_lcssa123|        scalar|
|h_new_4_1_lcssa124   |   in|   12|     ap_none|           h_new_4_1_lcssa124|        scalar|
|h_new_5_1_lcssa125   |   in|   12|     ap_none|           h_new_5_1_lcssa125|        scalar|
|h_new_6_1_lcssa126   |   in|   12|     ap_none|           h_new_6_1_lcssa126|        scalar|
|h_new_7_1_lcssa127   |   in|   12|     ap_none|           h_new_7_1_lcssa127|        scalar|
|h_new_8_1_lcssa128   |   in|   12|     ap_none|           h_new_8_1_lcssa128|        scalar|
|h_new_9_1_lcssa129   |   in|   12|     ap_none|           h_new_9_1_lcssa129|        scalar|
|h_new_10_1_lcssa130  |   in|   12|     ap_none|          h_new_10_1_lcssa130|        scalar|
|h_new_11_1_lcssa131  |   in|   12|     ap_none|          h_new_11_1_lcssa131|        scalar|
|h_new_12_1_lcssa132  |   in|   12|     ap_none|          h_new_12_1_lcssa132|        scalar|
|h_new_13_1_lcssa133  |   in|   12|     ap_none|          h_new_13_1_lcssa133|        scalar|
|h_new_14_1_lcssa134  |   in|   12|     ap_none|          h_new_14_1_lcssa134|        scalar|
|h_new_15_1_lcssa135  |   in|   12|     ap_none|          h_new_15_1_lcssa135|        scalar|
|h_new_16_1_lcssa136  |   in|   12|     ap_none|          h_new_16_1_lcssa136|        scalar|
|h_new_17_1_lcssa137  |   in|   12|     ap_none|          h_new_17_1_lcssa137|        scalar|
|h_new_18_1_lcssa138  |   in|   12|     ap_none|          h_new_18_1_lcssa138|        scalar|
|h_new_19_1_lcssa139  |   in|   12|     ap_none|          h_new_19_1_lcssa139|        scalar|
|h_new_20_1_lcssa140  |   in|   12|     ap_none|          h_new_20_1_lcssa140|        scalar|
|h_new_21_1_lcssa141  |   in|   12|     ap_none|          h_new_21_1_lcssa141|        scalar|
|h_new_22_1_lcssa142  |   in|   12|     ap_none|          h_new_22_1_lcssa142|        scalar|
|h_new_23_1_lcssa143  |   in|   12|     ap_none|          h_new_23_1_lcssa143|        scalar|
|h_new_24_1_lcssa144  |   in|   12|     ap_none|          h_new_24_1_lcssa144|        scalar|
|h_new_25_1_lcssa145  |   in|   12|     ap_none|          h_new_25_1_lcssa145|        scalar|
|h_new_26_1_lcssa146  |   in|   12|     ap_none|          h_new_26_1_lcssa146|        scalar|
|h_new_27_1_lcssa147  |   in|   12|     ap_none|          h_new_27_1_lcssa147|        scalar|
|h_new_28_1_lcssa148  |   in|   12|     ap_none|          h_new_28_1_lcssa148|        scalar|
|h_new_29_1_lcssa149  |   in|   12|     ap_none|          h_new_29_1_lcssa149|        scalar|
|h_new_30_1_lcssa150  |   in|   12|     ap_none|          h_new_30_1_lcssa150|        scalar|
|h_new_31_1_lcssa151  |   in|   12|     ap_none|          h_new_31_1_lcssa151|        scalar|
|h_new_32_1_lcssa152  |   in|   12|     ap_none|          h_new_32_1_lcssa152|        scalar|
|h_new_33_1_lcssa153  |   in|   12|     ap_none|          h_new_33_1_lcssa153|        scalar|
|h_new_34_1_lcssa154  |   in|   12|     ap_none|          h_new_34_1_lcssa154|        scalar|
|h_new_35_1_lcssa155  |   in|   12|     ap_none|          h_new_35_1_lcssa155|        scalar|
|h_new_36_1_lcssa156  |   in|   12|     ap_none|          h_new_36_1_lcssa156|        scalar|
|h_new_37_1_lcssa157  |   in|   12|     ap_none|          h_new_37_1_lcssa157|        scalar|
|h_new_38_1_lcssa158  |   in|   12|     ap_none|          h_new_38_1_lcssa158|        scalar|
|h_new_39_1_lcssa159  |   in|   12|     ap_none|          h_new_39_1_lcssa159|        scalar|
|sext_ln285_3         |   in|   12|     ap_none|                 sext_ln285_3|        scalar|
|h_new_39_out         |  out|   12|      ap_vld|                 h_new_39_out|       pointer|
|h_new_39_out_ap_vld  |  out|    1|      ap_vld|                 h_new_39_out|       pointer|
|h_new_38_out         |  out|   12|      ap_vld|                 h_new_38_out|       pointer|
|h_new_38_out_ap_vld  |  out|    1|      ap_vld|                 h_new_38_out|       pointer|
|h_new_37_out         |  out|   12|      ap_vld|                 h_new_37_out|       pointer|
|h_new_37_out_ap_vld  |  out|    1|      ap_vld|                 h_new_37_out|       pointer|
|h_new_36_out         |  out|   12|      ap_vld|                 h_new_36_out|       pointer|
|h_new_36_out_ap_vld  |  out|    1|      ap_vld|                 h_new_36_out|       pointer|
|h_new_35_out         |  out|   12|      ap_vld|                 h_new_35_out|       pointer|
|h_new_35_out_ap_vld  |  out|    1|      ap_vld|                 h_new_35_out|       pointer|
|h_new_34_out         |  out|   12|      ap_vld|                 h_new_34_out|       pointer|
|h_new_34_out_ap_vld  |  out|    1|      ap_vld|                 h_new_34_out|       pointer|
|h_new_33_out         |  out|   12|      ap_vld|                 h_new_33_out|       pointer|
|h_new_33_out_ap_vld  |  out|    1|      ap_vld|                 h_new_33_out|       pointer|
|h_new_32_out         |  out|   12|      ap_vld|                 h_new_32_out|       pointer|
|h_new_32_out_ap_vld  |  out|    1|      ap_vld|                 h_new_32_out|       pointer|
|h_new_31_out         |  out|   12|      ap_vld|                 h_new_31_out|       pointer|
|h_new_31_out_ap_vld  |  out|    1|      ap_vld|                 h_new_31_out|       pointer|
|h_new_30_out         |  out|   12|      ap_vld|                 h_new_30_out|       pointer|
|h_new_30_out_ap_vld  |  out|    1|      ap_vld|                 h_new_30_out|       pointer|
|h_new_29_out         |  out|   12|      ap_vld|                 h_new_29_out|       pointer|
|h_new_29_out_ap_vld  |  out|    1|      ap_vld|                 h_new_29_out|       pointer|
|h_new_28_out         |  out|   12|      ap_vld|                 h_new_28_out|       pointer|
|h_new_28_out_ap_vld  |  out|    1|      ap_vld|                 h_new_28_out|       pointer|
|h_new_27_out         |  out|   12|      ap_vld|                 h_new_27_out|       pointer|
|h_new_27_out_ap_vld  |  out|    1|      ap_vld|                 h_new_27_out|       pointer|
|h_new_26_out         |  out|   12|      ap_vld|                 h_new_26_out|       pointer|
|h_new_26_out_ap_vld  |  out|    1|      ap_vld|                 h_new_26_out|       pointer|
|h_new_25_out         |  out|   12|      ap_vld|                 h_new_25_out|       pointer|
|h_new_25_out_ap_vld  |  out|    1|      ap_vld|                 h_new_25_out|       pointer|
|h_new_24_out         |  out|   12|      ap_vld|                 h_new_24_out|       pointer|
|h_new_24_out_ap_vld  |  out|    1|      ap_vld|                 h_new_24_out|       pointer|
|h_new_23_out         |  out|   12|      ap_vld|                 h_new_23_out|       pointer|
|h_new_23_out_ap_vld  |  out|    1|      ap_vld|                 h_new_23_out|       pointer|
|h_new_22_out         |  out|   12|      ap_vld|                 h_new_22_out|       pointer|
|h_new_22_out_ap_vld  |  out|    1|      ap_vld|                 h_new_22_out|       pointer|
|h_new_21_out         |  out|   12|      ap_vld|                 h_new_21_out|       pointer|
|h_new_21_out_ap_vld  |  out|    1|      ap_vld|                 h_new_21_out|       pointer|
|h_new_20_out         |  out|   12|      ap_vld|                 h_new_20_out|       pointer|
|h_new_20_out_ap_vld  |  out|    1|      ap_vld|                 h_new_20_out|       pointer|
|h_new_19_out         |  out|   12|      ap_vld|                 h_new_19_out|       pointer|
|h_new_19_out_ap_vld  |  out|    1|      ap_vld|                 h_new_19_out|       pointer|
|h_new_18_out         |  out|   12|      ap_vld|                 h_new_18_out|       pointer|
|h_new_18_out_ap_vld  |  out|    1|      ap_vld|                 h_new_18_out|       pointer|
|h_new_17_out         |  out|   12|      ap_vld|                 h_new_17_out|       pointer|
|h_new_17_out_ap_vld  |  out|    1|      ap_vld|                 h_new_17_out|       pointer|
|h_new_16_out         |  out|   12|      ap_vld|                 h_new_16_out|       pointer|
|h_new_16_out_ap_vld  |  out|    1|      ap_vld|                 h_new_16_out|       pointer|
|h_new_15_out         |  out|   12|      ap_vld|                 h_new_15_out|       pointer|
|h_new_15_out_ap_vld  |  out|    1|      ap_vld|                 h_new_15_out|       pointer|
|h_new_14_out         |  out|   12|      ap_vld|                 h_new_14_out|       pointer|
|h_new_14_out_ap_vld  |  out|    1|      ap_vld|                 h_new_14_out|       pointer|
|h_new_13_out         |  out|   12|      ap_vld|                 h_new_13_out|       pointer|
|h_new_13_out_ap_vld  |  out|    1|      ap_vld|                 h_new_13_out|       pointer|
|h_new_12_out         |  out|   12|      ap_vld|                 h_new_12_out|       pointer|
|h_new_12_out_ap_vld  |  out|    1|      ap_vld|                 h_new_12_out|       pointer|
|h_new_11_out         |  out|   12|      ap_vld|                 h_new_11_out|       pointer|
|h_new_11_out_ap_vld  |  out|    1|      ap_vld|                 h_new_11_out|       pointer|
|h_new_10_out         |  out|   12|      ap_vld|                 h_new_10_out|       pointer|
|h_new_10_out_ap_vld  |  out|    1|      ap_vld|                 h_new_10_out|       pointer|
|h_new_9_out          |  out|   12|      ap_vld|                  h_new_9_out|       pointer|
|h_new_9_out_ap_vld   |  out|    1|      ap_vld|                  h_new_9_out|       pointer|
|h_new_8_out          |  out|   12|      ap_vld|                  h_new_8_out|       pointer|
|h_new_8_out_ap_vld   |  out|    1|      ap_vld|                  h_new_8_out|       pointer|
|h_new_7_out          |  out|   12|      ap_vld|                  h_new_7_out|       pointer|
|h_new_7_out_ap_vld   |  out|    1|      ap_vld|                  h_new_7_out|       pointer|
|h_new_6_out          |  out|   12|      ap_vld|                  h_new_6_out|       pointer|
|h_new_6_out_ap_vld   |  out|    1|      ap_vld|                  h_new_6_out|       pointer|
|h_new_5_out          |  out|   12|      ap_vld|                  h_new_5_out|       pointer|
|h_new_5_out_ap_vld   |  out|    1|      ap_vld|                  h_new_5_out|       pointer|
|h_new_4_out          |  out|   12|      ap_vld|                  h_new_4_out|       pointer|
|h_new_4_out_ap_vld   |  out|    1|      ap_vld|                  h_new_4_out|       pointer|
|h_new_3_out          |  out|   12|      ap_vld|                  h_new_3_out|       pointer|
|h_new_3_out_ap_vld   |  out|    1|      ap_vld|                  h_new_3_out|       pointer|
|h_new_2_out          |  out|   12|      ap_vld|                  h_new_2_out|       pointer|
|h_new_2_out_ap_vld   |  out|    1|      ap_vld|                  h_new_2_out|       pointer|
|h_new_1_out          |  out|   12|      ap_vld|                  h_new_1_out|       pointer|
|h_new_1_out_ap_vld   |  out|    1|      ap_vld|                  h_new_1_out|       pointer|
|h_new_out            |  out|   12|      ap_vld|                    h_new_out|       pointer|
|h_new_out_ap_vld     |  out|    1|      ap_vld|                    h_new_out|       pointer|
|y_acc_out            |  out|   32|      ap_vld|                    y_acc_out|       pointer|
|y_acc_out_ap_vld     |  out|    1|      ap_vld|                    y_acc_out|       pointer|
+---------------------+-----+-----+------------+-----------------------------+--------------+

