

================================================================
== Synthesis Summary Report of 'gru_va'
================================================================
+ General Information: 
    * Date:           Sat Aug  8 15:53:33 2026
    * Version:        2025.2 (Build 6295257 on Nov 14 2025)
    * Project:        b_gt_mod
    * Solution:       sol_gt_mod_w12 (Vivado IP Flow Target)
    * Product family: zynq
    * Target device:  xc7z020-clg400-1
    

* Performance & Resource Estimates: 
+---------------------------------+------+---------------------+----------+---------+------+----------+---------+-----------+------+--------+----------+-------------+-------------+-----+
|             Modules             | Issue|                     | Iteration|         | Trip |          |       Latency       |      |        |          |             |             |     |
|             & Loops             | Type |    Violation Type   |  Latency | Interval| Count| Pipelined| (cycles)|    (ns)   | Slack|  BRAM  |    DSP   |      FF     |     LUT     | URAM|
+---------------------------------+------+---------------------+----------+---------+------+----------+---------+-----------+------+--------+----------+-------------+-------------+-----+
|+ gru_va                         |     -|                    -|         -|        -|     -|        no|        -|          -|  0.08|  4 (1%)|  72 (32%)|  19706 (18%)|  32318 (60%)|    -|
| o SAMPLE_LOOP                   |     -|                    -|       143|        -|     -|        no|        -|          -|  7.30|       -|         -|            -|            -|    -|
|  + gru_va_Pipeline_HIDDEN_LOOP  |     -|                    -|         -|        -|     -|       yes|      129|  1.290e+03|  0.16|  4 (1%)|  72 (32%)|  17302 (16%)|  27563 (51%)|    -|
|   o HIDDEN_LOOP                 |    II|  Resource Limitation|        50|        2|    40|       yes|      127|  1.270e+03|  7.30|       -|         -|            -|            -|    -|
|    + mac3                       |     -|                    -|         -|        1|     -|       yes|        0|      0.000|  1.68|       -|    3 (1%)|            -|     18 (~0%)|    -|
|    + mac3                       |     -|                    -|         -|        1|     -|       yes|        0|      0.000|  1.68|       -|    3 (1%)|            -|     18 (~0%)|    -|
|    + mac3                       |     -|                    -|         -|        1|     -|       yes|        0|      0.000|  1.68|       -|    3 (1%)|            -|     18 (~0%)|    -|
|    + mac3                       |     -|                    -|         -|        1|     -|       yes|        0|      0.000|  1.68|       -|    3 (1%)|            -|     18 (~0%)|    -|
|    + mac3                       |     -|                    -|         -|        1|     -|       yes|        0|      0.000|  1.68|       -|    3 (1%)|            -|     18 (~0%)|    -|
|    + mac3                       |     -|                    -|         -|        1|     -|       yes|        0|      0.000|  1.68|       -|    3 (1%)|            -|     18 (~0%)|    -|
|    + mac3                       |     -|                    -|         -|        1|     -|       yes|        0|      0.000|  1.68|       -|    3 (1%)|            -|     18 (~0%)|    -|
|    + mac3                       |     -|                    -|         -|        1|     -|       yes|        0|      0.000|  1.68|       -|    3 (1%)|            -|     18 (~0%)|    -|
|    + mac3                       |     -|                    -|         -|        1|     -|       yes|        0|      0.000|  1.68|       -|    3 (1%)|            -|     18 (~0%)|    -|
|    + mac3                       |     -|                    -|         -|        1|     -|       yes|        0|      0.000|  1.68|       -|    3 (1%)|            -|     18 (~0%)|    -|
|    + mac3                       |     -|                    -|         -|        1|     -|       yes|        0|      0.000|  1.68|       -|    3 (1%)|            -|     18 (~0%)|    -|
|    + mac3                       |     -|                    -|         -|        1|     -|       yes|        0|      0.000|  1.68|       -|    3 (1%)|            -|     18 (~0%)|    -|
|    + mac3                       |     -|                    -|         -|        1|     -|       yes|        0|      0.000|  1.68|       -|    3 (1%)|            -|     18 (~0%)|    -|
|    + mac3                       |     -|                    -|         -|        1|     -|       yes|        0|      0.000|  1.68|       -|    3 (1%)|            -|     18 (~0%)|    -|
|    + mac3                       |     -|                    -|         -|        1|     -|       yes|        0|      0.000|  1.68|       -|    3 (1%)|            -|     18 (~0%)|    -|
|    + mac3                       |     -|                    -|         -|        1|     -|       yes|        0|      0.000|  1.68|       -|    3 (1%)|            -|     18 (~0%)|    -|
|    + mac3                       |     -|                    -|         -|        1|     -|       yes|        0|      0.000|  1.68|       -|    3 (1%)|            -|     18 (~0%)|    -|
|    + mac3                       |     -|                    -|         -|        1|     -|       yes|        0|      0.000|  1.68|       -|    3 (1%)|            -|     18 (~0%)|    -|
|    + mac3                       |     -|                    -|         -|        1|     -|       yes|        0|      0.000|  1.68|       -|    3 (1%)|            -|     18 (~0%)|    -|
|    + mac3                       |     -|                    -|         -|        1|     -|       yes|        0|      0.000|  1.68|       -|    3 (1%)|            -|     18 (~0%)|    -|
+---------------------------------+------+---------------------+----------+---------+------+----------+---------+-----------+------+--------+----------+-------------+-------------+-----+
    II Violation Information: docs.amd.com/access/sources/dita/topic?Doc_Version=2025.2%20English&url=ug1448-hls-guidance&resourceid=200-880.html
    Name Prefix: '+' for module, 'o' for loop, '*' for dataflow


================================================================
== HW Interfaces
================================================================
* M_AXI
+-------------+------------+------------+---------------+---------+--------+-------------------+----------+-----------+--------------+--------------+-------------+-------------+
| Interface   | Read/Write | Data Width | Address Width | Latency | Offset | Offset Interfaces | Register | Max Widen | Max Read     | Max Write    | Num Read    | Num Write   |
|             |            | (SW->HW)   |               |         |        |                   |          | Bitwidth  | Burst Length | Burst Length | Outstanding | Outstanding |
+-------------+------------+------------+---------------+---------+--------+-------------------+----------+-----------+--------------+--------------+-------------+-------------+
| m_axi_gmem0 | READ_ONLY  | 32 -> 32   | 64            | 0       | slave  | s_axi_CTRL        | 0        | 0         | 16           | 16           | 16          | 16          |
+-------------+------------+------------+---------------+---------+--------+-------------------+----------+-----------+--------------+--------------+-------------+-------------+

* S_AXILITE Interfaces
+------------+------------+---------------+--------+----------+----------------+
| Interface  | Data Width | Address Width | Offset | Register | Data Interface |
+------------+------------+---------------+--------+----------+----------------+
| s_axi_CTRL | 32         | 6             | 16     | 0        | m_axi_gmem0    |
+------------+------------+---------------+--------+----------+----------------+

* S_AXILITE Registers
+------------+-------------+--------+-------+--------+----------------------------------+----------------------------------------------------------------------+
| Interface  | Register    | Offset | Width | Access | Description                      | Bit Fields                                                           |
+------------+-------------+--------+-------+--------+----------------------------------+----------------------------------------------------------------------+
| s_axi_CTRL | CTRL        | 0x00   | 32    | RW     | Control signals                  | 0=AP_START 1=AP_DONE 2=AP_IDLE 3=AP_READY 7=AUTO_RESTART 9=INTERRUPT |
| s_axi_CTRL | GIER        | 0x04   | 32    | RW     | Global Interrupt Enable Register | 0=Enable                                                             |
| s_axi_CTRL | IP_IER      | 0x08   | 32    | RW     | IP Interrupt Enable Register     | 0=CHAN0_INT_EN 1=CHAN1_INT_EN                                        |
| s_axi_CTRL | IP_ISR      | 0x0c   | 32    | RW     | IP Interrupt Status Register     | 0=CHAN0_INT_ST 1=CHAN1_INT_ST                                        |
| s_axi_CTRL | weights_1   | 0x10   | 32    | W      | Data signal of weights           |                                                                      |
| s_axi_CTRL | weights_2   | 0x14   | 32    | W      | Data signal of weights           |                                                                      |
| s_axi_CTRL | mode        | 0x1c   | 32    | W      | Data signal of mode              |                                                                      |
| s_axi_CTRL | n_samples   | 0x24   | 32    | W      | Data signal of n_samples         |                                                                      |
| s_axi_CTRL | reset_state | 0x2c   | 32    | W      | Data signal of reset_state       |                                                                      |
+------------+-------------+--------+-------+--------+----------------------------------+----------------------------------------------------------------------+

* AXIS
+-----------+-----------+---------------+-------+-------+-------+--------+-------+--------+
| Interface | Direction | Register Mode | TDATA | TKEEP | TLAST | TREADY | TSTRB | TVALID |
+-----------+-----------+---------------+-------+-------+-------+--------+-------+--------+
| audio_in  | in        | both          | 32    | 4     | 1     | 1      | 4     | 1      |
| audio_out | out       | both          | 32    | 4     | 1     | 1      | 4     | 1      |
+-----------+-----------+---------------+-------+-------+-------+--------+-------+--------+

* TOP LEVEL CONTROL
+-----------+------------+-----------+
| Interface | Type       | Ports     |
+-----------+------------+-----------+
| ap_clk    | clock      | ap_clk    |
| ap_rst_n  | reset      | ap_rst_n  |
| interrupt | interrupt  | interrupt |
| ap_ctrl   | ap_ctrl_hs |           |
+-----------+------------+-----------+


================================================================
== SW I/O Information
================================================================
* Top Function Arguments
+-------------+-----------+------------------------------------------------------------------------------+
| Argument    | Direction | Datatype                                                                     |
+-------------+-----------+------------------------------------------------------------------------------+
| audio_in    | in        | stream<hls::axis<ap_uint<32>, 0UL, 0UL, 0UL, (unsigned char)'8', false>, 0>& |
| audio_out   | out       | stream<hls::axis<ap_uint<32>, 0UL, 0UL, 0UL, (unsigned char)'8', false>, 0>& |
| weights     | unused    | float const *                                                                |
| mode        | in        | int const                                                                    |
| n_samples   | in        | int const                                                                    |
| reset_state | in        | int const                                                                    |
+-------------+-----------+------------------------------------------------------------------------------+

* SW-to-HW Mapping
+-------------+--------------+-----------+----------+---------------------------------------+
| Argument    | HW Interface | HW Type   | HW Usage | HW Info                               |
+-------------+--------------+-----------+----------+---------------------------------------+
| audio_in    | audio_in     | interface |          |                                       |
| audio_out   | audio_out    | interface |          |                                       |
| weights     | m_axi_gmem0  | interface |          | channel=0                             |
| weights     | s_axi_CTRL   | register  | offset   | name=weights_1 offset=0x10 range=32   |
| weights     | s_axi_CTRL   | register  | offset   | name=weights_2 offset=0x14 range=32   |
| mode        | s_axi_CTRL   | register  |          | name=mode offset=0x1c range=32        |
| n_samples   | s_axi_CTRL   | register  |          | name=n_samples offset=0x24 range=32   |
| reset_state | s_axi_CTRL   | register  |          | name=reset_state offset=0x2c range=32 |
+-------------+--------------+-----------+----------+---------------------------------------+


================================================================
== Bind Op Report
================================================================
+--------------------------------------+-----+--------+----------------------+-----------+--------------------------+---------+
| Name                                 | DSP | Pragma | Variable             | Op        | Impl                     | Latency |
+--------------------------------------+-----+--------+----------------------+-----------+--------------------------+---------+
| + gru_va                             | 72  |        |                      |           |                          |         |
|   icmp_ln211_fu_1270_p2              |     |        | icmp_ln211           | seteq     | auto                     | 0       |
|   icmp_ln218_fu_1276_p2              |     |        | icmp_ln218           | seteq     | auto                     | 0       |
|   xor_ln218_fu_1442_p2               |     |        | xor_ln218            | xor       | auto                     | 0       |
|   select_ln218_fu_1448_p3            |     |        | select_ln218         | select    | auto_sel                 | 0       |
|   select_ln218_1_fu_1456_p3          |     |        | select_ln218_1       | select    | auto_sel                 | 0       |
|   select_ln218_2_fu_1464_p3          |     |        | select_ln218_2       | select    | auto_sel                 | 0       |
|   select_ln218_3_fu_1472_p3          |     |        | select_ln218_3       | select    | auto_sel                 | 0       |
|   select_ln218_4_fu_1480_p3          |     |        | select_ln218_4       | select    | auto_sel                 | 0       |
|   select_ln218_5_fu_1488_p3          |     |        | select_ln218_5       | select    | auto_sel                 | 0       |
|   select_ln218_6_fu_1496_p3          |     |        | select_ln218_6       | select    | auto_sel                 | 0       |
|   select_ln218_7_fu_1504_p3          |     |        | select_ln218_7       | select    | auto_sel                 | 0       |
|   select_ln218_8_fu_1512_p3          |     |        | select_ln218_8       | select    | auto_sel                 | 0       |
|   select_ln218_9_fu_1520_p3          |     |        | select_ln218_9       | select    | auto_sel                 | 0       |
|   select_ln218_10_fu_1528_p3         |     |        | select_ln218_10      | select    | auto_sel                 | 0       |
|   select_ln218_11_fu_1536_p3         |     |        | select_ln218_11      | select    | auto_sel                 | 0       |
|   select_ln218_12_fu_1544_p3         |     |        | select_ln218_12      | select    | auto_sel                 | 0       |
|   select_ln218_13_fu_1552_p3         |     |        | select_ln218_13      | select    | auto_sel                 | 0       |
|   select_ln218_14_fu_1560_p3         |     |        | select_ln218_14      | select    | auto_sel                 | 0       |
|   select_ln218_15_fu_1568_p3         |     |        | select_ln218_15      | select    | auto_sel                 | 0       |
|   select_ln218_16_fu_1576_p3         |     |        | select_ln218_16      | select    | auto_sel                 | 0       |
|   select_ln218_17_fu_1584_p3         |     |        | select_ln218_17      | select    | auto_sel                 | 0       |
|   select_ln218_18_fu_1592_p3         |     |        | select_ln218_18      | select    | auto_sel                 | 0       |
|   select_ln218_19_fu_1600_p3         |     |        | select_ln218_19      | select    | auto_sel                 | 0       |
|   select_ln218_20_fu_1608_p3         |     |        | select_ln218_20      | select    | auto_sel                 | 0       |
|   select_ln218_21_fu_1616_p3         |     |        | select_ln218_21      | select    | auto_sel                 | 0       |
|   select_ln218_22_fu_1624_p3         |     |        | select_ln218_22      | select    | auto_sel                 | 0       |
|   select_ln218_23_fu_1632_p3         |     |        | select_ln218_23      | select    | auto_sel                 | 0       |
|   select_ln218_24_fu_1640_p3         |     |        | select_ln218_24      | select    | auto_sel                 | 0       |
|   select_ln218_25_fu_1648_p3         |     |        | select_ln218_25      | select    | auto_sel                 | 0       |
|   select_ln218_26_fu_1656_p3         |     |        | select_ln218_26      | select    | auto_sel                 | 0       |
|   select_ln218_27_fu_1664_p3         |     |        | select_ln218_27      | select    | auto_sel                 | 0       |
|   select_ln218_28_fu_1672_p3         |     |        | select_ln218_28      | select    | auto_sel                 | 0       |
|   select_ln218_29_fu_1680_p3         |     |        | select_ln218_29      | select    | auto_sel                 | 0       |
|   select_ln218_30_fu_1688_p3         |     |        | select_ln218_30      | select    | auto_sel                 | 0       |
|   select_ln218_31_fu_1696_p3         |     |        | select_ln218_31      | select    | auto_sel                 | 0       |
|   select_ln218_32_fu_1704_p3         |     |        | select_ln218_32      | select    | auto_sel                 | 0       |
|   select_ln218_33_fu_1712_p3         |     |        | select_ln218_33      | select    | auto_sel                 | 0       |
|   select_ln218_34_fu_1720_p3         |     |        | select_ln218_34      | select    | auto_sel                 | 0       |
|   select_ln218_35_fu_1728_p3         |     |        | select_ln218_35      | select    | auto_sel                 | 0       |
|   select_ln218_36_fu_1736_p3         |     |        | select_ln218_36      | select    | auto_sel                 | 0       |
|   select_ln218_37_fu_1744_p3         |     |        | select_ln218_37      | select    | auto_sel                 | 0       |
|   select_ln218_38_fu_1752_p3         |     |        | select_ln218_38      | select    | auto_sel                 | 0       |
|   select_ln218_39_fu_1760_p3         |     |        | select_ln218_39      | select    | auto_sel                 | 0       |
|   add_ln359_fu_1768_p2               |     |        | add_ln359            | add       | fabric                   | 0       |
|   icmp_ln229_fu_1986_p2              |     |        | icmp_ln229           | setlt     | auto                     | 0       |
|   n_2_fu_1991_p2                     |     |        | n_2                  | add       | fabric                   | 0       |
|   fpext_32ns_64_2_no_dsp_1_U253      |     |        | pf                   | fpext     | auto                     | 1       |
|   sub_ln238_fu_2628_p2               |     |        | sub_ln238            | sub       | fabric                   | 0       |
|   select_ln238_fu_2634_p3            |     |        | select_ln238         | select    | auto_sel                 | 0       |
|   icmp_ln238_fu_2641_p2              |     |        | icmp_ln238           | seteq     | auto                     | 0       |
|   sub_ln238_1_fu_2646_p2             |     |        | sub_ln238_1          | sub       | fabric                   | 0       |
|   icmp_ln238_1_fu_2660_p2            |     |        | icmp_ln238_1         | setgt     | auto                     | 0       |
|   add_ln238_1_fu_2666_p2             |     |        | add_ln238_1          | add       | fabric                   | 0       |
|   sub_ln238_2_fu_2676_p2             |     |        | sub_ln238_2          | sub       | fabric                   | 0       |
|   select_ln238_1_fu_2682_p3          |     |        | select_ln238_1       | select    | auto_sel                 | 0       |
|   icmp_ln238_2_fu_2779_p2            |     |        | icmp_ln238_2         | seteq     | auto                     | 0       |
|   icmp_ln238_3_fu_2784_p2            |     |        | icmp_ln238_3         | setlt     | auto                     | 0       |
|   select_ln238_4_fu_2789_p3          |     |        | select_ln238_4       | select    | auto_sel                 | 0       |
|   ashr_ln238_fu_2799_p2              |     |        | ashr_ln238           | ashr      | auto_pipe                | 0       |
|   select_ln238_2_fu_2808_p3          |     |        | select_ln238_2       | select    | auto_sel                 | 0       |
|   icmp_ln238_4_fu_2694_p2            |     |        | icmp_ln238_4         | setgt     | auto                     | 0       |
|   icmp_ln238_5_fu_2816_p2            |     |        | icmp_ln238_5         | setlt     | auto                     | 0       |
|   shl_ln238_fu_2824_p2               |     |        | shl_ln238            | shl       | auto_pipe                | 0       |
|   select_ln238_3_fu_2829_p3          |     |        | select_ln238_3       | select    | auto_sel                 | 0       |
|   tmp_326_fu_2706_p2                 |     |        | add_ln238_2          | add       | fabric                   | 0       |
|   bitselect_1ns_54ns_6ns_1_1_1_U254  |     |        | tmp_326              | bitselect | auto                     | 0       |
|   cond63_i_fu_2837_p3                |     |        | cond63_i             | select    | auto_sel                 | 0       |
|   icmp_ln238_6_fu_2842_p2            |     |        | icmp_ln238_6         | setgt     | auto                     | 0       |
|   add_ln238_3_fu_2714_p2             |     |        | add_ln238_3          | add       | fabric                   | 0       |
|   icmp_ln238_7_fu_2724_p2            |     |        | icmp_ln238_7         | setgt     | auto                     | 0       |
|   sub_ln238_3_fu_2730_p2             |     |        | sub_ln238_3          | sub       | fabric                   | 0       |
|   select_ln238_9_fu_2847_p3          |     |        | select_ln238_9       | select    | auto_sel                 | 0       |
|   lshr_ln238_2_fu_2857_p2            |     |        | lshr_ln238_2         | lshr      | auto_pipe                | 0       |
|   and_ln238_16_fu_2863_p2            |     |        | and_ln238_16         | and       | auto                     | 0       |
|   icmp_ln238_8_fu_2868_p2            |     |        | icmp_ln238_8         | setne     | auto                     | 0       |
|   cond85_i_fu_2874_p2                |     |        | cond85_i             | and       | auto                     | 0       |
|   or_ln238_fu_2884_p2                |     |        | or_ln238             | or        | auto                     | 0       |
|   and_ln238_fu_2890_p2               |     |        | and_ln238            | and       | auto                     | 0       |
|   add_ln238_4_fu_2963_p2             |     |        | add_ln238_4          | add       | fabric                   | 0       |
|   xor_ln238_fu_2976_p2               |     |        | xor_ln238            | xor       | auto                     | 0       |
|   xor_ln238_2_fu_2982_p2             |     |        | xor_ln238_2          | xor       | auto                     | 0       |
|   and_ln238_1_fu_2987_p2             |     |        | and_ln238_1          | and       | auto                     | 0       |
|   sparsemux_7_2_12_1_1_U256          |     |        | ref_tmp_i_i          | sparsemux | onehotencoding_realdef   | 0       |
|   and_ln238_11_fu_3017_p2            |     |        | and_ln238_11         | and       | auto                     | 0       |
|   carry_1_i_fu_3023_p2               |     |        | carry_1_i            | and       | auto                     | 0       |
|   select_ln238_10_fu_2896_p3         |     |        | select_ln238_10      | select    | auto_sel                 | 0       |
|   icmp_ln238_9_fu_2919_p2            |     |        | icmp_ln238_9         | setgt     | auto                     | 0       |
|   add_ln238_6_fu_2736_p2             |     |        | add_ln238_6          | add       | fabric                   | 0       |
|   add_ln238_7_fu_2925_p2             |     |        | add_ln238_7          | add       | fabric                   | 0       |
|   icmp_ln238_10_fu_2746_p2           |     |        | icmp_ln238_10        | setlt     | auto                     | 0       |
|   xor_ln238_8_fu_3037_p2             |     |        | xor_ln238_8          | xor       | auto                     | 0       |
|   icmp_ln238_11_fu_2760_p2           |     |        | icmp_ln238_11        | setlt     | auto                     | 0       |
|   bitselect_1ns_54ns_6ns_1_1_1_U255  |     |        | tobool_i             | bitselect | auto                     | 0       |
|   lD_0_i_fu_2930_p2                  |     |        | lD_0_i               | and       | auto                     | 0       |
|   icmp_ln238_12_fu_3042_p2           |     |        | icmp_ln238_12        | setlt     | auto                     | 0       |
|   icmp_ln238_13_fu_3047_p2           |     |        | icmp_ln238_13        | setlt     | auto                     | 0       |
|   neg_src_0_i_fu_3207_p2             |     |        | and_ln238_2          | and       | auto                     | 0       |
|   lshr_ln238_fu_2942_p2              |     |        | lshr_ln238           | lshr      | auto_pipe                | 0       |
|   lshr_ln238_1_fu_2947_p2            |     |        | lshr_ln238_1         | lshr      | auto_pipe                | 0       |
|   icmp_ln238_14_fu_3057_p2           |     |        | icmp_ln238_14        | seteq     | auto                     | 0       |
|   xor_ln238_9_fu_3068_p2             |     |        | xor_ln238_9          | xor       | auto                     | 0       |
|   Range2_all_ones_1_i_fu_3074_p3     |     |        | Range2_all_ones_1_i  | select    | auto_sel                 | 0       |
|   and_ln238_3_fu_3082_p2             |     |        | and_ln238_3          | and       | auto                     | 0       |
|   and_ln238_4_fu_3088_p2             |     |        | and_ln238_4          | and       | auto                     | 0       |
|   xor_ln238_1_fu_3093_p2             |     |        | xor_ln238_1          | xor       | auto                     | 0       |
|   icmp_ln238_15_fu_3098_p2           |     |        | icmp_ln238_15        | seteq     | auto                     | 0       |
|   and_ln238_5_fu_3103_p2             |     |        | and_ln238_5          | and       | auto                     | 0       |
|   icmp_ln238_16_fu_3109_p2           |     |        | icmp_ln238_16        | seteq     | auto                     | 0       |
|   select_ln238_7_fu_3114_p3          |     |        | select_ln238_7       | select    | auto_sel                 | 0       |
|   select_ln238_8_fu_3121_p3          |     |        | select_ln238_8       | select    | auto_sel                 | 0       |
|   Range1_all_ones_2_i_fu_3129_p3     |     |        | Range1_all_ones_2_i  | select    | auto_sel                 | 0       |
|   Range1_all_zeros_2_i_fu_3137_p3    |     |        | Range1_all_zeros_2_i | select    | auto_sel                 | 0       |
|   select_ln238_5_fu_3145_p3          |     |        | select_ln238_5       | select    | auto_sel                 | 0       |
|   or_ln238_1_fu_3153_p2              |     |        | or_ln238_1           | or        | auto                     | 0       |
|   and_ln238_6_fu_3158_p2             |     |        | and_ln238_6          | and       | auto                     | 0       |
|   cond190_i_fu_3164_p3               |     |        | cond190_i            | select    | auto_sel                 | 0       |
|   and_ln238_7_fu_3172_p2             |     |        | and_ln238_7          | and       | auto                     | 0       |
|   neg_src_0_i_fu_3207_p4             |     |        | xor_ln238_3          | xor       | auto                     | 0       |
|   not_icmp_ln238_10362_fu_3184_p2    |     |        | not_icmp_ln238_10362 | xor       | auto                     | 0       |
|   deleted_ones_0_i_fu_3189_p2        |     |        | deleted_ones_0_i     | or        | auto                     | 0       |
|   and_ln238_12_fu_3195_p2            |     |        | and_ln238_12         | and       | auto                     | 0       |
|   sparsemux_7_2_1_1_1_U257           |     |        | neg_src_0_i          | sparsemux | onehotencoding_realdef   | 0       |
|   xor_ln238_4_fu_3227_p2             |     |        | xor_ln238_4          | xor       | auto                     | 0       |
|   and_ln238_13_fu_3233_p2            |     |        | and_ln238_13         | and       | auto                     | 0       |
|   or_ln238_2_fu_3238_p2              |     |        | or_ln238_2           | or        | auto                     | 0       |
|   xor_ln238_5_fu_3244_p2             |     |        | xor_ln238_5          | xor       | auto                     | 0       |
|   and_ln238_8_fu_3249_p2             |     |        | and_ln238_8          | and       | auto                     | 0       |
|   and_ln238_9_fu_3255_p2             |     |        | and_ln238_9          | and       | auto                     | 0       |
|   xor_ln238_6_fu_3261_p2             |     |        | xor_ln238_6          | xor       | auto                     | 0       |
|   and_ln238_10_fu_3267_p2            |     |        | and_ln238_10         | and       | auto                     | 0       |
|   or_ln238_3_fu_3271_p2              |     |        | or_ln238_3           | or        | auto                     | 0       |
|   x_fu_3306_p4                       |     |        | select_ln238_6       | select    | auto_sel                 | 0       |
|   xor_ln238_7_fu_3283_p2             |     |        | xor_ln238_7          | xor       | auto                     | 0       |
|   and_ln238_14_fu_3288_p2            |     |        | and_ln238_14         | and       | auto                     | 0       |
|   and_ln238_15_fu_3294_p2            |     |        | and_ln238_15         | and       | auto                     | 0       |
|   sparsemux_7_2_12_1_1_U258          |     |        | x                    | sparsemux | onehotencoding_realdef   | 0       |
|   add_ln344_fu_3334_p2               |     |        | add_ln344            | add       | fabric                   | 0       |
|   xor_ln344_fu_3360_p2               |     |        | xor_ln344            | xor       | auto                     | 0       |
|   and_ln344_fu_3366_p2               |     |        | and_ln344            | and       | auto                     | 0       |
|   xor_ln344_1_fu_3372_p2             |     |        | xor_ln344_1          | xor       | auto                     | 0       |
|   select_ln344_fu_3378_p3            |     |        | select_ln344         | select    | auto_sel                 | 0       |
|   y_9_fu_3386_p3                     |     |        | y_9                  | select    | auto_sel                 | 0       |
|   icmp_ln352_fu_3394_p2              |     |        | icmp_ln352           | seteq     | auto                     | 0       |
|   sub_ln352_fu_3408_p2               |     |        | sub_ln352            | sub       | fabric                   | 0       |
|   select_ln352_fu_3414_p3            |     |        | select_ln352         | select    | auto_sel                 | 0       |
|   ctlz_32_32_1_1_U259                |     |        | tmp_255              | ctlz      | auto                     | 0       |
|   sub_ln352_1_fu_3433_p2             |     |        | sub_ln352_1          | sub       | fabric                   | 0       |
|   add_ln352_fu_3449_p2               |     |        | add_ln352            | add       | fabric                   | 0       |
|   icmp_ln352_1_fu_3468_p2            |     |        | icmp_ln352_1         | setgt     | auto                     | 0       |
|   sub_ln352_4_fu_3443_p2             |     |        | sub_ln352_4          | sub       | fabric                   | 0       |
|   lshr_ln352_2_fu_3477_p2            |     |        | lshr_ln352_2         | lshr      | auto_pipe                | 0       |
|   and_ln352_1_fu_3483_p2             |     |        | and_ln352_1          | and       | auto                     | 0       |
|   icmp_ln352_2_fu_3488_p2            |     |        | icmp_ln352_2         | setne     | auto                     | 0       |
|   phi_ln352_fu_3494_p2               |     |        | phi_ln352            | and       | auto                     | 0       |
|   xor_ln352_fu_3508_p2               |     |        | xor_ln352            | xor       | auto                     | 0       |
|   bitselect_1ns_32ns_5ns_1_1_1_U260  |     |        | tmp_338              | bitselect | auto                     | 0       |
|   and_ln352_fu_3521_p2               |     |        | and_ln352            | and       | auto                     | 0       |
|   or_ln352_fu_3527_p2                |     |        | or_ln352             | or        | auto                     | 0       |
|   icmp_ln352_3_fu_3536_p2            |     |        | icmp_ln352_3         | setgt     | auto                     | 0       |
|   add_ln352_1_fu_3542_p2             |     |        | add_ln352_1          | add       | fabric                   | 0       |
|   lshr_ln352_fu_3555_p2              |     |        | lshr_ln352           | lshr      | auto_pipe                | 0       |
|   sub_ln352_2_fu_3561_p2             |     |        | sub_ln352_2          | sub       | fabric                   | 0       |
|   shl_ln352_fu_3574_p2               |     |        | shl_ln352            | shl       | auto_pipe                | 0       |
|   cond45_i_i_fu_3580_p3              |     |        | cond45_i_i           | select    | auto_sel                 | 0       |
|   add_ln352_2_fu_3588_p2             |     |        | add_ln352_2          | add       | fabric                   | 0       |
|   select_ln352_1_fu_3616_p3          |     |        | select_ln352_1       | select    | auto_sel                 | 0       |
|   sub_ln352_3_fu_3624_p2             |     |        | sub_ln352_3          | sub       | fabric                   | 0       |
|   add_ln352_3_fu_3633_p2             |     |        | add_ln352_3          | add       | fabric                   | 0       |
|   empty_41_fu_3662_p3                |     |        | empty_41             | select    | auto_sel                 | 0       |
|   icmp_ln359_fu_1997_p2              |     |        | icmp_ln359           | seteq     | auto                     | 0       |
|   icmp_ln229_1_fu_2007_p2            |     |        | icmp_ln229_1         | setgt     | auto                     | 0       |
|   or_ln229_fu_2012_p2                |     |        | or_ln229             | or        | auto                     | 0       |
|   select_ln229_fu_2017_p3            |     |        | select_ln229         | select    | auto_sel                 | 0       |
|   select_ln229_1_fu_2025_p3          |     |        | select_ln229_1       | select    | auto_sel                 | 0       |
|   select_ln229_2_fu_2033_p3          |     |        | select_ln229_2       | select    | auto_sel                 | 0       |
|   select_ln229_3_fu_2041_p3          |     |        | select_ln229_3       | select    | auto_sel                 | 0       |
|   select_ln229_4_fu_2049_p3          |     |        | select_ln229_4       | select    | auto_sel                 | 0       |
|   select_ln229_5_fu_2057_p3          |     |        | select_ln229_5       | select    | auto_sel                 | 0       |
|   select_ln229_6_fu_2065_p3          |     |        | select_ln229_6       | select    | auto_sel                 | 0       |
|   select_ln229_7_fu_2073_p3          |     |        | select_ln229_7       | select    | auto_sel                 | 0       |
|   select_ln229_8_fu_2081_p3          |     |        | select_ln229_8       | select    | auto_sel                 | 0       |
|   select_ln229_9_fu_2089_p3          |     |        | select_ln229_9       | select    | auto_sel                 | 0       |
|   select_ln229_10_fu_2097_p3         |     |        | select_ln229_10      | select    | auto_sel                 | 0       |
|   select_ln229_11_fu_2105_p3         |     |        | select_ln229_11      | select    | auto_sel                 | 0       |
|   select_ln229_12_fu_2113_p3         |     |        | select_ln229_12      | select    | auto_sel                 | 0       |
|   select_ln229_13_fu_2121_p3         |     |        | select_ln229_13      | select    | auto_sel                 | 0       |
|   select_ln229_14_fu_2129_p3         |     |        | select_ln229_14      | select    | auto_sel                 | 0       |
|   select_ln229_15_fu_2137_p3         |     |        | select_ln229_15      | select    | auto_sel                 | 0       |
|   select_ln229_16_fu_2145_p3         |     |        | select_ln229_16      | select    | auto_sel                 | 0       |
|   select_ln229_17_fu_2153_p3         |     |        | select_ln229_17      | select    | auto_sel                 | 0       |
|   select_ln229_18_fu_2161_p3         |     |        | select_ln229_18      | select    | auto_sel                 | 0       |
|   select_ln229_19_fu_2169_p3         |     |        | select_ln229_19      | select    | auto_sel                 | 0       |
|   select_ln229_20_fu_2177_p3         |     |        | select_ln229_20      | select    | auto_sel                 | 0       |
|   select_ln229_21_fu_2185_p3         |     |        | select_ln229_21      | select    | auto_sel                 | 0       |
|   select_ln229_22_fu_2193_p3         |     |        | select_ln229_22      | select    | auto_sel                 | 0       |
|   select_ln229_23_fu_2201_p3         |     |        | select_ln229_23      | select    | auto_sel                 | 0       |
|   select_ln229_24_fu_2209_p3         |     |        | select_ln229_24      | select    | auto_sel                 | 0       |
|   select_ln229_25_fu_2217_p3         |     |        | select_ln229_25      | select    | auto_sel                 | 0       |
|   select_ln229_26_fu_2225_p3         |     |        | select_ln229_26      | select    | auto_sel                 | 0       |
|   select_ln229_27_fu_2233_p3         |     |        | select_ln229_27      | select    | auto_sel                 | 0       |
|   select_ln229_28_fu_2241_p3         |     |        | select_ln229_28      | select    | auto_sel                 | 0       |
|   select_ln229_29_fu_2249_p3         |     |        | select_ln229_29      | select    | auto_sel                 | 0       |
|   select_ln229_30_fu_2257_p3         |     |        | select_ln229_30      | select    | auto_sel                 | 0       |
|   select_ln229_31_fu_2265_p3         |     |        | select_ln229_31      | select    | auto_sel                 | 0       |
|   select_ln229_32_fu_2273_p3         |     |        | select_ln229_32      | select    | auto_sel                 | 0       |
|   select_ln229_33_fu_2281_p3         |     |        | select_ln229_33      | select    | auto_sel                 | 0       |
|   select_ln229_34_fu_2289_p3         |     |        | select_ln229_34      | select    | auto_sel                 | 0       |
|   select_ln229_35_fu_2297_p3         |     |        | select_ln229_35      | select    | auto_sel                 | 0       |
|   select_ln229_36_fu_2305_p3         |     |        | select_ln229_36      | select    | auto_sel                 | 0       |
|   select_ln229_37_fu_2313_p3         |     |        | select_ln229_37      | select    | auto_sel                 | 0       |
|   select_ln229_38_fu_2321_p3         |     |        | select_ln229_38      | select    | auto_sel                 | 0       |
|   select_ln229_39_fu_2329_p3         |     |        | select_ln229_39      | select    | auto_sel                 | 0       |
|  + gru_va_Pipeline_HIDDEN_LOOP       | 72  |        |                      |           |                          |         |
|    icmp_ln245_fu_6314_p2             |     |        | icmp_ln245           | seteq     | auto                     | 0       |
|    add_ln245_fu_6536_p2              |     |        | add_ln245            | add       | fabric                   | 0       |
|    add_ln285_fu_6549_p2              |     |        | add_ln285            | add       | fabric                   | 0       |
|    mac_muladd_12s_10s_18s_21_4_1_U25 | 1   |        | mul_ln285            | mul       | dsp_slice                | 3       |
|    mac_muladd_12s_10s_18s_21_4_1_U25 | 1   |        | add_ln285_1          | add       | dsp_slice                | 3       |
|    add_ln287_fu_6567_p2              |     |        | add_ln287            | add       | fabric                   | 0       |
|    mac_muladd_12s_11s_20s_23_4_1_U26 | 1   |        | mul_ln287            | mul       | dsp_slice                | 3       |
|    mac_muladd_12s_11s_20s_23_4_1_U26 | 1   |        | add_ln287_1          | add       | dsp_slice                | 3       |
|    mac_muladd_12s_10s_17s_21_4_1_U27 | 1   |        | mul_ln290            | mul       | dsp_slice                | 3       |
|    mac_muladd_12s_10s_17s_21_4_1_U27 | 1   |        | add_ln290            | add       | dsp_slice                | 3       |
|    add_ln300_40_fu_7393_p2           |     |        | add_ln300_40         | add       | fabric                   | 0       |
|    add_ln300_fu_7398_p2              |     |        | add_ln300            | add       | fabric                   | 0       |
|    xor_ln300_fu_7424_p2              |     |        | xor_ln300            | xor       | auto                     | 0       |
|    and_ln300_fu_7430_p2              |     |        | and_ln300            | and       | auto                     | 0       |
|    xor_ln300_1_fu_7436_p2            |     |        | xor_ln300_1          | xor       | auto                     | 0       |
|    select_ln300_fu_7442_p3           |     |        | select_ln300         | select    | auto_sel                 | 0       |
|    val_r_2_fu_7450_p3                |     |        | val_r_2              | select    | auto_sel                 | 0       |
|    add_ln301_40_fu_7465_p2           |     |        | add_ln301_40         | add       | fabric                   | 0       |
|    add_ln301_fu_7470_p2              |     |        | add_ln301            | add       | fabric                   | 0       |
|    xor_ln301_fu_7496_p2              |     |        | xor_ln301            | xor       | auto                     | 0       |
|    and_ln301_fu_7502_p2              |     |        | and_ln301            | and       | auto                     | 0       |
|    xor_ln301_1_fu_7508_p2            |     |        | xor_ln301_1          | xor       | auto                     | 0       |
|    select_ln301_fu_7514_p3           |     |        | select_ln301         | select    | auto_sel                 | 0       |
|    val_z_2_fu_7522_p3                |     |        | val_z_2              | select    | auto_sel                 | 0       |
|    add_ln302_40_fu_7220_p2           |     |        | add_ln302_40         | add       | fabric                   | 0       |
|    add_ln302_fu_7225_p2              |     |        | add_ln302            | add       | fabric                   | 0       |
|    xor_ln302_fu_7251_p2              |     |        | xor_ln302            | xor       | auto                     | 0       |
|    and_ln302_fu_7257_p2              |     |        | and_ln302            | and       | auto                     | 0       |
|    xor_ln302_1_fu_7263_p2            |     |        | xor_ln302_1          | xor       | auto                     | 0       |
|    select_ln302_fu_7269_p3           |     |        | select_ln302         | select    | auto_sel                 | 0       |
|    val_n_rec_2_fu_7277_p3            |     |        | val_n_rec_2          | select    | auto_sel                 | 0       |
|    val_r_3_fu_7670_p2                |     |        | val_r_3              | add       | fabric                   | 0       |
|    add_ln300_1_fu_7674_p2            |     |        | add_ln300_1          | add       | fabric                   | 0       |
|    xor_ln300_2_fu_7696_p2            |     |        | xor_ln300_2          | xor       | auto                     | 0       |
|    and_ln300_1_fu_7702_p2            |     |        | and_ln300_1          | and       | auto                     | 0       |
|    xor_ln300_3_fu_7708_p2            |     |        | xor_ln300_3          | xor       | auto                     | 0       |
|    select_ln300_2_fu_7714_p3         |     |        | select_ln300_2       | select    | auto_sel                 | 0       |
|    val_r_4_fu_7722_p3                |     |        | val_r_4              | select    | auto_sel                 | 0       |
|    val_z_3_fu_7736_p2                |     |        | val_z_3              | add       | fabric                   | 0       |
|    add_ln301_1_fu_7740_p2            |     |        | add_ln301_1          | add       | fabric                   | 0       |
|    xor_ln301_2_fu_7762_p2            |     |        | xor_ln301_2          | xor       | auto                     | 0       |
|    and_ln301_1_fu_7768_p2            |     |        | and_ln301_1          | and       | auto                     | 0       |
|    xor_ln301_3_fu_7774_p2            |     |        | xor_ln301_3          | xor       | auto                     | 0       |
|    select_ln301_2_fu_7780_p3         |     |        | select_ln301_2       | select    | auto_sel                 | 0       |
|    val_z_4_fu_7788_p3                |     |        | val_z_4              | select    | auto_sel                 | 0       |
|    val_n_rec_3_fu_7292_p2            |     |        | val_n_rec_3          | add       | fabric                   | 0       |
|    add_ln302_1_fu_7297_p2            |     |        | add_ln302_1          | add       | fabric                   | 0       |
|    xor_ln302_2_fu_7319_p2            |     |        | xor_ln302_2          | xor       | auto                     | 0       |
|    and_ln302_1_fu_7325_p2            |     |        | and_ln302_1          | and       | auto                     | 0       |
|    xor_ln302_3_fu_7331_p2            |     |        | xor_ln302_3          | xor       | auto                     | 0       |
|    select_ln302_2_fu_7337_p3         |     |        | select_ln302_2       | select    | auto_sel                 | 0       |
|    val_n_rec_4_fu_7345_p3            |     |        | val_n_rec_4          | select    | auto_sel                 | 0       |
|    val_r_5_fu_7803_p2                |     |        | val_r_5              | add       | fabric                   | 0       |
|    add_ln300_2_fu_7808_p2            |     |        | add_ln300_2          | add       | fabric                   | 0       |
|    xor_ln300_4_fu_7830_p2            |     |        | xor_ln300_4          | xor       | auto                     | 0       |
|    and_ln300_2_fu_7836_p2            |     |        | and_ln300_2          | and       | auto                     | 0       |
|    xor_ln300_5_fu_7842_p2            |     |        | xor_ln300_5          | xor       | auto                     | 0       |
|    select_ln300_4_fu_7848_p3         |     |        | select_ln300_4       | select    | auto_sel                 | 0       |
|    val_r_6_fu_7856_p3                |     |        | val_r_6              | select    | auto_sel                 | 0       |
|    val_z_5_fu_7871_p2                |     |        | val_z_5              | add       | fabric                   | 0       |
|    add_ln301_2_fu_7876_p2            |     |        | add_ln301_2          | add       | fabric                   | 0       |
|    xor_ln301_4_fu_7898_p2            |     |        | xor_ln301_4          | xor       | auto                     | 0       |
|    and_ln301_2_fu_7904_p2            |     |        | and_ln301_2          | and       | auto                     | 0       |
|    xor_ln301_5_fu_7910_p2            |     |        | xor_ln301_5          | xor       | auto                     | 0       |
|    select_ln301_4_fu_7916_p3         |     |        | select_ln301_4       | select    | auto_sel                 | 0       |
|    val_z_6_fu_7924_p3                |     |        | val_z_6              | select    | auto_sel                 | 0       |
|    val_n_rec_5_fu_7536_p2            |     |        | val_n_rec_5          | add       | fabric                   | 0       |
|    add_ln302_2_fu_7540_p2            |     |        | add_ln302_2          | add       | fabric                   | 0       |
|    xor_ln302_4_fu_7562_p2            |     |        | xor_ln302_4          | xor       | auto                     | 0       |
|    and_ln302_2_fu_7568_p2            |     |        | and_ln302_2          | and       | auto                     | 0       |
|    xor_ln302_5_fu_7574_p2            |     |        | xor_ln302_5          | xor       | auto                     | 0       |
|    select_ln302_4_fu_7580_p3         |     |        | select_ln302_4       | select    | auto_sel                 | 0       |
|    val_n_rec_6_fu_7588_p3            |     |        | val_n_rec_6          | select    | auto_sel                 | 0       |
|    val_r_7_fu_8072_p2                |     |        | val_r_7              | add       | fabric                   | 0       |
|    add_ln300_3_fu_8076_p2            |     |        | add_ln300_3          | add       | fabric                   | 0       |
|    xor_ln300_6_fu_8098_p2            |     |        | xor_ln300_6          | xor       | auto                     | 0       |
|    and_ln300_3_fu_8104_p2            |     |        | and_ln300_3          | and       | auto                     | 0       |
|    xor_ln300_7_fu_8110_p2            |     |        | xor_ln300_7          | xor       | auto                     | 0       |
|    select_ln300_6_fu_8116_p3         |     |        | select_ln300_6       | select    | auto_sel                 | 0       |
|    val_r_8_fu_8124_p3                |     |        | val_r_8              | select    | auto_sel                 | 0       |
|    val_z_7_fu_8138_p2                |     |        | val_z_7              | add       | fabric                   | 0       |
|    add_ln301_3_fu_8142_p2            |     |        | add_ln301_3          | add       | fabric                   | 0       |
|    xor_ln301_6_fu_8164_p2            |     |        | xor_ln301_6          | xor       | auto                     | 0       |
|    and_ln301_3_fu_8170_p2            |     |        | and_ln301_3          | and       | auto                     | 0       |
|    xor_ln301_7_fu_8176_p2            |     |        | xor_ln301_7          | xor       | auto                     | 0       |
|    select_ln301_6_fu_8182_p3         |     |        | select_ln301_6       | select    | auto_sel                 | 0       |
|    val_z_8_fu_8190_p3                |     |        | val_z_8              | select    | auto_sel                 | 0       |
|    val_n_rec_7_fu_7603_p2            |     |        | val_n_rec_7          | add       | fabric                   | 0       |
|    add_ln302_3_fu_7608_p2            |     |        | add_ln302_3          | add       | fabric                   | 0       |
|    xor_ln302_6_fu_7630_p2            |     |        | xor_ln302_6          | xor       | auto                     | 0       |
|    and_ln302_3_fu_7636_p2            |     |        | and_ln302_3          | and       | auto                     | 0       |
|    xor_ln302_7_fu_7642_p2            |     |        | xor_ln302_7          | xor       | auto                     | 0       |
|    select_ln302_6_fu_7648_p3         |     |        | select_ln302_6       | select    | auto_sel                 | 0       |
|    val_n_rec_8_fu_7656_p3            |     |        | val_n_rec_8          | select    | auto_sel                 | 0       |
|    val_r_9_fu_8205_p2                |     |        | val_r_9              | add       | fabric                   | 0       |
|    add_ln300_4_fu_8210_p2            |     |        | add_ln300_4          | add       | fabric                   | 0       |
|    xor_ln300_8_fu_8232_p2            |     |        | xor_ln300_8          | xor       | auto                     | 0       |
|    and_ln300_4_fu_8238_p2            |     |        | and_ln300_4          | and       | auto                     | 0       |
|    xor_ln300_9_fu_8244_p2            |     |        | xor_ln300_9          | xor       | auto                     | 0       |
|    select_ln300_8_fu_8250_p3         |     |        | select_ln300_8       | select    | auto_sel                 | 0       |
|    val_r_10_fu_8258_p3               |     |        | val_r_10             | select    | auto_sel                 | 0       |
|    val_z_9_fu_8273_p2                |     |        | val_z_9              | add       | fabric                   | 0       |
|    add_ln301_4_fu_8278_p2            |     |        | add_ln301_4          | add       | fabric                   | 0       |
|    xor_ln301_8_fu_8300_p2            |     |        | xor_ln301_8          | xor       | auto                     | 0       |
|    and_ln301_4_fu_8306_p2            |     |        | and_ln301_4          | and       | auto                     | 0       |
|    xor_ln301_9_fu_8312_p2            |     |        | xor_ln301_9          | xor       | auto                     | 0       |
|    select_ln301_8_fu_8318_p3         |     |        | select_ln301_8       | select    | auto_sel                 | 0       |
|    val_z_10_fu_8326_p3               |     |        | val_z_10             | select    | auto_sel                 | 0       |
|    val_n_rec_9_fu_7938_p2            |     |        | val_n_rec_9          | add       | fabric                   | 0       |
|    add_ln302_4_fu_7942_p2            |     |        | add_ln302_4          | add       | fabric                   | 0       |
|    xor_ln302_8_fu_7964_p2            |     |        | xor_ln302_8          | xor       | auto                     | 0       |
|    and_ln302_4_fu_7970_p2            |     |        | and_ln302_4          | and       | auto                     | 0       |
|    xor_ln302_9_fu_7976_p2            |     |        | xor_ln302_9          | xor       | auto                     | 0       |
|    select_ln302_8_fu_7982_p3         |     |        | select_ln302_8       | select    | auto_sel                 | 0       |
|    val_n_rec_10_fu_7990_p3           |     |        | val_n_rec_10         | select    | auto_sel                 | 0       |
|    val_r_11_fu_8474_p2               |     |        | val_r_11             | add       | fabric                   | 0       |
|    add_ln300_5_fu_8478_p2            |     |        | add_ln300_5          | add       | fabric                   | 0       |
|    xor_ln300_10_fu_8500_p2           |     |        | xor_ln300_10         | xor       | auto                     | 0       |
|    and_ln300_5_fu_8506_p2            |     |        | and_ln300_5          | and       | auto                     | 0       |
|    xor_ln300_11_fu_8512_p2           |     |        | xor_ln300_11         | xor       | auto                     | 0       |
|    select_ln300_10_fu_8518_p3        |     |        | select_ln300_10      | select    | auto_sel                 | 0       |
|    val_r_12_fu_8526_p3               |     |        | val_r_12             | select    | auto_sel                 | 0       |
|    val_z_11_fu_8540_p2               |     |        | val_z_11             | add       | fabric                   | 0       |
|    add_ln301_5_fu_8544_p2            |     |        | add_ln301_5          | add       | fabric                   | 0       |
|    xor_ln301_10_fu_8566_p2           |     |        | xor_ln301_10         | xor       | auto                     | 0       |
|    and_ln301_5_fu_8572_p2            |     |        | and_ln301_5          | and       | auto                     | 0       |
|    xor_ln301_11_fu_8578_p2           |     |        | xor_ln301_11         | xor       | auto                     | 0       |
|    select_ln301_10_fu_8584_p3        |     |        | select_ln301_10      | select    | auto_sel                 | 0       |
|    val_z_12_fu_8592_p3               |     |        | val_z_12             | select    | auto_sel                 | 0       |
|    val_n_rec_11_fu_8005_p2           |     |        | val_n_rec_11         | add       | fabric                   | 0       |
|    add_ln302_5_fu_8010_p2            |     |        | add_ln302_5          | add       | fabric                   | 0       |
|    xor_ln302_10_fu_8032_p2           |     |        | xor_ln302_10         | xor       | auto                     | 0       |
|    and_ln302_5_fu_8038_p2            |     |        | and_ln302_5          | and       | auto                     | 0       |
|    xor_ln302_11_fu_8044_p2           |     |        | xor_ln302_11         | xor       | auto                     | 0       |
|    select_ln302_10_fu_8050_p3        |     |        | select_ln302_10      | select    | auto_sel                 | 0       |
|    val_n_rec_12_fu_8058_p3           |     |        | val_n_rec_12         | select    | auto_sel                 | 0       |
|    val_r_13_fu_8607_p2               |     |        | val_r_13             | add       | fabric                   | 0       |
|    add_ln300_6_fu_8612_p2            |     |        | add_ln300_6          | add       | fabric                   | 0       |
|    xor_ln300_12_fu_8634_p2           |     |        | xor_ln300_12         | xor       | auto                     | 0       |
|    and_ln300_6_fu_8640_p2            |     |        | and_ln300_6          | and       | auto                     | 0       |
|    xor_ln300_13_fu_8646_p2           |     |        | xor_ln300_13         | xor       | auto                     | 0       |
|    select_ln300_12_fu_8652_p3        |     |        | select_ln300_12      | select    | auto_sel                 | 0       |
|    val_r_14_fu_8660_p3               |     |        | val_r_14             | select    | auto_sel                 | 0       |
|    val_z_13_fu_8675_p2               |     |        | val_z_13             | add       | fabric                   | 0       |
|    add_ln301_6_fu_8680_p2            |     |        | add_ln301_6          | add       | fabric                   | 0       |
|    xor_ln301_12_fu_8702_p2           |     |        | xor_ln301_12         | xor       | auto                     | 0       |
|    and_ln301_6_fu_8708_p2            |     |        | and_ln301_6          | and       | auto                     | 0       |
|    xor_ln301_13_fu_8714_p2           |     |        | xor_ln301_13         | xor       | auto                     | 0       |
|    select_ln301_12_fu_8720_p3        |     |        | select_ln301_12      | select    | auto_sel                 | 0       |
|    val_z_14_fu_8728_p3               |     |        | val_z_14             | select    | auto_sel                 | 0       |
|    val_n_rec_13_fu_8340_p2           |     |        | val_n_rec_13         | add       | fabric                   | 0       |
|    add_ln302_6_fu_8344_p2            |     |        | add_ln302_6          | add       | fabric                   | 0       |
|    xor_ln302_12_fu_8366_p2           |     |        | xor_ln302_12         | xor       | auto                     | 0       |
|    and_ln302_6_fu_8372_p2            |     |        | and_ln302_6          | and       | auto                     | 0       |
|    xor_ln302_13_fu_8378_p2           |     |        | xor_ln302_13         | xor       | auto                     | 0       |
|    select_ln302_12_fu_8384_p3        |     |        | select_ln302_12      | select    | auto_sel                 | 0       |
|    val_n_rec_14_fu_8392_p3           |     |        | val_n_rec_14         | select    | auto_sel                 | 0       |
|    val_r_15_fu_8876_p2               |     |        | val_r_15             | add       | fabric                   | 0       |
|    add_ln300_7_fu_8880_p2            |     |        | add_ln300_7          | add       | fabric                   | 0       |
|    xor_ln300_14_fu_8902_p2           |     |        | xor_ln300_14         | xor       | auto                     | 0       |
|    and_ln300_7_fu_8908_p2            |     |        | and_ln300_7          | and       | auto                     | 0       |
|    xor_ln300_15_fu_8914_p2           |     |        | xor_ln300_15         | xor       | auto                     | 0       |
|    select_ln300_14_fu_8920_p3        |     |        | select_ln300_14      | select    | auto_sel                 | 0       |
|    val_r_16_fu_8928_p3               |     |        | val_r_16             | select    | auto_sel                 | 0       |
|    val_z_15_fu_8942_p2               |     |        | val_z_15             | add       | fabric                   | 0       |
|    add_ln301_7_fu_8946_p2            |     |        | add_ln301_7          | add       | fabric                   | 0       |
|    xor_ln301_14_fu_8968_p2           |     |        | xor_ln301_14         | xor       | auto                     | 0       |
|    and_ln301_7_fu_8974_p2            |     |        | and_ln301_7          | and       | auto                     | 0       |
|    xor_ln301_15_fu_8980_p2           |     |        | xor_ln301_15         | xor       | auto                     | 0       |
|    select_ln301_14_fu_8986_p3        |     |        | select_ln301_14      | select    | auto_sel                 | 0       |
|    val_z_16_fu_8994_p3               |     |        | val_z_16             | select    | auto_sel                 | 0       |
|    val_n_rec_15_fu_8407_p2           |     |        | val_n_rec_15         | add       | fabric                   | 0       |
|    add_ln302_7_fu_8412_p2            |     |        | add_ln302_7          | add       | fabric                   | 0       |
|    xor_ln302_14_fu_8434_p2           |     |        | xor_ln302_14         | xor       | auto                     | 0       |
|    and_ln302_7_fu_8440_p2            |     |        | and_ln302_7          | and       | auto                     | 0       |
|    xor_ln302_15_fu_8446_p2           |     |        | xor_ln302_15         | xor       | auto                     | 0       |
|    select_ln302_14_fu_8452_p3        |     |        | select_ln302_14      | select    | auto_sel                 | 0       |
|    val_n_rec_16_fu_8460_p3           |     |        | val_n_rec_16         | select    | auto_sel                 | 0       |
|    val_r_17_fu_9009_p2               |     |        | val_r_17             | add       | fabric                   | 0       |
|    add_ln300_8_fu_9014_p2            |     |        | add_ln300_8          | add       | fabric                   | 0       |
|    xor_ln300_16_fu_9036_p2           |     |        | xor_ln300_16         | xor       | auto                     | 0       |
|    and_ln300_8_fu_9042_p2            |     |        | and_ln300_8          | and       | auto                     | 0       |
|    xor_ln300_17_fu_9048_p2           |     |        | xor_ln300_17         | xor       | auto                     | 0       |
|    select_ln300_16_fu_9054_p3        |     |        | select_ln300_16      | select    | auto_sel                 | 0       |
|    val_r_18_fu_9062_p3               |     |        | val_r_18             | select    | auto_sel                 | 0       |
|    val_z_17_fu_9077_p2               |     |        | val_z_17             | add       | fabric                   | 0       |
|    add_ln301_8_fu_9082_p2            |     |        | add_ln301_8          | add       | fabric                   | 0       |
|    xor_ln301_16_fu_9104_p2           |     |        | xor_ln301_16         | xor       | auto                     | 0       |
|    and_ln301_8_fu_9110_p2            |     |        | and_ln301_8          | and       | auto                     | 0       |
|    xor_ln301_17_fu_9116_p2           |     |        | xor_ln301_17         | xor       | auto                     | 0       |
|    select_ln301_16_fu_9122_p3        |     |        | select_ln301_16      | select    | auto_sel                 | 0       |
|    val_z_18_fu_9130_p3               |     |        | val_z_18             | select    | auto_sel                 | 0       |
|    val_n_rec_17_fu_8742_p2           |     |        | val_n_rec_17         | add       | fabric                   | 0       |
|    add_ln302_8_fu_8746_p2            |     |        | add_ln302_8          | add       | fabric                   | 0       |
|    xor_ln302_16_fu_8768_p2           |     |        | xor_ln302_16         | xor       | auto                     | 0       |
|    and_ln302_8_fu_8774_p2            |     |        | and_ln302_8          | and       | auto                     | 0       |
|    xor_ln302_17_fu_8780_p2           |     |        | xor_ln302_17         | xor       | auto                     | 0       |
|    select_ln302_16_fu_8786_p3        |     |        | select_ln302_16      | select    | auto_sel                 | 0       |
|    val_n_rec_18_fu_8794_p3           |     |        | val_n_rec_18         | select    | auto_sel                 | 0       |
|    val_r_19_fu_9278_p2               |     |        | val_r_19             | add       | fabric                   | 0       |
|    add_ln300_9_fu_9282_p2            |     |        | add_ln300_9          | add       | fabric                   | 0       |
|    xor_ln300_18_fu_9304_p2           |     |        | xor_ln300_18         | xor       | auto                     | 0       |
|    and_ln300_9_fu_9310_p2            |     |        | and_ln300_9          | and       | auto                     | 0       |
|    xor_ln300_19_fu_9316_p2           |     |        | xor_ln300_19         | xor       | auto                     | 0       |
|    select_ln300_18_fu_9322_p3        |     |        | select_ln300_18      | select    | auto_sel                 | 0       |
|    val_r_20_fu_9330_p3               |     |        | val_r_20             | select    | auto_sel                 | 0       |
|    val_z_19_fu_9344_p2               |     |        | val_z_19             | add       | fabric                   | 0       |
|    add_ln301_9_fu_9348_p2            |     |        | add_ln301_9          | add       | fabric                   | 0       |
|    xor_ln301_18_fu_9370_p2           |     |        | xor_ln301_18         | xor       | auto                     | 0       |
|    and_ln301_9_fu_9376_p2            |     |        | and_ln301_9          | and       | auto                     | 0       |
|    xor_ln301_19_fu_9382_p2           |     |        | xor_ln301_19         | xor       | auto                     | 0       |
|    select_ln301_18_fu_9388_p3        |     |        | select_ln301_18      | select    | auto_sel                 | 0       |
|    val_z_20_fu_9396_p3               |     |        | val_z_20             | select    | auto_sel                 | 0       |
|    val_n_rec_19_fu_8809_p2           |     |        | val_n_rec_19         | add       | fabric                   | 0       |
|    add_ln302_9_fu_8814_p2            |     |        | add_ln302_9          | add       | fabric                   | 0       |
|    xor_ln302_18_fu_8836_p2           |     |        | xor_ln302_18         | xor       | auto                     | 0       |
|    and_ln302_9_fu_8842_p2            |     |        | and_ln302_9          | and       | auto                     | 0       |
|    xor_ln302_19_fu_8848_p2           |     |        | xor_ln302_19         | xor       | auto                     | 0       |
|    select_ln302_18_fu_8854_p3        |     |        | select_ln302_18      | select    | auto_sel                 | 0       |
|    val_n_rec_20_fu_8862_p3           |     |        | val_n_rec_20         | select    | auto_sel                 | 0       |
|    val_r_21_fu_9411_p2               |     |        | val_r_21             | add       | fabric                   | 0       |
|    add_ln300_10_fu_9416_p2           |     |        | add_ln300_10         | add       | fabric                   | 0       |
|    xor_ln300_20_fu_9438_p2           |     |        | xor_ln300_20         | xor       | auto                     | 0       |
|    and_ln300_10_fu_9444_p2           |     |        | and_ln300_10         | and       | auto                     | 0       |
|    xor_ln300_21_fu_9450_p2           |     |        | xor_ln300_21         | xor       | auto                     | 0       |
|    select_ln300_20_fu_9456_p3        |     |        | select_ln300_20      | select    | auto_sel                 | 0       |
|    val_r_22_fu_9464_p3               |     |        | val_r_22             | select    | auto_sel                 | 0       |
|    val_z_21_fu_9479_p2               |     |        | val_z_21             | add       | fabric                   | 0       |
|    add_ln301_10_fu_9484_p2           |     |        | add_ln301_10         | add       | fabric                   | 0       |
|    xor_ln301_20_fu_9506_p2           |     |        | xor_ln301_20         | xor       | auto                     | 0       |
|    and_ln301_10_fu_9512_p2           |     |        | and_ln301_10         | and       | auto                     | 0       |
|    xor_ln301_21_fu_9518_p2           |     |        | xor_ln301_21         | xor       | auto                     | 0       |
|    select_ln301_20_fu_9524_p3        |     |        | select_ln301_20      | select    | auto_sel                 | 0       |
|    val_z_22_fu_9532_p3               |     |        | val_z_22             | select    | auto_sel                 | 0       |
|    val_n_rec_21_fu_9144_p2           |     |        | val_n_rec_21         | add       | fabric                   | 0       |
|    add_ln302_10_fu_9148_p2           |     |        | add_ln302_10         | add       | fabric                   | 0       |
|    xor_ln302_20_fu_9170_p2           |     |        | xor_ln302_20         | xor       | auto                     | 0       |
|    and_ln302_10_fu_9176_p2           |     |        | and_ln302_10         | and       | auto                     | 0       |
|    xor_ln302_21_fu_9182_p2           |     |        | xor_ln302_21         | xor       | auto                     | 0       |
|    select_ln302_20_fu_9188_p3        |     |        | select_ln302_20      | select    | auto_sel                 | 0       |
|    val_n_rec_22_fu_9196_p3           |     |        | val_n_rec_22         | select    | auto_sel                 | 0       |
|    val_r_23_fu_9680_p2               |     |        | val_r_23             | add       | fabric                   | 0       |
|    add_ln300_11_fu_9684_p2           |     |        | add_ln300_11         | add       | fabric                   | 0       |
|    xor_ln300_22_fu_9706_p2           |     |        | xor_ln300_22         | xor       | auto                     | 0       |
|    and_ln300_11_fu_9712_p2           |     |        | and_ln300_11         | and       | auto                     | 0       |
|    xor_ln300_23_fu_9718_p2           |     |        | xor_ln300_23         | xor       | auto                     | 0       |
|    select_ln300_22_fu_9724_p3        |     |        | select_ln300_22      | select    | auto_sel                 | 0       |
|    val_r_24_fu_9732_p3               |     |        | val_r_24             | select    | auto_sel                 | 0       |
|    val_z_23_fu_9746_p2               |     |        | val_z_23             | add       | fabric                   | 0       |
|    add_ln301_11_fu_9750_p2           |     |        | add_ln301_11         | add       | fabric                   | 0       |
|    xor_ln301_22_fu_9772_p2           |     |        | xor_ln301_22         | xor       | auto                     | 0       |
|    and_ln301_11_fu_9778_p2           |     |        | and_ln301_11         | and       | auto                     | 0       |
|    xor_ln301_23_fu_9784_p2           |     |        | xor_ln301_23         | xor       | auto                     | 0       |
|    select_ln301_22_fu_9790_p3        |     |        | select_ln301_22      | select    | auto_sel                 | 0       |
|    val_z_24_fu_9798_p3               |     |        | val_z_24             | select    | auto_sel                 | 0       |
|    val_n_rec_23_fu_9211_p2           |     |        | val_n_rec_23         | add       | fabric                   | 0       |
|    add_ln302_11_fu_9216_p2           |     |        | add_ln302_11         | add       | fabric                   | 0       |
|    xor_ln302_22_fu_9238_p2           |     |        | xor_ln302_22         | xor       | auto                     | 0       |
|    and_ln302_11_fu_9244_p2           |     |        | and_ln302_11         | and       | auto                     | 0       |
|    xor_ln302_23_fu_9250_p2           |     |        | xor_ln302_23         | xor       | auto                     | 0       |
|    select_ln302_22_fu_9256_p3        |     |        | select_ln302_22      | select    | auto_sel                 | 0       |
|    val_n_rec_24_fu_9264_p3           |     |        | val_n_rec_24         | select    | auto_sel                 | 0       |
|    val_r_25_fu_9813_p2               |     |        | val_r_25             | add       | fabric                   | 0       |
|    add_ln300_12_fu_9818_p2           |     |        | add_ln300_12         | add       | fabric                   | 0       |
|    xor_ln300_24_fu_9840_p2           |     |        | xor_ln300_24         | xor       | auto                     | 0       |
|    and_ln300_12_fu_9846_p2           |     |        | and_ln300_12         | and       | auto                     | 0       |
|    xor_ln300_25_fu_9852_p2           |     |        | xor_ln300_25         | xor       | auto                     | 0       |
|    select_ln300_24_fu_9858_p3        |     |        | select_ln300_24      | select    | auto_sel                 | 0       |
|    val_r_26_fu_9866_p3               |     |        | val_r_26             | select    | auto_sel                 | 0       |
|    val_z_25_fu_9881_p2               |     |        | val_z_25             | add       | fabric                   | 0       |
|    add_ln301_12_fu_9886_p2           |     |        | add_ln301_12         | add       | fabric                   | 0       |
|    xor_ln301_24_fu_9908_p2           |     |        | xor_ln301_24         | xor       | auto                     | 0       |
|    and_ln301_12_fu_9914_p2           |     |        | and_ln301_12         | and       | auto                     | 0       |
|    xor_ln301_25_fu_9920_p2           |     |        | xor_ln301_25         | xor       | auto                     | 0       |
|    select_ln301_24_fu_9926_p3        |     |        | select_ln301_24      | select    | auto_sel                 | 0       |
|    val_z_26_fu_9934_p3               |     |        | val_z_26             | select    | auto_sel                 | 0       |
|    val_n_rec_25_fu_9546_p2           |     |        | val_n_rec_25         | add       | fabric                   | 0       |
|    add_ln302_12_fu_9550_p2           |     |        | add_ln302_12         | add       | fabric                   | 0       |
|    xor_ln302_24_fu_9572_p2           |     |        | xor_ln302_24         | xor       | auto                     | 0       |
|    and_ln302_12_fu_9578_p2           |     |        | and_ln302_12         | and       | auto                     | 0       |
|    xor_ln302_25_fu_9584_p2           |     |        | xor_ln302_25         | xor       | auto                     | 0       |
|    select_ln302_24_fu_9590_p3        |     |        | select_ln302_24      | select    | auto_sel                 | 0       |
|    val_n_rec_26_fu_9598_p3           |     |        | val_n_rec_26         | select    | auto_sel                 | 0       |
|    val_r_27_fu_10082_p2              |     |        | val_r_27             | add       | fabric                   | 0       |
|    add_ln300_13_fu_10086_p2          |     |        | add_ln300_13         | add       | fabric                   | 0       |
|    xor_ln300_26_fu_10108_p2          |     |        | xor_ln300_26         | xor       | auto                     | 0       |
|    and_ln300_13_fu_10114_p2          |     |        | and_ln300_13         | and       | auto                     | 0       |
|    xor_ln300_27_fu_10120_p2          |     |        | xor_ln300_27         | xor       | auto                     | 0       |
|    select_ln300_26_fu_10126_p3       |     |        | select_ln300_26      | select    | auto_sel                 | 0       |
|    val_r_28_fu_10134_p3              |     |        | val_r_28             | select    | auto_sel                 | 0       |
|    val_z_27_fu_10148_p2              |     |        | val_z_27             | add       | fabric                   | 0       |
|    add_ln301_13_fu_10152_p2          |     |        | add_ln301_13         | add       | fabric                   | 0       |
|    xor_ln301_26_fu_10174_p2          |     |        | xor_ln301_26         | xor       | auto                     | 0       |
|    and_ln301_13_fu_10180_p2          |     |        | and_ln301_13         | and       | auto                     | 0       |
|    xor_ln301_27_fu_10186_p2          |     |        | xor_ln301_27         | xor       | auto                     | 0       |
|    select_ln301_26_fu_10192_p3       |     |        | select_ln301_26      | select    | auto_sel                 | 0       |
|    val_z_28_fu_10200_p3              |     |        | val_z_28             | select    | auto_sel                 | 0       |
|    val_n_rec_27_fu_9613_p2           |     |        | val_n_rec_27         | add       | fabric                   | 0       |
|    add_ln302_13_fu_9618_p2           |     |        | add_ln302_13         | add       | fabric                   | 0       |
|    xor_ln302_26_fu_9640_p2           |     |        | xor_ln302_26         | xor       | auto                     | 0       |
|    and_ln302_13_fu_9646_p2           |     |        | and_ln302_13         | and       | auto                     | 0       |
|    xor_ln302_27_fu_9652_p2           |     |        | xor_ln302_27         | xor       | auto                     | 0       |
|    select_ln302_26_fu_9658_p3        |     |        | select_ln302_26      | select    | auto_sel                 | 0       |
|    val_n_rec_28_fu_9666_p3           |     |        | val_n_rec_28         | select    | auto_sel                 | 0       |
|    val_r_29_fu_10215_p2              |     |        | val_r_29             | add       | fabric                   | 0       |
|    add_ln300_14_fu_10220_p2          |     |        | add_ln300_14         | add       | fabric                   | 0       |
|    xor_ln300_28_fu_10242_p2          |     |        | xor_ln300_28         | xor       | auto                     | 0       |
|    and_ln300_14_fu_10248_p2          |     |        | and_ln300_14         | and       | auto                     | 0       |
|    xor_ln300_29_fu_10254_p2          |     |        | xor_ln300_29         | xor       | auto                     | 0       |
|    select_ln300_28_fu_10260_p3       |     |        | select_ln300_28      | select    | auto_sel                 | 0       |
|    val_r_30_fu_10268_p3              |     |        | val_r_30             | select    | auto_sel                 | 0       |
|    val_z_29_fu_10283_p2              |     |        | val_z_29             | add       | fabric                   | 0       |
|    add_ln301_14_fu_10288_p2          |     |        | add_ln301_14         | add       | fabric                   | 0       |
|    xor_ln301_28_fu_10310_p2          |     |        | xor_ln301_28         | xor       | auto                     | 0       |
|    and_ln301_14_fu_10316_p2          |     |        | and_ln301_14         | and       | auto                     | 0       |
|    xor_ln301_29_fu_10322_p2          |     |        | xor_ln301_29         | xor       | auto                     | 0       |
|    select_ln301_28_fu_10328_p3       |     |        | select_ln301_28      | select    | auto_sel                 | 0       |
|    val_z_30_fu_10336_p3              |     |        | val_z_30             | select    | auto_sel                 | 0       |
|    val_n_rec_29_fu_9948_p2           |     |        | val_n_rec_29         | add       | fabric                   | 0       |
|    add_ln302_14_fu_9952_p2           |     |        | add_ln302_14         | add       | fabric                   | 0       |
|    xor_ln302_28_fu_9974_p2           |     |        | xor_ln302_28         | xor       | auto                     | 0       |
|    and_ln302_14_fu_9980_p2           |     |        | and_ln302_14         | and       | auto                     | 0       |
|    xor_ln302_29_fu_9986_p2           |     |        | xor_ln302_29         | xor       | auto                     | 0       |
|    select_ln302_28_fu_9992_p3        |     |        | select_ln302_28      | select    | auto_sel                 | 0       |
|    val_n_rec_30_fu_10000_p3          |     |        | val_n_rec_30         | select    | auto_sel                 | 0       |
|    val_r_31_fu_10484_p2              |     |        | val_r_31             | add       | fabric                   | 0       |
|    add_ln300_15_fu_10488_p2          |     |        | add_ln300_15         | add       | fabric                   | 0       |
|    xor_ln300_30_fu_10510_p2          |     |        | xor_ln300_30         | xor       | auto                     | 0       |
|    and_ln300_15_fu_10516_p2          |     |        | and_ln300_15         | and       | auto                     | 0       |
|    xor_ln300_31_fu_10522_p2          |     |        | xor_ln300_31         | xor       | auto                     | 0       |
|    select_ln300_30_fu_10528_p3       |     |        | select_ln300_30      | select    | auto_sel                 | 0       |
|    val_r_32_fu_10536_p3              |     |        | val_r_32             | select    | auto_sel                 | 0       |
|    val_z_31_fu_10550_p2              |     |        | val_z_31             | add       | fabric                   | 0       |
|    add_ln301_15_fu_10554_p2          |     |        | add_ln301_15         | add       | fabric                   | 0       |
|    xor_ln301_30_fu_10576_p2          |     |        | xor_ln301_30         | xor       | auto                     | 0       |
|    and_ln301_15_fu_10582_p2          |     |        | and_ln301_15         | and       | auto                     | 0       |
|    xor_ln301_31_fu_10588_p2          |     |        | xor_ln301_31         | xor       | auto                     | 0       |
|    select_ln301_30_fu_10594_p3       |     |        | select_ln301_30      | select    | auto_sel                 | 0       |
|    val_z_32_fu_10602_p3              |     |        | val_z_32             | select    | auto_sel                 | 0       |
|    val_n_rec_31_fu_10015_p2          |     |        | val_n_rec_31         | add       | fabric                   | 0       |
|    add_ln302_15_fu_10020_p2          |     |        | add_ln302_15         | add       | fabric                   | 0       |
|    xor_ln302_30_fu_10042_p2          |     |        | xor_ln302_30         | xor       | auto                     | 0       |
|    and_ln302_15_fu_10048_p2          |     |        | and_ln302_15         | and       | auto                     | 0       |
|    xor_ln302_31_fu_10054_p2          |     |        | xor_ln302_31         | xor       | auto                     | 0       |
|    select_ln302_30_fu_10060_p3       |     |        | select_ln302_30      | select    | auto_sel                 | 0       |
|    val_n_rec_32_fu_10068_p3          |     |        | val_n_rec_32         | select    | auto_sel                 | 0       |
|    val_r_33_fu_10617_p2              |     |        | val_r_33             | add       | fabric                   | 0       |
|    add_ln300_16_fu_10622_p2          |     |        | add_ln300_16         | add       | fabric                   | 0       |
|    xor_ln300_32_fu_10644_p2          |     |        | xor_ln300_32         | xor       | auto                     | 0       |
|    and_ln300_16_fu_10650_p2          |     |        | and_ln300_16         | and       | auto                     | 0       |
|    xor_ln300_33_fu_10656_p2          |     |        | xor_ln300_33         | xor       | auto                     | 0       |
|    select_ln300_32_fu_10662_p3       |     |        | select_ln300_32      | select    | auto_sel                 | 0       |
|    val_r_34_fu_10670_p3              |     |        | val_r_34             | select    | auto_sel                 | 0       |
|    val_z_33_fu_10685_p2              |     |        | val_z_33             | add       | fabric                   | 0       |
|    add_ln301_16_fu_10690_p2          |     |        | add_ln301_16         | add       | fabric                   | 0       |
|    xor_ln301_32_fu_10712_p2          |     |        | xor_ln301_32         | xor       | auto                     | 0       |
|    and_ln301_16_fu_10718_p2          |     |        | and_ln301_16         | and       | auto                     | 0       |
|    xor_ln301_33_fu_10724_p2          |     |        | xor_ln301_33         | xor       | auto                     | 0       |
|    select_ln301_32_fu_10730_p3       |     |        | select_ln301_32      | select    | auto_sel                 | 0       |
|    val_z_34_fu_10738_p3              |     |        | val_z_34             | select    | auto_sel                 | 0       |
|    val_n_rec_33_fu_10350_p2          |     |        | val_n_rec_33         | add       | fabric                   | 0       |
|    add_ln302_16_fu_10354_p2          |     |        | add_ln302_16         | add       | fabric                   | 0       |
|    xor_ln302_32_fu_10376_p2          |     |        | xor_ln302_32         | xor       | auto                     | 0       |
|    and_ln302_16_fu_10382_p2          |     |        | and_ln302_16         | and       | auto                     | 0       |
|    xor_ln302_33_fu_10388_p2          |     |        | xor_ln302_33         | xor       | auto                     | 0       |
|    select_ln302_32_fu_10394_p3       |     |        | select_ln302_32      | select    | auto_sel                 | 0       |
|    val_n_rec_34_fu_10402_p3          |     |        | val_n_rec_34         | select    | auto_sel                 | 0       |
|    val_r_35_fu_10886_p2              |     |        | val_r_35             | add       | fabric                   | 0       |
|    add_ln300_17_fu_10890_p2          |     |        | add_ln300_17         | add       | fabric                   | 0       |
|    xor_ln300_34_fu_10912_p2          |     |        | xor_ln300_34         | xor       | auto                     | 0       |
|    and_ln300_17_fu_10918_p2          |     |        | and_ln300_17         | and       | auto                     | 0       |
|    xor_ln300_35_fu_10924_p2          |     |        | xor_ln300_35         | xor       | auto                     | 0       |
|    select_ln300_34_fu_10930_p3       |     |        | select_ln300_34      | select    | auto_sel                 | 0       |
|    val_r_36_fu_10938_p3              |     |        | val_r_36             | select    | auto_sel                 | 0       |
|    val_z_35_fu_10952_p2              |     |        | val_z_35             | add       | fabric                   | 0       |
|    add_ln301_17_fu_10956_p2          |     |        | add_ln301_17         | add       | fabric                   | 0       |
|    xor_ln301_34_fu_10978_p2          |     |        | xor_ln301_34         | xor       | auto                     | 0       |
|    and_ln301_17_fu_10984_p2          |     |        | and_ln301_17         | and       | auto                     | 0       |
|    xor_ln301_35_fu_10990_p2          |     |        | xor_ln301_35         | xor       | auto                     | 0       |
|    select_ln301_34_fu_10996_p3       |     |        | select_ln301_34      | select    | auto_sel                 | 0       |
|    val_z_36_fu_11004_p3              |     |        | val_z_36             | select    | auto_sel                 | 0       |
|    val_n_rec_35_fu_10417_p2          |     |        | val_n_rec_35         | add       | fabric                   | 0       |
|    add_ln302_17_fu_10422_p2          |     |        | add_ln302_17         | add       | fabric                   | 0       |
|    xor_ln302_34_fu_10444_p2          |     |        | xor_ln302_34         | xor       | auto                     | 0       |
|    and_ln302_17_fu_10450_p2          |     |        | and_ln302_17         | and       | auto                     | 0       |
|    xor_ln302_35_fu_10456_p2          |     |        | xor_ln302_35         | xor       | auto                     | 0       |
|    select_ln302_34_fu_10462_p3       |     |        | select_ln302_34      | select    | auto_sel                 | 0       |
|    val_n_rec_36_fu_10470_p3          |     |        | val_n_rec_36         | select    | auto_sel                 | 0       |
|    val_r_37_fu_11019_p2              |     |        | val_r_37             | add       | fabric                   | 0       |
|    add_ln300_18_fu_11024_p2          |     |        | add_ln300_18         | add       | fabric                   | 0       |
|    xor_ln300_36_fu_11046_p2          |     |        | xor_ln300_36         | xor       | auto                     | 0       |
|    and_ln300_18_fu_11052_p2          |     |        | and_ln300_18         | and       | auto                     | 0       |
|    xor_ln300_37_fu_11058_p2          |     |        | xor_ln300_37         | xor       | auto                     | 0       |
|    select_ln300_36_fu_11064_p3       |     |        | select_ln300_36      | select    | auto_sel                 | 0       |
|    val_r_38_fu_11072_p3              |     |        | val_r_38             | select    | auto_sel                 | 0       |
|    val_z_37_fu_11087_p2              |     |        | val_z_37             | add       | fabric                   | 0       |
|    add_ln301_18_fu_11092_p2          |     |        | add_ln301_18         | add       | fabric                   | 0       |
|    xor_ln301_36_fu_11114_p2          |     |        | xor_ln301_36         | xor       | auto                     | 0       |
|    and_ln301_18_fu_11120_p2          |     |        | and_ln301_18         | and       | auto                     | 0       |
|    xor_ln301_37_fu_11126_p2          |     |        | xor_ln301_37         | xor       | auto                     | 0       |
|    select_ln301_36_fu_11132_p3       |     |        | select_ln301_36      | select    | auto_sel                 | 0       |
|    val_z_38_fu_11140_p3              |     |        | val_z_38             | select    | auto_sel                 | 0       |
|    val_n_rec_37_fu_10752_p2          |     |        | val_n_rec_37         | add       | fabric                   | 0       |
|    add_ln302_18_fu_10756_p2          |     |        | add_ln302_18         | add       | fabric                   | 0       |
|    xor_ln302_36_fu_10778_p2          |     |        | xor_ln302_36         | xor       | auto                     | 0       |
|    and_ln302_18_fu_10784_p2          |     |        | and_ln302_18         | and       | auto                     | 0       |
|    xor_ln302_37_fu_10790_p2          |     |        | xor_ln302_37         | xor       | auto                     | 0       |
|    select_ln302_36_fu_10796_p3       |     |        | select_ln302_36      | select    | auto_sel                 | 0       |
|    val_n_rec_38_fu_10804_p3          |     |        | val_n_rec_38         | select    | auto_sel                 | 0       |
|    val_r_39_fu_11288_p2              |     |        | val_r_39             | add       | fabric                   | 0       |
|    add_ln300_19_fu_11292_p2          |     |        | add_ln300_19         | add       | fabric                   | 0       |
|    xor_ln300_38_fu_11314_p2          |     |        | xor_ln300_38         | xor       | auto                     | 0       |
|    and_ln300_19_fu_11320_p2          |     |        | and_ln300_19         | and       | auto                     | 0       |
|    xor_ln300_39_fu_11326_p2          |     |        | xor_ln300_39         | xor       | auto                     | 0       |
|    select_ln300_38_fu_11332_p3       |     |        | select_ln300_38      | select    | auto_sel                 | 0       |
|    val_r_40_fu_11340_p3              |     |        | val_r_40             | select    | auto_sel                 | 0       |
|    val_z_39_fu_11354_p2              |     |        | val_z_39             | add       | fabric                   | 0       |
|    add_ln301_19_fu_11358_p2          |     |        | add_ln301_19         | add       | fabric                   | 0       |
|    xor_ln301_38_fu_11380_p2          |     |        | xor_ln301_38         | xor       | auto                     | 0       |
|    and_ln301_19_fu_11386_p2          |     |        | and_ln301_19         | and       | auto                     | 0       |
|    xor_ln301_39_fu_11392_p2          |     |        | xor_ln301_39         | xor       | auto                     | 0       |
|    select_ln301_38_fu_11398_p3       |     |        | select_ln301_38      | select    | auto_sel                 | 0       |
|    val_z_40_fu_11406_p3              |     |        | val_z_40             | select    | auto_sel                 | 0       |
|    val_n_rec_39_fu_10819_p2          |     |        | val_n_rec_39         | add       | fabric                   | 0       |
|    add_ln302_19_fu_10824_p2          |     |        | add_ln302_19         | add       | fabric                   | 0       |
|    xor_ln302_38_fu_10846_p2          |     |        | xor_ln302_38         | xor       | auto                     | 0       |
|    and_ln302_19_fu_10852_p2          |     |        | and_ln302_19         | and       | auto                     | 0       |
|    xor_ln302_39_fu_10858_p2          |     |        | xor_ln302_39         | xor       | auto                     | 0       |
|    select_ln302_38_fu_10864_p3       |     |        | select_ln302_38      | select    | auto_sel                 | 0       |
|    val_n_rec_40_fu_10872_p3          |     |        | val_n_rec_40         | select    | auto_sel                 | 0       |
|    val_r_41_fu_11421_p2              |     |        | val_r_41             | add       | fabric                   | 0       |
|    add_ln300_20_fu_11426_p2          |     |        | add_ln300_20         | add       | fabric                   | 0       |
|    xor_ln300_40_fu_11448_p2          |     |        | xor_ln300_40         | xor       | auto                     | 0       |
|    and_ln300_20_fu_11454_p2          |     |        | and_ln300_20         | and       | auto                     | 0       |
|    xor_ln300_41_fu_11460_p2          |     |        | xor_ln300_41         | xor       | auto                     | 0       |
|    select_ln300_40_fu_11466_p3       |     |        | select_ln300_40      | select    | auto_sel                 | 0       |
|    val_r_42_fu_11474_p3              |     |        | val_r_42             | select    | auto_sel                 | 0       |
|    val_z_41_fu_11489_p2              |     |        | val_z_41             | add       | fabric                   | 0       |
|    add_ln301_20_fu_11494_p2          |     |        | add_ln301_20         | add       | fabric                   | 0       |
|    xor_ln301_40_fu_11516_p2          |     |        | xor_ln301_40         | xor       | auto                     | 0       |
|    and_ln301_20_fu_11522_p2          |     |        | and_ln301_20         | and       | auto                     | 0       |
|    xor_ln301_41_fu_11528_p2          |     |        | xor_ln301_41         | xor       | auto                     | 0       |
|    select_ln301_40_fu_11534_p3       |     |        | select_ln301_40      | select    | auto_sel                 | 0       |
|    val_z_42_fu_11542_p3              |     |        | val_z_42             | select    | auto_sel                 | 0       |
|    val_n_rec_41_fu_11154_p2          |     |        | val_n_rec_41         | add       | fabric                   | 0       |
|    add_ln302_20_fu_11158_p2          |     |        | add_ln302_20         | add       | fabric                   | 0       |
|    xor_ln302_40_fu_11180_p2          |     |        | xor_ln302_40         | xor       | auto                     | 0       |
|    and_ln302_20_fu_11186_p2          |     |        | and_ln302_20         | and       | auto                     | 0       |
|    xor_ln302_41_fu_11192_p2          |     |        | xor_ln302_41         | xor       | auto                     | 0       |
|    select_ln302_40_fu_11198_p3       |     |        | select_ln302_40      | select    | auto_sel                 | 0       |
|    val_n_rec_42_fu_11206_p3          |     |        | val_n_rec_42         | select    | auto_sel                 | 0       |
|    val_r_43_fu_11690_p2              |     |        | val_r_43             | add       | fabric                   | 0       |
|    add_ln300_21_fu_11694_p2          |     |        | add_ln300_21         | add       | fabric                   | 0       |
|    xor_ln300_42_fu_11716_p2          |     |        | xor_ln300_42         | xor       | auto                     | 0       |
|    and_ln300_21_fu_11722_p2          |     |        | and_ln300_21         | and       | auto                     | 0       |
|    xor_ln300_43_fu_11728_p2          |     |        | xor_ln300_43         | xor       | auto                     | 0       |
|    select_ln300_42_fu_11734_p3       |     |        | select_ln300_42      | select    | auto_sel                 | 0       |
|    val_r_44_fu_11742_p3              |     |        | val_r_44             | select    | auto_sel                 | 0       |
|    val_z_43_fu_11756_p2              |     |        | val_z_43             | add       | fabric                   | 0       |
|    add_ln301_21_fu_11760_p2          |     |        | add_ln301_21         | add       | fabric                   | 0       |
|    xor_ln301_42_fu_11782_p2          |     |        | xor_ln301_42         | xor       | auto                     | 0       |
|    and_ln301_21_fu_11788_p2          |     |        | and_ln301_21         | and       | auto                     | 0       |
|    xor_ln301_43_fu_11794_p2          |     |        | xor_ln301_43         | xor       | auto                     | 0       |
|    select_ln301_42_fu_11800_p3       |     |        | select_ln301_42      | select    | auto_sel                 | 0       |
|    val_z_44_fu_11808_p3              |     |        | val_z_44             | select    | auto_sel                 | 0       |
|    val_n_rec_43_fu_11221_p2          |     |        | val_n_rec_43         | add       | fabric                   | 0       |
|    add_ln302_21_fu_11226_p2          |     |        | add_ln302_21         | add       | fabric                   | 0       |
|    xor_ln302_42_fu_11248_p2          |     |        | xor_ln302_42         | xor       | auto                     | 0       |
|    and_ln302_21_fu_11254_p2          |     |        | and_ln302_21         | and       | auto                     | 0       |
|    xor_ln302_43_fu_11260_p2          |     |        | xor_ln302_43         | xor       | auto                     | 0       |
|    select_ln302_42_fu_11266_p3       |     |        | select_ln302_42      | select    | auto_sel                 | 0       |
|    val_n_rec_44_fu_11274_p3          |     |        | val_n_rec_44         | select    | auto_sel                 | 0       |
|    val_r_45_fu_11823_p2              |     |        | val_r_45             | add       | fabric                   | 0       |
|    add_ln300_22_fu_11828_p2          |     |        | add_ln300_22         | add       | fabric                   | 0       |
|    xor_ln300_44_fu_11850_p2          |     |        | xor_ln300_44         | xor       | auto                     | 0       |
|    and_ln300_22_fu_11856_p2          |     |        | and_ln300_22         | and       | auto                     | 0       |
|    xor_ln300_45_fu_11862_p2          |     |        | xor_ln300_45         | xor       | auto                     | 0       |
|    select_ln300_44_fu_11868_p3       |     |        | select_ln300_44      | select    | auto_sel                 | 0       |
|    val_r_46_fu_11876_p3              |     |        | val_r_46             | select    | auto_sel                 | 0       |
|    val_z_45_fu_11891_p2              |     |        | val_z_45             | add       | fabric                   | 0       |
|    add_ln301_22_fu_11896_p2          |     |        | add_ln301_22         | add       | fabric                   | 0       |
|    xor_ln301_44_fu_11918_p2          |     |        | xor_ln301_44         | xor       | auto                     | 0       |
|    and_ln301_22_fu_11924_p2          |     |        | and_ln301_22         | and       | auto                     | 0       |
|    xor_ln301_45_fu_11930_p2          |     |        | xor_ln301_45         | xor       | auto                     | 0       |
|    select_ln301_44_fu_11936_p3       |     |        | select_ln301_44      | select    | auto_sel                 | 0       |
|    val_z_46_fu_11944_p3              |     |        | val_z_46             | select    | auto_sel                 | 0       |
|    val_n_rec_45_fu_11556_p2          |     |        | val_n_rec_45         | add       | fabric                   | 0       |
|    add_ln302_22_fu_11560_p2          |     |        | add_ln302_22         | add       | fabric                   | 0       |
|    xor_ln302_44_fu_11582_p2          |     |        | xor_ln302_44         | xor       | auto                     | 0       |
|    and_ln302_22_fu_11588_p2          |     |        | and_ln302_22         | and       | auto                     | 0       |
|    xor_ln302_45_fu_11594_p2          |     |        | xor_ln302_45         | xor       | auto                     | 0       |
|    select_ln302_44_fu_11600_p3       |     |        | select_ln302_44      | select    | auto_sel                 | 0       |
|    val_n_rec_46_fu_11608_p3          |     |        | val_n_rec_46         | select    | auto_sel                 | 0       |
|    val_r_47_fu_12092_p2              |     |        | val_r_47             | add       | fabric                   | 0       |
|    add_ln300_23_fu_12096_p2          |     |        | add_ln300_23         | add       | fabric                   | 0       |
|    xor_ln300_46_fu_12118_p2          |     |        | xor_ln300_46         | xor       | auto                     | 0       |
|    and_ln300_23_fu_12124_p2          |     |        | and_ln300_23         | and       | auto                     | 0       |
|    xor_ln300_47_fu_12130_p2          |     |        | xor_ln300_47         | xor       | auto                     | 0       |
|    select_ln300_46_fu_12136_p3       |     |        | select_ln300_46      | select    | auto_sel                 | 0       |
|    val_r_48_fu_12144_p3              |     |        | val_r_48             | select    | auto_sel                 | 0       |
|    val_z_47_fu_12158_p2              |     |        | val_z_47             | add       | fabric                   | 0       |
|    add_ln301_23_fu_12162_p2          |     |        | add_ln301_23         | add       | fabric                   | 0       |
|    xor_ln301_46_fu_12184_p2          |     |        | xor_ln301_46         | xor       | auto                     | 0       |
|    and_ln301_23_fu_12190_p2          |     |        | and_ln301_23         | and       | auto                     | 0       |
|    xor_ln301_47_fu_12196_p2          |     |        | xor_ln301_47         | xor       | auto                     | 0       |
|    select_ln301_46_fu_12202_p3       |     |        | select_ln301_46      | select    | auto_sel                 | 0       |
|    val_z_48_fu_12210_p3              |     |        | val_z_48             | select    | auto_sel                 | 0       |
|    val_n_rec_47_fu_11623_p2          |     |        | val_n_rec_47         | add       | fabric                   | 0       |
|    add_ln302_23_fu_11628_p2          |     |        | add_ln302_23         | add       | fabric                   | 0       |
|    xor_ln302_46_fu_11650_p2          |     |        | xor_ln302_46         | xor       | auto                     | 0       |
|    and_ln302_23_fu_11656_p2          |     |        | and_ln302_23         | and       | auto                     | 0       |
|    xor_ln302_47_fu_11662_p2          |     |        | xor_ln302_47         | xor       | auto                     | 0       |
|    select_ln302_46_fu_11668_p3       |     |        | select_ln302_46      | select    | auto_sel                 | 0       |
|    val_n_rec_48_fu_11676_p3          |     |        | val_n_rec_48         | select    | auto_sel                 | 0       |
|    val_r_49_fu_12225_p2              |     |        | val_r_49             | add       | fabric                   | 0       |
|    add_ln300_24_fu_12230_p2          |     |        | add_ln300_24         | add       | fabric                   | 0       |
|    xor_ln300_48_fu_12252_p2          |     |        | xor_ln300_48         | xor       | auto                     | 0       |
|    and_ln300_24_fu_12258_p2          |     |        | and_ln300_24         | and       | auto                     | 0       |
|    xor_ln300_49_fu_12264_p2          |     |        | xor_ln300_49         | xor       | auto                     | 0       |
|    select_ln300_48_fu_12270_p3       |     |        | select_ln300_48      | select    | auto_sel                 | 0       |
|    val_r_50_fu_12278_p3              |     |        | val_r_50             | select    | auto_sel                 | 0       |
|    val_z_49_fu_12293_p2              |     |        | val_z_49             | add       | fabric                   | 0       |
|    add_ln301_24_fu_12298_p2          |     |        | add_ln301_24         | add       | fabric                   | 0       |
|    xor_ln301_48_fu_12320_p2          |     |        | xor_ln301_48         | xor       | auto                     | 0       |
|    and_ln301_24_fu_12326_p2          |     |        | and_ln301_24         | and       | auto                     | 0       |
|    xor_ln301_49_fu_12332_p2          |     |        | xor_ln301_49         | xor       | auto                     | 0       |
|    select_ln301_48_fu_12338_p3       |     |        | select_ln301_48      | select    | auto_sel                 | 0       |
|    val_z_50_fu_12346_p3              |     |        | val_z_50             | select    | auto_sel                 | 0       |
|    val_n_rec_49_fu_11958_p2          |     |        | val_n_rec_49         | add       | fabric                   | 0       |
|    add_ln302_24_fu_11962_p2          |     |        | add_ln302_24         | add       | fabric                   | 0       |
|    xor_ln302_48_fu_11984_p2          |     |        | xor_ln302_48         | xor       | auto                     | 0       |
|    and_ln302_24_fu_11990_p2          |     |        | and_ln302_24         | and       | auto                     | 0       |
|    xor_ln302_49_fu_11996_p2          |     |        | xor_ln302_49         | xor       | auto                     | 0       |
|    select_ln302_48_fu_12002_p3       |     |        | select_ln302_48      | select    | auto_sel                 | 0       |
|    val_n_rec_50_fu_12010_p3          |     |        | val_n_rec_50         | select    | auto_sel                 | 0       |
|    val_r_51_fu_12494_p2              |     |        | val_r_51             | add       | fabric                   | 0       |
|    add_ln300_25_fu_12498_p2          |     |        | add_ln300_25         | add       | fabric                   | 0       |
|    xor_ln300_50_fu_12520_p2          |     |        | xor_ln300_50         | xor       | auto                     | 0       |
|    and_ln300_25_fu_12526_p2          |     |        | and_ln300_25         | and       | auto                     | 0       |
|    xor_ln300_51_fu_12532_p2          |     |        | xor_ln300_51         | xor       | auto                     | 0       |
|    select_ln300_50_fu_12538_p3       |     |        | select_ln300_50      | select    | auto_sel                 | 0       |
|    val_r_52_fu_12546_p3              |     |        | val_r_52             | select    | auto_sel                 | 0       |
|    val_z_51_fu_12560_p2              |     |        | val_z_51             | add       | fabric                   | 0       |
|    add_ln301_25_fu_12564_p2          |     |        | add_ln301_25         | add       | fabric                   | 0       |
|    xor_ln301_50_fu_12586_p2          |     |        | xor_ln301_50         | xor       | auto                     | 0       |
|    and_ln301_25_fu_12592_p2          |     |        | and_ln301_25         | and       | auto                     | 0       |
|    xor_ln301_51_fu_12598_p2          |     |        | xor_ln301_51         | xor       | auto                     | 0       |
|    select_ln301_50_fu_12604_p3       |     |        | select_ln301_50      | select    | auto_sel                 | 0       |
|    val_z_52_fu_12612_p3              |     |        | val_z_52             | select    | auto_sel                 | 0       |
|    val_n_rec_51_fu_12025_p2          |     |        | val_n_rec_51         | add       | fabric                   | 0       |
|    add_ln302_25_fu_12030_p2          |     |        | add_ln302_25         | add       | fabric                   | 0       |
|    xor_ln302_50_fu_12052_p2          |     |        | xor_ln302_50         | xor       | auto                     | 0       |
|    and_ln302_25_fu_12058_p2          |     |        | and_ln302_25         | and       | auto                     | 0       |
|    xor_ln302_51_fu_12064_p2          |     |        | xor_ln302_51         | xor       | auto                     | 0       |
|    select_ln302_50_fu_12070_p3       |     |        | select_ln302_50      | select    | auto_sel                 | 0       |
|    val_n_rec_52_fu_12078_p3          |     |        | val_n_rec_52         | select    | auto_sel                 | 0       |
|    val_r_53_fu_12627_p2              |     |        | val_r_53             | add       | fabric                   | 0       |
|    add_ln300_26_fu_12632_p2          |     |        | add_ln300_26         | add       | fabric                   | 0       |
|    xor_ln300_52_fu_12654_p2          |     |        | xor_ln300_52         | xor       | auto                     | 0       |
|    and_ln300_26_fu_12660_p2          |     |        | and_ln300_26         | and       | auto                     | 0       |
|    xor_ln300_53_fu_12666_p2          |     |        | xor_ln300_53         | xor       | auto                     | 0       |
|    select_ln300_52_fu_12672_p3       |     |        | select_ln300_52      | select    | auto_sel                 | 0       |
|    val_r_54_fu_12680_p3              |     |        | val_r_54             | select    | auto_sel                 | 0       |
|    val_z_53_fu_12695_p2              |     |        | val_z_53             | add       | fabric                   | 0       |
|    add_ln301_26_fu_12700_p2          |     |        | add_ln301_26         | add       | fabric                   | 0       |
|    xor_ln301_52_fu_12722_p2          |     |        | xor_ln301_52         | xor       | auto                     | 0       |
|    and_ln301_26_fu_12728_p2          |     |        | and_ln301_26         | and       | auto                     | 0       |
|    xor_ln301_53_fu_12734_p2          |     |        | xor_ln301_53         | xor       | auto                     | 0       |
|    select_ln301_52_fu_12740_p3       |     |        | select_ln301_52      | select    | auto_sel                 | 0       |
|    val_z_54_fu_12748_p3              |     |        | val_z_54             | select    | auto_sel                 | 0       |
|    val_n_rec_53_fu_12360_p2          |     |        | val_n_rec_53         | add       | fabric                   | 0       |
|    add_ln302_26_fu_12364_p2          |     |        | add_ln302_26         | add       | fabric                   | 0       |
|    xor_ln302_52_fu_12386_p2          |     |        | xor_ln302_52         | xor       | auto                     | 0       |
|    and_ln302_26_fu_12392_p2          |     |        | and_ln302_26         | and       | auto                     | 0       |
|    xor_ln302_53_fu_12398_p2          |     |        | xor_ln302_53         | xor       | auto                     | 0       |
|    select_ln302_52_fu_12404_p3       |     |        | select_ln302_52      | select    | auto_sel                 | 0       |
|    val_n_rec_54_fu_12412_p3          |     |        | val_n_rec_54         | select    | auto_sel                 | 0       |
|    val_r_55_fu_12896_p2              |     |        | val_r_55             | add       | fabric                   | 0       |
|    add_ln300_27_fu_12900_p2          |     |        | add_ln300_27         | add       | fabric                   | 0       |
|    xor_ln300_54_fu_12922_p2          |     |        | xor_ln300_54         | xor       | auto                     | 0       |
|    and_ln300_27_fu_12928_p2          |     |        | and_ln300_27         | and       | auto                     | 0       |
|    xor_ln300_55_fu_12934_p2          |     |        | xor_ln300_55         | xor       | auto                     | 0       |
|    select_ln300_54_fu_12940_p3       |     |        | select_ln300_54      | select    | auto_sel                 | 0       |
|    val_r_56_fu_12948_p3              |     |        | val_r_56             | select    | auto_sel                 | 0       |
|    val_z_55_fu_12962_p2              |     |        | val_z_55             | add       | fabric                   | 0       |
|    add_ln301_27_fu_12966_p2          |     |        | add_ln301_27         | add       | fabric                   | 0       |
|    xor_ln301_54_fu_12988_p2          |     |        | xor_ln301_54         | xor       | auto                     | 0       |
|    and_ln301_27_fu_12994_p2          |     |        | and_ln301_27         | and       | auto                     | 0       |
|    xor_ln301_55_fu_13000_p2          |     |        | xor_ln301_55         | xor       | auto                     | 0       |
|    select_ln301_54_fu_13006_p3       |     |        | select_ln301_54      | select    | auto_sel                 | 0       |
|    val_z_56_fu_13014_p3              |     |        | val_z_56             | select    | auto_sel                 | 0       |
|    val_n_rec_55_fu_12427_p2          |     |        | val_n_rec_55         | add       | fabric                   | 0       |
|    add_ln302_27_fu_12432_p2          |     |        | add_ln302_27         | add       | fabric                   | 0       |
|    xor_ln302_54_fu_12454_p2          |     |        | xor_ln302_54         | xor       | auto                     | 0       |
|    and_ln302_27_fu_12460_p2          |     |        | and_ln302_27         | and       | auto                     | 0       |
|    xor_ln302_55_fu_12466_p2          |     |        | xor_ln302_55         | xor       | auto                     | 0       |
|    select_ln302_54_fu_12472_p3       |     |        | select_ln302_54      | select    | auto_sel                 | 0       |
|    val_n_rec_56_fu_12480_p3          |     |        | val_n_rec_56         | select    | auto_sel                 | 0       |
|    val_r_57_fu_13029_p2              |     |        | val_r_57             | add       | fabric                   | 0       |
|    add_ln300_28_fu_13034_p2          |     |        | add_ln300_28         | add       | fabric                   | 0       |
|    xor_ln300_56_fu_13056_p2          |     |        | xor_ln300_56         | xor       | auto                     | 0       |
|    and_ln300_28_fu_13062_p2          |     |        | and_ln300_28         | and       | auto                     | 0       |
|    xor_ln300_57_fu_13068_p2          |     |        | xor_ln300_57         | xor       | auto                     | 0       |
|    select_ln300_56_fu_13074_p3       |     |        | select_ln300_56      | select    | auto_sel                 | 0       |
|    val_r_58_fu_13082_p3              |     |        | val_r_58             | select    | auto_sel                 | 0       |
|    val_z_57_fu_13097_p2              |     |        | val_z_57             | add       | fabric                   | 0       |
|    add_ln301_28_fu_13102_p2          |     |        | add_ln301_28         | add       | fabric                   | 0       |
|    xor_ln301_56_fu_13124_p2          |     |        | xor_ln301_56         | xor       | auto                     | 0       |
|    and_ln301_28_fu_13130_p2          |     |        | and_ln301_28         | and       | auto                     | 0       |
|    xor_ln301_57_fu_13136_p2          |     |        | xor_ln301_57         | xor       | auto                     | 0       |
|    select_ln301_56_fu_13142_p3       |     |        | select_ln301_56      | select    | auto_sel                 | 0       |
|    val_z_58_fu_13150_p3              |     |        | val_z_58             | select    | auto_sel                 | 0       |
|    val_n_rec_57_fu_12762_p2          |     |        | val_n_rec_57         | add       | fabric                   | 0       |
|    add_ln302_28_fu_12766_p2          |     |        | add_ln302_28         | add       | fabric                   | 0       |
|    xor_ln302_56_fu_12788_p2          |     |        | xor_ln302_56         | xor       | auto                     | 0       |
|    and_ln302_28_fu_12794_p2          |     |        | and_ln302_28         | and       | auto                     | 0       |
|    xor_ln302_57_fu_12800_p2          |     |        | xor_ln302_57         | xor       | auto                     | 0       |
|    select_ln302_56_fu_12806_p3       |     |        | select_ln302_56      | select    | auto_sel                 | 0       |
|    val_n_rec_58_fu_12814_p3          |     |        | val_n_rec_58         | select    | auto_sel                 | 0       |
|    val_r_59_fu_13298_p2              |     |        | val_r_59             | add       | fabric                   | 0       |
|    add_ln300_29_fu_13302_p2          |     |        | add_ln300_29         | add       | fabric                   | 0       |
|    xor_ln300_58_fu_13324_p2          |     |        | xor_ln300_58         | xor       | auto                     | 0       |
|    and_ln300_29_fu_13330_p2          |     |        | and_ln300_29         | and       | auto                     | 0       |
|    xor_ln300_59_fu_13336_p2          |     |        | xor_ln300_59         | xor       | auto                     | 0       |
|    select_ln300_58_fu_13342_p3       |     |        | select_ln300_58      | select    | auto_sel                 | 0       |
|    val_r_60_fu_13350_p3              |     |        | val_r_60             | select    | auto_sel                 | 0       |
|    val_z_59_fu_13364_p2              |     |        | val_z_59             | add       | fabric                   | 0       |
|    add_ln301_29_fu_13368_p2          |     |        | add_ln301_29         | add       | fabric                   | 0       |
|    xor_ln301_58_fu_13390_p2          |     |        | xor_ln301_58         | xor       | auto                     | 0       |
|    and_ln301_29_fu_13396_p2          |     |        | and_ln301_29         | and       | auto                     | 0       |
|    xor_ln301_59_fu_13402_p2          |     |        | xor_ln301_59         | xor       | auto                     | 0       |
|    select_ln301_58_fu_13408_p3       |     |        | select_ln301_58      | select    | auto_sel                 | 0       |
|    val_z_60_fu_13416_p3              |     |        | val_z_60             | select    | auto_sel                 | 0       |
|    val_n_rec_59_fu_12829_p2          |     |        | val_n_rec_59         | add       | fabric                   | 0       |
|    add_ln302_29_fu_12834_p2          |     |        | add_ln302_29         | add       | fabric                   | 0       |
|    xor_ln302_58_fu_12856_p2          |     |        | xor_ln302_58         | xor       | auto                     | 0       |
|    and_ln302_29_fu_12862_p2          |     |        | and_ln302_29         | and       | auto                     | 0       |
|    xor_ln302_59_fu_12868_p2          |     |        | xor_ln302_59         | xor       | auto                     | 0       |
|    select_ln302_58_fu_12874_p3       |     |        | select_ln302_58      | select    | auto_sel                 | 0       |
|    val_n_rec_60_fu_12882_p3          |     |        | val_n_rec_60         | select    | auto_sel                 | 0       |
|    val_r_61_fu_13431_p2              |     |        | val_r_61             | add       | fabric                   | 0       |
|    add_ln300_30_fu_13436_p2          |     |        | add_ln300_30         | add       | fabric                   | 0       |
|    xor_ln300_60_fu_13458_p2          |     |        | xor_ln300_60         | xor       | auto                     | 0       |
|    and_ln300_30_fu_13464_p2          |     |        | and_ln300_30         | and       | auto                     | 0       |
|    xor_ln300_61_fu_13470_p2          |     |        | xor_ln300_61         | xor       | auto                     | 0       |
|    select_ln300_60_fu_13476_p3       |     |        | select_ln300_60      | select    | auto_sel                 | 0       |
|    val_r_62_fu_13484_p3              |     |        | val_r_62             | select    | auto_sel                 | 0       |
|    val_z_61_fu_13499_p2              |     |        | val_z_61             | add       | fabric                   | 0       |
|    add_ln301_30_fu_13504_p2          |     |        | add_ln301_30         | add       | fabric                   | 0       |
|    xor_ln301_60_fu_13526_p2          |     |        | xor_ln301_60         | xor       | auto                     | 0       |
|    and_ln301_30_fu_13532_p2          |     |        | and_ln301_30         | and       | auto                     | 0       |
|    xor_ln301_61_fu_13538_p2          |     |        | xor_ln301_61         | xor       | auto                     | 0       |
|    select_ln301_60_fu_13544_p3       |     |        | select_ln301_60      | select    | auto_sel                 | 0       |
|    val_z_62_fu_13552_p3              |     |        | val_z_62             | select    | auto_sel                 | 0       |
|    val_n_rec_61_fu_13164_p2          |     |        | val_n_rec_61         | add       | fabric                   | 0       |
|    add_ln302_30_fu_13168_p2          |     |        | add_ln302_30         | add       | fabric                   | 0       |
|    xor_ln302_60_fu_13190_p2          |     |        | xor_ln302_60         | xor       | auto                     | 0       |
|    and_ln302_30_fu_13196_p2          |     |        | and_ln302_30         | and       | auto                     | 0       |
|    xor_ln302_61_fu_13202_p2          |     |        | xor_ln302_61         | xor       | auto                     | 0       |
|    select_ln302_60_fu_13208_p3       |     |        | select_ln302_60      | select    | auto_sel                 | 0       |
|    val_n_rec_62_fu_13216_p3          |     |        | val_n_rec_62         | select    | auto_sel                 | 0       |
|    val_r_63_fu_13700_p2              |     |        | val_r_63             | add       | fabric                   | 0       |
|    add_ln300_31_fu_13704_p2          |     |        | add_ln300_31         | add       | fabric                   | 0       |
|    xor_ln300_62_fu_13726_p2          |     |        | xor_ln300_62         | xor       | auto                     | 0       |
|    and_ln300_31_fu_13732_p2          |     |        | and_ln300_31         | and       | auto                     | 0       |
|    xor_ln300_63_fu_13738_p2          |     |        | xor_ln300_63         | xor       | auto                     | 0       |
|    select_ln300_62_fu_13744_p3       |     |        | select_ln300_62      | select    | auto_sel                 | 0       |
|    val_r_64_fu_13752_p3              |     |        | val_r_64             | select    | auto_sel                 | 0       |
|    val_z_63_fu_13766_p2              |     |        | val_z_63             | add       | fabric                   | 0       |
|    add_ln301_31_fu_13770_p2          |     |        | add_ln301_31         | add       | fabric                   | 0       |
|    xor_ln301_62_fu_13792_p2          |     |        | xor_ln301_62         | xor       | auto                     | 0       |
|    and_ln301_31_fu_13798_p2          |     |        | and_ln301_31         | and       | auto                     | 0       |
|    xor_ln301_63_fu_13804_p2          |     |        | xor_ln301_63         | xor       | auto                     | 0       |
|    select_ln301_62_fu_13810_p3       |     |        | select_ln301_62      | select    | auto_sel                 | 0       |
|    val_z_64_fu_13818_p3              |     |        | val_z_64             | select    | auto_sel                 | 0       |
|    val_n_rec_63_fu_13231_p2          |     |        | val_n_rec_63         | add       | fabric                   | 0       |
|    add_ln302_31_fu_13236_p2          |     |        | add_ln302_31         | add       | fabric                   | 0       |
|    xor_ln302_62_fu_13258_p2          |     |        | xor_ln302_62         | xor       | auto                     | 0       |
|    and_ln302_31_fu_13264_p2          |     |        | and_ln302_31         | and       | auto                     | 0       |
|    xor_ln302_63_fu_13270_p2          |     |        | xor_ln302_63         | xor       | auto                     | 0       |
|    select_ln302_62_fu_13276_p3       |     |        | select_ln302_62      | select    | auto_sel                 | 0       |
|    val_n_rec_64_fu_13284_p3          |     |        | val_n_rec_64         | select    | auto_sel                 | 0       |
|    val_r_65_fu_13833_p2              |     |        | val_r_65             | add       | fabric                   | 0       |
|    add_ln300_32_fu_13838_p2          |     |        | add_ln300_32         | add       | fabric                   | 0       |
|    xor_ln300_64_fu_13860_p2          |     |        | xor_ln300_64         | xor       | auto                     | 0       |
|    and_ln300_32_fu_13866_p2          |     |        | and_ln300_32         | and       | auto                     | 0       |
|    xor_ln300_65_fu_13872_p2          |     |        | xor_ln300_65         | xor       | auto                     | 0       |
|    select_ln300_64_fu_13878_p3       |     |        | select_ln300_64      | select    | auto_sel                 | 0       |
|    val_r_66_fu_13886_p3              |     |        | val_r_66             | select    | auto_sel                 | 0       |
|    val_z_65_fu_13901_p2              |     |        | val_z_65             | add       | fabric                   | 0       |
|    add_ln301_32_fu_13906_p2          |     |        | add_ln301_32         | add       | fabric                   | 0       |
|    xor_ln301_64_fu_13928_p2          |     |        | xor_ln301_64         | xor       | auto                     | 0       |
|    and_ln301_32_fu_13934_p2          |     |        | and_ln301_32         | and       | auto                     | 0       |
|    xor_ln301_65_fu_13940_p2          |     |        | xor_ln301_65         | xor       | auto                     | 0       |
|    select_ln301_64_fu_13946_p3       |     |        | select_ln301_64      | select    | auto_sel                 | 0       |
|    val_z_66_fu_13954_p3              |     |        | val_z_66             | select    | auto_sel                 | 0       |
|    val_n_rec_65_fu_13566_p2          |     |        | val_n_rec_65         | add       | fabric                   | 0       |
|    add_ln302_32_fu_13570_p2          |     |        | add_ln302_32         | add       | fabric                   | 0       |
|    xor_ln302_64_fu_13592_p2          |     |        | xor_ln302_64         | xor       | auto                     | 0       |
|    and_ln302_32_fu_13598_p2          |     |        | and_ln302_32         | and       | auto                     | 0       |
|    xor_ln302_65_fu_13604_p2          |     |        | xor_ln302_65         | xor       | auto                     | 0       |
|    select_ln302_64_fu_13610_p3       |     |        | select_ln302_64      | select    | auto_sel                 | 0       |
|    val_n_rec_66_fu_13618_p3          |     |        | val_n_rec_66         | select    | auto_sel                 | 0       |
|    val_r_67_fu_14102_p2              |     |        | val_r_67             | add       | fabric                   | 0       |
|    add_ln300_33_fu_14106_p2          |     |        | add_ln300_33         | add       | fabric                   | 0       |
|    xor_ln300_66_fu_14128_p2          |     |        | xor_ln300_66         | xor       | auto                     | 0       |
|    and_ln300_33_fu_14134_p2          |     |        | and_ln300_33         | and       | auto                     | 0       |
|    xor_ln300_67_fu_14140_p2          |     |        | xor_ln300_67         | xor       | auto                     | 0       |
|    select_ln300_66_fu_14146_p3       |     |        | select_ln300_66      | select    | auto_sel                 | 0       |
|    val_r_68_fu_14154_p3              |     |        | val_r_68             | select    | auto_sel                 | 0       |
|    val_z_67_fu_14168_p2              |     |        | val_z_67             | add       | fabric                   | 0       |
|    add_ln301_33_fu_14172_p2          |     |        | add_ln301_33         | add       | fabric                   | 0       |
|    xor_ln301_66_fu_14194_p2          |     |        | xor_ln301_66         | xor       | auto                     | 0       |
|    and_ln301_33_fu_14200_p2          |     |        | and_ln301_33         | and       | auto                     | 0       |
|    xor_ln301_67_fu_14206_p2          |     |        | xor_ln301_67         | xor       | auto                     | 0       |
|    select_ln301_66_fu_14212_p3       |     |        | select_ln301_66      | select    | auto_sel                 | 0       |
|    val_z_68_fu_14220_p3              |     |        | val_z_68             | select    | auto_sel                 | 0       |
|    val_n_rec_67_fu_13633_p2          |     |        | val_n_rec_67         | add       | fabric                   | 0       |
|    add_ln302_33_fu_13638_p2          |     |        | add_ln302_33         | add       | fabric                   | 0       |
|    xor_ln302_66_fu_13660_p2          |     |        | xor_ln302_66         | xor       | auto                     | 0       |
|    and_ln302_33_fu_13666_p2          |     |        | and_ln302_33         | and       | auto                     | 0       |
|    xor_ln302_67_fu_13672_p2          |     |        | xor_ln302_67         | xor       | auto                     | 0       |
|    select_ln302_66_fu_13678_p3       |     |        | select_ln302_66      | select    | auto_sel                 | 0       |
|    val_n_rec_68_fu_13686_p3          |     |        | val_n_rec_68         | select    | auto_sel                 | 0       |
|    val_r_69_fu_14235_p2              |     |        | val_r_69             | add       | fabric                   | 0       |
|    add_ln300_34_fu_14240_p2          |     |        | add_ln300_34         | add       | fabric                   | 0       |
|    xor_ln300_68_fu_14262_p2          |     |        | xor_ln300_68         | xor       | auto                     | 0       |
|    and_ln300_34_fu_14268_p2          |     |        | and_ln300_34         | and       | auto                     | 0       |
|    xor_ln300_69_fu_14274_p2          |     |        | xor_ln300_69         | xor       | auto                     | 0       |
|    select_ln300_68_fu_14280_p3       |     |        | select_ln300_68      | select    | auto_sel                 | 0       |
|    val_r_70_fu_14288_p3              |     |        | val_r_70             | select    | auto_sel                 | 0       |
|    val_z_69_fu_14303_p2              |     |        | val_z_69             | add       | fabric                   | 0       |
|    add_ln301_34_fu_14308_p2          |     |        | add_ln301_34         | add       | fabric                   | 0       |
|    xor_ln301_68_fu_14330_p2          |     |        | xor_ln301_68         | xor       | auto                     | 0       |
|    and_ln301_34_fu_14336_p2          |     |        | and_ln301_34         | and       | auto                     | 0       |
|    xor_ln301_69_fu_14342_p2          |     |        | xor_ln301_69         | xor       | auto                     | 0       |
|    select_ln301_68_fu_14348_p3       |     |        | select_ln301_68      | select    | auto_sel                 | 0       |
|    val_z_70_fu_14356_p3              |     |        | val_z_70             | select    | auto_sel                 | 0       |
|    val_n_rec_69_fu_13968_p2          |     |        | val_n_rec_69         | add       | fabric                   | 0       |
|    add_ln302_34_fu_13972_p2          |     |        | add_ln302_34         | add       | fabric                   | 0       |
|    xor_ln302_68_fu_13994_p2          |     |        | xor_ln302_68         | xor       | auto                     | 0       |
|    and_ln302_34_fu_14000_p2          |     |        | and_ln302_34         | and       | auto                     | 0       |
|    xor_ln302_69_fu_14006_p2          |     |        | xor_ln302_69         | xor       | auto                     | 0       |
|    select_ln302_68_fu_14012_p3       |     |        | select_ln302_68      | select    | auto_sel                 | 0       |
|    val_n_rec_70_fu_14020_p3          |     |        | val_n_rec_70         | select    | auto_sel                 | 0       |
|    val_r_71_fu_14504_p2              |     |        | val_r_71             | add       | fabric                   | 0       |
|    add_ln300_35_fu_14508_p2          |     |        | add_ln300_35         | add       | fabric                   | 0       |
|    xor_ln300_70_fu_14530_p2          |     |        | xor_ln300_70         | xor       | auto                     | 0       |
|    and_ln300_35_fu_14536_p2          |     |        | and_ln300_35         | and       | auto                     | 0       |
|    xor_ln300_71_fu_14542_p2          |     |        | xor_ln300_71         | xor       | auto                     | 0       |
|    select_ln300_70_fu_14548_p3       |     |        | select_ln300_70      | select    | auto_sel                 | 0       |
|    val_r_72_fu_14556_p3              |     |        | val_r_72             | select    | auto_sel                 | 0       |
|    val_z_71_fu_14570_p2              |     |        | val_z_71             | add       | fabric                   | 0       |
|    add_ln301_35_fu_14574_p2          |     |        | add_ln301_35         | add       | fabric                   | 0       |
|    xor_ln301_70_fu_14596_p2          |     |        | xor_ln301_70         | xor       | auto                     | 0       |
|    and_ln301_35_fu_14602_p2          |     |        | and_ln301_35         | and       | auto                     | 0       |
|    xor_ln301_71_fu_14608_p2          |     |        | xor_ln301_71         | xor       | auto                     | 0       |
|    select_ln301_70_fu_14614_p3       |     |        | select_ln301_70      | select    | auto_sel                 | 0       |
|    val_z_72_fu_14622_p3              |     |        | val_z_72             | select    | auto_sel                 | 0       |
|    val_n_rec_71_fu_14035_p2          |     |        | val_n_rec_71         | add       | fabric                   | 0       |
|    add_ln302_35_fu_14040_p2          |     |        | add_ln302_35         | add       | fabric                   | 0       |
|    xor_ln302_70_fu_14062_p2          |     |        | xor_ln302_70         | xor       | auto                     | 0       |
|    and_ln302_35_fu_14068_p2          |     |        | and_ln302_35         | and       | auto                     | 0       |
|    xor_ln302_71_fu_14074_p2          |     |        | xor_ln302_71         | xor       | auto                     | 0       |
|    select_ln302_70_fu_14080_p3       |     |        | select_ln302_70      | select    | auto_sel                 | 0       |
|    val_n_rec_72_fu_14088_p3          |     |        | val_n_rec_72         | select    | auto_sel                 | 0       |
|    val_r_73_fu_14637_p2              |     |        | val_r_73             | add       | fabric                   | 0       |
|    add_ln300_36_fu_14642_p2          |     |        | add_ln300_36         | add       | fabric                   | 0       |
|    xor_ln300_72_fu_14664_p2          |     |        | xor_ln300_72         | xor       | auto                     | 0       |
|    and_ln300_36_fu_14670_p2          |     |        | and_ln300_36         | and       | auto                     | 0       |
|    xor_ln300_73_fu_14676_p2          |     |        | xor_ln300_73         | xor       | auto                     | 0       |
|    select_ln300_72_fu_14682_p3       |     |        | select_ln300_72      | select    | auto_sel                 | 0       |
|    val_r_74_fu_14690_p3              |     |        | val_r_74             | select    | auto_sel                 | 0       |
|    val_z_73_fu_14705_p2              |     |        | val_z_73             | add       | fabric                   | 0       |
|    add_ln301_36_fu_14710_p2          |     |        | add_ln301_36         | add       | fabric                   | 0       |
|    xor_ln301_72_fu_14732_p2          |     |        | xor_ln301_72         | xor       | auto                     | 0       |
|    and_ln301_36_fu_14738_p2          |     |        | and_ln301_36         | and       | auto                     | 0       |
|    xor_ln301_73_fu_14744_p2          |     |        | xor_ln301_73         | xor       | auto                     | 0       |
|    select_ln301_72_fu_14750_p3       |     |        | select_ln301_72      | select    | auto_sel                 | 0       |
|    val_z_74_fu_14758_p3              |     |        | val_z_74             | select    | auto_sel                 | 0       |
|    val_n_rec_73_fu_14370_p2          |     |        | val_n_rec_73         | add       | fabric                   | 0       |
|    add_ln302_36_fu_14374_p2          |     |        | add_ln302_36         | add       | fabric                   | 0       |
|    xor_ln302_72_fu_14396_p2          |     |        | xor_ln302_72         | xor       | auto                     | 0       |
|    and_ln302_36_fu_14402_p2          |     |        | and_ln302_36         | and       | auto                     | 0       |
|    xor_ln302_73_fu_14408_p2          |     |        | xor_ln302_73         | xor       | auto                     | 0       |
|    select_ln302_72_fu_14414_p3       |     |        | select_ln302_72      | select    | auto_sel                 | 0       |
|    val_n_rec_74_fu_14422_p3          |     |        | val_n_rec_74         | select    | auto_sel                 | 0       |
|    val_r_75_fu_14906_p2              |     |        | val_r_75             | add       | fabric                   | 0       |
|    add_ln300_37_fu_14910_p2          |     |        | add_ln300_37         | add       | fabric                   | 0       |
|    xor_ln300_74_fu_14932_p2          |     |        | xor_ln300_74         | xor       | auto                     | 0       |
|    and_ln300_37_fu_14938_p2          |     |        | and_ln300_37         | and       | auto                     | 0       |
|    xor_ln300_75_fu_14944_p2          |     |        | xor_ln300_75         | xor       | auto                     | 0       |
|    select_ln300_74_fu_14950_p3       |     |        | select_ln300_74      | select    | auto_sel                 | 0       |
|    val_r_76_fu_14958_p3              |     |        | val_r_76             | select    | auto_sel                 | 0       |
|    val_z_75_fu_14972_p2              |     |        | val_z_75             | add       | fabric                   | 0       |
|    add_ln301_37_fu_14976_p2          |     |        | add_ln301_37         | add       | fabric                   | 0       |
|    xor_ln301_74_fu_14998_p2          |     |        | xor_ln301_74         | xor       | auto                     | 0       |
|    and_ln301_37_fu_15004_p2          |     |        | and_ln301_37         | and       | auto                     | 0       |
|    xor_ln301_75_fu_15010_p2          |     |        | xor_ln301_75         | xor       | auto                     | 0       |
|    select_ln301_74_fu_15016_p3       |     |        | select_ln301_74      | select    | auto_sel                 | 0       |
|    val_z_76_fu_15024_p3              |     |        | val_z_76             | select    | auto_sel                 | 0       |
|    val_n_rec_75_fu_14437_p2          |     |        | val_n_rec_75         | add       | fabric                   | 0       |
|    add_ln302_37_fu_14442_p2          |     |        | add_ln302_37         | add       | fabric                   | 0       |
|    xor_ln302_74_fu_14464_p2          |     |        | xor_ln302_74         | xor       | auto                     | 0       |
|    and_ln302_37_fu_14470_p2          |     |        | and_ln302_37         | and       | auto                     | 0       |
|    xor_ln302_75_fu_14476_p2          |     |        | xor_ln302_75         | xor       | auto                     | 0       |
|    select_ln302_74_fu_14482_p3       |     |        | select_ln302_74      | select    | auto_sel                 | 0       |
|    val_n_rec_76_fu_14490_p3          |     |        | val_n_rec_76         | select    | auto_sel                 | 0       |
|    val_r_77_fu_15039_p2              |     |        | val_r_77             | add       | fabric                   | 0       |
|    add_ln300_38_fu_15044_p2          |     |        | add_ln300_38         | add       | fabric                   | 0       |
|    xor_ln300_76_fu_15066_p2          |     |        | xor_ln300_76         | xor       | auto                     | 0       |
|    and_ln300_38_fu_15072_p2          |     |        | and_ln300_38         | and       | auto                     | 0       |
|    xor_ln300_77_fu_15078_p2          |     |        | xor_ln300_77         | xor       | auto                     | 0       |
|    select_ln300_76_fu_15084_p3       |     |        | select_ln300_76      | select    | auto_sel                 | 0       |
|    val_r_78_fu_15092_p3              |     |        | val_r_78             | select    | auto_sel                 | 0       |
|    val_z_77_fu_15107_p2              |     |        | val_z_77             | add       | fabric                   | 0       |
|    add_ln301_38_fu_15112_p2          |     |        | add_ln301_38         | add       | fabric                   | 0       |
|    xor_ln301_76_fu_15134_p2          |     |        | xor_ln301_76         | xor       | auto                     | 0       |
|    and_ln301_38_fu_15140_p2          |     |        | and_ln301_38         | and       | auto                     | 0       |
|    xor_ln301_77_fu_15146_p2          |     |        | xor_ln301_77         | xor       | auto                     | 0       |
|    select_ln301_76_fu_15152_p3       |     |        | select_ln301_76      | select    | auto_sel                 | 0       |
|    val_z_78_fu_15160_p3              |     |        | val_z_78             | select    | auto_sel                 | 0       |
|    val_n_rec_77_fu_14772_p2          |     |        | val_n_rec_77         | add       | fabric                   | 0       |
|    add_ln302_38_fu_14776_p2          |     |        | add_ln302_38         | add       | fabric                   | 0       |
|    xor_ln302_76_fu_14798_p2          |     |        | xor_ln302_76         | xor       | auto                     | 0       |
|    and_ln302_38_fu_14804_p2          |     |        | and_ln302_38         | and       | auto                     | 0       |
|    xor_ln302_77_fu_14810_p2          |     |        | xor_ln302_77         | xor       | auto                     | 0       |
|    select_ln302_76_fu_14816_p3       |     |        | select_ln302_76      | select    | auto_sel                 | 0       |
|    val_n_rec_78_fu_14824_p3          |     |        | val_n_rec_78         | select    | auto_sel                 | 0       |
|    val_r_79_fu_15174_p2              |     |        | val_r_79             | add       | fabric                   | 0       |
|    add_ln300_39_fu_15178_p2          |     |        | add_ln300_39         | add       | fabric                   | 0       |
|    xor_ln300_78_fu_15200_p2          |     |        | xor_ln300_78         | xor       | auto                     | 0       |
|    and_ln300_39_fu_15206_p2          |     |        | and_ln300_39         | and       | auto                     | 0       |
|    xor_ln300_79_fu_15212_p2          |     |        | xor_ln300_79         | xor       | auto                     | 0       |
|    select_ln300_78_fu_15218_p3       |     |        | select_ln300_78      | select    | auto_sel                 | 0       |
|    val_r_80_fu_15226_p3              |     |        | val_r_80             | select    | auto_sel                 | 0       |
|    val_z_79_fu_15240_p2              |     |        | val_z_79             | add       | fabric                   | 0       |
|    add_ln301_39_fu_15244_p2          |     |        | add_ln301_39         | add       | fabric                   | 0       |
|    xor_ln301_78_fu_15266_p2          |     |        | xor_ln301_78         | xor       | auto                     | 0       |
|    and_ln301_39_fu_15272_p2          |     |        | and_ln301_39         | and       | auto                     | 0       |
|    xor_ln301_79_fu_15278_p2          |     |        | xor_ln301_79         | xor       | auto                     | 0       |
|    select_ln301_78_fu_15284_p3       |     |        | select_ln301_78      | select    | auto_sel                 | 0       |
|    val_z_80_fu_15292_p3              |     |        | val_z_80             | select    | auto_sel                 | 0       |
|    val_n_rec_79_fu_14839_p2          |     |        | val_n_rec_79         | add       | fabric                   | 0       |
|    add_ln302_39_fu_14844_p2          |     |        | add_ln302_39         | add       | fabric                   | 0       |
|    xor_ln302_78_fu_14866_p2          |     |        | xor_ln302_78         | xor       | auto                     | 0       |
|    and_ln302_39_fu_14872_p2          |     |        | and_ln302_39         | and       | auto                     | 0       |
|    xor_ln302_79_fu_14878_p2          |     |        | xor_ln302_79         | xor       | auto                     | 0       |
|    select_ln302_78_fu_14884_p3       |     |        | select_ln302_78      | select    | auto_sel                 | 0       |
|    val_n_rec_80_fu_14892_p3          |     |        | val_n_rec_80         | select    | auto_sel                 | 0       |
|    and_ln181_fu_15334_p2             |     |        | and_ln181            | and       | auto                     | 0       |
|    half_v_1_fu_15344_p2              |     |        | half_v_1             | add       | fabric                   | 0       |
|    xor_ln181_fu_15358_p2             |     |        | xor_ln181            | xor       | auto                     | 0       |
|    or_ln181_fu_15364_p2              |     |        | or_ln181             | or        | auto                     | 0       |
|    xor_ln181_1_fu_15370_p2           |     |        | xor_ln181_1          | xor       | auto                     | 0       |
|    xor_ln181_2_fu_15376_p2           |     |        | xor_ln181_2          | xor       | auto                     | 0       |
|    or_ln181_1_fu_15382_p2            |     |        | or_ln181_1           | or        | auto                     | 0       |
|    and_ln181_1_fu_15388_p2           |     |        | and_ln181_1          | and       | auto                     | 0       |
|    half_v_6_fu_15394_p3              |     |        | half_v_6             | select    | auto_sel                 | 0       |
|    sub_ln150_fu_15523_p2             |     |        | sub_ln150            | sub       | fabric                   | 0       |
|    xor_ln150_fu_15549_p2             |     |        | xor_ln150            | xor       | auto                     | 0       |
|    and_ln150_fu_15555_p2             |     |        | and_ln150            | and       | auto                     | 0       |
|    xor_ln150_1_fu_15561_p2           |     |        | xor_ln150_1          | xor       | auto                     | 0       |
|    av_1_fu_15593_p2                  |     |        | select_ln150         | select    | auto_sel                 | 0       |
|    and_ln150_3_fu_15575_p2           |     |        | and_ln150_3          | and       | auto                     | 0       |
|    xor_ln149_fu_15580_p2             |     |        | xor_ln149            | xor       | auto                     | 0       |
|    sparsemux_7_2_32_1_1_U15          |     |        | av_1                 | sparsemux | onehotencoding_realdef   | 0       |
|    icmp_ln153_fu_15622_p2            |     |        | icmp_ln153           | setgt     | auto                     | 0       |
|    add_ln169_fu_15771_p2             |     |        | add_ln169            | add       | fabric                   | 0       |
|    sub_ln170_fu_15810_p2             |     |        | sub_ln170            | sub       | fabric                   | 0       |
|    mul_22s_20ns_42_1_1_U10           | 2   |        | mul_ln170            | mul       | auto                     | 0       |
|    add_ln170_fu_15890_p2             |     |        | add_ln170            | add       | fabric                   | 0       |
|    icmp_ln170_fu_15926_p2            |     |        | icmp_ln170           | setne     | auto                     | 0       |
|    or_ln170_fu_15939_p2              |     |        | or_ln170             | or        | auto                     | 0       |
|    and_ln170_fu_15945_p2             |     |        | and_ln170            | and       | auto                     | 0       |
|    y_1_fu_15955_p2                   |     |        | y_1                  | add       | fabric                   | 0       |
|    xor_ln170_fu_15973_p2             |     |        | xor_ln170            | xor       | auto                     | 0       |
|    and_ln170_1_fu_15979_p2           |     |        | and_ln170_1          | and       | auto                     | 0       |
|    xor_ln170_1_fu_15985_p2           |     |        | xor_ln170_1          | xor       | auto                     | 0       |
|    or_ln170_9_fu_15991_p2            |     |        | or_ln170_9           | or        | auto                     | 0       |
|    xor_ln170_2_fu_15997_p2           |     |        | xor_ln170_2          | xor       | auto                     | 0       |
|    xor_ln170_4_fu_16003_p2           |     |        | xor_ln170_4          | xor       | auto                     | 0       |
|    xor_ln170_3_fu_16009_p2           |     |        | xor_ln170_3          | xor       | auto                     | 0       |
|    or_ln170_1_fu_16015_p2            |     |        | or_ln170_1           | or        | auto                     | 0       |
|    and_ln170_2_fu_16021_p2           |     |        | and_ln170_2          | and       | auto                     | 0       |
|    and_ln170_3_fu_16027_p2           |     |        | and_ln170_3          | and       | auto                     | 0       |
|    or_ln170_10_fu_16033_p2           |     |        | or_ln170_10          | or        | auto                     | 0       |
|    xor_ln170_5_fu_16039_p2           |     |        | xor_ln170_5          | xor       | auto                     | 0       |
|    and_ln170_4_fu_16045_p2           |     |        | and_ln170_4          | and       | auto                     | 0       |
|    select_ln170_fu_16077_p3          |     |        | select_ln170         | select    | auto_sel                 | 0       |
|    or_ln170_2_fu_16051_p2            |     |        | or_ln170_2           | or        | auto                     | 0       |
|    y_2_fu_16084_p3                   |     |        | y_2                  | select    | auto_sel                 | 0       |
|    icmp_ln171_fu_16120_p2            |     |        | icmp_ln171           | setne     | auto                     | 0       |
|    or_ln171_fu_16142_p2              |     |        | or_ln171             | or        | auto                     | 0       |
|    and_ln171_fu_16148_p2             |     |        | and_ln171            | and       | auto                     | 0       |
|    add_ln171_fu_16158_p2             |     |        | add_ln171            | add       | fabric                   | 0       |
|    xor_ln171_fu_16172_p2             |     |        | xor_ln171            | xor       | auto                     | 0       |
|    and_ln171_1_fu_16178_p2           |     |        | and_ln171_1          | and       | auto                     | 0       |
|    icmp_ln171_1_fu_16200_p2          |     |        | icmp_ln171_1         | seteq     | auto                     | 0       |
|    icmp_ln171_2_fu_16214_p2          |     |        | icmp_ln171_2         | seteq     | auto                     | 0       |
|    icmp_ln171_3_fu_16220_p2          |     |        | icmp_ln171_3         | seteq     | auto                     | 0       |
|    select_ln171_fu_16226_p3          |     |        | select_ln171         | select    | auto_sel                 | 0       |
|    xor_ln171_1_fu_16234_p2           |     |        | xor_ln171_1          | xor       | auto                     | 0       |
|    and_ln171_2_fu_16240_p2           |     |        | and_ln171_2          | and       | auto                     | 0       |
|    select_ln171_1_fu_16246_p3        |     |        | select_ln171_1       | select    | auto_sel                 | 0       |
|    and_ln171_3_fu_16254_p2           |     |        | and_ln171_3          | and       | auto                     | 0       |
|    xor_ln171_2_fu_16260_p2           |     |        | xor_ln171_2          | xor       | auto                     | 0       |
|    or_ln171_1_fu_16266_p2            |     |        | or_ln171_1           | or        | auto                     | 0       |
|    xor_ln171_3_fu_16272_p2           |     |        | xor_ln171_3          | xor       | auto                     | 0       |
|    and_ln171_4_fu_16278_p2           |     |        | and_ln171_4          | and       | auto                     | 0       |
|    and_ln171_5_fu_16284_p2           |     |        | and_ln171_5          | and       | auto                     | 0       |
|    or_ln171_9_fu_16290_p2            |     |        | or_ln171_9           | or        | auto                     | 0       |
|    xor_ln171_4_fu_16296_p2           |     |        | xor_ln171_4          | xor       | auto                     | 0       |
|    and_ln171_6_fu_16302_p2           |     |        | and_ln171_6          | and       | auto                     | 0       |
|    or_ln171_2_fu_16308_p2            |     |        | or_ln171_2           | or        | auto                     | 0       |
|    mag_fu_16517_p4                   |     |        | select_ln171_2       | select    | auto_sel                 | 0       |
|    xor_ln153_fu_16314_p2             |     |        | xor_ln153            | xor       | auto                     | 0       |
|    and_ln171_7_fu_16319_p2           |     |        | and_ln171_7          | and       | auto                     | 0       |
|    sparsemux_7_2_12_1_1_U17          |     |        | mag                  | sparsemux | onehotencoding_realdef   | 0       |
|    sub_ln173_fu_16539_p2             |     |        | sub_ln173            | sub       | fabric                   | 0       |
|    xor_ln173_fu_16565_p2             |     |        | xor_ln173            | xor       | auto                     | 0       |
|    and_ln173_fu_16571_p2             |     |        | and_ln173            | and       | auto                     | 0       |
|    xor_ln173_1_fu_16577_p2           |     |        | xor_ln173_1          | xor       | auto                     | 0       |
|    ref_tmp2_i1193_2_fu_16603_p2      |     |        | select_ln173         | select    | auto_sel                 | 0       |
|    and_ln173_3_fu_16591_p2           |     |        | and_ln173_3          | and       | auto                     | 0       |
|    sparsemux_7_2_12_1_1_U18          |     |        | ref_tmp2_i1193_2     | sparsemux | onehotencoding_realdef   | 0       |
|    add_ln183_fu_16889_p2             |     |        | add_ln183            | add       | fabric                   | 0       |
|    and_ln183_fu_16929_p2             |     |        | and_ln183            | and       | auto                     | 0       |
|    r_1_fu_16939_p2                   |     |        | r_1                  | add       | fabric                   | 0       |
|    xor_ln183_fu_16953_p2             |     |        | xor_ln183            | xor       | auto                     | 0       |
|    and_ln183_1_fu_16959_p2           |     |        | and_ln183_1          | and       | auto                     | 0       |
|    xor_ln183_1_fu_16965_p2           |     |        | xor_ln183_1          | xor       | auto                     | 0       |
|    or_ln183_4_fu_16971_p2            |     |        | or_ln183_4           | or        | auto                     | 0       |
|    xor_ln183_2_fu_16977_p2           |     |        | xor_ln183_2          | xor       | auto                     | 0       |
|    xor_ln183_4_fu_16983_p2           |     |        | xor_ln183_4          | xor       | auto                     | 0       |
|    xor_ln183_3_fu_16989_p2           |     |        | xor_ln183_3          | xor       | auto                     | 0       |
|    or_ln183_fu_16995_p2              |     |        | or_ln183             | or        | auto                     | 0       |
|    and_ln183_2_fu_17001_p2           |     |        | and_ln183_2          | and       | auto                     | 0       |
|    and_ln183_3_fu_17007_p2           |     |        | and_ln183_3          | and       | auto                     | 0       |
|    or_ln183_5_fu_17013_p2            |     |        | or_ln183_5           | or        | auto                     | 0       |
|    xor_ln183_5_fu_17019_p2           |     |        | xor_ln183_5          | xor       | auto                     | 0       |
|    and_ln183_4_fu_17025_p2           |     |        | and_ln183_4          | and       | auto                     | 0       |
|    select_ln183_fu_17031_p3          |     |        | select_ln183         | select    | auto_sel                 | 0       |
|    or_ln183_1_fu_17039_p2            |     |        | or_ln183_1           | or        | auto                     | 0       |
|    r_2_fu_17045_p3                   |     |        | r_2                  | select    | auto_sel                 | 0       |
|    and_ln181_2_fu_15444_p2           |     |        | and_ln181_2          | and       | auto                     | 0       |
|    half_v_4_fu_15454_p2              |     |        | half_v_4             | add       | fabric                   | 0       |
|    xor_ln181_3_fu_15468_p2           |     |        | xor_ln181_3          | xor       | auto                     | 0       |
|    or_ln181_2_fu_15474_p2            |     |        | or_ln181_2           | or        | auto                     | 0       |
|    xor_ln181_4_fu_15480_p2           |     |        | xor_ln181_4          | xor       | auto                     | 0       |
|    xor_ln181_5_fu_15486_p2           |     |        | xor_ln181_5          | xor       | auto                     | 0       |
|    or_ln181_3_fu_15492_p2            |     |        | or_ln181_3           | or        | auto                     | 0       |
|    and_ln181_3_fu_15498_p2           |     |        | and_ln181_3          | and       | auto                     | 0       |
|    half_v_7_fu_15504_p3              |     |        | half_v_7             | select    | auto_sel                 | 0       |
|    sub_ln150_1_fu_15645_p2           |     |        | sub_ln150_1          | sub       | fabric                   | 0       |
|    xor_ln150_2_fu_15671_p2           |     |        | xor_ln150_2          | xor       | auto                     | 0       |
|    and_ln150_1_fu_15677_p2           |     |        | and_ln150_1          | and       | auto                     | 0       |
|    xor_ln150_3_fu_15683_p2           |     |        | xor_ln150_3          | xor       | auto                     | 0       |
|    av_3_fu_15715_p2                  |     |        | select_ln150_1       | select    | auto_sel                 | 0       |
|    and_ln150_4_fu_15697_p2           |     |        | and_ln150_4          | and       | auto                     | 0       |
|    xor_ln149_1_fu_15702_p2           |     |        | xor_ln149_1          | xor       | auto                     | 0       |
|    sparsemux_7_2_32_1_1_U16          |     |        | av_3                 | sparsemux | onehotencoding_realdef   | 0       |
|    icmp_ln153_1_fu_15744_p2          |     |        | icmp_ln153_1         | setgt     | auto                     | 0       |
|    add_ln169_1_fu_15819_p2           |     |        | add_ln169_1          | add       | fabric                   | 0       |
|    sub_ln170_1_fu_15873_p2           |     |        | sub_ln170_1          | sub       | fabric                   | 0       |
|    mul_22s_20ns_42_1_1_U10           | 2   |        | mul_ln170_1          | mul       | auto                     | 0       |
|    add_ln170_2_fu_16343_p2           |     |        | add_ln170_2          | add       | fabric                   | 0       |
|    icmp_ln170_1_fu_16379_p2          |     |        | icmp_ln170_1         | setne     | auto                     | 0       |
|    or_ln170_3_fu_16392_p2            |     |        | or_ln170_3           | or        | auto                     | 0       |
|    and_ln170_5_fu_16398_p2           |     |        | and_ln170_5          | and       | auto                     | 0       |
|    y_4_fu_16408_p2                   |     |        | y_4                  | add       | fabric                   | 0       |
|    xor_ln170_6_fu_16426_p2           |     |        | xor_ln170_6          | xor       | auto                     | 0       |
|    and_ln170_6_fu_16432_p2           |     |        | and_ln170_6          | and       | auto                     | 0       |
|    xor_ln170_7_fu_16438_p2           |     |        | xor_ln170_7          | xor       | auto                     | 0       |
|    or_ln170_11_fu_16444_p2           |     |        | or_ln170_11          | or        | auto                     | 0       |
|    xor_ln170_8_fu_16450_p2           |     |        | xor_ln170_8          | xor       | auto                     | 0       |
|    xor_ln170_10_fu_16456_p2          |     |        | xor_ln170_10         | xor       | auto                     | 0       |
|    xor_ln170_9_fu_16462_p2           |     |        | xor_ln170_9          | xor       | auto                     | 0       |
|    or_ln170_4_fu_16468_p2            |     |        | or_ln170_4           | or        | auto                     | 0       |
|    and_ln170_7_fu_16474_p2           |     |        | and_ln170_7          | and       | auto                     | 0       |
|    and_ln170_8_fu_16480_p2           |     |        | and_ln170_8          | and       | auto                     | 0       |
|    or_ln170_12_fu_16486_p2           |     |        | or_ln170_12          | or        | auto                     | 0       |
|    xor_ln170_11_fu_16492_p2          |     |        | xor_ln170_11         | xor       | auto                     | 0       |
|    and_ln170_9_fu_16498_p2           |     |        | and_ln170_9          | and       | auto                     | 0       |
|    select_ln170_2_fu_16623_p3        |     |        | select_ln170_2       | select    | auto_sel                 | 0       |
|    or_ln170_5_fu_16504_p2            |     |        | or_ln170_5           | or        | auto                     | 0       |
|    y_5_fu_16630_p3                   |     |        | y_5                  | select    | auto_sel                 | 0       |
|    icmp_ln171_4_fu_16666_p2          |     |        | icmp_ln171_4         | setne     | auto                     | 0       |
|    or_ln171_3_fu_16688_p2            |     |        | or_ln171_3           | or        | auto                     | 0       |
|    and_ln171_8_fu_16694_p2           |     |        | and_ln171_8          | and       | auto                     | 0       |
|    add_ln171_1_fu_16704_p2           |     |        | add_ln171_1          | add       | fabric                   | 0       |
|    xor_ln171_5_fu_16718_p2           |     |        | xor_ln171_5          | xor       | auto                     | 0       |
|    and_ln171_9_fu_16724_p2           |     |        | and_ln171_9          | and       | auto                     | 0       |
|    icmp_ln171_5_fu_16746_p2          |     |        | icmp_ln171_5         | seteq     | auto                     | 0       |
|    icmp_ln171_6_fu_16760_p2          |     |        | icmp_ln171_6         | seteq     | auto                     | 0       |
|    icmp_ln171_7_fu_16766_p2          |     |        | icmp_ln171_7         | seteq     | auto                     | 0       |
|    select_ln171_3_fu_16772_p3        |     |        | select_ln171_3       | select    | auto_sel                 | 0       |
|    xor_ln171_6_fu_16780_p2           |     |        | xor_ln171_6          | xor       | auto                     | 0       |
|    and_ln171_10_fu_16786_p2          |     |        | and_ln171_10         | and       | auto                     | 0       |
|    select_ln171_4_fu_16792_p3        |     |        | select_ln171_4       | select    | auto_sel                 | 0       |
|    and_ln171_11_fu_16800_p2          |     |        | and_ln171_11         | and       | auto                     | 0       |
|    xor_ln171_7_fu_16806_p2           |     |        | xor_ln171_7          | xor       | auto                     | 0       |
|    or_ln171_4_fu_16812_p2            |     |        | or_ln171_4           | or        | auto                     | 0       |
|    xor_ln171_8_fu_16818_p2           |     |        | xor_ln171_8          | xor       | auto                     | 0       |
|    and_ln171_12_fu_16824_p2          |     |        | and_ln171_12         | and       | auto                     | 0       |
|    and_ln171_13_fu_16830_p2          |     |        | and_ln171_13         | and       | auto                     | 0       |
|    or_ln171_10_fu_16836_p2           |     |        | or_ln171_10          | or        | auto                     | 0       |
|    xor_ln171_9_fu_16842_p2           |     |        | xor_ln171_9          | xor       | auto                     | 0       |
|    and_ln171_14_fu_16848_p2          |     |        | and_ln171_14         | and       | auto                     | 0       |
|    or_ln171_5_fu_16854_p2            |     |        | or_ln171_5           | or        | auto                     | 0       |
|    mag_1_fu_17060_p4                 |     |        | select_ln171_5       | select    | auto_sel                 | 0       |
|    xor_ln153_1_fu_16860_p2           |     |        | xor_ln153_1          | xor       | auto                     | 0       |
|    and_ln171_15_fu_16865_p2          |     |        | and_ln171_15         | and       | auto                     | 0       |
|    sparsemux_7_2_12_1_1_U19          |     |        | mag_1                | sparsemux | onehotencoding_realdef   | 0       |
|    sub_ln173_1_fu_17082_p2           |     |        | sub_ln173_1          | sub       | fabric                   | 0       |
|    xor_ln173_2_fu_17108_p2           |     |        | xor_ln173_2          | xor       | auto                     | 0       |
|    and_ln173_1_fu_17114_p2           |     |        | and_ln173_1          | and       | auto                     | 0       |
|    xor_ln173_3_fu_17120_p2           |     |        | xor_ln173_3          | xor       | auto                     | 0       |
|    ref_tmp2_i_2_fu_17146_p2          |     |        | select_ln173_1       | select    | auto_sel                 | 0       |
|    and_ln173_4_fu_17134_p2           |     |        | and_ln173_4          | and       | auto                     | 0       |
|    sparsemux_7_2_12_1_1_U20          |     |        | ref_tmp2_i_2         | sparsemux | onehotencoding_realdef   | 0       |
|    add_ln183_2_fu_18156_p2           |     |        | add_ln183_2          | add       | fabric                   | 0       |
|    and_ln183_5_fu_18196_p2           |     |        | and_ln183_5          | and       | auto                     | 0       |
|    z_1_fu_18206_p2                   |     |        | z_1                  | add       | fabric                   | 0       |
|    xor_ln183_6_fu_18220_p2           |     |        | xor_ln183_6          | xor       | auto                     | 0       |
|    and_ln183_6_fu_18226_p2           |     |        | and_ln183_6          | and       | auto                     | 0       |
|    xor_ln183_7_fu_18232_p2           |     |        | xor_ln183_7          | xor       | auto                     | 0       |
|    or_ln183_6_fu_18238_p2            |     |        | or_ln183_6           | or        | auto                     | 0       |
|    xor_ln183_8_fu_18244_p2           |     |        | xor_ln183_8          | xor       | auto                     | 0       |
|    xor_ln183_10_fu_18250_p2          |     |        | xor_ln183_10         | xor       | auto                     | 0       |
|    xor_ln183_9_fu_18256_p2           |     |        | xor_ln183_9          | xor       | auto                     | 0       |
|    or_ln183_2_fu_18262_p2            |     |        | or_ln183_2           | or        | auto                     | 0       |
|    and_ln183_7_fu_18268_p2           |     |        | and_ln183_7          | and       | auto                     | 0       |
|    and_ln183_8_fu_18274_p2           |     |        | and_ln183_8          | and       | auto                     | 0       |
|    or_ln183_7_fu_18280_p2            |     |        | or_ln183_7           | or        | auto                     | 0       |
|    xor_ln183_11_fu_18286_p2          |     |        | xor_ln183_11         | xor       | auto                     | 0       |
|    and_ln183_9_fu_18292_p2           |     |        | and_ln183_9          | and       | auto                     | 0       |
|    or_ln183_3_fu_18298_p2            |     |        | or_ln183_3           | or        | auto                     | 0       |
|    mul_32s_12s_44_2_1_U13            | 2   |        | mul_ln314            | mul       | auto                     | 1       |
|    add_ln314_fu_17189_p2             |     |        | add_ln314            | add       | fabric                   | 0       |
|    icmp_ln314_fu_17219_p2            |     |        | icmp_ln314           | setne     | auto                     | 0       |
|    or_ln314_fu_17240_p2              |     |        | or_ln314             | or        | auto                     | 0       |
|    and_ln314_fu_17246_p2             |     |        | and_ln314            | and       | auto                     | 0       |
|    candidate_pre_1_fu_17256_p2       |     |        | candidate_pre_1      | add       | fabric                   | 0       |
|    xor_ln314_fu_17270_p2             |     |        | xor_ln314            | xor       | auto                     | 0       |
|    and_ln314_1_fu_17276_p2           |     |        | and_ln314_1          | and       | auto                     | 0       |
|    icmp_ln314_1_fu_17292_p2          |     |        | icmp_ln314_1         | seteq     | auto                     | 0       |
|    icmp_ln314_2_fu_17298_p2          |     |        | icmp_ln314_2         | seteq     | auto                     | 0       |
|    select_ln314_fu_17311_p3          |     |        | select_ln314         | select    | auto_sel                 | 0       |
|    xor_ln314_1_fu_17316_p2           |     |        | xor_ln314_1          | xor       | auto                     | 0       |
|    and_ln314_2_fu_17322_p2           |     |        | and_ln314_2          | and       | auto                     | 0       |
|    select_ln314_1_fu_17327_p3        |     |        | select_ln314_1       | select    | auto_sel                 | 0       |
|    and_ln314_3_fu_17333_p2           |     |        | and_ln314_3          | and       | auto                     | 0       |
|    xor_ln314_2_fu_17337_p2           |     |        | xor_ln314_2          | xor       | auto                     | 0       |
|    or_ln314_1_fu_17343_p2            |     |        | or_ln314_1           | or        | auto                     | 0       |
|    xor_ln314_3_fu_17348_p2           |     |        | xor_ln314_3          | xor       | auto                     | 0       |
|    and_ln314_4_fu_17353_p2           |     |        | and_ln314_4          | and       | auto                     | 0       |
|    and_ln314_5_fu_17359_p2           |     |        | and_ln314_5          | and       | auto                     | 0       |
|    or_ln314_3_fu_17364_p2            |     |        | or_ln314_3           | or        | auto                     | 0       |
|    xor_ln314_4_fu_17370_p2           |     |        | xor_ln314_4          | xor       | auto                     | 0       |
|    and_ln314_6_fu_17376_p2           |     |        | and_ln314_6          | and       | auto                     | 0       |
|    select_ln314_2_fu_17381_p3        |     |        | select_ln314_2       | select    | auto_sel                 | 0       |
|    or_ln314_2_fu_17389_p2            |     |        | or_ln314_2           | or        | auto                     | 0       |
|    candidate_pre_3_fu_17395_p3       |     |        | candidate_pre_3      | select    | auto_sel                 | 0       |
|    sub_ln150_2_fu_17414_p2           |     |        | sub_ln150_2          | sub       | fabric                   | 0       |
|    xor_ln150_4_fu_17440_p2           |     |        | xor_ln150_4          | xor       | auto                     | 0       |
|    and_ln150_2_fu_17446_p2           |     |        | and_ln150_2          | and       | auto                     | 0       |
|    xor_ln150_5_fu_17452_p2           |     |        | xor_ln150_5          | xor       | auto                     | 0       |
|    select_ln150_2_fu_17458_p3        |     |        | select_ln150_2       | select    | auto_sel                 | 0       |
|    and_ln150_5_fu_17466_p2           |     |        | and_ln150_5          | and       | auto                     | 0       |
|    xor_ln149_2_fu_17472_p2           |     |        | xor_ln149_2          | xor       | auto                     | 0       |
|    sparsemux_7_2_32_1_1_U21          |     |        | av_5                 | sparsemux | onehotencoding_realdef   | 0       |
|    icmp_ln153_2_fu_17511_p2          |     |        | icmp_ln153_2         | setgt     | auto                     | 0       |
|    add_ln169_2_fu_17540_p2           |     |        | add_ln169_2          | add       | fabric                   | 0       |
|    sub_ln170_2_fu_17575_p2           |     |        | sub_ln170_2          | sub       | fabric                   | 0       |
|    mul_22s_20ns_42_1_1_U11           | 2   |        | mul_ln170_2          | mul       | auto                     | 0       |
|    add_ln170_4_fu_17612_p2           |     |        | add_ln170_4          | add       | fabric                   | 0       |
|    icmp_ln170_2_fu_17646_p2          |     |        | icmp_ln170_2         | setne     | auto                     | 0       |
|    or_ln170_6_fu_17659_p2            |     |        | or_ln170_6           | or        | auto                     | 0       |
|    and_ln170_10_fu_17665_p2          |     |        | and_ln170_10         | and       | auto                     | 0       |
|    y_7_fu_17675_p2                   |     |        | y_7                  | add       | fabric                   | 0       |
|    xor_ln170_12_fu_17693_p2          |     |        | xor_ln170_12         | xor       | auto                     | 0       |
|    and_ln170_11_fu_17699_p2          |     |        | and_ln170_11         | and       | auto                     | 0       |
|    xor_ln170_13_fu_17705_p2          |     |        | xor_ln170_13         | xor       | auto                     | 0       |
|    or_ln170_13_fu_17711_p2           |     |        | or_ln170_13          | or        | auto                     | 0       |
|    xor_ln170_14_fu_17717_p2          |     |        | xor_ln170_14         | xor       | auto                     | 0       |
|    xor_ln170_16_fu_17723_p2          |     |        | xor_ln170_16         | xor       | auto                     | 0       |
|    xor_ln170_15_fu_17729_p2          |     |        | xor_ln170_15         | xor       | auto                     | 0       |
|    or_ln170_7_fu_17735_p2            |     |        | or_ln170_7           | or        | auto                     | 0       |
|    and_ln170_12_fu_17741_p2          |     |        | and_ln170_12         | and       | auto                     | 0       |
|    and_ln170_13_fu_17747_p2          |     |        | and_ln170_13         | and       | auto                     | 0       |
|    or_ln170_14_fu_17753_p2           |     |        | or_ln170_14          | or        | auto                     | 0       |
|    xor_ln170_17_fu_17759_p2          |     |        | xor_ln170_17         | xor       | auto                     | 0       |
|    and_ln170_14_fu_17765_p2          |     |        | and_ln170_14         | and       | auto                     | 0       |
|    select_ln170_4_fu_17777_p3        |     |        | select_ln170_4       | select    | auto_sel                 | 0       |
|    or_ln170_8_fu_17771_p2            |     |        | or_ln170_8           | or        | auto                     | 0       |
|    y_8_fu_17784_p3                   |     |        | y_8                  | select    | auto_sel                 | 0       |
|    icmp_ln171_8_fu_17820_p2          |     |        | icmp_ln171_8         | setne     | auto                     | 0       |
|    or_ln171_6_fu_17842_p2            |     |        | or_ln171_6           | or        | auto                     | 0       |
|    and_ln171_16_fu_17848_p2          |     |        | and_ln171_16         | and       | auto                     | 0       |
|    add_ln171_2_fu_17858_p2           |     |        | add_ln171_2          | add       | fabric                   | 0       |
|    xor_ln171_10_fu_17872_p2          |     |        | xor_ln171_10         | xor       | auto                     | 0       |
|    and_ln171_17_fu_17878_p2          |     |        | and_ln171_17         | and       | auto                     | 0       |
|    icmp_ln171_9_fu_17900_p2          |     |        | icmp_ln171_9         | seteq     | auto                     | 0       |
|    icmp_ln171_10_fu_17914_p2         |     |        | icmp_ln171_10        | seteq     | auto                     | 0       |
|    icmp_ln171_11_fu_17920_p2         |     |        | icmp_ln171_11        | seteq     | auto                     | 0       |
|    select_ln171_6_fu_17926_p3        |     |        | select_ln171_6       | select    | auto_sel                 | 0       |
|    xor_ln171_11_fu_17934_p2          |     |        | xor_ln171_11         | xor       | auto                     | 0       |
|    and_ln171_18_fu_17940_p2          |     |        | and_ln171_18         | and       | auto                     | 0       |
|    select_ln171_7_fu_17946_p3        |     |        | select_ln171_7       | select    | auto_sel                 | 0       |
|    and_ln171_19_fu_17954_p2          |     |        | and_ln171_19         | and       | auto                     | 0       |
|    xor_ln171_12_fu_17960_p2          |     |        | xor_ln171_12         | xor       | auto                     | 0       |
|    or_ln171_7_fu_17966_p2            |     |        | or_ln171_7           | or        | auto                     | 0       |
|    xor_ln171_13_fu_17972_p2          |     |        | xor_ln171_13         | xor       | auto                     | 0       |
|    and_ln171_20_fu_17978_p2          |     |        | and_ln171_20         | and       | auto                     | 0       |
|    and_ln171_21_fu_17984_p2          |     |        | and_ln171_21         | and       | auto                     | 0       |
|    or_ln171_11_fu_17990_p2           |     |        | or_ln171_11          | or        | auto                     | 0       |
|    xor_ln171_14_fu_17996_p2          |     |        | xor_ln171_14         | xor       | auto                     | 0       |
|    and_ln171_22_fu_18002_p2          |     |        | and_ln171_22         | and       | auto                     | 0       |
|    or_ln171_8_fu_18008_p2            |     |        | or_ln171_8           | or        | auto                     | 0       |
|    mag_2_fu_18039_p4                 |     |        | select_ln171_8       | select    | auto_sel                 | 0       |
|    xor_ln153_2_fu_18014_p2           |     |        | xor_ln153_2          | xor       | auto                     | 0       |
|    and_ln171_23_fu_18019_p2          |     |        | and_ln171_23         | and       | auto                     | 0       |
|    sparsemux_7_2_12_1_1_U22          |     |        | mag_2                | sparsemux | onehotencoding_realdef   | 0       |
|    sub_ln173_2_fu_18061_p2           |     |        | sub_ln173_2          | sub       | fabric                   | 0       |
|    xor_ln173_4_fu_18087_p2           |     |        | xor_ln173_4          | xor       | auto                     | 0       |
|    and_ln173_2_fu_18093_p2           |     |        | and_ln173_2          | and       | auto                     | 0       |
|    xor_ln173_5_fu_18099_p2           |     |        | xor_ln173_5          | xor       | auto                     | 0       |
|    nn_1_fu_18125_p2                  |     |        | select_ln173_2       | select    | auto_sel                 | 0       |
|    and_ln173_5_fu_18113_p2           |     |        | and_ln173_5          | and       | auto                     | 0       |
|    sparsemux_7_2_12_1_1_U23          |     |        | nn_1                 | sparsemux | onehotencoding_realdef   | 0       |
|    select_ln183_2_fu_18311_p3        |     |        | select_ln183_2       | select    | auto_sel                 | 0       |
|    select_ln183_3_fu_18319_p3        |     |        | select_ln183_3       | select    | auto_sel                 | 0       |
|    sparsemux_81_6_12_1_1_U14         |     |        | tmp_311              | sparsemux | compactencoding_dontcare | 0       |
|    sub_ln324_fu_18342_p2             |     |        | sub_ln324            | sub       | fabric                   | 0       |
|    mul_23s_22s_45_1_1_U12            | 2   |        | mul_ln324            | mul       | auto                     | 0       |
|    add_ln324_fu_18375_p2             |     |        | add_ln324            | add       | fabric                   | 0       |
|    and_ln324_fu_18417_p2             |     |        | and_ln324            | and       | auto                     | 0       |
|    state_update_1_fu_18427_p2        |     |        | state_update_1       | add       | fabric                   | 0       |
|    xor_ln324_fu_18445_p2             |     |        | xor_ln324            | xor       | auto                     | 0       |
|    and_ln324_1_fu_18451_p2           |     |        | and_ln324_1          | and       | auto                     | 0       |
|    xor_ln324_1_fu_18457_p2           |     |        | xor_ln324_1          | xor       | auto                     | 0       |
|    or_ln324_2_fu_18463_p2            |     |        | or_ln324_2           | or        | auto                     | 0       |
|    xor_ln324_2_fu_18469_p2           |     |        | xor_ln324_2          | xor       | auto                     | 0       |
|    xor_ln324_4_fu_18493_p2           |     |        | xor_ln324_4          | xor       | auto                     | 0       |
|    xor_ln324_3_fu_18475_p2           |     |        | xor_ln324_3          | xor       | auto                     | 0       |
|    or_ln324_fu_18481_p2              |     |        | or_ln324             | or        | auto                     | 0       |
|    and_ln324_2_fu_18487_p2           |     |        | and_ln324_2          | and       | auto                     | 0       |
|    and_ln324_3_fu_18497_p2           |     |        | and_ln324_3          | and       | auto                     | 0       |
|    or_ln324_3_fu_18502_p2            |     |        | or_ln324_3           | or        | auto                     | 0       |
|    xor_ln324_5_fu_18507_p2           |     |        | xor_ln324_5          | xor       | auto                     | 0       |
|    and_ln324_4_fu_18513_p2           |     |        | and_ln324_4          | and       | auto                     | 0       |
|    select_ln324_fu_18518_p3          |     |        | select_ln324         | select    | auto_sel                 | 0       |
|    or_ln324_1_fu_18525_p2            |     |        | or_ln324_1           | or        | auto                     | 0       |
|    state_update_2_fu_18530_p3        |     |        | state_update_2       | select    | auto_sel                 | 0       |
|    icmp_ln326_fu_18567_p2            |     |        | icmp_ln326           | setne     | auto                     | 0       |
|    or_ln326_fu_18589_p2              |     |        | or_ln326             | or        | auto                     | 0       |
|    and_ln326_fu_18595_p2             |     |        | and_ln326            | and       | auto                     | 0       |
|    add_ln326_fu_18605_p2             |     |        | add_ln326            | add       | fabric                   | 0       |
|    xor_ln326_fu_18619_p2             |     |        | xor_ln326            | xor       | auto                     | 0       |
|    and_ln326_1_fu_18625_p2           |     |        | and_ln326_1          | and       | auto                     | 0       |
|    icmp_ln326_1_fu_18647_p2          |     |        | icmp_ln326_1         | seteq     | auto                     | 0       |
|    icmp_ln326_2_fu_18661_p2          |     |        | icmp_ln326_2         | seteq     | auto                     | 0       |
|    icmp_ln326_3_fu_18667_p2          |     |        | icmp_ln326_3         | seteq     | auto                     | 0       |
|    select_ln326_fu_18673_p3          |     |        | select_ln326         | select    | auto_sel                 | 0       |
|    xor_ln326_1_fu_18681_p2           |     |        | xor_ln326_1          | xor       | auto                     | 0       |
|    and_ln326_2_fu_18687_p2           |     |        | and_ln326_2          | and       | auto                     | 0       |
|    select_ln326_1_fu_18693_p3        |     |        | select_ln326_1       | select    | auto_sel                 | 0       |
|    and_ln326_3_fu_18731_p2           |     |        | and_ln326_3          | and       | auto                     | 0       |
|    xor_ln326_2_fu_18701_p2           |     |        | xor_ln326_2          | xor       | auto                     | 0       |
|    or_ln326_1_fu_18707_p2            |     |        | or_ln326_1           | or        | auto                     | 0       |
|    xor_ln326_3_fu_18713_p2           |     |        | xor_ln326_3          | xor       | auto                     | 0       |
|    and_ln326_4_fu_18719_p2           |     |        | and_ln326_4          | and       | auto                     | 0       |
|    and_ln326_5_fu_18725_p2           |     |        | and_ln326_5          | and       | auto                     | 0       |
|    or_ln326_3_fu_18735_p2            |     |        | or_ln326_3           | or        | auto                     | 0       |
|    xor_ln326_4_fu_18740_p2           |     |        | xor_ln326_4          | xor       | auto                     | 0       |
|    and_ln326_6_fu_18746_p2           |     |        | and_ln326_6          | and       | auto                     | 0       |
|    select_ln326_2_fu_18751_p3        |     |        | select_ln326_2       | select    | auto_sel                 | 0       |
|    or_ln326_2_fu_18758_p2            |     |        | or_ln326_2           | or        | auto                     | 0       |
|    h_new_fu_18763_p3                 |     |        | h_new                | select    | auto_sel                 | 0       |
|    mul_7s_12s_17_1_1_U24             | 1   |        | mul_ln331            | mul       | auto                     | 0       |
|    add_ln331_1_fu_19044_p2           |     |        | add_ln331_1          | add       | fabric                   | 0       |
|    add_ln331_fu_19050_p2             |     |        | add_ln331            | add       | fabric                   | 0       |
|    xor_ln331_fu_19076_p2             |     |        | xor_ln331            | xor       | auto                     | 0       |
|    and_ln331_fu_19082_p2             |     |        | and_ln331            | and       | auto                     | 0       |
|    xor_ln331_1_fu_19088_p2           |     |        | xor_ln331_1          | xor       | auto                     | 0       |
|    select_ln331_fu_19094_p3          |     |        | select_ln331         | select    | auto_sel                 | 0       |
|    y_acc_2_fu_19102_p3               |     |        | y_acc_2              | select    | auto_sel                 | 0       |
|   + mac3 (grp_mac3_fu_2724)          | 3   |        |                      |           |                          |         |
|     mul_12s_12s_23_1_1_U1            | 1   |        | mul_ln72             | mul       | auto                     | 0       |
|     mul_12s_12s_23_1_1_U2            | 1   |        | mul_ln73             | mul       | auto                     | 0       |
|     mul_12s_12s_21_1_1_U3            | 1   |        | mul_ln74             | mul       | auto                     | 0       |
|   + mac3 (grp_mac3_fu_2716)          | 3   |        |                      |           |                          |         |
|     mul_12s_12s_23_1_1_U1            | 1   |        | mul_ln72             | mul       | auto                     | 0       |
|     mul_12s_12s_23_1_1_U2            | 1   |        | mul_ln73             | mul       | auto                     | 0       |
|     mul_12s_12s_21_1_1_U3            | 1   |        | mul_ln74             | mul       | auto                     | 0       |
|   + mac3 (grp_mac3_fu_2727)          | 3   |        |                      |           |                          |         |
|     mul_12s_12s_23_1_1_U1            | 1   |        | mul_ln72             | mul       | auto                     | 0       |
|     mul_12s_12s_23_1_1_U2            | 1   |        | mul_ln73             | mul       | auto                     | 0       |
|     mul_12s_12s_21_1_1_U3            | 1   |        | mul_ln74             | mul       | auto                     | 0       |
|   + mac3 (grp_mac3_fu_2721)          | 3   |        |                      |           |                          |         |
|     mul_12s_12s_23_1_1_U1            | 1   |        | mul_ln72             | mul       | auto                     | 0       |
|     mul_12s_12s_23_1_1_U2            | 1   |        | mul_ln73             | mul       | auto                     | 0       |
|     mul_12s_12s_21_1_1_U3            | 1   |        | mul_ln74             | mul       | auto                     | 0       |
|   + mac3 (grp_mac3_fu_2729)          | 3   |        |                      |           |                          |         |
|     mul_12s_12s_23_1_1_U1            | 1   |        | mul_ln72             | mul       | auto                     | 0       |
|     mul_12s_12s_23_1_1_U2            | 1   |        | mul_ln73             | mul       | auto                     | 0       |
|     mul_12s_12s_21_1_1_U3            | 1   |        | mul_ln74             | mul       | auto                     | 0       |
|   + mac3 (grp_mac3_fu_2725)          | 3   |        |                      |           |                          |         |
|     mul_12s_12s_23_1_1_U1            | 1   |        | mul_ln72             | mul       | auto                     | 0       |
|     mul_12s_12s_23_1_1_U2            | 1   |        | mul_ln73             | mul       | auto                     | 0       |
|     mul_12s_12s_21_1_1_U3            | 1   |        | mul_ln74             | mul       | auto                     | 0       |
|   + mac3 (grp_mac3_fu_2730)          | 3   |        |                      |           |                          |         |
|     mul_12s_12s_23_1_1_U1            | 1   |        | mul_ln72             | mul       | auto                     | 0       |
|     mul_12s_12s_23_1_1_U2            | 1   |        | mul_ln73             | mul       | auto                     | 0       |
|     mul_12s_12s_21_1_1_U3            | 1   |        | mul_ln74             | mul       | auto                     | 0       |
|   + mac3 (grp_mac3_fu_2718)          | 3   |        |                      |           |                          |         |
|     mul_12s_12s_23_1_1_U1            | 1   |        | mul_ln72             | mul       | auto                     | 0       |
|     mul_12s_12s_23_1_1_U2            | 1   |        | mul_ln73             | mul       | auto                     | 0       |
|     mul_12s_12s_21_1_1_U3            | 1   |        | mul_ln74             | mul       | auto                     | 0       |
|   + mac3 (grp_mac3_fu_2719)          | 3   |        |                      |           |                          |         |
|     mul_12s_12s_23_1_1_U1            | 1   |        | mul_ln72             | mul       | auto                     | 0       |
|     mul_12s_12s_23_1_1_U2            | 1   |        | mul_ln73             | mul       | auto                     | 0       |
|     mul_12s_12s_21_1_1_U3            | 1   |        | mul_ln74             | mul       | auto                     | 0       |
|   + mac3 (grp_mac3_fu_2726)          | 3   |        |                      |           |                          |         |
|     mul_12s_12s_23_1_1_U1            | 1   |        | mul_ln72             | mul       | auto                     | 0       |
|     mul_12s_12s_23_1_1_U2            | 1   |        | mul_ln73             | mul       | auto                     | 0       |
|     mul_12s_12s_21_1_1_U3            | 1   |        | mul_ln74             | mul       | auto                     | 0       |
|   + mac3 (grp_mac3_fu_2714)          | 3   |        |                      |           |                          |         |
|     mul_12s_12s_23_1_1_U1            | 1   |        | mul_ln72             | mul       | auto                     | 0       |
|     mul_12s_12s_23_1_1_U2            | 1   |        | mul_ln73             | mul       | auto                     | 0       |
|     mul_12s_12s_21_1_1_U3            | 1   |        | mul_ln74             | mul       | auto                     | 0       |
|   + mac3 (grp_mac3_fu_2715)          | 3   |        |                      |           |                          |         |
|     mul_12s_12s_23_1_1_U1            | 1   |        | mul_ln72             | mul       | auto                     | 0       |
|     mul_12s_12s_23_1_1_U2            | 1   |        | mul_ln73             | mul       | auto                     | 0       |
|     mul_12s_12s_21_1_1_U3            | 1   |        | mul_ln74             | mul       | auto                     | 0       |
|   + mac3 (grp_mac3_fu_2717)          | 3   |        |                      |           |                          |         |
|     mul_12s_12s_23_1_1_U1            | 1   |        | mul_ln72             | mul       | auto                     | 0       |
|     mul_12s_12s_23_1_1_U2            | 1   |        | mul_ln73             | mul       | auto                     | 0       |
|     mul_12s_12s_21_1_1_U3            | 1   |        | mul_ln74             | mul       | auto                     | 0       |
|   + mac3 (grp_mac3_fu_2712)          | 3   |        |                      |           |                          |         |
|     mul_12s_12s_23_1_1_U1            | 1   |        | mul_ln72             | mul       | auto                     | 0       |
|     mul_12s_12s_23_1_1_U2            | 1   |        | mul_ln73             | mul       | auto                     | 0       |
|     mul_12s_12s_21_1_1_U3            | 1   |        | mul_ln74             | mul       | auto                     | 0       |
|   + mac3 (grp_mac3_fu_2713)          | 3   |        |                      |           |                          |         |
|     mul_12s_12s_23_1_1_U1            | 1   |        | mul_ln72             | mul       | auto                     | 0       |
|     mul_12s_12s_23_1_1_U2            | 1   |        | mul_ln73             | mul       | auto                     | 0       |
|     mul_12s_12s_21_1_1_U3            | 1   |        | mul_ln74             | mul       | auto                     | 0       |
|   + mac3 (grp_mac3_fu_2722)          | 3   |        |                      |           |                          |         |
|     mul_12s_12s_23_1_1_U1            | 1   |        | mul_ln72             | mul       | auto                     | 0       |
|     mul_12s_12s_23_1_1_U2            | 1   |        | mul_ln73             | mul       | auto                     | 0       |
|     mul_12s_12s_21_1_1_U3            | 1   |        | mul_ln74             | mul       | auto                     | 0       |
|   + mac3 (grp_mac3_fu_2720)          | 3   |        |                      |           |                          |         |
|     mul_12s_12s_23_1_1_U1            | 1   |        | mul_ln72             | mul       | auto                     | 0       |
|     mul_12s_12s_23_1_1_U2            | 1   |        | mul_ln73             | mul       | auto                     | 0       |
|     mul_12s_12s_21_1_1_U3            | 1   |        | mul_ln74             | mul       | auto                     | 0       |
|   + mac3 (grp_mac3_fu_2723)          | 3   |        |                      |           |                          |         |
|     mul_12s_12s_23_1_1_U1            | 1   |        | mul_ln72             | mul       | auto                     | 0       |
|     mul_12s_12s_23_1_1_U2            | 1   |        | mul_ln73             | mul       | auto                     | 0       |
|     mul_12s_12s_21_1_1_U3            | 1   |        | mul_ln74             | mul       | auto                     | 0       |
|   + mac3 (grp_mac3_fu_2728)          | 3   |        |                      |           |                          |         |
|     mul_12s_12s_23_1_1_U1            | 1   |        | mul_ln72             | mul       | auto                     | 0       |
|     mul_12s_12s_23_1_1_U2            | 1   |        | mul_ln73             | mul       | auto                     | 0       |
|     mul_12s_12s_21_1_1_U3            | 1   |        | mul_ln74             | mul       | auto                     | 0       |
|   + mac3 (grp_mac3_fu_2731)          | 3   |        |                      |           |                          |         |
|     mul_12s_12s_23_1_1_U1            | 1   |        | mul_ln72             | mul       | auto                     | 0       |
|     mul_12s_12s_23_1_1_U2            | 1   |        | mul_ln73             | mul       | auto                     | 0       |
|     mul_12s_12s_21_1_1_U3            | 1   |        | mul_ln74             | mul       | auto                     | 0       |
+--------------------------------------+-----+--------+----------------------+-----------+--------------------------+---------+


================================================================
== Storage Report
================================================================
+--------------------------------+-----------+-----------+------+------+--------+------------+------+---------+------------------+
| Name                           | Usage     | Type      | BRAM | URAM | Pragma | Variable   | Impl | Latency | Bitwidth, Depth, |
|                                |           |           |      |      |        |            |      |         | Banks            |
+--------------------------------+-----------+-----------+------+------+--------+------------+------+---------+------------------+
| + gru_va                       |           |           | 4    | 0    |        |            |      |         |                  |
|   CTRL_s_axi_U                 | interface | s_axilite |      |      |        |            |      |         |                  |
|  + gru_va_Pipeline_HIDDEN_LOOP |           |           | 4    | 0    |        |            |      |         |                  |
|    w_out_U                     | rom_1p    |           |      |      |        | w_out      | auto | 1       | 7, 40, 1         |
|    U_r_0_U                     | rom_1p    |           |      |      |        | U_r_0      | auto | 1       | 10, 40, 1        |
|    U_z_0_U                     | rom_1p    |           |      |      |        | U_z_0      | auto | 1       | 11, 40, 1        |
|    U_n_0_U                     | rom_1p    |           |      |      |        | U_n_0      | auto | 1       | 8, 40, 1         |
|    U_r_1_U                     | rom_1p    |           |      |      |        | U_r_1      | auto | 1       | 10, 40, 1        |
|    U_z_1_U                     | rom_1p    |           |      |      |        | U_z_1      | auto | 1       | 11, 40, 1        |
|    U_n_1_U                     | rom_1p    |           |      |      |        | U_n_1      | auto | 1       | 7, 40, 1         |
|    U_r_2_U                     | rom_1p    |           |      |      |        | U_r_2      | auto | 1       | 9, 40, 1         |
|    U_z_2_U                     | rom_1p    |           |      |      |        | U_z_2      | auto | 1       | 11, 40, 1        |
|    U_n_2_U                     | rom_1p    |           |      |      |        | U_n_2      | auto | 1       | 9, 40, 1         |
|    U_r_3_U                     | rom_1p    |           |      |      |        | U_r_3      | auto | 1       | 10, 40, 1        |
|    U_z_3_U                     | rom_1p    |           |      |      |        | U_z_3      | auto | 1       | 10, 40, 1        |
|    U_n_3_U                     | rom_1p    |           |      |      |        | U_n_3      | auto | 1       | 9, 40, 1         |
|    U_r_4_U                     | rom_1p    |           |      |      |        | U_r_4      | auto | 1       | 9, 40, 1         |
|    U_z_4_U                     | rom_1p    |           |      |      |        | U_z_4      | auto | 1       | 10, 40, 1        |
|    U_n_4_U                     | rom_1p    |           |      |      |        | U_n_4      | auto | 1       | 8, 40, 1         |
|    U_r_5_U                     | rom_1p    |           |      |      |        | U_r_5      | auto | 1       | 9, 40, 1         |
|    U_z_5_U                     | rom_1p    |           |      |      |        | U_z_5      | auto | 1       | 10, 40, 1        |
|    U_n_5_U                     | rom_1p    |           |      |      |        | U_n_5      | auto | 1       | 7, 40, 1         |
|    U_r_6_U                     | rom_1p    |           |      |      |        | U_r_6      | auto | 1       | 10, 40, 1        |
|    U_z_6_U                     | rom_1p    |           |      |      |        | U_z_6      | auto | 1       | 10, 40, 1        |
|    U_n_6_U                     | rom_1p    |           |      |      |        | U_n_6      | auto | 1       | 8, 40, 1         |
|    U_r_7_U                     | rom_1p    |           |      |      |        | U_r_7      | auto | 1       | 8, 40, 1         |
|    U_z_7_U                     | rom_1p    |           |      |      |        | U_z_7      | auto | 1       | 9, 40, 1         |
|    U_n_7_U                     | rom_1p    |           |      |      |        | U_n_7      | auto | 1       | 7, 40, 1         |
|    U_r_8_U                     | rom_1p    |           |      |      |        | U_r_8      | auto | 1       | 9, 40, 1         |
|    U_z_8_U                     | rom_1p    |           |      |      |        | U_z_8      | auto | 1       | 11, 40, 1        |
|    U_n_8_U                     | rom_1p    |           |      |      |        | U_n_8      | auto | 1       | 8, 40, 1         |
|    U_r_9_U                     | rom_1p    |           |      |      |        | U_r_9      | auto | 1       | 9, 40, 1         |
|    U_z_9_U                     | rom_1p    |           |      |      |        | U_z_9      | auto | 1       | 11, 40, 1        |
|    U_n_9_U                     | rom_1p    |           |      |      |        | U_n_9      | auto | 1       | 8, 40, 1         |
|    U_r_10_U                    | rom_1p    |           |      |      |        | U_r_10     | auto | 1       | 10, 40, 1        |
|    U_z_10_U                    | rom_1p    |           |      |      |        | U_z_10     | auto | 1       | 10, 40, 1        |
|    U_n_10_U                    | rom_1p    |           |      |      |        | U_n_10     | auto | 1       | 9, 40, 1         |
|    U_r_11_U                    | rom_1p    |           |      |      |        | U_r_11     | auto | 1       | 8, 40, 1         |
|    U_z_11_U                    | rom_1p    |           |      |      |        | U_z_11     | auto | 1       | 10, 40, 1        |
|    U_n_11_U                    | rom_1p    |           |      |      |        | U_n_11     | auto | 1       | 7, 40, 1         |
|    U_r_12_U                    | rom_1p    |           |      |      |        | U_r_12     | auto | 1       | 11, 40, 1        |
|    U_z_12_U                    | rom_1p    |           |      |      |        | U_z_12     | auto | 1       | 11, 40, 1        |
|    U_n_12_U                    | rom_1p    |           |      |      |        | U_n_12     | auto | 1       | 9, 40, 1         |
|    U_r_13_U                    | rom_1p    |           |      |      |        | U_r_13     | auto | 1       | 9, 40, 1         |
|    U_z_13_U                    | rom_1p    |           |      |      |        | U_z_13     | auto | 1       | 10, 40, 1        |
|    U_n_13_U                    | rom_1p    |           |      |      |        | U_n_13     | auto | 1       | 7, 40, 1         |
|    U_r_14_U                    | rom_1p    |           |      |      |        | U_r_14     | auto | 1       | 8, 40, 1         |
|    U_z_14_U                    | rom_1p    |           |      |      |        | U_z_14     | auto | 1       | 10, 40, 1        |
|    U_n_14_U                    | rom_1p    |           |      |      |        | U_n_14     | auto | 1       | 7, 40, 1         |
|    U_r_15_U                    | rom_1p    |           |      |      |        | U_r_15     | auto | 1       | 8, 40, 1         |
|    U_z_15_U                    | rom_1p    |           |      |      |        | U_z_15     | auto | 1       | 10, 40, 1        |
|    U_n_15_U                    | rom_1p    |           |      |      |        | U_n_15     | auto | 1       | 7, 40, 1         |
|    U_r_16_U                    | rom_1p    |           |      |      |        | U_r_16     | auto | 1       | 9, 40, 1         |
|    U_z_16_U                    | rom_1p    |           |      |      |        | U_z_16     | auto | 1       | 11, 40, 1        |
|    U_n_16_U                    | rom_1p    |           |      |      |        | U_n_16     | auto | 1       | 8, 40, 1         |
|    U_r_17_U                    | rom_1p    |           |      |      |        | U_r_17     | auto | 1       | 9, 40, 1         |
|    U_z_17_U                    | rom_1p    |           |      |      |        | U_z_17     | auto | 1       | 10, 40, 1        |
|    U_n_17_U                    | rom_1p    |           |      |      |        | U_n_17     | auto | 1       | 9, 40, 1         |
|    U_r_18_U                    | rom_1p    |           |      |      |        | U_r_18     | auto | 1       | 9, 40, 1         |
|    U_z_18_U                    | rom_1p    |           |      |      |        | U_z_18     | auto | 1       | 10, 40, 1        |
|    U_n_18_U                    | rom_1p    |           |      |      |        | U_n_18     | auto | 1       | 8, 40, 1         |
|    U_r_19_U                    | rom_1p    |           |      |      |        | U_r_19     | auto | 1       | 8, 40, 1         |
|    U_z_19_U                    | rom_1p    |           |      |      |        | U_z_19     | auto | 1       | 10, 40, 1        |
|    U_n_19_U                    | rom_1p    |           |      |      |        | U_n_19     | auto | 1       | 8, 40, 1         |
|    U_r_20_U                    | rom_1p    |           |      |      |        | U_r_20     | auto | 1       | 10, 40, 1        |
|    U_z_20_U                    | rom_1p    |           |      |      |        | U_z_20     | auto | 1       | 10, 40, 1        |
|    U_n_20_U                    | rom_1p    |           |      |      |        | U_n_20     | auto | 1       | 8, 40, 1         |
|    U_r_21_U                    | rom_1p    |           |      |      |        | U_r_21     | auto | 1       | 10, 40, 1        |
|    U_z_21_U                    | rom_1p    |           |      |      |        | U_z_21     | auto | 1       | 12, 40, 1        |
|    U_n_21_U                    | rom_1p    |           |      |      |        | U_n_21     | auto | 1       | 8, 40, 1         |
|    U_r_22_U                    | rom_1p    |           |      |      |        | U_r_22     | auto | 1       | 9, 40, 1         |
|    U_z_22_U                    | rom_1p    |           |      |      |        | U_z_22     | auto | 1       | 10, 40, 1        |
|    U_n_22_U                    | rom_1p    |           |      |      |        | U_n_22     | auto | 1       | 7, 40, 1         |
|    U_r_23_U                    | rom_1p    |           |      |      |        | U_r_23     | auto | 1       | 10, 40, 1        |
|    U_z_23_U                    | rom_1p    |           |      |      |        | U_z_23     | auto | 1       | 11, 40, 1        |
|    U_n_23_U                    | rom_1p    |           |      |      |        | U_n_23     | auto | 1       | 8, 40, 1         |
|    U_r_24_U                    | rom_1p    |           |      |      |        | U_r_24     | auto | 1       | 8, 40, 1         |
|    U_z_24_U                    | rom_1p    |           |      |      |        | U_z_24     | auto | 1       | 10, 40, 1        |
|    U_n_24_U                    | rom_1p    |           |      |      |        | U_n_24     | auto | 1       | 8, 40, 1         |
|    U_r_25_U                    | rom_1p    |           |      |      |        | U_r_25     | auto | 1       | 8, 40, 1         |
|    U_z_25_U                    | rom_1p    |           |      |      |        | U_z_25     | auto | 1       | 9, 40, 1         |
|    U_n_25_U                    | rom_1p    |           |      |      |        | U_n_25     | auto | 1       | 8, 40, 1         |
|    U_r_26_U                    | rom_1p    |           |      |      |        | U_r_26     | auto | 1       | 9, 40, 1         |
|    U_z_26_U                    | rom_1p    |           |      |      |        | U_z_26     | auto | 1       | 10, 40, 1        |
|    U_n_26_U                    | rom_1p    |           |      |      |        | U_n_26     | auto | 1       | 7, 40, 1         |
|    U_r_27_U                    | rom_1p    |           |      |      |        | U_r_27     | auto | 1       | 9, 40, 1         |
|    U_z_27_U                    | rom_1p    |           |      |      |        | U_z_27     | auto | 1       | 10, 40, 1        |
|    U_n_27_U                    | rom_1p    |           |      |      |        | U_n_27     | auto | 1       | 7, 40, 1         |
|    U_r_28_U                    | rom_1p    |           |      |      |        | U_r_28     | auto | 1       | 9, 40, 1         |
|    U_z_28_U                    | rom_1p    |           |      |      |        | U_z_28     | auto | 1       | 11, 40, 1        |
|    U_n_28_U                    | rom_1p    |           |      |      |        | U_n_28     | auto | 1       | 7, 40, 1         |
|    U_r_29_U                    | rom_1p    |           |      |      |        | U_r_29     | auto | 1       | 9, 40, 1         |
|    U_z_29_U                    | rom_1p    |           |      |      |        | U_z_29     | auto | 1       | 10, 40, 1        |
|    U_n_29_U                    | rom_1p    |           |      |      |        | U_n_29     | auto | 1       | 8, 40, 1         |
|    U_r_30_U                    | rom_1p    |           |      |      |        | U_r_30     | auto | 1       | 9, 40, 1         |
|    U_z_30_U                    | rom_1p    |           |      |      |        | U_z_30     | auto | 1       | 10, 40, 1        |
|    U_n_30_U                    | rom_1p    |           |      |      |        | U_n_30     | auto | 1       | 7, 40, 1         |
|    U_r_31_U                    | rom_1p    |           |      |      |        | U_r_31     | auto | 1       | 8, 40, 1         |
|    U_z_31_U                    | rom_1p    |           |      |      |        | U_z_31     | auto | 1       | 9, 40, 1         |
|    U_n_31_U                    | rom_1p    |           |      |      |        | U_n_31     | auto | 1       | 7, 40, 1         |
|    U_r_32_U                    | rom_1p    |           |      |      |        | U_r_32     | auto | 1       | 10, 40, 1        |
|    U_z_32_U                    | rom_1p    |           |      |      |        | U_z_32     | auto | 1       | 10, 40, 1        |
|    U_n_32_U                    | rom_1p    |           |      |      |        | U_n_32     | auto | 1       | 7, 40, 1         |
|    U_r_33_U                    | rom_1p    |           |      |      |        | U_r_33     | auto | 1       | 9, 40, 1         |
|    U_z_33_U                    | rom_1p    |           |      |      |        | U_z_33     | auto | 1       | 10, 40, 1        |
|    U_n_33_U                    | rom_1p    |           |      |      |        | U_n_33     | auto | 1       | 9, 40, 1         |
|    U_r_34_U                    | rom_1p    |           |      |      |        | U_r_34     | auto | 1       | 12, 40, 1        |
|    U_z_34_U                    | rom_1p    |           |      |      |        | U_z_34     | auto | 1       | 12, 40, 1        |
|    U_n_34_U                    | rom_1p    |           |      |      |        | U_n_34     | auto | 1       | 10, 40, 1        |
|    U_r_35_U                    | rom_1p    |           |      |      |        | U_r_35     | auto | 1       | 10, 40, 1        |
|    U_z_35_U                    | rom_1p    |           |      |      |        | U_z_35     | auto | 1       | 10, 40, 1        |
|    U_n_35_U                    | rom_1p    |           |      |      |        | U_n_35     | auto | 1       | 8, 40, 1         |
|    U_r_36_U                    | rom_1p    |           |      |      |        | U_r_36     | auto | 1       | 11, 40, 1        |
|    U_z_36_U                    | rom_1p    |           |      |      |        | U_z_36     | auto | 1       | 11, 40, 1        |
|    U_n_36_U                    | rom_1p    |           |      |      |        | U_n_36     | auto | 1       | 9, 40, 1         |
|    U_r_37_U                    | rom_1p    |           |      |      |        | U_r_37     | auto | 1       | 10, 40, 1        |
|    U_z_37_U                    | rom_1p    |           |      |      |        | U_z_37     | auto | 1       | 9, 40, 1         |
|    U_n_37_U                    | rom_1p    |           |      |      |        | U_n_37     | auto | 1       | 7, 40, 1         |
|    U_r_38_U                    | rom_1p    |           |      |      |        | U_r_38     | auto | 1       | 9, 40, 1         |
|    U_z_38_U                    | rom_1p    |           |      |      |        | U_z_38     | auto | 1       | 10, 40, 1        |
|    U_n_38_U                    | rom_1p    |           |      |      |        | U_n_38     | auto | 1       | 8, 40, 1         |
|    U_r_39_U                    | rom_1p    |           |      |      |        | U_r_39     | auto | 1       | 8, 40, 1         |
|    U_z_39_U                    | rom_1p    |           |      |      |        | U_z_39     | auto | 1       | 10, 40, 1        |
|    U_n_39_U                    | rom_1p    |           |      |      |        | U_n_39     | auto | 1       | 7, 40, 1         |
|    b_ir_U                      | rom_1p    |           |      |      |        | b_ir       | auto | 1       | 7, 40, 1         |
|    b_hr_U                      | rom_1p    |           |      |      |        | b_hr       | auto | 1       | 7, 40, 1         |
|    W_r_U                       | rom_1p    |           |      |      |        | W_r        | auto | 1       | 10, 40, 1        |
|    b_iz_U                      | rom_1p    |           |      |      |        | b_iz       | auto | 1       | 9, 40, 1         |
|    b_hz_U                      | rom_1p    |           |      |      |        | b_hz       | auto | 1       | 9, 40, 1         |
|    W_z_U                       | rom_1p    |           |      |      |        | W_z        | auto | 1       | 11, 40, 1        |
|    W_n_U                       | rom_1p    |           |      |      |        | W_n        | auto | 1       | 10, 40, 1        |
|    b_in_U                      | rom_1p    |           |      |      |        | b_in       | auto | 1       | 7, 40, 1         |
|    b_hn_U                      | rom_1p    |           |      |      |        | b_hn       | auto | 1       | 6, 40, 1         |
|    TANH_TABLE_U                | rom_np    |           | 4    |      |        | TANH_TABLE | auto | 1       | 11, 1025, 1      |
+--------------------------------+-----------+-----------+------+------+--------+------------+------+---------+------------------+


================================================================
== Pragma Report
================================================================
* Inferred Pragmas
+----------+---------+------------------------------------------------------------------------------------------------------------------------------------------------------------------------------------+-------------------------------+
| Type     | Options | Location                                                                                                                                                                           | Inferred From                 |
+----------+---------+------------------------------------------------------------------------------------------------------------------------------------------------------------------------------------+-------------------------------+
| PIPELINE |         | loop HIDDEN_LOOP (<HLS_SRC>/gt_mod/gru_va_col_fused_mac3.cpp:245:9) in gru_va (<HLS_SRC>/gt_mod/gru_va_col_fused_mac3.cpp:245) | syn.compile.pipeline_loops=64 |
+----------+---------+------------------------------------------------------------------------------------------------------------------------------------------------------------------------------------+-------------------------------+

* Valid Pragma Syntax
+-----------------+----------------------------------------------------------------------+---------------------------------------------------------------------------------------------+
| Type            | Options                                                              | Location                                                                                    |
+-----------------+----------------------------------------------------------------------+---------------------------------------------------------------------------------------------+
| INLINE          | OFF                                                                  | in mac3 (<HLS_SRC>/gt_mod/gru_va_col_fused_mac3.cpp:68)           |
| INLINE          |                                                                      | in hardsigmoid_fx (<HLS_SRC>/gt_mod/gru_va_col_fused_mac3.cpp:84) |
| INLINE          |                                                                      | in hardtanh_fx (<HLS_SRC>/gt_mod/gru_va_col_fused_mac3.cpp:100)   |
| INLINE          |                                                                      | in tanh_fx (<HLS_SRC>/gt_mod/gru_va_col_fused_mac3.cpp:148)       |
| INLINE          |                                                                      | in sigmoid_fx (<HLS_SRC>/gt_mod/gru_va_col_fused_mac3.cpp:180)    |
| INTERFACE       | axis port = audio_in                                                 | in gru_va (<HLS_SRC>/gt_mod/gru_va_col_fused_mac3.cpp:195)        |
| INTERFACE       | axis port = audio_out                                                | in gru_va (<HLS_SRC>/gt_mod/gru_va_col_fused_mac3.cpp:196)        |
| INTERFACE       | m_axi port = weights depth = N_WEIGHTS offset = slave bundle = gmem0 | in gru_va (<HLS_SRC>/gt_mod/gru_va_col_fused_mac3.cpp:197)        |
| INTERFACE       | s_axilite port = weights bundle = CTRL                               | in gru_va (<HLS_SRC>/gt_mod/gru_va_col_fused_mac3.cpp:198)        |
| INTERFACE       | s_axilite port = mode bundle = CTRL                                  | in gru_va (<HLS_SRC>/gt_mod/gru_va_col_fused_mac3.cpp:199)        |
| INTERFACE       | s_axilite port = n_samples bundle = CTRL                             | in gru_va (<HLS_SRC>/gt_mod/gru_va_col_fused_mac3.cpp:200)        |
| INTERFACE       | s_axilite port = reset_state bundle = CTRL                           | in gru_va (<HLS_SRC>/gt_mod/gru_va_col_fused_mac3.cpp:201)        |
| INTERFACE       | s_axilite port = return bundle = CTRL                                | in gru_va (<HLS_SRC>/gt_mod/gru_va_col_fused_mac3.cpp:202)        |
| ARRAY_PARTITION | variable = U_r type = cyclic factor = 40 dim = 2                     | in gru_va (<HLS_SRC>/gt_mod/gru_va_col_fused_mac3.cpp:205)        |
| ARRAY_PARTITION | variable = U_z type = cyclic factor = 40 dim = 2                     | in gru_va (<HLS_SRC>/gt_mod/gru_va_col_fused_mac3.cpp:206)        |
| ARRAY_PARTITION | variable = U_n type = cyclic factor = 40 dim = 2                     | in gru_va (<HLS_SRC>/gt_mod/gru_va_col_fused_mac3.cpp:207)        |
| ARRAY_PARTITION | variable = h_state type = complete                                   | in gru_va (<HLS_SRC>/gt_mod/gru_va_col_fused_mac3.cpp:208)        |
| UNROLL          |                                                                      | in gru_va (<HLS_SRC>/gt_mod/gru_va_col_fused_mac3.cpp:223)        |
| ARRAY_PARTITION | variable = h_new type = complete                                     | in gru_va (<HLS_SRC>/gt_mod/gru_va_col_fused_mac3.cpp:241)        |
| ALLOCATION      | function instances = mac3 limit = 20                                 | in gru_va (<HLS_SRC>/gt_mod/gru_va_col_fused_mac3.cpp:249)        |
| ARRAY_PARTITION | variable = acc_r complete                                            | in gru_va (<HLS_SRC>/gt_mod/gru_va_col_fused_mac3.cpp:257)        |
| ARRAY_PARTITION | variable = acc_z complete                                            | in gru_va (<HLS_SRC>/gt_mod/gru_va_col_fused_mac3.cpp:258)        |
| ARRAY_PARTITION | variable = acc_n complete                                            | in gru_va (<HLS_SRC>/gt_mod/gru_va_col_fused_mac3.cpp:259)        |
| PIPELINE        | II = 1                                                               | in gru_va (<HLS_SRC>/gt_mod/gru_va_col_fused_mac3.cpp:268)        |
| UNROLL          |                                                                      | in gru_va (<HLS_SRC>/gt_mod/gru_va_col_fused_mac3.cpp:273)        |
| UNROLL          |                                                                      | in gru_va (<HLS_SRC>/gt_mod/gru_va_col_fused_mac3.cpp:299)        |
| UNROLL          |                                                                      | in gru_va (<HLS_SRC>/gt_mod/gru_va_col_fused_mac3.cpp:341)        |
+-----------------+----------------------------------------------------------------------+---------------------------------------------------------------------------------------------+


