

================================================================
== Synthesis Summary Report of 'gru_va'
================================================================
+ General Information: 
    * Date:           Sat Aug  8 15:27:34 2026
    * Version:        2025.2 (Build 6295257 on Nov 14 2025)
    * Project:        b_rodent_mod
    * Solution:       sol_rodent_mod_w13 (Vivado IP Flow Target)
    * Product family: zynq
    * Target device:  xc7z020-clg400-1
    

* Performance & Resource Estimates: 
+---------------------------------+------+---------------------+----------+---------+------+----------+---------+-----------+------+--------+----------+-------------+-------------+-----+
|             Modules             | Issue|                     | Iteration|         | Trip |          |       Latency       |      |        |          |             |             |     |
|             & Loops             | Type |    Violation Type   |  Latency | Interval| Count| Pipelined| (cycles)|    (ns)   | Slack|  BRAM  |    DSP   |      FF     |     LUT     | URAM|
+---------------------------------+------+---------------------+----------+---------+------+----------+---------+-----------+------+--------+----------+-------------+-------------+-----+
|+ gru_va                         |     -|                    -|         -|        -|     -|        no|        -|          -|  0.06|  4 (1%)|  72 (32%)|  20172 (18%)|  32558 (61%)|    -|
| o SAMPLE_LOOP                   |     -|                    -|       143|        -|     -|        no|        -|          -|  7.30|       -|         -|            -|            -|    -|
|  + gru_va_Pipeline_HIDDEN_LOOP  |     -|                    -|         -|        -|     -|       yes|      129|  1.290e+03|  0.06|  4 (1%)|  72 (32%)|  17643 (16%)|  27716 (52%)|    -|
|   o HIDDEN_LOOP                 |    II|  Resource Limitation|        50|        2|    40|       yes|      127|  1.270e+03|  7.30|       -|         -|            -|            -|    -|
|    + mac3                       |     -|                    -|         -|        1|     -|       yes|        0|      0.000|  1.69|       -|    3 (1%)|            -|     18 (~0%)|    -|
|    + mac3                       |     -|                    -|         -|        1|     -|       yes|        0|      0.000|  1.69|       -|    3 (1%)|            -|     18 (~0%)|    -|
|    + mac3                       |     -|                    -|         -|        1|     -|       yes|        0|      0.000|  1.69|       -|    3 (1%)|            -|     18 (~0%)|    -|
|    + mac3                       |     -|                    -|         -|        1|     -|       yes|        0|      0.000|  1.69|       -|    3 (1%)|            -|     18 (~0%)|    -|
|    + mac3                       |     -|                    -|         -|        1|     -|       yes|        0|      0.000|  1.69|       -|    3 (1%)|            -|     18 (~0%)|    -|
|    + mac3                       |     -|                    -|         -|        1|     -|       yes|        0|      0.000|  1.69|       -|    3 (1%)|            -|     18 (~0%)|    -|
|    + mac3                       |     -|                    -|         -|        1|     -|       yes|        0|      0.000|  1.69|       -|    3 (1%)|            -|     18 (~0%)|    -|
|    + mac3                       |     -|                    -|         -|        1|     -|       yes|        0|      0.000|  1.69|       -|    3 (1%)|            -|     18 (~0%)|    -|
|    + mac3                       |     -|                    -|         -|        1|     -|       yes|        0|      0.000|  1.69|       -|    3 (1%)|            -|     18 (~0%)|    -|
|    + mac3                       |     -|                    -|         -|        1|     -|       yes|        0|      0.000|  1.69|       -|    3 (1%)|            -|     18 (~0%)|    -|
|    + mac3                       |     -|                    -|         -|        1|     -|       yes|        0|      0.000|  1.69|       -|    3 (1%)|            -|     18 (~0%)|    -|
|    + mac3                       |     -|                    -|         -|        1|     -|       yes|        0|      0.000|  1.69|       -|    3 (1%)|            -|     18 (~0%)|    -|
|    + mac3                       |     -|                    -|         -|        1|     -|       yes|        0|      0.000|  1.69|       -|    3 (1%)|            -|     18 (~0%)|    -|
|    + mac3                       |     -|                    -|         -|        1|     -|       yes|        0|      0.000|  1.69|       -|    3 (1%)|            -|     18 (~0%)|    -|
|    + mac3                       |     -|                    -|         -|        1|     -|       yes|        0|      0.000|  1.69|       -|    3 (1%)|            -|     18 (~0%)|    -|
|    + mac3                       |     -|                    -|         -|        1|     -|       yes|        0|      0.000|  1.69|       -|    3 (1%)|            -|     18 (~0%)|    -|
|    + mac3                       |     -|                    -|         -|        1|     -|       yes|        0|      0.000|  1.69|       -|    3 (1%)|            -|     18 (~0%)|    -|
|    + mac3                       |     -|                    -|         -|        1|     -|       yes|        0|      0.000|  1.69|       -|    3 (1%)|            -|     18 (~0%)|    -|
|    + mac3                       |     -|                    -|         -|        1|     -|       yes|        0|      0.000|  1.69|       -|    3 (1%)|            -|     18 (~0%)|    -|
|    + mac3                       |     -|                    -|         -|        1|     -|       yes|        0|      0.000|  1.69|       -|    3 (1%)|            -|     18 (~0%)|    -|
+---------------------------------+------+---------------------+----------+---------+------+----------+---------+-----------+------+--------+----------+-------------+-------------+-----+
    II Violation Information: docs.amd.com/access/sources/dita/topic?Doc_Version=2025.2%20English&url=ug1448-hls-guidance&resourceid=200-880.html
    Name Prefix: '+' for module, 'o' for loop, '*' for dataflow


================================================================
== HW Interfaces
================================================================
* M_AXI
+-------------+------------+------------+---------------+---------+--------+-------------------+----------+-----------+--------------+--------------+-------------+-------------+
| Interface   | Read/Write | Data Width | Address Width | Latency | Offset | Offset Interfaces | Register | Max Widen | Max Read     | Max Write    | Num Read    | Num Write   |
|             |            | (SW->HW)   |               |         |        |                   |          | Bitwidth  | Burst Length | Burst Length | Outstanding | Outstanding |
+-------------+------------+------------+---------------+---------+--------+-------------------+----------+-----------+--------------+--------------+-------------+-------------+
| m_axi_gmem0 | READ_ONLY  | 32 -> 32   | 64            | 0       | slave  | s_axi_CTRL        | 0        | 0         | 16           | 16           | 16          | 16          |
+-------------+------------+------------+---------------+---------+--------+-------------------+----------+-----------+--------------+--------------+-------------+-------------+

* S_AXILITE Interfaces
+------------+------------+---------------+--------+----------+----------------+
| Interface  | Data Width | Address Width | Offset | Register | Data Interface |
+------------+------------+---------------+--------+----------+----------------+
| s_axi_CTRL | 32         | 6             | 16     | 0        | m_axi_gmem0    |
+------------+------------+---------------+--------+----------+----------------+

* S_AXILITE Registers
+------------+-------------+--------+-------+--------+----------------------------------+----------------------------------------------------------------------+
| Interface  | Register    | Offset | Width | Access | Description                      | Bit Fields                                                           |
+------------+-------------+--------+-------+--------+----------------------------------+----------------------------------------------------------------------+
| s_axi_CTRL | CTRL        | 0x00   | 32    | RW     | Control signals                  | 0=AP_START 1=AP_DONE 2=AP_IDLE 3=AP_READY 7=AUTO_RESTART 9=INTERRUPT |
| s_axi_CTRL | GIER        | 0x04   | 32    | RW     | Global Interrupt Enable Register | 0=Enable                                                             |
| s_axi_CTRL | IP_IER      | 0x08   | 32    | RW     | IP Interrupt Enable Register     | 0=CHAN0_INT_EN 1=CHAN1_INT_EN                                        |
| s_axi_CTRL | IP_ISR      | 0x0c   | 32    | RW     | IP Interrupt Status Register     | 0=CHAN0_INT_ST 1=CHAN1_INT_ST                                        |
| s_axi_CTRL | weights_1   | 0x10   | 32    | W      | Data signal of weights           |                                                                      |
| s_axi_CTRL | weights_2   | 0x14   | 32    | W      | Data signal of weights           |                                                                      |
| s_axi_CTRL | mode        | 0x1c   | 32    | W      | Data signal of mode              |                                                                      |
| s_axi_CTRL | n_samples   | 0x24   | 32    | W      | Data signal of n_samples         |                                                                      |
| s_axi_CTRL | reset_state | 0x2c   | 32    | W      | Data signal of reset_state       |                                                                      |
+------------+-------------+--------+-------+--------+----------------------------------+----------------------------------------------------------------------+

* AXIS
+-----------+-----------+---------------+-------+-------+-------+--------+-------+--------+
| Interface | Direction | Register Mode | TDATA | TKEEP | TLAST | TREADY | TSTRB | TVALID |
+-----------+-----------+---------------+-------+-------+-------+--------+-------+--------+
| audio_in  | in        | both          | 32    | 4     | 1     | 1      | 4     | 1      |
| audio_out | out       | both          | 32    | 4     | 1     | 1      | 4     | 1      |
+-----------+-----------+---------------+-------+-------+-------+--------+-------+--------+

* TOP LEVEL CONTROL
+-----------+------------+-----------+
| Interface | Type       | Ports     |
+-----------+------------+-----------+
| ap_clk    | clock      | ap_clk    |
| ap_rst_n  | reset      | ap_rst_n  |
| interrupt | interrupt  | interrupt |
| ap_ctrl   | ap_ctrl_hs |           |
+-----------+------------+-----------+


================================================================
== SW I/O Information
================================================================
* Top Function Arguments
+-------------+-----------+------------------------------------------------------------------------------+
| Argument    | Direction | Datatype                                                                     |
+-------------+-----------+------------------------------------------------------------------------------+
| audio_in    | in        | stream<hls::axis<ap_uint<32>, 0UL, 0UL, 0UL, (unsigned char)'8', false>, 0>& |
| audio_out   | out       | stream<hls::axis<ap_uint<32>, 0UL, 0UL, 0UL, (unsigned char)'8', false>, 0>& |
| weights     | unused    | float const *                                                                |
| mode        | in        | int const                                                                    |
| n_samples   | in        | int const                                                                    |
| reset_state | in        | int const                                                                    |
+-------------+-----------+------------------------------------------------------------------------------+

* SW-to-HW Mapping
+-------------+--------------+-----------+----------+---------------------------------------+
| Argument    | HW Interface | HW Type   | HW Usage | HW Info                               |
+-------------+--------------+-----------+----------+---------------------------------------+
| audio_in    | audio_in     | interface |          |                                       |
| audio_out   | audio_out    | interface |          |                                       |
| weights     | m_axi_gmem0  | interface |          | channel=0                             |
| weights     | s_axi_CTRL   | register  | offset   | name=weights_1 offset=0x10 range=32   |
| weights     | s_axi_CTRL   | register  | offset   | name=weights_2 offset=0x14 range=32   |
| mode        | s_axi_CTRL   | register  |          | name=mode offset=0x1c range=32        |
| n_samples   | s_axi_CTRL   | register  |          | name=n_samples offset=0x24 range=32   |
| reset_state | s_axi_CTRL   | register  |          | name=reset_state offset=0x2c range=32 |
+-------------+--------------+-----------+----------+---------------------------------------+


================================================================
== Bind Op Report
================================================================
+--------------------------------------+-----+--------+----------------------+-----------+--------------------------+---------+
| Name                                 | DSP | Pragma | Variable             | Op        | Impl                     | Latency |
+--------------------------------------+-----+--------+----------------------+-----------+--------------------------+---------+
| + gru_va                             | 72  |        |                      |           |                          |         |
|   icmp_ln211_fu_1276_p2              |     |        | icmp_ln211           | seteq     | auto                     | 0       |
|   icmp_ln218_fu_1282_p2              |     |        | icmp_ln218           | seteq     | auto                     | 0       |
|   xor_ln218_fu_1448_p2               |     |        | xor_ln218            | xor       | auto                     | 0       |
|   select_ln218_fu_1454_p3            |     |        | select_ln218         | select    | auto_sel                 | 0       |
|   select_ln218_1_fu_1462_p3          |     |        | select_ln218_1       | select    | auto_sel                 | 0       |
|   select_ln218_2_fu_1470_p3          |     |        | select_ln218_2       | select    | auto_sel                 | 0       |
|   select_ln218_3_fu_1478_p3          |     |        | select_ln218_3       | select    | auto_sel                 | 0       |
|   select_ln218_4_fu_1486_p3          |     |        | select_ln218_4       | select    | auto_sel                 | 0       |
|   select_ln218_5_fu_1494_p3          |     |        | select_ln218_5       | select    | auto_sel                 | 0       |
|   select_ln218_6_fu_1502_p3          |     |        | select_ln218_6       | select    | auto_sel                 | 0       |
|   select_ln218_7_fu_1510_p3          |     |        | select_ln218_7       | select    | auto_sel                 | 0       |
|   select_ln218_8_fu_1518_p3          |     |        | select_ln218_8       | select    | auto_sel                 | 0       |
|   select_ln218_9_fu_1526_p3          |     |        | select_ln218_9       | select    | auto_sel                 | 0       |
|   select_ln218_10_fu_1534_p3         |     |        | select_ln218_10      | select    | auto_sel                 | 0       |
|   select_ln218_11_fu_1542_p3         |     |        | select_ln218_11      | select    | auto_sel                 | 0       |
|   select_ln218_12_fu_1550_p3         |     |        | select_ln218_12      | select    | auto_sel                 | 0       |
|   select_ln218_13_fu_1558_p3         |     |        | select_ln218_13      | select    | auto_sel                 | 0       |
|   select_ln218_14_fu_1566_p3         |     |        | select_ln218_14      | select    | auto_sel                 | 0       |
|   select_ln218_15_fu_1574_p3         |     |        | select_ln218_15      | select    | auto_sel                 | 0       |
|   select_ln218_16_fu_1582_p3         |     |        | select_ln218_16      | select    | auto_sel                 | 0       |
|   select_ln218_17_fu_1590_p3         |     |        | select_ln218_17      | select    | auto_sel                 | 0       |
|   select_ln218_18_fu_1598_p3         |     |        | select_ln218_18      | select    | auto_sel                 | 0       |
|   select_ln218_19_fu_1606_p3         |     |        | select_ln218_19      | select    | auto_sel                 | 0       |
|   select_ln218_20_fu_1614_p3         |     |        | select_ln218_20      | select    | auto_sel                 | 0       |
|   select_ln218_21_fu_1622_p3         |     |        | select_ln218_21      | select    | auto_sel                 | 0       |
|   select_ln218_22_fu_1630_p3         |     |        | select_ln218_22      | select    | auto_sel                 | 0       |
|   select_ln218_23_fu_1638_p3         |     |        | select_ln218_23      | select    | auto_sel                 | 0       |
|   select_ln218_24_fu_1646_p3         |     |        | select_ln218_24      | select    | auto_sel                 | 0       |
|   select_ln218_25_fu_1654_p3         |     |        | select_ln218_25      | select    | auto_sel                 | 0       |
|   select_ln218_26_fu_1662_p3         |     |        | select_ln218_26      | select    | auto_sel                 | 0       |
|   select_ln218_27_fu_1670_p3         |     |        | select_ln218_27      | select    | auto_sel                 | 0       |
|   select_ln218_28_fu_1678_p3         |     |        | select_ln218_28      | select    | auto_sel                 | 0       |
|   select_ln218_29_fu_1686_p3         |     |        | select_ln218_29      | select    | auto_sel                 | 0       |
|   select_ln218_30_fu_1694_p3         |     |        | select_ln218_30      | select    | auto_sel                 | 0       |
|   select_ln218_31_fu_1702_p3         |     |        | select_ln218_31      | select    | auto_sel                 | 0       |
|   select_ln218_32_fu_1710_p3         |     |        | select_ln218_32      | select    | auto_sel                 | 0       |
|   select_ln218_33_fu_1718_p3         |     |        | select_ln218_33      | select    | auto_sel                 | 0       |
|   select_ln218_34_fu_1726_p3         |     |        | select_ln218_34      | select    | auto_sel                 | 0       |
|   select_ln218_35_fu_1734_p3         |     |        | select_ln218_35      | select    | auto_sel                 | 0       |
|   select_ln218_36_fu_1742_p3         |     |        | select_ln218_36      | select    | auto_sel                 | 0       |
|   select_ln218_37_fu_1750_p3         |     |        | select_ln218_37      | select    | auto_sel                 | 0       |
|   select_ln218_38_fu_1758_p3         |     |        | select_ln218_38      | select    | auto_sel                 | 0       |
|   select_ln218_39_fu_1766_p3         |     |        | select_ln218_39      | select    | auto_sel                 | 0       |
|   add_ln359_fu_1774_p2               |     |        | add_ln359            | add       | fabric                   | 0       |
|   icmp_ln229_fu_1992_p2              |     |        | icmp_ln229           | setlt     | auto                     | 0       |
|   n_2_fu_1997_p2                     |     |        | n_2                  | add       | fabric                   | 0       |
|   fpext_32ns_64_2_no_dsp_1_U253      |     |        | pf                   | fpext     | auto                     | 1       |
|   sub_ln238_fu_2634_p2               |     |        | sub_ln238            | sub       | fabric                   | 0       |
|   select_ln238_fu_2640_p3            |     |        | select_ln238         | select    | auto_sel                 | 0       |
|   icmp_ln238_fu_2647_p2              |     |        | icmp_ln238           | seteq     | auto                     | 0       |
|   sub_ln238_1_fu_2652_p2             |     |        | sub_ln238_1          | sub       | fabric                   | 0       |
|   icmp_ln238_1_fu_2666_p2            |     |        | icmp_ln238_1         | setgt     | auto                     | 0       |
|   add_ln238_1_fu_2672_p2             |     |        | add_ln238_1          | add       | fabric                   | 0       |
|   sub_ln238_2_fu_2682_p2             |     |        | sub_ln238_2          | sub       | fabric                   | 0       |
|   select_ln238_1_fu_2688_p3          |     |        | select_ln238_1       | select    | auto_sel                 | 0       |
|   icmp_ln238_2_fu_2785_p2            |     |        | icmp_ln238_2         | seteq     | auto                     | 0       |
|   icmp_ln238_3_fu_2790_p2            |     |        | icmp_ln238_3         | setlt     | auto                     | 0       |
|   select_ln238_4_fu_2795_p3          |     |        | select_ln238_4       | select    | auto_sel                 | 0       |
|   ashr_ln238_fu_2805_p2              |     |        | ashr_ln238           | ashr      | auto_pipe                | 0       |
|   select_ln238_2_fu_2814_p3          |     |        | select_ln238_2       | select    | auto_sel                 | 0       |
|   icmp_ln238_4_fu_2700_p2            |     |        | icmp_ln238_4         | setgt     | auto                     | 0       |
|   icmp_ln238_5_fu_2822_p2            |     |        | icmp_ln238_5         | setlt     | auto                     | 0       |
|   shl_ln238_fu_2830_p2               |     |        | shl_ln238            | shl       | auto_pipe                | 0       |
|   select_ln238_3_fu_2835_p3          |     |        | select_ln238_3       | select    | auto_sel                 | 0       |
|   tmp_326_fu_2712_p2                 |     |        | add_ln238_2          | add       | fabric                   | 0       |
|   bitselect_1ns_54ns_6ns_1_1_1_U254  |     |        | tmp_326              | bitselect | auto                     | 0       |
|   cond63_i_fu_2843_p3                |     |        | cond63_i             | select    | auto_sel                 | 0       |
|   icmp_ln238_6_fu_2848_p2            |     |        | icmp_ln238_6         | setgt     | auto                     | 0       |
|   add_ln238_3_fu_2720_p2             |     |        | add_ln238_3          | add       | fabric                   | 0       |
|   icmp_ln238_7_fu_2730_p2            |     |        | icmp_ln238_7         | setgt     | auto                     | 0       |
|   sub_ln238_3_fu_2736_p2             |     |        | sub_ln238_3          | sub       | fabric                   | 0       |
|   select_ln238_9_fu_2853_p3          |     |        | select_ln238_9       | select    | auto_sel                 | 0       |
|   lshr_ln238_2_fu_2863_p2            |     |        | lshr_ln238_2         | lshr      | auto_pipe                | 0       |
|   and_ln238_16_fu_2869_p2            |     |        | and_ln238_16         | and       | auto                     | 0       |
|   icmp_ln238_8_fu_2874_p2            |     |        | icmp_ln238_8         | setne     | auto                     | 0       |
|   cond85_i_fu_2880_p2                |     |        | cond85_i             | and       | auto                     | 0       |
|   or_ln238_fu_2890_p2                |     |        | or_ln238             | or        | auto                     | 0       |
|   and_ln238_fu_2896_p2               |     |        | and_ln238            | and       | auto                     | 0       |
|   add_ln238_4_fu_2969_p2             |     |        | add_ln238_4          | add       | fabric                   | 0       |
|   xor_ln238_fu_2982_p2               |     |        | xor_ln238            | xor       | auto                     | 0       |
|   xor_ln238_2_fu_2988_p2             |     |        | xor_ln238_2          | xor       | auto                     | 0       |
|   and_ln238_1_fu_2993_p2             |     |        | and_ln238_1          | and       | auto                     | 0       |
|   sparsemux_7_2_13_1_1_U256          |     |        | ref_tmp_i_i          | sparsemux | onehotencoding_realdef   | 0       |
|   and_ln238_11_fu_3023_p2            |     |        | and_ln238_11         | and       | auto                     | 0       |
|   carry_1_i_fu_3029_p2               |     |        | carry_1_i            | and       | auto                     | 0       |
|   select_ln238_10_fu_2902_p3         |     |        | select_ln238_10      | select    | auto_sel                 | 0       |
|   icmp_ln238_9_fu_2925_p2            |     |        | icmp_ln238_9         | setgt     | auto                     | 0       |
|   add_ln238_6_fu_2742_p2             |     |        | add_ln238_6          | add       | fabric                   | 0       |
|   add_ln238_7_fu_2931_p2             |     |        | add_ln238_7          | add       | fabric                   | 0       |
|   icmp_ln238_10_fu_2752_p2           |     |        | icmp_ln238_10        | setlt     | auto                     | 0       |
|   xor_ln238_8_fu_3043_p2             |     |        | xor_ln238_8          | xor       | auto                     | 0       |
|   icmp_ln238_11_fu_2766_p2           |     |        | icmp_ln238_11        | setlt     | auto                     | 0       |
|   bitselect_1ns_54ns_6ns_1_1_1_U255  |     |        | tobool_i             | bitselect | auto                     | 0       |
|   lD_0_i_fu_2936_p2                  |     |        | lD_0_i               | and       | auto                     | 0       |
|   icmp_ln238_12_fu_3048_p2           |     |        | icmp_ln238_12        | setlt     | auto                     | 0       |
|   icmp_ln238_13_fu_3053_p2           |     |        | icmp_ln238_13        | setlt     | auto                     | 0       |
|   neg_src_0_i_fu_3213_p2             |     |        | and_ln238_2          | and       | auto                     | 0       |
|   lshr_ln238_fu_2948_p2              |     |        | lshr_ln238           | lshr      | auto_pipe                | 0       |
|   lshr_ln238_1_fu_2953_p2            |     |        | lshr_ln238_1         | lshr      | auto_pipe                | 0       |
|   icmp_ln238_14_fu_3063_p2           |     |        | icmp_ln238_14        | seteq     | auto                     | 0       |
|   xor_ln238_9_fu_3074_p2             |     |        | xor_ln238_9          | xor       | auto                     | 0       |
|   Range2_all_ones_1_i_fu_3080_p3     |     |        | Range2_all_ones_1_i  | select    | auto_sel                 | 0       |
|   and_ln238_3_fu_3088_p2             |     |        | and_ln238_3          | and       | auto                     | 0       |
|   and_ln238_4_fu_3094_p2             |     |        | and_ln238_4          | and       | auto                     | 0       |
|   xor_ln238_1_fu_3099_p2             |     |        | xor_ln238_1          | xor       | auto                     | 0       |
|   icmp_ln238_15_fu_3104_p2           |     |        | icmp_ln238_15        | seteq     | auto                     | 0       |
|   and_ln238_5_fu_3109_p2             |     |        | and_ln238_5          | and       | auto                     | 0       |
|   icmp_ln238_16_fu_3115_p2           |     |        | icmp_ln238_16        | seteq     | auto                     | 0       |
|   select_ln238_7_fu_3120_p3          |     |        | select_ln238_7       | select    | auto_sel                 | 0       |
|   select_ln238_8_fu_3127_p3          |     |        | select_ln238_8       | select    | auto_sel                 | 0       |
|   Range1_all_ones_2_i_fu_3135_p3     |     |        | Range1_all_ones_2_i  | select    | auto_sel                 | 0       |
|   Range1_all_zeros_2_i_fu_3143_p3    |     |        | Range1_all_zeros_2_i | select    | auto_sel                 | 0       |
|   select_ln238_5_fu_3151_p3          |     |        | select_ln238_5       | select    | auto_sel                 | 0       |
|   or_ln238_1_fu_3159_p2              |     |        | or_ln238_1           | or        | auto                     | 0       |
|   and_ln238_6_fu_3164_p2             |     |        | and_ln238_6          | and       | auto                     | 0       |
|   cond190_i_fu_3170_p3               |     |        | cond190_i            | select    | auto_sel                 | 0       |
|   and_ln238_7_fu_3178_p2             |     |        | and_ln238_7          | and       | auto                     | 0       |
|   neg_src_0_i_fu_3213_p4             |     |        | xor_ln238_3          | xor       | auto                     | 0       |
|   not_icmp_ln238_10362_fu_3190_p2    |     |        | not_icmp_ln238_10362 | xor       | auto                     | 0       |
|   deleted_ones_0_i_fu_3195_p2        |     |        | deleted_ones_0_i     | or        | auto                     | 0       |
|   and_ln238_12_fu_3201_p2            |     |        | and_ln238_12         | and       | auto                     | 0       |
|   sparsemux_7_2_1_1_1_U257           |     |        | neg_src_0_i          | sparsemux | onehotencoding_realdef   | 0       |
|   xor_ln238_4_fu_3233_p2             |     |        | xor_ln238_4          | xor       | auto                     | 0       |
|   and_ln238_13_fu_3239_p2            |     |        | and_ln238_13         | and       | auto                     | 0       |
|   or_ln238_2_fu_3244_p2              |     |        | or_ln238_2           | or        | auto                     | 0       |
|   xor_ln238_5_fu_3250_p2             |     |        | xor_ln238_5          | xor       | auto                     | 0       |
|   and_ln238_8_fu_3255_p2             |     |        | and_ln238_8          | and       | auto                     | 0       |
|   and_ln238_9_fu_3261_p2             |     |        | and_ln238_9          | and       | auto                     | 0       |
|   xor_ln238_6_fu_3267_p2             |     |        | xor_ln238_6          | xor       | auto                     | 0       |
|   and_ln238_10_fu_3273_p2            |     |        | and_ln238_10         | and       | auto                     | 0       |
|   or_ln238_3_fu_3277_p2              |     |        | or_ln238_3           | or        | auto                     | 0       |
|   x_fu_3312_p4                       |     |        | select_ln238_6       | select    | auto_sel                 | 0       |
|   xor_ln238_7_fu_3289_p2             |     |        | xor_ln238_7          | xor       | auto                     | 0       |
|   and_ln238_14_fu_3294_p2            |     |        | and_ln238_14         | and       | auto                     | 0       |
|   and_ln238_15_fu_3300_p2            |     |        | and_ln238_15         | and       | auto                     | 0       |
|   sparsemux_7_2_13_1_1_U258          |     |        | x                    | sparsemux | onehotencoding_realdef   | 0       |
|   add_ln344_fu_3340_p2               |     |        | add_ln344            | add       | fabric                   | 0       |
|   xor_ln344_fu_3366_p2               |     |        | xor_ln344            | xor       | auto                     | 0       |
|   and_ln344_fu_3372_p2               |     |        | and_ln344            | and       | auto                     | 0       |
|   xor_ln344_1_fu_3378_p2             |     |        | xor_ln344_1          | xor       | auto                     | 0       |
|   select_ln344_fu_3384_p3            |     |        | select_ln344         | select    | auto_sel                 | 0       |
|   y_9_fu_3392_p3                     |     |        | y_9                  | select    | auto_sel                 | 0       |
|   icmp_ln352_fu_3400_p2              |     |        | icmp_ln352           | seteq     | auto                     | 0       |
|   sub_ln352_fu_3414_p2               |     |        | sub_ln352            | sub       | fabric                   | 0       |
|   select_ln352_fu_3420_p3            |     |        | select_ln352         | select    | auto_sel                 | 0       |
|   ctlz_32_32_1_1_U259                |     |        | tmp_255              | ctlz      | auto                     | 0       |
|   sub_ln352_1_fu_3439_p2             |     |        | sub_ln352_1          | sub       | fabric                   | 0       |
|   add_ln352_fu_3455_p2               |     |        | add_ln352            | add       | fabric                   | 0       |
|   icmp_ln352_1_fu_3474_p2            |     |        | icmp_ln352_1         | setgt     | auto                     | 0       |
|   sub_ln352_4_fu_3449_p2             |     |        | sub_ln352_4          | sub       | fabric                   | 0       |
|   lshr_ln352_2_fu_3483_p2            |     |        | lshr_ln352_2         | lshr      | auto_pipe                | 0       |
|   and_ln352_1_fu_3489_p2             |     |        | and_ln352_1          | and       | auto                     | 0       |
|   icmp_ln352_2_fu_3494_p2            |     |        | icmp_ln352_2         | setne     | auto                     | 0       |
|   phi_ln352_fu_3500_p2               |     |        | phi_ln352            | and       | auto                     | 0       |
|   xor_ln352_fu_3514_p2               |     |        | xor_ln352            | xor       | auto                     | 0       |
|   bitselect_1ns_32ns_5ns_1_1_1_U260  |     |        | tmp_338              | bitselect | auto                     | 0       |
|   and_ln352_fu_3527_p2               |     |        | and_ln352            | and       | auto                     | 0       |
|   or_ln352_fu_3533_p2                |     |        | or_ln352             | or        | auto                     | 0       |
|   icmp_ln352_3_fu_3542_p2            |     |        | icmp_ln352_3         | setgt     | auto                     | 0       |
|   add_ln352_1_fu_3548_p2             |     |        | add_ln352_1          | add       | fabric                   | 0       |
|   lshr_ln352_fu_3561_p2              |     |        | lshr_ln352           | lshr      | auto_pipe                | 0       |
|   sub_ln352_2_fu_3567_p2             |     |        | sub_ln352_2          | sub       | fabric                   | 0       |
|   shl_ln352_fu_3580_p2               |     |        | shl_ln352            | shl       | auto_pipe                | 0       |
|   cond45_i_i_fu_3586_p3              |     |        | cond45_i_i           | select    | auto_sel                 | 0       |
|   add_ln352_2_fu_3594_p2             |     |        | add_ln352_2          | add       | fabric                   | 0       |
|   select_ln352_1_fu_3622_p3          |     |        | select_ln352_1       | select    | auto_sel                 | 0       |
|   sub_ln352_3_fu_3630_p2             |     |        | sub_ln352_3          | sub       | fabric                   | 0       |
|   add_ln352_3_fu_3639_p2             |     |        | add_ln352_3          | add       | fabric                   | 0       |
|   empty_39_fu_3668_p3                |     |        | empty_39             | select    | auto_sel                 | 0       |
|   icmp_ln359_fu_2003_p2              |     |        | icmp_ln359           | seteq     | auto                     | 0       |
|   icmp_ln229_1_fu_2013_p2            |     |        | icmp_ln229_1         | setgt     | auto                     | 0       |
|   or_ln229_fu_2018_p2                |     |        | or_ln229             | or        | auto                     | 0       |
|   select_ln229_fu_2023_p3            |     |        | select_ln229         | select    | auto_sel                 | 0       |
|   select_ln229_1_fu_2031_p3          |     |        | select_ln229_1       | select    | auto_sel                 | 0       |
|   select_ln229_2_fu_2039_p3          |     |        | select_ln229_2       | select    | auto_sel                 | 0       |
|   select_ln229_3_fu_2047_p3          |     |        | select_ln229_3       | select    | auto_sel                 | 0       |
|   select_ln229_4_fu_2055_p3          |     |        | select_ln229_4       | select    | auto_sel                 | 0       |
|   select_ln229_5_fu_2063_p3          |     |        | select_ln229_5       | select    | auto_sel                 | 0       |
|   select_ln229_6_fu_2071_p3          |     |        | select_ln229_6       | select    | auto_sel                 | 0       |
|   select_ln229_7_fu_2079_p3          |     |        | select_ln229_7       | select    | auto_sel                 | 0       |
|   select_ln229_8_fu_2087_p3          |     |        | select_ln229_8       | select    | auto_sel                 | 0       |
|   select_ln229_9_fu_2095_p3          |     |        | select_ln229_9       | select    | auto_sel                 | 0       |
|   select_ln229_10_fu_2103_p3         |     |        | select_ln229_10      | select    | auto_sel                 | 0       |
|   select_ln229_11_fu_2111_p3         |     |        | select_ln229_11      | select    | auto_sel                 | 0       |
|   select_ln229_12_fu_2119_p3         |     |        | select_ln229_12      | select    | auto_sel                 | 0       |
|   select_ln229_13_fu_2127_p3         |     |        | select_ln229_13      | select    | auto_sel                 | 0       |
|   select_ln229_14_fu_2135_p3         |     |        | select_ln229_14      | select    | auto_sel                 | 0       |
|   select_ln229_15_fu_2143_p3         |     |        | select_ln229_15      | select    | auto_sel                 | 0       |
|   select_ln229_16_fu_2151_p3         |     |        | select_ln229_16      | select    | auto_sel                 | 0       |
|   select_ln229_17_fu_2159_p3         |     |        | select_ln229_17      | select    | auto_sel                 | 0       |
|   select_ln229_18_fu_2167_p3         |     |        | select_ln229_18      | select    | auto_sel                 | 0       |
|   select_ln229_19_fu_2175_p3         |     |        | select_ln229_19      | select    | auto_sel                 | 0       |
|   select_ln229_20_fu_2183_p3         |     |        | select_ln229_20      | select    | auto_sel                 | 0       |
|   select_ln229_21_fu_2191_p3         |     |        | select_ln229_21      | select    | auto_sel                 | 0       |
|   select_ln229_22_fu_2199_p3         |     |        | select_ln229_22      | select    | auto_sel                 | 0       |
|   select_ln229_23_fu_2207_p3         |     |        | select_ln229_23      | select    | auto_sel                 | 0       |
|   select_ln229_24_fu_2215_p3         |     |        | select_ln229_24      | select    | auto_sel                 | 0       |
|   select_ln229_25_fu_2223_p3         |     |        | select_ln229_25      | select    | auto_sel                 | 0       |
|   select_ln229_26_fu_2231_p3         |     |        | select_ln229_26      | select    | auto_sel                 | 0       |
|   select_ln229_27_fu_2239_p3         |     |        | select_ln229_27      | select    | auto_sel                 | 0       |
|   select_ln229_28_fu_2247_p3         |     |        | select_ln229_28      | select    | auto_sel                 | 0       |
|   select_ln229_29_fu_2255_p3         |     |        | select_ln229_29      | select    | auto_sel                 | 0       |
|   select_ln229_30_fu_2263_p3         |     |        | select_ln229_30      | select    | auto_sel                 | 0       |
|   select_ln229_31_fu_2271_p3         |     |        | select_ln229_31      | select    | auto_sel                 | 0       |
|   select_ln229_32_fu_2279_p3         |     |        | select_ln229_32      | select    | auto_sel                 | 0       |
|   select_ln229_33_fu_2287_p3         |     |        | select_ln229_33      | select    | auto_sel                 | 0       |
|   select_ln229_34_fu_2295_p3         |     |        | select_ln229_34      | select    | auto_sel                 | 0       |
|   select_ln229_35_fu_2303_p3         |     |        | select_ln229_35      | select    | auto_sel                 | 0       |
|   select_ln229_36_fu_2311_p3         |     |        | select_ln229_36      | select    | auto_sel                 | 0       |
|   select_ln229_37_fu_2319_p3         |     |        | select_ln229_37      | select    | auto_sel                 | 0       |
|   select_ln229_38_fu_2327_p3         |     |        | select_ln229_38      | select    | auto_sel                 | 0       |
|   select_ln229_39_fu_2335_p3         |     |        | select_ln229_39      | select    | auto_sel                 | 0       |
|  + gru_va_Pipeline_HIDDEN_LOOP       | 72  |        |                      |           |                          |         |
|    icmp_ln245_fu_6318_p2             |     |        | icmp_ln245           | seteq     | auto                     | 0       |
|    add_ln245_fu_6540_p2              |     |        | add_ln245            | add       | fabric                   | 0       |
|    add_ln285_fu_6553_p2              |     |        | add_ln285            | add       | fabric                   | 0       |
|    mac_muladd_13s_13s_21s_25_4_1_U25 | 1   |        | mul_ln285            | mul       | dsp_slice                | 3       |
|    mac_muladd_13s_13s_21s_25_4_1_U25 | 1   |        | add_ln285_1          | add       | dsp_slice                | 3       |
|    add_ln287_fu_6571_p2              |     |        | add_ln287            | add       | fabric                   | 0       |
|    mac_muladd_13s_12s_22s_24_4_1_U26 | 1   |        | mul_ln287            | mul       | dsp_slice                | 3       |
|    mac_muladd_13s_12s_22s_24_4_1_U26 | 1   |        | add_ln287_1          | add       | dsp_slice                | 3       |
|    mac_muladd_13s_12s_21s_24_4_1_U27 | 1   |        | mul_ln290            | mul       | dsp_slice                | 3       |
|    mac_muladd_13s_12s_21s_24_4_1_U27 | 1   |        | add_ln290            | add       | dsp_slice                | 3       |
|    add_ln300_40_fu_7409_p2           |     |        | add_ln300_40         | add       | fabric                   | 0       |
|    add_ln300_fu_7414_p2              |     |        | add_ln300            | add       | fabric                   | 0       |
|    xor_ln300_fu_7440_p2              |     |        | xor_ln300            | xor       | auto                     | 0       |
|    and_ln300_fu_7446_p2              |     |        | and_ln300            | and       | auto                     | 0       |
|    xor_ln300_1_fu_7452_p2            |     |        | xor_ln300_1          | xor       | auto                     | 0       |
|    select_ln300_fu_7458_p3           |     |        | select_ln300         | select    | auto_sel                 | 0       |
|    val_r_2_fu_7466_p3                |     |        | val_r_2              | select    | auto_sel                 | 0       |
|    add_ln301_40_fu_7481_p2           |     |        | add_ln301_40         | add       | fabric                   | 0       |
|    add_ln301_fu_7486_p2              |     |        | add_ln301            | add       | fabric                   | 0       |
|    xor_ln301_fu_7512_p2              |     |        | xor_ln301            | xor       | auto                     | 0       |
|    and_ln301_fu_7518_p2              |     |        | and_ln301            | and       | auto                     | 0       |
|    xor_ln301_1_fu_7524_p2            |     |        | xor_ln301_1          | xor       | auto                     | 0       |
|    select_ln301_fu_7530_p3           |     |        | select_ln301         | select    | auto_sel                 | 0       |
|    val_z_2_fu_7538_p3                |     |        | val_z_2              | select    | auto_sel                 | 0       |
|    add_ln302_40_fu_7236_p2           |     |        | add_ln302_40         | add       | fabric                   | 0       |
|    add_ln302_fu_7241_p2              |     |        | add_ln302            | add       | fabric                   | 0       |
|    xor_ln302_fu_7267_p2              |     |        | xor_ln302            | xor       | auto                     | 0       |
|    and_ln302_fu_7273_p2              |     |        | and_ln302            | and       | auto                     | 0       |
|    xor_ln302_1_fu_7279_p2            |     |        | xor_ln302_1          | xor       | auto                     | 0       |
|    select_ln302_fu_7285_p3           |     |        | select_ln302         | select    | auto_sel                 | 0       |
|    val_n_rec_2_fu_7293_p3            |     |        | val_n_rec_2          | select    | auto_sel                 | 0       |
|    val_r_3_fu_7686_p2                |     |        | val_r_3              | add       | fabric                   | 0       |
|    add_ln300_1_fu_7690_p2            |     |        | add_ln300_1          | add       | fabric                   | 0       |
|    xor_ln300_2_fu_7712_p2            |     |        | xor_ln300_2          | xor       | auto                     | 0       |
|    and_ln300_1_fu_7718_p2            |     |        | and_ln300_1          | and       | auto                     | 0       |
|    xor_ln300_3_fu_7724_p2            |     |        | xor_ln300_3          | xor       | auto                     | 0       |
|    select_ln300_2_fu_7730_p3         |     |        | select_ln300_2       | select    | auto_sel                 | 0       |
|    val_r_4_fu_7738_p3                |     |        | val_r_4              | select    | auto_sel                 | 0       |
|    val_z_3_fu_7752_p2                |     |        | val_z_3              | add       | fabric                   | 0       |
|    add_ln301_1_fu_7756_p2            |     |        | add_ln301_1          | add       | fabric                   | 0       |
|    xor_ln301_2_fu_7778_p2            |     |        | xor_ln301_2          | xor       | auto                     | 0       |
|    and_ln301_1_fu_7784_p2            |     |        | and_ln301_1          | and       | auto                     | 0       |
|    xor_ln301_3_fu_7790_p2            |     |        | xor_ln301_3          | xor       | auto                     | 0       |
|    select_ln301_2_fu_7796_p3         |     |        | select_ln301_2       | select    | auto_sel                 | 0       |
|    val_z_4_fu_7804_p3                |     |        | val_z_4              | select    | auto_sel                 | 0       |
|    val_n_rec_3_fu_7308_p2            |     |        | val_n_rec_3          | add       | fabric                   | 0       |
|    add_ln302_1_fu_7313_p2            |     |        | add_ln302_1          | add       | fabric                   | 0       |
|    xor_ln302_2_fu_7335_p2            |     |        | xor_ln302_2          | xor       | auto                     | 0       |
|    and_ln302_1_fu_7341_p2            |     |        | and_ln302_1          | and       | auto                     | 0       |
|    xor_ln302_3_fu_7347_p2            |     |        | xor_ln302_3          | xor       | auto                     | 0       |
|    select_ln302_2_fu_7353_p3         |     |        | select_ln302_2       | select    | auto_sel                 | 0       |
|    val_n_rec_4_fu_7361_p3            |     |        | val_n_rec_4          | select    | auto_sel                 | 0       |
|    val_r_5_fu_7819_p2                |     |        | val_r_5              | add       | fabric                   | 0       |
|    add_ln300_2_fu_7824_p2            |     |        | add_ln300_2          | add       | fabric                   | 0       |
|    xor_ln300_4_fu_7846_p2            |     |        | xor_ln300_4          | xor       | auto                     | 0       |
|    and_ln300_2_fu_7852_p2            |     |        | and_ln300_2          | and       | auto                     | 0       |
|    xor_ln300_5_fu_7858_p2            |     |        | xor_ln300_5          | xor       | auto                     | 0       |
|    select_ln300_4_fu_7864_p3         |     |        | select_ln300_4       | select    | auto_sel                 | 0       |
|    val_r_6_fu_7872_p3                |     |        | val_r_6              | select    | auto_sel                 | 0       |
|    val_z_5_fu_7887_p2                |     |        | val_z_5              | add       | fabric                   | 0       |
|    add_ln301_2_fu_7892_p2            |     |        | add_ln301_2          | add       | fabric                   | 0       |
|    xor_ln301_4_fu_7914_p2            |     |        | xor_ln301_4          | xor       | auto                     | 0       |
|    and_ln301_2_fu_7920_p2            |     |        | and_ln301_2          | and       | auto                     | 0       |
|    xor_ln301_5_fu_7926_p2            |     |        | xor_ln301_5          | xor       | auto                     | 0       |
|    select_ln301_4_fu_7932_p3         |     |        | select_ln301_4       | select    | auto_sel                 | 0       |
|    val_z_6_fu_7940_p3                |     |        | val_z_6              | select    | auto_sel                 | 0       |
|    val_n_rec_5_fu_7552_p2            |     |        | val_n_rec_5          | add       | fabric                   | 0       |
|    add_ln302_2_fu_7556_p2            |     |        | add_ln302_2          | add       | fabric                   | 0       |
|    xor_ln302_4_fu_7578_p2            |     |        | xor_ln302_4          | xor       | auto                     | 0       |
|    and_ln302_2_fu_7584_p2            |     |        | and_ln302_2          | and       | auto                     | 0       |
|    xor_ln302_5_fu_7590_p2            |     |        | xor_ln302_5          | xor       | auto                     | 0       |
|    select_ln302_4_fu_7596_p3         |     |        | select_ln302_4       | select    | auto_sel                 | 0       |
|    val_n_rec_6_fu_7604_p3            |     |        | val_n_rec_6          | select    | auto_sel                 | 0       |
|    val_r_7_fu_8088_p2                |     |        | val_r_7              | add       | fabric                   | 0       |
|    add_ln300_3_fu_8092_p2            |     |        | add_ln300_3          | add       | fabric                   | 0       |
|    xor_ln300_6_fu_8114_p2            |     |        | xor_ln300_6          | xor       | auto                     | 0       |
|    and_ln300_3_fu_8120_p2            |     |        | and_ln300_3          | and       | auto                     | 0       |
|    xor_ln300_7_fu_8126_p2            |     |        | xor_ln300_7          | xor       | auto                     | 0       |
|    select_ln300_6_fu_8132_p3         |     |        | select_ln300_6       | select    | auto_sel                 | 0       |
|    val_r_8_fu_8140_p3                |     |        | val_r_8              | select    | auto_sel                 | 0       |
|    val_z_7_fu_8154_p2                |     |        | val_z_7              | add       | fabric                   | 0       |
|    add_ln301_3_fu_8158_p2            |     |        | add_ln301_3          | add       | fabric                   | 0       |
|    xor_ln301_6_fu_8180_p2            |     |        | xor_ln301_6          | xor       | auto                     | 0       |
|    and_ln301_3_fu_8186_p2            |     |        | and_ln301_3          | and       | auto                     | 0       |
|    xor_ln301_7_fu_8192_p2            |     |        | xor_ln301_7          | xor       | auto                     | 0       |
|    select_ln301_6_fu_8198_p3         |     |        | select_ln301_6       | select    | auto_sel                 | 0       |
|    val_z_8_fu_8206_p3                |     |        | val_z_8              | select    | auto_sel                 | 0       |
|    val_n_rec_7_fu_7619_p2            |     |        | val_n_rec_7          | add       | fabric                   | 0       |
|    add_ln302_3_fu_7624_p2            |     |        | add_ln302_3          | add       | fabric                   | 0       |
|    xor_ln302_6_fu_7646_p2            |     |        | xor_ln302_6          | xor       | auto                     | 0       |
|    and_ln302_3_fu_7652_p2            |     |        | and_ln302_3          | and       | auto                     | 0       |
|    xor_ln302_7_fu_7658_p2            |     |        | xor_ln302_7          | xor       | auto                     | 0       |
|    select_ln302_6_fu_7664_p3         |     |        | select_ln302_6       | select    | auto_sel                 | 0       |
|    val_n_rec_8_fu_7672_p3            |     |        | val_n_rec_8          | select    | auto_sel                 | 0       |
|    val_r_9_fu_8221_p2                |     |        | val_r_9              | add       | fabric                   | 0       |
|    add_ln300_4_fu_8226_p2            |     |        | add_ln300_4          | add       | fabric                   | 0       |
|    xor_ln300_8_fu_8248_p2            |     |        | xor_ln300_8          | xor       | auto                     | 0       |
|    and_ln300_4_fu_8254_p2            |     |        | and_ln300_4          | and       | auto                     | 0       |
|    xor_ln300_9_fu_8260_p2            |     |        | xor_ln300_9          | xor       | auto                     | 0       |
|    select_ln300_8_fu_8266_p3         |     |        | select_ln300_8       | select    | auto_sel                 | 0       |
|    val_r_10_fu_8274_p3               |     |        | val_r_10             | select    | auto_sel                 | 0       |
|    val_z_9_fu_8289_p2                |     |        | val_z_9              | add       | fabric                   | 0       |
|    add_ln301_4_fu_8294_p2            |     |        | add_ln301_4          | add       | fabric                   | 0       |
|    xor_ln301_8_fu_8316_p2            |     |        | xor_ln301_8          | xor       | auto                     | 0       |
|    and_ln301_4_fu_8322_p2            |     |        | and_ln301_4          | and       | auto                     | 0       |
|    xor_ln301_9_fu_8328_p2            |     |        | xor_ln301_9          | xor       | auto                     | 0       |
|    select_ln301_8_fu_8334_p3         |     |        | select_ln301_8       | select    | auto_sel                 | 0       |
|    val_z_10_fu_8342_p3               |     |        | val_z_10             | select    | auto_sel                 | 0       |
|    val_n_rec_9_fu_7954_p2            |     |        | val_n_rec_9          | add       | fabric                   | 0       |
|    add_ln302_4_fu_7958_p2            |     |        | add_ln302_4          | add       | fabric                   | 0       |
|    xor_ln302_8_fu_7980_p2            |     |        | xor_ln302_8          | xor       | auto                     | 0       |
|    and_ln302_4_fu_7986_p2            |     |        | and_ln302_4          | and       | auto                     | 0       |
|    xor_ln302_9_fu_7992_p2            |     |        | xor_ln302_9          | xor       | auto                     | 0       |
|    select_ln302_8_fu_7998_p3         |     |        | select_ln302_8       | select    | auto_sel                 | 0       |
|    val_n_rec_10_fu_8006_p3           |     |        | val_n_rec_10         | select    | auto_sel                 | 0       |
|    val_r_11_fu_8490_p2               |     |        | val_r_11             | add       | fabric                   | 0       |
|    add_ln300_5_fu_8494_p2            |     |        | add_ln300_5          | add       | fabric                   | 0       |
|    xor_ln300_10_fu_8516_p2           |     |        | xor_ln300_10         | xor       | auto                     | 0       |
|    and_ln300_5_fu_8522_p2            |     |        | and_ln300_5          | and       | auto                     | 0       |
|    xor_ln300_11_fu_8528_p2           |     |        | xor_ln300_11         | xor       | auto                     | 0       |
|    select_ln300_10_fu_8534_p3        |     |        | select_ln300_10      | select    | auto_sel                 | 0       |
|    val_r_12_fu_8542_p3               |     |        | val_r_12             | select    | auto_sel                 | 0       |
|    val_z_11_fu_8556_p2               |     |        | val_z_11             | add       | fabric                   | 0       |
|    add_ln301_5_fu_8560_p2            |     |        | add_ln301_5          | add       | fabric                   | 0       |
|    xor_ln301_10_fu_8582_p2           |     |        | xor_ln301_10         | xor       | auto                     | 0       |
|    and_ln301_5_fu_8588_p2            |     |        | and_ln301_5          | and       | auto                     | 0       |
|    xor_ln301_11_fu_8594_p2           |     |        | xor_ln301_11         | xor       | auto                     | 0       |
|    select_ln301_10_fu_8600_p3        |     |        | select_ln301_10      | select    | auto_sel                 | 0       |
|    val_z_12_fu_8608_p3               |     |        | val_z_12             | select    | auto_sel                 | 0       |
|    val_n_rec_11_fu_8021_p2           |     |        | val_n_rec_11         | add       | fabric                   | 0       |
|    add_ln302_5_fu_8026_p2            |     |        | add_ln302_5          | add       | fabric                   | 0       |
|    xor_ln302_10_fu_8048_p2           |     |        | xor_ln302_10         | xor       | auto                     | 0       |
|    and_ln302_5_fu_8054_p2            |     |        | and_ln302_5          | and       | auto                     | 0       |
|    xor_ln302_11_fu_8060_p2           |     |        | xor_ln302_11         | xor       | auto                     | 0       |
|    select_ln302_10_fu_8066_p3        |     |        | select_ln302_10      | select    | auto_sel                 | 0       |
|    val_n_rec_12_fu_8074_p3           |     |        | val_n_rec_12         | select    | auto_sel                 | 0       |
|    val_r_13_fu_8623_p2               |     |        | val_r_13             | add       | fabric                   | 0       |
|    add_ln300_6_fu_8628_p2            |     |        | add_ln300_6          | add       | fabric                   | 0       |
|    xor_ln300_12_fu_8650_p2           |     |        | xor_ln300_12         | xor       | auto                     | 0       |
|    and_ln300_6_fu_8656_p2            |     |        | and_ln300_6          | and       | auto                     | 0       |
|    xor_ln300_13_fu_8662_p2           |     |        | xor_ln300_13         | xor       | auto                     | 0       |
|    select_ln300_12_fu_8668_p3        |     |        | select_ln300_12      | select    | auto_sel                 | 0       |
|    val_r_14_fu_8676_p3               |     |        | val_r_14             | select    | auto_sel                 | 0       |
|    val_z_13_fu_8691_p2               |     |        | val_z_13             | add       | fabric                   | 0       |
|    add_ln301_6_fu_8696_p2            |     |        | add_ln301_6          | add       | fabric                   | 0       |
|    xor_ln301_12_fu_8718_p2           |     |        | xor_ln301_12         | xor       | auto                     | 0       |
|    and_ln301_6_fu_8724_p2            |     |        | and_ln301_6          | and       | auto                     | 0       |
|    xor_ln301_13_fu_8730_p2           |     |        | xor_ln301_13         | xor       | auto                     | 0       |
|    select_ln301_12_fu_8736_p3        |     |        | select_ln301_12      | select    | auto_sel                 | 0       |
|    val_z_14_fu_8744_p3               |     |        | val_z_14             | select    | auto_sel                 | 0       |
|    val_n_rec_13_fu_8356_p2           |     |        | val_n_rec_13         | add       | fabric                   | 0       |
|    add_ln302_6_fu_8360_p2            |     |        | add_ln302_6          | add       | fabric                   | 0       |
|    xor_ln302_12_fu_8382_p2           |     |        | xor_ln302_12         | xor       | auto                     | 0       |
|    and_ln302_6_fu_8388_p2            |     |        | and_ln302_6          | and       | auto                     | 0       |
|    xor_ln302_13_fu_8394_p2           |     |        | xor_ln302_13         | xor       | auto                     | 0       |
|    select_ln302_12_fu_8400_p3        |     |        | select_ln302_12      | select    | auto_sel                 | 0       |
|    val_n_rec_14_fu_8408_p3           |     |        | val_n_rec_14         | select    | auto_sel                 | 0       |
|    val_r_15_fu_8892_p2               |     |        | val_r_15             | add       | fabric                   | 0       |
|    add_ln300_7_fu_8896_p2            |     |        | add_ln300_7          | add       | fabric                   | 0       |
|    xor_ln300_14_fu_8918_p2           |     |        | xor_ln300_14         | xor       | auto                     | 0       |
|    and_ln300_7_fu_8924_p2            |     |        | and_ln300_7          | and       | auto                     | 0       |
|    xor_ln300_15_fu_8930_p2           |     |        | xor_ln300_15         | xor       | auto                     | 0       |
|    select_ln300_14_fu_8936_p3        |     |        | select_ln300_14      | select    | auto_sel                 | 0       |
|    val_r_16_fu_8944_p3               |     |        | val_r_16             | select    | auto_sel                 | 0       |
|    val_z_15_fu_8958_p2               |     |        | val_z_15             | add       | fabric                   | 0       |
|    add_ln301_7_fu_8962_p2            |     |        | add_ln301_7          | add       | fabric                   | 0       |
|    xor_ln301_14_fu_8984_p2           |     |        | xor_ln301_14         | xor       | auto                     | 0       |
|    and_ln301_7_fu_8990_p2            |     |        | and_ln301_7          | and       | auto                     | 0       |
|    xor_ln301_15_fu_8996_p2           |     |        | xor_ln301_15         | xor       | auto                     | 0       |
|    select_ln301_14_fu_9002_p3        |     |        | select_ln301_14      | select    | auto_sel                 | 0       |
|    val_z_16_fu_9010_p3               |     |        | val_z_16             | select    | auto_sel                 | 0       |
|    val_n_rec_15_fu_8423_p2           |     |        | val_n_rec_15         | add       | fabric                   | 0       |
|    add_ln302_7_fu_8428_p2            |     |        | add_ln302_7          | add       | fabric                   | 0       |
|    xor_ln302_14_fu_8450_p2           |     |        | xor_ln302_14         | xor       | auto                     | 0       |
|    and_ln302_7_fu_8456_p2            |     |        | and_ln302_7          | and       | auto                     | 0       |
|    xor_ln302_15_fu_8462_p2           |     |        | xor_ln302_15         | xor       | auto                     | 0       |
|    select_ln302_14_fu_8468_p3        |     |        | select_ln302_14      | select    | auto_sel                 | 0       |
|    val_n_rec_16_fu_8476_p3           |     |        | val_n_rec_16         | select    | auto_sel                 | 0       |
|    val_r_17_fu_9025_p2               |     |        | val_r_17             | add       | fabric                   | 0       |
|    add_ln300_8_fu_9030_p2            |     |        | add_ln300_8          | add       | fabric                   | 0       |
|    xor_ln300_16_fu_9052_p2           |     |        | xor_ln300_16         | xor       | auto                     | 0       |
|    and_ln300_8_fu_9058_p2            |     |        | and_ln300_8          | and       | auto                     | 0       |
|    xor_ln300_17_fu_9064_p2           |     |        | xor_ln300_17         | xor       | auto                     | 0       |
|    select_ln300_16_fu_9070_p3        |     |        | select_ln300_16      | select    | auto_sel                 | 0       |
|    val_r_18_fu_9078_p3               |     |        | val_r_18             | select    | auto_sel                 | 0       |
|    val_z_17_fu_9093_p2               |     |        | val_z_17             | add       | fabric                   | 0       |
|    add_ln301_8_fu_9098_p2            |     |        | add_ln301_8          | add       | fabric                   | 0       |
|    xor_ln301_16_fu_9120_p2           |     |        | xor_ln301_16         | xor       | auto                     | 0       |
|    and_ln301_8_fu_9126_p2            |     |        | and_ln301_8          | and       | auto                     | 0       |
|    xor_ln301_17_fu_9132_p2           |     |        | xor_ln301_17         | xor       | auto                     | 0       |
|    select_ln301_16_fu_9138_p3        |     |        | select_ln301_16      | select    | auto_sel                 | 0       |
|    val_z_18_fu_9146_p3               |     |        | val_z_18             | select    | auto_sel                 | 0       |
|    val_n_rec_17_fu_8758_p2           |     |        | val_n_rec_17         | add       | fabric                   | 0       |
|    add_ln302_8_fu_8762_p2            |     |        | add_ln302_8          | add       | fabric                   | 0       |
|    xor_ln302_16_fu_8784_p2           |     |        | xor_ln302_16         | xor       | auto                     | 0       |
|    and_ln302_8_fu_8790_p2            |     |        | and_ln302_8          | and       | auto                     | 0       |
|    xor_ln302_17_fu_8796_p2           |     |        | xor_ln302_17         | xor       | auto                     | 0       |
|    select_ln302_16_fu_8802_p3        |     |        | select_ln302_16      | select    | auto_sel                 | 0       |
|    val_n_rec_18_fu_8810_p3           |     |        | val_n_rec_18         | select    | auto_sel                 | 0       |
|    val_r_19_fu_9294_p2               |     |        | val_r_19             | add       | fabric                   | 0       |
|    add_ln300_9_fu_9298_p2            |     |        | add_ln300_9          | add       | fabric                   | 0       |
|    xor_ln300_18_fu_9320_p2           |     |        | xor_ln300_18         | xor       | auto                     | 0       |
|    and_ln300_9_fu_9326_p2            |     |        | and_ln300_9          | and       | auto                     | 0       |
|    xor_ln300_19_fu_9332_p2           |     |        | xor_ln300_19         | xor       | auto                     | 0       |
|    select_ln300_18_fu_9338_p3        |     |        | select_ln300_18      | select    | auto_sel                 | 0       |
|    val_r_20_fu_9346_p3               |     |        | val_r_20             | select    | auto_sel                 | 0       |
|    val_z_19_fu_9360_p2               |     |        | val_z_19             | add       | fabric                   | 0       |
|    add_ln301_9_fu_9364_p2            |     |        | add_ln301_9          | add       | fabric                   | 0       |
|    xor_ln301_18_fu_9386_p2           |     |        | xor_ln301_18         | xor       | auto                     | 0       |
|    and_ln301_9_fu_9392_p2            |     |        | and_ln301_9          | and       | auto                     | 0       |
|    xor_ln301_19_fu_9398_p2           |     |        | xor_ln301_19         | xor       | auto                     | 0       |
|    select_ln301_18_fu_9404_p3        |     |        | select_ln301_18      | select    | auto_sel                 | 0       |
|    val_z_20_fu_9412_p3               |     |        | val_z_20             | select    | auto_sel                 | 0       |
|    val_n_rec_19_fu_8825_p2           |     |        | val_n_rec_19         | add       | fabric                   | 0       |
|    add_ln302_9_fu_8830_p2            |     |        | add_ln302_9          | add       | fabric                   | 0       |
|    xor_ln302_18_fu_8852_p2           |     |        | xor_ln302_18         | xor       | auto                     | 0       |
|    and_ln302_9_fu_8858_p2            |     |        | and_ln302_9          | and       | auto                     | 0       |
|    xor_ln302_19_fu_8864_p2           |     |        | xor_ln302_19         | xor       | auto                     | 0       |
|    select_ln302_18_fu_8870_p3        |     |        | select_ln302_18      | select    | auto_sel                 | 0       |
|    val_n_rec_20_fu_8878_p3           |     |        | val_n_rec_20         | select    | auto_sel                 | 0       |
|    val_r_21_fu_9427_p2               |     |        | val_r_21             | add       | fabric                   | 0       |
|    add_ln300_10_fu_9432_p2           |     |        | add_ln300_10         | add       | fabric                   | 0       |
|    xor_ln300_20_fu_9454_p2           |     |        | xor_ln300_20         | xor       | auto                     | 0       |
|    and_ln300_10_fu_9460_p2           |     |        | and_ln300_10         | and       | auto                     | 0       |
|    xor_ln300_21_fu_9466_p2           |     |        | xor_ln300_21         | xor       | auto                     | 0       |
|    select_ln300_20_fu_9472_p3        |     |        | select_ln300_20      | select    | auto_sel                 | 0       |
|    val_r_22_fu_9480_p3               |     |        | val_r_22             | select    | auto_sel                 | 0       |
|    val_z_21_fu_9495_p2               |     |        | val_z_21             | add       | fabric                   | 0       |
|    add_ln301_10_fu_9500_p2           |     |        | add_ln301_10         | add       | fabric                   | 0       |
|    xor_ln301_20_fu_9522_p2           |     |        | xor_ln301_20         | xor       | auto                     | 0       |
|    and_ln301_10_fu_9528_p2           |     |        | and_ln301_10         | and       | auto                     | 0       |
|    xor_ln301_21_fu_9534_p2           |     |        | xor_ln301_21         | xor       | auto                     | 0       |
|    select_ln301_20_fu_9540_p3        |     |        | select_ln301_20      | select    | auto_sel                 | 0       |
|    val_z_22_fu_9548_p3               |     |        | val_z_22             | select    | auto_sel                 | 0       |
|    val_n_rec_21_fu_9160_p2           |     |        | val_n_rec_21         | add       | fabric                   | 0       |
|    add_ln302_10_fu_9164_p2           |     |        | add_ln302_10         | add       | fabric                   | 0       |
|    xor_ln302_20_fu_9186_p2           |     |        | xor_ln302_20         | xor       | auto                     | 0       |
|    and_ln302_10_fu_9192_p2           |     |        | and_ln302_10         | and       | auto                     | 0       |
|    xor_ln302_21_fu_9198_p2           |     |        | xor_ln302_21         | xor       | auto                     | 0       |
|    select_ln302_20_fu_9204_p3        |     |        | select_ln302_20      | select    | auto_sel                 | 0       |
|    val_n_rec_22_fu_9212_p3           |     |        | val_n_rec_22         | select    | auto_sel                 | 0       |
|    val_r_23_fu_9696_p2               |     |        | val_r_23             | add       | fabric                   | 0       |
|    add_ln300_11_fu_9700_p2           |     |        | add_ln300_11         | add       | fabric                   | 0       |
|    xor_ln300_22_fu_9722_p2           |     |        | xor_ln300_22         | xor       | auto                     | 0       |
|    and_ln300_11_fu_9728_p2           |     |        | and_ln300_11         | and       | auto                     | 0       |
|    xor_ln300_23_fu_9734_p2           |     |        | xor_ln300_23         | xor       | auto                     | 0       |
|    select_ln300_22_fu_9740_p3        |     |        | select_ln300_22      | select    | auto_sel                 | 0       |
|    val_r_24_fu_9748_p3               |     |        | val_r_24             | select    | auto_sel                 | 0       |
|    val_z_23_fu_9762_p2               |     |        | val_z_23             | add       | fabric                   | 0       |
|    add_ln301_11_fu_9766_p2           |     |        | add_ln301_11         | add       | fabric                   | 0       |
|    xor_ln301_22_fu_9788_p2           |     |        | xor_ln301_22         | xor       | auto                     | 0       |
|    and_ln301_11_fu_9794_p2           |     |        | and_ln301_11         | and       | auto                     | 0       |
|    xor_ln301_23_fu_9800_p2           |     |        | xor_ln301_23         | xor       | auto                     | 0       |
|    select_ln301_22_fu_9806_p3        |     |        | select_ln301_22      | select    | auto_sel                 | 0       |
|    val_z_24_fu_9814_p3               |     |        | val_z_24             | select    | auto_sel                 | 0       |
|    val_n_rec_23_fu_9227_p2           |     |        | val_n_rec_23         | add       | fabric                   | 0       |
|    add_ln302_11_fu_9232_p2           |     |        | add_ln302_11         | add       | fabric                   | 0       |
|    xor_ln302_22_fu_9254_p2           |     |        | xor_ln302_22         | xor       | auto                     | 0       |
|    and_ln302_11_fu_9260_p2           |     |        | and_ln302_11         | and       | auto                     | 0       |
|    xor_ln302_23_fu_9266_p2           |     |        | xor_ln302_23         | xor       | auto                     | 0       |
|    select_ln302_22_fu_9272_p3        |     |        | select_ln302_22      | select    | auto_sel                 | 0       |
|    val_n_rec_24_fu_9280_p3           |     |        | val_n_rec_24         | select    | auto_sel                 | 0       |
|    val_r_25_fu_9829_p2               |     |        | val_r_25             | add       | fabric                   | 0       |
|    add_ln300_12_fu_9834_p2           |     |        | add_ln300_12         | add       | fabric                   | 0       |
|    xor_ln300_24_fu_9856_p2           |     |        | xor_ln300_24         | xor       | auto                     | 0       |
|    and_ln300_12_fu_9862_p2           |     |        | and_ln300_12         | and       | auto                     | 0       |
|    xor_ln300_25_fu_9868_p2           |     |        | xor_ln300_25         | xor       | auto                     | 0       |
|    select_ln300_24_fu_9874_p3        |     |        | select_ln300_24      | select    | auto_sel                 | 0       |
|    val_r_26_fu_9882_p3               |     |        | val_r_26             | select    | auto_sel                 | 0       |
|    val_z_25_fu_9897_p2               |     |        | val_z_25             | add       | fabric                   | 0       |
|    add_ln301_12_fu_9902_p2           |     |        | add_ln301_12         | add       | fabric                   | 0       |
|    xor_ln301_24_fu_9924_p2           |     |        | xor_ln301_24         | xor       | auto                     | 0       |
|    and_ln301_12_fu_9930_p2           |     |        | and_ln301_12         | and       | auto                     | 0       |
|    xor_ln301_25_fu_9936_p2           |     |        | xor_ln301_25         | xor       | auto                     | 0       |
|    select_ln301_24_fu_9942_p3        |     |        | select_ln301_24      | select    | auto_sel                 | 0       |
|    val_z_26_fu_9950_p3               |     |        | val_z_26             | select    | auto_sel                 | 0       |
|    val_n_rec_25_fu_9562_p2           |     |        | val_n_rec_25         | add       | fabric                   | 0       |
|    add_ln302_12_fu_9566_p2           |     |        | add_ln302_12         | add       | fabric                   | 0       |
|    xor_ln302_24_fu_9588_p2           |     |        | xor_ln302_24         | xor       | auto                     | 0       |
|    and_ln302_12_fu_9594_p2           |     |        | and_ln302_12         | and       | auto                     | 0       |
|    xor_ln302_25_fu_9600_p2           |     |        | xor_ln302_25         | xor       | auto                     | 0       |
|    select_ln302_24_fu_9606_p3        |     |        | select_ln302_24      | select    | auto_sel                 | 0       |
|    val_n_rec_26_fu_9614_p3           |     |        | val_n_rec_26         | select    | auto_sel                 | 0       |
|    val_r_27_fu_10098_p2              |     |        | val_r_27             | add       | fabric                   | 0       |
|    add_ln300_13_fu_10102_p2          |     |        | add_ln300_13         | add       | fabric                   | 0       |
|    xor_ln300_26_fu_10124_p2          |     |        | xor_ln300_26         | xor       | auto                     | 0       |
|    and_ln300_13_fu_10130_p2          |     |        | and_ln300_13         | and       | auto                     | 0       |
|    xor_ln300_27_fu_10136_p2          |     |        | xor_ln300_27         | xor       | auto                     | 0       |
|    select_ln300_26_fu_10142_p3       |     |        | select_ln300_26      | select    | auto_sel                 | 0       |
|    val_r_28_fu_10150_p3              |     |        | val_r_28             | select    | auto_sel                 | 0       |
|    val_z_27_fu_10164_p2              |     |        | val_z_27             | add       | fabric                   | 0       |
|    add_ln301_13_fu_10168_p2          |     |        | add_ln301_13         | add       | fabric                   | 0       |
|    xor_ln301_26_fu_10190_p2          |     |        | xor_ln301_26         | xor       | auto                     | 0       |
|    and_ln301_13_fu_10196_p2          |     |        | and_ln301_13         | and       | auto                     | 0       |
|    xor_ln301_27_fu_10202_p2          |     |        | xor_ln301_27         | xor       | auto                     | 0       |
|    select_ln301_26_fu_10208_p3       |     |        | select_ln301_26      | select    | auto_sel                 | 0       |
|    val_z_28_fu_10216_p3              |     |        | val_z_28             | select    | auto_sel                 | 0       |
|    val_n_rec_27_fu_9629_p2           |     |        | val_n_rec_27         | add       | fabric                   | 0       |
|    add_ln302_13_fu_9634_p2           |     |        | add_ln302_13         | add       | fabric                   | 0       |
|    xor_ln302_26_fu_9656_p2           |     |        | xor_ln302_26         | xor       | auto                     | 0       |
|    and_ln302_13_fu_9662_p2           |     |        | and_ln302_13         | and       | auto                     | 0       |
|    xor_ln302_27_fu_9668_p2           |     |        | xor_ln302_27         | xor       | auto                     | 0       |
|    select_ln302_26_fu_9674_p3        |     |        | select_ln302_26      | select    | auto_sel                 | 0       |
|    val_n_rec_28_fu_9682_p3           |     |        | val_n_rec_28         | select    | auto_sel                 | 0       |
|    val_r_29_fu_10231_p2              |     |        | val_r_29             | add       | fabric                   | 0       |
|    add_ln300_14_fu_10236_p2          |     |        | add_ln300_14         | add       | fabric                   | 0       |
|    xor_ln300_28_fu_10258_p2          |     |        | xor_ln300_28         | xor       | auto                     | 0       |
|    and_ln300_14_fu_10264_p2          |     |        | and_ln300_14         | and       | auto                     | 0       |
|    xor_ln300_29_fu_10270_p2          |     |        | xor_ln300_29         | xor       | auto                     | 0       |
|    select_ln300_28_fu_10276_p3       |     |        | select_ln300_28      | select    | auto_sel                 | 0       |
|    val_r_30_fu_10284_p3              |     |        | val_r_30             | select    | auto_sel                 | 0       |
|    val_z_29_fu_10299_p2              |     |        | val_z_29             | add       | fabric                   | 0       |
|    add_ln301_14_fu_10304_p2          |     |        | add_ln301_14         | add       | fabric                   | 0       |
|    xor_ln301_28_fu_10326_p2          |     |        | xor_ln301_28         | xor       | auto                     | 0       |
|    and_ln301_14_fu_10332_p2          |     |        | and_ln301_14         | and       | auto                     | 0       |
|    xor_ln301_29_fu_10338_p2          |     |        | xor_ln301_29         | xor       | auto                     | 0       |
|    select_ln301_28_fu_10344_p3       |     |        | select_ln301_28      | select    | auto_sel                 | 0       |
|    val_z_30_fu_10352_p3              |     |        | val_z_30             | select    | auto_sel                 | 0       |
|    val_n_rec_29_fu_9964_p2           |     |        | val_n_rec_29         | add       | fabric                   | 0       |
|    add_ln302_14_fu_9968_p2           |     |        | add_ln302_14         | add       | fabric                   | 0       |
|    xor_ln302_28_fu_9990_p2           |     |        | xor_ln302_28         | xor       | auto                     | 0       |
|    and_ln302_14_fu_9996_p2           |     |        | and_ln302_14         | and       | auto                     | 0       |
|    xor_ln302_29_fu_10002_p2          |     |        | xor_ln302_29         | xor       | auto                     | 0       |
|    select_ln302_28_fu_10008_p3       |     |        | select_ln302_28      | select    | auto_sel                 | 0       |
|    val_n_rec_30_fu_10016_p3          |     |        | val_n_rec_30         | select    | auto_sel                 | 0       |
|    val_r_31_fu_10500_p2              |     |        | val_r_31             | add       | fabric                   | 0       |
|    add_ln300_15_fu_10504_p2          |     |        | add_ln300_15         | add       | fabric                   | 0       |
|    xor_ln300_30_fu_10526_p2          |     |        | xor_ln300_30         | xor       | auto                     | 0       |
|    and_ln300_15_fu_10532_p2          |     |        | and_ln300_15         | and       | auto                     | 0       |
|    xor_ln300_31_fu_10538_p2          |     |        | xor_ln300_31         | xor       | auto                     | 0       |
|    select_ln300_30_fu_10544_p3       |     |        | select_ln300_30      | select    | auto_sel                 | 0       |
|    val_r_32_fu_10552_p3              |     |        | val_r_32             | select    | auto_sel                 | 0       |
|    val_z_31_fu_10566_p2              |     |        | val_z_31             | add       | fabric                   | 0       |
|    add_ln301_15_fu_10570_p2          |     |        | add_ln301_15         | add       | fabric                   | 0       |
|    xor_ln301_30_fu_10592_p2          |     |        | xor_ln301_30         | xor       | auto                     | 0       |
|    and_ln301_15_fu_10598_p2          |     |        | and_ln301_15         | and       | auto                     | 0       |
|    xor_ln301_31_fu_10604_p2          |     |        | xor_ln301_31         | xor       | auto                     | 0       |
|    select_ln301_30_fu_10610_p3       |     |        | select_ln301_30      | select    | auto_sel                 | 0       |
|    val_z_32_fu_10618_p3              |     |        | val_z_32             | select    | auto_sel                 | 0       |
|    val_n_rec_31_fu_10031_p2          |     |        | val_n_rec_31         | add       | fabric                   | 0       |
|    add_ln302_15_fu_10036_p2          |     |        | add_ln302_15         | add       | fabric                   | 0       |
|    xor_ln302_30_fu_10058_p2          |     |        | xor_ln302_30         | xor       | auto                     | 0       |
|    and_ln302_15_fu_10064_p2          |     |        | and_ln302_15         | and       | auto                     | 0       |
|    xor_ln302_31_fu_10070_p2          |     |        | xor_ln302_31         | xor       | auto                     | 0       |
|    select_ln302_30_fu_10076_p3       |     |        | select_ln302_30      | select    | auto_sel                 | 0       |
|    val_n_rec_32_fu_10084_p3          |     |        | val_n_rec_32         | select    | auto_sel                 | 0       |
|    val_r_33_fu_10633_p2              |     |        | val_r_33             | add       | fabric                   | 0       |
|    add_ln300_16_fu_10638_p2          |     |        | add_ln300_16         | add       | fabric                   | 0       |
|    xor_ln300_32_fu_10660_p2          |     |        | xor_ln300_32         | xor       | auto                     | 0       |
|    and_ln300_16_fu_10666_p2          |     |        | and_ln300_16         | and       | auto                     | 0       |
|    xor_ln300_33_fu_10672_p2          |     |        | xor_ln300_33         | xor       | auto                     | 0       |
|    select_ln300_32_fu_10678_p3       |     |        | select_ln300_32      | select    | auto_sel                 | 0       |
|    val_r_34_fu_10686_p3              |     |        | val_r_34             | select    | auto_sel                 | 0       |
|    val_z_33_fu_10701_p2              |     |        | val_z_33             | add       | fabric                   | 0       |
|    add_ln301_16_fu_10706_p2          |     |        | add_ln301_16         | add       | fabric                   | 0       |
|    xor_ln301_32_fu_10728_p2          |     |        | xor_ln301_32         | xor       | auto                     | 0       |
|    and_ln301_16_fu_10734_p2          |     |        | and_ln301_16         | and       | auto                     | 0       |
|    xor_ln301_33_fu_10740_p2          |     |        | xor_ln301_33         | xor       | auto                     | 0       |
|    select_ln301_32_fu_10746_p3       |     |        | select_ln301_32      | select    | auto_sel                 | 0       |
|    val_z_34_fu_10754_p3              |     |        | val_z_34             | select    | auto_sel                 | 0       |
|    val_n_rec_33_fu_10366_p2          |     |        | val_n_rec_33         | add       | fabric                   | 0       |
|    add_ln302_16_fu_10370_p2          |     |        | add_ln302_16         | add       | fabric                   | 0       |
|    xor_ln302_32_fu_10392_p2          |     |        | xor_ln302_32         | xor       | auto                     | 0       |
|    and_ln302_16_fu_10398_p2          |     |        | and_ln302_16         | and       | auto                     | 0       |
|    xor_ln302_33_fu_10404_p2          |     |        | xor_ln302_33         | xor       | auto                     | 0       |
|    select_ln302_32_fu_10410_p3       |     |        | select_ln302_32      | select    | auto_sel                 | 0       |
|    val_n_rec_34_fu_10418_p3          |     |        | val_n_rec_34         | select    | auto_sel                 | 0       |
|    val_r_35_fu_10902_p2              |     |        | val_r_35             | add       | fabric                   | 0       |
|    add_ln300_17_fu_10906_p2          |     |        | add_ln300_17         | add       | fabric                   | 0       |
|    xor_ln300_34_fu_10928_p2          |     |        | xor_ln300_34         | xor       | auto                     | 0       |
|    and_ln300_17_fu_10934_p2          |     |        | and_ln300_17         | and       | auto                     | 0       |
|    xor_ln300_35_fu_10940_p2          |     |        | xor_ln300_35         | xor       | auto                     | 0       |
|    select_ln300_34_fu_10946_p3       |     |        | select_ln300_34      | select    | auto_sel                 | 0       |
|    val_r_36_fu_10954_p3              |     |        | val_r_36             | select    | auto_sel                 | 0       |
|    val_z_35_fu_10968_p2              |     |        | val_z_35             | add       | fabric                   | 0       |
|    add_ln301_17_fu_10972_p2          |     |        | add_ln301_17         | add       | fabric                   | 0       |
|    xor_ln301_34_fu_10994_p2          |     |        | xor_ln301_34         | xor       | auto                     | 0       |
|    and_ln301_17_fu_11000_p2          |     |        | and_ln301_17         | and       | auto                     | 0       |
|    xor_ln301_35_fu_11006_p2          |     |        | xor_ln301_35         | xor       | auto                     | 0       |
|    select_ln301_34_fu_11012_p3       |     |        | select_ln301_34      | select    | auto_sel                 | 0       |
|    val_z_36_fu_11020_p3              |     |        | val_z_36             | select    | auto_sel                 | 0       |
|    val_n_rec_35_fu_10433_p2          |     |        | val_n_rec_35         | add       | fabric                   | 0       |
|    add_ln302_17_fu_10438_p2          |     |        | add_ln302_17         | add       | fabric                   | 0       |
|    xor_ln302_34_fu_10460_p2          |     |        | xor_ln302_34         | xor       | auto                     | 0       |
|    and_ln302_17_fu_10466_p2          |     |        | and_ln302_17         | and       | auto                     | 0       |
|    xor_ln302_35_fu_10472_p2          |     |        | xor_ln302_35         | xor       | auto                     | 0       |
|    select_ln302_34_fu_10478_p3       |     |        | select_ln302_34      | select    | auto_sel                 | 0       |
|    val_n_rec_36_fu_10486_p3          |     |        | val_n_rec_36         | select    | auto_sel                 | 0       |
|    val_r_37_fu_11035_p2              |     |        | val_r_37             | add       | fabric                   | 0       |
|    add_ln300_18_fu_11040_p2          |     |        | add_ln300_18         | add       | fabric                   | 0       |
|    xor_ln300_36_fu_11062_p2          |     |        | xor_ln300_36         | xor       | auto                     | 0       |
|    and_ln300_18_fu_11068_p2          |     |        | and_ln300_18         | and       | auto                     | 0       |
|    xor_ln300_37_fu_11074_p2          |     |        | xor_ln300_37         | xor       | auto                     | 0       |
|    select_ln300_36_fu_11080_p3       |     |        | select_ln300_36      | select    | auto_sel                 | 0       |
|    val_r_38_fu_11088_p3              |     |        | val_r_38             | select    | auto_sel                 | 0       |
|    val_z_37_fu_11103_p2              |     |        | val_z_37             | add       | fabric                   | 0       |
|    add_ln301_18_fu_11108_p2          |     |        | add_ln301_18         | add       | fabric                   | 0       |
|    xor_ln301_36_fu_11130_p2          |     |        | xor_ln301_36         | xor       | auto                     | 0       |
|    and_ln301_18_fu_11136_p2          |     |        | and_ln301_18         | and       | auto                     | 0       |
|    xor_ln301_37_fu_11142_p2          |     |        | xor_ln301_37         | xor       | auto                     | 0       |
|    select_ln301_36_fu_11148_p3       |     |        | select_ln301_36      | select    | auto_sel                 | 0       |
|    val_z_38_fu_11156_p3              |     |        | val_z_38             | select    | auto_sel                 | 0       |
|    val_n_rec_37_fu_10768_p2          |     |        | val_n_rec_37         | add       | fabric                   | 0       |
|    add_ln302_18_fu_10772_p2          |     |        | add_ln302_18         | add       | fabric                   | 0       |
|    xor_ln302_36_fu_10794_p2          |     |        | xor_ln302_36         | xor       | auto                     | 0       |
|    and_ln302_18_fu_10800_p2          |     |        | and_ln302_18         | and       | auto                     | 0       |
|    xor_ln302_37_fu_10806_p2          |     |        | xor_ln302_37         | xor       | auto                     | 0       |
|    select_ln302_36_fu_10812_p3       |     |        | select_ln302_36      | select    | auto_sel                 | 0       |
|    val_n_rec_38_fu_10820_p3          |     |        | val_n_rec_38         | select    | auto_sel                 | 0       |
|    val_r_39_fu_11304_p2              |     |        | val_r_39             | add       | fabric                   | 0       |
|    add_ln300_19_fu_11308_p2          |     |        | add_ln300_19         | add       | fabric                   | 0       |
|    xor_ln300_38_fu_11330_p2          |     |        | xor_ln300_38         | xor       | auto                     | 0       |
|    and_ln300_19_fu_11336_p2          |     |        | and_ln300_19         | and       | auto                     | 0       |
|    xor_ln300_39_fu_11342_p2          |     |        | xor_ln300_39         | xor       | auto                     | 0       |
|    select_ln300_38_fu_11348_p3       |     |        | select_ln300_38      | select    | auto_sel                 | 0       |
|    val_r_40_fu_11356_p3              |     |        | val_r_40             | select    | auto_sel                 | 0       |
|    val_z_39_fu_11370_p2              |     |        | val_z_39             | add       | fabric                   | 0       |
|    add_ln301_19_fu_11374_p2          |     |        | add_ln301_19         | add       | fabric                   | 0       |
|    xor_ln301_38_fu_11396_p2          |     |        | xor_ln301_38         | xor       | auto                     | 0       |
|    and_ln301_19_fu_11402_p2          |     |        | and_ln301_19         | and       | auto                     | 0       |
|    xor_ln301_39_fu_11408_p2          |     |        | xor_ln301_39         | xor       | auto                     | 0       |
|    select_ln301_38_fu_11414_p3       |     |        | select_ln301_38      | select    | auto_sel                 | 0       |
|    val_z_40_fu_11422_p3              |     |        | val_z_40             | select    | auto_sel                 | 0       |
|    val_n_rec_39_fu_10835_p2          |     |        | val_n_rec_39         | add       | fabric                   | 0       |
|    add_ln302_19_fu_10840_p2          |     |        | add_ln302_19         | add       | fabric                   | 0       |
|    xor_ln302_38_fu_10862_p2          |     |        | xor_ln302_38         | xor       | auto                     | 0       |
|    and_ln302_19_fu_10868_p2          |     |        | and_ln302_19         | and       | auto                     | 0       |
|    xor_ln302_39_fu_10874_p2          |     |        | xor_ln302_39         | xor       | auto                     | 0       |
|    select_ln302_38_fu_10880_p3       |     |        | select_ln302_38      | select    | auto_sel                 | 0       |
|    val_n_rec_40_fu_10888_p3          |     |        | val_n_rec_40         | select    | auto_sel                 | 0       |
|    val_r_41_fu_11437_p2              |     |        | val_r_41             | add       | fabric                   | 0       |
|    add_ln300_20_fu_11442_p2          |     |        | add_ln300_20         | add       | fabric                   | 0       |
|    xor_ln300_40_fu_11464_p2          |     |        | xor_ln300_40         | xor       | auto                     | 0       |
|    and_ln300_20_fu_11470_p2          |     |        | and_ln300_20         | and       | auto                     | 0       |
|    xor_ln300_41_fu_11476_p2          |     |        | xor_ln300_41         | xor       | auto                     | 0       |
|    select_ln300_40_fu_11482_p3       |     |        | select_ln300_40      | select    | auto_sel                 | 0       |
|    val_r_42_fu_11490_p3              |     |        | val_r_42             | select    | auto_sel                 | 0       |
|    val_z_41_fu_11505_p2              |     |        | val_z_41             | add       | fabric                   | 0       |
|    add_ln301_20_fu_11510_p2          |     |        | add_ln301_20         | add       | fabric                   | 0       |
|    xor_ln301_40_fu_11532_p2          |     |        | xor_ln301_40         | xor       | auto                     | 0       |
|    and_ln301_20_fu_11538_p2          |     |        | and_ln301_20         | and       | auto                     | 0       |
|    xor_ln301_41_fu_11544_p2          |     |        | xor_ln301_41         | xor       | auto                     | 0       |
|    select_ln301_40_fu_11550_p3       |     |        | select_ln301_40      | select    | auto_sel                 | 0       |
|    val_z_42_fu_11558_p3              |     |        | val_z_42             | select    | auto_sel                 | 0       |
|    val_n_rec_41_fu_11170_p2          |     |        | val_n_rec_41         | add       | fabric                   | 0       |
|    add_ln302_20_fu_11174_p2          |     |        | add_ln302_20         | add       | fabric                   | 0       |
|    xor_ln302_40_fu_11196_p2          |     |        | xor_ln302_40         | xor       | auto                     | 0       |
|    and_ln302_20_fu_11202_p2          |     |        | and_ln302_20         | and       | auto                     | 0       |
|    xor_ln302_41_fu_11208_p2          |     |        | xor_ln302_41         | xor       | auto                     | 0       |
|    select_ln302_40_fu_11214_p3       |     |        | select_ln302_40      | select    | auto_sel                 | 0       |
|    val_n_rec_42_fu_11222_p3          |     |        | val_n_rec_42         | select    | auto_sel                 | 0       |
|    val_r_43_fu_11706_p2              |     |        | val_r_43             | add       | fabric                   | 0       |
|    add_ln300_21_fu_11710_p2          |     |        | add_ln300_21         | add       | fabric                   | 0       |
|    xor_ln300_42_fu_11732_p2          |     |        | xor_ln300_42         | xor       | auto                     | 0       |
|    and_ln300_21_fu_11738_p2          |     |        | and_ln300_21         | and       | auto                     | 0       |
|    xor_ln300_43_fu_11744_p2          |     |        | xor_ln300_43         | xor       | auto                     | 0       |
|    select_ln300_42_fu_11750_p3       |     |        | select_ln300_42      | select    | auto_sel                 | 0       |
|    val_r_44_fu_11758_p3              |     |        | val_r_44             | select    | auto_sel                 | 0       |
|    val_z_43_fu_11772_p2              |     |        | val_z_43             | add       | fabric                   | 0       |
|    add_ln301_21_fu_11776_p2          |     |        | add_ln301_21         | add       | fabric                   | 0       |
|    xor_ln301_42_fu_11798_p2          |     |        | xor_ln301_42         | xor       | auto                     | 0       |
|    and_ln301_21_fu_11804_p2          |     |        | and_ln301_21         | and       | auto                     | 0       |
|    xor_ln301_43_fu_11810_p2          |     |        | xor_ln301_43         | xor       | auto                     | 0       |
|    select_ln301_42_fu_11816_p3       |     |        | select_ln301_42      | select    | auto_sel                 | 0       |
|    val_z_44_fu_11824_p3              |     |        | val_z_44             | select    | auto_sel                 | 0       |
|    val_n_rec_43_fu_11237_p2          |     |        | val_n_rec_43         | add       | fabric                   | 0       |
|    add_ln302_21_fu_11242_p2          |     |        | add_ln302_21         | add       | fabric                   | 0       |
|    xor_ln302_42_fu_11264_p2          |     |        | xor_ln302_42         | xor       | auto                     | 0       |
|    and_ln302_21_fu_11270_p2          |     |        | and_ln302_21         | and       | auto                     | 0       |
|    xor_ln302_43_fu_11276_p2          |     |        | xor_ln302_43         | xor       | auto                     | 0       |
|    select_ln302_42_fu_11282_p3       |     |        | select_ln302_42      | select    | auto_sel                 | 0       |
|    val_n_rec_44_fu_11290_p3          |     |        | val_n_rec_44         | select    | auto_sel                 | 0       |
|    val_r_45_fu_11839_p2              |     |        | val_r_45             | add       | fabric                   | 0       |
|    add_ln300_22_fu_11844_p2          |     |        | add_ln300_22         | add       | fabric                   | 0       |
|    xor_ln300_44_fu_11866_p2          |     |        | xor_ln300_44         | xor       | auto                     | 0       |
|    and_ln300_22_fu_11872_p2          |     |        | and_ln300_22         | and       | auto                     | 0       |
|    xor_ln300_45_fu_11878_p2          |     |        | xor_ln300_45         | xor       | auto                     | 0       |
|    select_ln300_44_fu_11884_p3       |     |        | select_ln300_44      | select    | auto_sel                 | 0       |
|    val_r_46_fu_11892_p3              |     |        | val_r_46             | select    | auto_sel                 | 0       |
|    val_z_45_fu_11907_p2              |     |        | val_z_45             | add       | fabric                   | 0       |
|    add_ln301_22_fu_11912_p2          |     |        | add_ln301_22         | add       | fabric                   | 0       |
|    xor_ln301_44_fu_11934_p2          |     |        | xor_ln301_44         | xor       | auto                     | 0       |
|    and_ln301_22_fu_11940_p2          |     |        | and_ln301_22         | and       | auto                     | 0       |
|    xor_ln301_45_fu_11946_p2          |     |        | xor_ln301_45         | xor       | auto                     | 0       |
|    select_ln301_44_fu_11952_p3       |     |        | select_ln301_44      | select    | auto_sel                 | 0       |
|    val_z_46_fu_11960_p3              |     |        | val_z_46             | select    | auto_sel                 | 0       |
|    val_n_rec_45_fu_11572_p2          |     |        | val_n_rec_45         | add       | fabric                   | 0       |
|    add_ln302_22_fu_11576_p2          |     |        | add_ln302_22         | add       | fabric                   | 0       |
|    xor_ln302_44_fu_11598_p2          |     |        | xor_ln302_44         | xor       | auto                     | 0       |
|    and_ln302_22_fu_11604_p2          |     |        | and_ln302_22         | and       | auto                     | 0       |
|    xor_ln302_45_fu_11610_p2          |     |        | xor_ln302_45         | xor       | auto                     | 0       |
|    select_ln302_44_fu_11616_p3       |     |        | select_ln302_44      | select    | auto_sel                 | 0       |
|    val_n_rec_46_fu_11624_p3          |     |        | val_n_rec_46         | select    | auto_sel                 | 0       |
|    val_r_47_fu_12108_p2              |     |        | val_r_47             | add       | fabric                   | 0       |
|    add_ln300_23_fu_12112_p2          |     |        | add_ln300_23         | add       | fabric                   | 0       |
|    xor_ln300_46_fu_12134_p2          |     |        | xor_ln300_46         | xor       | auto                     | 0       |
|    and_ln300_23_fu_12140_p2          |     |        | and_ln300_23         | and       | auto                     | 0       |
|    xor_ln300_47_fu_12146_p2          |     |        | xor_ln300_47         | xor       | auto                     | 0       |
|    select_ln300_46_fu_12152_p3       |     |        | select_ln300_46      | select    | auto_sel                 | 0       |
|    val_r_48_fu_12160_p3              |     |        | val_r_48             | select    | auto_sel                 | 0       |
|    val_z_47_fu_12174_p2              |     |        | val_z_47             | add       | fabric                   | 0       |
|    add_ln301_23_fu_12178_p2          |     |        | add_ln301_23         | add       | fabric                   | 0       |
|    xor_ln301_46_fu_12200_p2          |     |        | xor_ln301_46         | xor       | auto                     | 0       |
|    and_ln301_23_fu_12206_p2          |     |        | and_ln301_23         | and       | auto                     | 0       |
|    xor_ln301_47_fu_12212_p2          |     |        | xor_ln301_47         | xor       | auto                     | 0       |
|    select_ln301_46_fu_12218_p3       |     |        | select_ln301_46      | select    | auto_sel                 | 0       |
|    val_z_48_fu_12226_p3              |     |        | val_z_48             | select    | auto_sel                 | 0       |
|    val_n_rec_47_fu_11639_p2          |     |        | val_n_rec_47         | add       | fabric                   | 0       |
|    add_ln302_23_fu_11644_p2          |     |        | add_ln302_23         | add       | fabric                   | 0       |
|    xor_ln302_46_fu_11666_p2          |     |        | xor_ln302_46         | xor       | auto                     | 0       |
|    and_ln302_23_fu_11672_p2          |     |        | and_ln302_23         | and       | auto                     | 0       |
|    xor_ln302_47_fu_11678_p2          |     |        | xor_ln302_47         | xor       | auto                     | 0       |
|    select_ln302_46_fu_11684_p3       |     |        | select_ln302_46      | select    | auto_sel                 | 0       |
|    val_n_rec_48_fu_11692_p3          |     |        | val_n_rec_48         | select    | auto_sel                 | 0       |
|    val_r_49_fu_12241_p2              |     |        | val_r_49             | add       | fabric                   | 0       |
|    add_ln300_24_fu_12246_p2          |     |        | add_ln300_24         | add       | fabric                   | 0       |
|    xor_ln300_48_fu_12268_p2          |     |        | xor_ln300_48         | xor       | auto                     | 0       |
|    and_ln300_24_fu_12274_p2          |     |        | and_ln300_24         | and       | auto                     | 0       |
|    xor_ln300_49_fu_12280_p2          |     |        | xor_ln300_49         | xor       | auto                     | 0       |
|    select_ln300_48_fu_12286_p3       |     |        | select_ln300_48      | select    | auto_sel                 | 0       |
|    val_r_50_fu_12294_p3              |     |        | val_r_50             | select    | auto_sel                 | 0       |
|    val_z_49_fu_12309_p2              |     |        | val_z_49             | add       | fabric                   | 0       |
|    add_ln301_24_fu_12314_p2          |     |        | add_ln301_24         | add       | fabric                   | 0       |
|    xor_ln301_48_fu_12336_p2          |     |        | xor_ln301_48         | xor       | auto                     | 0       |
|    and_ln301_24_fu_12342_p2          |     |        | and_ln301_24         | and       | auto                     | 0       |
|    xor_ln301_49_fu_12348_p2          |     |        | xor_ln301_49         | xor       | auto                     | 0       |
|    select_ln301_48_fu_12354_p3       |     |        | select_ln301_48      | select    | auto_sel                 | 0       |
|    val_z_50_fu_12362_p3              |     |        | val_z_50             | select    | auto_sel                 | 0       |
|    val_n_rec_49_fu_11974_p2          |     |        | val_n_rec_49         | add       | fabric                   | 0       |
|    add_ln302_24_fu_11978_p2          |     |        | add_ln302_24         | add       | fabric                   | 0       |
|    xor_ln302_48_fu_12000_p2          |     |        | xor_ln302_48         | xor       | auto                     | 0       |
|    and_ln302_24_fu_12006_p2          |     |        | and_ln302_24         | and       | auto                     | 0       |
|    xor_ln302_49_fu_12012_p2          |     |        | xor_ln302_49         | xor       | auto                     | 0       |
|    select_ln302_48_fu_12018_p3       |     |        | select_ln302_48      | select    | auto_sel                 | 0       |
|    val_n_rec_50_fu_12026_p3          |     |        | val_n_rec_50         | select    | auto_sel                 | 0       |
|    val_r_51_fu_12510_p2              |     |        | val_r_51             | add       | fabric                   | 0       |
|    add_ln300_25_fu_12514_p2          |     |        | add_ln300_25         | add       | fabric                   | 0       |
|    xor_ln300_50_fu_12536_p2          |     |        | xor_ln300_50         | xor       | auto                     | 0       |
|    and_ln300_25_fu_12542_p2          |     |        | and_ln300_25         | and       | auto                     | 0       |
|    xor_ln300_51_fu_12548_p2          |     |        | xor_ln300_51         | xor       | auto                     | 0       |
|    select_ln300_50_fu_12554_p3       |     |        | select_ln300_50      | select    | auto_sel                 | 0       |
|    val_r_52_fu_12562_p3              |     |        | val_r_52             | select    | auto_sel                 | 0       |
|    val_z_51_fu_12576_p2              |     |        | val_z_51             | add       | fabric                   | 0       |
|    add_ln301_25_fu_12580_p2          |     |        | add_ln301_25         | add       | fabric                   | 0       |
|    xor_ln301_50_fu_12602_p2          |     |        | xor_ln301_50         | xor       | auto                     | 0       |
|    and_ln301_25_fu_12608_p2          |     |        | and_ln301_25         | and       | auto                     | 0       |
|    xor_ln301_51_fu_12614_p2          |     |        | xor_ln301_51         | xor       | auto                     | 0       |
|    select_ln301_50_fu_12620_p3       |     |        | select_ln301_50      | select    | auto_sel                 | 0       |
|    val_z_52_fu_12628_p3              |     |        | val_z_52             | select    | auto_sel                 | 0       |
|    val_n_rec_51_fu_12041_p2          |     |        | val_n_rec_51         | add       | fabric                   | 0       |
|    add_ln302_25_fu_12046_p2          |     |        | add_ln302_25         | add       | fabric                   | 0       |
|    xor_ln302_50_fu_12068_p2          |     |        | xor_ln302_50         | xor       | auto                     | 0       |
|    and_ln302_25_fu_12074_p2          |     |        | and_ln302_25         | and       | auto                     | 0       |
|    xor_ln302_51_fu_12080_p2          |     |        | xor_ln302_51         | xor       | auto                     | 0       |
|    select_ln302_50_fu_12086_p3       |     |        | select_ln302_50      | select    | auto_sel                 | 0       |
|    val_n_rec_52_fu_12094_p3          |     |        | val_n_rec_52         | select    | auto_sel                 | 0       |
|    val_r_53_fu_12643_p2              |     |        | val_r_53             | add       | fabric                   | 0       |
|    add_ln300_26_fu_12648_p2          |     |        | add_ln300_26         | add       | fabric                   | 0       |
|    xor_ln300_52_fu_12670_p2          |     |        | xor_ln300_52         | xor       | auto                     | 0       |
|    and_ln300_26_fu_12676_p2          |     |        | and_ln300_26         | and       | auto                     | 0       |
|    xor_ln300_53_fu_12682_p2          |     |        | xor_ln300_53         | xor       | auto                     | 0       |
|    select_ln300_52_fu_12688_p3       |     |        | select_ln300_52      | select    | auto_sel                 | 0       |
|    val_r_54_fu_12696_p3              |     |        | val_r_54             | select    | auto_sel                 | 0       |
|    val_z_53_fu_12711_p2              |     |        | val_z_53             | add       | fabric                   | 0       |
|    add_ln301_26_fu_12716_p2          |     |        | add_ln301_26         | add       | fabric                   | 0       |
|    xor_ln301_52_fu_12738_p2          |     |        | xor_ln301_52         | xor       | auto                     | 0       |
|    and_ln301_26_fu_12744_p2          |     |        | and_ln301_26         | and       | auto                     | 0       |
|    xor_ln301_53_fu_12750_p2          |     |        | xor_ln301_53         | xor       | auto                     | 0       |
|    select_ln301_52_fu_12756_p3       |     |        | select_ln301_52      | select    | auto_sel                 | 0       |
|    val_z_54_fu_12764_p3              |     |        | val_z_54             | select    | auto_sel                 | 0       |
|    val_n_rec_53_fu_12376_p2          |     |        | val_n_rec_53         | add       | fabric                   | 0       |
|    add_ln302_26_fu_12380_p2          |     |        | add_ln302_26         | add       | fabric                   | 0       |
|    xor_ln302_52_fu_12402_p2          |     |        | xor_ln302_52         | xor       | auto                     | 0       |
|    and_ln302_26_fu_12408_p2          |     |        | and_ln302_26         | and       | auto                     | 0       |
|    xor_ln302_53_fu_12414_p2          |     |        | xor_ln302_53         | xor       | auto                     | 0       |
|    select_ln302_52_fu_12420_p3       |     |        | select_ln302_52      | select    | auto_sel                 | 0       |
|    val_n_rec_54_fu_12428_p3          |     |        | val_n_rec_54         | select    | auto_sel                 | 0       |
|    val_r_55_fu_12912_p2              |     |        | val_r_55             | add       | fabric                   | 0       |
|    add_ln300_27_fu_12916_p2          |     |        | add_ln300_27         | add       | fabric                   | 0       |
|    xor_ln300_54_fu_12938_p2          |     |        | xor_ln300_54         | xor       | auto                     | 0       |
|    and_ln300_27_fu_12944_p2          |     |        | and_ln300_27         | and       | auto                     | 0       |
|    xor_ln300_55_fu_12950_p2          |     |        | xor_ln300_55         | xor       | auto                     | 0       |
|    select_ln300_54_fu_12956_p3       |     |        | select_ln300_54      | select    | auto_sel                 | 0       |
|    val_r_56_fu_12964_p3              |     |        | val_r_56             | select    | auto_sel                 | 0       |
|    val_z_55_fu_12978_p2              |     |        | val_z_55             | add       | fabric                   | 0       |
|    add_ln301_27_fu_12982_p2          |     |        | add_ln301_27         | add       | fabric                   | 0       |
|    xor_ln301_54_fu_13004_p2          |     |        | xor_ln301_54         | xor       | auto                     | 0       |
|    and_ln301_27_fu_13010_p2          |     |        | and_ln301_27         | and       | auto                     | 0       |
|    xor_ln301_55_fu_13016_p2          |     |        | xor_ln301_55         | xor       | auto                     | 0       |
|    select_ln301_54_fu_13022_p3       |     |        | select_ln301_54      | select    | auto_sel                 | 0       |
|    val_z_56_fu_13030_p3              |     |        | val_z_56             | select    | auto_sel                 | 0       |
|    val_n_rec_55_fu_12443_p2          |     |        | val_n_rec_55         | add       | fabric                   | 0       |
|    add_ln302_27_fu_12448_p2          |     |        | add_ln302_27         | add       | fabric                   | 0       |
|    xor_ln302_54_fu_12470_p2          |     |        | xor_ln302_54         | xor       | auto                     | 0       |
|    and_ln302_27_fu_12476_p2          |     |        | and_ln302_27         | and       | auto                     | 0       |
|    xor_ln302_55_fu_12482_p2          |     |        | xor_ln302_55         | xor       | auto                     | 0       |
|    select_ln302_54_fu_12488_p3       |     |        | select_ln302_54      | select    | auto_sel                 | 0       |
|    val_n_rec_56_fu_12496_p3          |     |        | val_n_rec_56         | select    | auto_sel                 | 0       |
|    val_r_57_fu_13045_p2              |     |        | val_r_57             | add       | fabric                   | 0       |
|    add_ln300_28_fu_13050_p2          |     |        | add_ln300_28         | add       | fabric                   | 0       |
|    xor_ln300_56_fu_13072_p2          |     |        | xor_ln300_56         | xor       | auto                     | 0       |
|    and_ln300_28_fu_13078_p2          |     |        | and_ln300_28         | and       | auto                     | 0       |
|    xor_ln300_57_fu_13084_p2          |     |        | xor_ln300_57         | xor       | auto                     | 0       |
|    select_ln300_56_fu_13090_p3       |     |        | select_ln300_56      | select    | auto_sel                 | 0       |
|    val_r_58_fu_13098_p3              |     |        | val_r_58             | select    | auto_sel                 | 0       |
|    val_z_57_fu_13113_p2              |     |        | val_z_57             | add       | fabric                   | 0       |
|    add_ln301_28_fu_13118_p2          |     |        | add_ln301_28         | add       | fabric                   | 0       |
|    xor_ln301_56_fu_13140_p2          |     |        | xor_ln301_56         | xor       | auto                     | 0       |
|    and_ln301_28_fu_13146_p2          |     |        | and_ln301_28         | and       | auto                     | 0       |
|    xor_ln301_57_fu_13152_p2          |     |        | xor_ln301_57         | xor       | auto                     | 0       |
|    select_ln301_56_fu_13158_p3       |     |        | select_ln301_56      | select    | auto_sel                 | 0       |
|    val_z_58_fu_13166_p3              |     |        | val_z_58             | select    | auto_sel                 | 0       |
|    val_n_rec_57_fu_12778_p2          |     |        | val_n_rec_57         | add       | fabric                   | 0       |
|    add_ln302_28_fu_12782_p2          |     |        | add_ln302_28         | add       | fabric                   | 0       |
|    xor_ln302_56_fu_12804_p2          |     |        | xor_ln302_56         | xor       | auto                     | 0       |
|    and_ln302_28_fu_12810_p2          |     |        | and_ln302_28         | and       | auto                     | 0       |
|    xor_ln302_57_fu_12816_p2          |     |        | xor_ln302_57         | xor       | auto                     | 0       |
|    select_ln302_56_fu_12822_p3       |     |        | select_ln302_56      | select    | auto_sel                 | 0       |
|    val_n_rec_58_fu_12830_p3          |     |        | val_n_rec_58         | select    | auto_sel                 | 0       |
|    val_r_59_fu_13314_p2              |     |        | val_r_59             | add       | fabric                   | 0       |
|    add_ln300_29_fu_13318_p2          |     |        | add_ln300_29         | add       | fabric                   | 0       |
|    xor_ln300_58_fu_13340_p2          |     |        | xor_ln300_58         | xor       | auto                     | 0       |
|    and_ln300_29_fu_13346_p2          |     |        | and_ln300_29         | and       | auto                     | 0       |
|    xor_ln300_59_fu_13352_p2          |     |        | xor_ln300_59         | xor       | auto                     | 0       |
|    select_ln300_58_fu_13358_p3       |     |        | select_ln300_58      | select    | auto_sel                 | 0       |
|    val_r_60_fu_13366_p3              |     |        | val_r_60             | select    | auto_sel                 | 0       |
|    val_z_59_fu_13380_p2              |     |        | val_z_59             | add       | fabric                   | 0       |
|    add_ln301_29_fu_13384_p2          |     |        | add_ln301_29         | add       | fabric                   | 0       |
|    xor_ln301_58_fu_13406_p2          |     |        | xor_ln301_58         | xor       | auto                     | 0       |
|    and_ln301_29_fu_13412_p2          |     |        | and_ln301_29         | and       | auto                     | 0       |
|    xor_ln301_59_fu_13418_p2          |     |        | xor_ln301_59         | xor       | auto                     | 0       |
|    select_ln301_58_fu_13424_p3       |     |        | select_ln301_58      | select    | auto_sel                 | 0       |
|    val_z_60_fu_13432_p3              |     |        | val_z_60             | select    | auto_sel                 | 0       |
|    val_n_rec_59_fu_12845_p2          |     |        | val_n_rec_59         | add       | fabric                   | 0       |
|    add_ln302_29_fu_12850_p2          |     |        | add_ln302_29         | add       | fabric                   | 0       |
|    xor_ln302_58_fu_12872_p2          |     |        | xor_ln302_58         | xor       | auto                     | 0       |
|    and_ln302_29_fu_12878_p2          |     |        | and_ln302_29         | and       | auto                     | 0       |
|    xor_ln302_59_fu_12884_p2          |     |        | xor_ln302_59         | xor       | auto                     | 0       |
|    select_ln302_58_fu_12890_p3       |     |        | select_ln302_58      | select    | auto_sel                 | 0       |
|    val_n_rec_60_fu_12898_p3          |     |        | val_n_rec_60         | select    | auto_sel                 | 0       |
|    val_r_61_fu_13447_p2              |     |        | val_r_61             | add       | fabric                   | 0       |
|    add_ln300_30_fu_13452_p2          |     |        | add_ln300_30         | add       | fabric                   | 0       |
|    xor_ln300_60_fu_13474_p2          |     |        | xor_ln300_60         | xor       | auto                     | 0       |
|    and_ln300_30_fu_13480_p2          |     |        | and_ln300_30         | and       | auto                     | 0       |
|    xor_ln300_61_fu_13486_p2          |     |        | xor_ln300_61         | xor       | auto                     | 0       |
|    select_ln300_60_fu_13492_p3       |     |        | select_ln300_60      | select    | auto_sel                 | 0       |
|    val_r_62_fu_13500_p3              |     |        | val_r_62             | select    | auto_sel                 | 0       |
|    val_z_61_fu_13515_p2              |     |        | val_z_61             | add       | fabric                   | 0       |
|    add_ln301_30_fu_13520_p2          |     |        | add_ln301_30         | add       | fabric                   | 0       |
|    xor_ln301_60_fu_13542_p2          |     |        | xor_ln301_60         | xor       | auto                     | 0       |
|    and_ln301_30_fu_13548_p2          |     |        | and_ln301_30         | and       | auto                     | 0       |
|    xor_ln301_61_fu_13554_p2          |     |        | xor_ln301_61         | xor       | auto                     | 0       |
|    select_ln301_60_fu_13560_p3       |     |        | select_ln301_60      | select    | auto_sel                 | 0       |
|    val_z_62_fu_13568_p3              |     |        | val_z_62             | select    | auto_sel                 | 0       |
|    val_n_rec_61_fu_13180_p2          |     |        | val_n_rec_61         | add       | fabric                   | 0       |
|    add_ln302_30_fu_13184_p2          |     |        | add_ln302_30         | add       | fabric                   | 0       |
|    xor_ln302_60_fu_13206_p2          |     |        | xor_ln302_60         | xor       | auto                     | 0       |
|    and_ln302_30_fu_13212_p2          |     |        | and_ln302_30         | and       | auto                     | 0       |
|    xor_ln302_61_fu_13218_p2          |     |        | xor_ln302_61         | xor       | auto                     | 0       |
|    select_ln302_60_fu_13224_p3       |     |        | select_ln302_60      | select    | auto_sel                 | 0       |
|    val_n_rec_62_fu_13232_p3          |     |        | val_n_rec_62         | select    | auto_sel                 | 0       |
|    val_r_63_fu_13716_p2              |     |        | val_r_63             | add       | fabric                   | 0       |
|    add_ln300_31_fu_13720_p2          |     |        | add_ln300_31         | add       | fabric                   | 0       |
|    xor_ln300_62_fu_13742_p2          |     |        | xor_ln300_62         | xor       | auto                     | 0       |
|    and_ln300_31_fu_13748_p2          |     |        | and_ln300_31         | and       | auto                     | 0       |
|    xor_ln300_63_fu_13754_p2          |     |        | xor_ln300_63         | xor       | auto                     | 0       |
|    select_ln300_62_fu_13760_p3       |     |        | select_ln300_62      | select    | auto_sel                 | 0       |
|    val_r_64_fu_13768_p3              |     |        | val_r_64             | select    | auto_sel                 | 0       |
|    val_z_63_fu_13782_p2              |     |        | val_z_63             | add       | fabric                   | 0       |
|    add_ln301_31_fu_13786_p2          |     |        | add_ln301_31         | add       | fabric                   | 0       |
|    xor_ln301_62_fu_13808_p2          |     |        | xor_ln301_62         | xor       | auto                     | 0       |
|    and_ln301_31_fu_13814_p2          |     |        | and_ln301_31         | and       | auto                     | 0       |
|    xor_ln301_63_fu_13820_p2          |     |        | xor_ln301_63         | xor       | auto                     | 0       |
|    select_ln301_62_fu_13826_p3       |     |        | select_ln301_62      | select    | auto_sel                 | 0       |
|    val_z_64_fu_13834_p3              |     |        | val_z_64             | select    | auto_sel                 | 0       |
|    val_n_rec_63_fu_13247_p2          |     |        | val_n_rec_63         | add       | fabric                   | 0       |
|    add_ln302_31_fu_13252_p2          |     |        | add_ln302_31         | add       | fabric                   | 0       |
|    xor_ln302_62_fu_13274_p2          |     |        | xor_ln302_62         | xor       | auto                     | 0       |
|    and_ln302_31_fu_13280_p2          |     |        | and_ln302_31         | and       | auto                     | 0       |
|    xor_ln302_63_fu_13286_p2          |     |        | xor_ln302_63         | xor       | auto                     | 0       |
|    select_ln302_62_fu_13292_p3       |     |        | select_ln302_62      | select    | auto_sel                 | 0       |
|    val_n_rec_64_fu_13300_p3          |     |        | val_n_rec_64         | select    | auto_sel                 | 0       |
|    val_r_65_fu_13849_p2              |     |        | val_r_65             | add       | fabric                   | 0       |
|    add_ln300_32_fu_13854_p2          |     |        | add_ln300_32         | add       | fabric                   | 0       |
|    xor_ln300_64_fu_13876_p2          |     |        | xor_ln300_64         | xor       | auto                     | 0       |
|    and_ln300_32_fu_13882_p2          |     |        | and_ln300_32         | and       | auto                     | 0       |
|    xor_ln300_65_fu_13888_p2          |     |        | xor_ln300_65         | xor       | auto                     | 0       |
|    select_ln300_64_fu_13894_p3       |     |        | select_ln300_64      | select    | auto_sel                 | 0       |
|    val_r_66_fu_13902_p3              |     |        | val_r_66             | select    | auto_sel                 | 0       |
|    val_z_65_fu_13917_p2              |     |        | val_z_65             | add       | fabric                   | 0       |
|    add_ln301_32_fu_13922_p2          |     |        | add_ln301_32         | add       | fabric                   | 0       |
|    xor_ln301_64_fu_13944_p2          |     |        | xor_ln301_64         | xor       | auto                     | 0       |
|    and_ln301_32_fu_13950_p2          |     |        | and_ln301_32         | and       | auto                     | 0       |
|    xor_ln301_65_fu_13956_p2          |     |        | xor_ln301_65         | xor       | auto                     | 0       |
|    select_ln301_64_fu_13962_p3       |     |        | select_ln301_64      | select    | auto_sel                 | 0       |
|    val_z_66_fu_13970_p3              |     |        | val_z_66             | select    | auto_sel                 | 0       |
|    val_n_rec_65_fu_13582_p2          |     |        | val_n_rec_65         | add       | fabric                   | 0       |
|    add_ln302_32_fu_13586_p2          |     |        | add_ln302_32         | add       | fabric                   | 0       |
|    xor_ln302_64_fu_13608_p2          |     |        | xor_ln302_64         | xor       | auto                     | 0       |
|    and_ln302_32_fu_13614_p2          |     |        | and_ln302_32         | and       | auto                     | 0       |
|    xor_ln302_65_fu_13620_p2          |     |        | xor_ln302_65         | xor       | auto                     | 0       |
|    select_ln302_64_fu_13626_p3       |     |        | select_ln302_64      | select    | auto_sel                 | 0       |
|    val_n_rec_66_fu_13634_p3          |     |        | val_n_rec_66         | select    | auto_sel                 | 0       |
|    val_r_67_fu_14118_p2              |     |        | val_r_67             | add       | fabric                   | 0       |
|    add_ln300_33_fu_14122_p2          |     |        | add_ln300_33         | add       | fabric                   | 0       |
|    xor_ln300_66_fu_14144_p2          |     |        | xor_ln300_66         | xor       | auto                     | 0       |
|    and_ln300_33_fu_14150_p2          |     |        | and_ln300_33         | and       | auto                     | 0       |
|    xor_ln300_67_fu_14156_p2          |     |        | xor_ln300_67         | xor       | auto                     | 0       |
|    select_ln300_66_fu_14162_p3       |     |        | select_ln300_66      | select    | auto_sel                 | 0       |
|    val_r_68_fu_14170_p3              |     |        | val_r_68             | select    | auto_sel                 | 0       |
|    val_z_67_fu_14184_p2              |     |        | val_z_67             | add       | fabric                   | 0       |
|    add_ln301_33_fu_14188_p2          |     |        | add_ln301_33         | add       | fabric                   | 0       |
|    xor_ln301_66_fu_14210_p2          |     |        | xor_ln301_66         | xor       | auto                     | 0       |
|    and_ln301_33_fu_14216_p2          |     |        | and_ln301_33         | and       | auto                     | 0       |
|    xor_ln301_67_fu_14222_p2          |     |        | xor_ln301_67         | xor       | auto                     | 0       |
|    select_ln301_66_fu_14228_p3       |     |        | select_ln301_66      | select    | auto_sel                 | 0       |
|    val_z_68_fu_14236_p3              |     |        | val_z_68             | select    | auto_sel                 | 0       |
|    val_n_rec_67_fu_13649_p2          |     |        | val_n_rec_67         | add       | fabric                   | 0       |
|    add_ln302_33_fu_13654_p2          |     |        | add_ln302_33         | add       | fabric                   | 0       |
|    xor_ln302_66_fu_13676_p2          |     |        | xor_ln302_66         | xor       | auto                     | 0       |
|    and_ln302_33_fu_13682_p2          |     |        | and_ln302_33         | and       | auto                     | 0       |
|    xor_ln302_67_fu_13688_p2          |     |        | xor_ln302_67         | xor       | auto                     | 0       |
|    select_ln302_66_fu_13694_p3       |     |        | select_ln302_66      | select    | auto_sel                 | 0       |
|    val_n_rec_68_fu_13702_p3          |     |        | val_n_rec_68         | select    | auto_sel                 | 0       |
|    val_r_69_fu_14251_p2              |     |        | val_r_69             | add       | fabric                   | 0       |
|    add_ln300_34_fu_14256_p2          |     |        | add_ln300_34         | add       | fabric                   | 0       |
|    xor_ln300_68_fu_14278_p2          |     |        | xor_ln300_68         | xor       | auto                     | 0       |
|    and_ln300_34_fu_14284_p2          |     |        | and_ln300_34         | and       | auto                     | 0       |
|    xor_ln300_69_fu_14290_p2          |     |        | xor_ln300_69         | xor       | auto                     | 0       |
|    select_ln300_68_fu_14296_p3       |     |        | select_ln300_68      | select    | auto_sel                 | 0       |
|    val_r_70_fu_14304_p3              |     |        | val_r_70             | select    | auto_sel                 | 0       |
|    val_z_69_fu_14319_p2              |     |        | val_z_69             | add       | fabric                   | 0       |
|    add_ln301_34_fu_14324_p2          |     |        | add_ln301_34         | add       | fabric                   | 0       |
|    xor_ln301_68_fu_14346_p2          |     |        | xor_ln301_68         | xor       | auto                     | 0       |
|    and_ln301_34_fu_14352_p2          |     |        | and_ln301_34         | and       | auto                     | 0       |
|    xor_ln301_69_fu_14358_p2          |     |        | xor_ln301_69         | xor       | auto                     | 0       |
|    select_ln301_68_fu_14364_p3       |     |        | select_ln301_68      | select    | auto_sel                 | 0       |
|    val_z_70_fu_14372_p3              |     |        | val_z_70             | select    | auto_sel                 | 0       |
|    val_n_rec_69_fu_13984_p2          |     |        | val_n_rec_69         | add       | fabric                   | 0       |
|    add_ln302_34_fu_13988_p2          |     |        | add_ln302_34         | add       | fabric                   | 0       |
|    xor_ln302_68_fu_14010_p2          |     |        | xor_ln302_68         | xor       | auto                     | 0       |
|    and_ln302_34_fu_14016_p2          |     |        | and_ln302_34         | and       | auto                     | 0       |
|    xor_ln302_69_fu_14022_p2          |     |        | xor_ln302_69         | xor       | auto                     | 0       |
|    select_ln302_68_fu_14028_p3       |     |        | select_ln302_68      | select    | auto_sel                 | 0       |
|    val_n_rec_70_fu_14036_p3          |     |        | val_n_rec_70         | select    | auto_sel                 | 0       |
|    val_r_71_fu_14520_p2              |     |        | val_r_71             | add       | fabric                   | 0       |
|    add_ln300_35_fu_14524_p2          |     |        | add_ln300_35         | add       | fabric                   | 0       |
|    xor_ln300_70_fu_14546_p2          |     |        | xor_ln300_70         | xor       | auto                     | 0       |
|    and_ln300_35_fu_14552_p2          |     |        | and_ln300_35         | and       | auto                     | 0       |
|    xor_ln300_71_fu_14558_p2          |     |        | xor_ln300_71         | xor       | auto                     | 0       |
|    select_ln300_70_fu_14564_p3       |     |        | select_ln300_70      | select    | auto_sel                 | 0       |
|    val_r_72_fu_14572_p3              |     |        | val_r_72             | select    | auto_sel                 | 0       |
|    val_z_71_fu_14586_p2              |     |        | val_z_71             | add       | fabric                   | 0       |
|    add_ln301_35_fu_14590_p2          |     |        | add_ln301_35         | add       | fabric                   | 0       |
|    xor_ln301_70_fu_14612_p2          |     |        | xor_ln301_70         | xor       | auto                     | 0       |
|    and_ln301_35_fu_14618_p2          |     |        | and_ln301_35         | and       | auto                     | 0       |
|    xor_ln301_71_fu_14624_p2          |     |        | xor_ln301_71         | xor       | auto                     | 0       |
|    select_ln301_70_fu_14630_p3       |     |        | select_ln301_70      | select    | auto_sel                 | 0       |
|    val_z_72_fu_14638_p3              |     |        | val_z_72             | select    | auto_sel                 | 0       |
|    val_n_rec_71_fu_14051_p2          |     |        | val_n_rec_71         | add       | fabric                   | 0       |
|    add_ln302_35_fu_14056_p2          |     |        | add_ln302_35         | add       | fabric                   | 0       |
|    xor_ln302_70_fu_14078_p2          |     |        | xor_ln302_70         | xor       | auto                     | 0       |
|    and_ln302_35_fu_14084_p2          |     |        | and_ln302_35         | and       | auto                     | 0       |
|    xor_ln302_71_fu_14090_p2          |     |        | xor_ln302_71         | xor       | auto                     | 0       |
|    select_ln302_70_fu_14096_p3       |     |        | select_ln302_70      | select    | auto_sel                 | 0       |
|    val_n_rec_72_fu_14104_p3          |     |        | val_n_rec_72         | select    | auto_sel                 | 0       |
|    val_r_73_fu_14653_p2              |     |        | val_r_73             | add       | fabric                   | 0       |
|    add_ln300_36_fu_14658_p2          |     |        | add_ln300_36         | add       | fabric                   | 0       |
|    xor_ln300_72_fu_14680_p2          |     |        | xor_ln300_72         | xor       | auto                     | 0       |
|    and_ln300_36_fu_14686_p2          |     |        | and_ln300_36         | and       | auto                     | 0       |
|    xor_ln300_73_fu_14692_p2          |     |        | xor_ln300_73         | xor       | auto                     | 0       |
|    select_ln300_72_fu_14698_p3       |     |        | select_ln300_72      | select    | auto_sel                 | 0       |
|    val_r_74_fu_14706_p3              |     |        | val_r_74             | select    | auto_sel                 | 0       |
|    val_z_73_fu_14721_p2              |     |        | val_z_73             | add       | fabric                   | 0       |
|    add_ln301_36_fu_14726_p2          |     |        | add_ln301_36         | add       | fabric                   | 0       |
|    xor_ln301_72_fu_14748_p2          |     |        | xor_ln301_72         | xor       | auto                     | 0       |
|    and_ln301_36_fu_14754_p2          |     |        | and_ln301_36         | and       | auto                     | 0       |
|    xor_ln301_73_fu_14760_p2          |     |        | xor_ln301_73         | xor       | auto                     | 0       |
|    select_ln301_72_fu_14766_p3       |     |        | select_ln301_72      | select    | auto_sel                 | 0       |
|    val_z_74_fu_14774_p3              |     |        | val_z_74             | select    | auto_sel                 | 0       |
|    val_n_rec_73_fu_14386_p2          |     |        | val_n_rec_73         | add       | fabric                   | 0       |
|    add_ln302_36_fu_14390_p2          |     |        | add_ln302_36         | add       | fabric                   | 0       |
|    xor_ln302_72_fu_14412_p2          |     |        | xor_ln302_72         | xor       | auto                     | 0       |
|    and_ln302_36_fu_14418_p2          |     |        | and_ln302_36         | and       | auto                     | 0       |
|    xor_ln302_73_fu_14424_p2          |     |        | xor_ln302_73         | xor       | auto                     | 0       |
|    select_ln302_72_fu_14430_p3       |     |        | select_ln302_72      | select    | auto_sel                 | 0       |
|    val_n_rec_74_fu_14438_p3          |     |        | val_n_rec_74         | select    | auto_sel                 | 0       |
|    val_r_75_fu_14922_p2              |     |        | val_r_75             | add       | fabric                   | 0       |
|    add_ln300_37_fu_14926_p2          |     |        | add_ln300_37         | add       | fabric                   | 0       |
|    xor_ln300_74_fu_14948_p2          |     |        | xor_ln300_74         | xor       | auto                     | 0       |
|    and_ln300_37_fu_14954_p2          |     |        | and_ln300_37         | and       | auto                     | 0       |
|    xor_ln300_75_fu_14960_p2          |     |        | xor_ln300_75         | xor       | auto                     | 0       |
|    select_ln300_74_fu_14966_p3       |     |        | select_ln300_74      | select    | auto_sel                 | 0       |
|    val_r_76_fu_14974_p3              |     |        | val_r_76             | select    | auto_sel                 | 0       |
|    val_z_75_fu_14988_p2              |     |        | val_z_75             | add       | fabric                   | 0       |
|    add_ln301_37_fu_14992_p2          |     |        | add_ln301_37         | add       | fabric                   | 0       |
|    xor_ln301_74_fu_15014_p2          |     |        | xor_ln301_74         | xor       | auto                     | 0       |
|    and_ln301_37_fu_15020_p2          |     |        | and_ln301_37         | and       | auto                     | 0       |
|    xor_ln301_75_fu_15026_p2          |     |        | xor_ln301_75         | xor       | auto                     | 0       |
|    select_ln301_74_fu_15032_p3       |     |        | select_ln301_74      | select    | auto_sel                 | 0       |
|    val_z_76_fu_15040_p3              |     |        | val_z_76             | select    | auto_sel                 | 0       |
|    val_n_rec_75_fu_14453_p2          |     |        | val_n_rec_75         | add       | fabric                   | 0       |
|    add_ln302_37_fu_14458_p2          |     |        | add_ln302_37         | add       | fabric                   | 0       |
|    xor_ln302_74_fu_14480_p2          |     |        | xor_ln302_74         | xor       | auto                     | 0       |
|    and_ln302_37_fu_14486_p2          |     |        | and_ln302_37         | and       | auto                     | 0       |
|    xor_ln302_75_fu_14492_p2          |     |        | xor_ln302_75         | xor       | auto                     | 0       |
|    select_ln302_74_fu_14498_p3       |     |        | select_ln302_74      | select    | auto_sel                 | 0       |
|    val_n_rec_76_fu_14506_p3          |     |        | val_n_rec_76         | select    | auto_sel                 | 0       |
|    val_r_77_fu_15055_p2              |     |        | val_r_77             | add       | fabric                   | 0       |
|    add_ln300_38_fu_15060_p2          |     |        | add_ln300_38         | add       | fabric                   | 0       |
|    xor_ln300_76_fu_15082_p2          |     |        | xor_ln300_76         | xor       | auto                     | 0       |
|    and_ln300_38_fu_15088_p2          |     |        | and_ln300_38         | and       | auto                     | 0       |
|    xor_ln300_77_fu_15094_p2          |     |        | xor_ln300_77         | xor       | auto                     | 0       |
|    select_ln300_76_fu_15100_p3       |     |        | select_ln300_76      | select    | auto_sel                 | 0       |
|    val_r_78_fu_15108_p3              |     |        | val_r_78             | select    | auto_sel                 | 0       |
|    val_z_77_fu_15123_p2              |     |        | val_z_77             | add       | fabric                   | 0       |
|    add_ln301_38_fu_15128_p2          |     |        | add_ln301_38         | add       | fabric                   | 0       |
|    xor_ln301_76_fu_15150_p2          |     |        | xor_ln301_76         | xor       | auto                     | 0       |
|    and_ln301_38_fu_15156_p2          |     |        | and_ln301_38         | and       | auto                     | 0       |
|    xor_ln301_77_fu_15162_p2          |     |        | xor_ln301_77         | xor       | auto                     | 0       |
|    select_ln301_76_fu_15168_p3       |     |        | select_ln301_76      | select    | auto_sel                 | 0       |
|    val_z_78_fu_15176_p3              |     |        | val_z_78             | select    | auto_sel                 | 0       |
|    val_n_rec_77_fu_14788_p2          |     |        | val_n_rec_77         | add       | fabric                   | 0       |
|    add_ln302_38_fu_14792_p2          |     |        | add_ln302_38         | add       | fabric                   | 0       |
|    xor_ln302_76_fu_14814_p2          |     |        | xor_ln302_76         | xor       | auto                     | 0       |
|    and_ln302_38_fu_14820_p2          |     |        | and_ln302_38         | and       | auto                     | 0       |
|    xor_ln302_77_fu_14826_p2          |     |        | xor_ln302_77         | xor       | auto                     | 0       |
|    select_ln302_76_fu_14832_p3       |     |        | select_ln302_76      | select    | auto_sel                 | 0       |
|    val_n_rec_78_fu_14840_p3          |     |        | val_n_rec_78         | select    | auto_sel                 | 0       |
|    val_r_79_fu_15190_p2              |     |        | val_r_79             | add       | fabric                   | 0       |
|    add_ln300_39_fu_15194_p2          |     |        | add_ln300_39         | add       | fabric                   | 0       |
|    xor_ln300_78_fu_15216_p2          |     |        | xor_ln300_78         | xor       | auto                     | 0       |
|    and_ln300_39_fu_15222_p2          |     |        | and_ln300_39         | and       | auto                     | 0       |
|    xor_ln300_79_fu_15228_p2          |     |        | xor_ln300_79         | xor       | auto                     | 0       |
|    select_ln300_78_fu_15234_p3       |     |        | select_ln300_78      | select    | auto_sel                 | 0       |
|    val_r_80_fu_15242_p3              |     |        | val_r_80             | select    | auto_sel                 | 0       |
|    val_z_79_fu_15256_p2              |     |        | val_z_79             | add       | fabric                   | 0       |
|    add_ln301_39_fu_15260_p2          |     |        | add_ln301_39         | add       | fabric                   | 0       |
|    xor_ln301_78_fu_15282_p2          |     |        | xor_ln301_78         | xor       | auto                     | 0       |
|    and_ln301_39_fu_15288_p2          |     |        | and_ln301_39         | and       | auto                     | 0       |
|    xor_ln301_79_fu_15294_p2          |     |        | xor_ln301_79         | xor       | auto                     | 0       |
|    select_ln301_78_fu_15300_p3       |     |        | select_ln301_78      | select    | auto_sel                 | 0       |
|    val_z_80_fu_15308_p3              |     |        | val_z_80             | select    | auto_sel                 | 0       |
|    val_n_rec_79_fu_14855_p2          |     |        | val_n_rec_79         | add       | fabric                   | 0       |
|    add_ln302_39_fu_14860_p2          |     |        | add_ln302_39         | add       | fabric                   | 0       |
|    xor_ln302_78_fu_14882_p2          |     |        | xor_ln302_78         | xor       | auto                     | 0       |
|    and_ln302_39_fu_14888_p2          |     |        | and_ln302_39         | and       | auto                     | 0       |
|    xor_ln302_79_fu_14894_p2          |     |        | xor_ln302_79         | xor       | auto                     | 0       |
|    select_ln302_78_fu_14900_p3       |     |        | select_ln302_78      | select    | auto_sel                 | 0       |
|    val_n_rec_80_fu_14908_p3          |     |        | val_n_rec_80         | select    | auto_sel                 | 0       |
|    and_ln181_fu_15350_p2             |     |        | and_ln181            | and       | auto                     | 0       |
|    half_v_1_fu_15360_p2              |     |        | half_v_1             | add       | fabric                   | 0       |
|    xor_ln181_fu_15374_p2             |     |        | xor_ln181            | xor       | auto                     | 0       |
|    or_ln181_fu_15380_p2              |     |        | or_ln181             | or        | auto                     | 0       |
|    xor_ln181_1_fu_15386_p2           |     |        | xor_ln181_1          | xor       | auto                     | 0       |
|    xor_ln181_2_fu_15392_p2           |     |        | xor_ln181_2          | xor       | auto                     | 0       |
|    or_ln181_1_fu_15398_p2            |     |        | or_ln181_1           | or        | auto                     | 0       |
|    and_ln181_1_fu_15404_p2           |     |        | and_ln181_1          | and       | auto                     | 0       |
|    half_v_6_fu_15410_p3              |     |        | half_v_6             | select    | auto_sel                 | 0       |
|    sub_ln150_fu_15539_p2             |     |        | sub_ln150            | sub       | fabric                   | 0       |
|    xor_ln150_fu_15565_p2             |     |        | xor_ln150            | xor       | auto                     | 0       |
|    and_ln150_fu_15571_p2             |     |        | and_ln150            | and       | auto                     | 0       |
|    xor_ln150_1_fu_15577_p2           |     |        | xor_ln150_1          | xor       | auto                     | 0       |
|    av_1_fu_15609_p2                  |     |        | select_ln150         | select    | auto_sel                 | 0       |
|    and_ln150_3_fu_15591_p2           |     |        | and_ln150_3          | and       | auto                     | 0       |
|    xor_ln149_fu_15596_p2             |     |        | xor_ln149            | xor       | auto                     | 0       |
|    sparsemux_7_2_32_1_1_U15          |     |        | av_1                 | sparsemux | onehotencoding_realdef   | 0       |
|    icmp_ln153_fu_15638_p2            |     |        | icmp_ln153           | setgt     | auto                     | 0       |
|    add_ln169_fu_15787_p2             |     |        | add_ln169            | add       | fabric                   | 0       |
|    sub_ln170_fu_15826_p2             |     |        | sub_ln170            | sub       | fabric                   | 0       |
|    mul_22s_20ns_42_1_1_U10           | 2   |        | mul_ln170            | mul       | auto                     | 0       |
|    add_ln170_fu_15906_p2             |     |        | add_ln170            | add       | fabric                   | 0       |
|    icmp_ln170_fu_15942_p2            |     |        | icmp_ln170           | setne     | auto                     | 0       |
|    or_ln170_fu_15955_p2              |     |        | or_ln170             | or        | auto                     | 0       |
|    and_ln170_fu_15961_p2             |     |        | and_ln170            | and       | auto                     | 0       |
|    y_1_fu_15971_p2                   |     |        | y_1                  | add       | fabric                   | 0       |
|    xor_ln170_fu_15989_p2             |     |        | xor_ln170            | xor       | auto                     | 0       |
|    and_ln170_1_fu_15995_p2           |     |        | and_ln170_1          | and       | auto                     | 0       |
|    xor_ln170_1_fu_16001_p2           |     |        | xor_ln170_1          | xor       | auto                     | 0       |
|    or_ln170_9_fu_16007_p2            |     |        | or_ln170_9           | or        | auto                     | 0       |
|    xor_ln170_2_fu_16013_p2           |     |        | xor_ln170_2          | xor       | auto                     | 0       |
|    xor_ln170_4_fu_16019_p2           |     |        | xor_ln170_4          | xor       | auto                     | 0       |
|    xor_ln170_3_fu_16025_p2           |     |        | xor_ln170_3          | xor       | auto                     | 0       |
|    or_ln170_1_fu_16031_p2            |     |        | or_ln170_1           | or        | auto                     | 0       |
|    and_ln170_2_fu_16037_p2           |     |        | and_ln170_2          | and       | auto                     | 0       |
|    and_ln170_3_fu_16043_p2           |     |        | and_ln170_3          | and       | auto                     | 0       |
|    or_ln170_10_fu_16049_p2           |     |        | or_ln170_10          | or        | auto                     | 0       |
|    xor_ln170_5_fu_16055_p2           |     |        | xor_ln170_5          | xor       | auto                     | 0       |
|    and_ln170_4_fu_16061_p2           |     |        | and_ln170_4          | and       | auto                     | 0       |
|    select_ln170_fu_16093_p3          |     |        | select_ln170         | select    | auto_sel                 | 0       |
|    or_ln170_2_fu_16067_p2            |     |        | or_ln170_2           | or        | auto                     | 0       |
|    y_2_fu_16100_p3                   |     |        | y_2                  | select    | auto_sel                 | 0       |
|    icmp_ln171_fu_16136_p2            |     |        | icmp_ln171           | setne     | auto                     | 0       |
|    or_ln171_fu_16158_p2              |     |        | or_ln171             | or        | auto                     | 0       |
|    and_ln171_fu_16164_p2             |     |        | and_ln171            | and       | auto                     | 0       |
|    add_ln171_fu_16174_p2             |     |        | add_ln171            | add       | fabric                   | 0       |
|    xor_ln171_fu_16188_p2             |     |        | xor_ln171            | xor       | auto                     | 0       |
|    and_ln171_1_fu_16194_p2           |     |        | and_ln171_1          | and       | auto                     | 0       |
|    icmp_ln171_1_fu_16216_p2          |     |        | icmp_ln171_1         | seteq     | auto                     | 0       |
|    icmp_ln171_2_fu_16230_p2          |     |        | icmp_ln171_2         | seteq     | auto                     | 0       |
|    icmp_ln171_3_fu_16236_p2          |     |        | icmp_ln171_3         | seteq     | auto                     | 0       |
|    select_ln171_fu_16242_p3          |     |        | select_ln171         | select    | auto_sel                 | 0       |
|    xor_ln171_1_fu_16250_p2           |     |        | xor_ln171_1          | xor       | auto                     | 0       |
|    and_ln171_2_fu_16256_p2           |     |        | and_ln171_2          | and       | auto                     | 0       |
|    select_ln171_1_fu_16262_p3        |     |        | select_ln171_1       | select    | auto_sel                 | 0       |
|    and_ln171_3_fu_16270_p2           |     |        | and_ln171_3          | and       | auto                     | 0       |
|    xor_ln171_2_fu_16276_p2           |     |        | xor_ln171_2          | xor       | auto                     | 0       |
|    or_ln171_1_fu_16282_p2            |     |        | or_ln171_1           | or        | auto                     | 0       |
|    xor_ln171_3_fu_16288_p2           |     |        | xor_ln171_3          | xor       | auto                     | 0       |
|    and_ln171_4_fu_16294_p2           |     |        | and_ln171_4          | and       | auto                     | 0       |
|    and_ln171_5_fu_16300_p2           |     |        | and_ln171_5          | and       | auto                     | 0       |
|    or_ln171_9_fu_16306_p2            |     |        | or_ln171_9           | or        | auto                     | 0       |
|    xor_ln171_4_fu_16312_p2           |     |        | xor_ln171_4          | xor       | auto                     | 0       |
|    and_ln171_6_fu_16318_p2           |     |        | and_ln171_6          | and       | auto                     | 0       |
|    or_ln171_2_fu_16324_p2            |     |        | or_ln171_2           | or        | auto                     | 0       |
|    mag_fu_16533_p4                   |     |        | select_ln171_2       | select    | auto_sel                 | 0       |
|    xor_ln153_fu_16330_p2             |     |        | xor_ln153            | xor       | auto                     | 0       |
|    and_ln171_7_fu_16335_p2           |     |        | and_ln171_7          | and       | auto                     | 0       |
|    sparsemux_7_2_13_1_1_U17          |     |        | mag                  | sparsemux | onehotencoding_realdef   | 0       |
|    sub_ln173_fu_16555_p2             |     |        | sub_ln173            | sub       | fabric                   | 0       |
|    xor_ln173_fu_16581_p2             |     |        | xor_ln173            | xor       | auto                     | 0       |
|    and_ln173_fu_16587_p2             |     |        | and_ln173            | and       | auto                     | 0       |
|    xor_ln173_1_fu_16593_p2           |     |        | xor_ln173_1          | xor       | auto                     | 0       |
|    ref_tmp2_i1193_2_fu_16619_p2      |     |        | select_ln173         | select    | auto_sel                 | 0       |
|    and_ln173_3_fu_16607_p2           |     |        | and_ln173_3          | and       | auto                     | 0       |
|    sparsemux_7_2_13_1_1_U18          |     |        | ref_tmp2_i1193_2     | sparsemux | onehotencoding_realdef   | 0       |
|    add_ln183_fu_16905_p2             |     |        | add_ln183            | add       | fabric                   | 0       |
|    and_ln183_fu_16945_p2             |     |        | and_ln183            | and       | auto                     | 0       |
|    r_1_fu_16955_p2                   |     |        | r_1                  | add       | fabric                   | 0       |
|    xor_ln183_fu_16969_p2             |     |        | xor_ln183            | xor       | auto                     | 0       |
|    and_ln183_1_fu_16975_p2           |     |        | and_ln183_1          | and       | auto                     | 0       |
|    xor_ln183_1_fu_16981_p2           |     |        | xor_ln183_1          | xor       | auto                     | 0       |
|    or_ln183_4_fu_16987_p2            |     |        | or_ln183_4           | or        | auto                     | 0       |
|    xor_ln183_2_fu_16993_p2           |     |        | xor_ln183_2          | xor       | auto                     | 0       |
|    xor_ln183_4_fu_16999_p2           |     |        | xor_ln183_4          | xor       | auto                     | 0       |
|    xor_ln183_3_fu_17005_p2           |     |        | xor_ln183_3          | xor       | auto                     | 0       |
|    or_ln183_fu_17011_p2              |     |        | or_ln183             | or        | auto                     | 0       |
|    and_ln183_2_fu_17017_p2           |     |        | and_ln183_2          | and       | auto                     | 0       |
|    and_ln183_3_fu_17023_p2           |     |        | and_ln183_3          | and       | auto                     | 0       |
|    or_ln183_5_fu_17029_p2            |     |        | or_ln183_5           | or        | auto                     | 0       |
|    xor_ln183_5_fu_17035_p2           |     |        | xor_ln183_5          | xor       | auto                     | 0       |
|    and_ln183_4_fu_17041_p2           |     |        | and_ln183_4          | and       | auto                     | 0       |
|    select_ln183_fu_17047_p3          |     |        | select_ln183         | select    | auto_sel                 | 0       |
|    or_ln183_1_fu_17055_p2            |     |        | or_ln183_1           | or        | auto                     | 0       |
|    r_2_fu_17061_p3                   |     |        | r_2                  | select    | auto_sel                 | 0       |
|    and_ln181_2_fu_15460_p2           |     |        | and_ln181_2          | and       | auto                     | 0       |
|    half_v_4_fu_15470_p2              |     |        | half_v_4             | add       | fabric                   | 0       |
|    xor_ln181_3_fu_15484_p2           |     |        | xor_ln181_3          | xor       | auto                     | 0       |
|    or_ln181_2_fu_15490_p2            |     |        | or_ln181_2           | or        | auto                     | 0       |
|    xor_ln181_4_fu_15496_p2           |     |        | xor_ln181_4          | xor       | auto                     | 0       |
|    xor_ln181_5_fu_15502_p2           |     |        | xor_ln181_5          | xor       | auto                     | 0       |
|    or_ln181_3_fu_15508_p2            |     |        | or_ln181_3           | or        | auto                     | 0       |
|    and_ln181_3_fu_15514_p2           |     |        | and_ln181_3          | and       | auto                     | 0       |
|    half_v_7_fu_15520_p3              |     |        | half_v_7             | select    | auto_sel                 | 0       |
|    sub_ln150_1_fu_15661_p2           |     |        | sub_ln150_1          | sub       | fabric                   | 0       |
|    xor_ln150_2_fu_15687_p2           |     |        | xor_ln150_2          | xor       | auto                     | 0       |
|    and_ln150_1_fu_15693_p2           |     |        | and_ln150_1          | and       | auto                     | 0       |
|    xor_ln150_3_fu_15699_p2           |     |        | xor_ln150_3          | xor       | auto                     | 0       |
|    av_3_fu_15731_p2                  |     |        | select_ln150_1       | select    | auto_sel                 | 0       |
|    and_ln150_4_fu_15713_p2           |     |        | and_ln150_4          | and       | auto                     | 0       |
|    xor_ln149_1_fu_15718_p2           |     |        | xor_ln149_1          | xor       | auto                     | 0       |
|    sparsemux_7_2_32_1_1_U16          |     |        | av_3                 | sparsemux | onehotencoding_realdef   | 0       |
|    icmp_ln153_1_fu_15760_p2          |     |        | icmp_ln153_1         | setgt     | auto                     | 0       |
|    add_ln169_1_fu_15835_p2           |     |        | add_ln169_1          | add       | fabric                   | 0       |
|    sub_ln170_1_fu_15889_p2           |     |        | sub_ln170_1          | sub       | fabric                   | 0       |
|    mul_22s_20ns_42_1_1_U10           | 2   |        | mul_ln170_1          | mul       | auto                     | 0       |
|    add_ln170_2_fu_16359_p2           |     |        | add_ln170_2          | add       | fabric                   | 0       |
|    icmp_ln170_1_fu_16395_p2          |     |        | icmp_ln170_1         | setne     | auto                     | 0       |
|    or_ln170_3_fu_16408_p2            |     |        | or_ln170_3           | or        | auto                     | 0       |
|    and_ln170_5_fu_16414_p2           |     |        | and_ln170_5          | and       | auto                     | 0       |
|    y_4_fu_16424_p2                   |     |        | y_4                  | add       | fabric                   | 0       |
|    xor_ln170_6_fu_16442_p2           |     |        | xor_ln170_6          | xor       | auto                     | 0       |
|    and_ln170_6_fu_16448_p2           |     |        | and_ln170_6          | and       | auto                     | 0       |
|    xor_ln170_7_fu_16454_p2           |     |        | xor_ln170_7          | xor       | auto                     | 0       |
|    or_ln170_11_fu_16460_p2           |     |        | or_ln170_11          | or        | auto                     | 0       |
|    xor_ln170_8_fu_16466_p2           |     |        | xor_ln170_8          | xor       | auto                     | 0       |
|    xor_ln170_10_fu_16472_p2          |     |        | xor_ln170_10         | xor       | auto                     | 0       |
|    xor_ln170_9_fu_16478_p2           |     |        | xor_ln170_9          | xor       | auto                     | 0       |
|    or_ln170_4_fu_16484_p2            |     |        | or_ln170_4           | or        | auto                     | 0       |
|    and_ln170_7_fu_16490_p2           |     |        | and_ln170_7          | and       | auto                     | 0       |
|    and_ln170_8_fu_16496_p2           |     |        | and_ln170_8          | and       | auto                     | 0       |
|    or_ln170_12_fu_16502_p2           |     |        | or_ln170_12          | or        | auto                     | 0       |
|    xor_ln170_11_fu_16508_p2          |     |        | xor_ln170_11         | xor       | auto                     | 0       |
|    and_ln170_9_fu_16514_p2           |     |        | and_ln170_9          | and       | auto                     | 0       |
|    select_ln170_2_fu_16639_p3        |     |        | select_ln170_2       | select    | auto_sel                 | 0       |
|    or_ln170_5_fu_16520_p2            |     |        | or_ln170_5           | or        | auto                     | 0       |
|    y_5_fu_16646_p3                   |     |        | y_5                  | select    | auto_sel                 | 0       |
|    icmp_ln171_4_fu_16682_p2          |     |        | icmp_ln171_4         | setne     | auto                     | 0       |
|    or_ln171_3_fu_16704_p2            |     |        | or_ln171_3           | or        | auto                     | 0       |
|    and_ln171_8_fu_16710_p2           |     |        | and_ln171_8          | and       | auto                     | 0       |
|    add_ln171_1_fu_16720_p2           |     |        | add_ln171_1          | add       | fabric                   | 0       |
|    xor_ln171_5_fu_16734_p2           |     |        | xor_ln171_5          | xor       | auto                     | 0       |
|    and_ln171_9_fu_16740_p2           |     |        | and_ln171_9          | and       | auto                     | 0       |
|    icmp_ln171_5_fu_16762_p2          |     |        | icmp_ln171_5         | seteq     | auto                     | 0       |
|    icmp_ln171_6_fu_16776_p2          |     |        | icmp_ln171_6         | seteq     | auto                     | 0       |
|    icmp_ln171_7_fu_16782_p2          |     |        | icmp_ln171_7         | seteq     | auto                     | 0       |
|    select_ln171_3_fu_16788_p3        |     |        | select_ln171_3       | select    | auto_sel                 | 0       |
|    xor_ln171_6_fu_16796_p2           |     |        | xor_ln171_6          | xor       | auto                     | 0       |
|    and_ln171_10_fu_16802_p2          |     |        | and_ln171_10         | and       | auto                     | 0       |
|    select_ln171_4_fu_16808_p3        |     |        | select_ln171_4       | select    | auto_sel                 | 0       |
|    and_ln171_11_fu_16816_p2          |     |        | and_ln171_11         | and       | auto                     | 0       |
|    xor_ln171_7_fu_16822_p2           |     |        | xor_ln171_7          | xor       | auto                     | 0       |
|    or_ln171_4_fu_16828_p2            |     |        | or_ln171_4           | or        | auto                     | 0       |
|    xor_ln171_8_fu_16834_p2           |     |        | xor_ln171_8          | xor       | auto                     | 0       |
|    and_ln171_12_fu_16840_p2          |     |        | and_ln171_12         | and       | auto                     | 0       |
|    and_ln171_13_fu_16846_p2          |     |        | and_ln171_13         | and       | auto                     | 0       |
|    or_ln171_10_fu_16852_p2           |     |        | or_ln171_10          | or        | auto                     | 0       |
|    xor_ln171_9_fu_16858_p2           |     |        | xor_ln171_9          | xor       | auto                     | 0       |
|    and_ln171_14_fu_16864_p2          |     |        | and_ln171_14         | and       | auto                     | 0       |
|    or_ln171_5_fu_16870_p2            |     |        | or_ln171_5           | or        | auto                     | 0       |
|    mag_1_fu_17076_p4                 |     |        | select_ln171_5       | select    | auto_sel                 | 0       |
|    xor_ln153_1_fu_16876_p2           |     |        | xor_ln153_1          | xor       | auto                     | 0       |
|    and_ln171_15_fu_16881_p2          |     |        | and_ln171_15         | and       | auto                     | 0       |
|    sparsemux_7_2_13_1_1_U19          |     |        | mag_1                | sparsemux | onehotencoding_realdef   | 0       |
|    sub_ln173_1_fu_17098_p2           |     |        | sub_ln173_1          | sub       | fabric                   | 0       |
|    xor_ln173_2_fu_17124_p2           |     |        | xor_ln173_2          | xor       | auto                     | 0       |
|    and_ln173_1_fu_17130_p2           |     |        | and_ln173_1          | and       | auto                     | 0       |
|    xor_ln173_3_fu_17136_p2           |     |        | xor_ln173_3          | xor       | auto                     | 0       |
|    ref_tmp2_i_2_fu_17162_p2          |     |        | select_ln173_1       | select    | auto_sel                 | 0       |
|    and_ln173_4_fu_17150_p2           |     |        | and_ln173_4          | and       | auto                     | 0       |
|    sparsemux_7_2_13_1_1_U20          |     |        | ref_tmp2_i_2         | sparsemux | onehotencoding_realdef   | 0       |
|    add_ln183_2_fu_18172_p2           |     |        | add_ln183_2          | add       | fabric                   | 0       |
|    and_ln183_5_fu_18212_p2           |     |        | and_ln183_5          | and       | auto                     | 0       |
|    z_1_fu_18222_p2                   |     |        | z_1                  | add       | fabric                   | 0       |
|    xor_ln183_6_fu_18236_p2           |     |        | xor_ln183_6          | xor       | auto                     | 0       |
|    and_ln183_6_fu_18242_p2           |     |        | and_ln183_6          | and       | auto                     | 0       |
|    xor_ln183_7_fu_18248_p2           |     |        | xor_ln183_7          | xor       | auto                     | 0       |
|    or_ln183_6_fu_18254_p2            |     |        | or_ln183_6           | or        | auto                     | 0       |
|    xor_ln183_8_fu_18260_p2           |     |        | xor_ln183_8          | xor       | auto                     | 0       |
|    xor_ln183_10_fu_18266_p2          |     |        | xor_ln183_10         | xor       | auto                     | 0       |
|    xor_ln183_9_fu_18272_p2           |     |        | xor_ln183_9          | xor       | auto                     | 0       |
|    or_ln183_2_fu_18278_p2            |     |        | or_ln183_2           | or        | auto                     | 0       |
|    and_ln183_7_fu_18284_p2           |     |        | and_ln183_7          | and       | auto                     | 0       |
|    and_ln183_8_fu_18290_p2           |     |        | and_ln183_8          | and       | auto                     | 0       |
|    or_ln183_7_fu_18296_p2            |     |        | or_ln183_7           | or        | auto                     | 0       |
|    xor_ln183_11_fu_18302_p2          |     |        | xor_ln183_11         | xor       | auto                     | 0       |
|    and_ln183_9_fu_18308_p2           |     |        | and_ln183_9          | and       | auto                     | 0       |
|    or_ln183_3_fu_18314_p2            |     |        | or_ln183_3           | or        | auto                     | 0       |
|    mul_32s_13s_45_2_1_U13            | 2   |        | mul_ln314            | mul       | auto                     | 1       |
|    add_ln314_fu_17205_p2             |     |        | add_ln314            | add       | fabric                   | 0       |
|    icmp_ln314_fu_17235_p2            |     |        | icmp_ln314           | setne     | auto                     | 0       |
|    or_ln314_fu_17256_p2              |     |        | or_ln314             | or        | auto                     | 0       |
|    and_ln314_fu_17262_p2             |     |        | and_ln314            | and       | auto                     | 0       |
|    candidate_pre_1_fu_17272_p2       |     |        | candidate_pre_1      | add       | fabric                   | 0       |
|    xor_ln314_fu_17286_p2             |     |        | xor_ln314            | xor       | auto                     | 0       |
|    and_ln314_1_fu_17292_p2           |     |        | and_ln314_1          | and       | auto                     | 0       |
|    icmp_ln314_1_fu_17308_p2          |     |        | icmp_ln314_1         | seteq     | auto                     | 0       |
|    icmp_ln314_2_fu_17314_p2          |     |        | icmp_ln314_2         | seteq     | auto                     | 0       |
|    select_ln314_fu_17327_p3          |     |        | select_ln314         | select    | auto_sel                 | 0       |
|    xor_ln314_1_fu_17332_p2           |     |        | xor_ln314_1          | xor       | auto                     | 0       |
|    and_ln314_2_fu_17338_p2           |     |        | and_ln314_2          | and       | auto                     | 0       |
|    select_ln314_1_fu_17343_p3        |     |        | select_ln314_1       | select    | auto_sel                 | 0       |
|    and_ln314_3_fu_17349_p2           |     |        | and_ln314_3          | and       | auto                     | 0       |
|    xor_ln314_2_fu_17353_p2           |     |        | xor_ln314_2          | xor       | auto                     | 0       |
|    or_ln314_1_fu_17359_p2            |     |        | or_ln314_1           | or        | auto                     | 0       |
|    xor_ln314_3_fu_17364_p2           |     |        | xor_ln314_3          | xor       | auto                     | 0       |
|    and_ln314_4_fu_17369_p2           |     |        | and_ln314_4          | and       | auto                     | 0       |
|    and_ln314_5_fu_17375_p2           |     |        | and_ln314_5          | and       | auto                     | 0       |
|    or_ln314_3_fu_17380_p2            |     |        | or_ln314_3           | or        | auto                     | 0       |
|    xor_ln314_4_fu_17386_p2           |     |        | xor_ln314_4          | xor       | auto                     | 0       |
|    and_ln314_6_fu_17392_p2           |     |        | and_ln314_6          | and       | auto                     | 0       |
|    select_ln314_2_fu_17397_p3        |     |        | select_ln314_2       | select    | auto_sel                 | 0       |
|    or_ln314_2_fu_17405_p2            |     |        | or_ln314_2           | or        | auto                     | 0       |
|    candidate_pre_3_fu_17411_p3       |     |        | candidate_pre_3      | select    | auto_sel                 | 0       |
|    sub_ln150_2_fu_17430_p2           |     |        | sub_ln150_2          | sub       | fabric                   | 0       |
|    xor_ln150_4_fu_17456_p2           |     |        | xor_ln150_4          | xor       | auto                     | 0       |
|    and_ln150_2_fu_17462_p2           |     |        | and_ln150_2          | and       | auto                     | 0       |
|    xor_ln150_5_fu_17468_p2           |     |        | xor_ln150_5          | xor       | auto                     | 0       |
|    select_ln150_2_fu_17474_p3        |     |        | select_ln150_2       | select    | auto_sel                 | 0       |
|    and_ln150_5_fu_17482_p2           |     |        | and_ln150_5          | and       | auto                     | 0       |
|    xor_ln149_2_fu_17488_p2           |     |        | xor_ln149_2          | xor       | auto                     | 0       |
|    sparsemux_7_2_32_1_1_U21          |     |        | av_5                 | sparsemux | onehotencoding_realdef   | 0       |
|    icmp_ln153_2_fu_17527_p2          |     |        | icmp_ln153_2         | setgt     | auto                     | 0       |
|    add_ln169_2_fu_17556_p2           |     |        | add_ln169_2          | add       | fabric                   | 0       |
|    sub_ln170_2_fu_17591_p2           |     |        | sub_ln170_2          | sub       | fabric                   | 0       |
|    mul_22s_20ns_42_1_1_U11           | 2   |        | mul_ln170_2          | mul       | auto                     | 0       |
|    add_ln170_4_fu_17628_p2           |     |        | add_ln170_4          | add       | fabric                   | 0       |
|    icmp_ln170_2_fu_17662_p2          |     |        | icmp_ln170_2         | setne     | auto                     | 0       |
|    or_ln170_6_fu_17675_p2            |     |        | or_ln170_6           | or        | auto                     | 0       |
|    and_ln170_10_fu_17681_p2          |     |        | and_ln170_10         | and       | auto                     | 0       |
|    y_7_fu_17691_p2                   |     |        | y_7                  | add       | fabric                   | 0       |
|    xor_ln170_12_fu_17709_p2          |     |        | xor_ln170_12         | xor       | auto                     | 0       |
|    and_ln170_11_fu_17715_p2          |     |        | and_ln170_11         | and       | auto                     | 0       |
|    xor_ln170_13_fu_17721_p2          |     |        | xor_ln170_13         | xor       | auto                     | 0       |
|    or_ln170_13_fu_17727_p2           |     |        | or_ln170_13          | or        | auto                     | 0       |
|    xor_ln170_14_fu_17733_p2          |     |        | xor_ln170_14         | xor       | auto                     | 0       |
|    xor_ln170_16_fu_17739_p2          |     |        | xor_ln170_16         | xor       | auto                     | 0       |
|    xor_ln170_15_fu_17745_p2          |     |        | xor_ln170_15         | xor       | auto                     | 0       |
|    or_ln170_7_fu_17751_p2            |     |        | or_ln170_7           | or        | auto                     | 0       |
|    and_ln170_12_fu_17757_p2          |     |        | and_ln170_12         | and       | auto                     | 0       |
|    and_ln170_13_fu_17763_p2          |     |        | and_ln170_13         | and       | auto                     | 0       |
|    or_ln170_14_fu_17769_p2           |     |        | or_ln170_14          | or        | auto                     | 0       |
|    xor_ln170_17_fu_17775_p2          |     |        | xor_ln170_17         | xor       | auto                     | 0       |
|    and_ln170_14_fu_17781_p2          |     |        | and_ln170_14         | and       | auto                     | 0       |
|    select_ln170_4_fu_17793_p3        |     |        | select_ln170_4       | select    | auto_sel                 | 0       |
|    or_ln170_8_fu_17787_p2            |     |        | or_ln170_8           | or        | auto                     | 0       |
|    y_8_fu_17800_p3                   |     |        | y_8                  | select    | auto_sel                 | 0       |
|    icmp_ln171_8_fu_17836_p2          |     |        | icmp_ln171_8         | setne     | auto                     | 0       |
|    or_ln171_6_fu_17858_p2            |     |        | or_ln171_6           | or        | auto                     | 0       |
|    and_ln171_16_fu_17864_p2          |     |        | and_ln171_16         | and       | auto                     | 0       |
|    add_ln171_2_fu_17874_p2           |     |        | add_ln171_2          | add       | fabric                   | 0       |
|    xor_ln171_10_fu_17888_p2          |     |        | xor_ln171_10         | xor       | auto                     | 0       |
|    and_ln171_17_fu_17894_p2          |     |        | and_ln171_17         | and       | auto                     | 0       |
|    icmp_ln171_9_fu_17916_p2          |     |        | icmp_ln171_9         | seteq     | auto                     | 0       |
|    icmp_ln171_10_fu_17930_p2         |     |        | icmp_ln171_10        | seteq     | auto                     | 0       |
|    icmp_ln171_11_fu_17936_p2         |     |        | icmp_ln171_11        | seteq     | auto                     | 0       |
|    select_ln171_6_fu_17942_p3        |     |        | select_ln171_6       | select    | auto_sel                 | 0       |
|    xor_ln171_11_fu_17950_p2          |     |        | xor_ln171_11         | xor       | auto                     | 0       |
|    and_ln171_18_fu_17956_p2          |     |        | and_ln171_18         | and       | auto                     | 0       |
|    select_ln171_7_fu_17962_p3        |     |        | select_ln171_7       | select    | auto_sel                 | 0       |
|    and_ln171_19_fu_17970_p2          |     |        | and_ln171_19         | and       | auto                     | 0       |
|    xor_ln171_12_fu_17976_p2          |     |        | xor_ln171_12         | xor       | auto                     | 0       |
|    or_ln171_7_fu_17982_p2            |     |        | or_ln171_7           | or        | auto                     | 0       |
|    xor_ln171_13_fu_17988_p2          |     |        | xor_ln171_13         | xor       | auto                     | 0       |
|    and_ln171_20_fu_17994_p2          |     |        | and_ln171_20         | and       | auto                     | 0       |
|    and_ln171_21_fu_18000_p2          |     |        | and_ln171_21         | and       | auto                     | 0       |
|    or_ln171_11_fu_18006_p2           |     |        | or_ln171_11          | or        | auto                     | 0       |
|    xor_ln171_14_fu_18012_p2          |     |        | xor_ln171_14         | xor       | auto                     | 0       |
|    and_ln171_22_fu_18018_p2          |     |        | and_ln171_22         | and       | auto                     | 0       |
|    or_ln171_8_fu_18024_p2            |     |        | or_ln171_8           | or        | auto                     | 0       |
|    mag_2_fu_18055_p4                 |     |        | select_ln171_8       | select    | auto_sel                 | 0       |
|    xor_ln153_2_fu_18030_p2           |     |        | xor_ln153_2          | xor       | auto                     | 0       |
|    and_ln171_23_fu_18035_p2          |     |        | and_ln171_23         | and       | auto                     | 0       |
|    sparsemux_7_2_13_1_1_U22          |     |        | mag_2                | sparsemux | onehotencoding_realdef   | 0       |
|    sub_ln173_2_fu_18077_p2           |     |        | sub_ln173_2          | sub       | fabric                   | 0       |
|    xor_ln173_4_fu_18103_p2           |     |        | xor_ln173_4          | xor       | auto                     | 0       |
|    and_ln173_2_fu_18109_p2           |     |        | and_ln173_2          | and       | auto                     | 0       |
|    xor_ln173_5_fu_18115_p2           |     |        | xor_ln173_5          | xor       | auto                     | 0       |
|    nn_1_fu_18141_p2                  |     |        | select_ln173_2       | select    | auto_sel                 | 0       |
|    and_ln173_5_fu_18129_p2           |     |        | and_ln173_5          | and       | auto                     | 0       |
|    sparsemux_7_2_13_1_1_U23          |     |        | nn_1                 | sparsemux | onehotencoding_realdef   | 0       |
|    select_ln183_2_fu_18327_p3        |     |        | select_ln183_2       | select    | auto_sel                 | 0       |
|    select_ln183_3_fu_18335_p3        |     |        | select_ln183_3       | select    | auto_sel                 | 0       |
|    sparsemux_81_6_13_1_1_U14         |     |        | tmp_311              | sparsemux | compactencoding_dontcare | 0       |
|    sub_ln324_fu_18358_p2             |     |        | sub_ln324            | sub       | fabric                   | 0       |
|    mul_23s_22s_45_1_1_U12            | 2   |        | mul_ln324            | mul       | auto                     | 0       |
|    add_ln324_fu_18395_p2             |     |        | add_ln324            | add       | fabric                   | 0       |
|    icmp_ln324_fu_18429_p2            |     |        | icmp_ln324           | setne     | auto                     | 0       |
|    or_ln324_fu_18442_p2              |     |        | or_ln324             | or        | auto                     | 0       |
|    and_ln324_fu_18448_p2             |     |        | and_ln324            | and       | auto                     | 0       |
|    state_update_1_fu_18458_p2        |     |        | state_update_1       | add       | fabric                   | 0       |
|    xor_ln324_fu_18476_p2             |     |        | xor_ln324            | xor       | auto                     | 0       |
|    and_ln324_1_fu_18482_p2           |     |        | and_ln324_1          | and       | auto                     | 0       |
|    xor_ln324_1_fu_18488_p2           |     |        | xor_ln324_1          | xor       | auto                     | 0       |
|    or_ln324_3_fu_18494_p2            |     |        | or_ln324_3           | or        | auto                     | 0       |
|    xor_ln324_2_fu_18500_p2           |     |        | xor_ln324_2          | xor       | auto                     | 0       |
|    xor_ln324_4_fu_18524_p2           |     |        | xor_ln324_4          | xor       | auto                     | 0       |
|    xor_ln324_3_fu_18506_p2           |     |        | xor_ln324_3          | xor       | auto                     | 0       |
|    or_ln324_1_fu_18512_p2            |     |        | or_ln324_1           | or        | auto                     | 0       |
|    and_ln324_2_fu_18518_p2           |     |        | and_ln324_2          | and       | auto                     | 0       |
|    and_ln324_3_fu_18528_p2           |     |        | and_ln324_3          | and       | auto                     | 0       |
|    or_ln324_4_fu_18533_p2            |     |        | or_ln324_4           | or        | auto                     | 0       |
|    xor_ln324_5_fu_18538_p2           |     |        | xor_ln324_5          | xor       | auto                     | 0       |
|    and_ln324_4_fu_18544_p2           |     |        | and_ln324_4          | and       | auto                     | 0       |
|    select_ln324_fu_18549_p3          |     |        | select_ln324         | select    | auto_sel                 | 0       |
|    or_ln324_2_fu_18556_p2            |     |        | or_ln324_2           | or        | auto                     | 0       |
|    state_update_2_fu_18561_p3        |     |        | state_update_2       | select    | auto_sel                 | 0       |
|    icmp_ln326_fu_18598_p2            |     |        | icmp_ln326           | setne     | auto                     | 0       |
|    or_ln326_fu_18620_p2              |     |        | or_ln326             | or        | auto                     | 0       |
|    and_ln326_fu_18626_p2             |     |        | and_ln326            | and       | auto                     | 0       |
|    add_ln326_fu_18636_p2             |     |        | add_ln326            | add       | fabric                   | 0       |
|    xor_ln326_fu_18650_p2             |     |        | xor_ln326            | xor       | auto                     | 0       |
|    and_ln326_1_fu_18656_p2           |     |        | and_ln326_1          | and       | auto                     | 0       |
|    icmp_ln326_1_fu_18678_p2          |     |        | icmp_ln326_1         | seteq     | auto                     | 0       |
|    icmp_ln326_2_fu_18692_p2          |     |        | icmp_ln326_2         | seteq     | auto                     | 0       |
|    icmp_ln326_3_fu_18698_p2          |     |        | icmp_ln326_3         | seteq     | auto                     | 0       |
|    select_ln326_fu_18704_p3          |     |        | select_ln326         | select    | auto_sel                 | 0       |
|    xor_ln326_1_fu_18712_p2           |     |        | xor_ln326_1          | xor       | auto                     | 0       |
|    and_ln326_2_fu_18718_p2           |     |        | and_ln326_2          | and       | auto                     | 0       |
|    select_ln326_1_fu_18724_p3        |     |        | select_ln326_1       | select    | auto_sel                 | 0       |
|    and_ln326_3_fu_18762_p2           |     |        | and_ln326_3          | and       | auto                     | 0       |
|    xor_ln326_2_fu_18732_p2           |     |        | xor_ln326_2          | xor       | auto                     | 0       |
|    or_ln326_1_fu_18738_p2            |     |        | or_ln326_1           | or        | auto                     | 0       |
|    xor_ln326_3_fu_18744_p2           |     |        | xor_ln326_3          | xor       | auto                     | 0       |
|    and_ln326_4_fu_18750_p2           |     |        | and_ln326_4          | and       | auto                     | 0       |
|    and_ln326_5_fu_18756_p2           |     |        | and_ln326_5          | and       | auto                     | 0       |
|    or_ln326_3_fu_18766_p2            |     |        | or_ln326_3           | or        | auto                     | 0       |
|    xor_ln326_4_fu_18771_p2           |     |        | xor_ln326_4          | xor       | auto                     | 0       |
|    and_ln326_6_fu_18777_p2           |     |        | and_ln326_6          | and       | auto                     | 0       |
|    select_ln326_2_fu_18782_p3        |     |        | select_ln326_2       | select    | auto_sel                 | 0       |
|    or_ln326_2_fu_18789_p2            |     |        | or_ln326_2           | or        | auto                     | 0       |
|    h_new_fu_18794_p3                 |     |        | h_new                | select    | auto_sel                 | 0       |
|    mul_8s_13s_20_1_1_U24             | 1   |        | mul_ln331            | mul       | auto                     | 0       |
|    add_ln331_1_fu_19075_p2           |     |        | add_ln331_1          | add       | fabric                   | 0       |
|    add_ln331_fu_19081_p2             |     |        | add_ln331            | add       | fabric                   | 0       |
|    xor_ln331_fu_19107_p2             |     |        | xor_ln331            | xor       | auto                     | 0       |
|    and_ln331_fu_19113_p2             |     |        | and_ln331            | and       | auto                     | 0       |
|    xor_ln331_1_fu_19119_p2           |     |        | xor_ln331_1          | xor       | auto                     | 0       |
|    select_ln331_fu_19125_p3          |     |        | select_ln331         | select    | auto_sel                 | 0       |
|    y_acc_2_fu_19133_p3               |     |        | y_acc_2              | select    | auto_sel                 | 0       |
|   + mac3 (grp_mac3_fu_2728)          | 3   |        |                      |           |                          |         |
|     mul_13s_13s_23_1_1_U1            | 1   |        | mul_ln72             | mul       | auto                     | 0       |
|     mul_13s_13s_24_1_1_U2            | 1   |        | mul_ln73             | mul       | auto                     | 0       |
|     mul_13s_13s_23_1_1_U3            | 1   |        | mul_ln74             | mul       | auto                     | 0       |
|   + mac3 (grp_mac3_fu_2720)          | 3   |        |                      |           |                          |         |
|     mul_13s_13s_23_1_1_U1            | 1   |        | mul_ln72             | mul       | auto                     | 0       |
|     mul_13s_13s_24_1_1_U2            | 1   |        | mul_ln73             | mul       | auto                     | 0       |
|     mul_13s_13s_23_1_1_U3            | 1   |        | mul_ln74             | mul       | auto                     | 0       |
|   + mac3 (grp_mac3_fu_2731)          | 3   |        |                      |           |                          |         |
|     mul_13s_13s_23_1_1_U1            | 1   |        | mul_ln72             | mul       | auto                     | 0       |
|     mul_13s_13s_24_1_1_U2            | 1   |        | mul_ln73             | mul       | auto                     | 0       |
|     mul_13s_13s_23_1_1_U3            | 1   |        | mul_ln74             | mul       | auto                     | 0       |
|   + mac3 (grp_mac3_fu_2725)          | 3   |        |                      |           |                          |         |
|     mul_13s_13s_23_1_1_U1            | 1   |        | mul_ln72             | mul       | auto                     | 0       |
|     mul_13s_13s_24_1_1_U2            | 1   |        | mul_ln73             | mul       | auto                     | 0       |
|     mul_13s_13s_23_1_1_U3            | 1   |        | mul_ln74             | mul       | auto                     | 0       |
|   + mac3 (grp_mac3_fu_2733)          | 3   |        |                      |           |                          |         |
|     mul_13s_13s_23_1_1_U1            | 1   |        | mul_ln72             | mul       | auto                     | 0       |
|     mul_13s_13s_24_1_1_U2            | 1   |        | mul_ln73             | mul       | auto                     | 0       |
|     mul_13s_13s_23_1_1_U3            | 1   |        | mul_ln74             | mul       | auto                     | 0       |
|   + mac3 (grp_mac3_fu_2729)          | 3   |        |                      |           |                          |         |
|     mul_13s_13s_23_1_1_U1            | 1   |        | mul_ln72             | mul       | auto                     | 0       |
|     mul_13s_13s_24_1_1_U2            | 1   |        | mul_ln73             | mul       | auto                     | 0       |
|     mul_13s_13s_23_1_1_U3            | 1   |        | mul_ln74             | mul       | auto                     | 0       |
|   + mac3 (grp_mac3_fu_2734)          | 3   |        |                      |           |                          |         |
|     mul_13s_13s_23_1_1_U1            | 1   |        | mul_ln72             | mul       | auto                     | 0       |
|     mul_13s_13s_24_1_1_U2            | 1   |        | mul_ln73             | mul       | auto                     | 0       |
|     mul_13s_13s_23_1_1_U3            | 1   |        | mul_ln74             | mul       | auto                     | 0       |
|   + mac3 (grp_mac3_fu_2722)          | 3   |        |                      |           |                          |         |
|     mul_13s_13s_23_1_1_U1            | 1   |        | mul_ln72             | mul       | auto                     | 0       |
|     mul_13s_13s_24_1_1_U2            | 1   |        | mul_ln73             | mul       | auto                     | 0       |
|     mul_13s_13s_23_1_1_U3            | 1   |        | mul_ln74             | mul       | auto                     | 0       |
|   + mac3 (grp_mac3_fu_2723)          | 3   |        |                      |           |                          |         |
|     mul_13s_13s_23_1_1_U1            | 1   |        | mul_ln72             | mul       | auto                     | 0       |
|     mul_13s_13s_24_1_1_U2            | 1   |        | mul_ln73             | mul       | auto                     | 0       |
|     mul_13s_13s_23_1_1_U3            | 1   |        | mul_ln74             | mul       | auto                     | 0       |
|   + mac3 (grp_mac3_fu_2730)          | 3   |        |                      |           |                          |         |
|     mul_13s_13s_23_1_1_U1            | 1   |        | mul_ln72             | mul       | auto                     | 0       |
|     mul_13s_13s_24_1_1_U2            | 1   |        | mul_ln73             | mul       | auto                     | 0       |
|     mul_13s_13s_23_1_1_U3            | 1   |        | mul_ln74             | mul       | auto                     | 0       |
|   + mac3 (grp_mac3_fu_2718)          | 3   |        |                      |           |                          |         |
|     mul_13s_13s_23_1_1_U1            | 1   |        | mul_ln72             | mul       | auto                     | 0       |
|     mul_13s_13s_24_1_1_U2            | 1   |        | mul_ln73             | mul       | auto                     | 0       |
|     mul_13s_13s_23_1_1_U3            | 1   |        | mul_ln74             | mul       | auto                     | 0       |
|   + mac3 (grp_mac3_fu_2719)          | 3   |        |                      |           |                          |         |
|     mul_13s_13s_23_1_1_U1            | 1   |        | mul_ln72             | mul       | auto                     | 0       |
|     mul_13s_13s_24_1_1_U2            | 1   |        | mul_ln73             | mul       | auto                     | 0       |
|     mul_13s_13s_23_1_1_U3            | 1   |        | mul_ln74             | mul       | auto                     | 0       |
|   + mac3 (grp_mac3_fu_2721)          | 3   |        |                      |           |                          |         |
|     mul_13s_13s_23_1_1_U1            | 1   |        | mul_ln72             | mul       | auto                     | 0       |
|     mul_13s_13s_24_1_1_U2            | 1   |        | mul_ln73             | mul       | auto                     | 0       |
|     mul_13s_13s_23_1_1_U3            | 1   |        | mul_ln74             | mul       | auto                     | 0       |
|   + mac3 (grp_mac3_fu_2716)          | 3   |        |                      |           |                          |         |
|     mul_13s_13s_23_1_1_U1            | 1   |        | mul_ln72             | mul       | auto                     | 0       |
|     mul_13s_13s_24_1_1_U2            | 1   |        | mul_ln73             | mul       | auto                     | 0       |
|     mul_13s_13s_23_1_1_U3            | 1   |        | mul_ln74             | mul       | auto                     | 0       |
|   + mac3 (grp_mac3_fu_2717)          | 3   |        |                      |           |                          |         |
|     mul_13s_13s_23_1_1_U1            | 1   |        | mul_ln72             | mul       | auto                     | 0       |
|     mul_13s_13s_24_1_1_U2            | 1   |        | mul_ln73             | mul       | auto                     | 0       |
|     mul_13s_13s_23_1_1_U3            | 1   |        | mul_ln74             | mul       | auto                     | 0       |
|   + mac3 (grp_mac3_fu_2726)          | 3   |        |                      |           |                          |         |
|     mul_13s_13s_23_1_1_U1            | 1   |        | mul_ln72             | mul       | auto                     | 0       |
|     mul_13s_13s_24_1_1_U2            | 1   |        | mul_ln73             | mul       | auto                     | 0       |
|     mul_13s_13s_23_1_1_U3            | 1   |        | mul_ln74             | mul       | auto                     | 0       |
|   + mac3 (grp_mac3_fu_2724)          | 3   |        |                      |           |                          |         |
|     mul_13s_13s_23_1_1_U1            | 1   |        | mul_ln72             | mul       | auto                     | 0       |
|     mul_13s_13s_24_1_1_U2            | 1   |        | mul_ln73             | mul       | auto                     | 0       |
|     mul_13s_13s_23_1_1_U3            | 1   |        | mul_ln74             | mul       | auto                     | 0       |
|   + mac3 (grp_mac3_fu_2727)          | 3   |        |                      |           |                          |         |
|     mul_13s_13s_23_1_1_U1            | 1   |        | mul_ln72             | mul       | auto                     | 0       |
|     mul_13s_13s_24_1_1_U2            | 1   |        | mul_ln73             | mul       | auto                     | 0       |
|     mul_13s_13s_23_1_1_U3            | 1   |        | mul_ln74             | mul       | auto                     | 0       |
|   + mac3 (grp_mac3_fu_2732)          | 3   |        |                      |           |                          |         |
|     mul_13s_13s_23_1_1_U1            | 1   |        | mul_ln72             | mul       | auto                     | 0       |
|     mul_13s_13s_24_1_1_U2            | 1   |        | mul_ln73             | mul       | auto                     | 0       |
|     mul_13s_13s_23_1_1_U3            | 1   |        | mul_ln74             | mul       | auto                     | 0       |
|   + mac3 (grp_mac3_fu_2735)          | 3   |        |                      |           |                          |         |
|     mul_13s_13s_23_1_1_U1            | 1   |        | mul_ln72             | mul       | auto                     | 0       |
|     mul_13s_13s_24_1_1_U2            | 1   |        | mul_ln73             | mul       | auto                     | 0       |
|     mul_13s_13s_23_1_1_U3            | 1   |        | mul_ln74             | mul       | auto                     | 0       |
+--------------------------------------+-----+--------+----------------------+-----------+--------------------------+---------+


================================================================
== Storage Report
================================================================
+--------------------------------+-----------+-----------+------+------+--------+------------+------+---------+------------------+
| Name                           | Usage     | Type      | BRAM | URAM | Pragma | Variable   | Impl | Latency | Bitwidth, Depth, |
|                                |           |           |      |      |        |            |      |         | Banks            |
+--------------------------------+-----------+-----------+------+------+--------+------------+------+---------+------------------+
| + gru_va                       |           |           | 4    | 0    |        |            |      |         |                  |
|   CTRL_s_axi_U                 | interface | s_axilite |      |      |        |            |      |         |                  |
|  + gru_va_Pipeline_HIDDEN_LOOP |           |           | 4    | 0    |        |            |      |         |                  |
|    w_out_U                     | rom_1p    |           |      |      |        | w_out      | auto | 1       | 8, 40, 1         |
|    U_r_0_U                     | rom_1p    |           |      |      |        | U_r_0      | auto | 1       | 11, 40, 1        |
|    U_z_0_U                     | rom_1p    |           |      |      |        | U_z_0      | auto | 1       | 11, 40, 1        |
|    U_n_0_U                     | rom_1p    |           |      |      |        | U_n_0      | auto | 1       | 10, 40, 1        |
|    U_r_1_U                     | rom_1p    |           |      |      |        | U_r_1      | auto | 1       | 11, 40, 1        |
|    U_z_1_U                     | rom_1p    |           |      |      |        | U_z_1      | auto | 1       | 10, 40, 1        |
|    U_n_1_U                     | rom_1p    |           |      |      |        | U_n_1      | auto | 1       | 10, 40, 1        |
|    U_r_2_U                     | rom_1p    |           |      |      |        | U_r_2      | auto | 1       | 11, 40, 1        |
|    U_z_2_U                     | rom_1p    |           |      |      |        | U_z_2      | auto | 1       | 11, 40, 1        |
|    U_n_2_U                     | rom_1p    |           |      |      |        | U_n_2      | auto | 1       | 9, 40, 1         |
|    U_r_3_U                     | rom_1p    |           |      |      |        | U_r_3      | auto | 1       | 11, 40, 1        |
|    U_z_3_U                     | rom_1p    |           |      |      |        | U_z_3      | auto | 1       | 11, 40, 1        |
|    U_n_3_U                     | rom_1p    |           |      |      |        | U_n_3      | auto | 1       | 10, 40, 1        |
|    U_r_4_U                     | rom_1p    |           |      |      |        | U_r_4      | auto | 1       | 10, 40, 1        |
|    U_z_4_U                     | rom_1p    |           |      |      |        | U_z_4      | auto | 1       | 11, 40, 1        |
|    U_n_4_U                     | rom_1p    |           |      |      |        | U_n_4      | auto | 1       | 9, 40, 1         |
|    U_r_5_U                     | rom_1p    |           |      |      |        | U_r_5      | auto | 1       | 10, 40, 1        |
|    U_z_5_U                     | rom_1p    |           |      |      |        | U_z_5      | auto | 1       | 10, 40, 1        |
|    U_n_5_U                     | rom_1p    |           |      |      |        | U_n_5      | auto | 1       | 10, 40, 1        |
|    U_r_6_U                     | rom_1p    |           |      |      |        | U_r_6      | auto | 1       | 11, 40, 1        |
|    U_z_6_U                     | rom_1p    |           |      |      |        | U_z_6      | auto | 1       | 11, 40, 1        |
|    U_n_6_U                     | rom_1p    |           |      |      |        | U_n_6      | auto | 1       | 10, 40, 1        |
|    U_r_7_U                     | rom_1p    |           |      |      |        | U_r_7      | auto | 1       | 10, 40, 1        |
|    U_z_7_U                     | rom_1p    |           |      |      |        | U_z_7      | auto | 1       | 11, 40, 1        |
|    U_n_7_U                     | rom_1p    |           |      |      |        | U_n_7      | auto | 1       | 9, 40, 1         |
|    U_r_8_U                     | rom_1p    |           |      |      |        | U_r_8      | auto | 1       | 10, 40, 1        |
|    U_z_8_U                     | rom_1p    |           |      |      |        | U_z_8      | auto | 1       | 11, 40, 1        |
|    U_n_8_U                     | rom_1p    |           |      |      |        | U_n_8      | auto | 1       | 9, 40, 1         |
|    U_r_9_U                     | rom_1p    |           |      |      |        | U_r_9      | auto | 1       | 10, 40, 1        |
|    U_z_9_U                     | rom_1p    |           |      |      |        | U_z_9      | auto | 1       | 11, 40, 1        |
|    U_n_9_U                     | rom_1p    |           |      |      |        | U_n_9      | auto | 1       | 9, 40, 1         |
|    U_r_10_U                    | rom_1p    |           |      |      |        | U_r_10     | auto | 1       | 10, 40, 1        |
|    U_z_10_U                    | rom_1p    |           |      |      |        | U_z_10     | auto | 1       | 11, 40, 1        |
|    U_n_10_U                    | rom_1p    |           |      |      |        | U_n_10     | auto | 1       | 9, 40, 1         |
|    U_r_11_U                    | rom_1p    |           |      |      |        | U_r_11     | auto | 1       | 10, 40, 1        |
|    U_z_11_U                    | rom_1p    |           |      |      |        | U_z_11     | auto | 1       | 10, 40, 1        |
|    U_n_11_U                    | rom_1p    |           |      |      |        | U_n_11     | auto | 1       | 8, 40, 1         |
|    U_r_12_U                    | rom_1p    |           |      |      |        | U_r_12     | auto | 1       | 10, 40, 1        |
|    U_z_12_U                    | rom_1p    |           |      |      |        | U_z_12     | auto | 1       | 11, 40, 1        |
|    U_n_12_U                    | rom_1p    |           |      |      |        | U_n_12     | auto | 1       | 10, 40, 1        |
|    U_r_13_U                    | rom_1p    |           |      |      |        | U_r_13     | auto | 1       | 10, 40, 1        |
|    U_z_13_U                    | rom_1p    |           |      |      |        | U_z_13     | auto | 1       | 11, 40, 1        |
|    U_n_13_U                    | rom_1p    |           |      |      |        | U_n_13     | auto | 1       | 9, 40, 1         |
|    U_r_14_U                    | rom_1p    |           |      |      |        | U_r_14     | auto | 1       | 10, 40, 1        |
|    U_z_14_U                    | rom_1p    |           |      |      |        | U_z_14     | auto | 1       | 11, 40, 1        |
|    U_n_14_U                    | rom_1p    |           |      |      |        | U_n_14     | auto | 1       | 9, 40, 1         |
|    U_r_15_U                    | rom_1p    |           |      |      |        | U_r_15     | auto | 1       | 10, 40, 1        |
|    U_z_15_U                    | rom_1p    |           |      |      |        | U_z_15     | auto | 1       | 12, 40, 1        |
|    U_n_15_U                    | rom_1p    |           |      |      |        | U_n_15     | auto | 1       | 10, 40, 1        |
|    U_r_16_U                    | rom_1p    |           |      |      |        | U_r_16     | auto | 1       | 11, 40, 1        |
|    U_z_16_U                    | rom_1p    |           |      |      |        | U_z_16     | auto | 1       | 11, 40, 1        |
|    U_n_16_U                    | rom_1p    |           |      |      |        | U_n_16     | auto | 1       | 10, 40, 1        |
|    U_r_17_U                    | rom_1p    |           |      |      |        | U_r_17     | auto | 1       | 11, 40, 1        |
|    U_z_17_U                    | rom_1p    |           |      |      |        | U_z_17     | auto | 1       | 11, 40, 1        |
|    U_n_17_U                    | rom_1p    |           |      |      |        | U_n_17     | auto | 1       | 10, 40, 1        |
|    U_r_18_U                    | rom_1p    |           |      |      |        | U_r_18     | auto | 1       | 10, 40, 1        |
|    U_z_18_U                    | rom_1p    |           |      |      |        | U_z_18     | auto | 1       | 11, 40, 1        |
|    U_n_18_U                    | rom_1p    |           |      |      |        | U_n_18     | auto | 1       | 10, 40, 1        |
|    U_r_19_U                    | rom_1p    |           |      |      |        | U_r_19     | auto | 1       | 9, 40, 1         |
|    U_z_19_U                    | rom_1p    |           |      |      |        | U_z_19     | auto | 1       | 11, 40, 1        |
|    U_n_19_U                    | rom_1p    |           |      |      |        | U_n_19     | auto | 1       | 9, 40, 1         |
|    U_r_20_U                    | rom_1p    |           |      |      |        | U_r_20     | auto | 1       | 11, 40, 1        |
|    U_z_20_U                    | rom_1p    |           |      |      |        | U_z_20     | auto | 1       | 11, 40, 1        |
|    U_n_20_U                    | rom_1p    |           |      |      |        | U_n_20     | auto | 1       | 10, 40, 1        |
|    U_r_21_U                    | rom_1p    |           |      |      |        | U_r_21     | auto | 1       | 11, 40, 1        |
|    U_z_21_U                    | rom_1p    |           |      |      |        | U_z_21     | auto | 1       | 11, 40, 1        |
|    U_n_21_U                    | rom_1p    |           |      |      |        | U_n_21     | auto | 1       | 11, 40, 1        |
|    U_r_22_U                    | rom_1p    |           |      |      |        | U_r_22     | auto | 1       | 10, 40, 1        |
|    U_z_22_U                    | rom_1p    |           |      |      |        | U_z_22     | auto | 1       | 12, 40, 1        |
|    U_n_22_U                    | rom_1p    |           |      |      |        | U_n_22     | auto | 1       | 9, 40, 1         |
|    U_r_23_U                    | rom_1p    |           |      |      |        | U_r_23     | auto | 1       | 10, 40, 1        |
|    U_z_23_U                    | rom_1p    |           |      |      |        | U_z_23     | auto | 1       | 11, 40, 1        |
|    U_n_23_U                    | rom_1p    |           |      |      |        | U_n_23     | auto | 1       | 9, 40, 1         |
|    U_r_24_U                    | rom_1p    |           |      |      |        | U_r_24     | auto | 1       | 9, 40, 1         |
|    U_z_24_U                    | rom_1p    |           |      |      |        | U_z_24     | auto | 1       | 11, 40, 1        |
|    U_n_24_U                    | rom_1p    |           |      |      |        | U_n_24     | auto | 1       | 9, 40, 1         |
|    U_r_25_U                    | rom_1p    |           |      |      |        | U_r_25     | auto | 1       | 9, 40, 1         |
|    U_z_25_U                    | rom_1p    |           |      |      |        | U_z_25     | auto | 1       | 11, 40, 1        |
|    U_n_25_U                    | rom_1p    |           |      |      |        | U_n_25     | auto | 1       | 10, 40, 1        |
|    U_r_26_U                    | rom_1p    |           |      |      |        | U_r_26     | auto | 1       | 9, 40, 1         |
|    U_z_26_U                    | rom_1p    |           |      |      |        | U_z_26     | auto | 1       | 10, 40, 1        |
|    U_n_26_U                    | rom_1p    |           |      |      |        | U_n_26     | auto | 1       | 9, 40, 1         |
|    U_r_27_U                    | rom_1p    |           |      |      |        | U_r_27     | auto | 1       | 9, 40, 1         |
|    U_z_27_U                    | rom_1p    |           |      |      |        | U_z_27     | auto | 1       | 11, 40, 1        |
|    U_n_27_U                    | rom_1p    |           |      |      |        | U_n_27     | auto | 1       | 10, 40, 1        |
|    U_r_28_U                    | rom_1p    |           |      |      |        | U_r_28     | auto | 1       | 9, 40, 1         |
|    U_z_28_U                    | rom_1p    |           |      |      |        | U_z_28     | auto | 1       | 10, 40, 1        |
|    U_n_28_U                    | rom_1p    |           |      |      |        | U_n_28     | auto | 1       | 8, 40, 1         |
|    U_r_29_U                    | rom_1p    |           |      |      |        | U_r_29     | auto | 1       | 10, 40, 1        |
|    U_z_29_U                    | rom_1p    |           |      |      |        | U_z_29     | auto | 1       | 11, 40, 1        |
|    U_n_29_U                    | rom_1p    |           |      |      |        | U_n_29     | auto | 1       | 10, 40, 1        |
|    U_r_30_U                    | rom_1p    |           |      |      |        | U_r_30     | auto | 1       | 9, 40, 1         |
|    U_z_30_U                    | rom_1p    |           |      |      |        | U_z_30     | auto | 1       | 11, 40, 1        |
|    U_n_30_U                    | rom_1p    |           |      |      |        | U_n_30     | auto | 1       | 10, 40, 1        |
|    U_r_31_U                    | rom_1p    |           |      |      |        | U_r_31     | auto | 1       | 10, 40, 1        |
|    U_z_31_U                    | rom_1p    |           |      |      |        | U_z_31     | auto | 1       | 10, 40, 1        |
|    U_n_31_U                    | rom_1p    |           |      |      |        | U_n_31     | auto | 1       | 9, 40, 1         |
|    U_r_32_U                    | rom_1p    |           |      |      |        | U_r_32     | auto | 1       | 10, 40, 1        |
|    U_z_32_U                    | rom_1p    |           |      |      |        | U_z_32     | auto | 1       | 11, 40, 1        |
|    U_n_32_U                    | rom_1p    |           |      |      |        | U_n_32     | auto | 1       | 10, 40, 1        |
|    U_r_33_U                    | rom_1p    |           |      |      |        | U_r_33     | auto | 1       | 9, 40, 1         |
|    U_z_33_U                    | rom_1p    |           |      |      |        | U_z_33     | auto | 1       | 10, 40, 1        |
|    U_n_33_U                    | rom_1p    |           |      |      |        | U_n_33     | auto | 1       | 9, 40, 1         |
|    U_r_34_U                    | rom_1p    |           |      |      |        | U_r_34     | auto | 1       | 11, 40, 1        |
|    U_z_34_U                    | rom_1p    |           |      |      |        | U_z_34     | auto | 1       | 11, 40, 1        |
|    U_n_34_U                    | rom_1p    |           |      |      |        | U_n_34     | auto | 1       | 10, 40, 1        |
|    U_r_35_U                    | rom_1p    |           |      |      |        | U_r_35     | auto | 1       | 11, 40, 1        |
|    U_z_35_U                    | rom_1p    |           |      |      |        | U_z_35     | auto | 1       | 10, 40, 1        |
|    U_n_35_U                    | rom_1p    |           |      |      |        | U_n_35     | auto | 1       | 10, 40, 1        |
|    U_r_36_U                    | rom_1p    |           |      |      |        | U_r_36     | auto | 1       | 11, 40, 1        |
|    U_z_36_U                    | rom_1p    |           |      |      |        | U_z_36     | auto | 1       | 11, 40, 1        |
|    U_n_36_U                    | rom_1p    |           |      |      |        | U_n_36     | auto | 1       | 9, 40, 1         |
|    U_r_37_U                    | rom_1p    |           |      |      |        | U_r_37     | auto | 1       | 11, 40, 1        |
|    U_z_37_U                    | rom_1p    |           |      |      |        | U_z_37     | auto | 1       | 11, 40, 1        |
|    U_n_37_U                    | rom_1p    |           |      |      |        | U_n_37     | auto | 1       | 10, 40, 1        |
|    U_r_38_U                    | rom_1p    |           |      |      |        | U_r_38     | auto | 1       | 9, 40, 1         |
|    U_z_38_U                    | rom_1p    |           |      |      |        | U_z_38     | auto | 1       | 11, 40, 1        |
|    U_n_38_U                    | rom_1p    |           |      |      |        | U_n_38     | auto | 1       | 9, 40, 1         |
|    U_r_39_U                    | rom_1p    |           |      |      |        | U_r_39     | auto | 1       | 9, 40, 1         |
|    U_z_39_U                    | rom_1p    |           |      |      |        | U_z_39     | auto | 1       | 11, 40, 1        |
|    U_n_39_U                    | rom_1p    |           |      |      |        | U_n_39     | auto | 1       | 11, 40, 1        |
|    b_ir_U                      | rom_1p    |           |      |      |        | b_ir       | auto | 1       | 9, 40, 1         |
|    b_hr_U                      | rom_1p    |           |      |      |        | b_hr       | auto | 1       | 9, 40, 1         |
|    W_r_U                       | rom_1p    |           |      |      |        | W_r        | auto | 1       | 13, 40, 1        |
|    b_iz_U                      | rom_1p    |           |      |      |        | b_iz       | auto | 1       | 10, 40, 1        |
|    b_hz_U                      | rom_1p    |           |      |      |        | b_hz       | auto | 1       | 10, 40, 1        |
|    W_z_U                       | rom_1p    |           |      |      |        | W_z        | auto | 1       | 12, 40, 1        |
|    W_n_U                       | rom_1p    |           |      |      |        | W_n        | auto | 1       | 12, 40, 1        |
|    b_in_U                      | rom_1p    |           |      |      |        | b_in       | auto | 1       | 10, 40, 1        |
|    b_hn_U                      | rom_1p    |           |      |      |        | b_hn       | auto | 1       | 10, 40, 1        |
|    TANH_TABLE_U                | rom_np    |           | 4    |      |        | TANH_TABLE | auto | 1       | 12, 1025, 1      |
+--------------------------------+-----------+-----------+------+------+--------+------------+------+---------+------------------+


================================================================
== Pragma Report
================================================================
* Inferred Pragmas
+----------+---------+--------------------------------------------------------------------------------------------------------------------------------------------------------------------------------------------+-------------------------------+
| Type     | Options | Location                                                                                                                                                                                   | Inferred From                 |
+----------+---------+--------------------------------------------------------------------------------------------------------------------------------------------------------------------------------------------+-------------------------------+
| PIPELINE |         | loop HIDDEN_LOOP (<HLS_SRC>/rodent_mod/gru_va_col_fused_mac3.cpp:245:9) in gru_va (<HLS_SRC>/rodent_mod/gru_va_col_fused_mac3.cpp:245) | syn.compile.pipeline_loops=64 |
+----------+---------+--------------------------------------------------------------------------------------------------------------------------------------------------------------------------------------------+-------------------------------+

* Valid Pragma Syntax
+-----------------+----------------------------------------------------------------------+-------------------------------------------------------------------------------------------------+
| Type            | Options                                                              | Location                                                                                        |
+-----------------+----------------------------------------------------------------------+-------------------------------------------------------------------------------------------------+
| INLINE          | OFF                                                                  | in mac3 (<HLS_SRC>/rodent_mod/gru_va_col_fused_mac3.cpp:68)           |
| INLINE          |                                                                      | in hardsigmoid_fx (<HLS_SRC>/rodent_mod/gru_va_col_fused_mac3.cpp:84) |
| INLINE          |                                                                      | in hardtanh_fx (<HLS_SRC>/rodent_mod/gru_va_col_fused_mac3.cpp:100)   |
| INLINE          |                                                                      | in tanh_fx (<HLS_SRC>/rodent_mod/gru_va_col_fused_mac3.cpp:148)       |
| INLINE          |                                                                      | in sigmoid_fx (<HLS_SRC>/rodent_mod/gru_va_col_fused_mac3.cpp:180)    |
| INTERFACE       | axis port = audio_in                                                 | in gru_va (<HLS_SRC>/rodent_mod/gru_va_col_fused_mac3.cpp:195)        |
| INTERFACE       | axis port = audio_out                                                | in gru_va (<HLS_SRC>/rodent_mod/gru_va_col_fused_mac3.cpp:196)        |
| INTERFACE       | m_axi port = weights depth = N_WEIGHTS offset = slave bundle = gmem0 | in gru_va (<HLS_SRC>/rodent_mod/gru_va_col_fused_mac3.cpp:197)        |
| INTERFACE       | s_axilite port = weights bundle = CTRL                               | in gru_va (<HLS_SRC>/rodent_mod/gru_va_col_fused_mac3.cpp:198)        |
| INTERFACE       | s_axilite port = mode bundle = CTRL                                  | in gru_va (<HLS_SRC>/rodent_mod/gru_va_col_fused_mac3.cpp:199)        |
| INTERFACE       | s_axilite port = n_samples bundle = CTRL                             | in gru_va (<HLS_SRC>/rodent_mod/gru_va_col_fused_mac3.cpp:200)        |
| INTERFACE       | s_axilite port = reset_state bundle = CTRL                           | in gru_va (<HLS_SRC>/rodent_mod/gru_va_col_fused_mac3.cpp:201)        |
| INTERFACE       | s_axilite port = return bundle = CTRL                                | in gru_va (<HLS_SRC>/rodent_mod/gru_va_col_fused_mac3.cpp:202)        |
| ARRAY_PARTITION | variable = U_r type = cyclic factor = 40 dim = 2                     | in gru_va (<HLS_SRC>/rodent_mod/gru_va_col_fused_mac3.cpp:205)        |
| ARRAY_PARTITION | variable = U_z type = cyclic factor = 40 dim = 2                     | in gru_va (<HLS_SRC>/rodent_mod/gru_va_col_fused_mac3.cpp:206)        |
| ARRAY_PARTITION | variable = U_n type = cyclic factor = 40 dim = 2                     | in gru_va (<HLS_SRC>/rodent_mod/gru_va_col_fused_mac3.cpp:207)        |
| ARRAY_PARTITION | variable = h_state type = complete                                   | in gru_va (<HLS_SRC>/rodent_mod/gru_va_col_fused_mac3.cpp:208)        |
| UNROLL          |                                                                      | in gru_va (<HLS_SRC>/rodent_mod/gru_va_col_fused_mac3.cpp:223)        |
| ARRAY_PARTITION | variable = h_new type = complete                                     | in gru_va (<HLS_SRC>/rodent_mod/gru_va_col_fused_mac3.cpp:241)        |
| ALLOCATION      | function instances = mac3 limit = 20                                 | in gru_va (<HLS_SRC>/rodent_mod/gru_va_col_fused_mac3.cpp:249)        |
| ARRAY_PARTITION | variable = acc_r complete                                            | in gru_va (<HLS_SRC>/rodent_mod/gru_va_col_fused_mac3.cpp:257)        |
| ARRAY_PARTITION | variable = acc_z complete                                            | in gru_va (<HLS_SRC>/rodent_mod/gru_va_col_fused_mac3.cpp:258)        |
| ARRAY_PARTITION | variable = acc_n complete                                            | in gru_va (<HLS_SRC>/rodent_mod/gru_va_col_fused_mac3.cpp:259)        |
| PIPELINE        | II = 1                                                               | in gru_va (<HLS_SRC>/rodent_mod/gru_va_col_fused_mac3.cpp:268)        |
| UNROLL          |                                                                      | in gru_va (<HLS_SRC>/rodent_mod/gru_va_col_fused_mac3.cpp:273)        |
| UNROLL          |                                                                      | in gru_va (<HLS_SRC>/rodent_mod/gru_va_col_fused_mac3.cpp:299)        |
| UNROLL          |                                                                      | in gru_va (<HLS_SRC>/rodent_mod/gru_va_col_fused_mac3.cpp:341)        |
+-----------------+----------------------------------------------------------------------+-------------------------------------------------------------------------------------------------+


