

================================================================
== Vitis HLS Report for 'gru_va_Pipeline_HIDDEN_LOOP'
================================================================
* Date:           Sat Aug  8 15:25:59 2026

* Version:        2025.2 (Build 6295257 on Nov 14 2025)
* Project:        b_rodent_mod
* Solution:       sol_rodent_mod_w14 (Vivado IP Flow Target)
* Product family: zynq
* Target device:  xc7z020-clg400-1


================================================================
== Performance Estimates
================================================================
+ Timing: 
    * Summary: 
    +--------+----------+----------+------------+
    |  Clock |  Target  | Estimated| Uncertainty|
    +--------+----------+----------+------------+
    |ap_clk  |  10.00 ns|  7.280 ns|     2.70 ns|
    +--------+----------+----------+------------+

+ Latency: 
    * Summary: 
    +---------+---------+----------+----------+-----+-----+-------------------+
    |  Latency (cycles) |  Latency (absolute) |  Interval |      Pipeline     |
    |   min   |   max   |    min   |    max   | min | max |        Type       |
    +---------+---------+----------+----------+-----+-----+-------------------+
    |      131|      131|  1.310 us|  1.310 us|    0|    0|  loop pipeline stp|
    +---------+---------+----------+----------+-----+-----+-------------------+

    + Detail: 
        * Instance: 
        +------------------+-------+---------+---------+-----------+-----------+-----+-----+---------+
        |                  |       |  Latency (cycles) |   Latency (absolute)  |  Interval | Pipeline|
        |     Instance     | Module|   min   |   max   |    min    |    max    | min | max |   Type  |
        +------------------+-------+---------+---------+-----------+-----------+-----+-----+---------+
        |grp_mac3_fu_2738  |mac3   |        1|        1|  10.000 ns|  10.000 ns|    1|    1|      yes|
        |grp_mac3_fu_2730  |mac3   |        1|        1|  10.000 ns|  10.000 ns|    1|    1|      yes|
        |grp_mac3_fu_2741  |mac3   |        1|        1|  10.000 ns|  10.000 ns|    1|    1|      yes|
        |grp_mac3_fu_2735  |mac3   |        1|        1|  10.000 ns|  10.000 ns|    1|    1|      yes|
        |grp_mac3_fu_2743  |mac3   |        1|        1|  10.000 ns|  10.000 ns|    1|    1|      yes|
        |grp_mac3_fu_2739  |mac3   |        1|        1|  10.000 ns|  10.000 ns|    1|    1|      yes|
        |grp_mac3_fu_2744  |mac3   |        1|        1|  10.000 ns|  10.000 ns|    1|    1|      yes|
        |grp_mac3_fu_2732  |mac3   |        1|        1|  10.000 ns|  10.000 ns|    1|    1|      yes|
        |grp_mac3_fu_2733  |mac3   |        1|        1|  10.000 ns|  10.000 ns|    1|    1|      yes|
        |grp_mac3_fu_2740  |mac3   |        1|        1|  10.000 ns|  10.000 ns|    1|    1|      yes|
        |grp_mac3_fu_2728  |mac3   |        1|        1|  10.000 ns|  10.000 ns|    1|    1|      yes|
        |grp_mac3_fu_2729  |mac3   |        1|        1|  10.000 ns|  10.000 ns|    1|    1|      yes|
        |grp_mac3_fu_2731  |mac3   |        1|        1|  10.000 ns|  10.000 ns|    1|    1|      yes|
        |grp_mac3_fu_2726  |mac3   |        1|        1|  10.000 ns|  10.000 ns|    1|    1|      yes|
        |grp_mac3_fu_2727  |mac3   |        1|        1|  10.000 ns|  10.000 ns|    1|    1|      yes|
        |grp_mac3_fu_2736  |mac3   |        1|        1|  10.000 ns|  10.000 ns|    1|    1|      yes|
        |grp_mac3_fu_2734  |mac3   |        1|        1|  10.000 ns|  10.000 ns|    1|    1|      yes|
        |grp_mac3_fu_2737  |mac3   |        1|        1|  10.000 ns|  10.000 ns|    1|    1|      yes|
        |grp_mac3_fu_2742  |mac3   |        1|        1|  10.000 ns|  10.000 ns|    1|    1|      yes|
        |grp_mac3_fu_2745  |mac3   |        1|        1|  10.000 ns|  10.000 ns|    1|    1|      yes|
        +------------------+-------+---------+---------+-----------+-----------+-----+-----+---------+

        * Loop: 
        +---------------+---------+---------+----------+-----------+-----------+------+----------+
        |               |  Latency (cycles) | Iteration|  Initiation Interval  | Trip |          |
        |   Loop Name   |   min   |   max   |  Latency |  achieved |   target  | Count| Pipelined|
        +---------------+---------+---------+----------+-----------+-----------+------+----------+
        |- HIDDEN_LOOP  |      129|      129|        52|          2|          1|    40|       yes|
        +---------------+---------+---------+----------+-----------+-----------+------+----------+



================================================================
== Utilization Estimates
================================================================
* Summary: 
+-----------------+---------+-----+--------+-------+-----+
|       Name      | BRAM_18K| DSP |   FF   |  LUT  | URAM|
+-----------------+---------+-----+--------+-------+-----+
|DSP              |        -|    -|       -|      -|    -|
|Expression       |        -|    -|       0|  20992|    -|
|FIFO             |        -|    -|       -|      -|    -|
|Instance         |        -|   72|    1785|   2931|    -|
|Memory           |        4|    -|    1450|    961|    -|
|Multiplexer      |        -|    -|       0|   1618|    -|
|Register         |        -|    -|   16342|   3552|    -|
+-----------------+---------+-----+--------+-------+-----+
|Total            |        4|   72|   19577|  30054|    0|
+-----------------+---------+-----+--------+-------+-----+
|Available        |      280|  220|  106400|  53200|    0|
+-----------------+---------+-----+--------+-------+-----+
|Utilization (%)  |        1|   32|      18|     56|    0|
+-----------------+---------+-----+--------+-------+-----+

+ Detail: 
    * Instance: 
    +---------------------------+-----------------------+---------+----+-----+-----+-----+
    |          Instance         |         Module        | BRAM_18K| DSP|  FF | LUT | URAM|
    +---------------------------+-----------------------+---------+----+-----+-----+-----+
    |grp_mac3_fu_2726           |mac3                   |        0|   3|   81|  126|    0|
    |grp_mac3_fu_2727           |mac3                   |        0|   3|   81|  126|    0|
    |grp_mac3_fu_2728           |mac3                   |        0|   3|   81|  126|    0|
    |grp_mac3_fu_2729           |mac3                   |        0|   3|   81|  126|    0|
    |grp_mac3_fu_2730           |mac3                   |        0|   3|   81|  126|    0|
    |grp_mac3_fu_2731           |mac3                   |        0|   3|   81|  126|    0|
    |grp_mac3_fu_2732           |mac3                   |        0|   3|   81|  126|    0|
    |grp_mac3_fu_2733           |mac3                   |        0|   3|   81|  126|    0|
    |grp_mac3_fu_2734           |mac3                   |        0|   3|   81|  126|    0|
    |grp_mac3_fu_2735           |mac3                   |        0|   3|   81|  126|    0|
    |grp_mac3_fu_2736           |mac3                   |        0|   3|   81|  126|    0|
    |grp_mac3_fu_2737           |mac3                   |        0|   3|   81|  126|    0|
    |grp_mac3_fu_2738           |mac3                   |        0|   3|   81|  126|    0|
    |grp_mac3_fu_2739           |mac3                   |        0|   3|   81|  126|    0|
    |grp_mac3_fu_2740           |mac3                   |        0|   3|   81|  126|    0|
    |grp_mac3_fu_2741           |mac3                   |        0|   3|   81|  126|    0|
    |grp_mac3_fu_2742           |mac3                   |        0|   3|   81|  126|    0|
    |grp_mac3_fu_2743           |mac3                   |        0|   3|   81|  126|    0|
    |grp_mac3_fu_2744           |mac3                   |        0|   3|   81|  126|    0|
    |grp_mac3_fu_2745           |mac3                   |        0|   3|   81|  126|    0|
    |mul_13s_14s_27_1_1_U15     |mul_13s_14s_27_1_1     |        0|   1|    0|    6|    0|
    |mul_13s_14s_27_1_1_U16     |mul_13s_14s_27_1_1     |        0|   1|    0|    6|    0|
    |mul_14s_14s_28_1_1_U14     |mul_14s_14s_28_1_1     |        0|   1|    0|    6|    0|
    |mul_22s_20ns_42_1_1_U10    |mul_22s_20ns_42_1_1    |        0|   2|    0|   24|    0|
    |mul_22s_20ns_42_1_1_U11    |mul_22s_20ns_42_1_1    |        0|   2|    0|   24|    0|
    |mul_23s_22s_45_1_1_U12     |mul_23s_22s_45_1_1     |        0|   2|    0|   31|    0|
    |mul_32s_14s_46_2_1_U13     |mul_32s_14s_46_2_1     |        0|   2|  165|   50|    0|
    |mul_9s_14s_23_1_1_U27      |mul_9s_14s_23_1_1      |        0|   1|    0|    6|    0|
    |sparsemux_7_2_14_1_1_U20   |sparsemux_7_2_14_1_1   |        0|   0|    0|    9|    0|
    |sparsemux_7_2_14_1_1_U21   |sparsemux_7_2_14_1_1   |        0|   0|    0|    9|    0|
    |sparsemux_7_2_14_1_1_U22   |sparsemux_7_2_14_1_1   |        0|   0|    0|    9|    0|
    |sparsemux_7_2_14_1_1_U23   |sparsemux_7_2_14_1_1   |        0|   0|    0|    9|    0|
    |sparsemux_7_2_14_1_1_U25   |sparsemux_7_2_14_1_1   |        0|   0|    0|    9|    0|
    |sparsemux_7_2_14_1_1_U26   |sparsemux_7_2_14_1_1   |        0|   0|    0|    9|    0|
    |sparsemux_7_2_32_1_1_U18   |sparsemux_7_2_32_1_1   |        0|   0|    0|    9|    0|
    |sparsemux_7_2_32_1_1_U19   |sparsemux_7_2_32_1_1   |        0|   0|    0|    9|    0|
    |sparsemux_7_2_32_1_1_U24   |sparsemux_7_2_32_1_1   |        0|   0|    0|    9|    0|
    |sparsemux_81_6_14_1_1_U17  |sparsemux_81_6_14_1_1  |        0|   0|    0|  177|    0|
    +---------------------------+-----------------------+---------+----+-----+-----+-----+
    |Total                      |                       |        0|  72| 1785| 2931|    0|
    +---------------------------+-----------------------+---------+----+-----+-----+-----+

    * DSP: 
    N/A

    * Memory: 
    +--------------+----------------------------------------------------+---------+----+----+-----+------+-----+------+-------------+
    |    Memory    |                       Module                       | BRAM_18K| FF | LUT| URAM| Words| Bits| Banks| W*Bits*Banks|
    +--------------+----------------------------------------------------+---------+----+----+-----+------+-----+------+-------------+
    |TANH_TABLE_U  |gru_va_Pipeline_HIDDEN_LOOP_TANH_TABLE_ROM_AUTO_1R  |        4|   0|   0|    0|  1025|   13|     1|        13325|
    |U_n_0_U       |gru_va_Pipeline_HIDDEN_LOOP_U_n_0_ROM_AUTO_1R       |        0|  11|   7|    0|    40|   11|     1|          440|
    |U_n_10_U      |gru_va_Pipeline_HIDDEN_LOOP_U_n_10_ROM_AUTO_1R      |        0|  10|   7|    0|    40|   10|     1|          400|
    |U_n_11_U      |gru_va_Pipeline_HIDDEN_LOOP_U_n_11_ROM_AUTO_1R      |        0|   9|   6|    0|    40|    9|     1|          360|
    |U_n_12_U      |gru_va_Pipeline_HIDDEN_LOOP_U_n_12_ROM_AUTO_1R      |        0|  11|   7|    0|    40|   11|     1|          440|
    |U_n_13_U      |gru_va_Pipeline_HIDDEN_LOOP_U_n_13_ROM_AUTO_1R      |        0|  10|   7|    0|    40|   10|     1|          400|
    |U_n_14_U      |gru_va_Pipeline_HIDDEN_LOOP_U_n_14_ROM_AUTO_1R      |        0|  10|   7|    0|    40|   10|     1|          400|
    |U_n_15_U      |gru_va_Pipeline_HIDDEN_LOOP_U_n_15_ROM_AUTO_1R      |        0|  11|   7|    0|    40|   11|     1|          440|
    |U_n_16_U      |gru_va_Pipeline_HIDDEN_LOOP_U_n_16_ROM_AUTO_1R      |        0|  11|   7|    0|    40|   11|     1|          440|
    |U_n_17_U      |gru_va_Pipeline_HIDDEN_LOOP_U_n_17_ROM_AUTO_1R      |        0|  11|   7|    0|    40|   11|     1|          440|
    |U_n_18_U      |gru_va_Pipeline_HIDDEN_LOOP_U_n_18_ROM_AUTO_1R      |        0|  11|   7|    0|    40|   11|     1|          440|
    |U_n_19_U      |gru_va_Pipeline_HIDDEN_LOOP_U_n_19_ROM_AUTO_1R      |        0|  10|   7|    0|    40|   10|     1|          400|
    |U_n_1_U       |gru_va_Pipeline_HIDDEN_LOOP_U_n_1_ROM_AUTO_1R       |        0|  11|   7|    0|    40|   11|     1|          440|
    |U_n_20_U      |gru_va_Pipeline_HIDDEN_LOOP_U_n_20_ROM_AUTO_1R      |        0|  11|   7|    0|    40|   11|     1|          440|
    |U_n_21_U      |gru_va_Pipeline_HIDDEN_LOOP_U_n_21_ROM_AUTO_1R      |        0|  12|   8|    0|    40|   12|     1|          480|
    |U_n_22_U      |gru_va_Pipeline_HIDDEN_LOOP_U_n_22_ROM_AUTO_1R      |        0|  10|   7|    0|    40|   10|     1|          400|
    |U_n_23_U      |gru_va_Pipeline_HIDDEN_LOOP_U_n_23_ROM_AUTO_1R      |        0|  10|   7|    0|    40|   10|     1|          400|
    |U_n_24_U      |gru_va_Pipeline_HIDDEN_LOOP_U_n_24_ROM_AUTO_1R      |        0|  10|   7|    0|    40|   10|     1|          400|
    |U_n_25_U      |gru_va_Pipeline_HIDDEN_LOOP_U_n_25_ROM_AUTO_1R      |        0|  11|   7|    0|    40|   11|     1|          440|
    |U_n_26_U      |gru_va_Pipeline_HIDDEN_LOOP_U_n_26_ROM_AUTO_1R      |        0|  10|   7|    0|    40|   10|     1|          400|
    |U_n_27_U      |gru_va_Pipeline_HIDDEN_LOOP_U_n_27_ROM_AUTO_1R      |        0|  11|   7|    0|    40|   11|     1|          440|
    |U_n_28_U      |gru_va_Pipeline_HIDDEN_LOOP_U_n_28_ROM_AUTO_1R      |        0|   9|   6|    0|    40|    9|     1|          360|
    |U_n_29_U      |gru_va_Pipeline_HIDDEN_LOOP_U_n_29_ROM_AUTO_1R      |        0|  11|   7|    0|    40|   11|     1|          440|
    |U_n_2_U       |gru_va_Pipeline_HIDDEN_LOOP_U_n_2_ROM_AUTO_1R       |        0|  10|   7|    0|    40|   10|     1|          400|
    |U_n_30_U      |gru_va_Pipeline_HIDDEN_LOOP_U_n_30_ROM_AUTO_1R      |        0|  11|   7|    0|    40|   11|     1|          440|
    |U_n_31_U      |gru_va_Pipeline_HIDDEN_LOOP_U_n_31_ROM_AUTO_1R      |        0|  10|   7|    0|    40|   10|     1|          400|
    |U_n_32_U      |gru_va_Pipeline_HIDDEN_LOOP_U_n_32_ROM_AUTO_1R      |        0|  11|   7|    0|    40|   11|     1|          440|
    |U_n_33_U      |gru_va_Pipeline_HIDDEN_LOOP_U_n_33_ROM_AUTO_1R      |        0|  10|   7|    0|    40|   10|     1|          400|
    |U_n_34_U      |gru_va_Pipeline_HIDDEN_LOOP_U_n_34_ROM_AUTO_1R      |        0|  11|   7|    0|    40|   11|     1|          440|
    |U_n_35_U      |gru_va_Pipeline_HIDDEN_LOOP_U_n_35_ROM_AUTO_1R      |        0|  11|   7|    0|    40|   11|     1|          440|
    |U_n_36_U      |gru_va_Pipeline_HIDDEN_LOOP_U_n_36_ROM_AUTO_1R      |        0|  10|   7|    0|    40|   10|     1|          400|
    |U_n_37_U      |gru_va_Pipeline_HIDDEN_LOOP_U_n_37_ROM_AUTO_1R      |        0|  11|   7|    0|    40|   11|     1|          440|
    |U_n_38_U      |gru_va_Pipeline_HIDDEN_LOOP_U_n_38_ROM_AUTO_1R      |        0|  10|   7|    0|    40|   10|     1|          400|
    |U_n_39_U      |gru_va_Pipeline_HIDDEN_LOOP_U_n_39_ROM_AUTO_1R      |        0|  12|   8|    0|    40|   12|     1|          480|
    |U_n_3_U       |gru_va_Pipeline_HIDDEN_LOOP_U_n_3_ROM_AUTO_1R       |        0|  11|   7|    0|    40|   11|     1|          440|
    |U_n_4_U       |gru_va_Pipeline_HIDDEN_LOOP_U_n_4_ROM_AUTO_1R       |        0|  10|   7|    0|    40|   10|     1|          400|
    |U_n_5_U       |gru_va_Pipeline_HIDDEN_LOOP_U_n_5_ROM_AUTO_1R       |        0|  11|   7|    0|    40|   11|     1|          440|
    |U_n_6_U       |gru_va_Pipeline_HIDDEN_LOOP_U_n_6_ROM_AUTO_1R       |        0|  11|   7|    0|    40|   11|     1|          440|
    |U_n_7_U       |gru_va_Pipeline_HIDDEN_LOOP_U_n_7_ROM_AUTO_1R       |        0|  10|   7|    0|    40|   10|     1|          400|
    |U_n_8_U       |gru_va_Pipeline_HIDDEN_LOOP_U_n_8_ROM_AUTO_1R       |        0|  10|   7|    0|    40|   10|     1|          400|
    |U_n_9_U       |gru_va_Pipeline_HIDDEN_LOOP_U_n_9_ROM_AUTO_1R       |        0|  10|   7|    0|    40|   10|     1|          400|
    |U_r_0_U       |gru_va_Pipeline_HIDDEN_LOOP_U_r_0_ROM_AUTO_1R       |        0|  12|   8|    0|    40|   12|     1|          480|
    |U_r_10_U      |gru_va_Pipeline_HIDDEN_LOOP_U_r_10_ROM_AUTO_1R      |        0|  11|   7|    0|    40|   11|     1|          440|
    |U_r_11_U      |gru_va_Pipeline_HIDDEN_LOOP_U_r_11_ROM_AUTO_1R      |        0|  11|   7|    0|    40|   11|     1|          440|
    |U_r_12_U      |gru_va_Pipeline_HIDDEN_LOOP_U_r_12_ROM_AUTO_1R      |        0|  11|   7|    0|    40|   11|     1|          440|
    |U_r_13_U      |gru_va_Pipeline_HIDDEN_LOOP_U_r_13_ROM_AUTO_1R      |        0|  11|   7|    0|    40|   11|     1|          440|
    |U_r_14_U      |gru_va_Pipeline_HIDDEN_LOOP_U_r_14_ROM_AUTO_1R      |        0|  11|   7|    0|    40|   11|     1|          440|
    |U_r_15_U      |gru_va_Pipeline_HIDDEN_LOOP_U_r_15_ROM_AUTO_1R      |        0|  11|   7|    0|    40|   11|     1|          440|
    |U_r_16_U      |gru_va_Pipeline_HIDDEN_LOOP_U_r_16_ROM_AUTO_1R      |        0|  12|   8|    0|    40|   12|     1|          480|
    |U_r_17_U      |gru_va_Pipeline_HIDDEN_LOOP_U_r_17_ROM_AUTO_1R      |        0|  12|   8|    0|    40|   12|     1|          480|
    |U_r_18_U      |gru_va_Pipeline_HIDDEN_LOOP_U_r_18_ROM_AUTO_1R      |        0|  11|   7|    0|    40|   11|     1|          440|
    |U_r_19_U      |gru_va_Pipeline_HIDDEN_LOOP_U_r_19_ROM_AUTO_1R      |        0|   9|   6|    0|    40|    9|     1|          360|
    |U_r_1_U       |gru_va_Pipeline_HIDDEN_LOOP_U_r_1_ROM_AUTO_1R       |        0|  12|   8|    0|    40|   12|     1|          480|
    |U_r_20_U      |gru_va_Pipeline_HIDDEN_LOOP_U_r_20_ROM_AUTO_1R      |        0|  12|   8|    0|    40|   12|     1|          480|
    |U_r_21_U      |gru_va_Pipeline_HIDDEN_LOOP_U_r_21_ROM_AUTO_1R      |        0|  12|   8|    0|    40|   12|     1|          480|
    |U_r_22_U      |gru_va_Pipeline_HIDDEN_LOOP_U_r_22_ROM_AUTO_1R      |        0|  11|   7|    0|    40|   11|     1|          440|
    |U_r_23_U      |gru_va_Pipeline_HIDDEN_LOOP_U_r_23_ROM_AUTO_1R      |        0|  11|   7|    0|    40|   11|     1|          440|
    |U_r_24_U      |gru_va_Pipeline_HIDDEN_LOOP_U_r_24_ROM_AUTO_1R      |        0|  10|   7|    0|    40|   10|     1|          400|
    |U_r_25_U      |gru_va_Pipeline_HIDDEN_LOOP_U_r_25_ROM_AUTO_1R      |        0|  10|   7|    0|    40|   10|     1|          400|
    |U_r_26_U      |gru_va_Pipeline_HIDDEN_LOOP_U_r_26_ROM_AUTO_1R      |        0|  10|   7|    0|    40|   10|     1|          400|
    |U_r_27_U      |gru_va_Pipeline_HIDDEN_LOOP_U_r_27_ROM_AUTO_1R      |        0|  10|   7|    0|    40|   10|     1|          400|
    |U_r_28_U      |gru_va_Pipeline_HIDDEN_LOOP_U_r_28_ROM_AUTO_1R      |        0|  10|   7|    0|    40|   10|     1|          400|
    |U_r_29_U      |gru_va_Pipeline_HIDDEN_LOOP_U_r_29_ROM_AUTO_1R      |        0|  11|   7|    0|    40|   11|     1|          440|
    |U_r_2_U       |gru_va_Pipeline_HIDDEN_LOOP_U_r_2_ROM_AUTO_1R       |        0|  12|   8|    0|    40|   12|     1|          480|
    |U_r_30_U      |gru_va_Pipeline_HIDDEN_LOOP_U_r_30_ROM_AUTO_1R      |        0|  10|   7|    0|    40|   10|     1|          400|
    |U_r_31_U      |gru_va_Pipeline_HIDDEN_LOOP_U_r_31_ROM_AUTO_1R      |        0|  11|   7|    0|    40|   11|     1|          440|
    |U_r_32_U      |gru_va_Pipeline_HIDDEN_LOOP_U_r_32_ROM_AUTO_1R      |        0|  11|   7|    0|    40|   11|     1|          440|
    |U_r_33_U      |gru_va_Pipeline_HIDDEN_LOOP_U_r_33_ROM_AUTO_1R      |        0|  10|   7|    0|    40|   10|     1|          400|
    |U_r_34_U      |gru_va_Pipeline_HIDDEN_LOOP_U_r_34_ROM_AUTO_1R      |        0|  12|   8|    0|    40|   12|     1|          480|
    |U_r_35_U      |gru_va_Pipeline_HIDDEN_LOOP_U_r_35_ROM_AUTO_1R      |        0|  12|   8|    0|    40|   12|     1|          480|
    |U_r_36_U      |gru_va_Pipeline_HIDDEN_LOOP_U_r_36_ROM_AUTO_1R      |        0|  12|   8|    0|    40|   12|     1|          480|
    |U_r_37_U      |gru_va_Pipeline_HIDDEN_LOOP_U_r_37_ROM_AUTO_1R      |        0|  12|   8|    0|    40|   12|     1|          480|
    |U_r_38_U      |gru_va_Pipeline_HIDDEN_LOOP_U_r_38_ROM_AUTO_1R      |        0|  10|   7|    0|    40|   10|     1|          400|
    |U_r_39_U      |gru_va_Pipeline_HIDDEN_LOOP_U_r_39_ROM_AUTO_1R      |        0|  10|   7|    0|    40|   10|     1|          400|
    |U_r_3_U       |gru_va_Pipeline_HIDDEN_LOOP_U_r_3_ROM_AUTO_1R       |        0|  12|   8|    0|    40|   12|     1|          480|
    |U_r_4_U       |gru_va_Pipeline_HIDDEN_LOOP_U_r_4_ROM_AUTO_1R       |        0|  11|   7|    0|    40|   11|     1|          440|
    |U_r_5_U       |gru_va_Pipeline_HIDDEN_LOOP_U_r_5_ROM_AUTO_1R       |        0|  11|   7|    0|    40|   11|     1|          440|
    |U_r_6_U       |gru_va_Pipeline_HIDDEN_LOOP_U_r_6_ROM_AUTO_1R       |        0|  12|   8|    0|    40|   12|     1|          480|
    |U_r_7_U       |gru_va_Pipeline_HIDDEN_LOOP_U_r_7_ROM_AUTO_1R       |        0|  11|   7|    0|    40|   11|     1|          440|
    |U_r_8_U       |gru_va_Pipeline_HIDDEN_LOOP_U_r_8_ROM_AUTO_1R       |        0|  11|   7|    0|    40|   11|     1|          440|
    |U_r_9_U       |gru_va_Pipeline_HIDDEN_LOOP_U_r_9_ROM_AUTO_1R       |        0|  11|   7|    0|    40|   11|     1|          440|
    |U_z_0_U       |gru_va_Pipeline_HIDDEN_LOOP_U_z_0_ROM_AUTO_1R       |        0|  12|   8|    0|    40|   12|     1|          480|
    |U_z_10_U      |gru_va_Pipeline_HIDDEN_LOOP_U_z_10_ROM_AUTO_1R      |        0|  12|   8|    0|    40|   12|     1|          480|
    |U_z_11_U      |gru_va_Pipeline_HIDDEN_LOOP_U_z_11_ROM_AUTO_1R      |        0|  11|   7|    0|    40|   11|     1|          440|
    |U_z_12_U      |gru_va_Pipeline_HIDDEN_LOOP_U_z_12_ROM_AUTO_1R      |        0|  12|   8|    0|    40|   12|     1|          480|
    |U_z_13_U      |gru_va_Pipeline_HIDDEN_LOOP_U_z_13_ROM_AUTO_1R      |        0|  12|   8|    0|    40|   12|     1|          480|
    |U_z_14_U      |gru_va_Pipeline_HIDDEN_LOOP_U_z_14_ROM_AUTO_1R      |        0|  12|   8|    0|    40|   12|     1|          480|
    |U_z_15_U      |gru_va_Pipeline_HIDDEN_LOOP_U_z_15_ROM_AUTO_1R      |        0|  13|   9|    0|    40|   13|     1|          520|
    |U_z_16_U      |gru_va_Pipeline_HIDDEN_LOOP_U_z_16_ROM_AUTO_1R      |        0|  12|   8|    0|    40|   12|     1|          480|
    |U_z_17_U      |gru_va_Pipeline_HIDDEN_LOOP_U_z_17_ROM_AUTO_1R      |        0|  12|   8|    0|    40|   12|     1|          480|
    |U_z_18_U      |gru_va_Pipeline_HIDDEN_LOOP_U_z_18_ROM_AUTO_1R      |        0|  12|   8|    0|    40|   12|     1|          480|
    |U_z_19_U      |gru_va_Pipeline_HIDDEN_LOOP_U_z_19_ROM_AUTO_1R      |        0|  12|   8|    0|    40|   12|     1|          480|
    |U_z_1_U       |gru_va_Pipeline_HIDDEN_LOOP_U_z_1_ROM_AUTO_1R       |        0|  11|   7|    0|    40|   11|     1|          440|
    |U_z_20_U      |gru_va_Pipeline_HIDDEN_LOOP_U_z_20_ROM_AUTO_1R      |        0|  12|   8|    0|    40|   12|     1|          480|
    |U_z_21_U      |gru_va_Pipeline_HIDDEN_LOOP_U_z_21_ROM_AUTO_1R      |        0|  12|   8|    0|    40|   12|     1|          480|
    |U_z_22_U      |gru_va_Pipeline_HIDDEN_LOOP_U_z_22_ROM_AUTO_1R      |        0|  13|   9|    0|    40|   13|     1|          520|
    |U_z_23_U      |gru_va_Pipeline_HIDDEN_LOOP_U_z_23_ROM_AUTO_1R      |        0|  12|   8|    0|    40|   12|     1|          480|
    |U_z_24_U      |gru_va_Pipeline_HIDDEN_LOOP_U_z_24_ROM_AUTO_1R      |        0|  12|   8|    0|    40|   12|     1|          480|
    |U_z_25_U      |gru_va_Pipeline_HIDDEN_LOOP_U_z_25_ROM_AUTO_1R      |        0|  12|   8|    0|    40|   12|     1|          480|
    |U_z_26_U      |gru_va_Pipeline_HIDDEN_LOOP_U_z_26_ROM_AUTO_1R      |        0|  11|   7|    0|    40|   11|     1|          440|
    |U_z_27_U      |gru_va_Pipeline_HIDDEN_LOOP_U_z_27_ROM_AUTO_1R      |        0|  12|   8|    0|    40|   12|     1|          480|
    |U_z_28_U      |gru_va_Pipeline_HIDDEN_LOOP_U_z_28_ROM_AUTO_1R      |        0|  11|   7|    0|    40|   11|     1|          440|
    |U_z_29_U      |gru_va_Pipeline_HIDDEN_LOOP_U_z_29_ROM_AUTO_1R      |        0|  12|   8|    0|    40|   12|     1|          480|
    |U_z_2_U       |gru_va_Pipeline_HIDDEN_LOOP_U_z_2_ROM_AUTO_1R       |        0|  12|   8|    0|    40|   12|     1|          480|
    |U_z_30_U      |gru_va_Pipeline_HIDDEN_LOOP_U_z_30_ROM_AUTO_1R      |        0|  12|   8|    0|    40|   12|     1|          480|
    |U_z_31_U      |gru_va_Pipeline_HIDDEN_LOOP_U_z_31_ROM_AUTO_1R      |        0|  11|   7|    0|    40|   11|     1|          440|
    |U_z_32_U      |gru_va_Pipeline_HIDDEN_LOOP_U_z_32_ROM_AUTO_1R      |        0|  12|   8|    0|    40|   12|     1|          480|
    |U_z_33_U      |gru_va_Pipeline_HIDDEN_LOOP_U_z_33_ROM_AUTO_1R      |        0|  11|   7|    0|    40|   11|     1|          440|
    |U_z_34_U      |gru_va_Pipeline_HIDDEN_LOOP_U_z_34_ROM_AUTO_1R      |        0|  12|   8|    0|    40|   12|     1|          480|
    |U_z_35_U      |gru_va_Pipeline_HIDDEN_LOOP_U_z_35_ROM_AUTO_1R      |        0|  11|   7|    0|    40|   11|     1|          440|
    |U_z_36_U      |gru_va_Pipeline_HIDDEN_LOOP_U_z_36_ROM_AUTO_1R      |        0|  12|   8|    0|    40|   12|     1|          480|
    |U_z_37_U      |gru_va_Pipeline_HIDDEN_LOOP_U_z_37_ROM_AUTO_1R      |        0|  12|   8|    0|    40|   12|     1|          480|
    |U_z_38_U      |gru_va_Pipeline_HIDDEN_LOOP_U_z_38_ROM_AUTO_1R      |        0|  12|   8|    0|    40|   12|     1|          480|
    |U_z_39_U      |gru_va_Pipeline_HIDDEN_LOOP_U_z_39_ROM_AUTO_1R      |        0|  12|   8|    0|    40|   12|     1|          480|
    |U_z_3_U       |gru_va_Pipeline_HIDDEN_LOOP_U_z_3_ROM_AUTO_1R       |        0|  12|   8|    0|    40|   12|     1|          480|
    |U_z_4_U       |gru_va_Pipeline_HIDDEN_LOOP_U_z_4_ROM_AUTO_1R       |        0|  12|   8|    0|    40|   12|     1|          480|
    |U_z_5_U       |gru_va_Pipeline_HIDDEN_LOOP_U_z_5_ROM_AUTO_1R       |        0|  11|   7|    0|    40|   11|     1|          440|
    |U_z_6_U       |gru_va_Pipeline_HIDDEN_LOOP_U_z_6_ROM_AUTO_1R       |        0|  12|   8|    0|    40|   12|     1|          480|
    |U_z_7_U       |gru_va_Pipeline_HIDDEN_LOOP_U_z_7_ROM_AUTO_1R       |        0|  12|   8|    0|    40|   12|     1|          480|
    |U_z_8_U       |gru_va_Pipeline_HIDDEN_LOOP_U_z_8_ROM_AUTO_1R       |        0|  12|   8|    0|    40|   12|     1|          480|
    |U_z_9_U       |gru_va_Pipeline_HIDDEN_LOOP_U_z_9_ROM_AUTO_1R       |        0|  12|   8|    0|    40|   12|     1|          480|
    |W_n_U         |gru_va_Pipeline_HIDDEN_LOOP_W_n_ROM_AUTO_1R         |        0|  13|   9|    0|    40|   13|     1|          520|
    |W_r_U         |gru_va_Pipeline_HIDDEN_LOOP_W_r_ROM_AUTO_1R         |        0|  14|   9|    0|    40|   14|     1|          560|
    |W_z_U         |gru_va_Pipeline_HIDDEN_LOOP_W_z_ROM_AUTO_1R         |        0|  13|   9|    0|    40|   13|     1|          520|
    |b_hn_U        |gru_va_Pipeline_HIDDEN_LOOP_b_hn_ROM_AUTO_1R        |        0|  11|   7|    0|    40|   11|     1|          440|
    |b_hr_U        |gru_va_Pipeline_HIDDEN_LOOP_b_hr_ROM_AUTO_1R        |        0|  10|   7|    0|    40|   10|     1|          400|
    |b_hz_U        |gru_va_Pipeline_HIDDEN_LOOP_b_hz_ROM_AUTO_1R        |        0|  11|   7|    0|    40|   11|     1|          440|
    |b_in_U        |gru_va_Pipeline_HIDDEN_LOOP_b_in_ROM_AUTO_1R        |        0|  11|   7|    0|    40|   11|     1|          440|
    |b_ir_U        |gru_va_Pipeline_HIDDEN_LOOP_b_ir_ROM_AUTO_1R        |        0|  10|   7|    0|    40|   10|     1|          400|
    |b_iz_U        |gru_va_Pipeline_HIDDEN_LOOP_b_iz_ROM_AUTO_1R        |        0|  11|   7|    0|    40|   11|     1|          440|
    |w_out_U       |gru_va_Pipeline_HIDDEN_LOOP_w_out_ROM_AUTO_1R       |        0|   9|   6|    0|    40|    9|     1|          360|
    +--------------+----------------------------------------------------+---------+----+----+-----+------+-----+------+-------------+
    |Total         |                                                    |        4|1450| 961|    0|  6225| 1463|   131|        71325|
    +--------------+----------------------------------------------------+---------+----+----+-----+------+-----+------+-------------+

    * FIFO: 
    N/A

    * Expression: 
    +-------------------------------+----------+----+---+-----+------------+------------+
    |         Variable Name         | Operation| DSP| FF| LUT | Bitwidth P0| Bitwidth P1|
    +-------------------------------+----------+----+---+-----+------------+------------+
    |add_ln169_1_fu_15979_p2        |         +|   0|  0|   12|          11|           1|
    |add_ln169_2_fu_17692_p2        |         +|   0|  0|   12|          11|           1|
    |add_ln169_fu_15842_p2          |         +|   0|  0|   12|          11|           1|
    |add_ln170_2_fu_16455_p2        |         +|   0|  0|   49|          42|          42|
    |add_ln170_4_fu_17762_p2        |         +|   0|  0|   49|          42|          42|
    |add_ln170_fu_16050_p2          |         +|   0|  0|   49|          42|          42|
    |add_ln171_1_fu_16860_p2        |         +|   0|  0|   17|          14|          14|
    |add_ln171_2_fu_18008_p2        |         +|   0|  0|   17|          14|          14|
    |add_ln171_fu_16318_p2          |         +|   0|  0|   17|          14|          14|
    |add_ln183_2_fu_18302_p2        |         +|   0|  0|   30|          23|          21|
    |add_ln183_fu_16997_p2          |         +|   0|  0|   30|          23|          21|
    |add_ln245_fu_6550_p2           |         +|   0|  0|   14|           6|           1|
    |add_ln285_1_fu_7242_p2         |         +|   0|  0|   34|          27|          27|
    |add_ln285_fu_6563_p2           |         +|   0|  0|   12|          11|          11|
    |add_ln287_1_fu_7298_p2         |         +|   0|  0|   33|          26|          26|
    |add_ln287_fu_6577_p2           |         +|   0|  0|   12|          12|          12|
    |add_ln290_fu_7354_p2           |         +|   0|  0|   33|          26|          26|
    |add_ln300_10_fu_9520_p2        |         +|   0|  0|   40|          33|          33|
    |add_ln300_11_fu_9654_p2        |         +|   0|  0|   40|          33|          33|
    |add_ln300_12_fu_9922_p2        |         +|   0|  0|   40|          33|          33|
    |add_ln300_13_fu_10056_p2       |         +|   0|  0|   40|          33|          33|
    |add_ln300_14_fu_10324_p2       |         +|   0|  0|   40|          33|          33|
    |add_ln300_15_fu_10458_p2       |         +|   0|  0|   40|          33|          33|
    |add_ln300_16_fu_10726_p2       |         +|   0|  0|   40|          33|          33|
    |add_ln300_17_fu_10860_p2       |         +|   0|  0|   40|          33|          33|
    |add_ln300_18_fu_11128_p2       |         +|   0|  0|   40|          33|          33|
    |add_ln300_19_fu_11262_p2       |         +|   0|  0|   40|          33|          33|
    |add_ln300_1_fu_7644_p2         |         +|   0|  0|   40|          33|          33|
    |add_ln300_20_fu_11530_p2       |         +|   0|  0|   40|          33|          33|
    |add_ln300_21_fu_11664_p2       |         +|   0|  0|   40|          33|          33|
    |add_ln300_22_fu_11932_p2       |         +|   0|  0|   40|          33|          33|
    |add_ln300_23_fu_12066_p2       |         +|   0|  0|   40|          33|          33|
    |add_ln300_24_fu_12334_p2       |         +|   0|  0|   40|          33|          33|
    |add_ln300_25_fu_12468_p2       |         +|   0|  0|   40|          33|          33|
    |add_ln300_26_fu_12736_p2       |         +|   0|  0|   40|          33|          33|
    |add_ln300_27_fu_12870_p2       |         +|   0|  0|   40|          33|          33|
    |add_ln300_28_fu_13138_p2       |         +|   0|  0|   40|          33|          33|
    |add_ln300_29_fu_13272_p2       |         +|   0|  0|   40|          33|          33|
    |add_ln300_2_fu_7912_p2         |         +|   0|  0|   40|          33|          33|
    |add_ln300_30_fu_13540_p2       |         +|   0|  0|   40|          33|          33|
    |add_ln300_31_fu_13674_p2       |         +|   0|  0|   40|          33|          33|
    |add_ln300_32_fu_13942_p2       |         +|   0|  0|   40|          33|          33|
    |add_ln300_33_fu_14076_p2       |         +|   0|  0|   40|          33|          33|
    |add_ln300_34_fu_14344_p2       |         +|   0|  0|   40|          33|          33|
    |add_ln300_35_fu_14478_p2       |         +|   0|  0|   40|          33|          33|
    |add_ln300_36_fu_14746_p2       |         +|   0|  0|   40|          33|          33|
    |add_ln300_37_fu_14880_p2       |         +|   0|  0|   40|          33|          33|
    |add_ln300_38_fu_15148_p2       |         +|   0|  0|   40|          33|          33|
    |add_ln300_39_fu_15282_p2       |         +|   0|  0|   40|          33|          33|
    |add_ln300_3_fu_8046_p2         |         +|   0|  0|   40|          33|          33|
    |add_ln300_40_fu_7496_p2        |         +|   0|  0|   39|          32|          32|
    |add_ln300_4_fu_8314_p2         |         +|   0|  0|   40|          33|          33|
    |add_ln300_5_fu_8448_p2         |         +|   0|  0|   40|          33|          33|
    |add_ln300_6_fu_8716_p2         |         +|   0|  0|   40|          33|          33|
    |add_ln300_7_fu_8850_p2         |         +|   0|  0|   40|          33|          33|
    |add_ln300_8_fu_9118_p2         |         +|   0|  0|   40|          33|          33|
    |add_ln300_9_fu_9252_p2         |         +|   0|  0|   40|          33|          33|
    |add_ln300_fu_7501_p2           |         +|   0|  0|   40|          33|          33|
    |add_ln301_10_fu_9586_p2        |         +|   0|  0|   40|          33|          33|
    |add_ln301_11_fu_9722_p2        |         +|   0|  0|   40|          33|          33|
    |add_ln301_12_fu_9988_p2        |         +|   0|  0|   40|          33|          33|
    |add_ln301_13_fu_10124_p2       |         +|   0|  0|   40|          33|          33|
    |add_ln301_14_fu_10390_p2       |         +|   0|  0|   40|          33|          33|
    |add_ln301_15_fu_10526_p2       |         +|   0|  0|   40|          33|          33|
    |add_ln301_16_fu_10792_p2       |         +|   0|  0|   40|          33|          33|
    |add_ln301_17_fu_10928_p2       |         +|   0|  0|   40|          33|          33|
    |add_ln301_18_fu_11194_p2       |         +|   0|  0|   40|          33|          33|
    |add_ln301_19_fu_11330_p2       |         +|   0|  0|   40|          33|          33|
    |add_ln301_1_fu_7712_p2         |         +|   0|  0|   40|          33|          33|
    |add_ln301_20_fu_11596_p2       |         +|   0|  0|   40|          33|          33|
    |add_ln301_21_fu_11732_p2       |         +|   0|  0|   40|          33|          33|
    |add_ln301_22_fu_11998_p2       |         +|   0|  0|   40|          33|          33|
    |add_ln301_23_fu_12134_p2       |         +|   0|  0|   40|          33|          33|
    |add_ln301_24_fu_12400_p2       |         +|   0|  0|   40|          33|          33|
    |add_ln301_25_fu_12536_p2       |         +|   0|  0|   40|          33|          33|
    |add_ln301_26_fu_12802_p2       |         +|   0|  0|   40|          33|          33|
    |add_ln301_27_fu_12938_p2       |         +|   0|  0|   40|          33|          33|
    |add_ln301_28_fu_13204_p2       |         +|   0|  0|   40|          33|          33|
    |add_ln301_29_fu_13340_p2       |         +|   0|  0|   40|          33|          33|
    |add_ln301_2_fu_7978_p2         |         +|   0|  0|   40|          33|          33|
    |add_ln301_30_fu_13606_p2       |         +|   0|  0|   40|          33|          33|
    |add_ln301_31_fu_13742_p2       |         +|   0|  0|   40|          33|          33|
    |add_ln301_32_fu_14008_p2       |         +|   0|  0|   40|          33|          33|
    |add_ln301_33_fu_14144_p2       |         +|   0|  0|   40|          33|          33|
    |add_ln301_34_fu_14410_p2       |         +|   0|  0|   40|          33|          33|
    |add_ln301_35_fu_14546_p2       |         +|   0|  0|   40|          33|          33|
    |add_ln301_36_fu_14812_p2       |         +|   0|  0|   40|          33|          33|
    |add_ln301_37_fu_14948_p2       |         +|   0|  0|   40|          33|          33|
    |add_ln301_38_fu_15214_p2       |         +|   0|  0|   40|          33|          33|
    |add_ln301_39_fu_15350_p2       |         +|   0|  0|   40|          33|          33|
    |add_ln301_3_fu_8114_p2         |         +|   0|  0|   40|          33|          33|
    |add_ln301_40_fu_7567_p2        |         +|   0|  0|   39|          32|          32|
    |add_ln301_4_fu_8380_p2         |         +|   0|  0|   40|          33|          33|
    |add_ln301_5_fu_8516_p2         |         +|   0|  0|   40|          33|          33|
    |add_ln301_6_fu_8782_p2         |         +|   0|  0|   40|          33|          33|
    |add_ln301_7_fu_8918_p2         |         +|   0|  0|   40|          33|          33|
    |add_ln301_8_fu_9184_p2         |         +|   0|  0|   40|          33|          33|
    |add_ln301_9_fu_9320_p2         |         +|   0|  0|   40|          33|          33|
    |add_ln301_fu_7572_p2           |         +|   0|  0|   40|          33|          33|
    |add_ln302_10_fu_9454_p2        |         +|   0|  0|   40|          33|          33|
    |add_ln302_11_fu_9788_p2        |         +|   0|  0|   40|          33|          33|
    |add_ln302_12_fu_9856_p2        |         +|   0|  0|   40|          33|          33|
    |add_ln302_13_fu_10190_p2       |         +|   0|  0|   40|          33|          33|
    |add_ln302_14_fu_10258_p2       |         +|   0|  0|   40|          33|          33|
    |add_ln302_15_fu_10592_p2       |         +|   0|  0|   40|          33|          33|
    |add_ln302_16_fu_10660_p2       |         +|   0|  0|   40|          33|          33|
    |add_ln302_17_fu_10994_p2       |         +|   0|  0|   40|          33|          33|
    |add_ln302_18_fu_11062_p2       |         +|   0|  0|   40|          33|          33|
    |add_ln302_19_fu_11396_p2       |         +|   0|  0|   40|          33|          33|
    |add_ln302_1_fu_7778_p2         |         +|   0|  0|   40|          33|          33|
    |add_ln302_20_fu_11464_p2       |         +|   0|  0|   40|          33|          33|
    |add_ln302_21_fu_11798_p2       |         +|   0|  0|   40|          33|          33|
    |add_ln302_22_fu_11866_p2       |         +|   0|  0|   40|          33|          33|
    |add_ln302_23_fu_12200_p2       |         +|   0|  0|   40|          33|          33|
    |add_ln302_24_fu_12268_p2       |         +|   0|  0|   40|          33|          33|
    |add_ln302_25_fu_12602_p2       |         +|   0|  0|   40|          33|          33|
    |add_ln302_26_fu_12670_p2       |         +|   0|  0|   40|          33|          33|
    |add_ln302_27_fu_13004_p2       |         +|   0|  0|   40|          33|          33|
    |add_ln302_28_fu_13072_p2       |         +|   0|  0|   40|          33|          33|
    |add_ln302_29_fu_13406_p2       |         +|   0|  0|   40|          33|          33|
    |add_ln302_2_fu_7846_p2         |         +|   0|  0|   40|          33|          33|
    |add_ln302_30_fu_13474_p2       |         +|   0|  0|   40|          33|          33|
    |add_ln302_31_fu_13808_p2       |         +|   0|  0|   40|          33|          33|
    |add_ln302_32_fu_13876_p2       |         +|   0|  0|   40|          33|          33|
    |add_ln302_33_fu_14210_p2       |         +|   0|  0|   40|          33|          33|
    |add_ln302_34_fu_14278_p2       |         +|   0|  0|   40|          33|          33|
    |add_ln302_35_fu_14612_p2       |         +|   0|  0|   40|          33|          33|
    |add_ln302_36_fu_14680_p2       |         +|   0|  0|   40|          33|          33|
    |add_ln302_37_fu_15014_p2       |         +|   0|  0|   40|          33|          33|
    |add_ln302_38_fu_15082_p2       |         +|   0|  0|   40|          33|          33|
    |add_ln302_39_fu_15382_p2       |         +|   0|  0|   40|          33|          33|
    |add_ln302_3_fu_8180_p2         |         +|   0|  0|   40|          33|          33|
    |add_ln302_40_fu_7418_p2        |         +|   0|  0|   39|          32|          32|
    |add_ln302_4_fu_8248_p2         |         +|   0|  0|   40|          33|          33|
    |add_ln302_5_fu_8582_p2         |         +|   0|  0|   40|          33|          33|
    |add_ln302_6_fu_8650_p2         |         +|   0|  0|   40|          33|          33|
    |add_ln302_7_fu_8984_p2         |         +|   0|  0|   40|          33|          33|
    |add_ln302_8_fu_9052_p2         |         +|   0|  0|   40|          33|          33|
    |add_ln302_9_fu_9386_p2         |         +|   0|  0|   40|          33|          33|
    |add_ln302_fu_7424_p2           |         +|   0|  0|   40|          33|          33|
    |add_ln314_fu_17341_p2          |         +|   0|  0|   53|          46|          46|
    |add_ln324_fu_18525_p2          |         +|   0|  0|   52|          45|          45|
    |add_ln326_fu_18765_p2          |         +|   0|  0|   17|          14|          14|
    |add_ln331_1_fu_19241_p2        |         +|   0|  0|   40|          33|          33|
    |add_ln331_2_fu_19235_p2        |         +|   0|  0|   39|          32|          32|
    |add_ln331_fu_19216_p2          |         +|   0|  0|   30|          23|          23|
    |candidate_pre_1_fu_17408_p2    |         +|   0|  0|   39|          32|          32|
    |half_v_1_fu_15508_p2           |         +|   0|  0|   39|          32|          32|
    |half_v_4_fu_15684_p2           |         +|   0|  0|   39|          32|          32|
    |r_1_fu_17047_p2                |         +|   0|  0|   17|          14|          14|
    |state_update_1_fu_18588_p2     |         +|   0|  0|   33|          26|          26|
    |val_n_in_fu_7393_p2            |         +|   0|  0|   33|          26|          26|
    |val_n_rec_11_fu_8578_p2        |         +|   0|  0|   39|          32|          32|
    |val_n_rec_13_fu_8645_p2        |         +|   0|  0|   39|          32|          32|
    |val_n_rec_15_fu_8980_p2        |         +|   0|  0|   39|          32|          32|
    |val_n_rec_17_fu_9047_p2        |         +|   0|  0|   39|          32|          32|
    |val_n_rec_19_fu_9382_p2        |         +|   0|  0|   39|          32|          32|
    |val_n_rec_21_fu_9449_p2        |         +|   0|  0|   39|          32|          32|
    |val_n_rec_23_fu_9784_p2        |         +|   0|  0|   39|          32|          32|
    |val_n_rec_25_fu_9851_p2        |         +|   0|  0|   39|          32|          32|
    |val_n_rec_27_fu_10186_p2       |         +|   0|  0|   39|          32|          32|
    |val_n_rec_29_fu_10253_p2       |         +|   0|  0|   39|          32|          32|
    |val_n_rec_31_fu_10588_p2       |         +|   0|  0|   39|          32|          32|
    |val_n_rec_33_fu_10655_p2       |         +|   0|  0|   39|          32|          32|
    |val_n_rec_35_fu_10990_p2       |         +|   0|  0|   39|          32|          32|
    |val_n_rec_37_fu_11057_p2       |         +|   0|  0|   39|          32|          32|
    |val_n_rec_39_fu_11392_p2       |         +|   0|  0|   39|          32|          32|
    |val_n_rec_3_fu_7774_p2         |         +|   0|  0|   39|          32|          32|
    |val_n_rec_41_fu_11459_p2       |         +|   0|  0|   39|          32|          32|
    |val_n_rec_43_fu_11794_p2       |         +|   0|  0|   39|          32|          32|
    |val_n_rec_45_fu_11861_p2       |         +|   0|  0|   39|          32|          32|
    |val_n_rec_47_fu_12196_p2       |         +|   0|  0|   39|          32|          32|
    |val_n_rec_49_fu_12263_p2       |         +|   0|  0|   39|          32|          32|
    |val_n_rec_51_fu_12598_p2       |         +|   0|  0|   39|          32|          32|
    |val_n_rec_53_fu_12665_p2       |         +|   0|  0|   39|          32|          32|
    |val_n_rec_55_fu_13000_p2       |         +|   0|  0|   39|          32|          32|
    |val_n_rec_57_fu_13067_p2       |         +|   0|  0|   39|          32|          32|
    |val_n_rec_59_fu_13402_p2       |         +|   0|  0|   39|          32|          32|
    |val_n_rec_5_fu_7841_p2         |         +|   0|  0|   39|          32|          32|
    |val_n_rec_61_fu_13469_p2       |         +|   0|  0|   39|          32|          32|
    |val_n_rec_63_fu_13804_p2       |         +|   0|  0|   39|          32|          32|
    |val_n_rec_65_fu_13871_p2       |         +|   0|  0|   39|          32|          32|
    |val_n_rec_67_fu_14206_p2       |         +|   0|  0|   39|          32|          32|
    |val_n_rec_69_fu_14273_p2       |         +|   0|  0|   39|          32|          32|
    |val_n_rec_71_fu_14608_p2       |         +|   0|  0|   39|          32|          32|
    |val_n_rec_73_fu_14675_p2       |         +|   0|  0|   39|          32|          32|
    |val_n_rec_75_fu_15010_p2       |         +|   0|  0|   39|          32|          32|
    |val_n_rec_77_fu_15077_p2       |         +|   0|  0|   39|          32|          32|
    |val_n_rec_79_fu_15378_p2       |         +|   0|  0|   39|          32|          32|
    |val_n_rec_7_fu_8176_p2         |         +|   0|  0|   39|          32|          32|
    |val_n_rec_9_fu_8243_p2         |         +|   0|  0|   39|          32|          32|
    |val_r_11_fu_8443_p2            |         +|   0|  0|   39|          32|          32|
    |val_r_13_fu_8712_p2            |         +|   0|  0|   39|          32|          32|
    |val_r_15_fu_8845_p2            |         +|   0|  0|   39|          32|          32|
    |val_r_17_fu_9114_p2            |         +|   0|  0|   39|          32|          32|
    |val_r_19_fu_9247_p2            |         +|   0|  0|   39|          32|          32|
    |val_r_21_fu_9516_p2            |         +|   0|  0|   39|          32|          32|
    |val_r_23_fu_9649_p2            |         +|   0|  0|   39|          32|          32|
    |val_r_25_fu_9918_p2            |         +|   0|  0|   39|          32|          32|
    |val_r_27_fu_10051_p2           |         +|   0|  0|   39|          32|          32|
    |val_r_29_fu_10320_p2           |         +|   0|  0|   39|          32|          32|
    |val_r_31_fu_10453_p2           |         +|   0|  0|   39|          32|          32|
    |val_r_33_fu_10722_p2           |         +|   0|  0|   39|          32|          32|
    |val_r_35_fu_10855_p2           |         +|   0|  0|   39|          32|          32|
    |val_r_37_fu_11124_p2           |         +|   0|  0|   39|          32|          32|
    |val_r_39_fu_11257_p2           |         +|   0|  0|   39|          32|          32|
    |val_r_3_fu_7639_p2             |         +|   0|  0|   39|          32|          32|
    |val_r_41_fu_11526_p2           |         +|   0|  0|   39|          32|          32|
    |val_r_43_fu_11659_p2           |         +|   0|  0|   39|          32|          32|
    |val_r_45_fu_11928_p2           |         +|   0|  0|   39|          32|          32|
    |val_r_47_fu_12061_p2           |         +|   0|  0|   39|          32|          32|
    |val_r_49_fu_12330_p2           |         +|   0|  0|   39|          32|          32|
    |val_r_51_fu_12463_p2           |         +|   0|  0|   39|          32|          32|
    |val_r_53_fu_12732_p2           |         +|   0|  0|   39|          32|          32|
    |val_r_55_fu_12865_p2           |         +|   0|  0|   39|          32|          32|
    |val_r_57_fu_13134_p2           |         +|   0|  0|   39|          32|          32|
    |val_r_59_fu_13267_p2           |         +|   0|  0|   39|          32|          32|
    |val_r_5_fu_7908_p2             |         +|   0|  0|   39|          32|          32|
    |val_r_61_fu_13536_p2           |         +|   0|  0|   39|          32|          32|
    |val_r_63_fu_13669_p2           |         +|   0|  0|   39|          32|          32|
    |val_r_65_fu_13938_p2           |         +|   0|  0|   39|          32|          32|
    |val_r_67_fu_14071_p2           |         +|   0|  0|   39|          32|          32|
    |val_r_69_fu_14340_p2           |         +|   0|  0|   39|          32|          32|
    |val_r_71_fu_14473_p2           |         +|   0|  0|   39|          32|          32|
    |val_r_73_fu_14742_p2           |         +|   0|  0|   39|          32|          32|
    |val_r_75_fu_14875_p2           |         +|   0|  0|   39|          32|          32|
    |val_r_77_fu_15144_p2           |         +|   0|  0|   39|          32|          32|
    |val_r_79_fu_15277_p2           |         +|   0|  0|   39|          32|          32|
    |val_r_7_fu_8041_p2             |         +|   0|  0|   39|          32|          32|
    |val_r_9_fu_8310_p2             |         +|   0|  0|   39|          32|          32|
    |val_r_fu_7281_p2               |         +|   0|  0|   34|          27|          27|
    |val_z_11_fu_8511_p2            |         +|   0|  0|   39|          32|          32|
    |val_z_13_fu_8778_p2            |         +|   0|  0|   39|          32|          32|
    |val_z_15_fu_8913_p2            |         +|   0|  0|   39|          32|          32|
    |val_z_17_fu_9180_p2            |         +|   0|  0|   39|          32|          32|
    |val_z_19_fu_9315_p2            |         +|   0|  0|   39|          32|          32|
    |val_z_21_fu_9582_p2            |         +|   0|  0|   39|          32|          32|
    |val_z_23_fu_9717_p2            |         +|   0|  0|   39|          32|          32|
    |val_z_25_fu_9984_p2            |         +|   0|  0|   39|          32|          32|
    |val_z_27_fu_10119_p2           |         +|   0|  0|   39|          32|          32|
    |val_z_29_fu_10386_p2           |         +|   0|  0|   39|          32|          32|
    |val_z_31_fu_10521_p2           |         +|   0|  0|   39|          32|          32|
    |val_z_33_fu_10788_p2           |         +|   0|  0|   39|          32|          32|
    |val_z_35_fu_10923_p2           |         +|   0|  0|   39|          32|          32|
    |val_z_37_fu_11190_p2           |         +|   0|  0|   39|          32|          32|
    |val_z_39_fu_11325_p2           |         +|   0|  0|   39|          32|          32|
    |val_z_3_fu_7707_p2             |         +|   0|  0|   39|          32|          32|
    |val_z_41_fu_11592_p2           |         +|   0|  0|   39|          32|          32|
    |val_z_43_fu_11727_p2           |         +|   0|  0|   39|          32|          32|
    |val_z_45_fu_11994_p2           |         +|   0|  0|   39|          32|          32|
    |val_z_47_fu_12129_p2           |         +|   0|  0|   39|          32|          32|
    |val_z_49_fu_12396_p2           |         +|   0|  0|   39|          32|          32|
    |val_z_51_fu_12531_p2           |         +|   0|  0|   39|          32|          32|
    |val_z_53_fu_12798_p2           |         +|   0|  0|   39|          32|          32|
    |val_z_55_fu_12933_p2           |         +|   0|  0|   39|          32|          32|
    |val_z_57_fu_13200_p2           |         +|   0|  0|   39|          32|          32|
    |val_z_59_fu_13335_p2           |         +|   0|  0|   39|          32|          32|
    |val_z_5_fu_7974_p2             |         +|   0|  0|   39|          32|          32|
    |val_z_61_fu_13602_p2           |         +|   0|  0|   39|          32|          32|
    |val_z_63_fu_13737_p2           |         +|   0|  0|   39|          32|          32|
    |val_z_65_fu_14004_p2           |         +|   0|  0|   39|          32|          32|
    |val_z_67_fu_14139_p2           |         +|   0|  0|   39|          32|          32|
    |val_z_69_fu_14406_p2           |         +|   0|  0|   39|          32|          32|
    |val_z_71_fu_14541_p2           |         +|   0|  0|   39|          32|          32|
    |val_z_73_fu_14808_p2           |         +|   0|  0|   39|          32|          32|
    |val_z_75_fu_14943_p2           |         +|   0|  0|   39|          32|          32|
    |val_z_77_fu_15210_p2           |         +|   0|  0|   39|          32|          32|
    |val_z_79_fu_15345_p2           |         +|   0|  0|   39|          32|          32|
    |val_z_7_fu_8109_p2             |         +|   0|  0|   39|          32|          32|
    |val_z_9_fu_8376_p2             |         +|   0|  0|   39|          32|          32|
    |val_z_fu_7337_p2               |         +|   0|  0|   33|          26|          26|
    |y_1_fu_16115_p2                |         +|   0|  0|   30|          23|          23|
    |y_4_fu_16520_p2                |         +|   0|  0|   30|          23|          23|
    |y_7_fu_17825_p2                |         +|   0|  0|   30|          23|          23|
    |z_1_fu_18352_p2                |         +|   0|  0|   17|          14|          14|
    |sub_ln150_1_fu_15754_p2        |         -|   0|  0|   40|           1|          33|
    |sub_ln150_2_fu_17566_p2        |         -|   0|  0|   40|           1|          33|
    |sub_ln150_fu_15576_p2          |         -|   0|  0|   40|           1|          33|
    |sub_ln170_1_fu_16033_p2        |         -|   0|  0|   29|          22|          22|
    |sub_ln170_2_fu_17725_p2        |         -|   0|  0|   29|          22|          22|
    |sub_ln170_fu_15970_p2          |         -|   0|  0|   29|          22|          22|
    |sub_ln173_1_fu_17234_p2        |         -|   0|  0|   20|           1|          15|
    |sub_ln173_2_fu_18207_p2        |         -|   0|  0|   20|           1|          15|
    |sub_ln173_fu_16695_p2          |         -|   0|  0|   20|           1|          15|
    |sub_ln324_fu_18488_p2          |         -|   0|  0|   30|          23|          23|
    |and_ln150_1_fu_15858_p2        |       and|   0|  0|    2|           1|           1|
    |and_ln150_2_fu_17598_p2        |       and|   0|  0|    2|           1|           1|
    |and_ln150_3_fu_15628_p2        |       and|   0|  0|    2|           1|           1|
    |and_ln150_4_fu_15875_p2        |       and|   0|  0|    2|           1|           1|
    |and_ln150_5_fu_17618_p2        |       and|   0|  0|    2|           1|           1|
    |and_ln150_fu_15608_p2          |       and|   0|  0|    2|           1|           1|
    |and_ln170_10_fu_17815_p2       |       and|   0|  0|    2|           1|           1|
    |and_ln170_11_fu_17849_p2       |       and|   0|  0|    2|           1|           1|
    |and_ln170_12_fu_17891_p2       |       and|   0|  0|    2|           1|           1|
    |and_ln170_13_fu_17897_p2       |       and|   0|  0|    2|           1|           1|
    |and_ln170_14_fu_17915_p2       |       and|   0|  0|    2|           1|           1|
    |and_ln170_1_fu_16139_p2        |       and|   0|  0|    2|           1|           1|
    |and_ln170_2_fu_16181_p2        |       and|   0|  0|    2|           1|           1|
    |and_ln170_3_fu_16187_p2        |       and|   0|  0|    2|           1|           1|
    |and_ln170_4_fu_16205_p2        |       and|   0|  0|    2|           1|           1|
    |and_ln170_5_fu_16510_p2        |       and|   0|  0|    2|           1|           1|
    |and_ln170_6_fu_16544_p2        |       and|   0|  0|    2|           1|           1|
    |and_ln170_7_fu_16586_p2        |       and|   0|  0|    2|           1|           1|
    |and_ln170_8_fu_16592_p2        |       and|   0|  0|    2|           1|           1|
    |and_ln170_9_fu_16610_p2        |       and|   0|  0|    2|           1|           1|
    |and_ln170_fu_16105_p2          |       and|   0|  0|    2|           1|           1|
    |and_ln171_10_fu_16942_p2       |       and|   0|  0|    2|           1|           1|
    |and_ln171_11_fu_17161_p2       |       and|   0|  0|    2|           1|           1|
    |and_ln171_12_fu_16974_p2       |       and|   0|  0|    2|           1|           1|
    |and_ln171_13_fu_16980_p2       |       and|   0|  0|    2|           1|           1|
    |and_ln171_14_fu_17176_p2       |       and|   0|  0|    2|           1|           1|
    |and_ln171_15_fu_17198_p2       |       and|   0|  0|    2|           1|           1|
    |and_ln171_16_fu_17998_p2       |       and|   0|  0|    2|           1|           1|
    |and_ln171_17_fu_18028_p2       |       and|   0|  0|    2|           1|           1|
    |and_ln171_18_fu_18090_p2       |       and|   0|  0|    2|           1|           1|
    |and_ln171_19_fu_18134_p2       |       and|   0|  0|    2|           1|           1|
    |and_ln171_1_fu_16338_p2        |       and|   0|  0|    2|           1|           1|
    |and_ln171_20_fu_18122_p2       |       and|   0|  0|    2|           1|           1|
    |and_ln171_21_fu_18128_p2       |       and|   0|  0|    2|           1|           1|
    |and_ln171_22_fu_18149_p2       |       and|   0|  0|    2|           1|           1|
    |and_ln171_23_fu_18171_p2       |       and|   0|  0|    2|           1|           1|
    |and_ln171_2_fu_16400_p2        |       and|   0|  0|    2|           1|           1|
    |and_ln171_3_fu_16622_p2        |       and|   0|  0|    2|           1|           1|
    |and_ln171_4_fu_16432_p2        |       and|   0|  0|    2|           1|           1|
    |and_ln171_5_fu_16438_p2        |       and|   0|  0|    2|           1|           1|
    |and_ln171_6_fu_16637_p2        |       and|   0|  0|    2|           1|           1|
    |and_ln171_7_fu_16659_p2        |       and|   0|  0|    2|           1|           1|
    |and_ln171_8_fu_16850_p2        |       and|   0|  0|    2|           1|           1|
    |and_ln171_9_fu_16880_p2        |       and|   0|  0|    2|           1|           1|
    |and_ln171_fu_16308_p2          |       and|   0|  0|    2|           1|           1|
    |and_ln173_1_fu_17266_p2        |       and|   0|  0|    2|           1|           1|
    |and_ln173_2_fu_18239_p2        |       and|   0|  0|    2|           1|           1|
    |and_ln173_3_fu_16747_p2        |       and|   0|  0|    2|           1|           1|
    |and_ln173_4_fu_17286_p2        |       and|   0|  0|    2|           1|           1|
    |and_ln173_5_fu_18259_p2        |       and|   0|  0|    2|           1|           1|
    |and_ln173_fu_16727_p2          |       and|   0|  0|    2|           1|           1|
    |and_ln181_1_fu_15550_p2        |       and|   0|  0|    2|           1|           1|
    |and_ln181_2_fu_15674_p2        |       and|   0|  0|    2|           1|           1|
    |and_ln181_3_fu_15728_p2        |       and|   0|  0|    2|           1|           1|
    |and_ln181_fu_15498_p2          |       and|   0|  0|    2|           1|           1|
    |and_ln183_1_fu_17067_p2        |       and|   0|  0|    2|           1|           1|
    |and_ln183_2_fu_17109_p2        |       and|   0|  0|    2|           1|           1|
    |and_ln183_3_fu_17115_p2        |       and|   0|  0|    2|           1|           1|
    |and_ln183_4_fu_17133_p2        |       and|   0|  0|    2|           1|           1|
    |and_ln183_5_fu_18342_p2        |       and|   0|  0|    2|           1|           1|
    |and_ln183_6_fu_18372_p2        |       and|   0|  0|    2|           1|           1|
    |and_ln183_7_fu_18414_p2        |       and|   0|  0|    2|           1|           1|
    |and_ln183_8_fu_18420_p2        |       and|   0|  0|    2|           1|           1|
    |and_ln183_9_fu_18438_p2        |       and|   0|  0|    2|           1|           1|
    |and_ln183_fu_17037_p2          |       and|   0|  0|    2|           1|           1|
    |and_ln285_fu_7271_p2           |       and|   0|  0|    2|           1|           1|
    |and_ln287_fu_7327_p2           |       and|   0|  0|    2|           1|           1|
    |and_ln290_fu_7383_p2           |       and|   0|  0|    2|           1|           1|
    |and_ln300_10_fu_9548_p2        |       and|   0|  0|    2|           1|           1|
    |and_ln300_11_fu_9682_p2        |       and|   0|  0|    2|           1|           1|
    |and_ln300_12_fu_9950_p2        |       and|   0|  0|    2|           1|           1|
    |and_ln300_13_fu_10084_p2       |       and|   0|  0|    2|           1|           1|
    |and_ln300_14_fu_10352_p2       |       and|   0|  0|    2|           1|           1|
    |and_ln300_15_fu_10486_p2       |       and|   0|  0|    2|           1|           1|
    |and_ln300_16_fu_10754_p2       |       and|   0|  0|    2|           1|           1|
    |and_ln300_17_fu_10888_p2       |       and|   0|  0|    2|           1|           1|
    |and_ln300_18_fu_11156_p2       |       and|   0|  0|    2|           1|           1|
    |and_ln300_19_fu_11290_p2       |       and|   0|  0|    2|           1|           1|
    |and_ln300_1_fu_7672_p2         |       and|   0|  0|    2|           1|           1|
    |and_ln300_20_fu_11558_p2       |       and|   0|  0|    2|           1|           1|
    |and_ln300_21_fu_11692_p2       |       and|   0|  0|    2|           1|           1|
    |and_ln300_22_fu_11960_p2       |       and|   0|  0|    2|           1|           1|
    |and_ln300_23_fu_12094_p2       |       and|   0|  0|    2|           1|           1|
    |and_ln300_24_fu_12362_p2       |       and|   0|  0|    2|           1|           1|
    |and_ln300_25_fu_12496_p2       |       and|   0|  0|    2|           1|           1|
    |and_ln300_26_fu_12764_p2       |       and|   0|  0|    2|           1|           1|
    |and_ln300_27_fu_12898_p2       |       and|   0|  0|    2|           1|           1|
    |and_ln300_28_fu_13166_p2       |       and|   0|  0|    2|           1|           1|
    |and_ln300_29_fu_13300_p2       |       and|   0|  0|    2|           1|           1|
    |and_ln300_2_fu_7940_p2         |       and|   0|  0|    2|           1|           1|
    |and_ln300_30_fu_13568_p2       |       and|   0|  0|    2|           1|           1|
    |and_ln300_31_fu_13702_p2       |       and|   0|  0|    2|           1|           1|
    |and_ln300_32_fu_13970_p2       |       and|   0|  0|    2|           1|           1|
    |and_ln300_33_fu_14104_p2       |       and|   0|  0|    2|           1|           1|
    |and_ln300_34_fu_14372_p2       |       and|   0|  0|    2|           1|           1|
    |and_ln300_35_fu_14506_p2       |       and|   0|  0|    2|           1|           1|
    |and_ln300_36_fu_14774_p2       |       and|   0|  0|    2|           1|           1|
    |and_ln300_37_fu_14908_p2       |       and|   0|  0|    2|           1|           1|
    |and_ln300_38_fu_15176_p2       |       and|   0|  0|    2|           1|           1|
    |and_ln300_39_fu_15310_p2       |       and|   0|  0|    2|           1|           1|
    |and_ln300_3_fu_8074_p2         |       and|   0|  0|    2|           1|           1|
    |and_ln300_4_fu_8342_p2         |       and|   0|  0|    2|           1|           1|
    |and_ln300_5_fu_8476_p2         |       and|   0|  0|    2|           1|           1|
    |and_ln300_6_fu_8744_p2         |       and|   0|  0|    2|           1|           1|
    |and_ln300_7_fu_8878_p2         |       and|   0|  0|    2|           1|           1|
    |and_ln300_8_fu_9146_p2         |       and|   0|  0|    2|           1|           1|
    |and_ln300_9_fu_9280_p2         |       and|   0|  0|    2|           1|           1|
    |and_ln300_fu_7533_p2           |       and|   0|  0|    2|           1|           1|
    |and_ln301_10_fu_9614_p2        |       and|   0|  0|    2|           1|           1|
    |and_ln301_11_fu_9750_p2        |       and|   0|  0|    2|           1|           1|
    |and_ln301_12_fu_10016_p2       |       and|   0|  0|    2|           1|           1|
    |and_ln301_13_fu_10152_p2       |       and|   0|  0|    2|           1|           1|
    |and_ln301_14_fu_10418_p2       |       and|   0|  0|    2|           1|           1|
    |and_ln301_15_fu_10554_p2       |       and|   0|  0|    2|           1|           1|
    |and_ln301_16_fu_10820_p2       |       and|   0|  0|    2|           1|           1|
    |and_ln301_17_fu_10956_p2       |       and|   0|  0|    2|           1|           1|
    |and_ln301_18_fu_11222_p2       |       and|   0|  0|    2|           1|           1|
    |and_ln301_19_fu_11358_p2       |       and|   0|  0|    2|           1|           1|
    |and_ln301_1_fu_7740_p2         |       and|   0|  0|    2|           1|           1|
    |and_ln301_20_fu_11624_p2       |       and|   0|  0|    2|           1|           1|
    |and_ln301_21_fu_11760_p2       |       and|   0|  0|    2|           1|           1|
    |and_ln301_22_fu_12026_p2       |       and|   0|  0|    2|           1|           1|
    |and_ln301_23_fu_12162_p2       |       and|   0|  0|    2|           1|           1|
    |and_ln301_24_fu_12428_p2       |       and|   0|  0|    2|           1|           1|
    |and_ln301_25_fu_12564_p2       |       and|   0|  0|    2|           1|           1|
    |and_ln301_26_fu_12830_p2       |       and|   0|  0|    2|           1|           1|
    |and_ln301_27_fu_12966_p2       |       and|   0|  0|    2|           1|           1|
    |and_ln301_28_fu_13232_p2       |       and|   0|  0|    2|           1|           1|
    |and_ln301_29_fu_13368_p2       |       and|   0|  0|    2|           1|           1|
    |and_ln301_2_fu_8006_p2         |       and|   0|  0|    2|           1|           1|
    |and_ln301_30_fu_13634_p2       |       and|   0|  0|    2|           1|           1|
    |and_ln301_31_fu_13770_p2       |       and|   0|  0|    2|           1|           1|
    |and_ln301_32_fu_14036_p2       |       and|   0|  0|    2|           1|           1|
    |and_ln301_33_fu_14172_p2       |       and|   0|  0|    2|           1|           1|
    |and_ln301_34_fu_14438_p2       |       and|   0|  0|    2|           1|           1|
    |and_ln301_35_fu_14574_p2       |       and|   0|  0|    2|           1|           1|
    |and_ln301_36_fu_14840_p2       |       and|   0|  0|    2|           1|           1|
    |and_ln301_37_fu_14976_p2       |       and|   0|  0|    2|           1|           1|
    |and_ln301_38_fu_15242_p2       |       and|   0|  0|    2|           1|           1|
    |and_ln301_39_fu_15451_p2       |       and|   0|  0|    2|           1|           1|
    |and_ln301_3_fu_8142_p2         |       and|   0|  0|    2|           1|           1|
    |and_ln301_4_fu_8408_p2         |       and|   0|  0|    2|           1|           1|
    |and_ln301_5_fu_8544_p2         |       and|   0|  0|    2|           1|           1|
    |and_ln301_6_fu_8810_p2         |       and|   0|  0|    2|           1|           1|
    |and_ln301_7_fu_8946_p2         |       and|   0|  0|    2|           1|           1|
    |and_ln301_8_fu_9212_p2         |       and|   0|  0|    2|           1|           1|
    |and_ln301_9_fu_9348_p2         |       and|   0|  0|    2|           1|           1|
    |and_ln301_fu_7604_p2           |       and|   0|  0|    2|           1|           1|
    |and_ln302_10_fu_9482_p2        |       and|   0|  0|    2|           1|           1|
    |and_ln302_11_fu_9816_p2        |       and|   0|  0|    2|           1|           1|
    |and_ln302_12_fu_9884_p2        |       and|   0|  0|    2|           1|           1|
    |and_ln302_13_fu_10218_p2       |       and|   0|  0|    2|           1|           1|
    |and_ln302_14_fu_10286_p2       |       and|   0|  0|    2|           1|           1|
    |and_ln302_15_fu_10620_p2       |       and|   0|  0|    2|           1|           1|
    |and_ln302_16_fu_10688_p2       |       and|   0|  0|    2|           1|           1|
    |and_ln302_17_fu_11022_p2       |       and|   0|  0|    2|           1|           1|
    |and_ln302_18_fu_11090_p2       |       and|   0|  0|    2|           1|           1|
    |and_ln302_19_fu_11424_p2       |       and|   0|  0|    2|           1|           1|
    |and_ln302_1_fu_7806_p2         |       and|   0|  0|    2|           1|           1|
    |and_ln302_20_fu_11492_p2       |       and|   0|  0|    2|           1|           1|
    |and_ln302_21_fu_11826_p2       |       and|   0|  0|    2|           1|           1|
    |and_ln302_22_fu_11894_p2       |       and|   0|  0|    2|           1|           1|
    |and_ln302_23_fu_12228_p2       |       and|   0|  0|    2|           1|           1|
    |and_ln302_24_fu_12296_p2       |       and|   0|  0|    2|           1|           1|
    |and_ln302_25_fu_12630_p2       |       and|   0|  0|    2|           1|           1|
    |and_ln302_26_fu_12698_p2       |       and|   0|  0|    2|           1|           1|
    |and_ln302_27_fu_13032_p2       |       and|   0|  0|    2|           1|           1|
    |and_ln302_28_fu_13100_p2       |       and|   0|  0|    2|           1|           1|
    |and_ln302_29_fu_13434_p2       |       and|   0|  0|    2|           1|           1|
    |and_ln302_2_fu_7874_p2         |       and|   0|  0|    2|           1|           1|
    |and_ln302_30_fu_13502_p2       |       and|   0|  0|    2|           1|           1|
    |and_ln302_31_fu_13836_p2       |       and|   0|  0|    2|           1|           1|
    |and_ln302_32_fu_13904_p2       |       and|   0|  0|    2|           1|           1|
    |and_ln302_33_fu_14238_p2       |       and|   0|  0|    2|           1|           1|
    |and_ln302_34_fu_14306_p2       |       and|   0|  0|    2|           1|           1|
    |and_ln302_35_fu_14640_p2       |       and|   0|  0|    2|           1|           1|
    |and_ln302_36_fu_14708_p2       |       and|   0|  0|    2|           1|           1|
    |and_ln302_37_fu_15042_p2       |       and|   0|  0|    2|           1|           1|
    |and_ln302_38_fu_15110_p2       |       and|   0|  0|    2|           1|           1|
    |and_ln302_39_fu_15410_p2       |       and|   0|  0|    2|           1|           1|
    |and_ln302_3_fu_8208_p2         |       and|   0|  0|    2|           1|           1|
    |and_ln302_4_fu_8276_p2         |       and|   0|  0|    2|           1|           1|
    |and_ln302_5_fu_8610_p2         |       and|   0|  0|    2|           1|           1|
    |and_ln302_6_fu_8678_p2         |       and|   0|  0|    2|           1|           1|
    |and_ln302_7_fu_9012_p2         |       and|   0|  0|    2|           1|           1|
    |and_ln302_8_fu_9080_p2         |       and|   0|  0|    2|           1|           1|
    |and_ln302_9_fu_9414_p2         |       and|   0|  0|    2|           1|           1|
    |and_ln302_fu_7456_p2           |       and|   0|  0|    2|           1|           1|
    |and_ln314_1_fu_17428_p2        |       and|   0|  0|    2|           1|           1|
    |and_ln314_2_fu_17474_p2        |       and|   0|  0|    2|           1|           1|
    |and_ln314_3_fu_17485_p2        |       and|   0|  0|    2|           1|           1|
    |and_ln314_4_fu_17505_p2        |       and|   0|  0|    2|           1|           1|
    |and_ln314_5_fu_17511_p2        |       and|   0|  0|    2|           1|           1|
    |and_ln314_6_fu_17528_p2        |       and|   0|  0|    2|           1|           1|
    |and_ln314_fu_17398_p2          |       and|   0|  0|    2|           1|           1|
    |and_ln324_1_fu_18611_p2        |       and|   0|  0|    2|           1|           1|
    |and_ln324_2_fu_18649_p2        |       and|   0|  0|    2|           1|           1|
    |and_ln324_3_fu_18655_p2        |       and|   0|  0|    2|           1|           1|
    |and_ln324_4_fu_18673_p2        |       and|   0|  0|    2|           1|           1|
    |and_ln324_fu_18578_p2          |       and|   0|  0|    2|           1|           1|
    |and_ln326_1_fu_18785_p2        |       and|   0|  0|    2|           1|           1|
    |and_ln326_2_fu_18847_p2        |       and|   0|  0|    2|           1|           1|
    |and_ln326_3_fu_18891_p2        |       and|   0|  0|    2|           1|           1|
    |and_ln326_4_fu_18879_p2        |       and|   0|  0|    2|           1|           1|
    |and_ln326_5_fu_18885_p2        |       and|   0|  0|    2|           1|           1|
    |and_ln326_6_fu_18906_p2        |       and|   0|  0|    2|           1|           1|
    |and_ln326_fu_18755_p2          |       and|   0|  0|    2|           1|           1|
    |and_ln331_1_fu_19273_p2        |       and|   0|  0|    2|           1|           1|
    |and_ln331_fu_19206_p2          |       and|   0|  0|    2|           1|           1|
    |ap_condition_13277             |       and|   0|  0|    2|           1|           1|
    |ap_condition_13281             |       and|   0|  0|    2|           1|           1|
    |ap_condition_13285             |       and|   0|  0|    2|           1|           1|
    |ap_condition_13289             |       and|   0|  0|    2|           1|           1|
    |ap_condition_13293             |       and|   0|  0|    2|           1|           1|
    |ap_condition_13297             |       and|   0|  0|    2|           1|           1|
    |ap_condition_13301             |       and|   0|  0|    2|           1|           1|
    |ap_condition_13305             |       and|   0|  0|    2|           1|           1|
    |ap_condition_13309             |       and|   0|  0|    2|           1|           1|
    |ap_condition_13313             |       and|   0|  0|    2|           1|           1|
    |ap_condition_13317             |       and|   0|  0|    2|           1|           1|
    |ap_condition_13321             |       and|   0|  0|    2|           1|           1|
    |ap_condition_13325             |       and|   0|  0|    2|           1|           1|
    |ap_condition_13329             |       and|   0|  0|    2|           1|           1|
    |ap_condition_13333             |       and|   0|  0|    2|           1|           1|
    |ap_condition_13337             |       and|   0|  0|    2|           1|           1|
    |ap_condition_13341             |       and|   0|  0|    2|           1|           1|
    |ap_condition_13345             |       and|   0|  0|    2|           1|           1|
    |ap_condition_13349             |       and|   0|  0|    2|           1|           1|
    |ap_condition_13353             |       and|   0|  0|    2|           1|           1|
    |ap_predicate_pred3961_state50  |       and|   0|  0|    2|           1|           1|
    |icmp_ln153_1_fu_15921_p2       |      icmp|   0|  0|   14|           9|           1|
    |icmp_ln153_2_fu_17663_p2       |      icmp|   0|  0|   14|           9|           1|
    |icmp_ln153_fu_15813_p2         |      icmp|   0|  0|   14|           9|           1|
    |icmp_ln170_1_fu_16491_p2       |      icmp|   0|  0|   26|          19|           1|
    |icmp_ln170_2_fu_17796_p2       |      icmp|   0|  0|   26|          19|           1|
    |icmp_ln170_fu_16086_p2         |      icmp|   0|  0|   26|          19|           1|
    |icmp_ln171_10_fu_18064_p2      |      icmp|   0|  0|   13|          10|           2|
    |icmp_ln171_11_fu_18070_p2      |      icmp|   0|  0|   13|          10|           1|
    |icmp_ln171_1_fu_16360_p2       |      icmp|   0|  0|   14|           9|           2|
    |icmp_ln171_2_fu_16374_p2       |      icmp|   0|  0|   13|          10|           2|
    |icmp_ln171_3_fu_16380_p2       |      icmp|   0|  0|   13|          10|           1|
    |icmp_ln171_4_fu_16822_p2       |      icmp|   0|  0|   14|           7|           1|
    |icmp_ln171_5_fu_16902_p2       |      icmp|   0|  0|   14|           9|           2|
    |icmp_ln171_6_fu_16916_p2       |      icmp|   0|  0|   13|          10|           2|
    |icmp_ln171_7_fu_16922_p2       |      icmp|   0|  0|   13|          10|           1|
    |icmp_ln171_8_fu_17970_p2       |      icmp|   0|  0|   14|           7|           1|
    |icmp_ln171_9_fu_18050_p2       |      icmp|   0|  0|   14|           9|           2|
    |icmp_ln171_fu_16280_p2         |      icmp|   0|  0|   14|           7|           1|
    |icmp_ln245_fu_6328_p2          |      icmp|   0|  0|   14|           6|           6|
    |icmp_ln314_1_fu_17444_p2       |      icmp|   0|  0|   10|           2|           2|
    |icmp_ln314_2_fu_17450_p2       |      icmp|   0|  0|   10|           2|           1|
    |icmp_ln314_fu_17371_p2         |      icmp|   0|  0|   12|          11|           1|
    |icmp_ln324_fu_18559_p2         |      icmp|   0|  0|   26|          19|           1|
    |icmp_ln326_1_fu_18807_p2       |      icmp|   0|  0|   14|           9|           2|
    |icmp_ln326_2_fu_18821_p2       |      icmp|   0|  0|   13|          10|           2|
    |icmp_ln326_3_fu_18827_p2       |      icmp|   0|  0|   13|          10|           1|
    |icmp_ln326_fu_18727_p2         |      icmp|   0|  0|   14|           7|           1|
    |or_ln170_10_fu_16193_p2        |        or|   0|  0|    2|           1|           1|
    |or_ln170_11_fu_16556_p2        |        or|   0|  0|    2|           1|           1|
    |or_ln170_12_fu_16598_p2        |        or|   0|  0|    2|           1|           1|
    |or_ln170_13_fu_17861_p2        |        or|   0|  0|    2|           1|           1|
    |or_ln170_14_fu_17903_p2        |        or|   0|  0|    2|           1|           1|
    |or_ln170_1_fu_16175_p2         |        or|   0|  0|    2|           1|           1|
    |or_ln170_2_fu_16211_p2         |        or|   0|  0|    2|           1|           1|
    |or_ln170_3_fu_16504_p2         |        or|   0|  0|    2|           1|           1|
    |or_ln170_4_fu_16580_p2         |        or|   0|  0|    2|           1|           1|
    |or_ln170_5_fu_16616_p2         |        or|   0|  0|    2|           1|           1|
    |or_ln170_6_fu_17809_p2         |        or|   0|  0|    2|           1|           1|
    |or_ln170_7_fu_17885_p2         |        or|   0|  0|    2|           1|           1|
    |or_ln170_8_fu_17921_p2         |        or|   0|  0|    2|           1|           1|
    |or_ln170_9_fu_16151_p2         |        or|   0|  0|    2|           1|           1|
    |or_ln170_fu_16099_p2           |        or|   0|  0|    2|           1|           1|
    |or_ln171_10_fu_17165_p2        |        or|   0|  0|    2|           1|           1|
    |or_ln171_11_fu_18138_p2        |        or|   0|  0|    2|           1|           1|
    |or_ln171_1_fu_16420_p2         |        or|   0|  0|    2|           1|           1|
    |or_ln171_2_fu_16642_p2         |        or|   0|  0|    2|           1|           1|
    |or_ln171_3_fu_16844_p2         |        or|   0|  0|    2|           1|           1|
    |or_ln171_4_fu_16962_p2         |        or|   0|  0|    2|           1|           1|
    |or_ln171_5_fu_17181_p2         |        or|   0|  0|    2|           1|           1|
    |or_ln171_6_fu_17992_p2         |        or|   0|  0|    2|           1|           1|
    |or_ln171_7_fu_18110_p2         |        or|   0|  0|    2|           1|           1|
    |or_ln171_8_fu_18154_p2         |        or|   0|  0|    2|           1|           1|
    |or_ln171_9_fu_16626_p2         |        or|   0|  0|    2|           1|           1|
    |or_ln171_fu_16302_p2           |        or|   0|  0|    2|           1|           1|
    |or_ln181_1_fu_15544_p2         |        or|   0|  0|    2|           1|           1|
    |or_ln181_2_fu_15704_p2         |        or|   0|  0|    2|           1|           1|
    |or_ln181_3_fu_15722_p2         |        or|   0|  0|    2|           1|           1|
    |or_ln181_fu_15527_p2           |        or|   0|  0|    2|           1|           1|
    |or_ln183_1_fu_17147_p2         |        or|   0|  0|    2|           1|           1|
    |or_ln183_2_fu_18408_p2         |        or|   0|  0|    2|           1|           1|
    |or_ln183_3_fu_18444_p2         |        or|   0|  0|    2|           1|           1|
    |or_ln183_4_fu_17079_p2         |        or|   0|  0|    2|           1|           1|
    |or_ln183_5_fu_17121_p2         |        or|   0|  0|    2|           1|           1|
    |or_ln183_6_fu_18384_p2         |        or|   0|  0|    2|           1|           1|
    |or_ln183_7_fu_18426_p2         |        or|   0|  0|    2|           1|           1|
    |or_ln183_fu_17103_p2           |        or|   0|  0|    2|           1|           1|
    |or_ln314_1_fu_17495_p2         |        or|   0|  0|    2|           1|           1|
    |or_ln314_2_fu_17541_p2         |        or|   0|  0|    2|           1|           1|
    |or_ln314_3_fu_17516_p2         |        or|   0|  0|    2|           1|           1|
    |or_ln314_fu_17392_p2           |        or|   0|  0|    2|           1|           1|
    |or_ln324_1_fu_18643_p2         |        or|   0|  0|    2|           1|           1|
    |or_ln324_2_fu_18678_p2         |        or|   0|  0|    2|           1|           1|
    |or_ln324_3_fu_18621_p2         |        or|   0|  0|    2|           1|           1|
    |or_ln324_4_fu_18661_p2         |        or|   0|  0|    2|           1|           1|
    |or_ln324_fu_18572_p2           |        or|   0|  0|    2|           1|           1|
    |or_ln326_1_fu_18867_p2         |        or|   0|  0|    2|           1|           1|
    |or_ln326_2_fu_18918_p2         |        or|   0|  0|    2|           1|           1|
    |or_ln326_3_fu_18895_p2         |        or|   0|  0|    2|           1|           1|
    |or_ln326_fu_18749_p2           |        or|   0|  0|    2|           1|           1|
    |av_3_fu_15893_p2               |    select|   0|  0|   33|           1|          31|
    |candidate_pre_3_fu_17547_p3    |    select|   0|  0|   32|           1|          32|
    |h_new_fu_18923_p3              |    select|   0|  0|   14|           1|          14|
    |half_v_6_fu_15556_p3           |    select|   0|  0|   32|           1|          31|
    |half_v_7_fu_15734_p3           |    select|   0|  0|   32|           1|          31|
    |mag_1_fu_17211_p4              |    select|   0|  0|   15|           1|          13|
    |mag_2_fu_18184_p4              |    select|   0|  0|   15|           1|          13|
    |mag_fu_16672_p4                |    select|   0|  0|   15|           1|          13|
    |nn_1_fu_18271_p2               |    select|   0|  0|   15|           1|          13|
    |r_2_fu_17153_p3                |    select|   0|  0|   14|           1|          14|
    |ref_tmp2_i1202_2_fu_16759_p2   |    select|   0|  0|   15|           1|          13|
    |ref_tmp2_i_2_fu_17298_p2       |    select|   0|  0|   15|           1|          13|
    |select_ln150_2_fu_17610_p3     |    select|   0|  0|   33|           1|          31|
    |select_ln150_fu_15620_p3       |    select|   0|  0|   33|           1|          31|
    |select_ln170_2_fu_16779_p3     |    select|   0|  0|   33|           1|          31|
    |select_ln170_4_fu_17927_p3     |    select|   0|  0|   33|           1|          31|
    |select_ln170_fu_16237_p3       |    select|   0|  0|   33|           1|          31|
    |select_ln171_1_fu_16406_p3     |    select|   0|  0|    2|           1|           1|
    |select_ln171_3_fu_16928_p3     |    select|   0|  0|    2|           1|           1|
    |select_ln171_4_fu_16948_p3     |    select|   0|  0|    2|           1|           1|
    |select_ln171_6_fu_18076_p3     |    select|   0|  0|    2|           1|           1|
    |select_ln171_7_fu_18096_p3     |    select|   0|  0|    2|           1|           1|
    |select_ln171_fu_16386_p3       |    select|   0|  0|    2|           1|           1|
    |select_ln183_2_fu_18457_p3     |    select|   0|  0|   15|           1|          13|
    |select_ln183_3_fu_18465_p3     |    select|   0|  0|   14|           1|          14|
    |select_ln183_fu_17139_p3       |    select|   0|  0|   15|           1|          13|
    |select_ln300_10_fu_8488_p3     |    select|   0|  0|   33|           1|          31|
    |select_ln300_12_fu_8756_p3     |    select|   0|  0|   33|           1|          31|
    |select_ln300_14_fu_8890_p3     |    select|   0|  0|   33|           1|          31|
    |select_ln300_16_fu_9158_p3     |    select|   0|  0|   33|           1|          31|
    |select_ln300_18_fu_9292_p3     |    select|   0|  0|   33|           1|          31|
    |select_ln300_20_fu_9560_p3     |    select|   0|  0|   33|           1|          31|
    |select_ln300_22_fu_9694_p3     |    select|   0|  0|   33|           1|          31|
    |select_ln300_24_fu_9962_p3     |    select|   0|  0|   33|           1|          31|
    |select_ln300_26_fu_10096_p3    |    select|   0|  0|   33|           1|          31|
    |select_ln300_28_fu_10364_p3    |    select|   0|  0|   33|           1|          31|
    |select_ln300_2_fu_7684_p3      |    select|   0|  0|   33|           1|          31|
    |select_ln300_30_fu_10498_p3    |    select|   0|  0|   33|           1|          31|
    |select_ln300_32_fu_10766_p3    |    select|   0|  0|   33|           1|          31|
    |select_ln300_34_fu_10900_p3    |    select|   0|  0|   33|           1|          31|
    |select_ln300_36_fu_11168_p3    |    select|   0|  0|   33|           1|          31|
    |select_ln300_38_fu_11302_p3    |    select|   0|  0|   33|           1|          31|
    |select_ln300_40_fu_11570_p3    |    select|   0|  0|   33|           1|          31|
    |select_ln300_42_fu_11704_p3    |    select|   0|  0|   33|           1|          31|
    |select_ln300_44_fu_11972_p3    |    select|   0|  0|   33|           1|          31|
    |select_ln300_46_fu_12106_p3    |    select|   0|  0|   33|           1|          31|
    |select_ln300_48_fu_12374_p3    |    select|   0|  0|   33|           1|          31|
    |select_ln300_4_fu_7952_p3      |    select|   0|  0|   33|           1|          31|
    |select_ln300_50_fu_12508_p3    |    select|   0|  0|   33|           1|          31|
    |select_ln300_52_fu_12776_p3    |    select|   0|  0|   33|           1|          31|
    |select_ln300_54_fu_12910_p3    |    select|   0|  0|   33|           1|          31|
    |select_ln300_56_fu_13178_p3    |    select|   0|  0|   33|           1|          31|
    |select_ln300_58_fu_13312_p3    |    select|   0|  0|   33|           1|          31|
    |select_ln300_60_fu_13580_p3    |    select|   0|  0|   33|           1|          31|
    |select_ln300_62_fu_13714_p3    |    select|   0|  0|   33|           1|          31|
    |select_ln300_64_fu_13982_p3    |    select|   0|  0|   33|           1|          31|
    |select_ln300_66_fu_14116_p3    |    select|   0|  0|   33|           1|          31|
    |select_ln300_68_fu_14384_p3    |    select|   0|  0|   33|           1|          31|
    |select_ln300_6_fu_8086_p3      |    select|   0|  0|   33|           1|          31|
    |select_ln300_70_fu_14518_p3    |    select|   0|  0|   33|           1|          31|
    |select_ln300_72_fu_14786_p3    |    select|   0|  0|   33|           1|          31|
    |select_ln300_74_fu_14920_p3    |    select|   0|  0|   33|           1|          31|
    |select_ln300_76_fu_15188_p3    |    select|   0|  0|   33|           1|          31|
    |select_ln300_78_fu_15322_p3    |    select|   0|  0|   33|           1|          31|
    |select_ln300_8_fu_8354_p3      |    select|   0|  0|   33|           1|          31|
    |select_ln300_fu_7545_p3        |    select|   0|  0|   33|           1|          31|
    |select_ln301_10_fu_8556_p3     |    select|   0|  0|   33|           1|          31|
    |select_ln301_12_fu_8822_p3     |    select|   0|  0|   33|           1|          31|
    |select_ln301_14_fu_8958_p3     |    select|   0|  0|   33|           1|          31|
    |select_ln301_16_fu_9224_p3     |    select|   0|  0|   33|           1|          31|
    |select_ln301_18_fu_9360_p3     |    select|   0|  0|   33|           1|          31|
    |select_ln301_20_fu_9626_p3     |    select|   0|  0|   33|           1|          31|
    |select_ln301_22_fu_9762_p3     |    select|   0|  0|   33|           1|          31|
    |select_ln301_24_fu_10028_p3    |    select|   0|  0|   33|           1|          31|
    |select_ln301_26_fu_10164_p3    |    select|   0|  0|   33|           1|          31|
    |select_ln301_28_fu_10430_p3    |    select|   0|  0|   33|           1|          31|
    |select_ln301_2_fu_7752_p3      |    select|   0|  0|   33|           1|          31|
    |select_ln301_30_fu_10566_p3    |    select|   0|  0|   33|           1|          31|
    |select_ln301_32_fu_10832_p3    |    select|   0|  0|   33|           1|          31|
    |select_ln301_34_fu_10968_p3    |    select|   0|  0|   33|           1|          31|
    |select_ln301_36_fu_11234_p3    |    select|   0|  0|   33|           1|          31|
    |select_ln301_38_fu_11370_p3    |    select|   0|  0|   33|           1|          31|
    |select_ln301_40_fu_11636_p3    |    select|   0|  0|   33|           1|          31|
    |select_ln301_42_fu_11772_p3    |    select|   0|  0|   33|           1|          31|
    |select_ln301_44_fu_12038_p3    |    select|   0|  0|   33|           1|          31|
    |select_ln301_46_fu_12174_p3    |    select|   0|  0|   33|           1|          31|
    |select_ln301_48_fu_12440_p3    |    select|   0|  0|   33|           1|          31|
    |select_ln301_4_fu_8018_p3      |    select|   0|  0|   33|           1|          31|
    |select_ln301_50_fu_12576_p3    |    select|   0|  0|   33|           1|          31|
    |select_ln301_52_fu_12842_p3    |    select|   0|  0|   33|           1|          31|
    |select_ln301_54_fu_12978_p3    |    select|   0|  0|   33|           1|          31|
    |select_ln301_56_fu_13244_p3    |    select|   0|  0|   33|           1|          31|
    |select_ln301_58_fu_13380_p3    |    select|   0|  0|   33|           1|          31|
    |select_ln301_60_fu_13646_p3    |    select|   0|  0|   33|           1|          31|
    |select_ln301_62_fu_13782_p3    |    select|   0|  0|   33|           1|          31|
    |select_ln301_64_fu_14048_p3    |    select|   0|  0|   33|           1|          31|
    |select_ln301_66_fu_14184_p3    |    select|   0|  0|   33|           1|          31|
    |select_ln301_68_fu_14450_p3    |    select|   0|  0|   33|           1|          31|
    |select_ln301_6_fu_8154_p3      |    select|   0|  0|   33|           1|          31|
    |select_ln301_70_fu_14586_p3    |    select|   0|  0|   33|           1|          31|
    |select_ln301_72_fu_14852_p3    |    select|   0|  0|   33|           1|          31|
    |select_ln301_74_fu_14988_p3    |    select|   0|  0|   33|           1|          31|
    |select_ln301_76_fu_15254_p3    |    select|   0|  0|   33|           1|          31|
    |select_ln301_78_fu_15460_p3    |    select|   0|  0|   33|           1|          31|
    |select_ln301_8_fu_8420_p3      |    select|   0|  0|   33|           1|          31|
    |select_ln301_fu_7616_p3        |    select|   0|  0|   33|           1|          31|
    |select_ln302_10_fu_8622_p3     |    select|   0|  0|   33|           1|          31|
    |select_ln302_12_fu_8690_p3     |    select|   0|  0|   33|           1|          31|
    |select_ln302_14_fu_9024_p3     |    select|   0|  0|   33|           1|          31|
    |select_ln302_16_fu_9092_p3     |    select|   0|  0|   33|           1|          31|
    |select_ln302_18_fu_9426_p3     |    select|   0|  0|   33|           1|          31|
    |select_ln302_20_fu_9494_p3     |    select|   0|  0|   33|           1|          31|
    |select_ln302_22_fu_9828_p3     |    select|   0|  0|   33|           1|          31|
    |select_ln302_24_fu_9896_p3     |    select|   0|  0|   33|           1|          31|
    |select_ln302_26_fu_10230_p3    |    select|   0|  0|   33|           1|          31|
    |select_ln302_28_fu_10298_p3    |    select|   0|  0|   33|           1|          31|
    |select_ln302_2_fu_7818_p3      |    select|   0|  0|   33|           1|          31|
    |select_ln302_30_fu_10632_p3    |    select|   0|  0|   33|           1|          31|
    |select_ln302_32_fu_10700_p3    |    select|   0|  0|   33|           1|          31|
    |select_ln302_34_fu_11034_p3    |    select|   0|  0|   33|           1|          31|
    |select_ln302_36_fu_11102_p3    |    select|   0|  0|   33|           1|          31|
    |select_ln302_38_fu_11436_p3    |    select|   0|  0|   33|           1|          31|
    |select_ln302_40_fu_11504_p3    |    select|   0|  0|   33|           1|          31|
    |select_ln302_42_fu_11838_p3    |    select|   0|  0|   33|           1|          31|
    |select_ln302_44_fu_11906_p3    |    select|   0|  0|   33|           1|          31|
    |select_ln302_46_fu_12240_p3    |    select|   0|  0|   33|           1|          31|
    |select_ln302_48_fu_12308_p3    |    select|   0|  0|   33|           1|          31|
    |select_ln302_4_fu_7886_p3      |    select|   0|  0|   33|           1|          31|
    |select_ln302_50_fu_12642_p3    |    select|   0|  0|   33|           1|          31|
    |select_ln302_52_fu_12710_p3    |    select|   0|  0|   33|           1|          31|
    |select_ln302_54_fu_13044_p3    |    select|   0|  0|   33|           1|          31|
    |select_ln302_56_fu_13112_p3    |    select|   0|  0|   33|           1|          31|
    |select_ln302_58_fu_13446_p3    |    select|   0|  0|   33|           1|          31|
    |select_ln302_60_fu_13514_p3    |    select|   0|  0|   33|           1|          31|
    |select_ln302_62_fu_13848_p3    |    select|   0|  0|   33|           1|          31|
    |select_ln302_64_fu_13916_p3    |    select|   0|  0|   33|           1|          31|
    |select_ln302_66_fu_14250_p3    |    select|   0|  0|   33|           1|          31|
    |select_ln302_68_fu_14318_p3    |    select|   0|  0|   33|           1|          31|
    |select_ln302_6_fu_8220_p3      |    select|   0|  0|   33|           1|          31|
    |select_ln302_70_fu_14652_p3    |    select|   0|  0|   33|           1|          31|
    |select_ln302_72_fu_14720_p3    |    select|   0|  0|   33|           1|          31|
    |select_ln302_74_fu_15054_p3    |    select|   0|  0|   33|           1|          31|
    |select_ln302_76_fu_15122_p3    |    select|   0|  0|   33|           1|          31|
    |select_ln302_78_fu_15422_p3    |    select|   0|  0|   33|           1|          31|
    |select_ln302_8_fu_8288_p3      |    select|   0|  0|   33|           1|          31|
    |select_ln302_fu_7468_p3        |    select|   0|  0|   33|           1|          31|
    |select_ln314_1_fu_17479_p3     |    select|   0|  0|    2|           1|           1|
    |select_ln314_2_fu_17533_p3     |    select|   0|  0|   33|           1|          31|
    |select_ln314_fu_17463_p3       |    select|   0|  0|    2|           1|           1|
    |select_ln324_fu_18684_p3       |    select|   0|  0|   33|           1|          31|
    |select_ln326_1_fu_18853_p3     |    select|   0|  0|    2|           1|           1|
    |select_ln326_2_fu_18911_p3     |    select|   0|  0|   15|           1|          13|
    |select_ln326_fu_18833_p3       |    select|   0|  0|    2|           1|           1|
    |select_ln331_fu_19285_p3       |    select|   0|  0|   33|           1|          31|
    |state_update_2_fu_18691_p3     |    select|   0|  0|   32|           1|          32|
    |val_n_rec_10_fu_8296_p3        |    select|   0|  0|   32|           1|          32|
    |val_n_rec_12_fu_8630_p3        |    select|   0|  0|   32|           1|          32|
    |val_n_rec_14_fu_8698_p3        |    select|   0|  0|   32|           1|          32|
    |val_n_rec_16_fu_9032_p3        |    select|   0|  0|   32|           1|          32|
    |val_n_rec_18_fu_9100_p3        |    select|   0|  0|   32|           1|          32|
    |val_n_rec_20_fu_9434_p3        |    select|   0|  0|   32|           1|          32|
    |val_n_rec_22_fu_9502_p3        |    select|   0|  0|   32|           1|          32|
    |val_n_rec_24_fu_9836_p3        |    select|   0|  0|   32|           1|          32|
    |val_n_rec_26_fu_9904_p3        |    select|   0|  0|   32|           1|          32|
    |val_n_rec_28_fu_10238_p3       |    select|   0|  0|   32|           1|          32|
    |val_n_rec_2_fu_7476_p3         |    select|   0|  0|   32|           1|          32|
    |val_n_rec_30_fu_10306_p3       |    select|   0|  0|   32|           1|          32|
    |val_n_rec_32_fu_10640_p3       |    select|   0|  0|   32|           1|          32|
    |val_n_rec_34_fu_10708_p3       |    select|   0|  0|   32|           1|          32|
    |val_n_rec_36_fu_11042_p3       |    select|   0|  0|   32|           1|          32|
    |val_n_rec_38_fu_11110_p3       |    select|   0|  0|   32|           1|          32|
    |val_n_rec_40_fu_11444_p3       |    select|   0|  0|   32|           1|          32|
    |val_n_rec_42_fu_11512_p3       |    select|   0|  0|   32|           1|          32|
    |val_n_rec_44_fu_11846_p3       |    select|   0|  0|   32|           1|          32|
    |val_n_rec_46_fu_11914_p3       |    select|   0|  0|   32|           1|          32|
    |val_n_rec_48_fu_12248_p3       |    select|   0|  0|   32|           1|          32|
    |val_n_rec_4_fu_7826_p3         |    select|   0|  0|   32|           1|          32|
    |val_n_rec_50_fu_12316_p3       |    select|   0|  0|   32|           1|          32|
    |val_n_rec_52_fu_12650_p3       |    select|   0|  0|   32|           1|          32|
    |val_n_rec_54_fu_12718_p3       |    select|   0|  0|   32|           1|          32|
    |val_n_rec_56_fu_13052_p3       |    select|   0|  0|   32|           1|          32|
    |val_n_rec_58_fu_13120_p3       |    select|   0|  0|   32|           1|          32|
    |val_n_rec_60_fu_13454_p3       |    select|   0|  0|   32|           1|          32|
    |val_n_rec_62_fu_13522_p3       |    select|   0|  0|   32|           1|          32|
    |val_n_rec_64_fu_13856_p3       |    select|   0|  0|   32|           1|          32|
    |val_n_rec_66_fu_13924_p3       |    select|   0|  0|   32|           1|          32|
    |val_n_rec_68_fu_14258_p3       |    select|   0|  0|   32|           1|          32|
    |val_n_rec_6_fu_7894_p3         |    select|   0|  0|   32|           1|          32|
    |val_n_rec_70_fu_14326_p3       |    select|   0|  0|   32|           1|          32|
    |val_n_rec_72_fu_14660_p3       |    select|   0|  0|   32|           1|          32|
    |val_n_rec_74_fu_14728_p3       |    select|   0|  0|   32|           1|          32|
    |val_n_rec_76_fu_15062_p3       |    select|   0|  0|   32|           1|          32|
    |val_n_rec_78_fu_15130_p3       |    select|   0|  0|   32|           1|          32|
    |val_n_rec_80_fu_15430_p3       |    select|   0|  0|   32|           1|          32|
    |val_n_rec_8_fu_8228_p3         |    select|   0|  0|   32|           1|          32|
    |val_r_10_fu_8362_p3            |    select|   0|  0|   32|           1|          32|
    |val_r_12_fu_8496_p3            |    select|   0|  0|   32|           1|          32|
    |val_r_14_fu_8764_p3            |    select|   0|  0|   32|           1|          32|
    |val_r_16_fu_8898_p3            |    select|   0|  0|   32|           1|          32|
    |val_r_18_fu_9166_p3            |    select|   0|  0|   32|           1|          32|
    |val_r_20_fu_9300_p3            |    select|   0|  0|   32|           1|          32|
    |val_r_22_fu_9568_p3            |    select|   0|  0|   32|           1|          32|
    |val_r_24_fu_9702_p3            |    select|   0|  0|   32|           1|          32|
    |val_r_26_fu_9970_p3            |    select|   0|  0|   32|           1|          32|
    |val_r_28_fu_10104_p3           |    select|   0|  0|   32|           1|          32|
    |val_r_2_fu_7553_p3             |    select|   0|  0|   32|           1|          32|
    |val_r_30_fu_10372_p3           |    select|   0|  0|   32|           1|          32|
    |val_r_32_fu_10506_p3           |    select|   0|  0|   32|           1|          32|
    |val_r_34_fu_10774_p3           |    select|   0|  0|   32|           1|          32|
    |val_r_36_fu_10908_p3           |    select|   0|  0|   32|           1|          32|
    |val_r_38_fu_11176_p3           |    select|   0|  0|   32|           1|          32|
    |val_r_40_fu_11310_p3           |    select|   0|  0|   32|           1|          32|
    |val_r_42_fu_11578_p3           |    select|   0|  0|   32|           1|          32|
    |val_r_44_fu_11712_p3           |    select|   0|  0|   32|           1|          32|
    |val_r_46_fu_11980_p3           |    select|   0|  0|   32|           1|          32|
    |val_r_48_fu_12114_p3           |    select|   0|  0|   32|           1|          32|
    |val_r_4_fu_7692_p3             |    select|   0|  0|   32|           1|          32|
    |val_r_50_fu_12382_p3           |    select|   0|  0|   32|           1|          32|
    |val_r_52_fu_12516_p3           |    select|   0|  0|   32|           1|          32|
    |val_r_54_fu_12784_p3           |    select|   0|  0|   32|           1|          32|
    |val_r_56_fu_12918_p3           |    select|   0|  0|   32|           1|          32|
    |val_r_58_fu_13186_p3           |    select|   0|  0|   32|           1|          32|
    |val_r_60_fu_13320_p3           |    select|   0|  0|   32|           1|          32|
    |val_r_62_fu_13588_p3           |    select|   0|  0|   32|           1|          32|
    |val_r_64_fu_13722_p3           |    select|   0|  0|   32|           1|          32|
    |val_r_66_fu_13990_p3           |    select|   0|  0|   32|           1|          32|
    |val_r_68_fu_14124_p3           |    select|   0|  0|   32|           1|          32|
    |val_r_6_fu_7960_p3             |    select|   0|  0|   32|           1|          32|
    |val_r_70_fu_14392_p3           |    select|   0|  0|   32|           1|          32|
    |val_r_72_fu_14526_p3           |    select|   0|  0|   32|           1|          32|
    |val_r_74_fu_14794_p3           |    select|   0|  0|   32|           1|          32|
    |val_r_76_fu_14928_p3           |    select|   0|  0|   32|           1|          32|
    |val_r_78_fu_15196_p3           |    select|   0|  0|   32|           1|          32|
    |val_r_80_fu_15330_p3           |    select|   0|  0|   32|           1|          32|
    |val_r_8_fu_8094_p3             |    select|   0|  0|   32|           1|          32|
    |val_z_10_fu_8428_p3            |    select|   0|  0|   32|           1|          32|
    |val_z_12_fu_8564_p3            |    select|   0|  0|   32|           1|          32|
    |val_z_14_fu_8830_p3            |    select|   0|  0|   32|           1|          32|
    |val_z_16_fu_8966_p3            |    select|   0|  0|   32|           1|          32|
    |val_z_18_fu_9232_p3            |    select|   0|  0|   32|           1|          32|
    |val_z_20_fu_9368_p3            |    select|   0|  0|   32|           1|          32|
    |val_z_22_fu_9634_p3            |    select|   0|  0|   32|           1|          32|
    |val_z_24_fu_9770_p3            |    select|   0|  0|   32|           1|          32|
    |val_z_26_fu_10036_p3           |    select|   0|  0|   32|           1|          32|
    |val_z_28_fu_10172_p3           |    select|   0|  0|   32|           1|          32|
    |val_z_2_fu_7624_p3             |    select|   0|  0|   32|           1|          32|
    |val_z_30_fu_10438_p3           |    select|   0|  0|   32|           1|          32|
    |val_z_32_fu_10574_p3           |    select|   0|  0|   32|           1|          32|
    |val_z_34_fu_10840_p3           |    select|   0|  0|   32|           1|          32|
    |val_z_36_fu_10976_p3           |    select|   0|  0|   32|           1|          32|
    |val_z_38_fu_11242_p3           |    select|   0|  0|   32|           1|          32|
    |val_z_40_fu_11378_p3           |    select|   0|  0|   32|           1|          32|
    |val_z_42_fu_11644_p3           |    select|   0|  0|   32|           1|          32|
    |val_z_44_fu_11780_p3           |    select|   0|  0|   32|           1|          32|
    |val_z_46_fu_12046_p3           |    select|   0|  0|   32|           1|          32|
    |val_z_48_fu_12182_p3           |    select|   0|  0|   32|           1|          32|
    |val_z_4_fu_7760_p3             |    select|   0|  0|   32|           1|          32|
    |val_z_50_fu_12448_p3           |    select|   0|  0|   32|           1|          32|
    |val_z_52_fu_12584_p3           |    select|   0|  0|   32|           1|          32|
    |val_z_54_fu_12850_p3           |    select|   0|  0|   32|           1|          32|
    |val_z_56_fu_12986_p3           |    select|   0|  0|   32|           1|          32|
    |val_z_58_fu_13252_p3           |    select|   0|  0|   32|           1|          32|
    |val_z_60_fu_13388_p3           |    select|   0|  0|   32|           1|          32|
    |val_z_62_fu_13654_p3           |    select|   0|  0|   32|           1|          32|
    |val_z_64_fu_13790_p3           |    select|   0|  0|   32|           1|          32|
    |val_z_66_fu_14056_p3           |    select|   0|  0|   32|           1|          32|
    |val_z_68_fu_14192_p3           |    select|   0|  0|   32|           1|          32|
    |val_z_6_fu_8026_p3             |    select|   0|  0|   32|           1|          32|
    |val_z_70_fu_14458_p3           |    select|   0|  0|   32|           1|          32|
    |val_z_72_fu_14594_p3           |    select|   0|  0|   32|           1|          32|
    |val_z_74_fu_14860_p3           |    select|   0|  0|   32|           1|          32|
    |val_z_76_fu_14996_p3           |    select|   0|  0|   32|           1|          32|
    |val_z_78_fu_15262_p3           |    select|   0|  0|   32|           1|          32|
    |val_z_80_fu_15468_p3           |    select|   0|  0|   32|           1|          32|
    |val_z_8_fu_8162_p3             |    select|   0|  0|   32|           1|          32|
    |y_2_fu_16244_p3                |    select|   0|  0|   32|           1|          32|
    |y_5_fu_16786_p3                |    select|   0|  0|   32|           1|          32|
    |y_8_fu_17934_p3                |    select|   0|  0|   32|           1|          32|
    |y_acc_2_fu_19293_p3            |    select|   0|  0|   32|           1|          32|
    |ap_enable_pp0                  |       xor|   0|  0|    2|           1|           2|
    |xor_ln149_1_fu_15880_p2        |       xor|   0|  0|    2|           1|           2|
    |xor_ln149_2_fu_17624_p2        |       xor|   0|  0|    2|           1|           2|
    |xor_ln149_fu_15634_p2          |       xor|   0|  0|    2|           1|           2|
    |xor_ln150_1_fu_15614_p2        |       xor|   0|  0|    2|           1|           1|
    |xor_ln150_2_fu_15853_p2        |       xor|   0|  0|    2|           1|           2|
    |xor_ln150_3_fu_15863_p2        |       xor|   0|  0|    2|           1|           1|
    |xor_ln150_4_fu_17592_p2        |       xor|   0|  0|    2|           1|           2|
    |xor_ln150_5_fu_17604_p2        |       xor|   0|  0|    2|           1|           1|
    |xor_ln150_fu_15602_p2          |       xor|   0|  0|    2|           1|           2|
    |xor_ln153_1_fu_17193_p2        |       xor|   0|  0|    2|           1|           2|
    |xor_ln153_2_fu_18166_p2        |       xor|   0|  0|    2|           1|           2|
    |xor_ln153_fu_16654_p2          |       xor|   0|  0|    2|           1|           2|
    |xor_ln170_10_fu_16568_p2       |       xor|   0|  0|    2|           1|           1|
    |xor_ln170_11_fu_16604_p2       |       xor|   0|  0|    2|           1|           2|
    |xor_ln170_12_fu_17843_p2       |       xor|   0|  0|    2|           1|           2|
    |xor_ln170_13_fu_17855_p2       |       xor|   0|  0|    2|           1|           2|
    |xor_ln170_14_fu_17867_p2       |       xor|   0|  0|    2|           1|           1|
    |xor_ln170_15_fu_17879_p2       |       xor|   0|  0|    2|           1|           2|
    |xor_ln170_16_fu_17873_p2       |       xor|   0|  0|    2|           1|           1|
    |xor_ln170_17_fu_17909_p2       |       xor|   0|  0|    2|           1|           2|
    |xor_ln170_1_fu_16145_p2        |       xor|   0|  0|    2|           1|           2|
    |xor_ln170_2_fu_16157_p2        |       xor|   0|  0|    2|           1|           1|
    |xor_ln170_3_fu_16169_p2        |       xor|   0|  0|    2|           1|           2|
    |xor_ln170_4_fu_16163_p2        |       xor|   0|  0|    2|           1|           1|
    |xor_ln170_5_fu_16199_p2        |       xor|   0|  0|    2|           1|           2|
    |xor_ln170_6_fu_16538_p2        |       xor|   0|  0|    2|           1|           2|
    |xor_ln170_7_fu_16550_p2        |       xor|   0|  0|    2|           1|           2|
    |xor_ln170_8_fu_16562_p2        |       xor|   0|  0|    2|           1|           1|
    |xor_ln170_9_fu_16574_p2        |       xor|   0|  0|    2|           1|           2|
    |xor_ln170_fu_16133_p2          |       xor|   0|  0|    2|           1|           2|
    |xor_ln171_10_fu_18022_p2       |       xor|   0|  0|    2|           1|           2|
    |xor_ln171_11_fu_18084_p2       |       xor|   0|  0|    2|           1|           2|
    |xor_ln171_12_fu_18104_p2       |       xor|   0|  0|    2|           1|           2|
    |xor_ln171_13_fu_18116_p2       |       xor|   0|  0|    2|           1|           2|
    |xor_ln171_14_fu_18143_p2       |       xor|   0|  0|    2|           1|           2|
    |xor_ln171_1_fu_16394_p2        |       xor|   0|  0|    2|           1|           2|
    |xor_ln171_2_fu_16414_p2        |       xor|   0|  0|    2|           1|           2|
    |xor_ln171_3_fu_16426_p2        |       xor|   0|  0|    2|           1|           2|
    |xor_ln171_4_fu_16631_p2        |       xor|   0|  0|    2|           1|           2|
    |xor_ln171_5_fu_16874_p2        |       xor|   0|  0|    2|           1|           2|
    |xor_ln171_6_fu_16936_p2        |       xor|   0|  0|    2|           1|           2|
    |xor_ln171_7_fu_16956_p2        |       xor|   0|  0|    2|           1|           2|
    |xor_ln171_8_fu_16968_p2        |       xor|   0|  0|    2|           1|           2|
    |xor_ln171_9_fu_17170_p2        |       xor|   0|  0|    2|           1|           2|
    |xor_ln171_fu_16332_p2          |       xor|   0|  0|    2|           1|           2|
    |xor_ln173_1_fu_16733_p2        |       xor|   0|  0|    2|           1|           1|
    |xor_ln173_2_fu_17260_p2        |       xor|   0|  0|    2|           1|           2|
    |xor_ln173_3_fu_17272_p2        |       xor|   0|  0|    2|           1|           1|
    |xor_ln173_4_fu_18233_p2        |       xor|   0|  0|    2|           1|           2|
    |xor_ln173_5_fu_18245_p2        |       xor|   0|  0|    2|           1|           1|
    |xor_ln173_fu_16721_p2          |       xor|   0|  0|    2|           1|           2|
    |xor_ln181_1_fu_15533_p2        |       xor|   0|  0|    2|           1|           1|
    |xor_ln181_2_fu_15538_p2        |       xor|   0|  0|    2|           1|           2|
    |xor_ln181_3_fu_15698_p2        |       xor|   0|  0|    2|           1|           2|
    |xor_ln181_4_fu_15710_p2        |       xor|   0|  0|    2|           1|           1|
    |xor_ln181_5_fu_15716_p2        |       xor|   0|  0|    2|           1|           2|
    |xor_ln181_fu_15522_p2          |       xor|   0|  0|    2|           1|           2|
    |xor_ln183_10_fu_18396_p2       |       xor|   0|  0|    2|           1|           1|
    |xor_ln183_11_fu_18432_p2       |       xor|   0|  0|    2|           1|           2|
    |xor_ln183_1_fu_17073_p2        |       xor|   0|  0|    2|           1|           2|
    |xor_ln183_2_fu_17085_p2        |       xor|   0|  0|    2|           1|           1|
    |xor_ln183_3_fu_17097_p2        |       xor|   0|  0|    2|           1|           2|
    |xor_ln183_4_fu_17091_p2        |       xor|   0|  0|    2|           1|           1|
    |xor_ln183_5_fu_17127_p2        |       xor|   0|  0|    2|           1|           2|
    |xor_ln183_6_fu_18366_p2        |       xor|   0|  0|    2|           1|           2|
    |xor_ln183_7_fu_18378_p2        |       xor|   0|  0|    2|           1|           2|
    |xor_ln183_8_fu_18390_p2        |       xor|   0|  0|    2|           1|           1|
    |xor_ln183_9_fu_18402_p2        |       xor|   0|  0|    2|           1|           2|
    |xor_ln183_fu_17061_p2          |       xor|   0|  0|    2|           1|           2|
    |xor_ln300_10_fu_8470_p2        |       xor|   0|  0|    2|           1|           2|
    |xor_ln300_11_fu_8482_p2        |       xor|   0|  0|    2|           1|           1|
    |xor_ln300_12_fu_8738_p2        |       xor|   0|  0|    2|           1|           2|
    |xor_ln300_13_fu_8750_p2        |       xor|   0|  0|    2|           1|           1|
    |xor_ln300_14_fu_8872_p2        |       xor|   0|  0|    2|           1|           2|
    |xor_ln300_15_fu_8884_p2        |       xor|   0|  0|    2|           1|           1|
    |xor_ln300_16_fu_9140_p2        |       xor|   0|  0|    2|           1|           2|
    |xor_ln300_17_fu_9152_p2        |       xor|   0|  0|    2|           1|           1|
    |xor_ln300_18_fu_9274_p2        |       xor|   0|  0|    2|           1|           2|
    |xor_ln300_19_fu_9286_p2        |       xor|   0|  0|    2|           1|           1|
    |xor_ln300_1_fu_7539_p2         |       xor|   0|  0|    2|           1|           1|
    |xor_ln300_20_fu_9542_p2        |       xor|   0|  0|    2|           1|           2|
    |xor_ln300_21_fu_9554_p2        |       xor|   0|  0|    2|           1|           1|
    |xor_ln300_22_fu_9676_p2        |       xor|   0|  0|    2|           1|           2|
    |xor_ln300_23_fu_9688_p2        |       xor|   0|  0|    2|           1|           1|
    |xor_ln300_24_fu_9944_p2        |       xor|   0|  0|    2|           1|           2|
    |xor_ln300_25_fu_9956_p2        |       xor|   0|  0|    2|           1|           1|
    |xor_ln300_26_fu_10078_p2       |       xor|   0|  0|    2|           1|           2|
    |xor_ln300_27_fu_10090_p2       |       xor|   0|  0|    2|           1|           1|
    |xor_ln300_28_fu_10346_p2       |       xor|   0|  0|    2|           1|           2|
    |xor_ln300_29_fu_10358_p2       |       xor|   0|  0|    2|           1|           1|
    |xor_ln300_2_fu_7666_p2         |       xor|   0|  0|    2|           1|           2|
    |xor_ln300_30_fu_10480_p2       |       xor|   0|  0|    2|           1|           2|
    |xor_ln300_31_fu_10492_p2       |       xor|   0|  0|    2|           1|           1|
    |xor_ln300_32_fu_10748_p2       |       xor|   0|  0|    2|           1|           2|
    |xor_ln300_33_fu_10760_p2       |       xor|   0|  0|    2|           1|           1|
    |xor_ln300_34_fu_10882_p2       |       xor|   0|  0|    2|           1|           2|
    |xor_ln300_35_fu_10894_p2       |       xor|   0|  0|    2|           1|           1|
    |xor_ln300_36_fu_11150_p2       |       xor|   0|  0|    2|           1|           2|
    |xor_ln300_37_fu_11162_p2       |       xor|   0|  0|    2|           1|           1|
    |xor_ln300_38_fu_11284_p2       |       xor|   0|  0|    2|           1|           2|
    |xor_ln300_39_fu_11296_p2       |       xor|   0|  0|    2|           1|           1|
    |xor_ln300_3_fu_7678_p2         |       xor|   0|  0|    2|           1|           1|
    |xor_ln300_40_fu_11552_p2       |       xor|   0|  0|    2|           1|           2|
    |xor_ln300_41_fu_11564_p2       |       xor|   0|  0|    2|           1|           1|
    |xor_ln300_42_fu_11686_p2       |       xor|   0|  0|    2|           1|           2|
    |xor_ln300_43_fu_11698_p2       |       xor|   0|  0|    2|           1|           1|
    |xor_ln300_44_fu_11954_p2       |       xor|   0|  0|    2|           1|           2|
    |xor_ln300_45_fu_11966_p2       |       xor|   0|  0|    2|           1|           1|
    |xor_ln300_46_fu_12088_p2       |       xor|   0|  0|    2|           1|           2|
    |xor_ln300_47_fu_12100_p2       |       xor|   0|  0|    2|           1|           1|
    |xor_ln300_48_fu_12356_p2       |       xor|   0|  0|    2|           1|           2|
    |xor_ln300_49_fu_12368_p2       |       xor|   0|  0|    2|           1|           1|
    |xor_ln300_4_fu_7934_p2         |       xor|   0|  0|    2|           1|           2|
    |xor_ln300_50_fu_12490_p2       |       xor|   0|  0|    2|           1|           2|
    |xor_ln300_51_fu_12502_p2       |       xor|   0|  0|    2|           1|           1|
    |xor_ln300_52_fu_12758_p2       |       xor|   0|  0|    2|           1|           2|
    |xor_ln300_53_fu_12770_p2       |       xor|   0|  0|    2|           1|           1|
    |xor_ln300_54_fu_12892_p2       |       xor|   0|  0|    2|           1|           2|
    |xor_ln300_55_fu_12904_p2       |       xor|   0|  0|    2|           1|           1|
    |xor_ln300_56_fu_13160_p2       |       xor|   0|  0|    2|           1|           2|
    |xor_ln300_57_fu_13172_p2       |       xor|   0|  0|    2|           1|           1|
    |xor_ln300_58_fu_13294_p2       |       xor|   0|  0|    2|           1|           2|
    |xor_ln300_59_fu_13306_p2       |       xor|   0|  0|    2|           1|           1|
    |xor_ln300_5_fu_7946_p2         |       xor|   0|  0|    2|           1|           1|
    |xor_ln300_60_fu_13562_p2       |       xor|   0|  0|    2|           1|           2|
    |xor_ln300_61_fu_13574_p2       |       xor|   0|  0|    2|           1|           1|
    |xor_ln300_62_fu_13696_p2       |       xor|   0|  0|    2|           1|           2|
    |xor_ln300_63_fu_13708_p2       |       xor|   0|  0|    2|           1|           1|
    |xor_ln300_64_fu_13964_p2       |       xor|   0|  0|    2|           1|           2|
    |xor_ln300_65_fu_13976_p2       |       xor|   0|  0|    2|           1|           1|
    |xor_ln300_66_fu_14098_p2       |       xor|   0|  0|    2|           1|           2|
    |xor_ln300_67_fu_14110_p2       |       xor|   0|  0|    2|           1|           1|
    |xor_ln300_68_fu_14366_p2       |       xor|   0|  0|    2|           1|           2|
    |xor_ln300_69_fu_14378_p2       |       xor|   0|  0|    2|           1|           1|
    |xor_ln300_6_fu_8068_p2         |       xor|   0|  0|    2|           1|           2|
    |xor_ln300_70_fu_14500_p2       |       xor|   0|  0|    2|           1|           2|
    |xor_ln300_71_fu_14512_p2       |       xor|   0|  0|    2|           1|           1|
    |xor_ln300_72_fu_14768_p2       |       xor|   0|  0|    2|           1|           2|
    |xor_ln300_73_fu_14780_p2       |       xor|   0|  0|    2|           1|           1|
    |xor_ln300_74_fu_14902_p2       |       xor|   0|  0|    2|           1|           2|
    |xor_ln300_75_fu_14914_p2       |       xor|   0|  0|    2|           1|           1|
    |xor_ln300_76_fu_15170_p2       |       xor|   0|  0|    2|           1|           2|
    |xor_ln300_77_fu_15182_p2       |       xor|   0|  0|    2|           1|           1|
    |xor_ln300_78_fu_15304_p2       |       xor|   0|  0|    2|           1|           2|
    |xor_ln300_79_fu_15316_p2       |       xor|   0|  0|    2|           1|           1|
    |xor_ln300_7_fu_8080_p2         |       xor|   0|  0|    2|           1|           1|
    |xor_ln300_8_fu_8336_p2         |       xor|   0|  0|    2|           1|           2|
    |xor_ln300_9_fu_8348_p2         |       xor|   0|  0|    2|           1|           1|
    |xor_ln300_fu_7527_p2           |       xor|   0|  0|    2|           1|           2|
    |xor_ln301_10_fu_8538_p2        |       xor|   0|  0|    2|           1|           2|
    |xor_ln301_11_fu_8550_p2        |       xor|   0|  0|    2|           1|           1|
    |xor_ln301_12_fu_8804_p2        |       xor|   0|  0|    2|           1|           2|
    |xor_ln301_13_fu_8816_p2        |       xor|   0|  0|    2|           1|           1|
    |xor_ln301_14_fu_8940_p2        |       xor|   0|  0|    2|           1|           2|
    |xor_ln301_15_fu_8952_p2        |       xor|   0|  0|    2|           1|           1|
    |xor_ln301_16_fu_9206_p2        |       xor|   0|  0|    2|           1|           2|
    |xor_ln301_17_fu_9218_p2        |       xor|   0|  0|    2|           1|           1|
    |xor_ln301_18_fu_9342_p2        |       xor|   0|  0|    2|           1|           2|
    |xor_ln301_19_fu_9354_p2        |       xor|   0|  0|    2|           1|           1|
    |xor_ln301_1_fu_7610_p2         |       xor|   0|  0|    2|           1|           1|
    |xor_ln301_20_fu_9608_p2        |       xor|   0|  0|    2|           1|           2|
    |xor_ln301_21_fu_9620_p2        |       xor|   0|  0|    2|           1|           1|
    |xor_ln301_22_fu_9744_p2        |       xor|   0|  0|    2|           1|           2|
    |xor_ln301_23_fu_9756_p2        |       xor|   0|  0|    2|           1|           1|
    |xor_ln301_24_fu_10010_p2       |       xor|   0|  0|    2|           1|           2|
    |xor_ln301_25_fu_10022_p2       |       xor|   0|  0|    2|           1|           1|
    |xor_ln301_26_fu_10146_p2       |       xor|   0|  0|    2|           1|           2|
    |xor_ln301_27_fu_10158_p2       |       xor|   0|  0|    2|           1|           1|
    |xor_ln301_28_fu_10412_p2       |       xor|   0|  0|    2|           1|           2|
    |xor_ln301_29_fu_10424_p2       |       xor|   0|  0|    2|           1|           1|
    |xor_ln301_2_fu_7734_p2         |       xor|   0|  0|    2|           1|           2|
    |xor_ln301_30_fu_10548_p2       |       xor|   0|  0|    2|           1|           2|
    |xor_ln301_31_fu_10560_p2       |       xor|   0|  0|    2|           1|           1|
    |xor_ln301_32_fu_10814_p2       |       xor|   0|  0|    2|           1|           2|
    |xor_ln301_33_fu_10826_p2       |       xor|   0|  0|    2|           1|           1|
    |xor_ln301_34_fu_10950_p2       |       xor|   0|  0|    2|           1|           2|
    |xor_ln301_35_fu_10962_p2       |       xor|   0|  0|    2|           1|           1|
    |xor_ln301_36_fu_11216_p2       |       xor|   0|  0|    2|           1|           2|
    |xor_ln301_37_fu_11228_p2       |       xor|   0|  0|    2|           1|           1|
    |xor_ln301_38_fu_11352_p2       |       xor|   0|  0|    2|           1|           2|
    |xor_ln301_39_fu_11364_p2       |       xor|   0|  0|    2|           1|           1|
    |xor_ln301_3_fu_7746_p2         |       xor|   0|  0|    2|           1|           1|
    |xor_ln301_40_fu_11618_p2       |       xor|   0|  0|    2|           1|           2|
    |xor_ln301_41_fu_11630_p2       |       xor|   0|  0|    2|           1|           1|
    |xor_ln301_42_fu_11754_p2       |       xor|   0|  0|    2|           1|           2|
    |xor_ln301_43_fu_11766_p2       |       xor|   0|  0|    2|           1|           1|
    |xor_ln301_44_fu_12020_p2       |       xor|   0|  0|    2|           1|           2|
    |xor_ln301_45_fu_12032_p2       |       xor|   0|  0|    2|           1|           1|
    |xor_ln301_46_fu_12156_p2       |       xor|   0|  0|    2|           1|           2|
    |xor_ln301_47_fu_12168_p2       |       xor|   0|  0|    2|           1|           1|
    |xor_ln301_48_fu_12422_p2       |       xor|   0|  0|    2|           1|           2|
    |xor_ln301_49_fu_12434_p2       |       xor|   0|  0|    2|           1|           1|
    |xor_ln301_4_fu_8000_p2         |       xor|   0|  0|    2|           1|           2|
    |xor_ln301_50_fu_12558_p2       |       xor|   0|  0|    2|           1|           2|
    |xor_ln301_51_fu_12570_p2       |       xor|   0|  0|    2|           1|           1|
    |xor_ln301_52_fu_12824_p2       |       xor|   0|  0|    2|           1|           2|
    |xor_ln301_53_fu_12836_p2       |       xor|   0|  0|    2|           1|           1|
    |xor_ln301_54_fu_12960_p2       |       xor|   0|  0|    2|           1|           2|
    |xor_ln301_55_fu_12972_p2       |       xor|   0|  0|    2|           1|           1|
    |xor_ln301_56_fu_13226_p2       |       xor|   0|  0|    2|           1|           2|
    |xor_ln301_57_fu_13238_p2       |       xor|   0|  0|    2|           1|           1|
    |xor_ln301_58_fu_13362_p2       |       xor|   0|  0|    2|           1|           2|
    |xor_ln301_59_fu_13374_p2       |       xor|   0|  0|    2|           1|           1|
    |xor_ln301_5_fu_8012_p2         |       xor|   0|  0|    2|           1|           1|
    |xor_ln301_60_fu_13628_p2       |       xor|   0|  0|    2|           1|           2|
    |xor_ln301_61_fu_13640_p2       |       xor|   0|  0|    2|           1|           1|
    |xor_ln301_62_fu_13764_p2       |       xor|   0|  0|    2|           1|           2|
    |xor_ln301_63_fu_13776_p2       |       xor|   0|  0|    2|           1|           1|
    |xor_ln301_64_fu_14030_p2       |       xor|   0|  0|    2|           1|           2|
    |xor_ln301_65_fu_14042_p2       |       xor|   0|  0|    2|           1|           1|
    |xor_ln301_66_fu_14166_p2       |       xor|   0|  0|    2|           1|           2|
    |xor_ln301_67_fu_14178_p2       |       xor|   0|  0|    2|           1|           1|
    |xor_ln301_68_fu_14432_p2       |       xor|   0|  0|    2|           1|           2|
    |xor_ln301_69_fu_14444_p2       |       xor|   0|  0|    2|           1|           1|
    |xor_ln301_6_fu_8136_p2         |       xor|   0|  0|    2|           1|           2|
    |xor_ln301_70_fu_14568_p2       |       xor|   0|  0|    2|           1|           2|
    |xor_ln301_71_fu_14580_p2       |       xor|   0|  0|    2|           1|           1|
    |xor_ln301_72_fu_14834_p2       |       xor|   0|  0|    2|           1|           2|
    |xor_ln301_73_fu_14846_p2       |       xor|   0|  0|    2|           1|           1|
    |xor_ln301_74_fu_14970_p2       |       xor|   0|  0|    2|           1|           2|
    |xor_ln301_75_fu_14982_p2       |       xor|   0|  0|    2|           1|           1|
    |xor_ln301_76_fu_15236_p2       |       xor|   0|  0|    2|           1|           2|
    |xor_ln301_77_fu_15248_p2       |       xor|   0|  0|    2|           1|           1|
    |xor_ln301_78_fu_15446_p2       |       xor|   0|  0|    2|           1|           2|
    |xor_ln301_79_fu_15456_p2       |       xor|   0|  0|    2|           1|           1|
    |xor_ln301_7_fu_8148_p2         |       xor|   0|  0|    2|           1|           1|
    |xor_ln301_8_fu_8402_p2         |       xor|   0|  0|    2|           1|           2|
    |xor_ln301_9_fu_8414_p2         |       xor|   0|  0|    2|           1|           1|
    |xor_ln301_fu_7598_p2           |       xor|   0|  0|    2|           1|           2|
    |xor_ln302_10_fu_8604_p2        |       xor|   0|  0|    2|           1|           2|
    |xor_ln302_11_fu_8616_p2        |       xor|   0|  0|    2|           1|           1|
    |xor_ln302_12_fu_8672_p2        |       xor|   0|  0|    2|           1|           2|
    |xor_ln302_13_fu_8684_p2        |       xor|   0|  0|    2|           1|           1|
    |xor_ln302_14_fu_9006_p2        |       xor|   0|  0|    2|           1|           2|
    |xor_ln302_15_fu_9018_p2        |       xor|   0|  0|    2|           1|           1|
    |xor_ln302_16_fu_9074_p2        |       xor|   0|  0|    2|           1|           2|
    |xor_ln302_17_fu_9086_p2        |       xor|   0|  0|    2|           1|           1|
    |xor_ln302_18_fu_9408_p2        |       xor|   0|  0|    2|           1|           2|
    |xor_ln302_19_fu_9420_p2        |       xor|   0|  0|    2|           1|           1|
    |xor_ln302_1_fu_7462_p2         |       xor|   0|  0|    2|           1|           1|
    |xor_ln302_20_fu_9476_p2        |       xor|   0|  0|    2|           1|           2|
    |xor_ln302_21_fu_9488_p2        |       xor|   0|  0|    2|           1|           1|
    |xor_ln302_22_fu_9810_p2        |       xor|   0|  0|    2|           1|           2|
    |xor_ln302_23_fu_9822_p2        |       xor|   0|  0|    2|           1|           1|
    |xor_ln302_24_fu_9878_p2        |       xor|   0|  0|    2|           1|           2|
    |xor_ln302_25_fu_9890_p2        |       xor|   0|  0|    2|           1|           1|
    |xor_ln302_26_fu_10212_p2       |       xor|   0|  0|    2|           1|           2|
    |xor_ln302_27_fu_10224_p2       |       xor|   0|  0|    2|           1|           1|
    |xor_ln302_28_fu_10280_p2       |       xor|   0|  0|    2|           1|           2|
    |xor_ln302_29_fu_10292_p2       |       xor|   0|  0|    2|           1|           1|
    |xor_ln302_2_fu_7800_p2         |       xor|   0|  0|    2|           1|           2|
    |xor_ln302_30_fu_10614_p2       |       xor|   0|  0|    2|           1|           2|
    |xor_ln302_31_fu_10626_p2       |       xor|   0|  0|    2|           1|           1|
    |xor_ln302_32_fu_10682_p2       |       xor|   0|  0|    2|           1|           2|
    |xor_ln302_33_fu_10694_p2       |       xor|   0|  0|    2|           1|           1|
    |xor_ln302_34_fu_11016_p2       |       xor|   0|  0|    2|           1|           2|
    |xor_ln302_35_fu_11028_p2       |       xor|   0|  0|    2|           1|           1|
    |xor_ln302_36_fu_11084_p2       |       xor|   0|  0|    2|           1|           2|
    |xor_ln302_37_fu_11096_p2       |       xor|   0|  0|    2|           1|           1|
    |xor_ln302_38_fu_11418_p2       |       xor|   0|  0|    2|           1|           2|
    |xor_ln302_39_fu_11430_p2       |       xor|   0|  0|    2|           1|           1|
    |xor_ln302_3_fu_7812_p2         |       xor|   0|  0|    2|           1|           1|
    |xor_ln302_40_fu_11486_p2       |       xor|   0|  0|    2|           1|           2|
    |xor_ln302_41_fu_11498_p2       |       xor|   0|  0|    2|           1|           1|
    |xor_ln302_42_fu_11820_p2       |       xor|   0|  0|    2|           1|           2|
    |xor_ln302_43_fu_11832_p2       |       xor|   0|  0|    2|           1|           1|
    |xor_ln302_44_fu_11888_p2       |       xor|   0|  0|    2|           1|           2|
    |xor_ln302_45_fu_11900_p2       |       xor|   0|  0|    2|           1|           1|
    |xor_ln302_46_fu_12222_p2       |       xor|   0|  0|    2|           1|           2|
    |xor_ln302_47_fu_12234_p2       |       xor|   0|  0|    2|           1|           1|
    |xor_ln302_48_fu_12290_p2       |       xor|   0|  0|    2|           1|           2|
    |xor_ln302_49_fu_12302_p2       |       xor|   0|  0|    2|           1|           1|
    |xor_ln302_4_fu_7868_p2         |       xor|   0|  0|    2|           1|           2|
    |xor_ln302_50_fu_12624_p2       |       xor|   0|  0|    2|           1|           2|
    |xor_ln302_51_fu_12636_p2       |       xor|   0|  0|    2|           1|           1|
    |xor_ln302_52_fu_12692_p2       |       xor|   0|  0|    2|           1|           2|
    |xor_ln302_53_fu_12704_p2       |       xor|   0|  0|    2|           1|           1|
    |xor_ln302_54_fu_13026_p2       |       xor|   0|  0|    2|           1|           2|
    |xor_ln302_55_fu_13038_p2       |       xor|   0|  0|    2|           1|           1|
    |xor_ln302_56_fu_13094_p2       |       xor|   0|  0|    2|           1|           2|
    |xor_ln302_57_fu_13106_p2       |       xor|   0|  0|    2|           1|           1|
    |xor_ln302_58_fu_13428_p2       |       xor|   0|  0|    2|           1|           2|
    |xor_ln302_59_fu_13440_p2       |       xor|   0|  0|    2|           1|           1|
    |xor_ln302_5_fu_7880_p2         |       xor|   0|  0|    2|           1|           1|
    |xor_ln302_60_fu_13496_p2       |       xor|   0|  0|    2|           1|           2|
    |xor_ln302_61_fu_13508_p2       |       xor|   0|  0|    2|           1|           1|
    |xor_ln302_62_fu_13830_p2       |       xor|   0|  0|    2|           1|           2|
    |xor_ln302_63_fu_13842_p2       |       xor|   0|  0|    2|           1|           1|
    |xor_ln302_64_fu_13898_p2       |       xor|   0|  0|    2|           1|           2|
    |xor_ln302_65_fu_13910_p2       |       xor|   0|  0|    2|           1|           1|
    |xor_ln302_66_fu_14232_p2       |       xor|   0|  0|    2|           1|           2|
    |xor_ln302_67_fu_14244_p2       |       xor|   0|  0|    2|           1|           1|
    |xor_ln302_68_fu_14300_p2       |       xor|   0|  0|    2|           1|           2|
    |xor_ln302_69_fu_14312_p2       |       xor|   0|  0|    2|           1|           1|
    |xor_ln302_6_fu_8202_p2         |       xor|   0|  0|    2|           1|           2|
    |xor_ln302_70_fu_14634_p2       |       xor|   0|  0|    2|           1|           2|
    |xor_ln302_71_fu_14646_p2       |       xor|   0|  0|    2|           1|           1|
    |xor_ln302_72_fu_14702_p2       |       xor|   0|  0|    2|           1|           2|
    |xor_ln302_73_fu_14714_p2       |       xor|   0|  0|    2|           1|           1|
    |xor_ln302_74_fu_15036_p2       |       xor|   0|  0|    2|           1|           2|
    |xor_ln302_75_fu_15048_p2       |       xor|   0|  0|    2|           1|           1|
    |xor_ln302_76_fu_15104_p2       |       xor|   0|  0|    2|           1|           2|
    |xor_ln302_77_fu_15116_p2       |       xor|   0|  0|    2|           1|           1|
    |xor_ln302_78_fu_15404_p2       |       xor|   0|  0|    2|           1|           2|
    |xor_ln302_79_fu_15416_p2       |       xor|   0|  0|    2|           1|           1|
    |xor_ln302_7_fu_8214_p2         |       xor|   0|  0|    2|           1|           1|
    |xor_ln302_8_fu_8270_p2         |       xor|   0|  0|    2|           1|           2|
    |xor_ln302_9_fu_8282_p2         |       xor|   0|  0|    2|           1|           1|
    |xor_ln302_fu_7450_p2           |       xor|   0|  0|    2|           1|           2|
    |xor_ln314_1_fu_17468_p2        |       xor|   0|  0|    2|           1|           2|
    |xor_ln314_2_fu_17489_p2        |       xor|   0|  0|    2|           1|           2|
    |xor_ln314_3_fu_17500_p2        |       xor|   0|  0|    2|           1|           2|
    |xor_ln314_4_fu_17522_p2        |       xor|   0|  0|    2|           1|           2|
    |xor_ln314_fu_17422_p2          |       xor|   0|  0|    2|           1|           2|
    |xor_ln324_1_fu_18616_p2        |       xor|   0|  0|    2|           1|           2|
    |xor_ln324_2_fu_18627_p2        |       xor|   0|  0|    2|           1|           1|
    |xor_ln324_3_fu_18637_p2        |       xor|   0|  0|    2|           1|           2|
    |xor_ln324_4_fu_18632_p2        |       xor|   0|  0|    2|           1|           1|
    |xor_ln324_5_fu_18667_p2        |       xor|   0|  0|    2|           1|           2|
    |xor_ln324_fu_18605_p2          |       xor|   0|  0|    2|           1|           2|
    |xor_ln326_1_fu_18841_p2        |       xor|   0|  0|    2|           1|           2|
    |xor_ln326_2_fu_18861_p2        |       xor|   0|  0|    2|           1|           2|
    |xor_ln326_3_fu_18873_p2        |       xor|   0|  0|    2|           1|           2|
    |xor_ln326_4_fu_18900_p2        |       xor|   0|  0|    2|           1|           2|
    |xor_ln326_fu_18779_p2          |       xor|   0|  0|    2|           1|           2|
    |xor_ln331_1_fu_19279_p2        |       xor|   0|  0|    2|           1|           1|
    |xor_ln331_fu_19267_p2          |       xor|   0|  0|    2|           1|           2|
    +-------------------------------+----------+----+---+-----+------------+------------+
    |Total                          |          |   0|  0|20992|        9898|       17940|
    +-------------------------------+----------+----+---+-----+------------+------------+

    * Multiplexer: 
    +---------------------------+----+-----------+-----+-----------+
    |            Name           | LUT| Input Size| Bits| Total Bits|
    +---------------------------+----+-----------+-----+-----------+
    |TANH_TABLE_address0_local  |  14|          3|   11|         33|
    |TANH_TABLE_address1_local  |  14|          3|   11|         33|
    |TANH_TABLE_address2_local  |  14|          3|   11|         33|
    |ap_NS_fsm                  |  14|          3|    1|          3|
    |ap_done_int                |   9|          2|    1|          2|
    |ap_enable_reg_pp0_iter0    |   9|          2|    1|          2|
    |ap_enable_reg_pp0_iter1    |   9|          2|    1|          2|
    |ap_sig_allocacmp_i_1       |   9|          2|    6|         12|
    |grp_fu_5807_p0             |  14|          3|   22|         66|
    |grp_fu_5807_p1             |  14|          3|   20|         60|
    |grp_mac3_fu_2726_h         |  14|          3|   14|         42|
    |grp_mac3_fu_2726_wn        |  14|          3|   14|         42|
    |grp_mac3_fu_2726_wr        |  14|          3|   14|         42|
    |grp_mac3_fu_2726_wz        |  14|          3|   14|         42|
    |grp_mac3_fu_2727_h         |  14|          3|   14|         42|
    |grp_mac3_fu_2727_wn        |  14|          3|   14|         42|
    |grp_mac3_fu_2727_wr        |  14|          3|   14|         42|
    |grp_mac3_fu_2727_wz        |  14|          3|   14|         42|
    |grp_mac3_fu_2728_h         |  14|          3|   14|         42|
    |grp_mac3_fu_2728_wn        |  14|          3|   14|         42|
    |grp_mac3_fu_2728_wr        |  14|          3|   14|         42|
    |grp_mac3_fu_2728_wz        |  14|          3|   14|         42|
    |grp_mac3_fu_2729_h         |  14|          3|   14|         42|
    |grp_mac3_fu_2729_wn        |  14|          3|   14|         42|
    |grp_mac3_fu_2729_wr        |  14|          3|   14|         42|
    |grp_mac3_fu_2729_wz        |  14|          3|   14|         42|
    |grp_mac3_fu_2730_h         |  14|          3|   14|         42|
    |grp_mac3_fu_2730_wn        |  14|          3|   14|         42|
    |grp_mac3_fu_2730_wr        |  14|          3|   14|         42|
    |grp_mac3_fu_2730_wz        |  14|          3|   14|         42|
    |grp_mac3_fu_2731_h         |  14|          3|   14|         42|
    |grp_mac3_fu_2731_wn        |  14|          3|   14|         42|
    |grp_mac3_fu_2731_wr        |  14|          3|   14|         42|
    |grp_mac3_fu_2731_wz        |  14|          3|   14|         42|
    |grp_mac3_fu_2732_h         |  14|          3|   14|         42|
    |grp_mac3_fu_2732_wn        |  14|          3|   14|         42|
    |grp_mac3_fu_2732_wr        |  14|          3|   14|         42|
    |grp_mac3_fu_2732_wz        |  14|          3|   14|         42|
    |grp_mac3_fu_2733_h         |  14|          3|   14|         42|
    |grp_mac3_fu_2733_wn        |  14|          3|   14|         42|
    |grp_mac3_fu_2733_wr        |  14|          3|   14|         42|
    |grp_mac3_fu_2733_wz        |  14|          3|   14|         42|
    |grp_mac3_fu_2734_h         |  14|          3|   14|         42|
    |grp_mac3_fu_2734_wn        |  14|          3|   14|         42|
    |grp_mac3_fu_2734_wr        |  14|          3|   14|         42|
    |grp_mac3_fu_2734_wz        |  14|          3|   14|         42|
    |grp_mac3_fu_2735_h         |  14|          3|   14|         42|
    |grp_mac3_fu_2735_wn        |  14|          3|   14|         42|
    |grp_mac3_fu_2735_wr        |  14|          3|   14|         42|
    |grp_mac3_fu_2735_wz        |  14|          3|   14|         42|
    |grp_mac3_fu_2736_h         |  14|          3|   14|         42|
    |grp_mac3_fu_2736_wn        |  14|          3|   14|         42|
    |grp_mac3_fu_2736_wr        |  14|          3|   14|         42|
    |grp_mac3_fu_2736_wz        |  14|          3|   14|         42|
    |grp_mac3_fu_2737_h         |  14|          3|   14|         42|
    |grp_mac3_fu_2737_wn        |  14|          3|   14|         42|
    |grp_mac3_fu_2737_wr        |  14|          3|   14|         42|
    |grp_mac3_fu_2737_wz        |  14|          3|   14|         42|
    |grp_mac3_fu_2738_h         |  14|          3|   14|         42|
    |grp_mac3_fu_2738_wn        |  14|          3|   14|         42|
    |grp_mac3_fu_2738_wr        |  14|          3|   14|         42|
    |grp_mac3_fu_2738_wz        |  14|          3|   14|         42|
    |grp_mac3_fu_2739_h         |  14|          3|   14|         42|
    |grp_mac3_fu_2739_wn        |  14|          3|   14|         42|
    |grp_mac3_fu_2739_wr        |  14|          3|   14|         42|
    |grp_mac3_fu_2739_wz        |  14|          3|   14|         42|
    |grp_mac3_fu_2740_h         |  14|          3|   14|         42|
    |grp_mac3_fu_2740_wn        |  14|          3|   14|         42|
    |grp_mac3_fu_2740_wr        |  14|          3|   14|         42|
    |grp_mac3_fu_2740_wz        |  14|          3|   14|         42|
    |grp_mac3_fu_2741_h         |  14|          3|   14|         42|
    |grp_mac3_fu_2741_wn        |  14|          3|   14|         42|
    |grp_mac3_fu_2741_wr        |  14|          3|   14|         42|
    |grp_mac3_fu_2741_wz        |  14|          3|   14|         42|
    |grp_mac3_fu_2742_h         |  14|          3|   14|         42|
    |grp_mac3_fu_2742_wn        |  14|          3|   14|         42|
    |grp_mac3_fu_2742_wr        |  14|          3|   14|         42|
    |grp_mac3_fu_2742_wz        |  14|          3|   14|         42|
    |grp_mac3_fu_2743_h         |  14|          3|   14|         42|
    |grp_mac3_fu_2743_wn        |  14|          3|   14|         42|
    |grp_mac3_fu_2743_wr        |  14|          3|   14|         42|
    |grp_mac3_fu_2743_wz        |  14|          3|   14|         42|
    |grp_mac3_fu_2744_h         |  14|          3|   14|         42|
    |grp_mac3_fu_2744_wn        |  14|          3|   14|         42|
    |grp_mac3_fu_2744_wr        |  14|          3|   14|         42|
    |grp_mac3_fu_2744_wz        |  14|          3|   14|         42|
    |grp_mac3_fu_2745_h         |  14|          3|   14|         42|
    |grp_mac3_fu_2745_wn        |  14|          3|   14|         42|
    |grp_mac3_fu_2745_wr        |  14|          3|   14|         42|
    |grp_mac3_fu_2745_wz        |  14|          3|   14|         42|
    |h_new_10_out               |   9|          2|   14|         28|
    |h_new_11_out               |   9|          2|   14|         28|
    |h_new_12_out               |   9|          2|   14|         28|
    |h_new_13_out               |   9|          2|   14|         28|
    |h_new_14_out               |   9|          2|   14|         28|
    |h_new_15_out               |   9|          2|   14|         28|
    |h_new_16_out               |   9|          2|   14|         28|
    |h_new_17_out               |   9|          2|   14|         28|
    |h_new_18_out               |   9|          2|   14|         28|
    |h_new_19_out               |   9|          2|   14|         28|
    |h_new_1_out                |   9|          2|   14|         28|
    |h_new_20_out               |   9|          2|   14|         28|
    |h_new_21_out               |   9|          2|   14|         28|
    |h_new_22_out               |   9|          2|   14|         28|
    |h_new_23_out               |   9|          2|   14|         28|
    |h_new_24_out               |   9|          2|   14|         28|
    |h_new_25_out               |   9|          2|   14|         28|
    |h_new_26_out               |   9|          2|   14|         28|
    |h_new_27_out               |   9|          2|   14|         28|
    |h_new_28_out               |   9|          2|   14|         28|
    |h_new_29_out               |   9|          2|   14|         28|
    |h_new_2_out                |   9|          2|   14|         28|
    |h_new_30_out               |   9|          2|   14|         28|
    |h_new_31_out               |   9|          2|   14|         28|
    |h_new_32_out               |   9|          2|   14|         28|
    |h_new_33_out               |   9|          2|   14|         28|
    |h_new_34_out               |   9|          2|   14|         28|
    |h_new_35_out               |   9|          2|   14|         28|
    |h_new_36_out               |   9|          2|   14|         28|
    |h_new_37_out               |   9|          2|   14|         28|
    |h_new_38_out               |   9|          2|   14|         28|
    |h_new_39_out               |   9|          2|   14|         28|
    |h_new_3_out                |   9|          2|   14|         28|
    |h_new_4_out                |   9|          2|   14|         28|
    |h_new_5_out                |   9|          2|   14|         28|
    |h_new_6_out                |   9|          2|   14|         28|
    |h_new_7_out                |   9|          2|   14|         28|
    |h_new_8_out                |   9|          2|   14|         28|
    |h_new_9_out                |   9|          2|   14|         28|
    |h_new_out                  |   9|          2|   14|         28|
    |i_fu_712                   |   9|          2|    6|         12|
    |y_acc_fu_708               |   9|          2|   32|         64|
    +---------------------------+----+-----------+-----+-----------+
    |Total                      |1618|        350| 1803|       4802|
    +---------------------------+----+-----------+-----+-----------+

    * Register: 
    +----------------------------------------+-----+----+-----+-----------+
    |                  Name                  |  FF | LUT| Bits| Const Bits|
    +----------------------------------------+-----+----+-----+-----------+
    |U_n_0_load_reg_20246                    |   11|   0|   11|          0|
    |U_n_10_load_reg_20396                   |   10|   0|   10|          0|
    |U_n_11_load_reg_20411                   |    9|   0|    9|          0|
    |U_n_12_load_reg_20426                   |   11|   0|   11|          0|
    |U_n_13_load_reg_20441                   |   10|   0|   10|          0|
    |U_n_14_load_reg_20456                   |   10|   0|   10|          0|
    |U_n_15_load_reg_20471                   |   11|   0|   11|          0|
    |U_n_16_load_reg_20486                   |   11|   0|   11|          0|
    |U_n_17_load_reg_20501                   |   11|   0|   11|          0|
    |U_n_18_load_reg_20516                   |   11|   0|   11|          0|
    |U_n_19_load_reg_20531                   |   10|   0|   10|          0|
    |U_n_1_load_reg_20261                    |   11|   0|   11|          0|
    |U_n_20_load_reg_20546                   |   11|   0|   11|          0|
    |U_n_21_load_reg_20561                   |   12|   0|   12|          0|
    |U_n_22_load_reg_20576                   |   10|   0|   10|          0|
    |U_n_23_load_reg_20591                   |   10|   0|   10|          0|
    |U_n_24_load_reg_20606                   |   10|   0|   10|          0|
    |U_n_25_load_reg_20621                   |   11|   0|   11|          0|
    |U_n_26_load_reg_20636                   |   10|   0|   10|          0|
    |U_n_27_load_reg_20651                   |   11|   0|   11|          0|
    |U_n_28_load_reg_20666                   |    9|   0|    9|          0|
    |U_n_29_load_reg_20681                   |   11|   0|   11|          0|
    |U_n_2_load_reg_20276                    |   10|   0|   10|          0|
    |U_n_30_load_reg_20696                   |   11|   0|   11|          0|
    |U_n_31_load_reg_20711                   |   10|   0|   10|          0|
    |U_n_32_load_reg_20726                   |   11|   0|   11|          0|
    |U_n_33_load_reg_20741                   |   10|   0|   10|          0|
    |U_n_34_load_reg_20756                   |   11|   0|   11|          0|
    |U_n_35_load_reg_20771                   |   11|   0|   11|          0|
    |U_n_36_load_reg_20786                   |   10|   0|   10|          0|
    |U_n_37_load_reg_20801                   |   11|   0|   11|          0|
    |U_n_38_load_reg_20816                   |   10|   0|   10|          0|
    |U_n_39_load_reg_20831                   |   12|   0|   12|          0|
    |U_n_3_load_reg_20291                    |   11|   0|   11|          0|
    |U_n_4_load_reg_20306                    |   10|   0|   10|          0|
    |U_n_5_load_reg_20321                    |   11|   0|   11|          0|
    |U_n_6_load_reg_20336                    |   11|   0|   11|          0|
    |U_n_7_load_reg_20351                    |   10|   0|   10|          0|
    |U_n_8_load_reg_20366                    |   10|   0|   10|          0|
    |U_n_9_load_reg_20381                    |   10|   0|   10|          0|
    |U_r_0_load_reg_20236                    |   12|   0|   12|          0|
    |U_r_10_load_reg_20386                   |   11|   0|   11|          0|
    |U_r_11_load_reg_20401                   |   11|   0|   11|          0|
    |U_r_12_load_reg_20416                   |   11|   0|   11|          0|
    |U_r_13_load_reg_20431                   |   11|   0|   11|          0|
    |U_r_14_load_reg_20446                   |   11|   0|   11|          0|
    |U_r_15_load_reg_20461                   |   11|   0|   11|          0|
    |U_r_16_load_reg_20476                   |   12|   0|   12|          0|
    |U_r_17_load_reg_20491                   |   12|   0|   12|          0|
    |U_r_18_load_reg_20506                   |   11|   0|   11|          0|
    |U_r_19_load_reg_20521                   |    9|   0|    9|          0|
    |U_r_1_load_reg_20251                    |   12|   0|   12|          0|
    |U_r_20_load_reg_20536                   |   12|   0|   12|          0|
    |U_r_21_load_reg_20551                   |   12|   0|   12|          0|
    |U_r_22_load_reg_20566                   |   11|   0|   11|          0|
    |U_r_23_load_reg_20581                   |   11|   0|   11|          0|
    |U_r_24_load_reg_20596                   |   10|   0|   10|          0|
    |U_r_25_load_reg_20611                   |   10|   0|   10|          0|
    |U_r_26_load_reg_20626                   |   10|   0|   10|          0|
    |U_r_27_load_reg_20641                   |   10|   0|   10|          0|
    |U_r_28_load_reg_20656                   |   10|   0|   10|          0|
    |U_r_29_load_reg_20671                   |   11|   0|   11|          0|
    |U_r_2_load_reg_20266                    |   12|   0|   12|          0|
    |U_r_30_load_reg_20686                   |   10|   0|   10|          0|
    |U_r_31_load_reg_20701                   |   11|   0|   11|          0|
    |U_r_32_load_reg_20716                   |   11|   0|   11|          0|
    |U_r_33_load_reg_20731                   |   10|   0|   10|          0|
    |U_r_34_load_reg_20746                   |   12|   0|   12|          0|
    |U_r_35_load_reg_20761                   |   12|   0|   12|          0|
    |U_r_36_load_reg_20776                   |   12|   0|   12|          0|
    |U_r_37_load_reg_20791                   |   12|   0|   12|          0|
    |U_r_38_load_reg_20806                   |   10|   0|   10|          0|
    |U_r_39_load_reg_20821                   |   10|   0|   10|          0|
    |U_r_3_load_reg_20281                    |   12|   0|   12|          0|
    |U_r_4_load_reg_20296                    |   11|   0|   11|          0|
    |U_r_5_load_reg_20311                    |   11|   0|   11|          0|
    |U_r_6_load_reg_20326                    |   12|   0|   12|          0|
    |U_r_7_load_reg_20341                    |   11|   0|   11|          0|
    |U_r_8_load_reg_20356                    |   11|   0|   11|          0|
    |U_r_9_load_reg_20371                    |   11|   0|   11|          0|
    |U_z_0_load_reg_20241                    |   12|   0|   12|          0|
    |U_z_10_load_reg_20391                   |   12|   0|   12|          0|
    |U_z_11_load_reg_20406                   |   11|   0|   11|          0|
    |U_z_12_load_reg_20421                   |   12|   0|   12|          0|
    |U_z_13_load_reg_20436                   |   12|   0|   12|          0|
    |U_z_14_load_reg_20451                   |   12|   0|   12|          0|
    |U_z_15_load_reg_20466                   |   13|   0|   13|          0|
    |U_z_16_load_reg_20481                   |   12|   0|   12|          0|
    |U_z_17_load_reg_20496                   |   12|   0|   12|          0|
    |U_z_18_load_reg_20511                   |   12|   0|   12|          0|
    |U_z_19_load_reg_20526                   |   12|   0|   12|          0|
    |U_z_1_load_reg_20256                    |   11|   0|   11|          0|
    |U_z_20_load_reg_20541                   |   12|   0|   12|          0|
    |U_z_21_load_reg_20556                   |   12|   0|   12|          0|
    |U_z_22_load_reg_20571                   |   13|   0|   13|          0|
    |U_z_23_load_reg_20586                   |   12|   0|   12|          0|
    |U_z_24_load_reg_20601                   |   12|   0|   12|          0|
    |U_z_25_load_reg_20616                   |   12|   0|   12|          0|
    |U_z_26_load_reg_20631                   |   11|   0|   11|          0|
    |U_z_27_load_reg_20646                   |   12|   0|   12|          0|
    |U_z_28_load_reg_20661                   |   11|   0|   11|          0|
    |U_z_29_load_reg_20676                   |   12|   0|   12|          0|
    |U_z_2_load_reg_20271                    |   12|   0|   12|          0|
    |U_z_30_load_reg_20691                   |   12|   0|   12|          0|
    |U_z_31_load_reg_20706                   |   11|   0|   11|          0|
    |U_z_32_load_reg_20721                   |   12|   0|   12|          0|
    |U_z_33_load_reg_20736                   |   11|   0|   11|          0|
    |U_z_34_load_reg_20751                   |   12|   0|   12|          0|
    |U_z_35_load_reg_20766                   |   11|   0|   11|          0|
    |U_z_36_load_reg_20781                   |   12|   0|   12|          0|
    |U_z_37_load_reg_20796                   |   12|   0|   12|          0|
    |U_z_38_load_reg_20811                   |   12|   0|   12|          0|
    |U_z_39_load_reg_20826                   |   12|   0|   12|          0|
    |U_z_3_load_reg_20286                    |   12|   0|   12|          0|
    |U_z_4_load_reg_20301                    |   12|   0|   12|          0|
    |U_z_5_load_reg_20316                    |   11|   0|   11|          0|
    |U_z_6_load_reg_20331                    |   12|   0|   12|          0|
    |U_z_7_load_reg_20346                    |   12|   0|   12|          0|
    |U_z_8_load_reg_20361                    |   12|   0|   12|          0|
    |U_z_9_load_reg_20376                    |   12|   0|   12|          0|
    |W_n_load_reg_20856                      |   13|   0|   13|          0|
    |W_r_load_reg_20841                      |   14|   0|   14|          0|
    |W_z_load_reg_20851                      |   13|   0|   13|          0|
    |acc_n_10_reg_21100                      |   32|   0|   32|          0|
    |acc_n_11_reg_21118                      |   32|   0|   32|          0|
    |acc_n_12_reg_21136                      |   32|   0|   32|          0|
    |acc_n_13_reg_21154                      |   32|   0|   32|          0|
    |acc_n_14_reg_21172                      |   32|   0|   32|          0|
    |acc_n_15_reg_21190                      |   32|   0|   32|          0|
    |acc_n_16_reg_21208                      |   32|   0|   32|          0|
    |acc_n_17_reg_21226                      |   32|   0|   32|          0|
    |acc_n_18_reg_21244                      |   32|   0|   32|          0|
    |acc_n_19_reg_21262                      |   32|   0|   32|          0|
    |acc_n_1_reg_20938                       |   32|   0|   32|          0|
    |acc_n_20_reg_21303                      |   32|   0|   32|          0|
    |acc_n_21_reg_21321                      |   32|   0|   32|          0|
    |acc_n_22_reg_21339                      |   32|   0|   32|          0|
    |acc_n_23_reg_21357                      |   32|   0|   32|          0|
    |acc_n_24_reg_21375                      |   32|   0|   32|          0|
    |acc_n_25_reg_21393                      |   32|   0|   32|          0|
    |acc_n_26_reg_21411                      |   32|   0|   32|          0|
    |acc_n_27_reg_21429                      |   32|   0|   32|          0|
    |acc_n_28_reg_21447                      |   32|   0|   32|          0|
    |acc_n_29_reg_21465                      |   32|   0|   32|          0|
    |acc_n_2_reg_20956                       |   32|   0|   32|          0|
    |acc_n_30_reg_21483                      |   32|   0|   32|          0|
    |acc_n_31_reg_21501                      |   32|   0|   32|          0|
    |acc_n_32_reg_21519                      |   32|   0|   32|          0|
    |acc_n_33_reg_21537                      |   32|   0|   32|          0|
    |acc_n_34_reg_21555                      |   32|   0|   32|          0|
    |acc_n_35_reg_21573                      |   32|   0|   32|          0|
    |acc_n_36_reg_21591                      |   32|   0|   32|          0|
    |acc_n_37_reg_21609                      |   32|   0|   32|          0|
    |acc_n_38_reg_21627                      |   32|   0|   32|          0|
    |acc_n_39_reg_21645                      |   32|   0|   32|          0|
    |acc_n_3_reg_20974                       |   32|   0|   32|          0|
    |acc_n_4_reg_20992                       |   32|   0|   32|          0|
    |acc_n_5_reg_21010                       |   32|   0|   32|          0|
    |acc_n_5_reg_21010_pp0_iter2_reg         |   32|   0|   32|          0|
    |acc_n_6_reg_21028                       |   32|   0|   32|          0|
    |acc_n_6_reg_21028_pp0_iter2_reg         |   32|   0|   32|          0|
    |acc_n_7_reg_21046                       |   32|   0|   32|          0|
    |acc_n_7_reg_21046_pp0_iter2_reg         |   32|   0|   32|          0|
    |acc_n_8_reg_21064                       |   32|   0|   32|          0|
    |acc_n_8_reg_21064_pp0_iter2_reg         |   32|   0|   32|          0|
    |acc_n_9_reg_21082                       |   32|   0|   32|          0|
    |acc_r_10_reg_21088                      |   32|   0|   32|          0|
    |acc_r_11_reg_21106                      |   32|   0|   32|          0|
    |acc_r_12_reg_21124                      |   32|   0|   32|          0|
    |acc_r_13_reg_21142                      |   32|   0|   32|          0|
    |acc_r_14_reg_21160                      |   32|   0|   32|          0|
    |acc_r_15_reg_21178                      |   32|   0|   32|          0|
    |acc_r_16_reg_21196                      |   32|   0|   32|          0|
    |acc_r_17_reg_21214                      |   32|   0|   32|          0|
    |acc_r_18_reg_21232                      |   32|   0|   32|          0|
    |acc_r_19_reg_21250                      |   32|   0|   32|          0|
    |acc_r_1_reg_20926                       |   32|   0|   32|          0|
    |acc_r_20_reg_21291                      |   32|   0|   32|          0|
    |acc_r_21_reg_21309                      |   32|   0|   32|          0|
    |acc_r_22_reg_21327                      |   32|   0|   32|          0|
    |acc_r_23_reg_21345                      |   32|   0|   32|          0|
    |acc_r_24_reg_21363                      |   32|   0|   32|          0|
    |acc_r_25_reg_21381                      |   32|   0|   32|          0|
    |acc_r_26_reg_21399                      |   32|   0|   32|          0|
    |acc_r_27_reg_21417                      |   32|   0|   32|          0|
    |acc_r_28_reg_21435                      |   32|   0|   32|          0|
    |acc_r_29_reg_21453                      |   32|   0|   32|          0|
    |acc_r_2_reg_20944                       |   32|   0|   32|          0|
    |acc_r_30_reg_21471                      |   32|   0|   32|          0|
    |acc_r_31_reg_21489                      |   32|   0|   32|          0|
    |acc_r_32_reg_21507                      |   32|   0|   32|          0|
    |acc_r_33_reg_21525                      |   32|   0|   32|          0|
    |acc_r_34_reg_21543                      |   32|   0|   32|          0|
    |acc_r_35_reg_21561                      |   32|   0|   32|          0|
    |acc_r_36_reg_21579                      |   32|   0|   32|          0|
    |acc_r_37_reg_21597                      |   32|   0|   32|          0|
    |acc_r_38_reg_21615                      |   32|   0|   32|          0|
    |acc_r_39_reg_21633                      |   32|   0|   32|          0|
    |acc_r_3_reg_20962                       |   32|   0|   32|          0|
    |acc_r_4_reg_20980                       |   32|   0|   32|          0|
    |acc_r_4_reg_20980_pp0_iter2_reg         |   32|   0|   32|          0|
    |acc_r_5_reg_20998                       |   32|   0|   32|          0|
    |acc_r_5_reg_20998_pp0_iter2_reg         |   32|   0|   32|          0|
    |acc_r_6_reg_21016                       |   32|   0|   32|          0|
    |acc_r_6_reg_21016_pp0_iter2_reg         |   32|   0|   32|          0|
    |acc_r_7_reg_21034                       |   32|   0|   32|          0|
    |acc_r_7_reg_21034_pp0_iter2_reg         |   32|   0|   32|          0|
    |acc_r_8_reg_21052                       |   32|   0|   32|          0|
    |acc_r_9_reg_21070                       |   32|   0|   32|          0|
    |acc_r_reg_20914                         |   32|   0|   32|          0|
    |acc_z_10_reg_21094                      |   32|   0|   32|          0|
    |acc_z_11_reg_21112                      |   32|   0|   32|          0|
    |acc_z_12_reg_21130                      |   32|   0|   32|          0|
    |acc_z_13_reg_21148                      |   32|   0|   32|          0|
    |acc_z_14_reg_21166                      |   32|   0|   32|          0|
    |acc_z_15_reg_21184                      |   32|   0|   32|          0|
    |acc_z_16_reg_21202                      |   32|   0|   32|          0|
    |acc_z_17_reg_21220                      |   32|   0|   32|          0|
    |acc_z_18_reg_21238                      |   32|   0|   32|          0|
    |acc_z_19_reg_21256                      |   32|   0|   32|          0|
    |acc_z_1_reg_20932                       |   32|   0|   32|          0|
    |acc_z_20_reg_21297                      |   32|   0|   32|          0|
    |acc_z_21_reg_21315                      |   32|   0|   32|          0|
    |acc_z_22_reg_21333                      |   32|   0|   32|          0|
    |acc_z_23_reg_21351                      |   32|   0|   32|          0|
    |acc_z_24_reg_21369                      |   32|   0|   32|          0|
    |acc_z_25_reg_21387                      |   32|   0|   32|          0|
    |acc_z_26_reg_21405                      |   32|   0|   32|          0|
    |acc_z_27_reg_21423                      |   32|   0|   32|          0|
    |acc_z_28_reg_21441                      |   32|   0|   32|          0|
    |acc_z_29_reg_21459                      |   32|   0|   32|          0|
    |acc_z_2_reg_20950                       |   32|   0|   32|          0|
    |acc_z_30_reg_21477                      |   32|   0|   32|          0|
    |acc_z_31_reg_21495                      |   32|   0|   32|          0|
    |acc_z_32_reg_21513                      |   32|   0|   32|          0|
    |acc_z_33_reg_21531                      |   32|   0|   32|          0|
    |acc_z_34_reg_21549                      |   32|   0|   32|          0|
    |acc_z_35_reg_21567                      |   32|   0|   32|          0|
    |acc_z_36_reg_21585                      |   32|   0|   32|          0|
    |acc_z_37_reg_21603                      |   32|   0|   32|          0|
    |acc_z_38_reg_21621                      |   32|   0|   32|          0|
    |acc_z_39_reg_21639                      |   32|   0|   32|          0|
    |acc_z_3_reg_20968                       |   32|   0|   32|          0|
    |acc_z_4_reg_20986                       |   32|   0|   32|          0|
    |acc_z_4_reg_20986_pp0_iter2_reg         |   32|   0|   32|          0|
    |acc_z_5_reg_21004                       |   32|   0|   32|          0|
    |acc_z_5_reg_21004_pp0_iter2_reg         |   32|   0|   32|          0|
    |acc_z_6_reg_21022                       |   32|   0|   32|          0|
    |acc_z_6_reg_21022_pp0_iter2_reg         |   32|   0|   32|          0|
    |acc_z_7_reg_21040                       |   32|   0|   32|          0|
    |acc_z_7_reg_21040_pp0_iter2_reg         |   32|   0|   32|          0|
    |acc_z_8_reg_21058                       |   32|   0|   32|          0|
    |acc_z_9_reg_21076                       |   32|   0|   32|          0|
    |acc_z_reg_20920                         |   32|   0|   32|          0|
    |add_ln171_1_reg_22242                   |   14|   0|   14|          0|
    |add_ln171_2_reg_22440                   |   14|   0|   14|          0|
    |add_ln171_reg_22191                     |   14|   0|   14|          0|
    |add_ln285_reg_20836                     |   11|   0|   11|          0|
    |add_ln287_reg_20846                     |   12|   0|   12|          0|
    |add_ln314_reg_22299                     |   46|   0|   46|          0|
    |add_ln326_reg_22527                     |   14|   0|   14|          0|
    |add_ln331_reg_22560                     |   23|   0|   23|          0|
    |and_ln150_3_reg_22048                   |    1|   0|    1|          0|
    |and_ln150_5_reg_22361                   |    1|   0|    1|          0|
    |and_ln170_12_reg_22425                  |    1|   0|    1|          0|
    |and_ln170_2_reg_22171                   |    1|   0|    1|          0|
    |and_ln170_7_reg_22222                   |    1|   0|    1|          0|
    |and_ln171_12_reg_22257                  |    1|   0|    1|          0|
    |and_ln171_13_reg_22263                  |    1|   0|    1|          0|
    |and_ln171_17_reg_22445                  |    1|   0|    1|          0|
    |and_ln171_1_reg_22196                   |    1|   0|    1|          0|
    |and_ln171_20_reg_22455                  |    1|   0|    1|          0|
    |and_ln171_21_reg_22461                  |    1|   0|    1|          0|
    |and_ln171_4_reg_22206                   |    1|   0|    1|          0|
    |and_ln171_5_reg_22212                   |    1|   0|    1|          0|
    |and_ln171_9_reg_22247                   |    1|   0|    1|          0|
    |and_ln314_1_reg_22322                   |    1|   0|    1|          0|
    |and_ln324_2_reg_22512                   |    1|   0|    1|          0|
    |and_ln326_1_reg_22532                   |    1|   0|    1|          0|
    |and_ln326_4_reg_22542                   |    1|   0|    1|          0|
    |and_ln326_5_reg_22548                   |    1|   0|    1|          0|
    |ap_CS_fsm                               |    2|   0|    2|          0|
    |ap_done_reg                             |    1|   0|    1|          0|
    |ap_enable_reg_pp0_iter0_reg             |    1|   0|    1|          0|
    |ap_enable_reg_pp0_iter1                 |    1|   0|    1|          0|
    |ap_enable_reg_pp0_iter10                |    1|   0|    1|          0|
    |ap_enable_reg_pp0_iter11                |    1|   0|    1|          0|
    |ap_enable_reg_pp0_iter12                |    1|   0|    1|          0|
    |ap_enable_reg_pp0_iter13                |    1|   0|    1|          0|
    |ap_enable_reg_pp0_iter14                |    1|   0|    1|          0|
    |ap_enable_reg_pp0_iter15                |    1|   0|    1|          0|
    |ap_enable_reg_pp0_iter16                |    1|   0|    1|          0|
    |ap_enable_reg_pp0_iter17                |    1|   0|    1|          0|
    |ap_enable_reg_pp0_iter18                |    1|   0|    1|          0|
    |ap_enable_reg_pp0_iter19                |    1|   0|    1|          0|
    |ap_enable_reg_pp0_iter2                 |    1|   0|    1|          0|
    |ap_enable_reg_pp0_iter20                |    1|   0|    1|          0|
    |ap_enable_reg_pp0_iter21                |    1|   0|    1|          0|
    |ap_enable_reg_pp0_iter22                |    1|   0|    1|          0|
    |ap_enable_reg_pp0_iter23                |    1|   0|    1|          0|
    |ap_enable_reg_pp0_iter24                |    1|   0|    1|          0|
    |ap_enable_reg_pp0_iter25                |    1|   0|    1|          0|
    |ap_enable_reg_pp0_iter3                 |    1|   0|    1|          0|
    |ap_enable_reg_pp0_iter4                 |    1|   0|    1|          0|
    |ap_enable_reg_pp0_iter5                 |    1|   0|    1|          0|
    |ap_enable_reg_pp0_iter6                 |    1|   0|    1|          0|
    |ap_enable_reg_pp0_iter7                 |    1|   0|    1|          0|
    |ap_enable_reg_pp0_iter8                 |    1|   0|    1|          0|
    |ap_enable_reg_pp0_iter9                 |    1|   0|    1|          0|
    |ap_loop_exit_ready_pp0_iter10_reg       |    1|   0|    1|          0|
    |ap_loop_exit_ready_pp0_iter11_reg       |    1|   0|    1|          0|
    |ap_loop_exit_ready_pp0_iter12_reg       |    1|   0|    1|          0|
    |ap_loop_exit_ready_pp0_iter13_reg       |    1|   0|    1|          0|
    |ap_loop_exit_ready_pp0_iter14_reg       |    1|   0|    1|          0|
    |ap_loop_exit_ready_pp0_iter15_reg       |    1|   0|    1|          0|
    |ap_loop_exit_ready_pp0_iter16_reg       |    1|   0|    1|          0|
    |ap_loop_exit_ready_pp0_iter17_reg       |    1|   0|    1|          0|
    |ap_loop_exit_ready_pp0_iter18_reg       |    1|   0|    1|          0|
    |ap_loop_exit_ready_pp0_iter19_reg       |    1|   0|    1|          0|
    |ap_loop_exit_ready_pp0_iter1_reg        |    1|   0|    1|          0|
    |ap_loop_exit_ready_pp0_iter20_reg       |    1|   0|    1|          0|
    |ap_loop_exit_ready_pp0_iter21_reg       |    1|   0|    1|          0|
    |ap_loop_exit_ready_pp0_iter22_reg       |    1|   0|    1|          0|
    |ap_loop_exit_ready_pp0_iter23_reg       |    1|   0|    1|          0|
    |ap_loop_exit_ready_pp0_iter24_reg       |    1|   0|    1|          0|
    |ap_loop_exit_ready_pp0_iter2_reg        |    1|   0|    1|          0|
    |ap_loop_exit_ready_pp0_iter3_reg        |    1|   0|    1|          0|
    |ap_loop_exit_ready_pp0_iter4_reg        |    1|   0|    1|          0|
    |ap_loop_exit_ready_pp0_iter5_reg        |    1|   0|    1|          0|
    |ap_loop_exit_ready_pp0_iter6_reg        |    1|   0|    1|          0|
    |ap_loop_exit_ready_pp0_iter7_reg        |    1|   0|    1|          0|
    |ap_loop_exit_ready_pp0_iter8_reg        |    1|   0|    1|          0|
    |ap_loop_exit_ready_pp0_iter9_reg        |    1|   0|    1|          0|
    |ap_predicate_pred3808_state50           |    1|   0|    1|          0|
    |ap_predicate_pred3811_state50           |    1|   0|    1|          0|
    |ap_predicate_pred3815_state50           |    1|   0|    1|          0|
    |ap_predicate_pred3819_state50           |    1|   0|    1|          0|
    |ap_predicate_pred3823_state50           |    1|   0|    1|          0|
    |ap_predicate_pred3827_state50           |    1|   0|    1|          0|
    |ap_predicate_pred3831_state50           |    1|   0|    1|          0|
    |ap_predicate_pred3835_state50           |    1|   0|    1|          0|
    |ap_predicate_pred3839_state50           |    1|   0|    1|          0|
    |ap_predicate_pred3843_state50           |    1|   0|    1|          0|
    |ap_predicate_pred3847_state50           |    1|   0|    1|          0|
    |ap_predicate_pred3851_state50           |    1|   0|    1|          0|
    |ap_predicate_pred3855_state50           |    1|   0|    1|          0|
    |ap_predicate_pred3859_state50           |    1|   0|    1|          0|
    |ap_predicate_pred3863_state50           |    1|   0|    1|          0|
    |ap_predicate_pred3867_state50           |    1|   0|    1|          0|
    |ap_predicate_pred3871_state50           |    1|   0|    1|          0|
    |ap_predicate_pred3875_state50           |    1|   0|    1|          0|
    |ap_predicate_pred3879_state50           |    1|   0|    1|          0|
    |ap_predicate_pred3883_state50           |    1|   0|    1|          0|
    |ap_predicate_pred3887_state50           |    1|   0|    1|          0|
    |ap_predicate_pred3891_state50           |    1|   0|    1|          0|
    |ap_predicate_pred3895_state50           |    1|   0|    1|          0|
    |ap_predicate_pred3899_state50           |    1|   0|    1|          0|
    |ap_predicate_pred3903_state50           |    1|   0|    1|          0|
    |ap_predicate_pred3907_state50           |    1|   0|    1|          0|
    |ap_predicate_pred3911_state50           |    1|   0|    1|          0|
    |ap_predicate_pred3915_state50           |    1|   0|    1|          0|
    |ap_predicate_pred3919_state50           |    1|   0|    1|          0|
    |ap_predicate_pred3923_state50           |    1|   0|    1|          0|
    |ap_predicate_pred3927_state50           |    1|   0|    1|          0|
    |ap_predicate_pred3931_state50           |    1|   0|    1|          0|
    |ap_predicate_pred3935_state50           |    1|   0|    1|          0|
    |ap_predicate_pred3939_state50           |    1|   0|    1|          0|
    |ap_predicate_pred3943_state50           |    1|   0|    1|          0|
    |ap_predicate_pred3947_state50           |    1|   0|    1|          0|
    |ap_predicate_pred3951_state50           |    1|   0|    1|          0|
    |ap_predicate_pred3955_state50           |    1|   0|    1|          0|
    |ap_predicate_pred3959_state50           |    1|   0|    1|          0|
    |ap_predicate_pred3961_state50           |    1|   0|    1|          0|
    |av_2_reg_22077                          |   32|   0|   32|          0|
    |av_4_reg_22351                          |   32|   0|   32|          0|
    |av_reg_22038                            |   32|   0|   32|          0|
    |b_hn_load_reg_20866                     |   11|   0|   11|          0|
    |b_in_load_reg_20861                     |   11|   0|   11|          0|
    |candidate_pre_1_reg_22311               |   32|   0|   32|          0|
    |candidate_pre_3_reg_22341               |   32|   0|   32|          0|
    |grp_mac3_fu_2726_ap_start_reg           |    1|   0|    1|          0|
    |grp_mac3_fu_2727_ap_start_reg           |    1|   0|    1|          0|
    |grp_mac3_fu_2728_ap_start_reg           |    1|   0|    1|          0|
    |grp_mac3_fu_2729_ap_start_reg           |    1|   0|    1|          0|
    |grp_mac3_fu_2730_ap_start_reg           |    1|   0|    1|          0|
    |grp_mac3_fu_2731_ap_start_reg           |    1|   0|    1|          0|
    |grp_mac3_fu_2732_ap_start_reg           |    1|   0|    1|          0|
    |grp_mac3_fu_2733_ap_start_reg           |    1|   0|    1|          0|
    |grp_mac3_fu_2734_ap_start_reg           |    1|   0|    1|          0|
    |grp_mac3_fu_2735_ap_start_reg           |    1|   0|    1|          0|
    |grp_mac3_fu_2736_ap_start_reg           |    1|   0|    1|          0|
    |grp_mac3_fu_2737_ap_start_reg           |    1|   0|    1|          0|
    |grp_mac3_fu_2738_ap_start_reg           |    1|   0|    1|          0|
    |grp_mac3_fu_2739_ap_start_reg           |    1|   0|    1|          0|
    |grp_mac3_fu_2740_ap_start_reg           |    1|   0|    1|          0|
    |grp_mac3_fu_2741_ap_start_reg           |    1|   0|    1|          0|
    |grp_mac3_fu_2742_ap_start_reg           |    1|   0|    1|          0|
    |grp_mac3_fu_2743_ap_start_reg           |    1|   0|    1|          0|
    |grp_mac3_fu_2744_ap_start_reg           |    1|   0|    1|          0|
    |grp_mac3_fu_2745_ap_start_reg           |    1|   0|    1|          0|
    |half_v_6_reg_22028                      |   32|   0|   32|          0|
    |half_v_7_reg_22059                      |   32|   0|   32|          0|
    |i_1_reg_19576                           |    6|   0|    6|          0|
    |i_fu_712                                |    6|   0|    6|          0|
    |icmp_ln153_1_reg_22114                  |    1|   0|    1|          0|
    |icmp_ln153_2_reg_22372                  |    1|   0|    1|          0|
    |icmp_ln153_reg_22088                    |    1|   0|    1|          0|
    |icmp_ln171_10_reg_22450                 |    1|   0|    1|          0|
    |icmp_ln171_2_reg_22201                  |    1|   0|    1|          0|
    |icmp_ln171_6_reg_22252                  |    1|   0|    1|          0|
    |icmp_ln245_reg_19582                    |    1|   0|    1|          0|
    |icmp_ln314_1_reg_22329                  |    1|   0|    1|          0|
    |icmp_ln314_2_reg_22336                  |    1|   0|    1|          0|
    |icmp_ln326_2_reg_22537                  |    1|   0|    1|          0|
    |idx_1_reg_22125                         |   10|   0|   10|          0|
    |mul_ln170_2_reg_22409                   |   42|   0|   42|          0|
    |mul_ln285_reg_20876                     |   28|   0|   28|          0|
    |mul_ln287_reg_20887                     |   27|   0|   27|          0|
    |mul_ln290_reg_20898                     |   27|   0|   27|          0|
    |mul_ln314_reg_22288                     |   46|   0|   46|          0|
    |mul_ln324_reg_22482                     |   45|   0|   45|          0|
    |mul_ln331_reg_22553                     |   23|   0|   23|          0|
    |neg_1_reg_22064                         |    1|   0|    1|          0|
    |neg_2_reg_22346                         |    1|   0|    1|          0|
    |neg_reg_22033                           |    1|   0|    1|          0|
    |nn_1_reg_22466                          |   14|   0|   14|          0|
    |nn_1_reg_22466_pp0_iter22_reg           |   14|   0|   14|          0|
    |or_ln170_2_reg_22176                    |    1|   0|    1|          0|
    |or_ln170_5_reg_22227                    |    1|   0|    1|          0|
    |or_ln170_8_reg_22430                    |    1|   0|    1|          0|
    |or_ln324_2_reg_22517                    |    1|   0|    1|          0|
    |r_2_reg_22268                           |   14|   0|   14|          0|
    |ref_tmp2_i1202_2_reg_22232              |   14|   0|   14|          0|
    |ref_tmp2_i_2_reg_22273                  |   14|   0|   14|          0|
    |reg_6063                                |   42|   0|   42|          0|
    |select_ln150_2_reg_22356                |   32|   0|   32|          0|
    |select_ln150_reg_22043                  |   32|   0|   32|          0|
    |select_ln183_3_reg_22472                |   14|   0|   14|          0|
    |sext_ln170_3_reg_22166                  |   32|   0|   32|          0|
    |sext_ln170_6_reg_22217                  |   32|   0|   32|          0|
    |sext_ln170_8_reg_22420                  |   32|   0|   32|          0|
    |sext_ln245_cast_reg_19565               |   27|   0|   27|          0|
    |sext_ln285_cast_reg_19571               |   28|   0|   28|          0|
    |sext_ln324_6_reg_22507                  |   32|   0|   32|          0|
    |state_update_1_reg_22502                |   26|   0|   26|          0|
    |sub_ln170_1_reg_22161                   |   14|   0|   22|          8|
    |sub_ln170_2_reg_22404                   |   14|   0|   22|          8|
    |sub_ln170_reg_22140                     |   14|   0|   22|          8|
    |sub_ln324_reg_22477                     |   15|   0|   23|          8|
    |t0_1_reg_22145                          |   13|   0|   13|          0|
    |t0_1_reg_22145_pp0_iter14_reg           |   13|   0|   13|          0|
    |t0_2_reg_22393                          |   13|   0|   13|          0|
    |t0_2_reg_22393_pp0_iter19_reg           |   13|   0|   13|          0|
    |t0_reg_22135                            |   13|   0|   13|          0|
    |t1_2_reg_22399                          |   13|   0|   13|          0|
    |tmp_241_reg_22005                       |    1|   0|    1|          0|
    |tmp_242_reg_22011                       |    1|   0|    1|          0|
    |tmp_245_reg_22022                       |    1|   0|    1|          0|
    |tmp_256_reg_22186                       |    1|   0|    1|          0|
    |tmp_272_reg_22071                       |    1|   0|    1|          0|
    |tmp_273_reg_22082                       |    1|   0|    1|          0|
    |tmp_279_reg_22237                       |    1|   0|    1|          0|
    |tmp_291_reg_22304                       |    1|   0|    1|          0|
    |tmp_295_reg_22316                       |    1|   0|    1|          0|
    |tmp_305_reg_22435                       |    1|   0|    1|          0|
    |tmp_314_reg_20909                       |   14|   0|   14|          0|
    |tmp_315_reg_22493                       |    1|   0|    1|          0|
    |tmp_319_reg_22522                       |    1|   0|    1|          0|
    |trunc_ln166_1_reg_22120                 |   13|   0|   13|          0|
    |trunc_ln166_1_reg_22120_pp0_iter13_reg  |   13|   0|   13|          0|
    |trunc_ln166_2_reg_22378                 |   13|   0|   13|          0|
    |trunc_ln166_2_reg_22378_pp0_iter19_reg  |   13|   0|   13|          0|
    |trunc_ln166_reg_22094                   |   13|   0|   13|          0|
    |trunc_ln170_1_reg_22181                 |   19|   0|   19|          0|
    |trunc_ln170_2_reg_22415                 |   19|   0|   19|          0|
    |trunc_ln170_reg_22156                   |   19|   0|   19|          0|
    |trunc_ln285_reg_20882                   |   27|   0|   27|          0|
    |trunc_ln287_reg_20893                   |   26|   0|   26|          0|
    |trunc_ln290_reg_20904                   |   26|   0|   26|          0|
    |trunc_ln314_reg_22294                   |   11|   0|   11|          0|
    |trunc_ln324_reg_22488                   |   19|   0|   19|          0|
    |val_n_in_reg_21280                      |   26|   0|   26|          0|
    |val_n_rec_10_reg_21681                  |   32|   0|   32|          0|
    |val_n_rec_14_reg_21699                  |   32|   0|   32|          0|
    |val_n_rec_18_reg_21717                  |   32|   0|   32|          0|
    |val_n_rec_22_reg_21735                  |   32|   0|   32|          0|
    |val_n_rec_26_reg_21753                  |   32|   0|   32|          0|
    |val_n_rec_2_reg_21285                   |   32|   0|   32|          0|
    |val_n_rec_30_reg_21771                  |   32|   0|   32|          0|
    |val_n_rec_34_reg_21789                  |   32|   0|   32|          0|
    |val_n_rec_38_reg_21807                  |   32|   0|   32|          0|
    |val_n_rec_42_reg_21825                  |   32|   0|   32|          0|
    |val_n_rec_46_reg_21843                  |   32|   0|   32|          0|
    |val_n_rec_50_reg_21861                  |   32|   0|   32|          0|
    |val_n_rec_54_reg_21879                  |   32|   0|   32|          0|
    |val_n_rec_58_reg_21897                  |   32|   0|   32|          0|
    |val_n_rec_62_reg_21915                  |   32|   0|   32|          0|
    |val_n_rec_66_reg_21933                  |   32|   0|   32|          0|
    |val_n_rec_6_reg_21663                   |   32|   0|   32|          0|
    |val_n_rec_70_reg_21951                  |   32|   0|   32|          0|
    |val_n_rec_74_reg_21969                  |   32|   0|   32|          0|
    |val_n_rec_78_reg_21987                  |   32|   0|   32|          0|
    |val_n_rec_80_reg_22017                  |   32|   0|   32|          0|
    |val_r_12_reg_21687                      |   32|   0|   32|          0|
    |val_r_16_reg_21705                      |   32|   0|   32|          0|
    |val_r_20_reg_21723                      |   32|   0|   32|          0|
    |val_r_24_reg_21741                      |   32|   0|   32|          0|
    |val_r_28_reg_21759                      |   32|   0|   32|          0|
    |val_r_32_reg_21777                      |   32|   0|   32|          0|
    |val_r_36_reg_21795                      |   32|   0|   32|          0|
    |val_r_40_reg_21813                      |   32|   0|   32|          0|
    |val_r_44_reg_21831                      |   32|   0|   32|          0|
    |val_r_48_reg_21849                      |   32|   0|   32|          0|
    |val_r_4_reg_21651                       |   32|   0|   32|          0|
    |val_r_52_reg_21867                      |   32|   0|   32|          0|
    |val_r_56_reg_21885                      |   32|   0|   32|          0|
    |val_r_60_reg_21903                      |   32|   0|   32|          0|
    |val_r_64_reg_21921                      |   32|   0|   32|          0|
    |val_r_68_reg_21939                      |   32|   0|   32|          0|
    |val_r_72_reg_21957                      |   32|   0|   32|          0|
    |val_r_76_reg_21975                      |   32|   0|   32|          0|
    |val_r_80_reg_21993                      |   32|   0|   32|          0|
    |val_r_8_reg_21669                       |   32|   0|   32|          0|
    |val_r_reg_21268                         |   27|   0|   27|          0|
    |val_z_12_reg_21693                      |   32|   0|   32|          0|
    |val_z_16_reg_21711                      |   32|   0|   32|          0|
    |val_z_20_reg_21729                      |   32|   0|   32|          0|
    |val_z_24_reg_21747                      |   32|   0|   32|          0|
    |val_z_28_reg_21765                      |   32|   0|   32|          0|
    |val_z_32_reg_21783                      |   32|   0|   32|          0|
    |val_z_36_reg_21801                      |   32|   0|   32|          0|
    |val_z_40_reg_21819                      |   32|   0|   32|          0|
    |val_z_44_reg_21837                      |   32|   0|   32|          0|
    |val_z_48_reg_21855                      |   32|   0|   32|          0|
    |val_z_4_reg_21657                       |   32|   0|   32|          0|
    |val_z_52_reg_21873                      |   32|   0|   32|          0|
    |val_z_56_reg_21891                      |   32|   0|   32|          0|
    |val_z_60_reg_21909                      |   32|   0|   32|          0|
    |val_z_64_reg_21927                      |   32|   0|   32|          0|
    |val_z_68_reg_21945                      |   32|   0|   32|          0|
    |val_z_72_reg_21963                      |   32|   0|   32|          0|
    |val_z_76_reg_21981                      |   32|   0|   32|          0|
    |val_z_79_reg_22000                      |   32|   0|   32|          0|
    |val_z_8_reg_21675                       |   32|   0|   32|          0|
    |val_z_reg_21274                         |   26|   0|   26|          0|
    |w_out_load_reg_20871                    |    9|   0|    9|          0|
    |xor_ln149_1_reg_22109                   |    1|   0|    1|          0|
    |xor_ln149_2_reg_22366                   |    1|   0|    1|          0|
    |xor_ln149_reg_22053                     |    1|   0|    1|          0|
    |y_acc_fu_708                            |   32|   0|   32|          0|
    |acc_n_10_reg_21100                      |   64|  32|   32|          0|
    |acc_n_11_reg_21118                      |   64|  32|   32|          0|
    |acc_n_12_reg_21136                      |   64|  32|   32|          0|
    |acc_n_13_reg_21154                      |   64|  32|   32|          0|
    |acc_n_14_reg_21172                      |   64|  32|   32|          0|
    |acc_n_15_reg_21190                      |   64|  32|   32|          0|
    |acc_n_16_reg_21208                      |   64|  32|   32|          0|
    |acc_n_17_reg_21226                      |   64|  32|   32|          0|
    |acc_n_18_reg_21244                      |   64|  32|   32|          0|
    |acc_n_19_reg_21262                      |   64|  32|   32|          0|
    |acc_n_20_reg_21303                      |   64|  32|   32|          0|
    |acc_n_21_reg_21321                      |   64|  32|   32|          0|
    |acc_n_22_reg_21339                      |   64|  32|   32|          0|
    |acc_n_23_reg_21357                      |   64|  32|   32|          0|
    |acc_n_24_reg_21375                      |   64|  32|   32|          0|
    |acc_n_25_reg_21393                      |   64|  32|   32|          0|
    |acc_n_26_reg_21411                      |   64|  32|   32|          0|
    |acc_n_27_reg_21429                      |   64|  32|   32|          0|
    |acc_n_28_reg_21447                      |   64|  32|   32|          0|
    |acc_n_29_reg_21465                      |   64|  32|   32|          0|
    |acc_n_30_reg_21483                      |   64|  32|   32|          0|
    |acc_n_31_reg_21501                      |   64|  32|   32|          0|
    |acc_n_32_reg_21519                      |   64|  32|   32|          0|
    |acc_n_33_reg_21537                      |   64|  32|   32|          0|
    |acc_n_34_reg_21555                      |   64|  32|   32|          0|
    |acc_n_35_reg_21573                      |   64|  32|   32|          0|
    |acc_n_36_reg_21591                      |   64|  32|   32|          0|
    |acc_n_37_reg_21609                      |   64|  32|   32|          0|
    |acc_n_38_reg_21627                      |   64|  32|   32|          0|
    |acc_n_39_reg_21645                      |   64|  32|   32|          0|
    |acc_n_9_reg_21082                       |   64|  32|   32|          0|
    |acc_r_10_reg_21088                      |   64|  32|   32|          0|
    |acc_r_11_reg_21106                      |   64|  32|   32|          0|
    |acc_r_12_reg_21124                      |   64|  32|   32|          0|
    |acc_r_13_reg_21142                      |   64|  32|   32|          0|
    |acc_r_14_reg_21160                      |   64|  32|   32|          0|
    |acc_r_15_reg_21178                      |   64|  32|   32|          0|
    |acc_r_16_reg_21196                      |   64|  32|   32|          0|
    |acc_r_17_reg_21214                      |   64|  32|   32|          0|
    |acc_r_18_reg_21232                      |   64|  32|   32|          0|
    |acc_r_19_reg_21250                      |   64|  32|   32|          0|
    |acc_r_20_reg_21291                      |   64|  32|   32|          0|
    |acc_r_21_reg_21309                      |   64|  32|   32|          0|
    |acc_r_22_reg_21327                      |   64|  32|   32|          0|
    |acc_r_23_reg_21345                      |   64|  32|   32|          0|
    |acc_r_24_reg_21363                      |   64|  32|   32|          0|
    |acc_r_25_reg_21381                      |   64|  32|   32|          0|
    |acc_r_26_reg_21399                      |   64|  32|   32|          0|
    |acc_r_27_reg_21417                      |   64|  32|   32|          0|
    |acc_r_28_reg_21435                      |   64|  32|   32|          0|
    |acc_r_29_reg_21453                      |   64|  32|   32|          0|
    |acc_r_30_reg_21471                      |   64|  32|   32|          0|
    |acc_r_31_reg_21489                      |   64|  32|   32|          0|
    |acc_r_32_reg_21507                      |   64|  32|   32|          0|
    |acc_r_33_reg_21525                      |   64|  32|   32|          0|
    |acc_r_34_reg_21543                      |   64|  32|   32|          0|
    |acc_r_35_reg_21561                      |   64|  32|   32|          0|
    |acc_r_36_reg_21579                      |   64|  32|   32|          0|
    |acc_r_37_reg_21597                      |   64|  32|   32|          0|
    |acc_r_38_reg_21615                      |   64|  32|   32|          0|
    |acc_r_39_reg_21633                      |   64|  32|   32|          0|
    |acc_r_8_reg_21052                       |   64|  32|   32|          0|
    |acc_r_9_reg_21070                       |   64|  32|   32|          0|
    |acc_z_10_reg_21094                      |   64|  32|   32|          0|
    |acc_z_11_reg_21112                      |   64|  32|   32|          0|
    |acc_z_12_reg_21130                      |   64|  32|   32|          0|
    |acc_z_13_reg_21148                      |   64|  32|   32|          0|
    |acc_z_14_reg_21166                      |   64|  32|   32|          0|
    |acc_z_15_reg_21184                      |   64|  32|   32|          0|
    |acc_z_16_reg_21202                      |   64|  32|   32|          0|
    |acc_z_17_reg_21220                      |   64|  32|   32|          0|
    |acc_z_18_reg_21238                      |   64|  32|   32|          0|
    |acc_z_19_reg_21256                      |   64|  32|   32|          0|
    |acc_z_20_reg_21297                      |   64|  32|   32|          0|
    |acc_z_21_reg_21315                      |   64|  32|   32|          0|
    |acc_z_22_reg_21333                      |   64|  32|   32|          0|
    |acc_z_23_reg_21351                      |   64|  32|   32|          0|
    |acc_z_24_reg_21369                      |   64|  32|   32|          0|
    |acc_z_25_reg_21387                      |   64|  32|   32|          0|
    |acc_z_26_reg_21405                      |   64|  32|   32|          0|
    |acc_z_27_reg_21423                      |   64|  32|   32|          0|
    |acc_z_28_reg_21441                      |   64|  32|   32|          0|
    |acc_z_29_reg_21459                      |   64|  32|   32|          0|
    |acc_z_30_reg_21477                      |   64|  32|   32|          0|
    |acc_z_31_reg_21495                      |   64|  32|   32|          0|
    |acc_z_32_reg_21513                      |   64|  32|   32|          0|
    |acc_z_33_reg_21531                      |   64|  32|   32|          0|
    |acc_z_34_reg_21549                      |   64|  32|   32|          0|
    |acc_z_35_reg_21567                      |   64|  32|   32|          0|
    |acc_z_36_reg_21585                      |   64|  32|   32|          0|
    |acc_z_37_reg_21603                      |   64|  32|   32|          0|
    |acc_z_38_reg_21621                      |   64|  32|   32|          0|
    |acc_z_39_reg_21639                      |   64|  32|   32|          0|
    |acc_z_8_reg_21058                       |   64|  32|   32|          0|
    |acc_z_9_reg_21076                       |   64|  32|   32|          0|
    |i_1_reg_19576                           |   64|  32|    6|          0|
    |icmp_ln153_1_reg_22114                  |   64|  32|    1|          0|
    |icmp_ln153_2_reg_22372                  |   64|  32|    1|          0|
    |icmp_ln153_reg_22088                    |   64|  32|    1|          0|
    |icmp_ln245_reg_19582                    |   64|  32|    1|          0|
    |neg_1_reg_22064                         |   64|  32|    1|          0|
    |neg_2_reg_22346                         |   64|  32|    1|          0|
    |neg_reg_22033                           |   64|  32|    1|          0|
    |ref_tmp2_i_2_reg_22273                  |   64|  32|   14|          0|
    |tmp_314_reg_20909                       |   64|  32|   14|          0|
    |val_n_in_reg_21280                      |   64|  32|   26|          0|
    |val_n_rec_80_reg_22017                  |   64|  32|   32|          0|
    |w_out_load_reg_20871                    |   64|  32|    9|          0|
    |xor_ln149_1_reg_22109                   |   64|  32|    1|          0|
    |xor_ln149_2_reg_22366                   |   64|  32|    1|          0|
    |xor_ln149_reg_22053                     |   64|  32|    1|          0|
    +----------------------------------------+-----+----+-----+-----------+
    |Total                                   |16342|3552|12421|         32|
    +----------------------------------------+-----+----+-----+-----------+



================================================================
== Interface
================================================================
* Summary: 
+---------------------+-----+-----+------------+-----------------------------+--------------+
|      RTL Ports      | Dir | Bits|  Protocol  |        Source Object        |    C Type    |
+---------------------+-----+-----+------------+-----------------------------+--------------+
|ap_clk               |   in|    1|  ap_ctrl_hs|  gru_va_Pipeline_HIDDEN_LOOP|  return value|
|ap_rst               |   in|    1|  ap_ctrl_hs|  gru_va_Pipeline_HIDDEN_LOOP|  return value|
|ap_start             |   in|    1|  ap_ctrl_hs|  gru_va_Pipeline_HIDDEN_LOOP|  return value|
|ap_done              |  out|    1|  ap_ctrl_hs|  gru_va_Pipeline_HIDDEN_LOOP|  return value|
|ap_idle              |  out|    1|  ap_ctrl_hs|  gru_va_Pipeline_HIDDEN_LOOP|  return value|
|ap_ready             |  out|    1|  ap_ctrl_hs|  gru_va_Pipeline_HIDDEN_LOOP|  return value|
|h_new_0_1_lcssa120   |   in|   14|     ap_none|           h_new_0_1_lcssa120|        scalar|
|h_new_1_1_lcssa121   |   in|   14|     ap_none|           h_new_1_1_lcssa121|        scalar|
|h_new_2_1_lcssa122   |   in|   14|     ap_none|           h_new_2_1_lcssa122|        scalar|
|h_new_3_1_lcssa123   |   in|   14|     ap_none|           h_new_3_1_lcssa123|        scalar|
|h_new_4_1_lcssa124   |   in|   14|     ap_none|           h_new_4_1_lcssa124|        scalar|
|h_new_5_1_lcssa125   |   in|   14|     ap_none|           h_new_5_1_lcssa125|        scalar|
|h_new_6_1_lcssa126   |   in|   14|     ap_none|           h_new_6_1_lcssa126|        scalar|
|h_new_7_1_lcssa127   |   in|   14|     ap_none|           h_new_7_1_lcssa127|        scalar|
|h_new_8_1_lcssa128   |   in|   14|     ap_none|           h_new_8_1_lcssa128|        scalar|
|h_new_9_1_lcssa129   |   in|   14|     ap_none|           h_new_9_1_lcssa129|        scalar|
|h_new_10_1_lcssa130  |   in|   14|     ap_none|          h_new_10_1_lcssa130|        scalar|
|h_new_11_1_lcssa131  |   in|   14|     ap_none|          h_new_11_1_lcssa131|        scalar|
|h_new_12_1_lcssa132  |   in|   14|     ap_none|          h_new_12_1_lcssa132|        scalar|
|h_new_13_1_lcssa133  |   in|   14|     ap_none|          h_new_13_1_lcssa133|        scalar|
|h_new_14_1_lcssa134  |   in|   14|     ap_none|          h_new_14_1_lcssa134|        scalar|
|h_new_15_1_lcssa135  |   in|   14|     ap_none|          h_new_15_1_lcssa135|        scalar|
|h_new_16_1_lcssa136  |   in|   14|     ap_none|          h_new_16_1_lcssa136|        scalar|
|h_new_17_1_lcssa137  |   in|   14|     ap_none|          h_new_17_1_lcssa137|        scalar|
|h_new_18_1_lcssa138  |   in|   14|     ap_none|          h_new_18_1_lcssa138|        scalar|
|h_new_19_1_lcssa139  |   in|   14|     ap_none|          h_new_19_1_lcssa139|        scalar|
|h_new_20_1_lcssa140  |   in|   14|     ap_none|          h_new_20_1_lcssa140|        scalar|
|h_new_21_1_lcssa141  |   in|   14|     ap_none|          h_new_21_1_lcssa141|        scalar|
|h_new_22_1_lcssa142  |   in|   14|     ap_none|          h_new_22_1_lcssa142|        scalar|
|h_new_23_1_lcssa143  |   in|   14|     ap_none|          h_new_23_1_lcssa143|        scalar|
|h_new_24_1_lcssa144  |   in|   14|     ap_none|          h_new_24_1_lcssa144|        scalar|
|h_new_25_1_lcssa145  |   in|   14|     ap_none|          h_new_25_1_lcssa145|        scalar|
|h_new_26_1_lcssa146  |   in|   14|     ap_none|          h_new_26_1_lcssa146|        scalar|
|h_new_27_1_lcssa147  |   in|   14|     ap_none|          h_new_27_1_lcssa147|        scalar|
|h_new_28_1_lcssa148  |   in|   14|     ap_none|          h_new_28_1_lcssa148|        scalar|
|h_new_29_1_lcssa149  |   in|   14|     ap_none|          h_new_29_1_lcssa149|        scalar|
|h_new_30_1_lcssa150  |   in|   14|     ap_none|          h_new_30_1_lcssa150|        scalar|
|h_new_31_1_lcssa151  |   in|   14|     ap_none|          h_new_31_1_lcssa151|        scalar|
|h_new_32_1_lcssa152  |   in|   14|     ap_none|          h_new_32_1_lcssa152|        scalar|
|h_new_33_1_lcssa153  |   in|   14|     ap_none|          h_new_33_1_lcssa153|        scalar|
|h_new_34_1_lcssa154  |   in|   14|     ap_none|          h_new_34_1_lcssa154|        scalar|
|h_new_35_1_lcssa155  |   in|   14|     ap_none|          h_new_35_1_lcssa155|        scalar|
|h_new_36_1_lcssa156  |   in|   14|     ap_none|          h_new_36_1_lcssa156|        scalar|
|h_new_37_1_lcssa157  |   in|   14|     ap_none|          h_new_37_1_lcssa157|        scalar|
|h_new_38_1_lcssa158  |   in|   14|     ap_none|          h_new_38_1_lcssa158|        scalar|
|h_new_39_1_lcssa159  |   in|   14|     ap_none|          h_new_39_1_lcssa159|        scalar|
|sext_ln285           |   in|   14|     ap_none|                   sext_ln285|        scalar|
|sext_ln245           |   in|   14|     ap_none|                   sext_ln245|        scalar|
|h_new_39_out         |  out|   14|      ap_vld|                 h_new_39_out|       pointer|
|h_new_39_out_ap_vld  |  out|    1|      ap_vld|                 h_new_39_out|       pointer|
|h_new_38_out         |  out|   14|      ap_vld|                 h_new_38_out|       pointer|
|h_new_38_out_ap_vld  |  out|    1|      ap_vld|                 h_new_38_out|       pointer|
|h_new_37_out         |  out|   14|      ap_vld|                 h_new_37_out|       pointer|
|h_new_37_out_ap_vld  |  out|    1|      ap_vld|                 h_new_37_out|       pointer|
|h_new_36_out         |  out|   14|      ap_vld|                 h_new_36_out|       pointer|
|h_new_36_out_ap_vld  |  out|    1|      ap_vld|                 h_new_36_out|       pointer|
|h_new_35_out         |  out|   14|      ap_vld|                 h_new_35_out|       pointer|
|h_new_35_out_ap_vld  |  out|    1|      ap_vld|                 h_new_35_out|       pointer|
|h_new_34_out         |  out|   14|      ap_vld|                 h_new_34_out|       pointer|
|h_new_34_out_ap_vld  |  out|    1|      ap_vld|                 h_new_34_out|       pointer|
|h_new_33_out         |  out|   14|      ap_vld|                 h_new_33_out|       pointer|
|h_new_33_out_ap_vld  |  out|    1|      ap_vld|                 h_new_33_out|       pointer|
|h_new_32_out         |  out|   14|      ap_vld|                 h_new_32_out|       pointer|
|h_new_32_out_ap_vld  |  out|    1|      ap_vld|                 h_new_32_out|       pointer|
|h_new_31_out         |  out|   14|      ap_vld|                 h_new_31_out|       pointer|
|h_new_31_out_ap_vld  |  out|    1|      ap_vld|                 h_new_31_out|       pointer|
|h_new_30_out         |  out|   14|      ap_vld|                 h_new_30_out|       pointer|
|h_new_30_out_ap_vld  |  out|    1|      ap_vld|                 h_new_30_out|       pointer|
|h_new_29_out         |  out|   14|      ap_vld|                 h_new_29_out|       pointer|
|h_new_29_out_ap_vld  |  out|    1|      ap_vld|                 h_new_29_out|       pointer|
|h_new_28_out         |  out|   14|      ap_vld|                 h_new_28_out|       pointer|
|h_new_28_out_ap_vld  |  out|    1|      ap_vld|                 h_new_28_out|       pointer|
|h_new_27_out         |  out|   14|      ap_vld|                 h_new_27_out|       pointer|
|h_new_27_out_ap_vld  |  out|    1|      ap_vld|                 h_new_27_out|       pointer|
|h_new_26_out         |  out|   14|      ap_vld|                 h_new_26_out|       pointer|
|h_new_26_out_ap_vld  |  out|    1|      ap_vld|                 h_new_26_out|       pointer|
|h_new_25_out         |  out|   14|      ap_vld|                 h_new_25_out|       pointer|
|h_new_25_out_ap_vld  |  out|    1|      ap_vld|                 h_new_25_out|       pointer|
|h_new_24_out         |  out|   14|      ap_vld|                 h_new_24_out|       pointer|
|h_new_24_out_ap_vld  |  out|    1|      ap_vld|                 h_new_24_out|       pointer|
|h_new_23_out         |  out|   14|      ap_vld|                 h_new_23_out|       pointer|
|h_new_23_out_ap_vld  |  out|    1|      ap_vld|                 h_new_23_out|       pointer|
|h_new_22_out         |  out|   14|      ap_vld|                 h_new_22_out|       pointer|
|h_new_22_out_ap_vld  |  out|    1|      ap_vld|                 h_new_22_out|       pointer|
|h_new_21_out         |  out|   14|      ap_vld|                 h_new_21_out|       pointer|
|h_new_21_out_ap_vld  |  out|    1|      ap_vld|                 h_new_21_out|       pointer|
|h_new_20_out         |  out|   14|      ap_vld|                 h_new_20_out|       pointer|
|h_new_20_out_ap_vld  |  out|    1|      ap_vld|                 h_new_20_out|       pointer|
|h_new_19_out         |  out|   14|      ap_vld|                 h_new_19_out|       pointer|
|h_new_19_out_ap_vld  |  out|    1|      ap_vld|                 h_new_19_out|       pointer|
|h_new_18_out         |  out|   14|      ap_vld|                 h_new_18_out|       pointer|
|h_new_18_out_ap_vld  |  out|    1|      ap_vld|                 h_new_18_out|       pointer|
|h_new_17_out         |  out|   14|      ap_vld|                 h_new_17_out|       pointer|
|h_new_17_out_ap_vld  |  out|    1|      ap_vld|                 h_new_17_out|       pointer|
|h_new_16_out         |  out|   14|      ap_vld|                 h_new_16_out|       pointer|
|h_new_16_out_ap_vld  |  out|    1|      ap_vld|                 h_new_16_out|       pointer|
|h_new_15_out         |  out|   14|      ap_vld|                 h_new_15_out|       pointer|
|h_new_15_out_ap_vld  |  out|    1|      ap_vld|                 h_new_15_out|       pointer|
|h_new_14_out         |  out|   14|      ap_vld|                 h_new_14_out|       pointer|
|h_new_14_out_ap_vld  |  out|    1|      ap_vld|                 h_new_14_out|       pointer|
|h_new_13_out         |  out|   14|      ap_vld|                 h_new_13_out|       pointer|
|h_new_13_out_ap_vld  |  out|    1|      ap_vld|                 h_new_13_out|       pointer|
|h_new_12_out         |  out|   14|      ap_vld|                 h_new_12_out|       pointer|
|h_new_12_out_ap_vld  |  out|    1|      ap_vld|                 h_new_12_out|       pointer|
|h_new_11_out         |  out|   14|      ap_vld|                 h_new_11_out|       pointer|
|h_new_11_out_ap_vld  |  out|    1|      ap_vld|                 h_new_11_out|       pointer|
|h_new_10_out         |  out|   14|      ap_vld|                 h_new_10_out|       pointer|
|h_new_10_out_ap_vld  |  out|    1|      ap_vld|                 h_new_10_out|       pointer|
|h_new_9_out          |  out|   14|      ap_vld|                  h_new_9_out|       pointer|
|h_new_9_out_ap_vld   |  out|    1|      ap_vld|                  h_new_9_out|       pointer|
|h_new_8_out          |  out|   14|      ap_vld|                  h_new_8_out|       pointer|
|h_new_8_out_ap_vld   |  out|    1|      ap_vld|                  h_new_8_out|       pointer|
|h_new_7_out          |  out|   14|      ap_vld|                  h_new_7_out|       pointer|
|h_new_7_out_ap_vld   |  out|    1|      ap_vld|                  h_new_7_out|       pointer|
|h_new_6_out          |  out|   14|      ap_vld|                  h_new_6_out|       pointer|
|h_new_6_out_ap_vld   |  out|    1|      ap_vld|                  h_new_6_out|       pointer|
|h_new_5_out          |  out|   14|      ap_vld|                  h_new_5_out|       pointer|
|h_new_5_out_ap_vld   |  out|    1|      ap_vld|                  h_new_5_out|       pointer|
|h_new_4_out          |  out|   14|      ap_vld|                  h_new_4_out|       pointer|
|h_new_4_out_ap_vld   |  out|    1|      ap_vld|                  h_new_4_out|       pointer|
|h_new_3_out          |  out|   14|      ap_vld|                  h_new_3_out|       pointer|
|h_new_3_out_ap_vld   |  out|    1|      ap_vld|                  h_new_3_out|       pointer|
|h_new_2_out          |  out|   14|      ap_vld|                  h_new_2_out|       pointer|
|h_new_2_out_ap_vld   |  out|    1|      ap_vld|                  h_new_2_out|       pointer|
|h_new_1_out          |  out|   14|      ap_vld|                  h_new_1_out|       pointer|
|h_new_1_out_ap_vld   |  out|    1|      ap_vld|                  h_new_1_out|       pointer|
|h_new_out            |  out|   14|      ap_vld|                    h_new_out|       pointer|
|h_new_out_ap_vld     |  out|    1|      ap_vld|                    h_new_out|       pointer|
|y_acc_out            |  out|   32|      ap_vld|                    y_acc_out|       pointer|
|y_acc_out_ap_vld     |  out|    1|      ap_vld|                    y_acc_out|       pointer|
+---------------------+-----+-----+------------+-----------------------------+--------------+

