

================================================================
== Vitis HLS Report for 'gru_va_Pipeline_HIDDEN_LOOP'
================================================================
* Date:           Sat Aug  8 15:16:53 2026

* Version:        2025.2 (Build 6295257 on Nov 14 2025)
* Project:        b_rodent_max
* Solution:       sol_rodent_max_w22 (Vivado IP Flow Target)
* Product family: zynq
* Target device:  xc7z020-clg400-1


================================================================
== Performance Estimates
================================================================
+ Timing: 
    * Summary: 
    +--------+----------+----------+------------+
    |  Clock |  Target  | Estimated| Uncertainty|
    +--------+----------+----------+------------+
    |ap_clk  |  10.00 ns|  7.167 ns|     2.70 ns|
    +--------+----------+----------+------------+

+ Latency: 
    * Summary: 
    +---------+---------+----------+----------+-----+-----+-------------------+
    |  Latency (cycles) |  Latency (absolute) |  Interval |      Pipeline     |
    |   min   |   max   |    min   |    max   | min | max |        Type       |
    +---------+---------+----------+----------+-----+-----+-------------------+
    |      129|      129|  1.290 us|  1.290 us|    0|    0|  loop pipeline stp|
    +---------+---------+----------+----------+-----+-----+-------------------+

    + Detail: 
        * Instance: 
        +------------------+-------+---------+---------+-----------+-----------+-----+-----+---------+
        |                  |       |  Latency (cycles) |   Latency (absolute)  |  Interval | Pipeline|
        |     Instance     | Module|   min   |   max   |    min    |    max    | min | max |   Type  |
        +------------------+-------+---------+---------+-----------+-----------+-----+-----+---------+
        |grp_mac3_fu_2716  |mac3   |        1|        1|  10.000 ns|  10.000 ns|    1|    1|      yes|
        |grp_mac3_fu_2708  |mac3   |        1|        1|  10.000 ns|  10.000 ns|    1|    1|      yes|
        |grp_mac3_fu_2719  |mac3   |        1|        1|  10.000 ns|  10.000 ns|    1|    1|      yes|
        |grp_mac3_fu_2713  |mac3   |        1|        1|  10.000 ns|  10.000 ns|    1|    1|      yes|
        |grp_mac3_fu_2721  |mac3   |        1|        1|  10.000 ns|  10.000 ns|    1|    1|      yes|
        |grp_mac3_fu_2717  |mac3   |        1|        1|  10.000 ns|  10.000 ns|    1|    1|      yes|
        |grp_mac3_fu_2722  |mac3   |        1|        1|  10.000 ns|  10.000 ns|    1|    1|      yes|
        |grp_mac3_fu_2710  |mac3   |        1|        1|  10.000 ns|  10.000 ns|    1|    1|      yes|
        |grp_mac3_fu_2711  |mac3   |        1|        1|  10.000 ns|  10.000 ns|    1|    1|      yes|
        |grp_mac3_fu_2718  |mac3   |        1|        1|  10.000 ns|  10.000 ns|    1|    1|      yes|
        |grp_mac3_fu_2706  |mac3   |        1|        1|  10.000 ns|  10.000 ns|    1|    1|      yes|
        |grp_mac3_fu_2707  |mac3   |        1|        1|  10.000 ns|  10.000 ns|    1|    1|      yes|
        |grp_mac3_fu_2709  |mac3   |        1|        1|  10.000 ns|  10.000 ns|    1|    1|      yes|
        |grp_mac3_fu_2704  |mac3   |        1|        1|  10.000 ns|  10.000 ns|    1|    1|      yes|
        |grp_mac3_fu_2705  |mac3   |        1|        1|  10.000 ns|  10.000 ns|    1|    1|      yes|
        |grp_mac3_fu_2714  |mac3   |        1|        1|  10.000 ns|  10.000 ns|    1|    1|      yes|
        |grp_mac3_fu_2712  |mac3   |        1|        1|  10.000 ns|  10.000 ns|    1|    1|      yes|
        |grp_mac3_fu_2715  |mac3   |        1|        1|  10.000 ns|  10.000 ns|    1|    1|      yes|
        |grp_mac3_fu_2720  |mac3   |        1|        1|  10.000 ns|  10.000 ns|    1|    1|      yes|
        |grp_mac3_fu_2723  |mac3   |        1|        1|  10.000 ns|  10.000 ns|    1|    1|      yes|
        +------------------+-------+---------+---------+-----------+-----------+-----+-----+---------+

        * Loop: 
        +---------------+---------+---------+----------+-----------+-----------+------+----------+
        |               |  Latency (cycles) | Iteration|  Initiation Interval  | Trip |          |
        |   Loop Name   |   min   |   max   |  Latency |  achieved |   target  | Count| Pipelined|
        +---------------+---------+---------+----------+-----------+-----------+------+----------+
        |- HIDDEN_LOOP  |      127|      127|        50|          2|          1|    40|       yes|
        +---------------+---------+---------+----------+-----------+-----------+------+----------+



================================================================
== Utilization Estimates
================================================================
* Summary: 
+-----------------+---------+-----+--------+-------+-----+
|       Name      | BRAM_18K| DSP |   FF   |  LUT  | URAM|
+-----------------+---------+-----+--------+-------+-----+
|DSP              |        -|    -|       -|      -|    -|
|Expression       |        -|    -|       0|  21071|    -|
|FIFO             |        -|    -|       -|      -|    -|
|Instance         |        -|  135|    3745|   5623|    -|
|Memory           |        6|    -|    2514|   1633|    -|
|Multiplexer      |        -|    -|       0|   1618|    -|
|Register         |        -|    -|   17683|   3552|    -|
+-----------------+---------+-----+--------+-------+-----+
|Total            |        6|  135|   23942|  33497|    0|
+-----------------+---------+-----+--------+-------+-----+
|Available        |      280|  220|  106400|  53200|    0|
+-----------------+---------+-----+--------+-------+-----+
|Utilization (%)  |        2|   61|      22|     62|    0|
+-----------------+---------+-----+--------+-------+-----+

+ Detail: 
    * Instance: 
    +---------------------------+-----------------------+---------+----+-----+-----+-----+
    |          Instance         |         Module        | BRAM_18K| DSP|  FF | LUT | URAM|
    +---------------------------+-----------------------+---------+----+-----+-----+-----+
    |grp_mac3_fu_2704           |mac3                   |        0|   6|  179|  257|    0|
    |grp_mac3_fu_2705           |mac3                   |        0|   6|  179|  257|    0|
    |grp_mac3_fu_2706           |mac3                   |        0|   6|  179|  257|    0|
    |grp_mac3_fu_2707           |mac3                   |        0|   6|  179|  257|    0|
    |grp_mac3_fu_2708           |mac3                   |        0|   6|  179|  257|    0|
    |grp_mac3_fu_2709           |mac3                   |        0|   6|  179|  257|    0|
    |grp_mac3_fu_2710           |mac3                   |        0|   6|  179|  257|    0|
    |grp_mac3_fu_2711           |mac3                   |        0|   6|  179|  257|    0|
    |grp_mac3_fu_2712           |mac3                   |        0|   6|  179|  257|    0|
    |grp_mac3_fu_2713           |mac3                   |        0|   6|  179|  257|    0|
    |grp_mac3_fu_2714           |mac3                   |        0|   6|  179|  257|    0|
    |grp_mac3_fu_2715           |mac3                   |        0|   6|  179|  257|    0|
    |grp_mac3_fu_2716           |mac3                   |        0|   6|  179|  257|    0|
    |grp_mac3_fu_2717           |mac3                   |        0|   6|  179|  257|    0|
    |grp_mac3_fu_2718           |mac3                   |        0|   6|  179|  257|    0|
    |grp_mac3_fu_2719           |mac3                   |        0|   6|  179|  257|    0|
    |grp_mac3_fu_2720           |mac3                   |        0|   6|  179|  257|    0|
    |grp_mac3_fu_2721           |mac3                   |        0|   6|  179|  257|    0|
    |grp_mac3_fu_2722           |mac3                   |        0|   6|  179|  257|    0|
    |grp_mac3_fu_2723           |mac3                   |        0|   6|  179|  257|    0|
    |mul_17s_22s_39_1_1_U28     |mul_17s_22s_39_1_1     |        0|   1|    0|   24|    0|
    |mul_20s_22s_42_1_1_U11     |mul_20s_22s_42_1_1     |        0|   2|    0|   24|    0|
    |mul_21s_22s_43_1_1_U12     |mul_21s_22s_43_1_1     |        0|   2|    0|   24|    0|
    |mul_21s_22s_43_1_1_U13     |mul_21s_22s_43_1_1     |        0|   2|    0|   24|    0|
    |mul_22s_20ns_42_1_1_U14    |mul_22s_20ns_42_1_1    |        0|   2|    0|   24|    0|
    |mul_22s_20ns_42_1_1_U15    |mul_22s_20ns_42_1_1    |        0|   2|    0|   24|    0|
    |mul_23s_22s_45_1_1_U16     |mul_23s_22s_45_1_1     |        0|   2|    0|   31|    0|
    |mul_32s_22s_54_2_1_U17     |mul_32s_22s_54_2_1     |        0|   2|  165|   50|    0|
    |sparsemux_7_2_22_1_1_U21   |sparsemux_7_2_22_1_1   |        0|   0|    0|    9|    0|
    |sparsemux_7_2_22_1_1_U22   |sparsemux_7_2_22_1_1   |        0|   0|    0|    9|    0|
    |sparsemux_7_2_22_1_1_U23   |sparsemux_7_2_22_1_1   |        0|   0|    0|    9|    0|
    |sparsemux_7_2_22_1_1_U24   |sparsemux_7_2_22_1_1   |        0|   0|    0|    9|    0|
    |sparsemux_7_2_22_1_1_U26   |sparsemux_7_2_22_1_1   |        0|   0|    0|    9|    0|
    |sparsemux_7_2_22_1_1_U27   |sparsemux_7_2_22_1_1   |        0|   0|    0|    9|    0|
    |sparsemux_7_2_32_1_1_U19   |sparsemux_7_2_32_1_1   |        0|   0|    0|    9|    0|
    |sparsemux_7_2_32_1_1_U20   |sparsemux_7_2_32_1_1   |        0|   0|    0|    9|    0|
    |sparsemux_7_2_32_1_1_U25   |sparsemux_7_2_32_1_1   |        0|   0|    0|    9|    0|
    |sparsemux_81_6_22_1_1_U18  |sparsemux_81_6_22_1_1  |        0|   0|    0|  177|    0|
    +---------------------------+-----------------------+---------+----+-----+-----+-----+
    |Total                      |                       |        0| 135| 3745| 5623|    0|
    +---------------------------+-----------------------+---------+----+-----+-----+-----+

    * DSP: 
    N/A

    * Memory: 
    +--------------+----------------------------------------------------+---------+----+----+-----+------+-----+------+-------------+
    |    Memory    |                       Module                       | BRAM_18K| FF | LUT| URAM| Words| Bits| Banks| W*Bits*Banks|
    +--------------+----------------------------------------------------+---------+----+----+-----+------+-----+------+-------------+
    |TANH_TABLE_U  |gru_va_Pipeline_HIDDEN_LOOP_TANH_TABLE_ROM_AUTO_1R  |        6|   0|   0|    0|  1025|   21|     1|        21525|
    |U_n_0_U       |gru_va_Pipeline_HIDDEN_LOOP_U_n_0_ROM_AUTO_1R       |        0|  20|  13|    0|    40|   20|     1|          800|
    |U_n_10_U      |gru_va_Pipeline_HIDDEN_LOOP_U_n_10_ROM_AUTO_1R      |        0|  18|  12|    0|    40|   18|     1|          720|
    |U_n_11_U      |gru_va_Pipeline_HIDDEN_LOOP_U_n_11_ROM_AUTO_1R      |        0|  17|  11|    0|    40|   17|     1|          680|
    |U_n_12_U      |gru_va_Pipeline_HIDDEN_LOOP_U_n_12_ROM_AUTO_1R      |        0|  19|  12|    0|    40|   19|     1|          760|
    |U_n_13_U      |gru_va_Pipeline_HIDDEN_LOOP_U_n_13_ROM_AUTO_1R      |        0|  18|  12|    0|    40|   18|     1|          720|
    |U_n_14_U      |gru_va_Pipeline_HIDDEN_LOOP_U_n_14_ROM_AUTO_1R      |        0|  17|  11|    0|    40|   17|     1|          680|
    |U_n_15_U      |gru_va_Pipeline_HIDDEN_LOOP_U_n_15_ROM_AUTO_1R      |        0|  18|  12|    0|    40|   18|     1|          720|
    |U_n_16_U      |gru_va_Pipeline_HIDDEN_LOOP_U_n_16_ROM_AUTO_1R      |        0|  18|  12|    0|    40|   18|     1|          720|
    |U_n_17_U      |gru_va_Pipeline_HIDDEN_LOOP_U_n_17_ROM_AUTO_1R      |        0|  19|  12|    0|    40|   19|     1|          760|
    |U_n_18_U      |gru_va_Pipeline_HIDDEN_LOOP_U_n_18_ROM_AUTO_1R      |        0|  18|  12|    0|    40|   18|     1|          720|
    |U_n_19_U      |gru_va_Pipeline_HIDDEN_LOOP_U_n_19_ROM_AUTO_1R      |        0|  18|  12|    0|    40|   18|     1|          720|
    |U_n_1_U       |gru_va_Pipeline_HIDDEN_LOOP_U_n_1_ROM_AUTO_1R       |        0|  18|  12|    0|    40|   18|     1|          720|
    |U_n_20_U      |gru_va_Pipeline_HIDDEN_LOOP_U_n_20_ROM_AUTO_1R      |        0|  19|  12|    0|    40|   19|     1|          760|
    |U_n_21_U      |gru_va_Pipeline_HIDDEN_LOOP_U_n_21_ROM_AUTO_1R      |        0|  18|  12|    0|    40|   18|     1|          720|
    |U_n_22_U      |gru_va_Pipeline_HIDDEN_LOOP_U_n_22_ROM_AUTO_1R      |        0|  18|  12|    0|    40|   18|     1|          720|
    |U_n_23_U      |gru_va_Pipeline_HIDDEN_LOOP_U_n_23_ROM_AUTO_1R      |        0|  19|  12|    0|    40|   19|     1|          760|
    |U_n_24_U      |gru_va_Pipeline_HIDDEN_LOOP_U_n_24_ROM_AUTO_1R      |        0|  19|  12|    0|    40|   19|     1|          760|
    |U_n_25_U      |gru_va_Pipeline_HIDDEN_LOOP_U_n_25_ROM_AUTO_1R      |        0|  18|  12|    0|    40|   18|     1|          720|
    |U_n_26_U      |gru_va_Pipeline_HIDDEN_LOOP_U_n_26_ROM_AUTO_1R      |        0|  18|  12|    0|    40|   18|     1|          720|
    |U_n_27_U      |gru_va_Pipeline_HIDDEN_LOOP_U_n_27_ROM_AUTO_1R      |        0|  18|  12|    0|    40|   18|     1|          720|
    |U_n_28_U      |gru_va_Pipeline_HIDDEN_LOOP_U_n_28_ROM_AUTO_1R      |        0|  18|  12|    0|    40|   18|     1|          720|
    |U_n_29_U      |gru_va_Pipeline_HIDDEN_LOOP_U_n_29_ROM_AUTO_1R      |        0|  18|  12|    0|    40|   18|     1|          720|
    |U_n_2_U       |gru_va_Pipeline_HIDDEN_LOOP_U_n_2_ROM_AUTO_1R       |        0|  20|  13|    0|    40|   20|     1|          800|
    |U_n_30_U      |gru_va_Pipeline_HIDDEN_LOOP_U_n_30_ROM_AUTO_1R      |        0|  18|  12|    0|    40|   18|     1|          720|
    |U_n_31_U      |gru_va_Pipeline_HIDDEN_LOOP_U_n_31_ROM_AUTO_1R      |        0|  18|  12|    0|    40|   18|     1|          720|
    |U_n_32_U      |gru_va_Pipeline_HIDDEN_LOOP_U_n_32_ROM_AUTO_1R      |        0|  19|  12|    0|    40|   19|     1|          760|
    |U_n_33_U      |gru_va_Pipeline_HIDDEN_LOOP_U_n_33_ROM_AUTO_1R      |        0|  18|  12|    0|    40|   18|     1|          720|
    |U_n_34_U      |gru_va_Pipeline_HIDDEN_LOOP_U_n_34_ROM_AUTO_1R      |        0|  19|  12|    0|    40|   19|     1|          760|
    |U_n_35_U      |gru_va_Pipeline_HIDDEN_LOOP_U_n_35_ROM_AUTO_1R      |        0|  19|  12|    0|    40|   19|     1|          760|
    |U_n_36_U      |gru_va_Pipeline_HIDDEN_LOOP_U_n_36_ROM_AUTO_1R      |        0|  19|  12|    0|    40|   19|     1|          760|
    |U_n_37_U      |gru_va_Pipeline_HIDDEN_LOOP_U_n_37_ROM_AUTO_1R      |        0|  20|  13|    0|    40|   20|     1|          800|
    |U_n_38_U      |gru_va_Pipeline_HIDDEN_LOOP_U_n_38_ROM_AUTO_1R      |        0|  18|  12|    0|    40|   18|     1|          720|
    |U_n_39_U      |gru_va_Pipeline_HIDDEN_LOOP_U_n_39_ROM_AUTO_1R      |        0|  18|  12|    0|    40|   18|     1|          720|
    |U_n_3_U       |gru_va_Pipeline_HIDDEN_LOOP_U_n_3_ROM_AUTO_1R       |        0|  20|  13|    0|    40|   20|     1|          800|
    |U_n_4_U       |gru_va_Pipeline_HIDDEN_LOOP_U_n_4_ROM_AUTO_1R       |        0|  17|  11|    0|    40|   17|     1|          680|
    |U_n_5_U       |gru_va_Pipeline_HIDDEN_LOOP_U_n_5_ROM_AUTO_1R       |        0|  18|  12|    0|    40|   18|     1|          720|
    |U_n_6_U       |gru_va_Pipeline_HIDDEN_LOOP_U_n_6_ROM_AUTO_1R       |        0|  19|  12|    0|    40|   19|     1|          760|
    |U_n_7_U       |gru_va_Pipeline_HIDDEN_LOOP_U_n_7_ROM_AUTO_1R       |        0|  19|  12|    0|    40|   19|     1|          760|
    |U_n_8_U       |gru_va_Pipeline_HIDDEN_LOOP_U_n_8_ROM_AUTO_1R       |        0|  19|  12|    0|    40|   19|     1|          760|
    |U_n_9_U       |gru_va_Pipeline_HIDDEN_LOOP_U_n_9_ROM_AUTO_1R       |        0|  19|  12|    0|    40|   19|     1|          760|
    |U_r_0_U       |gru_va_Pipeline_HIDDEN_LOOP_U_r_0_ROM_AUTO_1R       |        0|  20|  13|    0|    40|   20|     1|          800|
    |U_r_10_U      |gru_va_Pipeline_HIDDEN_LOOP_U_r_10_ROM_AUTO_1R      |        0|  20|  13|    0|    40|   20|     1|          800|
    |U_r_11_U      |gru_va_Pipeline_HIDDEN_LOOP_U_r_11_ROM_AUTO_1R      |        0|  19|  12|    0|    40|   19|     1|          760|
    |U_r_12_U      |gru_va_Pipeline_HIDDEN_LOOP_U_r_12_ROM_AUTO_1R      |        0|  19|  12|    0|    40|   19|     1|          760|
    |U_r_13_U      |gru_va_Pipeline_HIDDEN_LOOP_U_r_13_ROM_AUTO_1R      |        0|  20|  13|    0|    40|   20|     1|          800|
    |U_r_14_U      |gru_va_Pipeline_HIDDEN_LOOP_U_r_14_ROM_AUTO_1R      |        0|  18|  12|    0|    40|   18|     1|          720|
    |U_r_15_U      |gru_va_Pipeline_HIDDEN_LOOP_U_r_15_ROM_AUTO_1R      |        0|  19|  12|    0|    40|   19|     1|          760|
    |U_r_16_U      |gru_va_Pipeline_HIDDEN_LOOP_U_r_16_ROM_AUTO_1R      |        0|  20|  13|    0|    40|   20|     1|          800|
    |U_r_17_U      |gru_va_Pipeline_HIDDEN_LOOP_U_r_17_ROM_AUTO_1R      |        0|  21|  14|    0|    40|   21|     1|          840|
    |U_r_18_U      |gru_va_Pipeline_HIDDEN_LOOP_U_r_18_ROM_AUTO_1R      |        0|  20|  13|    0|    40|   20|     1|          800|
    |U_r_19_U      |gru_va_Pipeline_HIDDEN_LOOP_U_r_19_ROM_AUTO_1R      |        0|  20|  13|    0|    40|   20|     1|          800|
    |U_r_1_U       |gru_va_Pipeline_HIDDEN_LOOP_U_r_1_ROM_AUTO_1R       |        0|  19|  12|    0|    40|   19|     1|          760|
    |U_r_20_U      |gru_va_Pipeline_HIDDEN_LOOP_U_r_20_ROM_AUTO_1R      |        0|  19|  12|    0|    40|   19|     1|          760|
    |U_r_21_U      |gru_va_Pipeline_HIDDEN_LOOP_U_r_21_ROM_AUTO_1R      |        0|  20|  13|    0|    40|   20|     1|          800|
    |U_r_22_U      |gru_va_Pipeline_HIDDEN_LOOP_U_r_22_ROM_AUTO_1R      |        0|  20|  13|    0|    40|   20|     1|          800|
    |U_r_23_U      |gru_va_Pipeline_HIDDEN_LOOP_U_r_23_ROM_AUTO_1R      |        0|  21|  14|    0|    40|   21|     1|          840|
    |U_r_24_U      |gru_va_Pipeline_HIDDEN_LOOP_U_r_24_ROM_AUTO_1R      |        0|  20|  13|    0|    40|   20|     1|          800|
    |U_r_25_U      |gru_va_Pipeline_HIDDEN_LOOP_U_r_25_ROM_AUTO_1R      |        0|  19|  12|    0|    40|   19|     1|          760|
    |U_r_26_U      |gru_va_Pipeline_HIDDEN_LOOP_U_r_26_ROM_AUTO_1R      |        0|  18|  12|    0|    40|   18|     1|          720|
    |U_r_27_U      |gru_va_Pipeline_HIDDEN_LOOP_U_r_27_ROM_AUTO_1R      |        0|  19|  12|    0|    40|   19|     1|          760|
    |U_r_28_U      |gru_va_Pipeline_HIDDEN_LOOP_U_r_28_ROM_AUTO_1R      |        0|  20|  13|    0|    40|   20|     1|          800|
    |U_r_29_U      |gru_va_Pipeline_HIDDEN_LOOP_U_r_29_ROM_AUTO_1R      |        0|  19|  12|    0|    40|   19|     1|          760|
    |U_r_2_U       |gru_va_Pipeline_HIDDEN_LOOP_U_r_2_ROM_AUTO_1R       |        0|  20|  13|    0|    40|   20|     1|          800|
    |U_r_30_U      |gru_va_Pipeline_HIDDEN_LOOP_U_r_30_ROM_AUTO_1R      |        0|  19|  12|    0|    40|   19|     1|          760|
    |U_r_31_U      |gru_va_Pipeline_HIDDEN_LOOP_U_r_31_ROM_AUTO_1R      |        0|  19|  12|    0|    40|   19|     1|          760|
    |U_r_32_U      |gru_va_Pipeline_HIDDEN_LOOP_U_r_32_ROM_AUTO_1R      |        0|  20|  13|    0|    40|   20|     1|          800|
    |U_r_33_U      |gru_va_Pipeline_HIDDEN_LOOP_U_r_33_ROM_AUTO_1R      |        0|  19|  12|    0|    40|   19|     1|          760|
    |U_r_34_U      |gru_va_Pipeline_HIDDEN_LOOP_U_r_34_ROM_AUTO_1R      |        0|  20|  13|    0|    40|   20|     1|          800|
    |U_r_35_U      |gru_va_Pipeline_HIDDEN_LOOP_U_r_35_ROM_AUTO_1R      |        0|  20|  13|    0|    40|   20|     1|          800|
    |U_r_36_U      |gru_va_Pipeline_HIDDEN_LOOP_U_r_36_ROM_AUTO_1R      |        0|  21|  14|    0|    40|   21|     1|          840|
    |U_r_37_U      |gru_va_Pipeline_HIDDEN_LOOP_U_r_37_ROM_AUTO_1R      |        0|  20|  13|    0|    40|   20|     1|          800|
    |U_r_38_U      |gru_va_Pipeline_HIDDEN_LOOP_U_r_38_ROM_AUTO_1R      |        0|  19|  12|    0|    40|   19|     1|          760|
    |U_r_39_U      |gru_va_Pipeline_HIDDEN_LOOP_U_r_39_ROM_AUTO_1R      |        0|  20|  13|    0|    40|   20|     1|          800|
    |U_r_3_U       |gru_va_Pipeline_HIDDEN_LOOP_U_r_3_ROM_AUTO_1R       |        0|  20|  13|    0|    40|   20|     1|          800|
    |U_r_4_U       |gru_va_Pipeline_HIDDEN_LOOP_U_r_4_ROM_AUTO_1R       |        0|  19|  12|    0|    40|   19|     1|          760|
    |U_r_5_U       |gru_va_Pipeline_HIDDEN_LOOP_U_r_5_ROM_AUTO_1R       |        0|  20|  13|    0|    40|   20|     1|          800|
    |U_r_6_U       |gru_va_Pipeline_HIDDEN_LOOP_U_r_6_ROM_AUTO_1R       |        0|  20|  13|    0|    40|   20|     1|          800|
    |U_r_7_U       |gru_va_Pipeline_HIDDEN_LOOP_U_r_7_ROM_AUTO_1R       |        0|  20|  13|    0|    40|   20|     1|          800|
    |U_r_8_U       |gru_va_Pipeline_HIDDEN_LOOP_U_r_8_ROM_AUTO_1R       |        0|  19|  12|    0|    40|   19|     1|          760|
    |U_r_9_U       |gru_va_Pipeline_HIDDEN_LOOP_U_r_9_ROM_AUTO_1R       |        0|  19|  12|    0|    40|   19|     1|          760|
    |U_z_0_U       |gru_va_Pipeline_HIDDEN_LOOP_U_z_0_ROM_AUTO_1R       |        0|  20|  13|    0|    40|   20|     1|          800|
    |U_z_10_U      |gru_va_Pipeline_HIDDEN_LOOP_U_z_10_ROM_AUTO_1R      |        0|  20|  13|    0|    40|   20|     1|          800|
    |U_z_11_U      |gru_va_Pipeline_HIDDEN_LOOP_U_z_11_ROM_AUTO_1R      |        0|  20|  13|    0|    40|   20|     1|          800|
    |U_z_12_U      |gru_va_Pipeline_HIDDEN_LOOP_U_z_12_ROM_AUTO_1R      |        0|  20|  13|    0|    40|   20|     1|          800|
    |U_z_13_U      |gru_va_Pipeline_HIDDEN_LOOP_U_z_13_ROM_AUTO_1R      |        0|  21|  14|    0|    40|   21|     1|          840|
    |U_z_14_U      |gru_va_Pipeline_HIDDEN_LOOP_U_z_14_ROM_AUTO_1R      |        0|  20|  13|    0|    40|   20|     1|          800|
    |U_z_15_U      |gru_va_Pipeline_HIDDEN_LOOP_U_z_15_ROM_AUTO_1R      |        0|  20|  13|    0|    40|   20|     1|          800|
    |U_z_16_U      |gru_va_Pipeline_HIDDEN_LOOP_U_z_16_ROM_AUTO_1R      |        0|  20|  13|    0|    40|   20|     1|          800|
    |U_z_17_U      |gru_va_Pipeline_HIDDEN_LOOP_U_z_17_ROM_AUTO_1R      |        0|  19|  12|    0|    40|   19|     1|          760|
    |U_z_18_U      |gru_va_Pipeline_HIDDEN_LOOP_U_z_18_ROM_AUTO_1R      |        0|  20|  13|    0|    40|   20|     1|          800|
    |U_z_19_U      |gru_va_Pipeline_HIDDEN_LOOP_U_z_19_ROM_AUTO_1R      |        0|  21|  14|    0|    40|   21|     1|          840|
    |U_z_1_U       |gru_va_Pipeline_HIDDEN_LOOP_U_z_1_ROM_AUTO_1R       |        0|  20|  13|    0|    40|   20|     1|          800|
    |U_z_20_U      |gru_va_Pipeline_HIDDEN_LOOP_U_z_20_ROM_AUTO_1R      |        0|  20|  13|    0|    40|   20|     1|          800|
    |U_z_21_U      |gru_va_Pipeline_HIDDEN_LOOP_U_z_21_ROM_AUTO_1R      |        0|  20|  13|    0|    40|   20|     1|          800|
    |U_z_22_U      |gru_va_Pipeline_HIDDEN_LOOP_U_z_22_ROM_AUTO_1R      |        0|  20|  13|    0|    40|   20|     1|          800|
    |U_z_23_U      |gru_va_Pipeline_HIDDEN_LOOP_U_z_23_ROM_AUTO_1R      |        0|  22|  14|    0|    40|   22|     1|          880|
    |U_z_24_U      |gru_va_Pipeline_HIDDEN_LOOP_U_z_24_ROM_AUTO_1R      |        0|  19|  12|    0|    40|   19|     1|          760|
    |U_z_25_U      |gru_va_Pipeline_HIDDEN_LOOP_U_z_25_ROM_AUTO_1R      |        0|  20|  13|    0|    40|   20|     1|          800|
    |U_z_26_U      |gru_va_Pipeline_HIDDEN_LOOP_U_z_26_ROM_AUTO_1R      |        0|  20|  13|    0|    40|   20|     1|          800|
    |U_z_27_U      |gru_va_Pipeline_HIDDEN_LOOP_U_z_27_ROM_AUTO_1R      |        0|  20|  13|    0|    40|   20|     1|          800|
    |U_z_28_U      |gru_va_Pipeline_HIDDEN_LOOP_U_z_28_ROM_AUTO_1R      |        0|  20|  13|    0|    40|   20|     1|          800|
    |U_z_29_U      |gru_va_Pipeline_HIDDEN_LOOP_U_z_29_ROM_AUTO_1R      |        0|  20|  13|    0|    40|   20|     1|          800|
    |U_z_2_U       |gru_va_Pipeline_HIDDEN_LOOP_U_z_2_ROM_AUTO_1R       |        0|  20|  13|    0|    40|   20|     1|          800|
    |U_z_30_U      |gru_va_Pipeline_HIDDEN_LOOP_U_z_30_ROM_AUTO_1R      |        0|  20|  13|    0|    40|   20|     1|          800|
    |U_z_31_U      |gru_va_Pipeline_HIDDEN_LOOP_U_z_31_ROM_AUTO_1R      |        0|  20|  13|    0|    40|   20|     1|          800|
    |U_z_32_U      |gru_va_Pipeline_HIDDEN_LOOP_U_z_32_ROM_AUTO_1R      |        0|  19|  12|    0|    40|   19|     1|          760|
    |U_z_33_U      |gru_va_Pipeline_HIDDEN_LOOP_U_z_33_ROM_AUTO_1R      |        0|  20|  13|    0|    40|   20|     1|          800|
    |U_z_34_U      |gru_va_Pipeline_HIDDEN_LOOP_U_z_34_ROM_AUTO_1R      |        0|  20|  13|    0|    40|   20|     1|          800|
    |U_z_35_U      |gru_va_Pipeline_HIDDEN_LOOP_U_z_35_ROM_AUTO_1R      |        0|  21|  14|    0|    40|   21|     1|          840|
    |U_z_36_U      |gru_va_Pipeline_HIDDEN_LOOP_U_z_36_ROM_AUTO_1R      |        0|  20|  13|    0|    40|   20|     1|          800|
    |U_z_37_U      |gru_va_Pipeline_HIDDEN_LOOP_U_z_37_ROM_AUTO_1R      |        0|  20|  13|    0|    40|   20|     1|          800|
    |U_z_38_U      |gru_va_Pipeline_HIDDEN_LOOP_U_z_38_ROM_AUTO_1R      |        0|  20|  13|    0|    40|   20|     1|          800|
    |U_z_39_U      |gru_va_Pipeline_HIDDEN_LOOP_U_z_39_ROM_AUTO_1R      |        0|  20|  13|    0|    40|   20|     1|          800|
    |U_z_3_U       |gru_va_Pipeline_HIDDEN_LOOP_U_z_3_ROM_AUTO_1R       |        0|  20|  13|    0|    40|   20|     1|          800|
    |U_z_4_U       |gru_va_Pipeline_HIDDEN_LOOP_U_z_4_ROM_AUTO_1R       |        0|  20|  13|    0|    40|   20|     1|          800|
    |U_z_5_U       |gru_va_Pipeline_HIDDEN_LOOP_U_z_5_ROM_AUTO_1R       |        0|  20|  13|    0|    40|   20|     1|          800|
    |U_z_6_U       |gru_va_Pipeline_HIDDEN_LOOP_U_z_6_ROM_AUTO_1R       |        0|  20|  13|    0|    40|   20|     1|          800|
    |U_z_7_U       |gru_va_Pipeline_HIDDEN_LOOP_U_z_7_ROM_AUTO_1R       |        0|  20|  13|    0|    40|   20|     1|          800|
    |U_z_8_U       |gru_va_Pipeline_HIDDEN_LOOP_U_z_8_ROM_AUTO_1R       |        0|  20|  13|    0|    40|   20|     1|          800|
    |U_z_9_U       |gru_va_Pipeline_HIDDEN_LOOP_U_z_9_ROM_AUTO_1R       |        0|  20|  13|    0|    40|   20|     1|          800|
    |W_n_U         |gru_va_Pipeline_HIDDEN_LOOP_W_n_ROM_AUTO_1R         |        0|  21|  14|    0|    40|   21|     1|          840|
    |W_r_U         |gru_va_Pipeline_HIDDEN_LOOP_W_r_ROM_AUTO_1R         |        0|  21|  14|    0|    40|   21|     1|          840|
    |W_z_U         |gru_va_Pipeline_HIDDEN_LOOP_W_z_ROM_AUTO_1R         |        0|  20|  13|    0|    40|   20|     1|          800|
    |b_hn_U        |gru_va_Pipeline_HIDDEN_LOOP_b_hn_ROM_AUTO_1R        |        0|  18|  12|    0|    40|   18|     1|          720|
    |b_hr_U        |gru_va_Pipeline_HIDDEN_LOOP_b_hr_ROM_AUTO_1R        |        0|  18|  12|    0|    40|   18|     1|          720|
    |b_hz_U        |gru_va_Pipeline_HIDDEN_LOOP_b_hz_ROM_AUTO_1R        |        0|  20|  13|    0|    40|   20|     1|          800|
    |b_in_U        |gru_va_Pipeline_HIDDEN_LOOP_b_in_ROM_AUTO_1R        |        0|  18|  12|    0|    40|   18|     1|          720|
    |b_ir_U        |gru_va_Pipeline_HIDDEN_LOOP_b_ir_ROM_AUTO_1R        |        0|  18|  12|    0|    40|   18|     1|          720|
    |b_iz_U        |gru_va_Pipeline_HIDDEN_LOOP_b_iz_ROM_AUTO_1R        |        0|  19|  12|    0|    40|   19|     1|          760|
    |w_out_U       |gru_va_Pipeline_HIDDEN_LOOP_w_out_ROM_AUTO_1R       |        0|  17|  11|    0|    40|   17|     1|          680|
    +--------------+----------------------------------------------------+---------+----+----+-----+------+-----+------+-------------+
    |Total         |                                                    |        6|2514|1633|    0|  6225| 2535|   131|       122085|
    +--------------+----------------------------------------------------+---------+----+----+-----+------+-----+------+-------------+

    * FIFO: 
    N/A

    * Expression: 
    +-------------------------------+----------+----+---+-----+------------+------------+
    |         Variable Name         | Operation| DSP| FF| LUT | Bitwidth P0| Bitwidth P1|
    +-------------------------------+----------+----+---+-----+------------+------------+
    |add_ln169_1_fu_15986_p2        |         +|   0|  0|   12|          11|           1|
    |add_ln169_2_fu_17397_p2        |         +|   0|  0|   12|          11|           1|
    |add_ln169_fu_15865_p2          |         +|   0|  0|   12|          11|           1|
    |add_ln170_2_fu_16380_p2        |         +|   0|  0|   49|          42|          42|
    |add_ln170_4_fu_17451_p2        |         +|   0|  0|   49|          42|          42|
    |add_ln170_fu_16041_p2          |         +|   0|  0|   49|          42|          42|
    |add_ln183_2_fu_17760_p2        |         +|   0|  0|   30|          23|          21|
    |add_ln183_fu_16777_p2          |         +|   0|  0|   30|          23|          21|
    |add_ln245_fu_6540_p2           |         +|   0|  0|   14|           6|           1|
    |add_ln285_1_fu_7220_p2         |         +|   0|  0|   49|          42|          42|
    |add_ln285_fu_6553_p2           |         +|   0|  0|   26|          19|          19|
    |add_ln287_1_fu_7291_p2         |         +|   0|  0|   49|          42|          42|
    |add_ln287_fu_6563_p2           |         +|   0|  0|   27|          20|          20|
    |add_ln290_fu_7362_p2           |         +|   0|  0|   49|          42|          42|
    |add_ln300_10_fu_9475_p2        |         +|   0|  0|   40|          33|          33|
    |add_ln300_11_fu_9675_p2        |         +|   0|  0|   40|          33|          33|
    |add_ln300_12_fu_9877_p2        |         +|   0|  0|   40|          33|          33|
    |add_ln300_13_fu_10077_p2       |         +|   0|  0|   40|          33|          33|
    |add_ln300_14_fu_10279_p2       |         +|   0|  0|   40|          33|          33|
    |add_ln300_15_fu_10479_p2       |         +|   0|  0|   40|          33|          33|
    |add_ln300_16_fu_10681_p2       |         +|   0|  0|   40|          33|          33|
    |add_ln300_17_fu_10881_p2       |         +|   0|  0|   40|          33|          33|
    |add_ln300_18_fu_11083_p2       |         +|   0|  0|   40|          33|          33|
    |add_ln300_19_fu_11283_p2       |         +|   0|  0|   40|          33|          33|
    |add_ln300_1_fu_7665_p2         |         +|   0|  0|   40|          33|          33|
    |add_ln300_20_fu_11485_p2       |         +|   0|  0|   40|          33|          33|
    |add_ln300_21_fu_11685_p2       |         +|   0|  0|   40|          33|          33|
    |add_ln300_22_fu_11887_p2       |         +|   0|  0|   40|          33|          33|
    |add_ln300_23_fu_12087_p2       |         +|   0|  0|   40|          33|          33|
    |add_ln300_24_fu_12289_p2       |         +|   0|  0|   40|          33|          33|
    |add_ln300_25_fu_12489_p2       |         +|   0|  0|   40|          33|          33|
    |add_ln300_26_fu_12691_p2       |         +|   0|  0|   40|          33|          33|
    |add_ln300_27_fu_12891_p2       |         +|   0|  0|   40|          33|          33|
    |add_ln300_28_fu_13093_p2       |         +|   0|  0|   40|          33|          33|
    |add_ln300_29_fu_13293_p2       |         +|   0|  0|   40|          33|          33|
    |add_ln300_2_fu_7867_p2         |         +|   0|  0|   40|          33|          33|
    |add_ln300_30_fu_13495_p2       |         +|   0|  0|   40|          33|          33|
    |add_ln300_31_fu_13695_p2       |         +|   0|  0|   40|          33|          33|
    |add_ln300_32_fu_13897_p2       |         +|   0|  0|   40|          33|          33|
    |add_ln300_33_fu_14097_p2       |         +|   0|  0|   40|          33|          33|
    |add_ln300_34_fu_14299_p2       |         +|   0|  0|   40|          33|          33|
    |add_ln300_35_fu_14499_p2       |         +|   0|  0|   40|          33|          33|
    |add_ln300_36_fu_14701_p2       |         +|   0|  0|   40|          33|          33|
    |add_ln300_37_fu_14901_p2       |         +|   0|  0|   40|          33|          33|
    |add_ln300_38_fu_15103_p2       |         +|   0|  0|   40|          33|          33|
    |add_ln300_39_fu_15303_p2       |         +|   0|  0|   40|          33|          33|
    |add_ln300_3_fu_8067_p2         |         +|   0|  0|   40|          33|          33|
    |add_ln300_40_fu_7445_p2        |         +|   0|  0|   39|          32|          32|
    |add_ln300_4_fu_8269_p2         |         +|   0|  0|   40|          33|          33|
    |add_ln300_5_fu_8469_p2         |         +|   0|  0|   40|          33|          33|
    |add_ln300_6_fu_8671_p2         |         +|   0|  0|   40|          33|          33|
    |add_ln300_7_fu_8871_p2         |         +|   0|  0|   40|          33|          33|
    |add_ln300_8_fu_9073_p2         |         +|   0|  0|   40|          33|          33|
    |add_ln300_9_fu_9273_p2         |         +|   0|  0|   40|          33|          33|
    |add_ln300_fu_7450_p2           |         +|   0|  0|   40|          33|          33|
    |add_ln301_10_fu_9541_p2        |         +|   0|  0|   40|          33|          33|
    |add_ln301_11_fu_9743_p2        |         +|   0|  0|   40|          33|          33|
    |add_ln301_12_fu_9943_p2        |         +|   0|  0|   40|          33|          33|
    |add_ln301_13_fu_10145_p2       |         +|   0|  0|   40|          33|          33|
    |add_ln301_14_fu_10345_p2       |         +|   0|  0|   40|          33|          33|
    |add_ln301_15_fu_10547_p2       |         +|   0|  0|   40|          33|          33|
    |add_ln301_16_fu_10747_p2       |         +|   0|  0|   40|          33|          33|
    |add_ln301_17_fu_10949_p2       |         +|   0|  0|   40|          33|          33|
    |add_ln301_18_fu_11149_p2       |         +|   0|  0|   40|          33|          33|
    |add_ln301_19_fu_11351_p2       |         +|   0|  0|   40|          33|          33|
    |add_ln301_1_fu_7733_p2         |         +|   0|  0|   40|          33|          33|
    |add_ln301_20_fu_11551_p2       |         +|   0|  0|   40|          33|          33|
    |add_ln301_21_fu_11753_p2       |         +|   0|  0|   40|          33|          33|
    |add_ln301_22_fu_11953_p2       |         +|   0|  0|   40|          33|          33|
    |add_ln301_23_fu_12155_p2       |         +|   0|  0|   40|          33|          33|
    |add_ln301_24_fu_12355_p2       |         +|   0|  0|   40|          33|          33|
    |add_ln301_25_fu_12557_p2       |         +|   0|  0|   40|          33|          33|
    |add_ln301_26_fu_12757_p2       |         +|   0|  0|   40|          33|          33|
    |add_ln301_27_fu_12959_p2       |         +|   0|  0|   40|          33|          33|
    |add_ln301_28_fu_13159_p2       |         +|   0|  0|   40|          33|          33|
    |add_ln301_29_fu_13361_p2       |         +|   0|  0|   40|          33|          33|
    |add_ln301_2_fu_7933_p2         |         +|   0|  0|   40|          33|          33|
    |add_ln301_30_fu_13561_p2       |         +|   0|  0|   40|          33|          33|
    |add_ln301_31_fu_13763_p2       |         +|   0|  0|   40|          33|          33|
    |add_ln301_32_fu_13963_p2       |         +|   0|  0|   40|          33|          33|
    |add_ln301_33_fu_14165_p2       |         +|   0|  0|   40|          33|          33|
    |add_ln301_34_fu_14365_p2       |         +|   0|  0|   40|          33|          33|
    |add_ln301_35_fu_14567_p2       |         +|   0|  0|   40|          33|          33|
    |add_ln301_36_fu_14767_p2       |         +|   0|  0|   40|          33|          33|
    |add_ln301_37_fu_14969_p2       |         +|   0|  0|   40|          33|          33|
    |add_ln301_38_fu_15169_p2       |         +|   0|  0|   40|          33|          33|
    |add_ln301_39_fu_15371_p2       |         +|   0|  0|   40|          33|          33|
    |add_ln301_3_fu_8135_p2         |         +|   0|  0|   40|          33|          33|
    |add_ln301_40_fu_7516_p2        |         +|   0|  0|   39|          32|          32|
    |add_ln301_4_fu_8335_p2         |         +|   0|  0|   40|          33|          33|
    |add_ln301_5_fu_8537_p2         |         +|   0|  0|   40|          33|          33|
    |add_ln301_6_fu_8737_p2         |         +|   0|  0|   40|          33|          33|
    |add_ln301_7_fu_8939_p2         |         +|   0|  0|   40|          33|          33|
    |add_ln301_8_fu_9139_p2         |         +|   0|  0|   40|          33|          33|
    |add_ln301_9_fu_9341_p2         |         +|   0|  0|   40|          33|          33|
    |add_ln301_fu_7521_p2           |         +|   0|  0|   40|          33|          33|
    |add_ln302_10_fu_9607_p2        |         +|   0|  0|   40|          33|          33|
    |add_ln302_11_fu_9811_p2        |         +|   0|  0|   40|          33|          33|
    |add_ln302_12_fu_10009_p2       |         +|   0|  0|   40|          33|          33|
    |add_ln302_13_fu_10213_p2       |         +|   0|  0|   40|          33|          33|
    |add_ln302_14_fu_10411_p2       |         +|   0|  0|   40|          33|          33|
    |add_ln302_15_fu_10615_p2       |         +|   0|  0|   40|          33|          33|
    |add_ln302_16_fu_10813_p2       |         +|   0|  0|   40|          33|          33|
    |add_ln302_17_fu_11017_p2       |         +|   0|  0|   40|          33|          33|
    |add_ln302_18_fu_11215_p2       |         +|   0|  0|   40|          33|          33|
    |add_ln302_19_fu_11419_p2       |         +|   0|  0|   40|          33|          33|
    |add_ln302_1_fu_7801_p2         |         +|   0|  0|   40|          33|          33|
    |add_ln302_20_fu_11617_p2       |         +|   0|  0|   40|          33|          33|
    |add_ln302_21_fu_11821_p2       |         +|   0|  0|   40|          33|          33|
    |add_ln302_22_fu_12019_p2       |         +|   0|  0|   40|          33|          33|
    |add_ln302_23_fu_12223_p2       |         +|   0|  0|   40|          33|          33|
    |add_ln302_24_fu_12421_p2       |         +|   0|  0|   40|          33|          33|
    |add_ln302_25_fu_12625_p2       |         +|   0|  0|   40|          33|          33|
    |add_ln302_26_fu_12823_p2       |         +|   0|  0|   40|          33|          33|
    |add_ln302_27_fu_13027_p2       |         +|   0|  0|   40|          33|          33|
    |add_ln302_28_fu_13225_p2       |         +|   0|  0|   40|          33|          33|
    |add_ln302_29_fu_13429_p2       |         +|   0|  0|   40|          33|          33|
    |add_ln302_2_fu_7999_p2         |         +|   0|  0|   40|          33|          33|
    |add_ln302_30_fu_13627_p2       |         +|   0|  0|   40|          33|          33|
    |add_ln302_31_fu_13831_p2       |         +|   0|  0|   40|          33|          33|
    |add_ln302_32_fu_14029_p2       |         +|   0|  0|   40|          33|          33|
    |add_ln302_33_fu_14233_p2       |         +|   0|  0|   40|          33|          33|
    |add_ln302_34_fu_14431_p2       |         +|   0|  0|   40|          33|          33|
    |add_ln302_35_fu_14635_p2       |         +|   0|  0|   40|          33|          33|
    |add_ln302_36_fu_14833_p2       |         +|   0|  0|   40|          33|          33|
    |add_ln302_37_fu_15037_p2       |         +|   0|  0|   40|          33|          33|
    |add_ln302_38_fu_15235_p2       |         +|   0|  0|   40|          33|          33|
    |add_ln302_39_fu_15405_p2       |         +|   0|  0|   40|          33|          33|
    |add_ln302_3_fu_8203_p2         |         +|   0|  0|   40|          33|          33|
    |add_ln302_40_fu_7588_p2        |         +|   0|  0|   39|          32|          32|
    |add_ln302_4_fu_8401_p2         |         +|   0|  0|   40|          33|          33|
    |add_ln302_5_fu_8605_p2         |         +|   0|  0|   40|          33|          33|
    |add_ln302_6_fu_8803_p2         |         +|   0|  0|   40|          33|          33|
    |add_ln302_7_fu_9007_p2         |         +|   0|  0|   40|          33|          33|
    |add_ln302_8_fu_9205_p2         |         +|   0|  0|   40|          33|          33|
    |add_ln302_9_fu_9409_p2         |         +|   0|  0|   40|          33|          33|
    |add_ln302_fu_7593_p2           |         +|   0|  0|   40|          33|          33|
    |add_ln314_fu_17046_p2          |         +|   0|  0|   61|          54|          54|
    |add_ln324_fu_18042_p2          |         +|   0|  0|   52|          45|          45|
    |add_ln331_1_fu_18603_p2        |         +|   0|  0|   40|          33|          33|
    |add_ln331_2_fu_18597_p2        |         +|   0|  0|   39|          32|          32|
    |add_ln331_fu_18578_p2          |         +|   0|  0|   30|          23|          23|
    |candidate_pre_1_fu_17113_p2    |         +|   0|  0|   39|          32|          32|
    |half_v_1_fu_15531_p2           |         +|   0|  0|   39|          32|          32|
    |half_v_4_fu_15707_p2           |         +|   0|  0|   39|          32|          32|
    |r_1_fu_16823_p2                |         +|   0|  0|   29|          22|          22|
    |state_update_1_fu_18105_p2     |         +|   0|  0|   33|          26|          26|
    |val_n_in_fu_7416_p2            |         +|   0|  0|   33|          26|          26|
    |val_n_rec_11_fu_8600_p2        |         +|   0|  0|   39|          32|          32|
    |val_n_rec_13_fu_8799_p2        |         +|   0|  0|   39|          32|          32|
    |val_n_rec_15_fu_9002_p2        |         +|   0|  0|   39|          32|          32|
    |val_n_rec_17_fu_9201_p2        |         +|   0|  0|   39|          32|          32|
    |val_n_rec_19_fu_9404_p2        |         +|   0|  0|   39|          32|          32|
    |val_n_rec_21_fu_9603_p2        |         +|   0|  0|   39|          32|          32|
    |val_n_rec_23_fu_9806_p2        |         +|   0|  0|   39|          32|          32|
    |val_n_rec_25_fu_10005_p2       |         +|   0|  0|   39|          32|          32|
    |val_n_rec_27_fu_10208_p2       |         +|   0|  0|   39|          32|          32|
    |val_n_rec_29_fu_10407_p2       |         +|   0|  0|   39|          32|          32|
    |val_n_rec_31_fu_10610_p2       |         +|   0|  0|   39|          32|          32|
    |val_n_rec_33_fu_10809_p2       |         +|   0|  0|   39|          32|          32|
    |val_n_rec_35_fu_11012_p2       |         +|   0|  0|   39|          32|          32|
    |val_n_rec_37_fu_11211_p2       |         +|   0|  0|   39|          32|          32|
    |val_n_rec_39_fu_11414_p2       |         +|   0|  0|   39|          32|          32|
    |val_n_rec_3_fu_7796_p2         |         +|   0|  0|   39|          32|          32|
    |val_n_rec_41_fu_11613_p2       |         +|   0|  0|   39|          32|          32|
    |val_n_rec_43_fu_11816_p2       |         +|   0|  0|   39|          32|          32|
    |val_n_rec_45_fu_12015_p2       |         +|   0|  0|   39|          32|          32|
    |val_n_rec_47_fu_12218_p2       |         +|   0|  0|   39|          32|          32|
    |val_n_rec_49_fu_12417_p2       |         +|   0|  0|   39|          32|          32|
    |val_n_rec_51_fu_12620_p2       |         +|   0|  0|   39|          32|          32|
    |val_n_rec_53_fu_12819_p2       |         +|   0|  0|   39|          32|          32|
    |val_n_rec_55_fu_13022_p2       |         +|   0|  0|   39|          32|          32|
    |val_n_rec_57_fu_13221_p2       |         +|   0|  0|   39|          32|          32|
    |val_n_rec_59_fu_13424_p2       |         +|   0|  0|   39|          32|          32|
    |val_n_rec_5_fu_7995_p2         |         +|   0|  0|   39|          32|          32|
    |val_n_rec_61_fu_13623_p2       |         +|   0|  0|   39|          32|          32|
    |val_n_rec_63_fu_13826_p2       |         +|   0|  0|   39|          32|          32|
    |val_n_rec_65_fu_14025_p2       |         +|   0|  0|   39|          32|          32|
    |val_n_rec_67_fu_14228_p2       |         +|   0|  0|   39|          32|          32|
    |val_n_rec_69_fu_14427_p2       |         +|   0|  0|   39|          32|          32|
    |val_n_rec_71_fu_14630_p2       |         +|   0|  0|   39|          32|          32|
    |val_n_rec_73_fu_14829_p2       |         +|   0|  0|   39|          32|          32|
    |val_n_rec_75_fu_15032_p2       |         +|   0|  0|   39|          32|          32|
    |val_n_rec_77_fu_15231_p2       |         +|   0|  0|   39|          32|          32|
    |val_n_rec_79_fu_15400_p2       |         +|   0|  0|   39|          32|          32|
    |val_n_rec_7_fu_8198_p2         |         +|   0|  0|   39|          32|          32|
    |val_n_rec_9_fu_8397_p2         |         +|   0|  0|   39|          32|          32|
    |val_r_11_fu_8464_p2            |         +|   0|  0|   39|          32|          32|
    |val_r_13_fu_8667_p2            |         +|   0|  0|   39|          32|          32|
    |val_r_15_fu_8866_p2            |         +|   0|  0|   39|          32|          32|
    |val_r_17_fu_9069_p2            |         +|   0|  0|   39|          32|          32|
    |val_r_19_fu_9268_p2            |         +|   0|  0|   39|          32|          32|
    |val_r_21_fu_9471_p2            |         +|   0|  0|   39|          32|          32|
    |val_r_23_fu_9670_p2            |         +|   0|  0|   39|          32|          32|
    |val_r_25_fu_9873_p2            |         +|   0|  0|   39|          32|          32|
    |val_r_27_fu_10072_p2           |         +|   0|  0|   39|          32|          32|
    |val_r_29_fu_10275_p2           |         +|   0|  0|   39|          32|          32|
    |val_r_31_fu_10474_p2           |         +|   0|  0|   39|          32|          32|
    |val_r_33_fu_10677_p2           |         +|   0|  0|   39|          32|          32|
    |val_r_35_fu_10876_p2           |         +|   0|  0|   39|          32|          32|
    |val_r_37_fu_11079_p2           |         +|   0|  0|   39|          32|          32|
    |val_r_39_fu_11278_p2           |         +|   0|  0|   39|          32|          32|
    |val_r_3_fu_7660_p2             |         +|   0|  0|   39|          32|          32|
    |val_r_41_fu_11481_p2           |         +|   0|  0|   39|          32|          32|
    |val_r_43_fu_11680_p2           |         +|   0|  0|   39|          32|          32|
    |val_r_45_fu_11883_p2           |         +|   0|  0|   39|          32|          32|
    |val_r_47_fu_12082_p2           |         +|   0|  0|   39|          32|          32|
    |val_r_49_fu_12285_p2           |         +|   0|  0|   39|          32|          32|
    |val_r_51_fu_12484_p2           |         +|   0|  0|   39|          32|          32|
    |val_r_53_fu_12687_p2           |         +|   0|  0|   39|          32|          32|
    |val_r_55_fu_12886_p2           |         +|   0|  0|   39|          32|          32|
    |val_r_57_fu_13089_p2           |         +|   0|  0|   39|          32|          32|
    |val_r_59_fu_13288_p2           |         +|   0|  0|   39|          32|          32|
    |val_r_5_fu_7863_p2             |         +|   0|  0|   39|          32|          32|
    |val_r_61_fu_13491_p2           |         +|   0|  0|   39|          32|          32|
    |val_r_63_fu_13690_p2           |         +|   0|  0|   39|          32|          32|
    |val_r_65_fu_13893_p2           |         +|   0|  0|   39|          32|          32|
    |val_r_67_fu_14092_p2           |         +|   0|  0|   39|          32|          32|
    |val_r_69_fu_14295_p2           |         +|   0|  0|   39|          32|          32|
    |val_r_71_fu_14494_p2           |         +|   0|  0|   39|          32|          32|
    |val_r_73_fu_14697_p2           |         +|   0|  0|   39|          32|          32|
    |val_r_75_fu_14896_p2           |         +|   0|  0|   39|          32|          32|
    |val_r_77_fu_15099_p2           |         +|   0|  0|   39|          32|          32|
    |val_r_79_fu_15298_p2           |         +|   0|  0|   39|          32|          32|
    |val_r_7_fu_8062_p2             |         +|   0|  0|   39|          32|          32|
    |val_r_9_fu_8265_p2             |         +|   0|  0|   39|          32|          32|
    |val_r_fu_7274_p2               |         +|   0|  0|   33|          26|          26|
    |val_z_11_fu_8532_p2            |         +|   0|  0|   39|          32|          32|
    |val_z_13_fu_8733_p2            |         +|   0|  0|   39|          32|          32|
    |val_z_15_fu_8934_p2            |         +|   0|  0|   39|          32|          32|
    |val_z_17_fu_9135_p2            |         +|   0|  0|   39|          32|          32|
    |val_z_19_fu_9336_p2            |         +|   0|  0|   39|          32|          32|
    |val_z_21_fu_9537_p2            |         +|   0|  0|   39|          32|          32|
    |val_z_23_fu_9738_p2            |         +|   0|  0|   39|          32|          32|
    |val_z_25_fu_9939_p2            |         +|   0|  0|   39|          32|          32|
    |val_z_27_fu_10140_p2           |         +|   0|  0|   39|          32|          32|
    |val_z_29_fu_10341_p2           |         +|   0|  0|   39|          32|          32|
    |val_z_31_fu_10542_p2           |         +|   0|  0|   39|          32|          32|
    |val_z_33_fu_10743_p2           |         +|   0|  0|   39|          32|          32|
    |val_z_35_fu_10944_p2           |         +|   0|  0|   39|          32|          32|
    |val_z_37_fu_11145_p2           |         +|   0|  0|   39|          32|          32|
    |val_z_39_fu_11346_p2           |         +|   0|  0|   39|          32|          32|
    |val_z_3_fu_7728_p2             |         +|   0|  0|   39|          32|          32|
    |val_z_41_fu_11547_p2           |         +|   0|  0|   39|          32|          32|
    |val_z_43_fu_11748_p2           |         +|   0|  0|   39|          32|          32|
    |val_z_45_fu_11949_p2           |         +|   0|  0|   39|          32|          32|
    |val_z_47_fu_12150_p2           |         +|   0|  0|   39|          32|          32|
    |val_z_49_fu_12351_p2           |         +|   0|  0|   39|          32|          32|
    |val_z_51_fu_12552_p2           |         +|   0|  0|   39|          32|          32|
    |val_z_53_fu_12753_p2           |         +|   0|  0|   39|          32|          32|
    |val_z_55_fu_12954_p2           |         +|   0|  0|   39|          32|          32|
    |val_z_57_fu_13155_p2           |         +|   0|  0|   39|          32|          32|
    |val_z_59_fu_13356_p2           |         +|   0|  0|   39|          32|          32|
    |val_z_5_fu_7929_p2             |         +|   0|  0|   39|          32|          32|
    |val_z_61_fu_13557_p2           |         +|   0|  0|   39|          32|          32|
    |val_z_63_fu_13758_p2           |         +|   0|  0|   39|          32|          32|
    |val_z_65_fu_13959_p2           |         +|   0|  0|   39|          32|          32|
    |val_z_67_fu_14160_p2           |         +|   0|  0|   39|          32|          32|
    |val_z_69_fu_14361_p2           |         +|   0|  0|   39|          32|          32|
    |val_z_71_fu_14562_p2           |         +|   0|  0|   39|          32|          32|
    |val_z_73_fu_14763_p2           |         +|   0|  0|   39|          32|          32|
    |val_z_75_fu_14964_p2           |         +|   0|  0|   39|          32|          32|
    |val_z_77_fu_15165_p2           |         +|   0|  0|   39|          32|          32|
    |val_z_79_fu_15366_p2           |         +|   0|  0|   39|          32|          32|
    |val_z_7_fu_8130_p2             |         +|   0|  0|   39|          32|          32|
    |val_z_9_fu_8331_p2             |         +|   0|  0|   39|          32|          32|
    |val_z_fu_7345_p2               |         +|   0|  0|   33|          26|          26|
    |y_1_fu_16106_p2                |         +|   0|  0|   30|          23|          23|
    |y_4_fu_16445_p2                |         +|   0|  0|   30|          23|          23|
    |y_7_fu_17514_p2                |         +|   0|  0|   30|          23|          23|
    |z_1_fu_17806_p2                |         +|   0|  0|   29|          22|          22|
    |sub_ln150_1_fu_15777_p2        |         -|   0|  0|   40|           1|          33|
    |sub_ln150_2_fu_17271_p2        |         -|   0|  0|   40|           1|          33|
    |sub_ln150_fu_15599_p2          |         -|   0|  0|   40|           1|          33|
    |sub_ln170_1_fu_16024_p2        |         -|   0|  0|   29|          22|          22|
    |sub_ln170_2_fu_17414_p2        |         -|   0|  0|   29|          22|          22|
    |sub_ln170_fu_15977_p2          |         -|   0|  0|   29|          22|          22|
    |sub_ln173_1_fu_16940_p2        |         -|   0|  0|   30|           1|          23|
    |sub_ln173_2_fu_17923_p2        |         -|   0|  0|   30|           1|          23|
    |sub_ln173_fu_16550_p2          |         -|   0|  0|   30|           1|          23|
    |sub_ln324_fu_18013_p2          |         -|   0|  0|   30|          23|          23|
    |and_ln150_1_fu_15881_p2        |       and|   0|  0|    2|           1|           1|
    |and_ln150_2_fu_17303_p2        |       and|   0|  0|    2|           1|           1|
    |and_ln150_3_fu_15651_p2        |       and|   0|  0|    2|           1|           1|
    |and_ln150_4_fu_15898_p2        |       and|   0|  0|    2|           1|           1|
    |and_ln150_5_fu_17323_p2        |       and|   0|  0|    2|           1|           1|
    |and_ln150_fu_15631_p2          |       and|   0|  0|    2|           1|           1|
    |and_ln170_10_fu_17504_p2       |       and|   0|  0|    2|           1|           1|
    |and_ln170_11_fu_17538_p2       |       and|   0|  0|    2|           1|           1|
    |and_ln170_12_fu_17580_p2       |       and|   0|  0|    2|           1|           1|
    |and_ln170_13_fu_17586_p2       |       and|   0|  0|    2|           1|           1|
    |and_ln170_14_fu_17604_p2       |       and|   0|  0|    2|           1|           1|
    |and_ln170_1_fu_16130_p2        |       and|   0|  0|    2|           1|           1|
    |and_ln170_2_fu_16172_p2        |       and|   0|  0|    2|           1|           1|
    |and_ln170_3_fu_16178_p2        |       and|   0|  0|    2|           1|           1|
    |and_ln170_4_fu_16196_p2        |       and|   0|  0|    2|           1|           1|
    |and_ln170_5_fu_16435_p2        |       and|   0|  0|    2|           1|           1|
    |and_ln170_6_fu_16469_p2        |       and|   0|  0|    2|           1|           1|
    |and_ln170_7_fu_16511_p2        |       and|   0|  0|    2|           1|           1|
    |and_ln170_8_fu_16517_p2        |       and|   0|  0|    2|           1|           1|
    |and_ln170_9_fu_16535_p2        |       and|   0|  0|    2|           1|           1|
    |and_ln170_fu_16096_p2          |       and|   0|  0|    2|           1|           1|
    |and_ln171_1_fu_16311_p2        |       and|   0|  0|    2|           1|           1|
    |and_ln171_2_fu_16698_p2        |       and|   0|  0|    2|           1|           1|
    |and_ln171_3_fu_16716_p2        |       and|   0|  0|    2|           1|           1|
    |and_ln171_4_fu_17681_p2        |       and|   0|  0|    2|           1|           1|
    |and_ln171_5_fu_17699_p2        |       and|   0|  0|    2|           1|           1|
    |and_ln171_6_fu_16336_p2        |       and|   0|  0|    2|           1|           1|
    |and_ln171_7_fu_16741_p2        |       and|   0|  0|    2|           1|           1|
    |and_ln171_8_fu_17724_p2        |       and|   0|  0|    2|           1|           1|
    |and_ln171_fu_16293_p2          |       and|   0|  0|    2|           1|           1|
    |and_ln173_1_fu_16972_p2        |       and|   0|  0|    2|           1|           1|
    |and_ln173_2_fu_17955_p2        |       and|   0|  0|    2|           1|           1|
    |and_ln173_3_fu_16602_p2        |       and|   0|  0|    2|           1|           1|
    |and_ln173_4_fu_16992_p2        |       and|   0|  0|    2|           1|           1|
    |and_ln173_5_fu_17975_p2        |       and|   0|  0|    2|           1|           1|
    |and_ln173_fu_16582_p2          |       and|   0|  0|    2|           1|           1|
    |and_ln181_1_fu_15573_p2        |       and|   0|  0|    2|           1|           1|
    |and_ln181_2_fu_15697_p2        |       and|   0|  0|    2|           1|           1|
    |and_ln181_3_fu_15751_p2        |       and|   0|  0|    2|           1|           1|
    |and_ln181_fu_15521_p2          |       and|   0|  0|    2|           1|           1|
    |and_ln183_1_fu_16843_p2        |       and|   0|  0|    2|           1|           1|
    |and_ln183_2_fu_16885_p2        |       and|   0|  0|    2|           1|           1|
    |and_ln183_3_fu_16891_p2        |       and|   0|  0|    2|           1|           1|
    |and_ln183_4_fu_16909_p2        |       and|   0|  0|    2|           1|           1|
    |and_ln183_5_fu_17796_p2        |       and|   0|  0|    2|           1|           1|
    |and_ln183_6_fu_17826_p2        |       and|   0|  0|    2|           1|           1|
    |and_ln183_7_fu_17868_p2        |       and|   0|  0|    2|           1|           1|
    |and_ln183_8_fu_17874_p2        |       and|   0|  0|    2|           1|           1|
    |and_ln183_9_fu_17892_p2        |       and|   0|  0|    2|           1|           1|
    |and_ln183_fu_16813_p2          |       and|   0|  0|    2|           1|           1|
    |and_ln285_fu_7264_p2           |       and|   0|  0|    2|           1|           1|
    |and_ln287_fu_7335_p2           |       and|   0|  0|    2|           1|           1|
    |and_ln290_fu_7406_p2           |       and|   0|  0|    2|           1|           1|
    |and_ln300_10_fu_9503_p2        |       and|   0|  0|    2|           1|           1|
    |and_ln300_11_fu_9703_p2        |       and|   0|  0|    2|           1|           1|
    |and_ln300_12_fu_9905_p2        |       and|   0|  0|    2|           1|           1|
    |and_ln300_13_fu_10105_p2       |       and|   0|  0|    2|           1|           1|
    |and_ln300_14_fu_10307_p2       |       and|   0|  0|    2|           1|           1|
    |and_ln300_15_fu_10507_p2       |       and|   0|  0|    2|           1|           1|
    |and_ln300_16_fu_10709_p2       |       and|   0|  0|    2|           1|           1|
    |and_ln300_17_fu_10909_p2       |       and|   0|  0|    2|           1|           1|
    |and_ln300_18_fu_11111_p2       |       and|   0|  0|    2|           1|           1|
    |and_ln300_19_fu_11311_p2       |       and|   0|  0|    2|           1|           1|
    |and_ln300_1_fu_7693_p2         |       and|   0|  0|    2|           1|           1|
    |and_ln300_20_fu_11513_p2       |       and|   0|  0|    2|           1|           1|
    |and_ln300_21_fu_11713_p2       |       and|   0|  0|    2|           1|           1|
    |and_ln300_22_fu_11915_p2       |       and|   0|  0|    2|           1|           1|
    |and_ln300_23_fu_12115_p2       |       and|   0|  0|    2|           1|           1|
    |and_ln300_24_fu_12317_p2       |       and|   0|  0|    2|           1|           1|
    |and_ln300_25_fu_12517_p2       |       and|   0|  0|    2|           1|           1|
    |and_ln300_26_fu_12719_p2       |       and|   0|  0|    2|           1|           1|
    |and_ln300_27_fu_12919_p2       |       and|   0|  0|    2|           1|           1|
    |and_ln300_28_fu_13121_p2       |       and|   0|  0|    2|           1|           1|
    |and_ln300_29_fu_13321_p2       |       and|   0|  0|    2|           1|           1|
    |and_ln300_2_fu_7895_p2         |       and|   0|  0|    2|           1|           1|
    |and_ln300_30_fu_13523_p2       |       and|   0|  0|    2|           1|           1|
    |and_ln300_31_fu_13723_p2       |       and|   0|  0|    2|           1|           1|
    |and_ln300_32_fu_13925_p2       |       and|   0|  0|    2|           1|           1|
    |and_ln300_33_fu_14125_p2       |       and|   0|  0|    2|           1|           1|
    |and_ln300_34_fu_14327_p2       |       and|   0|  0|    2|           1|           1|
    |and_ln300_35_fu_14527_p2       |       and|   0|  0|    2|           1|           1|
    |and_ln300_36_fu_14729_p2       |       and|   0|  0|    2|           1|           1|
    |and_ln300_37_fu_14929_p2       |       and|   0|  0|    2|           1|           1|
    |and_ln300_38_fu_15131_p2       |       and|   0|  0|    2|           1|           1|
    |and_ln300_39_fu_15331_p2       |       and|   0|  0|    2|           1|           1|
    |and_ln300_3_fu_8095_p2         |       and|   0|  0|    2|           1|           1|
    |and_ln300_4_fu_8297_p2         |       and|   0|  0|    2|           1|           1|
    |and_ln300_5_fu_8497_p2         |       and|   0|  0|    2|           1|           1|
    |and_ln300_6_fu_8699_p2         |       and|   0|  0|    2|           1|           1|
    |and_ln300_7_fu_8899_p2         |       and|   0|  0|    2|           1|           1|
    |and_ln300_8_fu_9101_p2         |       and|   0|  0|    2|           1|           1|
    |and_ln300_9_fu_9301_p2         |       and|   0|  0|    2|           1|           1|
    |and_ln300_fu_7482_p2           |       and|   0|  0|    2|           1|           1|
    |and_ln301_10_fu_9569_p2        |       and|   0|  0|    2|           1|           1|
    |and_ln301_11_fu_9771_p2        |       and|   0|  0|    2|           1|           1|
    |and_ln301_12_fu_9971_p2        |       and|   0|  0|    2|           1|           1|
    |and_ln301_13_fu_10173_p2       |       and|   0|  0|    2|           1|           1|
    |and_ln301_14_fu_10373_p2       |       and|   0|  0|    2|           1|           1|
    |and_ln301_15_fu_10575_p2       |       and|   0|  0|    2|           1|           1|
    |and_ln301_16_fu_10775_p2       |       and|   0|  0|    2|           1|           1|
    |and_ln301_17_fu_10977_p2       |       and|   0|  0|    2|           1|           1|
    |and_ln301_18_fu_11177_p2       |       and|   0|  0|    2|           1|           1|
    |and_ln301_19_fu_11379_p2       |       and|   0|  0|    2|           1|           1|
    |and_ln301_1_fu_7761_p2         |       and|   0|  0|    2|           1|           1|
    |and_ln301_20_fu_11579_p2       |       and|   0|  0|    2|           1|           1|
    |and_ln301_21_fu_11781_p2       |       and|   0|  0|    2|           1|           1|
    |and_ln301_22_fu_11981_p2       |       and|   0|  0|    2|           1|           1|
    |and_ln301_23_fu_12183_p2       |       and|   0|  0|    2|           1|           1|
    |and_ln301_24_fu_12383_p2       |       and|   0|  0|    2|           1|           1|
    |and_ln301_25_fu_12585_p2       |       and|   0|  0|    2|           1|           1|
    |and_ln301_26_fu_12785_p2       |       and|   0|  0|    2|           1|           1|
    |and_ln301_27_fu_12987_p2       |       and|   0|  0|    2|           1|           1|
    |and_ln301_28_fu_13187_p2       |       and|   0|  0|    2|           1|           1|
    |and_ln301_29_fu_13389_p2       |       and|   0|  0|    2|           1|           1|
    |and_ln301_2_fu_7961_p2         |       and|   0|  0|    2|           1|           1|
    |and_ln301_30_fu_13589_p2       |       and|   0|  0|    2|           1|           1|
    |and_ln301_31_fu_13791_p2       |       and|   0|  0|    2|           1|           1|
    |and_ln301_32_fu_13991_p2       |       and|   0|  0|    2|           1|           1|
    |and_ln301_33_fu_14193_p2       |       and|   0|  0|    2|           1|           1|
    |and_ln301_34_fu_14393_p2       |       and|   0|  0|    2|           1|           1|
    |and_ln301_35_fu_14595_p2       |       and|   0|  0|    2|           1|           1|
    |and_ln301_36_fu_14795_p2       |       and|   0|  0|    2|           1|           1|
    |and_ln301_37_fu_14997_p2       |       and|   0|  0|    2|           1|           1|
    |and_ln301_38_fu_15197_p2       |       and|   0|  0|    2|           1|           1|
    |and_ln301_39_fu_15474_p2       |       and|   0|  0|    2|           1|           1|
    |and_ln301_3_fu_8163_p2         |       and|   0|  0|    2|           1|           1|
    |and_ln301_4_fu_8363_p2         |       and|   0|  0|    2|           1|           1|
    |and_ln301_5_fu_8565_p2         |       and|   0|  0|    2|           1|           1|
    |and_ln301_6_fu_8765_p2         |       and|   0|  0|    2|           1|           1|
    |and_ln301_7_fu_8967_p2         |       and|   0|  0|    2|           1|           1|
    |and_ln301_8_fu_9167_p2         |       and|   0|  0|    2|           1|           1|
    |and_ln301_9_fu_9369_p2         |       and|   0|  0|    2|           1|           1|
    |and_ln301_fu_7553_p2           |       and|   0|  0|    2|           1|           1|
    |and_ln302_10_fu_9635_p2        |       and|   0|  0|    2|           1|           1|
    |and_ln302_11_fu_9839_p2        |       and|   0|  0|    2|           1|           1|
    |and_ln302_12_fu_10037_p2       |       and|   0|  0|    2|           1|           1|
    |and_ln302_13_fu_10241_p2       |       and|   0|  0|    2|           1|           1|
    |and_ln302_14_fu_10439_p2       |       and|   0|  0|    2|           1|           1|
    |and_ln302_15_fu_10643_p2       |       and|   0|  0|    2|           1|           1|
    |and_ln302_16_fu_10841_p2       |       and|   0|  0|    2|           1|           1|
    |and_ln302_17_fu_11045_p2       |       and|   0|  0|    2|           1|           1|
    |and_ln302_18_fu_11243_p2       |       and|   0|  0|    2|           1|           1|
    |and_ln302_19_fu_11447_p2       |       and|   0|  0|    2|           1|           1|
    |and_ln302_1_fu_7829_p2         |       and|   0|  0|    2|           1|           1|
    |and_ln302_20_fu_11645_p2       |       and|   0|  0|    2|           1|           1|
    |and_ln302_21_fu_11849_p2       |       and|   0|  0|    2|           1|           1|
    |and_ln302_22_fu_12047_p2       |       and|   0|  0|    2|           1|           1|
    |and_ln302_23_fu_12251_p2       |       and|   0|  0|    2|           1|           1|
    |and_ln302_24_fu_12449_p2       |       and|   0|  0|    2|           1|           1|
    |and_ln302_25_fu_12653_p2       |       and|   0|  0|    2|           1|           1|
    |and_ln302_26_fu_12851_p2       |       and|   0|  0|    2|           1|           1|
    |and_ln302_27_fu_13055_p2       |       and|   0|  0|    2|           1|           1|
    |and_ln302_28_fu_13253_p2       |       and|   0|  0|    2|           1|           1|
    |and_ln302_29_fu_13457_p2       |       and|   0|  0|    2|           1|           1|
    |and_ln302_2_fu_8027_p2         |       and|   0|  0|    2|           1|           1|
    |and_ln302_30_fu_13655_p2       |       and|   0|  0|    2|           1|           1|
    |and_ln302_31_fu_13859_p2       |       and|   0|  0|    2|           1|           1|
    |and_ln302_32_fu_14057_p2       |       and|   0|  0|    2|           1|           1|
    |and_ln302_33_fu_14261_p2       |       and|   0|  0|    2|           1|           1|
    |and_ln302_34_fu_14459_p2       |       and|   0|  0|    2|           1|           1|
    |and_ln302_35_fu_14663_p2       |       and|   0|  0|    2|           1|           1|
    |and_ln302_36_fu_14861_p2       |       and|   0|  0|    2|           1|           1|
    |and_ln302_37_fu_15065_p2       |       and|   0|  0|    2|           1|           1|
    |and_ln302_38_fu_15263_p2       |       and|   0|  0|    2|           1|           1|
    |and_ln302_39_fu_15433_p2       |       and|   0|  0|    2|           1|           1|
    |and_ln302_3_fu_8231_p2         |       and|   0|  0|    2|           1|           1|
    |and_ln302_4_fu_8429_p2         |       and|   0|  0|    2|           1|           1|
    |and_ln302_5_fu_8633_p2         |       and|   0|  0|    2|           1|           1|
    |and_ln302_6_fu_8831_p2         |       and|   0|  0|    2|           1|           1|
    |and_ln302_7_fu_9035_p2         |       and|   0|  0|    2|           1|           1|
    |and_ln302_8_fu_9233_p2         |       and|   0|  0|    2|           1|           1|
    |and_ln302_9_fu_9437_p2         |       and|   0|  0|    2|           1|           1|
    |and_ln302_fu_7625_p2           |       and|   0|  0|    2|           1|           1|
    |and_ln314_1_fu_17133_p2        |       and|   0|  0|    2|           1|           1|
    |and_ln314_2_fu_17179_p2        |       and|   0|  0|    2|           1|           1|
    |and_ln314_3_fu_17190_p2        |       and|   0|  0|    2|           1|           1|
    |and_ln314_4_fu_17210_p2        |       and|   0|  0|    2|           1|           1|
    |and_ln314_5_fu_17216_p2        |       and|   0|  0|    2|           1|           1|
    |and_ln314_6_fu_17233_p2        |       and|   0|  0|    2|           1|           1|
    |and_ln314_fu_17103_p2          |       and|   0|  0|    2|           1|           1|
    |and_ln324_1_fu_18134_p2        |       and|   0|  0|    2|           1|           1|
    |and_ln324_2_fu_18166_p2        |       and|   0|  0|    2|           1|           1|
    |and_ln324_3_fu_18171_p2        |       and|   0|  0|    2|           1|           1|
    |and_ln324_4_fu_18189_p2        |       and|   0|  0|    2|           1|           1|
    |and_ln324_fu_18095_p2          |       and|   0|  0|    2|           1|           1|
    |and_ln326_1_fu_18286_p2        |       and|   0|  0|    2|           1|           1|
    |and_ln326_fu_18268_p2          |       and|   0|  0|    2|           1|           1|
    |and_ln331_1_fu_18635_p2        |       and|   0|  0|    2|           1|           1|
    |and_ln331_fu_18568_p2          |       and|   0|  0|    2|           1|           1|
    |ap_condition_12897             |       and|   0|  0|    2|           1|           1|
    |ap_condition_12901             |       and|   0|  0|    2|           1|           1|
    |ap_condition_12905             |       and|   0|  0|    2|           1|           1|
    |ap_condition_12909             |       and|   0|  0|    2|           1|           1|
    |ap_condition_12913             |       and|   0|  0|    2|           1|           1|
    |ap_condition_12917             |       and|   0|  0|    2|           1|           1|
    |ap_condition_12921             |       and|   0|  0|    2|           1|           1|
    |ap_condition_12925             |       and|   0|  0|    2|           1|           1|
    |ap_condition_12929             |       and|   0|  0|    2|           1|           1|
    |ap_condition_12933             |       and|   0|  0|    2|           1|           1|
    |ap_condition_12937             |       and|   0|  0|    2|           1|           1|
    |ap_condition_12941             |       and|   0|  0|    2|           1|           1|
    |ap_condition_12945             |       and|   0|  0|    2|           1|           1|
    |ap_condition_12949             |       and|   0|  0|    2|           1|           1|
    |ap_condition_12953             |       and|   0|  0|    2|           1|           1|
    |ap_condition_12957             |       and|   0|  0|    2|           1|           1|
    |ap_condition_12961             |       and|   0|  0|    2|           1|           1|
    |ap_condition_12965             |       and|   0|  0|    2|           1|           1|
    |ap_condition_12969             |       and|   0|  0|    2|           1|           1|
    |ap_condition_12973             |       and|   0|  0|    2|           1|           1|
    |ap_predicate_pred3919_state47  |       and|   0|  0|    2|           1|           1|
    |icmp_ln153_1_fu_15944_p2       |      icmp|   0|  0|   14|           9|           1|
    |icmp_ln153_2_fu_17368_p2       |      icmp|   0|  0|   14|           9|           1|
    |icmp_ln153_fu_15836_p2         |      icmp|   0|  0|   14|           9|           1|
    |icmp_ln170_1_fu_16416_p2       |      icmp|   0|  0|   26|          19|           1|
    |icmp_ln170_2_fu_17485_p2       |      icmp|   0|  0|   26|          19|           1|
    |icmp_ln170_fu_16077_p2         |      icmp|   0|  0|   26|          19|           1|
    |icmp_ln171_1_fu_16275_p2       |      icmp|   0|  0|   13|          10|           1|
    |icmp_ln171_2_fu_16674_p2       |      icmp|   0|  0|   13|          10|           2|
    |icmp_ln171_3_fu_16680_p2       |      icmp|   0|  0|   13|          10|           1|
    |icmp_ln171_4_fu_17657_p2       |      icmp|   0|  0|   13|          10|           2|
    |icmp_ln171_5_fu_17663_p2       |      icmp|   0|  0|   13|          10|           1|
    |icmp_ln171_fu_16269_p2         |      icmp|   0|  0|   13|          10|           2|
    |icmp_ln245_fu_6318_p2          |      icmp|   0|  0|   14|           6|           6|
    |icmp_ln285_fu_7246_p2          |      icmp|   0|  0|   23|          16|           1|
    |icmp_ln287_fu_7317_p2          |      icmp|   0|  0|   23|          16|           1|
    |icmp_ln290_fu_7388_p2          |      icmp|   0|  0|   23|          16|           1|
    |icmp_ln314_1_fu_17149_p2       |      icmp|   0|  0|   10|           2|           2|
    |icmp_ln314_2_fu_17155_p2       |      icmp|   0|  0|   10|           2|           1|
    |icmp_ln314_fu_17076_p2         |      icmp|   0|  0|   26|          19|           1|
    |icmp_ln324_fu_18076_p2         |      icmp|   0|  0|   26|          19|           1|
    |icmp_ln326_1_fu_18250_p2       |      icmp|   0|  0|   13|          10|           1|
    |icmp_ln326_fu_18244_p2         |      icmp|   0|  0|   13|          10|           2|
    |icmp_ln331_fu_18550_p2         |      icmp|   0|  0|   23|          16|           1|
    |or_ln170_10_fu_16184_p2        |        or|   0|  0|    2|           1|           1|
    |or_ln170_11_fu_16481_p2        |        or|   0|  0|    2|           1|           1|
    |or_ln170_12_fu_16523_p2        |        or|   0|  0|    2|           1|           1|
    |or_ln170_13_fu_17550_p2        |        or|   0|  0|    2|           1|           1|
    |or_ln170_14_fu_17592_p2        |        or|   0|  0|    2|           1|           1|
    |or_ln170_1_fu_16166_p2         |        or|   0|  0|    2|           1|           1|
    |or_ln170_2_fu_16202_p2         |        or|   0|  0|    2|           1|           1|
    |or_ln170_3_fu_16429_p2         |        or|   0|  0|    2|           1|           1|
    |or_ln170_4_fu_16505_p2         |        or|   0|  0|    2|           1|           1|
    |or_ln170_5_fu_16541_p2         |        or|   0|  0|    2|           1|           1|
    |or_ln170_6_fu_17498_p2         |        or|   0|  0|    2|           1|           1|
    |or_ln170_7_fu_17574_p2         |        or|   0|  0|    2|           1|           1|
    |or_ln170_8_fu_17610_p2         |        or|   0|  0|    2|           1|           1|
    |or_ln170_9_fu_16142_p2         |        or|   0|  0|    2|           1|           1|
    |or_ln170_fu_16090_p2           |        or|   0|  0|    2|           1|           1|
    |or_ln171_1_fu_16305_p2         |        or|   0|  0|    2|           1|           1|
    |or_ln171_2_fu_16317_p2         |        or|   0|  0|    2|           1|           1|
    |or_ln171_3_fu_16686_p2         |        or|   0|  0|    2|           1|           1|
    |or_ln171_4_fu_16710_p2         |        or|   0|  0|    2|           1|           1|
    |or_ln171_5_fu_16722_p2         |        or|   0|  0|    2|           1|           1|
    |or_ln171_6_fu_17669_p2         |        or|   0|  0|    2|           1|           1|
    |or_ln171_7_fu_17693_p2         |        or|   0|  0|    2|           1|           1|
    |or_ln171_8_fu_17705_p2         |        or|   0|  0|    2|           1|           1|
    |or_ln171_fu_16281_p2           |        or|   0|  0|    2|           1|           1|
    |or_ln181_1_fu_15567_p2         |        or|   0|  0|    2|           1|           1|
    |or_ln181_2_fu_15727_p2         |        or|   0|  0|    2|           1|           1|
    |or_ln181_3_fu_15745_p2         |        or|   0|  0|    2|           1|           1|
    |or_ln181_fu_15550_p2           |        or|   0|  0|    2|           1|           1|
    |or_ln183_1_fu_16923_p2         |        or|   0|  0|    2|           1|           1|
    |or_ln183_2_fu_17862_p2         |        or|   0|  0|    2|           1|           1|
    |or_ln183_3_fu_17906_p2         |        or|   0|  0|    2|           1|           1|
    |or_ln183_4_fu_16855_p2         |        or|   0|  0|    2|           1|           1|
    |or_ln183_5_fu_16897_p2         |        or|   0|  0|    2|           1|           1|
    |or_ln183_6_fu_17838_p2         |        or|   0|  0|    2|           1|           1|
    |or_ln183_7_fu_17880_p2         |        or|   0|  0|    2|           1|           1|
    |or_ln183_fu_16879_p2           |        or|   0|  0|    2|           1|           1|
    |or_ln285_fu_7258_p2            |        or|   0|  0|    2|           1|           1|
    |or_ln287_fu_7329_p2            |        or|   0|  0|    2|           1|           1|
    |or_ln290_fu_7400_p2            |        or|   0|  0|    2|           1|           1|
    |or_ln314_1_fu_17200_p2         |        or|   0|  0|    2|           1|           1|
    |or_ln314_2_fu_17246_p2         |        or|   0|  0|    2|           1|           1|
    |or_ln314_3_fu_17221_p2         |        or|   0|  0|    2|           1|           1|
    |or_ln314_fu_17097_p2           |        or|   0|  0|    2|           1|           1|
    |or_ln324_1_fu_18160_p2         |        or|   0|  0|    2|           1|           1|
    |or_ln324_2_fu_18202_p2         |        or|   0|  0|    2|           1|           1|
    |or_ln324_3_fu_18139_p2         |        or|   0|  0|    2|           1|           1|
    |or_ln324_4_fu_18177_p2         |        or|   0|  0|    2|           1|           1|
    |or_ln324_fu_18089_p2           |        or|   0|  0|    2|           1|           1|
    |or_ln326_1_fu_18280_p2         |        or|   0|  0|    2|           1|           1|
    |or_ln326_2_fu_18300_p2         |        or|   0|  0|    2|           1|           1|
    |or_ln326_fu_18256_p2           |        or|   0|  0|    2|           1|           1|
    |or_ln331_fu_18562_p2           |        or|   0|  0|    2|           1|           1|
    |av_3_fu_15916_p2               |    select|   0|  0|   33|           1|          31|
    |candidate_pre_3_fu_17252_p3    |    select|   0|  0|   32|           1|          32|
    |h_new_fu_18306_p3              |    select|   0|  0|   22|           1|          22|
    |half_v_6_fu_15579_p3           |    select|   0|  0|   32|           1|          31|
    |half_v_7_fu_15757_p3           |    select|   0|  0|   32|           1|          31|
    |mag_1_fu_16754_p4              |    select|   0|  0|   23|           1|          21|
    |mag_2_fu_17737_p4              |    select|   0|  0|   23|           1|          21|
    |mag_fu_16349_p4                |    select|   0|  0|   23|           1|          21|
    |nn_1_fu_17987_p2               |    select|   0|  0|   23|           1|          21|
    |r_2_fu_16929_p3                |    select|   0|  0|   22|           1|          22|
    |ref_tmp2_i1152_2_fu_16614_p2   |    select|   0|  0|   23|           1|          21|
    |ref_tmp2_i_2_fu_17004_p2       |    select|   0|  0|   23|           1|          21|
    |select_ln150_2_fu_17315_p3     |    select|   0|  0|   33|           1|          31|
    |select_ln150_fu_15643_p3       |    select|   0|  0|   33|           1|          31|
    |select_ln170_2_fu_16633_p3     |    select|   0|  0|   33|           1|          31|
    |select_ln170_4_fu_17616_p3     |    select|   0|  0|   33|           1|          31|
    |select_ln170_fu_16228_p3       |    select|   0|  0|   33|           1|          31|
    |select_ln183_2_fu_17898_p3     |    select|   0|  0|   23|           1|          21|
    |select_ln183_fu_16915_p3       |    select|   0|  0|   23|           1|          21|
    |select_ln300_10_fu_8509_p3     |    select|   0|  0|   33|           1|          31|
    |select_ln300_12_fu_8711_p3     |    select|   0|  0|   33|           1|          31|
    |select_ln300_14_fu_8911_p3     |    select|   0|  0|   33|           1|          31|
    |select_ln300_16_fu_9113_p3     |    select|   0|  0|   33|           1|          31|
    |select_ln300_18_fu_9313_p3     |    select|   0|  0|   33|           1|          31|
    |select_ln300_20_fu_9515_p3     |    select|   0|  0|   33|           1|          31|
    |select_ln300_22_fu_9715_p3     |    select|   0|  0|   33|           1|          31|
    |select_ln300_24_fu_9917_p3     |    select|   0|  0|   33|           1|          31|
    |select_ln300_26_fu_10117_p3    |    select|   0|  0|   33|           1|          31|
    |select_ln300_28_fu_10319_p3    |    select|   0|  0|   33|           1|          31|
    |select_ln300_2_fu_7705_p3      |    select|   0|  0|   33|           1|          31|
    |select_ln300_30_fu_10519_p3    |    select|   0|  0|   33|           1|          31|
    |select_ln300_32_fu_10721_p3    |    select|   0|  0|   33|           1|          31|
    |select_ln300_34_fu_10921_p3    |    select|   0|  0|   33|           1|          31|
    |select_ln300_36_fu_11123_p3    |    select|   0|  0|   33|           1|          31|
    |select_ln300_38_fu_11323_p3    |    select|   0|  0|   33|           1|          31|
    |select_ln300_40_fu_11525_p3    |    select|   0|  0|   33|           1|          31|
    |select_ln300_42_fu_11725_p3    |    select|   0|  0|   33|           1|          31|
    |select_ln300_44_fu_11927_p3    |    select|   0|  0|   33|           1|          31|
    |select_ln300_46_fu_12127_p3    |    select|   0|  0|   33|           1|          31|
    |select_ln300_48_fu_12329_p3    |    select|   0|  0|   33|           1|          31|
    |select_ln300_4_fu_7907_p3      |    select|   0|  0|   33|           1|          31|
    |select_ln300_50_fu_12529_p3    |    select|   0|  0|   33|           1|          31|
    |select_ln300_52_fu_12731_p3    |    select|   0|  0|   33|           1|          31|
    |select_ln300_54_fu_12931_p3    |    select|   0|  0|   33|           1|          31|
    |select_ln300_56_fu_13133_p3    |    select|   0|  0|   33|           1|          31|
    |select_ln300_58_fu_13333_p3    |    select|   0|  0|   33|           1|          31|
    |select_ln300_60_fu_13535_p3    |    select|   0|  0|   33|           1|          31|
    |select_ln300_62_fu_13735_p3    |    select|   0|  0|   33|           1|          31|
    |select_ln300_64_fu_13937_p3    |    select|   0|  0|   33|           1|          31|
    |select_ln300_66_fu_14137_p3    |    select|   0|  0|   33|           1|          31|
    |select_ln300_68_fu_14339_p3    |    select|   0|  0|   33|           1|          31|
    |select_ln300_6_fu_8107_p3      |    select|   0|  0|   33|           1|          31|
    |select_ln300_70_fu_14539_p3    |    select|   0|  0|   33|           1|          31|
    |select_ln300_72_fu_14741_p3    |    select|   0|  0|   33|           1|          31|
    |select_ln300_74_fu_14941_p3    |    select|   0|  0|   33|           1|          31|
    |select_ln300_76_fu_15143_p3    |    select|   0|  0|   33|           1|          31|
    |select_ln300_78_fu_15343_p3    |    select|   0|  0|   33|           1|          31|
    |select_ln300_8_fu_8309_p3      |    select|   0|  0|   33|           1|          31|
    |select_ln300_fu_7494_p3        |    select|   0|  0|   33|           1|          31|
    |select_ln301_10_fu_8577_p3     |    select|   0|  0|   33|           1|          31|
    |select_ln301_12_fu_8777_p3     |    select|   0|  0|   33|           1|          31|
    |select_ln301_14_fu_8979_p3     |    select|   0|  0|   33|           1|          31|
    |select_ln301_16_fu_9179_p3     |    select|   0|  0|   33|           1|          31|
    |select_ln301_18_fu_9381_p3     |    select|   0|  0|   33|           1|          31|
    |select_ln301_20_fu_9581_p3     |    select|   0|  0|   33|           1|          31|
    |select_ln301_22_fu_9783_p3     |    select|   0|  0|   33|           1|          31|
    |select_ln301_24_fu_9983_p3     |    select|   0|  0|   33|           1|          31|
    |select_ln301_26_fu_10185_p3    |    select|   0|  0|   33|           1|          31|
    |select_ln301_28_fu_10385_p3    |    select|   0|  0|   33|           1|          31|
    |select_ln301_2_fu_7773_p3      |    select|   0|  0|   33|           1|          31|
    |select_ln301_30_fu_10587_p3    |    select|   0|  0|   33|           1|          31|
    |select_ln301_32_fu_10787_p3    |    select|   0|  0|   33|           1|          31|
    |select_ln301_34_fu_10989_p3    |    select|   0|  0|   33|           1|          31|
    |select_ln301_36_fu_11189_p3    |    select|   0|  0|   33|           1|          31|
    |select_ln301_38_fu_11391_p3    |    select|   0|  0|   33|           1|          31|
    |select_ln301_40_fu_11591_p3    |    select|   0|  0|   33|           1|          31|
    |select_ln301_42_fu_11793_p3    |    select|   0|  0|   33|           1|          31|
    |select_ln301_44_fu_11993_p3    |    select|   0|  0|   33|           1|          31|
    |select_ln301_46_fu_12195_p3    |    select|   0|  0|   33|           1|          31|
    |select_ln301_48_fu_12395_p3    |    select|   0|  0|   33|           1|          31|
    |select_ln301_4_fu_7973_p3      |    select|   0|  0|   33|           1|          31|
    |select_ln301_50_fu_12597_p3    |    select|   0|  0|   33|           1|          31|
    |select_ln301_52_fu_12797_p3    |    select|   0|  0|   33|           1|          31|
    |select_ln301_54_fu_12999_p3    |    select|   0|  0|   33|           1|          31|
    |select_ln301_56_fu_13199_p3    |    select|   0|  0|   33|           1|          31|
    |select_ln301_58_fu_13401_p3    |    select|   0|  0|   33|           1|          31|
    |select_ln301_60_fu_13601_p3    |    select|   0|  0|   33|           1|          31|
    |select_ln301_62_fu_13803_p3    |    select|   0|  0|   33|           1|          31|
    |select_ln301_64_fu_14003_p3    |    select|   0|  0|   33|           1|          31|
    |select_ln301_66_fu_14205_p3    |    select|   0|  0|   33|           1|          31|
    |select_ln301_68_fu_14405_p3    |    select|   0|  0|   33|           1|          31|
    |select_ln301_6_fu_8175_p3      |    select|   0|  0|   33|           1|          31|
    |select_ln301_70_fu_14607_p3    |    select|   0|  0|   33|           1|          31|
    |select_ln301_72_fu_14807_p3    |    select|   0|  0|   33|           1|          31|
    |select_ln301_74_fu_15009_p3    |    select|   0|  0|   33|           1|          31|
    |select_ln301_76_fu_15209_p3    |    select|   0|  0|   33|           1|          31|
    |select_ln301_78_fu_15483_p3    |    select|   0|  0|   33|           1|          31|
    |select_ln301_8_fu_8375_p3      |    select|   0|  0|   33|           1|          31|
    |select_ln301_fu_7565_p3        |    select|   0|  0|   33|           1|          31|
    |select_ln302_10_fu_8645_p3     |    select|   0|  0|   33|           1|          31|
    |select_ln302_12_fu_8843_p3     |    select|   0|  0|   33|           1|          31|
    |select_ln302_14_fu_9047_p3     |    select|   0|  0|   33|           1|          31|
    |select_ln302_16_fu_9245_p3     |    select|   0|  0|   33|           1|          31|
    |select_ln302_18_fu_9449_p3     |    select|   0|  0|   33|           1|          31|
    |select_ln302_20_fu_9647_p3     |    select|   0|  0|   33|           1|          31|
    |select_ln302_22_fu_9851_p3     |    select|   0|  0|   33|           1|          31|
    |select_ln302_24_fu_10049_p3    |    select|   0|  0|   33|           1|          31|
    |select_ln302_26_fu_10253_p3    |    select|   0|  0|   33|           1|          31|
    |select_ln302_28_fu_10451_p3    |    select|   0|  0|   33|           1|          31|
    |select_ln302_2_fu_7841_p3      |    select|   0|  0|   33|           1|          31|
    |select_ln302_30_fu_10655_p3    |    select|   0|  0|   33|           1|          31|
    |select_ln302_32_fu_10853_p3    |    select|   0|  0|   33|           1|          31|
    |select_ln302_34_fu_11057_p3    |    select|   0|  0|   33|           1|          31|
    |select_ln302_36_fu_11255_p3    |    select|   0|  0|   33|           1|          31|
    |select_ln302_38_fu_11459_p3    |    select|   0|  0|   33|           1|          31|
    |select_ln302_40_fu_11657_p3    |    select|   0|  0|   33|           1|          31|
    |select_ln302_42_fu_11861_p3    |    select|   0|  0|   33|           1|          31|
    |select_ln302_44_fu_12059_p3    |    select|   0|  0|   33|           1|          31|
    |select_ln302_46_fu_12263_p3    |    select|   0|  0|   33|           1|          31|
    |select_ln302_48_fu_12461_p3    |    select|   0|  0|   33|           1|          31|
    |select_ln302_4_fu_8039_p3      |    select|   0|  0|   33|           1|          31|
    |select_ln302_50_fu_12665_p3    |    select|   0|  0|   33|           1|          31|
    |select_ln302_52_fu_12863_p3    |    select|   0|  0|   33|           1|          31|
    |select_ln302_54_fu_13067_p3    |    select|   0|  0|   33|           1|          31|
    |select_ln302_56_fu_13265_p3    |    select|   0|  0|   33|           1|          31|
    |select_ln302_58_fu_13469_p3    |    select|   0|  0|   33|           1|          31|
    |select_ln302_60_fu_13667_p3    |    select|   0|  0|   33|           1|          31|
    |select_ln302_62_fu_13871_p3    |    select|   0|  0|   33|           1|          31|
    |select_ln302_64_fu_14069_p3    |    select|   0|  0|   33|           1|          31|
    |select_ln302_66_fu_14273_p3    |    select|   0|  0|   33|           1|          31|
    |select_ln302_68_fu_14471_p3    |    select|   0|  0|   33|           1|          31|
    |select_ln302_6_fu_8243_p3      |    select|   0|  0|   33|           1|          31|
    |select_ln302_70_fu_14675_p3    |    select|   0|  0|   33|           1|          31|
    |select_ln302_72_fu_14873_p3    |    select|   0|  0|   33|           1|          31|
    |select_ln302_74_fu_15077_p3    |    select|   0|  0|   33|           1|          31|
    |select_ln302_76_fu_15275_p3    |    select|   0|  0|   33|           1|          31|
    |select_ln302_78_fu_15445_p3    |    select|   0|  0|   33|           1|          31|
    |select_ln302_8_fu_8441_p3      |    select|   0|  0|   33|           1|          31|
    |select_ln302_fu_7637_p3        |    select|   0|  0|   33|           1|          31|
    |select_ln314_1_fu_17184_p3     |    select|   0|  0|    2|           1|           1|
    |select_ln314_2_fu_17238_p3     |    select|   0|  0|   33|           1|          31|
    |select_ln314_fu_17168_p3       |    select|   0|  0|    2|           1|           1|
    |select_ln324_fu_18194_p3       |    select|   0|  0|   33|           1|          31|
    |select_ln326_fu_18292_p3       |    select|   0|  0|   23|           1|          21|
    |select_ln331_fu_18647_p3       |    select|   0|  0|   33|           1|          31|
    |state_update_2_fu_18208_p3     |    select|   0|  0|   32|           1|          32|
    |val_n_rec_10_fu_8449_p3        |    select|   0|  0|   32|           1|          32|
    |val_n_rec_12_fu_8653_p3        |    select|   0|  0|   32|           1|          32|
    |val_n_rec_14_fu_8851_p3        |    select|   0|  0|   32|           1|          32|
    |val_n_rec_16_fu_9055_p3        |    select|   0|  0|   32|           1|          32|
    |val_n_rec_18_fu_9253_p3        |    select|   0|  0|   32|           1|          32|
    |val_n_rec_20_fu_9457_p3        |    select|   0|  0|   32|           1|          32|
    |val_n_rec_22_fu_9655_p3        |    select|   0|  0|   32|           1|          32|
    |val_n_rec_24_fu_9859_p3        |    select|   0|  0|   32|           1|          32|
    |val_n_rec_26_fu_10057_p3       |    select|   0|  0|   32|           1|          32|
    |val_n_rec_28_fu_10261_p3       |    select|   0|  0|   32|           1|          32|
    |val_n_rec_2_fu_7645_p3         |    select|   0|  0|   32|           1|          32|
    |val_n_rec_30_fu_10459_p3       |    select|   0|  0|   32|           1|          32|
    |val_n_rec_32_fu_10663_p3       |    select|   0|  0|   32|           1|          32|
    |val_n_rec_34_fu_10861_p3       |    select|   0|  0|   32|           1|          32|
    |val_n_rec_36_fu_11065_p3       |    select|   0|  0|   32|           1|          32|
    |val_n_rec_38_fu_11263_p3       |    select|   0|  0|   32|           1|          32|
    |val_n_rec_40_fu_11467_p3       |    select|   0|  0|   32|           1|          32|
    |val_n_rec_42_fu_11665_p3       |    select|   0|  0|   32|           1|          32|
    |val_n_rec_44_fu_11869_p3       |    select|   0|  0|   32|           1|          32|
    |val_n_rec_46_fu_12067_p3       |    select|   0|  0|   32|           1|          32|
    |val_n_rec_48_fu_12271_p3       |    select|   0|  0|   32|           1|          32|
    |val_n_rec_4_fu_7849_p3         |    select|   0|  0|   32|           1|          32|
    |val_n_rec_50_fu_12469_p3       |    select|   0|  0|   32|           1|          32|
    |val_n_rec_52_fu_12673_p3       |    select|   0|  0|   32|           1|          32|
    |val_n_rec_54_fu_12871_p3       |    select|   0|  0|   32|           1|          32|
    |val_n_rec_56_fu_13075_p3       |    select|   0|  0|   32|           1|          32|
    |val_n_rec_58_fu_13273_p3       |    select|   0|  0|   32|           1|          32|
    |val_n_rec_60_fu_13477_p3       |    select|   0|  0|   32|           1|          32|
    |val_n_rec_62_fu_13675_p3       |    select|   0|  0|   32|           1|          32|
    |val_n_rec_64_fu_13879_p3       |    select|   0|  0|   32|           1|          32|
    |val_n_rec_66_fu_14077_p3       |    select|   0|  0|   32|           1|          32|
    |val_n_rec_68_fu_14281_p3       |    select|   0|  0|   32|           1|          32|
    |val_n_rec_6_fu_8047_p3         |    select|   0|  0|   32|           1|          32|
    |val_n_rec_70_fu_14479_p3       |    select|   0|  0|   32|           1|          32|
    |val_n_rec_72_fu_14683_p3       |    select|   0|  0|   32|           1|          32|
    |val_n_rec_74_fu_14881_p3       |    select|   0|  0|   32|           1|          32|
    |val_n_rec_76_fu_15085_p3       |    select|   0|  0|   32|           1|          32|
    |val_n_rec_78_fu_15283_p3       |    select|   0|  0|   32|           1|          32|
    |val_n_rec_80_fu_15453_p3       |    select|   0|  0|   32|           1|          32|
    |val_n_rec_8_fu_8251_p3         |    select|   0|  0|   32|           1|          32|
    |val_r_10_fu_8317_p3            |    select|   0|  0|   32|           1|          32|
    |val_r_12_fu_8517_p3            |    select|   0|  0|   32|           1|          32|
    |val_r_14_fu_8719_p3            |    select|   0|  0|   32|           1|          32|
    |val_r_16_fu_8919_p3            |    select|   0|  0|   32|           1|          32|
    |val_r_18_fu_9121_p3            |    select|   0|  0|   32|           1|          32|
    |val_r_20_fu_9321_p3            |    select|   0|  0|   32|           1|          32|
    |val_r_22_fu_9523_p3            |    select|   0|  0|   32|           1|          32|
    |val_r_24_fu_9723_p3            |    select|   0|  0|   32|           1|          32|
    |val_r_26_fu_9925_p3            |    select|   0|  0|   32|           1|          32|
    |val_r_28_fu_10125_p3           |    select|   0|  0|   32|           1|          32|
    |val_r_2_fu_7502_p3             |    select|   0|  0|   32|           1|          32|
    |val_r_30_fu_10327_p3           |    select|   0|  0|   32|           1|          32|
    |val_r_32_fu_10527_p3           |    select|   0|  0|   32|           1|          32|
    |val_r_34_fu_10729_p3           |    select|   0|  0|   32|           1|          32|
    |val_r_36_fu_10929_p3           |    select|   0|  0|   32|           1|          32|
    |val_r_38_fu_11131_p3           |    select|   0|  0|   32|           1|          32|
    |val_r_40_fu_11331_p3           |    select|   0|  0|   32|           1|          32|
    |val_r_42_fu_11533_p3           |    select|   0|  0|   32|           1|          32|
    |val_r_44_fu_11733_p3           |    select|   0|  0|   32|           1|          32|
    |val_r_46_fu_11935_p3           |    select|   0|  0|   32|           1|          32|
    |val_r_48_fu_12135_p3           |    select|   0|  0|   32|           1|          32|
    |val_r_4_fu_7713_p3             |    select|   0|  0|   32|           1|          32|
    |val_r_50_fu_12337_p3           |    select|   0|  0|   32|           1|          32|
    |val_r_52_fu_12537_p3           |    select|   0|  0|   32|           1|          32|
    |val_r_54_fu_12739_p3           |    select|   0|  0|   32|           1|          32|
    |val_r_56_fu_12939_p3           |    select|   0|  0|   32|           1|          32|
    |val_r_58_fu_13141_p3           |    select|   0|  0|   32|           1|          32|
    |val_r_60_fu_13341_p3           |    select|   0|  0|   32|           1|          32|
    |val_r_62_fu_13543_p3           |    select|   0|  0|   32|           1|          32|
    |val_r_64_fu_13743_p3           |    select|   0|  0|   32|           1|          32|
    |val_r_66_fu_13945_p3           |    select|   0|  0|   32|           1|          32|
    |val_r_68_fu_14145_p3           |    select|   0|  0|   32|           1|          32|
    |val_r_6_fu_7915_p3             |    select|   0|  0|   32|           1|          32|
    |val_r_70_fu_14347_p3           |    select|   0|  0|   32|           1|          32|
    |val_r_72_fu_14547_p3           |    select|   0|  0|   32|           1|          32|
    |val_r_74_fu_14749_p3           |    select|   0|  0|   32|           1|          32|
    |val_r_76_fu_14949_p3           |    select|   0|  0|   32|           1|          32|
    |val_r_78_fu_15151_p3           |    select|   0|  0|   32|           1|          32|
    |val_r_80_fu_15351_p3           |    select|   0|  0|   32|           1|          32|
    |val_r_8_fu_8115_p3             |    select|   0|  0|   32|           1|          32|
    |val_z_10_fu_8383_p3            |    select|   0|  0|   32|           1|          32|
    |val_z_12_fu_8585_p3            |    select|   0|  0|   32|           1|          32|
    |val_z_14_fu_8785_p3            |    select|   0|  0|   32|           1|          32|
    |val_z_16_fu_8987_p3            |    select|   0|  0|   32|           1|          32|
    |val_z_18_fu_9187_p3            |    select|   0|  0|   32|           1|          32|
    |val_z_20_fu_9389_p3            |    select|   0|  0|   32|           1|          32|
    |val_z_22_fu_9589_p3            |    select|   0|  0|   32|           1|          32|
    |val_z_24_fu_9791_p3            |    select|   0|  0|   32|           1|          32|
    |val_z_26_fu_9991_p3            |    select|   0|  0|   32|           1|          32|
    |val_z_28_fu_10193_p3           |    select|   0|  0|   32|           1|          32|
    |val_z_2_fu_7573_p3             |    select|   0|  0|   32|           1|          32|
    |val_z_30_fu_10393_p3           |    select|   0|  0|   32|           1|          32|
    |val_z_32_fu_10595_p3           |    select|   0|  0|   32|           1|          32|
    |val_z_34_fu_10795_p3           |    select|   0|  0|   32|           1|          32|
    |val_z_36_fu_10997_p3           |    select|   0|  0|   32|           1|          32|
    |val_z_38_fu_11197_p3           |    select|   0|  0|   32|           1|          32|
    |val_z_40_fu_11399_p3           |    select|   0|  0|   32|           1|          32|
    |val_z_42_fu_11599_p3           |    select|   0|  0|   32|           1|          32|
    |val_z_44_fu_11801_p3           |    select|   0|  0|   32|           1|          32|
    |val_z_46_fu_12001_p3           |    select|   0|  0|   32|           1|          32|
    |val_z_48_fu_12203_p3           |    select|   0|  0|   32|           1|          32|
    |val_z_4_fu_7781_p3             |    select|   0|  0|   32|           1|          32|
    |val_z_50_fu_12403_p3           |    select|   0|  0|   32|           1|          32|
    |val_z_52_fu_12605_p3           |    select|   0|  0|   32|           1|          32|
    |val_z_54_fu_12805_p3           |    select|   0|  0|   32|           1|          32|
    |val_z_56_fu_13007_p3           |    select|   0|  0|   32|           1|          32|
    |val_z_58_fu_13207_p3           |    select|   0|  0|   32|           1|          32|
    |val_z_60_fu_13409_p3           |    select|   0|  0|   32|           1|          32|
    |val_z_62_fu_13609_p3           |    select|   0|  0|   32|           1|          32|
    |val_z_64_fu_13811_p3           |    select|   0|  0|   32|           1|          32|
    |val_z_66_fu_14011_p3           |    select|   0|  0|   32|           1|          32|
    |val_z_68_fu_14213_p3           |    select|   0|  0|   32|           1|          32|
    |val_z_6_fu_7981_p3             |    select|   0|  0|   32|           1|          32|
    |val_z_70_fu_14413_p3           |    select|   0|  0|   32|           1|          32|
    |val_z_72_fu_14615_p3           |    select|   0|  0|   32|           1|          32|
    |val_z_74_fu_14815_p3           |    select|   0|  0|   32|           1|          32|
    |val_z_76_fu_15017_p3           |    select|   0|  0|   32|           1|          32|
    |val_z_78_fu_15217_p3           |    select|   0|  0|   32|           1|          32|
    |val_z_80_fu_15491_p3           |    select|   0|  0|   32|           1|          32|
    |val_z_8_fu_8183_p3             |    select|   0|  0|   32|           1|          32|
    |y_2_fu_16235_p3                |    select|   0|  0|   32|           1|          32|
    |y_5_fu_16640_p3                |    select|   0|  0|   32|           1|          32|
    |y_8_fu_17623_p3                |    select|   0|  0|   32|           1|          32|
    |y_acc_2_fu_18655_p3            |    select|   0|  0|   32|           1|          32|
    |z_2_fu_17912_p3                |    select|   0|  0|   22|           1|          22|
    |ap_enable_pp0                  |       xor|   0|  0|    2|           1|           2|
    |xor_ln149_1_fu_15903_p2        |       xor|   0|  0|    2|           1|           2|
    |xor_ln149_2_fu_17329_p2        |       xor|   0|  0|    2|           1|           2|
    |xor_ln149_fu_15657_p2          |       xor|   0|  0|    2|           1|           2|
    |xor_ln150_1_fu_15637_p2        |       xor|   0|  0|    2|           1|           1|
    |xor_ln150_2_fu_15876_p2        |       xor|   0|  0|    2|           1|           2|
    |xor_ln150_3_fu_15886_p2        |       xor|   0|  0|    2|           1|           1|
    |xor_ln150_4_fu_17297_p2        |       xor|   0|  0|    2|           1|           2|
    |xor_ln150_5_fu_17309_p2        |       xor|   0|  0|    2|           1|           1|
    |xor_ln150_fu_15625_p2          |       xor|   0|  0|    2|           1|           2|
    |xor_ln153_1_fu_16736_p2        |       xor|   0|  0|    2|           1|           2|
    |xor_ln153_2_fu_17719_p2        |       xor|   0|  0|    2|           1|           2|
    |xor_ln153_fu_16331_p2          |       xor|   0|  0|    2|           1|           2|
    |xor_ln170_10_fu_16493_p2       |       xor|   0|  0|    2|           1|           1|
    |xor_ln170_11_fu_16529_p2       |       xor|   0|  0|    2|           1|           2|
    |xor_ln170_12_fu_17532_p2       |       xor|   0|  0|    2|           1|           2|
    |xor_ln170_13_fu_17544_p2       |       xor|   0|  0|    2|           1|           2|
    |xor_ln170_14_fu_17556_p2       |       xor|   0|  0|    2|           1|           1|
    |xor_ln170_15_fu_17568_p2       |       xor|   0|  0|    2|           1|           2|
    |xor_ln170_16_fu_17562_p2       |       xor|   0|  0|    2|           1|           1|
    |xor_ln170_17_fu_17598_p2       |       xor|   0|  0|    2|           1|           2|
    |xor_ln170_1_fu_16136_p2        |       xor|   0|  0|    2|           1|           2|
    |xor_ln170_2_fu_16148_p2        |       xor|   0|  0|    2|           1|           1|
    |xor_ln170_3_fu_16160_p2        |       xor|   0|  0|    2|           1|           2|
    |xor_ln170_4_fu_16154_p2        |       xor|   0|  0|    2|           1|           1|
    |xor_ln170_5_fu_16190_p2        |       xor|   0|  0|    2|           1|           2|
    |xor_ln170_6_fu_16463_p2        |       xor|   0|  0|    2|           1|           2|
    |xor_ln170_7_fu_16475_p2        |       xor|   0|  0|    2|           1|           2|
    |xor_ln170_8_fu_16487_p2        |       xor|   0|  0|    2|           1|           1|
    |xor_ln170_9_fu_16499_p2        |       xor|   0|  0|    2|           1|           2|
    |xor_ln170_fu_16124_p2          |       xor|   0|  0|    2|           1|           2|
    |xor_ln171_1_fu_16299_p2        |       xor|   0|  0|    2|           1|           2|
    |xor_ln171_2_fu_16692_p2        |       xor|   0|  0|    2|           1|           2|
    |xor_ln171_3_fu_16704_p2        |       xor|   0|  0|    2|           1|           2|
    |xor_ln171_4_fu_17675_p2        |       xor|   0|  0|    2|           1|           2|
    |xor_ln171_5_fu_17687_p2        |       xor|   0|  0|    2|           1|           2|
    |xor_ln171_fu_16287_p2          |       xor|   0|  0|    2|           1|           2|
    |xor_ln173_1_fu_16588_p2        |       xor|   0|  0|    2|           1|           1|
    |xor_ln173_2_fu_16966_p2        |       xor|   0|  0|    2|           1|           2|
    |xor_ln173_3_fu_16978_p2        |       xor|   0|  0|    2|           1|           1|
    |xor_ln173_4_fu_17949_p2        |       xor|   0|  0|    2|           1|           2|
    |xor_ln173_5_fu_17961_p2        |       xor|   0|  0|    2|           1|           1|
    |xor_ln173_fu_16576_p2          |       xor|   0|  0|    2|           1|           2|
    |xor_ln181_1_fu_15556_p2        |       xor|   0|  0|    2|           1|           1|
    |xor_ln181_2_fu_15561_p2        |       xor|   0|  0|    2|           1|           2|
    |xor_ln181_3_fu_15721_p2        |       xor|   0|  0|    2|           1|           2|
    |xor_ln181_4_fu_15733_p2        |       xor|   0|  0|    2|           1|           1|
    |xor_ln181_5_fu_15739_p2        |       xor|   0|  0|    2|           1|           2|
    |xor_ln181_fu_15545_p2          |       xor|   0|  0|    2|           1|           2|
    |xor_ln183_10_fu_17850_p2       |       xor|   0|  0|    2|           1|           1|
    |xor_ln183_11_fu_17886_p2       |       xor|   0|  0|    2|           1|           2|
    |xor_ln183_1_fu_16849_p2        |       xor|   0|  0|    2|           1|           2|
    |xor_ln183_2_fu_16861_p2        |       xor|   0|  0|    2|           1|           1|
    |xor_ln183_3_fu_16873_p2        |       xor|   0|  0|    2|           1|           2|
    |xor_ln183_4_fu_16867_p2        |       xor|   0|  0|    2|           1|           1|
    |xor_ln183_5_fu_16903_p2        |       xor|   0|  0|    2|           1|           2|
    |xor_ln183_6_fu_17820_p2        |       xor|   0|  0|    2|           1|           2|
    |xor_ln183_7_fu_17832_p2        |       xor|   0|  0|    2|           1|           2|
    |xor_ln183_8_fu_17844_p2        |       xor|   0|  0|    2|           1|           1|
    |xor_ln183_9_fu_17856_p2        |       xor|   0|  0|    2|           1|           2|
    |xor_ln183_fu_16837_p2          |       xor|   0|  0|    2|           1|           2|
    |xor_ln300_10_fu_8491_p2        |       xor|   0|  0|    2|           1|           2|
    |xor_ln300_11_fu_8503_p2        |       xor|   0|  0|    2|           1|           1|
    |xor_ln300_12_fu_8693_p2        |       xor|   0|  0|    2|           1|           2|
    |xor_ln300_13_fu_8705_p2        |       xor|   0|  0|    2|           1|           1|
    |xor_ln300_14_fu_8893_p2        |       xor|   0|  0|    2|           1|           2|
    |xor_ln300_15_fu_8905_p2        |       xor|   0|  0|    2|           1|           1|
    |xor_ln300_16_fu_9095_p2        |       xor|   0|  0|    2|           1|           2|
    |xor_ln300_17_fu_9107_p2        |       xor|   0|  0|    2|           1|           1|
    |xor_ln300_18_fu_9295_p2        |       xor|   0|  0|    2|           1|           2|
    |xor_ln300_19_fu_9307_p2        |       xor|   0|  0|    2|           1|           1|
    |xor_ln300_1_fu_7488_p2         |       xor|   0|  0|    2|           1|           1|
    |xor_ln300_20_fu_9497_p2        |       xor|   0|  0|    2|           1|           2|
    |xor_ln300_21_fu_9509_p2        |       xor|   0|  0|    2|           1|           1|
    |xor_ln300_22_fu_9697_p2        |       xor|   0|  0|    2|           1|           2|
    |xor_ln300_23_fu_9709_p2        |       xor|   0|  0|    2|           1|           1|
    |xor_ln300_24_fu_9899_p2        |       xor|   0|  0|    2|           1|           2|
    |xor_ln300_25_fu_9911_p2        |       xor|   0|  0|    2|           1|           1|
    |xor_ln300_26_fu_10099_p2       |       xor|   0|  0|    2|           1|           2|
    |xor_ln300_27_fu_10111_p2       |       xor|   0|  0|    2|           1|           1|
    |xor_ln300_28_fu_10301_p2       |       xor|   0|  0|    2|           1|           2|
    |xor_ln300_29_fu_10313_p2       |       xor|   0|  0|    2|           1|           1|
    |xor_ln300_2_fu_7687_p2         |       xor|   0|  0|    2|           1|           2|
    |xor_ln300_30_fu_10501_p2       |       xor|   0|  0|    2|           1|           2|
    |xor_ln300_31_fu_10513_p2       |       xor|   0|  0|    2|           1|           1|
    |xor_ln300_32_fu_10703_p2       |       xor|   0|  0|    2|           1|           2|
    |xor_ln300_33_fu_10715_p2       |       xor|   0|  0|    2|           1|           1|
    |xor_ln300_34_fu_10903_p2       |       xor|   0|  0|    2|           1|           2|
    |xor_ln300_35_fu_10915_p2       |       xor|   0|  0|    2|           1|           1|
    |xor_ln300_36_fu_11105_p2       |       xor|   0|  0|    2|           1|           2|
    |xor_ln300_37_fu_11117_p2       |       xor|   0|  0|    2|           1|           1|
    |xor_ln300_38_fu_11305_p2       |       xor|   0|  0|    2|           1|           2|
    |xor_ln300_39_fu_11317_p2       |       xor|   0|  0|    2|           1|           1|
    |xor_ln300_3_fu_7699_p2         |       xor|   0|  0|    2|           1|           1|
    |xor_ln300_40_fu_11507_p2       |       xor|   0|  0|    2|           1|           2|
    |xor_ln300_41_fu_11519_p2       |       xor|   0|  0|    2|           1|           1|
    |xor_ln300_42_fu_11707_p2       |       xor|   0|  0|    2|           1|           2|
    |xor_ln300_43_fu_11719_p2       |       xor|   0|  0|    2|           1|           1|
    |xor_ln300_44_fu_11909_p2       |       xor|   0|  0|    2|           1|           2|
    |xor_ln300_45_fu_11921_p2       |       xor|   0|  0|    2|           1|           1|
    |xor_ln300_46_fu_12109_p2       |       xor|   0|  0|    2|           1|           2|
    |xor_ln300_47_fu_12121_p2       |       xor|   0|  0|    2|           1|           1|
    |xor_ln300_48_fu_12311_p2       |       xor|   0|  0|    2|           1|           2|
    |xor_ln300_49_fu_12323_p2       |       xor|   0|  0|    2|           1|           1|
    |xor_ln300_4_fu_7889_p2         |       xor|   0|  0|    2|           1|           2|
    |xor_ln300_50_fu_12511_p2       |       xor|   0|  0|    2|           1|           2|
    |xor_ln300_51_fu_12523_p2       |       xor|   0|  0|    2|           1|           1|
    |xor_ln300_52_fu_12713_p2       |       xor|   0|  0|    2|           1|           2|
    |xor_ln300_53_fu_12725_p2       |       xor|   0|  0|    2|           1|           1|
    |xor_ln300_54_fu_12913_p2       |       xor|   0|  0|    2|           1|           2|
    |xor_ln300_55_fu_12925_p2       |       xor|   0|  0|    2|           1|           1|
    |xor_ln300_56_fu_13115_p2       |       xor|   0|  0|    2|           1|           2|
    |xor_ln300_57_fu_13127_p2       |       xor|   0|  0|    2|           1|           1|
    |xor_ln300_58_fu_13315_p2       |       xor|   0|  0|    2|           1|           2|
    |xor_ln300_59_fu_13327_p2       |       xor|   0|  0|    2|           1|           1|
    |xor_ln300_5_fu_7901_p2         |       xor|   0|  0|    2|           1|           1|
    |xor_ln300_60_fu_13517_p2       |       xor|   0|  0|    2|           1|           2|
    |xor_ln300_61_fu_13529_p2       |       xor|   0|  0|    2|           1|           1|
    |xor_ln300_62_fu_13717_p2       |       xor|   0|  0|    2|           1|           2|
    |xor_ln300_63_fu_13729_p2       |       xor|   0|  0|    2|           1|           1|
    |xor_ln300_64_fu_13919_p2       |       xor|   0|  0|    2|           1|           2|
    |xor_ln300_65_fu_13931_p2       |       xor|   0|  0|    2|           1|           1|
    |xor_ln300_66_fu_14119_p2       |       xor|   0|  0|    2|           1|           2|
    |xor_ln300_67_fu_14131_p2       |       xor|   0|  0|    2|           1|           1|
    |xor_ln300_68_fu_14321_p2       |       xor|   0|  0|    2|           1|           2|
    |xor_ln300_69_fu_14333_p2       |       xor|   0|  0|    2|           1|           1|
    |xor_ln300_6_fu_8089_p2         |       xor|   0|  0|    2|           1|           2|
    |xor_ln300_70_fu_14521_p2       |       xor|   0|  0|    2|           1|           2|
    |xor_ln300_71_fu_14533_p2       |       xor|   0|  0|    2|           1|           1|
    |xor_ln300_72_fu_14723_p2       |       xor|   0|  0|    2|           1|           2|
    |xor_ln300_73_fu_14735_p2       |       xor|   0|  0|    2|           1|           1|
    |xor_ln300_74_fu_14923_p2       |       xor|   0|  0|    2|           1|           2|
    |xor_ln300_75_fu_14935_p2       |       xor|   0|  0|    2|           1|           1|
    |xor_ln300_76_fu_15125_p2       |       xor|   0|  0|    2|           1|           2|
    |xor_ln300_77_fu_15137_p2       |       xor|   0|  0|    2|           1|           1|
    |xor_ln300_78_fu_15325_p2       |       xor|   0|  0|    2|           1|           2|
    |xor_ln300_79_fu_15337_p2       |       xor|   0|  0|    2|           1|           1|
    |xor_ln300_7_fu_8101_p2         |       xor|   0|  0|    2|           1|           1|
    |xor_ln300_8_fu_8291_p2         |       xor|   0|  0|    2|           1|           2|
    |xor_ln300_9_fu_8303_p2         |       xor|   0|  0|    2|           1|           1|
    |xor_ln300_fu_7476_p2           |       xor|   0|  0|    2|           1|           2|
    |xor_ln301_10_fu_8559_p2        |       xor|   0|  0|    2|           1|           2|
    |xor_ln301_11_fu_8571_p2        |       xor|   0|  0|    2|           1|           1|
    |xor_ln301_12_fu_8759_p2        |       xor|   0|  0|    2|           1|           2|
    |xor_ln301_13_fu_8771_p2        |       xor|   0|  0|    2|           1|           1|
    |xor_ln301_14_fu_8961_p2        |       xor|   0|  0|    2|           1|           2|
    |xor_ln301_15_fu_8973_p2        |       xor|   0|  0|    2|           1|           1|
    |xor_ln301_16_fu_9161_p2        |       xor|   0|  0|    2|           1|           2|
    |xor_ln301_17_fu_9173_p2        |       xor|   0|  0|    2|           1|           1|
    |xor_ln301_18_fu_9363_p2        |       xor|   0|  0|    2|           1|           2|
    |xor_ln301_19_fu_9375_p2        |       xor|   0|  0|    2|           1|           1|
    |xor_ln301_1_fu_7559_p2         |       xor|   0|  0|    2|           1|           1|
    |xor_ln301_20_fu_9563_p2        |       xor|   0|  0|    2|           1|           2|
    |xor_ln301_21_fu_9575_p2        |       xor|   0|  0|    2|           1|           1|
    |xor_ln301_22_fu_9765_p2        |       xor|   0|  0|    2|           1|           2|
    |xor_ln301_23_fu_9777_p2        |       xor|   0|  0|    2|           1|           1|
    |xor_ln301_24_fu_9965_p2        |       xor|   0|  0|    2|           1|           2|
    |xor_ln301_25_fu_9977_p2        |       xor|   0|  0|    2|           1|           1|
    |xor_ln301_26_fu_10167_p2       |       xor|   0|  0|    2|           1|           2|
    |xor_ln301_27_fu_10179_p2       |       xor|   0|  0|    2|           1|           1|
    |xor_ln301_28_fu_10367_p2       |       xor|   0|  0|    2|           1|           2|
    |xor_ln301_29_fu_10379_p2       |       xor|   0|  0|    2|           1|           1|
    |xor_ln301_2_fu_7755_p2         |       xor|   0|  0|    2|           1|           2|
    |xor_ln301_30_fu_10569_p2       |       xor|   0|  0|    2|           1|           2|
    |xor_ln301_31_fu_10581_p2       |       xor|   0|  0|    2|           1|           1|
    |xor_ln301_32_fu_10769_p2       |       xor|   0|  0|    2|           1|           2|
    |xor_ln301_33_fu_10781_p2       |       xor|   0|  0|    2|           1|           1|
    |xor_ln301_34_fu_10971_p2       |       xor|   0|  0|    2|           1|           2|
    |xor_ln301_35_fu_10983_p2       |       xor|   0|  0|    2|           1|           1|
    |xor_ln301_36_fu_11171_p2       |       xor|   0|  0|    2|           1|           2|
    |xor_ln301_37_fu_11183_p2       |       xor|   0|  0|    2|           1|           1|
    |xor_ln301_38_fu_11373_p2       |       xor|   0|  0|    2|           1|           2|
    |xor_ln301_39_fu_11385_p2       |       xor|   0|  0|    2|           1|           1|
    |xor_ln301_3_fu_7767_p2         |       xor|   0|  0|    2|           1|           1|
    |xor_ln301_40_fu_11573_p2       |       xor|   0|  0|    2|           1|           2|
    |xor_ln301_41_fu_11585_p2       |       xor|   0|  0|    2|           1|           1|
    |xor_ln301_42_fu_11775_p2       |       xor|   0|  0|    2|           1|           2|
    |xor_ln301_43_fu_11787_p2       |       xor|   0|  0|    2|           1|           1|
    |xor_ln301_44_fu_11975_p2       |       xor|   0|  0|    2|           1|           2|
    |xor_ln301_45_fu_11987_p2       |       xor|   0|  0|    2|           1|           1|
    |xor_ln301_46_fu_12177_p2       |       xor|   0|  0|    2|           1|           2|
    |xor_ln301_47_fu_12189_p2       |       xor|   0|  0|    2|           1|           1|
    |xor_ln301_48_fu_12377_p2       |       xor|   0|  0|    2|           1|           2|
    |xor_ln301_49_fu_12389_p2       |       xor|   0|  0|    2|           1|           1|
    |xor_ln301_4_fu_7955_p2         |       xor|   0|  0|    2|           1|           2|
    |xor_ln301_50_fu_12579_p2       |       xor|   0|  0|    2|           1|           2|
    |xor_ln301_51_fu_12591_p2       |       xor|   0|  0|    2|           1|           1|
    |xor_ln301_52_fu_12779_p2       |       xor|   0|  0|    2|           1|           2|
    |xor_ln301_53_fu_12791_p2       |       xor|   0|  0|    2|           1|           1|
    |xor_ln301_54_fu_12981_p2       |       xor|   0|  0|    2|           1|           2|
    |xor_ln301_55_fu_12993_p2       |       xor|   0|  0|    2|           1|           1|
    |xor_ln301_56_fu_13181_p2       |       xor|   0|  0|    2|           1|           2|
    |xor_ln301_57_fu_13193_p2       |       xor|   0|  0|    2|           1|           1|
    |xor_ln301_58_fu_13383_p2       |       xor|   0|  0|    2|           1|           2|
    |xor_ln301_59_fu_13395_p2       |       xor|   0|  0|    2|           1|           1|
    |xor_ln301_5_fu_7967_p2         |       xor|   0|  0|    2|           1|           1|
    |xor_ln301_60_fu_13583_p2       |       xor|   0|  0|    2|           1|           2|
    |xor_ln301_61_fu_13595_p2       |       xor|   0|  0|    2|           1|           1|
    |xor_ln301_62_fu_13785_p2       |       xor|   0|  0|    2|           1|           2|
    |xor_ln301_63_fu_13797_p2       |       xor|   0|  0|    2|           1|           1|
    |xor_ln301_64_fu_13985_p2       |       xor|   0|  0|    2|           1|           2|
    |xor_ln301_65_fu_13997_p2       |       xor|   0|  0|    2|           1|           1|
    |xor_ln301_66_fu_14187_p2       |       xor|   0|  0|    2|           1|           2|
    |xor_ln301_67_fu_14199_p2       |       xor|   0|  0|    2|           1|           1|
    |xor_ln301_68_fu_14387_p2       |       xor|   0|  0|    2|           1|           2|
    |xor_ln301_69_fu_14399_p2       |       xor|   0|  0|    2|           1|           1|
    |xor_ln301_6_fu_8157_p2         |       xor|   0|  0|    2|           1|           2|
    |xor_ln301_70_fu_14589_p2       |       xor|   0|  0|    2|           1|           2|
    |xor_ln301_71_fu_14601_p2       |       xor|   0|  0|    2|           1|           1|
    |xor_ln301_72_fu_14789_p2       |       xor|   0|  0|    2|           1|           2|
    |xor_ln301_73_fu_14801_p2       |       xor|   0|  0|    2|           1|           1|
    |xor_ln301_74_fu_14991_p2       |       xor|   0|  0|    2|           1|           2|
    |xor_ln301_75_fu_15003_p2       |       xor|   0|  0|    2|           1|           1|
    |xor_ln301_76_fu_15191_p2       |       xor|   0|  0|    2|           1|           2|
    |xor_ln301_77_fu_15203_p2       |       xor|   0|  0|    2|           1|           1|
    |xor_ln301_78_fu_15469_p2       |       xor|   0|  0|    2|           1|           2|
    |xor_ln301_79_fu_15479_p2       |       xor|   0|  0|    2|           1|           1|
    |xor_ln301_7_fu_8169_p2         |       xor|   0|  0|    2|           1|           1|
    |xor_ln301_8_fu_8357_p2         |       xor|   0|  0|    2|           1|           2|
    |xor_ln301_9_fu_8369_p2         |       xor|   0|  0|    2|           1|           1|
    |xor_ln301_fu_7547_p2           |       xor|   0|  0|    2|           1|           2|
    |xor_ln302_10_fu_8627_p2        |       xor|   0|  0|    2|           1|           2|
    |xor_ln302_11_fu_8639_p2        |       xor|   0|  0|    2|           1|           1|
    |xor_ln302_12_fu_8825_p2        |       xor|   0|  0|    2|           1|           2|
    |xor_ln302_13_fu_8837_p2        |       xor|   0|  0|    2|           1|           1|
    |xor_ln302_14_fu_9029_p2        |       xor|   0|  0|    2|           1|           2|
    |xor_ln302_15_fu_9041_p2        |       xor|   0|  0|    2|           1|           1|
    |xor_ln302_16_fu_9227_p2        |       xor|   0|  0|    2|           1|           2|
    |xor_ln302_17_fu_9239_p2        |       xor|   0|  0|    2|           1|           1|
    |xor_ln302_18_fu_9431_p2        |       xor|   0|  0|    2|           1|           2|
    |xor_ln302_19_fu_9443_p2        |       xor|   0|  0|    2|           1|           1|
    |xor_ln302_1_fu_7631_p2         |       xor|   0|  0|    2|           1|           1|
    |xor_ln302_20_fu_9629_p2        |       xor|   0|  0|    2|           1|           2|
    |xor_ln302_21_fu_9641_p2        |       xor|   0|  0|    2|           1|           1|
    |xor_ln302_22_fu_9833_p2        |       xor|   0|  0|    2|           1|           2|
    |xor_ln302_23_fu_9845_p2        |       xor|   0|  0|    2|           1|           1|
    |xor_ln302_24_fu_10031_p2       |       xor|   0|  0|    2|           1|           2|
    |xor_ln302_25_fu_10043_p2       |       xor|   0|  0|    2|           1|           1|
    |xor_ln302_26_fu_10235_p2       |       xor|   0|  0|    2|           1|           2|
    |xor_ln302_27_fu_10247_p2       |       xor|   0|  0|    2|           1|           1|
    |xor_ln302_28_fu_10433_p2       |       xor|   0|  0|    2|           1|           2|
    |xor_ln302_29_fu_10445_p2       |       xor|   0|  0|    2|           1|           1|
    |xor_ln302_2_fu_7823_p2         |       xor|   0|  0|    2|           1|           2|
    |xor_ln302_30_fu_10637_p2       |       xor|   0|  0|    2|           1|           2|
    |xor_ln302_31_fu_10649_p2       |       xor|   0|  0|    2|           1|           1|
    |xor_ln302_32_fu_10835_p2       |       xor|   0|  0|    2|           1|           2|
    |xor_ln302_33_fu_10847_p2       |       xor|   0|  0|    2|           1|           1|
    |xor_ln302_34_fu_11039_p2       |       xor|   0|  0|    2|           1|           2|
    |xor_ln302_35_fu_11051_p2       |       xor|   0|  0|    2|           1|           1|
    |xor_ln302_36_fu_11237_p2       |       xor|   0|  0|    2|           1|           2|
    |xor_ln302_37_fu_11249_p2       |       xor|   0|  0|    2|           1|           1|
    |xor_ln302_38_fu_11441_p2       |       xor|   0|  0|    2|           1|           2|
    |xor_ln302_39_fu_11453_p2       |       xor|   0|  0|    2|           1|           1|
    |xor_ln302_3_fu_7835_p2         |       xor|   0|  0|    2|           1|           1|
    |xor_ln302_40_fu_11639_p2       |       xor|   0|  0|    2|           1|           2|
    |xor_ln302_41_fu_11651_p2       |       xor|   0|  0|    2|           1|           1|
    |xor_ln302_42_fu_11843_p2       |       xor|   0|  0|    2|           1|           2|
    |xor_ln302_43_fu_11855_p2       |       xor|   0|  0|    2|           1|           1|
    |xor_ln302_44_fu_12041_p2       |       xor|   0|  0|    2|           1|           2|
    |xor_ln302_45_fu_12053_p2       |       xor|   0|  0|    2|           1|           1|
    |xor_ln302_46_fu_12245_p2       |       xor|   0|  0|    2|           1|           2|
    |xor_ln302_47_fu_12257_p2       |       xor|   0|  0|    2|           1|           1|
    |xor_ln302_48_fu_12443_p2       |       xor|   0|  0|    2|           1|           2|
    |xor_ln302_49_fu_12455_p2       |       xor|   0|  0|    2|           1|           1|
    |xor_ln302_4_fu_8021_p2         |       xor|   0|  0|    2|           1|           2|
    |xor_ln302_50_fu_12647_p2       |       xor|   0|  0|    2|           1|           2|
    |xor_ln302_51_fu_12659_p2       |       xor|   0|  0|    2|           1|           1|
    |xor_ln302_52_fu_12845_p2       |       xor|   0|  0|    2|           1|           2|
    |xor_ln302_53_fu_12857_p2       |       xor|   0|  0|    2|           1|           1|
    |xor_ln302_54_fu_13049_p2       |       xor|   0|  0|    2|           1|           2|
    |xor_ln302_55_fu_13061_p2       |       xor|   0|  0|    2|           1|           1|
    |xor_ln302_56_fu_13247_p2       |       xor|   0|  0|    2|           1|           2|
    |xor_ln302_57_fu_13259_p2       |       xor|   0|  0|    2|           1|           1|
    |xor_ln302_58_fu_13451_p2       |       xor|   0|  0|    2|           1|           2|
    |xor_ln302_59_fu_13463_p2       |       xor|   0|  0|    2|           1|           1|
    |xor_ln302_5_fu_8033_p2         |       xor|   0|  0|    2|           1|           1|
    |xor_ln302_60_fu_13649_p2       |       xor|   0|  0|    2|           1|           2|
    |xor_ln302_61_fu_13661_p2       |       xor|   0|  0|    2|           1|           1|
    |xor_ln302_62_fu_13853_p2       |       xor|   0|  0|    2|           1|           2|
    |xor_ln302_63_fu_13865_p2       |       xor|   0|  0|    2|           1|           1|
    |xor_ln302_64_fu_14051_p2       |       xor|   0|  0|    2|           1|           2|
    |xor_ln302_65_fu_14063_p2       |       xor|   0|  0|    2|           1|           1|
    |xor_ln302_66_fu_14255_p2       |       xor|   0|  0|    2|           1|           2|
    |xor_ln302_67_fu_14267_p2       |       xor|   0|  0|    2|           1|           1|
    |xor_ln302_68_fu_14453_p2       |       xor|   0|  0|    2|           1|           2|
    |xor_ln302_69_fu_14465_p2       |       xor|   0|  0|    2|           1|           1|
    |xor_ln302_6_fu_8225_p2         |       xor|   0|  0|    2|           1|           2|
    |xor_ln302_70_fu_14657_p2       |       xor|   0|  0|    2|           1|           2|
    |xor_ln302_71_fu_14669_p2       |       xor|   0|  0|    2|           1|           1|
    |xor_ln302_72_fu_14855_p2       |       xor|   0|  0|    2|           1|           2|
    |xor_ln302_73_fu_14867_p2       |       xor|   0|  0|    2|           1|           1|
    |xor_ln302_74_fu_15059_p2       |       xor|   0|  0|    2|           1|           2|
    |xor_ln302_75_fu_15071_p2       |       xor|   0|  0|    2|           1|           1|
    |xor_ln302_76_fu_15257_p2       |       xor|   0|  0|    2|           1|           2|
    |xor_ln302_77_fu_15269_p2       |       xor|   0|  0|    2|           1|           1|
    |xor_ln302_78_fu_15427_p2       |       xor|   0|  0|    2|           1|           2|
    |xor_ln302_79_fu_15439_p2       |       xor|   0|  0|    2|           1|           1|
    |xor_ln302_7_fu_8237_p2         |       xor|   0|  0|    2|           1|           1|
    |xor_ln302_8_fu_8423_p2         |       xor|   0|  0|    2|           1|           2|
    |xor_ln302_9_fu_8435_p2         |       xor|   0|  0|    2|           1|           1|
    |xor_ln302_fu_7619_p2           |       xor|   0|  0|    2|           1|           2|
    |xor_ln314_1_fu_17173_p2        |       xor|   0|  0|    2|           1|           2|
    |xor_ln314_2_fu_17194_p2        |       xor|   0|  0|    2|           1|           2|
    |xor_ln314_3_fu_17205_p2        |       xor|   0|  0|    2|           1|           2|
    |xor_ln314_4_fu_17227_p2        |       xor|   0|  0|    2|           1|           2|
    |xor_ln314_fu_17127_p2          |       xor|   0|  0|    2|           1|           2|
    |xor_ln324_1_fu_18111_p2        |       xor|   0|  0|    2|           1|           2|
    |xor_ln324_2_fu_18144_p2        |       xor|   0|  0|    2|           1|           1|
    |xor_ln324_3_fu_18154_p2        |       xor|   0|  0|    2|           1|           2|
    |xor_ln324_4_fu_18149_p2        |       xor|   0|  0|    2|           1|           1|
    |xor_ln324_5_fu_18183_p2        |       xor|   0|  0|    2|           1|           2|
    |xor_ln324_fu_18128_p2          |       xor|   0|  0|    2|           1|           2|
    |xor_ln326_1_fu_18274_p2        |       xor|   0|  0|    2|           1|           2|
    |xor_ln326_fu_18262_p2          |       xor|   0|  0|    2|           1|           2|
    |xor_ln331_1_fu_18641_p2        |       xor|   0|  0|    2|           1|           1|
    |xor_ln331_fu_18629_p2          |       xor|   0|  0|    2|           1|           2|
    +-------------------------------+----------+----+---+-----+------------+------------+
    |Total                          |          |   0|  0|21071|        9896|       18030|
    +-------------------------------+----------+----+---+-----+------------+------------+

    * Multiplexer: 
    +---------------------------+----+-----------+-----+-----------+
    |            Name           | LUT| Input Size| Bits| Total Bits|
    +---------------------------+----+-----------+-----+-----------+
    |TANH_TABLE_address0_local  |  14|          3|   11|         33|
    |TANH_TABLE_address1_local  |  14|          3|   11|         33|
    |TANH_TABLE_address2_local  |  14|          3|   11|         33|
    |ap_NS_fsm                  |  14|          3|    1|          3|
    |ap_done_int                |   9|          2|    1|          2|
    |ap_enable_reg_pp0_iter0    |   9|          2|    1|          2|
    |ap_enable_reg_pp0_iter1    |   9|          2|    1|          2|
    |ap_sig_allocacmp_i_1       |   9|          2|    6|         12|
    |grp_fu_5797_p0             |  14|          3|   22|         66|
    |grp_fu_5797_p1             |  14|          3|   20|         60|
    |grp_mac3_fu_2704_h         |  14|          3|   22|         66|
    |grp_mac3_fu_2704_wn        |  14|          3|   22|         66|
    |grp_mac3_fu_2704_wr        |  14|          3|   22|         66|
    |grp_mac3_fu_2704_wz        |  14|          3|   22|         66|
    |grp_mac3_fu_2705_h         |  14|          3|   22|         66|
    |grp_mac3_fu_2705_wn        |  14|          3|   22|         66|
    |grp_mac3_fu_2705_wr        |  14|          3|   22|         66|
    |grp_mac3_fu_2705_wz        |  14|          3|   22|         66|
    |grp_mac3_fu_2706_h         |  14|          3|   22|         66|
    |grp_mac3_fu_2706_wn        |  14|          3|   22|         66|
    |grp_mac3_fu_2706_wr        |  14|          3|   22|         66|
    |grp_mac3_fu_2706_wz        |  14|          3|   22|         66|
    |grp_mac3_fu_2707_h         |  14|          3|   22|         66|
    |grp_mac3_fu_2707_wn        |  14|          3|   22|         66|
    |grp_mac3_fu_2707_wr        |  14|          3|   22|         66|
    |grp_mac3_fu_2707_wz        |  14|          3|   22|         66|
    |grp_mac3_fu_2708_h         |  14|          3|   22|         66|
    |grp_mac3_fu_2708_wn        |  14|          3|   22|         66|
    |grp_mac3_fu_2708_wr        |  14|          3|   22|         66|
    |grp_mac3_fu_2708_wz        |  14|          3|   22|         66|
    |grp_mac3_fu_2709_h         |  14|          3|   22|         66|
    |grp_mac3_fu_2709_wn        |  14|          3|   22|         66|
    |grp_mac3_fu_2709_wr        |  14|          3|   22|         66|
    |grp_mac3_fu_2709_wz        |  14|          3|   22|         66|
    |grp_mac3_fu_2710_h         |  14|          3|   22|         66|
    |grp_mac3_fu_2710_wn        |  14|          3|   22|         66|
    |grp_mac3_fu_2710_wr        |  14|          3|   22|         66|
    |grp_mac3_fu_2710_wz        |  14|          3|   22|         66|
    |grp_mac3_fu_2711_h         |  14|          3|   22|         66|
    |grp_mac3_fu_2711_wn        |  14|          3|   22|         66|
    |grp_mac3_fu_2711_wr        |  14|          3|   22|         66|
    |grp_mac3_fu_2711_wz        |  14|          3|   22|         66|
    |grp_mac3_fu_2712_h         |  14|          3|   22|         66|
    |grp_mac3_fu_2712_wn        |  14|          3|   22|         66|
    |grp_mac3_fu_2712_wr        |  14|          3|   22|         66|
    |grp_mac3_fu_2712_wz        |  14|          3|   22|         66|
    |grp_mac3_fu_2713_h         |  14|          3|   22|         66|
    |grp_mac3_fu_2713_wn        |  14|          3|   22|         66|
    |grp_mac3_fu_2713_wr        |  14|          3|   22|         66|
    |grp_mac3_fu_2713_wz        |  14|          3|   22|         66|
    |grp_mac3_fu_2714_h         |  14|          3|   22|         66|
    |grp_mac3_fu_2714_wn        |  14|          3|   22|         66|
    |grp_mac3_fu_2714_wr        |  14|          3|   22|         66|
    |grp_mac3_fu_2714_wz        |  14|          3|   22|         66|
    |grp_mac3_fu_2715_h         |  14|          3|   22|         66|
    |grp_mac3_fu_2715_wn        |  14|          3|   22|         66|
    |grp_mac3_fu_2715_wr        |  14|          3|   22|         66|
    |grp_mac3_fu_2715_wz        |  14|          3|   22|         66|
    |grp_mac3_fu_2716_h         |  14|          3|   22|         66|
    |grp_mac3_fu_2716_wn        |  14|          3|   22|         66|
    |grp_mac3_fu_2716_wr        |  14|          3|   22|         66|
    |grp_mac3_fu_2716_wz        |  14|          3|   22|         66|
    |grp_mac3_fu_2717_h         |  14|          3|   22|         66|
    |grp_mac3_fu_2717_wn        |  14|          3|   22|         66|
    |grp_mac3_fu_2717_wr        |  14|          3|   22|         66|
    |grp_mac3_fu_2717_wz        |  14|          3|   22|         66|
    |grp_mac3_fu_2718_h         |  14|          3|   22|         66|
    |grp_mac3_fu_2718_wn        |  14|          3|   22|         66|
    |grp_mac3_fu_2718_wr        |  14|          3|   22|         66|
    |grp_mac3_fu_2718_wz        |  14|          3|   22|         66|
    |grp_mac3_fu_2719_h         |  14|          3|   22|         66|
    |grp_mac3_fu_2719_wn        |  14|          3|   22|         66|
    |grp_mac3_fu_2719_wr        |  14|          3|   22|         66|
    |grp_mac3_fu_2719_wz        |  14|          3|   22|         66|
    |grp_mac3_fu_2720_h         |  14|          3|   22|         66|
    |grp_mac3_fu_2720_wn        |  14|          3|   22|         66|
    |grp_mac3_fu_2720_wr        |  14|          3|   22|         66|
    |grp_mac3_fu_2720_wz        |  14|          3|   22|         66|
    |grp_mac3_fu_2721_h         |  14|          3|   22|         66|
    |grp_mac3_fu_2721_wn        |  14|          3|   22|         66|
    |grp_mac3_fu_2721_wr        |  14|          3|   22|         66|
    |grp_mac3_fu_2721_wz        |  14|          3|   22|         66|
    |grp_mac3_fu_2722_h         |  14|          3|   22|         66|
    |grp_mac3_fu_2722_wn        |  14|          3|   22|         66|
    |grp_mac3_fu_2722_wr        |  14|          3|   22|         66|
    |grp_mac3_fu_2722_wz        |  14|          3|   22|         66|
    |grp_mac3_fu_2723_h         |  14|          3|   22|         66|
    |grp_mac3_fu_2723_wn        |  14|          3|   22|         66|
    |grp_mac3_fu_2723_wr        |  14|          3|   22|         66|
    |grp_mac3_fu_2723_wz        |  14|          3|   22|         66|
    |h_new_10_out               |   9|          2|   22|         44|
    |h_new_11_out               |   9|          2|   22|         44|
    |h_new_12_out               |   9|          2|   22|         44|
    |h_new_13_out               |   9|          2|   22|         44|
    |h_new_14_out               |   9|          2|   22|         44|
    |h_new_15_out               |   9|          2|   22|         44|
    |h_new_16_out               |   9|          2|   22|         44|
    |h_new_17_out               |   9|          2|   22|         44|
    |h_new_18_out               |   9|          2|   22|         44|
    |h_new_19_out               |   9|          2|   22|         44|
    |h_new_1_out                |   9|          2|   22|         44|
    |h_new_20_out               |   9|          2|   22|         44|
    |h_new_21_out               |   9|          2|   22|         44|
    |h_new_22_out               |   9|          2|   22|         44|
    |h_new_23_out               |   9|          2|   22|         44|
    |h_new_24_out               |   9|          2|   22|         44|
    |h_new_25_out               |   9|          2|   22|         44|
    |h_new_26_out               |   9|          2|   22|         44|
    |h_new_27_out               |   9|          2|   22|         44|
    |h_new_28_out               |   9|          2|   22|         44|
    |h_new_29_out               |   9|          2|   22|         44|
    |h_new_2_out                |   9|          2|   22|         44|
    |h_new_30_out               |   9|          2|   22|         44|
    |h_new_31_out               |   9|          2|   22|         44|
    |h_new_32_out               |   9|          2|   22|         44|
    |h_new_33_out               |   9|          2|   22|         44|
    |h_new_34_out               |   9|          2|   22|         44|
    |h_new_35_out               |   9|          2|   22|         44|
    |h_new_36_out               |   9|          2|   22|         44|
    |h_new_37_out               |   9|          2|   22|         44|
    |h_new_38_out               |   9|          2|   22|         44|
    |h_new_39_out               |   9|          2|   22|         44|
    |h_new_3_out                |   9|          2|   22|         44|
    |h_new_4_out                |   9|          2|   22|         44|
    |h_new_5_out                |   9|          2|   22|         44|
    |h_new_6_out                |   9|          2|   22|         44|
    |h_new_7_out                |   9|          2|   22|         44|
    |h_new_8_out                |   9|          2|   22|         44|
    |h_new_9_out                |   9|          2|   22|         44|
    |h_new_out                  |   9|          2|   22|         44|
    |i_fu_690                   |   9|          2|    6|         12|
    |y_acc_fu_686               |   9|          2|   32|         64|
    +---------------------------+----+-----------+-----+-----------+
    |Total                      |1618|        350| 2763|       7362|
    +---------------------------+----+-----------+-----+-----------+

    * Register: 
    +----------------------------------------+-----+----+-----+-----------+
    |                  Name                  |  FF | LUT| Bits| Const Bits|
    +----------------------------------------+-----+----+-----+-----------+
    |U_n_0_load_reg_19608                    |   20|   0|   20|          0|
    |U_n_10_load_reg_19758                   |   18|   0|   18|          0|
    |U_n_11_load_reg_19773                   |   17|   0|   17|          0|
    |U_n_12_load_reg_19788                   |   19|   0|   19|          0|
    |U_n_13_load_reg_19803                   |   18|   0|   18|          0|
    |U_n_14_load_reg_19818                   |   17|   0|   17|          0|
    |U_n_15_load_reg_19833                   |   18|   0|   18|          0|
    |U_n_16_load_reg_19848                   |   18|   0|   18|          0|
    |U_n_17_load_reg_19863                   |   19|   0|   19|          0|
    |U_n_18_load_reg_19878                   |   18|   0|   18|          0|
    |U_n_19_load_reg_19893                   |   18|   0|   18|          0|
    |U_n_1_load_reg_19623                    |   18|   0|   18|          0|
    |U_n_20_load_reg_19908                   |   19|   0|   19|          0|
    |U_n_21_load_reg_19923                   |   18|   0|   18|          0|
    |U_n_22_load_reg_19938                   |   18|   0|   18|          0|
    |U_n_23_load_reg_19953                   |   19|   0|   19|          0|
    |U_n_24_load_reg_19968                   |   19|   0|   19|          0|
    |U_n_25_load_reg_19983                   |   18|   0|   18|          0|
    |U_n_26_load_reg_19998                   |   18|   0|   18|          0|
    |U_n_27_load_reg_20013                   |   18|   0|   18|          0|
    |U_n_28_load_reg_20028                   |   18|   0|   18|          0|
    |U_n_29_load_reg_20043                   |   18|   0|   18|          0|
    |U_n_2_load_reg_19638                    |   20|   0|   20|          0|
    |U_n_30_load_reg_20058                   |   18|   0|   18|          0|
    |U_n_31_load_reg_20073                   |   18|   0|   18|          0|
    |U_n_32_load_reg_20088                   |   19|   0|   19|          0|
    |U_n_33_load_reg_20103                   |   18|   0|   18|          0|
    |U_n_34_load_reg_20118                   |   19|   0|   19|          0|
    |U_n_35_load_reg_20133                   |   19|   0|   19|          0|
    |U_n_36_load_reg_20148                   |   19|   0|   19|          0|
    |U_n_37_load_reg_20163                   |   20|   0|   20|          0|
    |U_n_38_load_reg_20178                   |   18|   0|   18|          0|
    |U_n_39_load_reg_20193                   |   18|   0|   18|          0|
    |U_n_3_load_reg_19653                    |   20|   0|   20|          0|
    |U_n_4_load_reg_19668                    |   17|   0|   17|          0|
    |U_n_5_load_reg_19683                    |   18|   0|   18|          0|
    |U_n_6_load_reg_19698                    |   19|   0|   19|          0|
    |U_n_7_load_reg_19713                    |   19|   0|   19|          0|
    |U_n_8_load_reg_19728                    |   19|   0|   19|          0|
    |U_n_9_load_reg_19743                    |   19|   0|   19|          0|
    |U_r_0_load_reg_19598                    |   20|   0|   20|          0|
    |U_r_10_load_reg_19748                   |   20|   0|   20|          0|
    |U_r_11_load_reg_19763                   |   19|   0|   19|          0|
    |U_r_12_load_reg_19778                   |   19|   0|   19|          0|
    |U_r_13_load_reg_19793                   |   20|   0|   20|          0|
    |U_r_14_load_reg_19808                   |   18|   0|   18|          0|
    |U_r_15_load_reg_19823                   |   19|   0|   19|          0|
    |U_r_16_load_reg_19838                   |   20|   0|   20|          0|
    |U_r_17_load_reg_19853                   |   21|   0|   21|          0|
    |U_r_18_load_reg_19868                   |   20|   0|   20|          0|
    |U_r_19_load_reg_19883                   |   20|   0|   20|          0|
    |U_r_1_load_reg_19613                    |   19|   0|   19|          0|
    |U_r_20_load_reg_19898                   |   19|   0|   19|          0|
    |U_r_21_load_reg_19913                   |   20|   0|   20|          0|
    |U_r_22_load_reg_19928                   |   20|   0|   20|          0|
    |U_r_23_load_reg_19943                   |   21|   0|   21|          0|
    |U_r_24_load_reg_19958                   |   20|   0|   20|          0|
    |U_r_25_load_reg_19973                   |   19|   0|   19|          0|
    |U_r_26_load_reg_19988                   |   18|   0|   18|          0|
    |U_r_27_load_reg_20003                   |   19|   0|   19|          0|
    |U_r_28_load_reg_20018                   |   20|   0|   20|          0|
    |U_r_29_load_reg_20033                   |   19|   0|   19|          0|
    |U_r_2_load_reg_19628                    |   20|   0|   20|          0|
    |U_r_30_load_reg_20048                   |   19|   0|   19|          0|
    |U_r_31_load_reg_20063                   |   19|   0|   19|          0|
    |U_r_32_load_reg_20078                   |   20|   0|   20|          0|
    |U_r_33_load_reg_20093                   |   19|   0|   19|          0|
    |U_r_34_load_reg_20108                   |   20|   0|   20|          0|
    |U_r_35_load_reg_20123                   |   20|   0|   20|          0|
    |U_r_36_load_reg_20138                   |   21|   0|   21|          0|
    |U_r_37_load_reg_20153                   |   20|   0|   20|          0|
    |U_r_38_load_reg_20168                   |   19|   0|   19|          0|
    |U_r_39_load_reg_20183                   |   20|   0|   20|          0|
    |U_r_3_load_reg_19643                    |   20|   0|   20|          0|
    |U_r_4_load_reg_19658                    |   19|   0|   19|          0|
    |U_r_5_load_reg_19673                    |   20|   0|   20|          0|
    |U_r_6_load_reg_19688                    |   20|   0|   20|          0|
    |U_r_7_load_reg_19703                    |   20|   0|   20|          0|
    |U_r_8_load_reg_19718                    |   19|   0|   19|          0|
    |U_r_9_load_reg_19733                    |   19|   0|   19|          0|
    |U_z_0_load_reg_19603                    |   20|   0|   20|          0|
    |U_z_10_load_reg_19753                   |   20|   0|   20|          0|
    |U_z_11_load_reg_19768                   |   20|   0|   20|          0|
    |U_z_12_load_reg_19783                   |   20|   0|   20|          0|
    |U_z_13_load_reg_19798                   |   21|   0|   21|          0|
    |U_z_14_load_reg_19813                   |   20|   0|   20|          0|
    |U_z_15_load_reg_19828                   |   20|   0|   20|          0|
    |U_z_16_load_reg_19843                   |   20|   0|   20|          0|
    |U_z_17_load_reg_19858                   |   19|   0|   19|          0|
    |U_z_18_load_reg_19873                   |   20|   0|   20|          0|
    |U_z_19_load_reg_19888                   |   21|   0|   21|          0|
    |U_z_1_load_reg_19618                    |   20|   0|   20|          0|
    |U_z_20_load_reg_19903                   |   20|   0|   20|          0|
    |U_z_21_load_reg_19918                   |   20|   0|   20|          0|
    |U_z_22_load_reg_19933                   |   20|   0|   20|          0|
    |U_z_23_load_reg_19948                   |   22|   0|   22|          0|
    |U_z_24_load_reg_19963                   |   19|   0|   19|          0|
    |U_z_25_load_reg_19978                   |   20|   0|   20|          0|
    |U_z_26_load_reg_19993                   |   20|   0|   20|          0|
    |U_z_27_load_reg_20008                   |   20|   0|   20|          0|
    |U_z_28_load_reg_20023                   |   20|   0|   20|          0|
    |U_z_29_load_reg_20038                   |   20|   0|   20|          0|
    |U_z_2_load_reg_19633                    |   20|   0|   20|          0|
    |U_z_30_load_reg_20053                   |   20|   0|   20|          0|
    |U_z_31_load_reg_20068                   |   20|   0|   20|          0|
    |U_z_32_load_reg_20083                   |   19|   0|   19|          0|
    |U_z_33_load_reg_20098                   |   20|   0|   20|          0|
    |U_z_34_load_reg_20113                   |   20|   0|   20|          0|
    |U_z_35_load_reg_20128                   |   21|   0|   21|          0|
    |U_z_36_load_reg_20143                   |   20|   0|   20|          0|
    |U_z_37_load_reg_20158                   |   20|   0|   20|          0|
    |U_z_38_load_reg_20173                   |   20|   0|   20|          0|
    |U_z_39_load_reg_20188                   |   20|   0|   20|          0|
    |U_z_3_load_reg_19648                    |   20|   0|   20|          0|
    |U_z_4_load_reg_19663                    |   20|   0|   20|          0|
    |U_z_5_load_reg_19678                    |   20|   0|   20|          0|
    |U_z_6_load_reg_19693                    |   20|   0|   20|          0|
    |U_z_7_load_reg_19708                    |   20|   0|   20|          0|
    |U_z_8_load_reg_19723                    |   20|   0|   20|          0|
    |U_z_9_load_reg_19738                    |   20|   0|   20|          0|
    |W_n_load_reg_20218                      |   21|   0|   21|          0|
    |W_r_load_reg_20203                      |   21|   0|   21|          0|
    |W_z_load_reg_20213                      |   20|   0|   20|          0|
    |acc_n_10_reg_20479                      |   32|   0|   32|          0|
    |acc_n_11_reg_20497                      |   32|   0|   32|          0|
    |acc_n_12_reg_20515                      |   32|   0|   32|          0|
    |acc_n_13_reg_20533                      |   32|   0|   32|          0|
    |acc_n_14_reg_20551                      |   32|   0|   32|          0|
    |acc_n_15_reg_20569                      |   32|   0|   32|          0|
    |acc_n_16_reg_20587                      |   32|   0|   32|          0|
    |acc_n_17_reg_20605                      |   32|   0|   32|          0|
    |acc_n_18_reg_20623                      |   32|   0|   32|          0|
    |acc_n_19_reg_20641                      |   32|   0|   32|          0|
    |acc_n_1_reg_20317                       |   32|   0|   32|          0|
    |acc_n_20_reg_20676                      |   32|   0|   32|          0|
    |acc_n_21_reg_20694                      |   32|   0|   32|          0|
    |acc_n_22_reg_20712                      |   32|   0|   32|          0|
    |acc_n_23_reg_20730                      |   32|   0|   32|          0|
    |acc_n_24_reg_20748                      |   32|   0|   32|          0|
    |acc_n_25_reg_20766                      |   32|   0|   32|          0|
    |acc_n_26_reg_20784                      |   32|   0|   32|          0|
    |acc_n_27_reg_20802                      |   32|   0|   32|          0|
    |acc_n_28_reg_20820                      |   32|   0|   32|          0|
    |acc_n_29_reg_20838                      |   32|   0|   32|          0|
    |acc_n_2_reg_20335                       |   32|   0|   32|          0|
    |acc_n_30_reg_20856                      |   32|   0|   32|          0|
    |acc_n_31_reg_20874                      |   32|   0|   32|          0|
    |acc_n_32_reg_20892                      |   32|   0|   32|          0|
    |acc_n_33_reg_20910                      |   32|   0|   32|          0|
    |acc_n_34_reg_20928                      |   32|   0|   32|          0|
    |acc_n_35_reg_20946                      |   32|   0|   32|          0|
    |acc_n_36_reg_20964                      |   32|   0|   32|          0|
    |acc_n_37_reg_20982                      |   32|   0|   32|          0|
    |acc_n_38_reg_21000                      |   32|   0|   32|          0|
    |acc_n_39_reg_21018                      |   32|   0|   32|          0|
    |acc_n_3_reg_20353                       |   32|   0|   32|          0|
    |acc_n_4_reg_20371                       |   32|   0|   32|          0|
    |acc_n_4_reg_20371_pp0_iter2_reg         |   32|   0|   32|          0|
    |acc_n_5_reg_20389                       |   32|   0|   32|          0|
    |acc_n_5_reg_20389_pp0_iter2_reg         |   32|   0|   32|          0|
    |acc_n_6_reg_20407                       |   32|   0|   32|          0|
    |acc_n_6_reg_20407_pp0_iter2_reg         |   32|   0|   32|          0|
    |acc_n_7_reg_20425                       |   32|   0|   32|          0|
    |acc_n_7_reg_20425_pp0_iter2_reg         |   32|   0|   32|          0|
    |acc_n_8_reg_20443                       |   32|   0|   32|          0|
    |acc_n_9_reg_20461                       |   32|   0|   32|          0|
    |acc_n_reg_20299                         |   32|   0|   32|          0|
    |acc_r_10_reg_20467                      |   32|   0|   32|          0|
    |acc_r_11_reg_20485                      |   32|   0|   32|          0|
    |acc_r_12_reg_20503                      |   32|   0|   32|          0|
    |acc_r_13_reg_20521                      |   32|   0|   32|          0|
    |acc_r_14_reg_20539                      |   32|   0|   32|          0|
    |acc_r_15_reg_20557                      |   32|   0|   32|          0|
    |acc_r_16_reg_20575                      |   32|   0|   32|          0|
    |acc_r_17_reg_20593                      |   32|   0|   32|          0|
    |acc_r_18_reg_20611                      |   32|   0|   32|          0|
    |acc_r_19_reg_20629                      |   32|   0|   32|          0|
    |acc_r_1_reg_20305                       |   32|   0|   32|          0|
    |acc_r_20_reg_20664                      |   32|   0|   32|          0|
    |acc_r_21_reg_20682                      |   32|   0|   32|          0|
    |acc_r_22_reg_20700                      |   32|   0|   32|          0|
    |acc_r_23_reg_20718                      |   32|   0|   32|          0|
    |acc_r_24_reg_20736                      |   32|   0|   32|          0|
    |acc_r_25_reg_20754                      |   32|   0|   32|          0|
    |acc_r_26_reg_20772                      |   32|   0|   32|          0|
    |acc_r_27_reg_20790                      |   32|   0|   32|          0|
    |acc_r_28_reg_20808                      |   32|   0|   32|          0|
    |acc_r_29_reg_20826                      |   32|   0|   32|          0|
    |acc_r_2_reg_20323                       |   32|   0|   32|          0|
    |acc_r_30_reg_20844                      |   32|   0|   32|          0|
    |acc_r_31_reg_20862                      |   32|   0|   32|          0|
    |acc_r_32_reg_20880                      |   32|   0|   32|          0|
    |acc_r_33_reg_20898                      |   32|   0|   32|          0|
    |acc_r_34_reg_20916                      |   32|   0|   32|          0|
    |acc_r_35_reg_20934                      |   32|   0|   32|          0|
    |acc_r_36_reg_20952                      |   32|   0|   32|          0|
    |acc_r_37_reg_20970                      |   32|   0|   32|          0|
    |acc_r_38_reg_20988                      |   32|   0|   32|          0|
    |acc_r_39_reg_21006                      |   32|   0|   32|          0|
    |acc_r_3_reg_20341                       |   32|   0|   32|          0|
    |acc_r_4_reg_20359                       |   32|   0|   32|          0|
    |acc_r_4_reg_20359_pp0_iter2_reg         |   32|   0|   32|          0|
    |acc_r_5_reg_20377                       |   32|   0|   32|          0|
    |acc_r_5_reg_20377_pp0_iter2_reg         |   32|   0|   32|          0|
    |acc_r_6_reg_20395                       |   32|   0|   32|          0|
    |acc_r_6_reg_20395_pp0_iter2_reg         |   32|   0|   32|          0|
    |acc_r_7_reg_20413                       |   32|   0|   32|          0|
    |acc_r_7_reg_20413_pp0_iter2_reg         |   32|   0|   32|          0|
    |acc_r_8_reg_20431                       |   32|   0|   32|          0|
    |acc_r_9_reg_20449                       |   32|   0|   32|          0|
    |acc_r_reg_20287                         |   32|   0|   32|          0|
    |acc_z_10_reg_20473                      |   32|   0|   32|          0|
    |acc_z_11_reg_20491                      |   32|   0|   32|          0|
    |acc_z_12_reg_20509                      |   32|   0|   32|          0|
    |acc_z_13_reg_20527                      |   32|   0|   32|          0|
    |acc_z_14_reg_20545                      |   32|   0|   32|          0|
    |acc_z_15_reg_20563                      |   32|   0|   32|          0|
    |acc_z_16_reg_20581                      |   32|   0|   32|          0|
    |acc_z_17_reg_20599                      |   32|   0|   32|          0|
    |acc_z_18_reg_20617                      |   32|   0|   32|          0|
    |acc_z_19_reg_20635                      |   32|   0|   32|          0|
    |acc_z_1_reg_20311                       |   32|   0|   32|          0|
    |acc_z_20_reg_20670                      |   32|   0|   32|          0|
    |acc_z_21_reg_20688                      |   32|   0|   32|          0|
    |acc_z_22_reg_20706                      |   32|   0|   32|          0|
    |acc_z_23_reg_20724                      |   32|   0|   32|          0|
    |acc_z_24_reg_20742                      |   32|   0|   32|          0|
    |acc_z_25_reg_20760                      |   32|   0|   32|          0|
    |acc_z_26_reg_20778                      |   32|   0|   32|          0|
    |acc_z_27_reg_20796                      |   32|   0|   32|          0|
    |acc_z_28_reg_20814                      |   32|   0|   32|          0|
    |acc_z_29_reg_20832                      |   32|   0|   32|          0|
    |acc_z_2_reg_20329                       |   32|   0|   32|          0|
    |acc_z_30_reg_20850                      |   32|   0|   32|          0|
    |acc_z_31_reg_20868                      |   32|   0|   32|          0|
    |acc_z_32_reg_20886                      |   32|   0|   32|          0|
    |acc_z_33_reg_20904                      |   32|   0|   32|          0|
    |acc_z_34_reg_20922                      |   32|   0|   32|          0|
    |acc_z_35_reg_20940                      |   32|   0|   32|          0|
    |acc_z_36_reg_20958                      |   32|   0|   32|          0|
    |acc_z_37_reg_20976                      |   32|   0|   32|          0|
    |acc_z_38_reg_20994                      |   32|   0|   32|          0|
    |acc_z_39_reg_21012                      |   32|   0|   32|          0|
    |acc_z_3_reg_20347                       |   32|   0|   32|          0|
    |acc_z_4_reg_20365                       |   32|   0|   32|          0|
    |acc_z_4_reg_20365_pp0_iter2_reg         |   32|   0|   32|          0|
    |acc_z_5_reg_20383                       |   32|   0|   32|          0|
    |acc_z_5_reg_20383_pp0_iter2_reg         |   32|   0|   32|          0|
    |acc_z_6_reg_20401                       |   32|   0|   32|          0|
    |acc_z_6_reg_20401_pp0_iter2_reg         |   32|   0|   32|          0|
    |acc_z_7_reg_20419                       |   32|   0|   32|          0|
    |acc_z_7_reg_20419_pp0_iter2_reg         |   32|   0|   32|          0|
    |acc_z_8_reg_20437                       |   32|   0|   32|          0|
    |acc_z_9_reg_20455                       |   32|   0|   32|          0|
    |acc_z_reg_20293                         |   32|   0|   32|          0|
    |add_ln285_reg_20198                     |   19|   0|   19|          0|
    |add_ln287_reg_20208                     |   20|   0|   20|          0|
    |add_ln314_reg_21622                     |   54|   0|   54|          0|
    |add_ln331_reg_21866                     |   23|   0|   23|          0|
    |and_ln150_3_reg_21421                   |    1|   0|    1|          0|
    |and_ln150_5_reg_21684                   |    1|   0|    1|          0|
    |and_ln170_12_reg_21748                  |    1|   0|    1|          0|
    |and_ln170_2_reg_21544                   |    1|   0|    1|          0|
    |and_ln170_7_reg_21570                   |    1|   0|    1|          0|
    |and_ln314_1_reg_21645                   |    1|   0|    1|          0|
    |ap_CS_fsm                               |    2|   0|    2|          0|
    |ap_done_reg                             |    1|   0|    1|          0|
    |ap_enable_reg_pp0_iter0_reg             |    1|   0|    1|          0|
    |ap_enable_reg_pp0_iter1                 |    1|   0|    1|          0|
    |ap_enable_reg_pp0_iter10                |    1|   0|    1|          0|
    |ap_enable_reg_pp0_iter11                |    1|   0|    1|          0|
    |ap_enable_reg_pp0_iter12                |    1|   0|    1|          0|
    |ap_enable_reg_pp0_iter13                |    1|   0|    1|          0|
    |ap_enable_reg_pp0_iter14                |    1|   0|    1|          0|
    |ap_enable_reg_pp0_iter15                |    1|   0|    1|          0|
    |ap_enable_reg_pp0_iter16                |    1|   0|    1|          0|
    |ap_enable_reg_pp0_iter17                |    1|   0|    1|          0|
    |ap_enable_reg_pp0_iter18                |    1|   0|    1|          0|
    |ap_enable_reg_pp0_iter19                |    1|   0|    1|          0|
    |ap_enable_reg_pp0_iter2                 |    1|   0|    1|          0|
    |ap_enable_reg_pp0_iter20                |    1|   0|    1|          0|
    |ap_enable_reg_pp0_iter21                |    1|   0|    1|          0|
    |ap_enable_reg_pp0_iter22                |    1|   0|    1|          0|
    |ap_enable_reg_pp0_iter23                |    1|   0|    1|          0|
    |ap_enable_reg_pp0_iter24                |    1|   0|    1|          0|
    |ap_enable_reg_pp0_iter3                 |    1|   0|    1|          0|
    |ap_enable_reg_pp0_iter4                 |    1|   0|    1|          0|
    |ap_enable_reg_pp0_iter5                 |    1|   0|    1|          0|
    |ap_enable_reg_pp0_iter6                 |    1|   0|    1|          0|
    |ap_enable_reg_pp0_iter7                 |    1|   0|    1|          0|
    |ap_enable_reg_pp0_iter8                 |    1|   0|    1|          0|
    |ap_enable_reg_pp0_iter9                 |    1|   0|    1|          0|
    |ap_loop_exit_ready_pp0_iter10_reg       |    1|   0|    1|          0|
    |ap_loop_exit_ready_pp0_iter11_reg       |    1|   0|    1|          0|
    |ap_loop_exit_ready_pp0_iter12_reg       |    1|   0|    1|          0|
    |ap_loop_exit_ready_pp0_iter13_reg       |    1|   0|    1|          0|
    |ap_loop_exit_ready_pp0_iter14_reg       |    1|   0|    1|          0|
    |ap_loop_exit_ready_pp0_iter15_reg       |    1|   0|    1|          0|
    |ap_loop_exit_ready_pp0_iter16_reg       |    1|   0|    1|          0|
    |ap_loop_exit_ready_pp0_iter17_reg       |    1|   0|    1|          0|
    |ap_loop_exit_ready_pp0_iter18_reg       |    1|   0|    1|          0|
    |ap_loop_exit_ready_pp0_iter19_reg       |    1|   0|    1|          0|
    |ap_loop_exit_ready_pp0_iter1_reg        |    1|   0|    1|          0|
    |ap_loop_exit_ready_pp0_iter20_reg       |    1|   0|    1|          0|
    |ap_loop_exit_ready_pp0_iter21_reg       |    1|   0|    1|          0|
    |ap_loop_exit_ready_pp0_iter22_reg       |    1|   0|    1|          0|
    |ap_loop_exit_ready_pp0_iter23_reg       |    1|   0|    1|          0|
    |ap_loop_exit_ready_pp0_iter2_reg        |    1|   0|    1|          0|
    |ap_loop_exit_ready_pp0_iter3_reg        |    1|   0|    1|          0|
    |ap_loop_exit_ready_pp0_iter4_reg        |    1|   0|    1|          0|
    |ap_loop_exit_ready_pp0_iter5_reg        |    1|   0|    1|          0|
    |ap_loop_exit_ready_pp0_iter6_reg        |    1|   0|    1|          0|
    |ap_loop_exit_ready_pp0_iter7_reg        |    1|   0|    1|          0|
    |ap_loop_exit_ready_pp0_iter8_reg        |    1|   0|    1|          0|
    |ap_loop_exit_ready_pp0_iter9_reg        |    1|   0|    1|          0|
    |ap_predicate_pred3766_state47           |    1|   0|    1|          0|
    |ap_predicate_pred3769_state47           |    1|   0|    1|          0|
    |ap_predicate_pred3773_state47           |    1|   0|    1|          0|
    |ap_predicate_pred3777_state47           |    1|   0|    1|          0|
    |ap_predicate_pred3781_state47           |    1|   0|    1|          0|
    |ap_predicate_pred3785_state47           |    1|   0|    1|          0|
    |ap_predicate_pred3789_state47           |    1|   0|    1|          0|
    |ap_predicate_pred3793_state47           |    1|   0|    1|          0|
    |ap_predicate_pred3797_state47           |    1|   0|    1|          0|
    |ap_predicate_pred3801_state47           |    1|   0|    1|          0|
    |ap_predicate_pred3805_state47           |    1|   0|    1|          0|
    |ap_predicate_pred3809_state47           |    1|   0|    1|          0|
    |ap_predicate_pred3813_state47           |    1|   0|    1|          0|
    |ap_predicate_pred3817_state47           |    1|   0|    1|          0|
    |ap_predicate_pred3821_state47           |    1|   0|    1|          0|
    |ap_predicate_pred3825_state47           |    1|   0|    1|          0|
    |ap_predicate_pred3829_state47           |    1|   0|    1|          0|
    |ap_predicate_pred3833_state47           |    1|   0|    1|          0|
    |ap_predicate_pred3837_state47           |    1|   0|    1|          0|
    |ap_predicate_pred3841_state47           |    1|   0|    1|          0|
    |ap_predicate_pred3845_state47           |    1|   0|    1|          0|
    |ap_predicate_pred3849_state47           |    1|   0|    1|          0|
    |ap_predicate_pred3853_state47           |    1|   0|    1|          0|
    |ap_predicate_pred3857_state47           |    1|   0|    1|          0|
    |ap_predicate_pred3861_state47           |    1|   0|    1|          0|
    |ap_predicate_pred3865_state47           |    1|   0|    1|          0|
    |ap_predicate_pred3869_state47           |    1|   0|    1|          0|
    |ap_predicate_pred3873_state47           |    1|   0|    1|          0|
    |ap_predicate_pred3877_state47           |    1|   0|    1|          0|
    |ap_predicate_pred3881_state47           |    1|   0|    1|          0|
    |ap_predicate_pred3885_state47           |    1|   0|    1|          0|
    |ap_predicate_pred3889_state47           |    1|   0|    1|          0|
    |ap_predicate_pred3893_state47           |    1|   0|    1|          0|
    |ap_predicate_pred3897_state47           |    1|   0|    1|          0|
    |ap_predicate_pred3901_state47           |    1|   0|    1|          0|
    |ap_predicate_pred3905_state47           |    1|   0|    1|          0|
    |ap_predicate_pred3909_state47           |    1|   0|    1|          0|
    |ap_predicate_pred3913_state47           |    1|   0|    1|          0|
    |ap_predicate_pred3917_state47           |    1|   0|    1|          0|
    |ap_predicate_pred3919_state47           |    1|   0|    1|          0|
    |av_2_reg_21450                          |   32|   0|   32|          0|
    |av_4_reg_21674                          |   32|   0|   32|          0|
    |av_reg_21411                            |   32|   0|   32|          0|
    |b_hn_load_reg_20228                     |   18|   0|   18|          0|
    |b_hn_load_reg_20228_pp0_iter1_reg       |   18|   0|   18|          0|
    |b_in_load_reg_20223                     |   18|   0|   18|          0|
    |candidate_pre_1_reg_21634               |   32|   0|   32|          0|
    |candidate_pre_3_reg_21664               |   32|   0|   32|          0|
    |grp_mac3_fu_2704_ap_start_reg           |    1|   0|    1|          0|
    |grp_mac3_fu_2705_ap_start_reg           |    1|   0|    1|          0|
    |grp_mac3_fu_2706_ap_start_reg           |    1|   0|    1|          0|
    |grp_mac3_fu_2707_ap_start_reg           |    1|   0|    1|          0|
    |grp_mac3_fu_2708_ap_start_reg           |    1|   0|    1|          0|
    |grp_mac3_fu_2709_ap_start_reg           |    1|   0|    1|          0|
    |grp_mac3_fu_2710_ap_start_reg           |    1|   0|    1|          0|
    |grp_mac3_fu_2711_ap_start_reg           |    1|   0|    1|          0|
    |grp_mac3_fu_2712_ap_start_reg           |    1|   0|    1|          0|
    |grp_mac3_fu_2713_ap_start_reg           |    1|   0|    1|          0|
    |grp_mac3_fu_2714_ap_start_reg           |    1|   0|    1|          0|
    |grp_mac3_fu_2715_ap_start_reg           |    1|   0|    1|          0|
    |grp_mac3_fu_2716_ap_start_reg           |    1|   0|    1|          0|
    |grp_mac3_fu_2717_ap_start_reg           |    1|   0|    1|          0|
    |grp_mac3_fu_2718_ap_start_reg           |    1|   0|    1|          0|
    |grp_mac3_fu_2719_ap_start_reg           |    1|   0|    1|          0|
    |grp_mac3_fu_2720_ap_start_reg           |    1|   0|    1|          0|
    |grp_mac3_fu_2721_ap_start_reg           |    1|   0|    1|          0|
    |grp_mac3_fu_2722_ap_start_reg           |    1|   0|    1|          0|
    |grp_mac3_fu_2723_ap_start_reg           |    1|   0|    1|          0|
    |h_new_reg_21809                         |   22|   0|   22|          0|
    |half_v_6_reg_21401                      |   32|   0|   32|          0|
    |half_v_7_reg_21432                      |   32|   0|   32|          0|
    |i_1_reg_18938                           |    6|   0|    6|          0|
    |i_fu_690                                |    6|   0|    6|          0|
    |icmp_ln153_1_reg_21487                  |    1|   0|    1|          0|
    |icmp_ln153_2_reg_21695                  |    1|   0|    1|          0|
    |icmp_ln153_reg_21461                    |    1|   0|    1|          0|
    |icmp_ln153_reg_21461_pp0_iter13_reg     |    1|   0|    1|          0|
    |icmp_ln245_reg_18944                    |    1|   0|    1|          0|
    |icmp_ln314_1_reg_21652                  |    1|   0|    1|          0|
    |icmp_ln314_2_reg_21659                  |    1|   0|    1|          0|
    |idx_1_reg_21498                         |   10|   0|   10|          0|
    |mag_1_reg_21585                         |   22|   0|   22|          0|
    |mag_2_reg_21758                         |   22|   0|   22|          0|
    |mag_reg_21559                           |   22|   0|   22|          0|
    |mul_ln170_2_reg_21732                   |   42|   0|   42|          0|
    |mul_ln285_reg_20238                     |   43|   0|   43|          0|
    |mul_ln287_reg_20254                     |   42|   0|   42|          0|
    |mul_ln290_reg_20266                     |   43|   0|   43|          0|
    |mul_ln314_reg_21611                     |   54|   0|   54|          0|
    |mul_ln324_reg_21779                     |   45|   0|   45|          0|
    |mul_ln331_reg_21854                     |   39|   0|   39|          0|
    |neg_1_reg_21437                         |    1|   0|    1|          0|
    |neg_2_reg_21669                         |    1|   0|    1|          0|
    |neg_reg_21406                           |    1|   0|    1|          0|
    |nn_1_reg_21769                          |   22|   0|   22|          0|
    |or_ln170_2_reg_21549                    |    1|   0|    1|          0|
    |or_ln170_5_reg_21575                    |    1|   0|    1|          0|
    |or_ln170_8_reg_21753                    |    1|   0|    1|          0|
    |r_2_reg_21591                           |   22|   0|   22|          0|
    |ref_tmp2_i1152_2_reg_21580              |   22|   0|   22|          0|
    |ref_tmp2_i_2_reg_21596                  |   22|   0|   22|          0|
    |reg_6053                                |   42|   0|   42|          0|
    |select_ln150_2_reg_21679                |   32|   0|   32|          0|
    |select_ln150_reg_21416                  |   32|   0|   32|          0|
    |sext_ln170_3_reg_21539                  |   32|   0|   32|          0|
    |sext_ln170_6_reg_21565                  |   32|   0|   32|          0|
    |sext_ln170_8_reg_21743                  |   32|   0|   32|          0|
    |sext_ln245_1_cast_reg_18932             |   43|   0|   43|          0|
    |sext_ln245_cast_reg_18927               |   42|   0|   42|          0|
    |state_update_1_reg_21798                |   26|   0|   26|          0|
    |sub_ln170_1_reg_21534                   |   22|   0|   22|          0|
    |sub_ln170_2_reg_21727                   |   22|   0|   22|          0|
    |sub_ln170_reg_21513                     |   22|   0|   22|          0|
    |sub_ln324_reg_21774                     |   23|   0|   23|          0|
    |t0_1_reg_21518                          |   21|   0|   21|          0|
    |t0_1_reg_21518_pp0_iter14_reg           |   21|   0|   21|          0|
    |t0_2_reg_21716                          |   21|   0|   21|          0|
    |t0_2_reg_21716_pp0_iter19_reg           |   21|   0|   21|          0|
    |t0_reg_21508                            |   21|   0|   21|          0|
    |t1_2_reg_21722                          |   21|   0|   21|          0|
    |tmp_247_reg_21378                       |    1|   0|    1|          0|
    |tmp_248_reg_21384                       |    1|   0|    1|          0|
    |tmp_251_reg_21395                       |    1|   0|    1|          0|
    |tmp_273_reg_21444                       |    1|   0|    1|          0|
    |tmp_274_reg_21455                       |    1|   0|    1|          0|
    |tmp_287_reg_21627                       |    1|   0|    1|          0|
    |tmp_291_reg_21639                       |    1|   0|    1|          0|
    |tmp_305_reg_21790                       |    1|   0|    1|          0|
    |tmp_4_reg_20282                         |   22|   0|   22|          0|
    |trunc_ln166_1_reg_21493                 |   13|   0|   13|          0|
    |trunc_ln166_1_reg_21493_pp0_iter13_reg  |   13|   0|   13|          0|
    |trunc_ln166_2_reg_21701                 |   13|   0|   13|          0|
    |trunc_ln166_2_reg_21701_pp0_iter19_reg  |   13|   0|   13|          0|
    |trunc_ln166_reg_21467                   |   13|   0|   13|          0|
    |trunc_ln170_1_reg_21554                 |   19|   0|   19|          0|
    |trunc_ln170_2_reg_21738                 |   19|   0|   19|          0|
    |trunc_ln170_reg_21529                   |   19|   0|   19|          0|
    |trunc_ln285_2_reg_20249                 |   16|   0|   16|          0|
    |trunc_ln285_reg_20244                   |   42|   0|   42|          0|
    |trunc_ln287_reg_20261                   |   16|   0|   16|          0|
    |trunc_ln290_2_reg_20277                 |   16|   0|   16|          0|
    |trunc_ln290_reg_20272                   |   42|   0|   42|          0|
    |trunc_ln314_reg_21617                   |   19|   0|   19|          0|
    |trunc_ln324_reg_21785                   |   19|   0|   19|          0|
    |trunc_ln331_reg_21861                   |   16|   0|   16|          0|
    |val_n_in_reg_20659                      |   26|   0|   26|          0|
    |val_n_rec_12_reg_21072                  |   32|   0|   32|          0|
    |val_n_rec_16_reg_21090                  |   32|   0|   32|          0|
    |val_n_rec_20_reg_21108                  |   32|   0|   32|          0|
    |val_n_rec_24_reg_21126                  |   32|   0|   32|          0|
    |val_n_rec_28_reg_21144                  |   32|   0|   32|          0|
    |val_n_rec_32_reg_21162                  |   32|   0|   32|          0|
    |val_n_rec_36_reg_21180                  |   32|   0|   32|          0|
    |val_n_rec_40_reg_21198                  |   32|   0|   32|          0|
    |val_n_rec_44_reg_21216                  |   32|   0|   32|          0|
    |val_n_rec_48_reg_21234                  |   32|   0|   32|          0|
    |val_n_rec_4_reg_21036                   |   32|   0|   32|          0|
    |val_n_rec_52_reg_21252                  |   32|   0|   32|          0|
    |val_n_rec_56_reg_21270                  |   32|   0|   32|          0|
    |val_n_rec_60_reg_21288                  |   32|   0|   32|          0|
    |val_n_rec_64_reg_21306                  |   32|   0|   32|          0|
    |val_n_rec_68_reg_21324                  |   32|   0|   32|          0|
    |val_n_rec_72_reg_21342                  |   32|   0|   32|          0|
    |val_n_rec_76_reg_21360                  |   32|   0|   32|          0|
    |val_n_rec_80_reg_21390                  |   32|   0|   32|          0|
    |val_n_rec_8_reg_21054                   |   32|   0|   32|          0|
    |val_r_12_reg_21060                      |   32|   0|   32|          0|
    |val_r_16_reg_21078                      |   32|   0|   32|          0|
    |val_r_20_reg_21096                      |   32|   0|   32|          0|
    |val_r_24_reg_21114                      |   32|   0|   32|          0|
    |val_r_28_reg_21132                      |   32|   0|   32|          0|
    |val_r_32_reg_21150                      |   32|   0|   32|          0|
    |val_r_36_reg_21168                      |   32|   0|   32|          0|
    |val_r_40_reg_21186                      |   32|   0|   32|          0|
    |val_r_44_reg_21204                      |   32|   0|   32|          0|
    |val_r_48_reg_21222                      |   32|   0|   32|          0|
    |val_r_4_reg_21024                       |   32|   0|   32|          0|
    |val_r_52_reg_21240                      |   32|   0|   32|          0|
    |val_r_56_reg_21258                      |   32|   0|   32|          0|
    |val_r_60_reg_21276                      |   32|   0|   32|          0|
    |val_r_64_reg_21294                      |   32|   0|   32|          0|
    |val_r_68_reg_21312                      |   32|   0|   32|          0|
    |val_r_72_reg_21330                      |   32|   0|   32|          0|
    |val_r_76_reg_21348                      |   32|   0|   32|          0|
    |val_r_80_reg_21366                      |   32|   0|   32|          0|
    |val_r_8_reg_21042                       |   32|   0|   32|          0|
    |val_r_reg_20647                         |   26|   0|   26|          0|
    |val_z_12_reg_21066                      |   32|   0|   32|          0|
    |val_z_16_reg_21084                      |   32|   0|   32|          0|
    |val_z_20_reg_21102                      |   32|   0|   32|          0|
    |val_z_24_reg_21120                      |   32|   0|   32|          0|
    |val_z_28_reg_21138                      |   32|   0|   32|          0|
    |val_z_32_reg_21156                      |   32|   0|   32|          0|
    |val_z_36_reg_21174                      |   32|   0|   32|          0|
    |val_z_40_reg_21192                      |   32|   0|   32|          0|
    |val_z_44_reg_21210                      |   32|   0|   32|          0|
    |val_z_48_reg_21228                      |   32|   0|   32|          0|
    |val_z_4_reg_21030                       |   32|   0|   32|          0|
    |val_z_52_reg_21246                      |   32|   0|   32|          0|
    |val_z_56_reg_21264                      |   32|   0|   32|          0|
    |val_z_60_reg_21282                      |   32|   0|   32|          0|
    |val_z_64_reg_21300                      |   32|   0|   32|          0|
    |val_z_68_reg_21318                      |   32|   0|   32|          0|
    |val_z_72_reg_21336                      |   32|   0|   32|          0|
    |val_z_76_reg_21354                      |   32|   0|   32|          0|
    |val_z_79_reg_21373                      |   32|   0|   32|          0|
    |val_z_8_reg_21048                       |   32|   0|   32|          0|
    |val_z_reg_20653                         |   26|   0|   26|          0|
    |w_out_load_reg_20233                    |   17|   0|   17|          0|
    |xor_ln149_1_reg_21482                   |    1|   0|    1|          0|
    |xor_ln149_2_reg_21689                   |    1|   0|    1|          0|
    |xor_ln149_reg_21426                     |    1|   0|    1|          0|
    |xor_ln324_1_reg_21803                   |    1|   0|    1|          0|
    |y_acc_fu_686                            |   32|   0|   32|          0|
    |z_2_reg_21764                           |   22|   0|   22|          0|
    |acc_n_10_reg_20479                      |   64|  32|   32|          0|
    |acc_n_11_reg_20497                      |   64|  32|   32|          0|
    |acc_n_12_reg_20515                      |   64|  32|   32|          0|
    |acc_n_13_reg_20533                      |   64|  32|   32|          0|
    |acc_n_14_reg_20551                      |   64|  32|   32|          0|
    |acc_n_15_reg_20569                      |   64|  32|   32|          0|
    |acc_n_16_reg_20587                      |   64|  32|   32|          0|
    |acc_n_17_reg_20605                      |   64|  32|   32|          0|
    |acc_n_18_reg_20623                      |   64|  32|   32|          0|
    |acc_n_19_reg_20641                      |   64|  32|   32|          0|
    |acc_n_20_reg_20676                      |   64|  32|   32|          0|
    |acc_n_21_reg_20694                      |   64|  32|   32|          0|
    |acc_n_22_reg_20712                      |   64|  32|   32|          0|
    |acc_n_23_reg_20730                      |   64|  32|   32|          0|
    |acc_n_24_reg_20748                      |   64|  32|   32|          0|
    |acc_n_25_reg_20766                      |   64|  32|   32|          0|
    |acc_n_26_reg_20784                      |   64|  32|   32|          0|
    |acc_n_27_reg_20802                      |   64|  32|   32|          0|
    |acc_n_28_reg_20820                      |   64|  32|   32|          0|
    |acc_n_29_reg_20838                      |   64|  32|   32|          0|
    |acc_n_30_reg_20856                      |   64|  32|   32|          0|
    |acc_n_31_reg_20874                      |   64|  32|   32|          0|
    |acc_n_32_reg_20892                      |   64|  32|   32|          0|
    |acc_n_33_reg_20910                      |   64|  32|   32|          0|
    |acc_n_34_reg_20928                      |   64|  32|   32|          0|
    |acc_n_35_reg_20946                      |   64|  32|   32|          0|
    |acc_n_36_reg_20964                      |   64|  32|   32|          0|
    |acc_n_37_reg_20982                      |   64|  32|   32|          0|
    |acc_n_38_reg_21000                      |   64|  32|   32|          0|
    |acc_n_39_reg_21018                      |   64|  32|   32|          0|
    |acc_n_8_reg_20443                       |   64|  32|   32|          0|
    |acc_n_9_reg_20461                       |   64|  32|   32|          0|
    |acc_r_10_reg_20467                      |   64|  32|   32|          0|
    |acc_r_11_reg_20485                      |   64|  32|   32|          0|
    |acc_r_12_reg_20503                      |   64|  32|   32|          0|
    |acc_r_13_reg_20521                      |   64|  32|   32|          0|
    |acc_r_14_reg_20539                      |   64|  32|   32|          0|
    |acc_r_15_reg_20557                      |   64|  32|   32|          0|
    |acc_r_16_reg_20575                      |   64|  32|   32|          0|
    |acc_r_17_reg_20593                      |   64|  32|   32|          0|
    |acc_r_18_reg_20611                      |   64|  32|   32|          0|
    |acc_r_19_reg_20629                      |   64|  32|   32|          0|
    |acc_r_20_reg_20664                      |   64|  32|   32|          0|
    |acc_r_21_reg_20682                      |   64|  32|   32|          0|
    |acc_r_22_reg_20700                      |   64|  32|   32|          0|
    |acc_r_23_reg_20718                      |   64|  32|   32|          0|
    |acc_r_24_reg_20736                      |   64|  32|   32|          0|
    |acc_r_25_reg_20754                      |   64|  32|   32|          0|
    |acc_r_26_reg_20772                      |   64|  32|   32|          0|
    |acc_r_27_reg_20790                      |   64|  32|   32|          0|
    |acc_r_28_reg_20808                      |   64|  32|   32|          0|
    |acc_r_29_reg_20826                      |   64|  32|   32|          0|
    |acc_r_30_reg_20844                      |   64|  32|   32|          0|
    |acc_r_31_reg_20862                      |   64|  32|   32|          0|
    |acc_r_32_reg_20880                      |   64|  32|   32|          0|
    |acc_r_33_reg_20898                      |   64|  32|   32|          0|
    |acc_r_34_reg_20916                      |   64|  32|   32|          0|
    |acc_r_35_reg_20934                      |   64|  32|   32|          0|
    |acc_r_36_reg_20952                      |   64|  32|   32|          0|
    |acc_r_37_reg_20970                      |   64|  32|   32|          0|
    |acc_r_38_reg_20988                      |   64|  32|   32|          0|
    |acc_r_39_reg_21006                      |   64|  32|   32|          0|
    |acc_r_8_reg_20431                       |   64|  32|   32|          0|
    |acc_r_9_reg_20449                       |   64|  32|   32|          0|
    |acc_z_10_reg_20473                      |   64|  32|   32|          0|
    |acc_z_11_reg_20491                      |   64|  32|   32|          0|
    |acc_z_12_reg_20509                      |   64|  32|   32|          0|
    |acc_z_13_reg_20527                      |   64|  32|   32|          0|
    |acc_z_14_reg_20545                      |   64|  32|   32|          0|
    |acc_z_15_reg_20563                      |   64|  32|   32|          0|
    |acc_z_16_reg_20581                      |   64|  32|   32|          0|
    |acc_z_17_reg_20599                      |   64|  32|   32|          0|
    |acc_z_18_reg_20617                      |   64|  32|   32|          0|
    |acc_z_19_reg_20635                      |   64|  32|   32|          0|
    |acc_z_20_reg_20670                      |   64|  32|   32|          0|
    |acc_z_21_reg_20688                      |   64|  32|   32|          0|
    |acc_z_22_reg_20706                      |   64|  32|   32|          0|
    |acc_z_23_reg_20724                      |   64|  32|   32|          0|
    |acc_z_24_reg_20742                      |   64|  32|   32|          0|
    |acc_z_25_reg_20760                      |   64|  32|   32|          0|
    |acc_z_26_reg_20778                      |   64|  32|   32|          0|
    |acc_z_27_reg_20796                      |   64|  32|   32|          0|
    |acc_z_28_reg_20814                      |   64|  32|   32|          0|
    |acc_z_29_reg_20832                      |   64|  32|   32|          0|
    |acc_z_30_reg_20850                      |   64|  32|   32|          0|
    |acc_z_31_reg_20868                      |   64|  32|   32|          0|
    |acc_z_32_reg_20886                      |   64|  32|   32|          0|
    |acc_z_33_reg_20904                      |   64|  32|   32|          0|
    |acc_z_34_reg_20922                      |   64|  32|   32|          0|
    |acc_z_35_reg_20940                      |   64|  32|   32|          0|
    |acc_z_36_reg_20958                      |   64|  32|   32|          0|
    |acc_z_37_reg_20976                      |   64|  32|   32|          0|
    |acc_z_38_reg_20994                      |   64|  32|   32|          0|
    |acc_z_39_reg_21012                      |   64|  32|   32|          0|
    |acc_z_8_reg_20437                       |   64|  32|   32|          0|
    |acc_z_9_reg_20455                       |   64|  32|   32|          0|
    |i_1_reg_18938                           |   64|  32|    6|          0|
    |icmp_ln153_1_reg_21487                  |   64|  32|    1|          0|
    |icmp_ln153_2_reg_21695                  |   64|  32|    1|          0|
    |icmp_ln245_reg_18944                    |   64|  32|    1|          0|
    |neg_1_reg_21437                         |   64|  32|    1|          0|
    |neg_2_reg_21669                         |   64|  32|    1|          0|
    |neg_reg_21406                           |   64|  32|    1|          0|
    |ref_tmp2_i_2_reg_21596                  |   64|  32|   22|          0|
    |tmp_4_reg_20282                         |   64|  32|   22|          0|
    |val_n_in_reg_20659                      |   64|  32|   26|          0|
    |val_n_rec_80_reg_21390                  |   64|  32|   32|          0|
    |w_out_load_reg_20233                    |   64|  32|   17|          0|
    |xor_ln149_1_reg_21482                   |   64|  32|    1|          0|
    |xor_ln149_2_reg_21689                   |   64|  32|    1|          0|
    |xor_ln149_reg_21426                     |   64|  32|    1|          0|
    +----------------------------------------+-----+----+-----+-----------+
    |Total                                   |17683|3552|13785|          0|
    +----------------------------------------+-----+----+-----+-----------+



================================================================
== Interface
================================================================
* Summary: 
+---------------------+-----+-----+------------+-----------------------------+--------------+
|      RTL Ports      | Dir | Bits|  Protocol  |        Source Object        |    C Type    |
+---------------------+-----+-----+------------+-----------------------------+--------------+
|ap_clk               |   in|    1|  ap_ctrl_hs|  gru_va_Pipeline_HIDDEN_LOOP|  return value|
|ap_rst               |   in|    1|  ap_ctrl_hs|  gru_va_Pipeline_HIDDEN_LOOP|  return value|
|ap_start             |   in|    1|  ap_ctrl_hs|  gru_va_Pipeline_HIDDEN_LOOP|  return value|
|ap_done              |  out|    1|  ap_ctrl_hs|  gru_va_Pipeline_HIDDEN_LOOP|  return value|
|ap_idle              |  out|    1|  ap_ctrl_hs|  gru_va_Pipeline_HIDDEN_LOOP|  return value|
|ap_ready             |  out|    1|  ap_ctrl_hs|  gru_va_Pipeline_HIDDEN_LOOP|  return value|
|h_new_0_1_lcssa120   |   in|   22|     ap_none|           h_new_0_1_lcssa120|        scalar|
|h_new_1_1_lcssa121   |   in|   22|     ap_none|           h_new_1_1_lcssa121|        scalar|
|h_new_2_1_lcssa122   |   in|   22|     ap_none|           h_new_2_1_lcssa122|        scalar|
|h_new_3_1_lcssa123   |   in|   22|     ap_none|           h_new_3_1_lcssa123|        scalar|
|h_new_4_1_lcssa124   |   in|   22|     ap_none|           h_new_4_1_lcssa124|        scalar|
|h_new_5_1_lcssa125   |   in|   22|     ap_none|           h_new_5_1_lcssa125|        scalar|
|h_new_6_1_lcssa126   |   in|   22|     ap_none|           h_new_6_1_lcssa126|        scalar|
|h_new_7_1_lcssa127   |   in|   22|     ap_none|           h_new_7_1_lcssa127|        scalar|
|h_new_8_1_lcssa128   |   in|   22|     ap_none|           h_new_8_1_lcssa128|        scalar|
|h_new_9_1_lcssa129   |   in|   22|     ap_none|           h_new_9_1_lcssa129|        scalar|
|h_new_10_1_lcssa130  |   in|   22|     ap_none|          h_new_10_1_lcssa130|        scalar|
|h_new_11_1_lcssa131  |   in|   22|     ap_none|          h_new_11_1_lcssa131|        scalar|
|h_new_12_1_lcssa132  |   in|   22|     ap_none|          h_new_12_1_lcssa132|        scalar|
|h_new_13_1_lcssa133  |   in|   22|     ap_none|          h_new_13_1_lcssa133|        scalar|
|h_new_14_1_lcssa134  |   in|   22|     ap_none|          h_new_14_1_lcssa134|        scalar|
|h_new_15_1_lcssa135  |   in|   22|     ap_none|          h_new_15_1_lcssa135|        scalar|
|h_new_16_1_lcssa136  |   in|   22|     ap_none|          h_new_16_1_lcssa136|        scalar|
|h_new_17_1_lcssa137  |   in|   22|     ap_none|          h_new_17_1_lcssa137|        scalar|
|h_new_18_1_lcssa138  |   in|   22|     ap_none|          h_new_18_1_lcssa138|        scalar|
|h_new_19_1_lcssa139  |   in|   22|     ap_none|          h_new_19_1_lcssa139|        scalar|
|h_new_20_1_lcssa140  |   in|   22|     ap_none|          h_new_20_1_lcssa140|        scalar|
|h_new_21_1_lcssa141  |   in|   22|     ap_none|          h_new_21_1_lcssa141|        scalar|
|h_new_22_1_lcssa142  |   in|   22|     ap_none|          h_new_22_1_lcssa142|        scalar|
|h_new_23_1_lcssa143  |   in|   22|     ap_none|          h_new_23_1_lcssa143|        scalar|
|h_new_24_1_lcssa144  |   in|   22|     ap_none|          h_new_24_1_lcssa144|        scalar|
|h_new_25_1_lcssa145  |   in|   22|     ap_none|          h_new_25_1_lcssa145|        scalar|
|h_new_26_1_lcssa146  |   in|   22|     ap_none|          h_new_26_1_lcssa146|        scalar|
|h_new_27_1_lcssa147  |   in|   22|     ap_none|          h_new_27_1_lcssa147|        scalar|
|h_new_28_1_lcssa148  |   in|   22|     ap_none|          h_new_28_1_lcssa148|        scalar|
|h_new_29_1_lcssa149  |   in|   22|     ap_none|          h_new_29_1_lcssa149|        scalar|
|h_new_30_1_lcssa150  |   in|   22|     ap_none|          h_new_30_1_lcssa150|        scalar|
|h_new_31_1_lcssa151  |   in|   22|     ap_none|          h_new_31_1_lcssa151|        scalar|
|h_new_32_1_lcssa152  |   in|   22|     ap_none|          h_new_32_1_lcssa152|        scalar|
|h_new_33_1_lcssa153  |   in|   22|     ap_none|          h_new_33_1_lcssa153|        scalar|
|h_new_34_1_lcssa154  |   in|   22|     ap_none|          h_new_34_1_lcssa154|        scalar|
|h_new_35_1_lcssa155  |   in|   22|     ap_none|          h_new_35_1_lcssa155|        scalar|
|h_new_36_1_lcssa156  |   in|   22|     ap_none|          h_new_36_1_lcssa156|        scalar|
|h_new_37_1_lcssa157  |   in|   22|     ap_none|          h_new_37_1_lcssa157|        scalar|
|h_new_38_1_lcssa158  |   in|   22|     ap_none|          h_new_38_1_lcssa158|        scalar|
|h_new_39_1_lcssa159  |   in|   22|     ap_none|          h_new_39_1_lcssa159|        scalar|
|sext_ln245_1         |   in|   22|     ap_none|                 sext_ln245_1|        scalar|
|sext_ln245           |   in|   22|     ap_none|                   sext_ln245|        scalar|
|h_new_39_out         |  out|   22|      ap_vld|                 h_new_39_out|       pointer|
|h_new_39_out_ap_vld  |  out|    1|      ap_vld|                 h_new_39_out|       pointer|
|h_new_38_out         |  out|   22|      ap_vld|                 h_new_38_out|       pointer|
|h_new_38_out_ap_vld  |  out|    1|      ap_vld|                 h_new_38_out|       pointer|
|h_new_37_out         |  out|   22|      ap_vld|                 h_new_37_out|       pointer|
|h_new_37_out_ap_vld  |  out|    1|      ap_vld|                 h_new_37_out|       pointer|
|h_new_36_out         |  out|   22|      ap_vld|                 h_new_36_out|       pointer|
|h_new_36_out_ap_vld  |  out|    1|      ap_vld|                 h_new_36_out|       pointer|
|h_new_35_out         |  out|   22|      ap_vld|                 h_new_35_out|       pointer|
|h_new_35_out_ap_vld  |  out|    1|      ap_vld|                 h_new_35_out|       pointer|
|h_new_34_out         |  out|   22|      ap_vld|                 h_new_34_out|       pointer|
|h_new_34_out_ap_vld  |  out|    1|      ap_vld|                 h_new_34_out|       pointer|
|h_new_33_out         |  out|   22|      ap_vld|                 h_new_33_out|       pointer|
|h_new_33_out_ap_vld  |  out|    1|      ap_vld|                 h_new_33_out|       pointer|
|h_new_32_out         |  out|   22|      ap_vld|                 h_new_32_out|       pointer|
|h_new_32_out_ap_vld  |  out|    1|      ap_vld|                 h_new_32_out|       pointer|
|h_new_31_out         |  out|   22|      ap_vld|                 h_new_31_out|       pointer|
|h_new_31_out_ap_vld  |  out|    1|      ap_vld|                 h_new_31_out|       pointer|
|h_new_30_out         |  out|   22|      ap_vld|                 h_new_30_out|       pointer|
|h_new_30_out_ap_vld  |  out|    1|      ap_vld|                 h_new_30_out|       pointer|
|h_new_29_out         |  out|   22|      ap_vld|                 h_new_29_out|       pointer|
|h_new_29_out_ap_vld  |  out|    1|      ap_vld|                 h_new_29_out|       pointer|
|h_new_28_out         |  out|   22|      ap_vld|                 h_new_28_out|       pointer|
|h_new_28_out_ap_vld  |  out|    1|      ap_vld|                 h_new_28_out|       pointer|
|h_new_27_out         |  out|   22|      ap_vld|                 h_new_27_out|       pointer|
|h_new_27_out_ap_vld  |  out|    1|      ap_vld|                 h_new_27_out|       pointer|
|h_new_26_out         |  out|   22|      ap_vld|                 h_new_26_out|       pointer|
|h_new_26_out_ap_vld  |  out|    1|      ap_vld|                 h_new_26_out|       pointer|
|h_new_25_out         |  out|   22|      ap_vld|                 h_new_25_out|       pointer|
|h_new_25_out_ap_vld  |  out|    1|      ap_vld|                 h_new_25_out|       pointer|
|h_new_24_out         |  out|   22|      ap_vld|                 h_new_24_out|       pointer|
|h_new_24_out_ap_vld  |  out|    1|      ap_vld|                 h_new_24_out|       pointer|
|h_new_23_out         |  out|   22|      ap_vld|                 h_new_23_out|       pointer|
|h_new_23_out_ap_vld  |  out|    1|      ap_vld|                 h_new_23_out|       pointer|
|h_new_22_out         |  out|   22|      ap_vld|                 h_new_22_out|       pointer|
|h_new_22_out_ap_vld  |  out|    1|      ap_vld|                 h_new_22_out|       pointer|
|h_new_21_out         |  out|   22|      ap_vld|                 h_new_21_out|       pointer|
|h_new_21_out_ap_vld  |  out|    1|      ap_vld|                 h_new_21_out|       pointer|
|h_new_20_out         |  out|   22|      ap_vld|                 h_new_20_out|       pointer|
|h_new_20_out_ap_vld  |  out|    1|      ap_vld|                 h_new_20_out|       pointer|
|h_new_19_out         |  out|   22|      ap_vld|                 h_new_19_out|       pointer|
|h_new_19_out_ap_vld  |  out|    1|      ap_vld|                 h_new_19_out|       pointer|
|h_new_18_out         |  out|   22|      ap_vld|                 h_new_18_out|       pointer|
|h_new_18_out_ap_vld  |  out|    1|      ap_vld|                 h_new_18_out|       pointer|
|h_new_17_out         |  out|   22|      ap_vld|                 h_new_17_out|       pointer|
|h_new_17_out_ap_vld  |  out|    1|      ap_vld|                 h_new_17_out|       pointer|
|h_new_16_out         |  out|   22|      ap_vld|                 h_new_16_out|       pointer|
|h_new_16_out_ap_vld  |  out|    1|      ap_vld|                 h_new_16_out|       pointer|
|h_new_15_out         |  out|   22|      ap_vld|                 h_new_15_out|       pointer|
|h_new_15_out_ap_vld  |  out|    1|      ap_vld|                 h_new_15_out|       pointer|
|h_new_14_out         |  out|   22|      ap_vld|                 h_new_14_out|       pointer|
|h_new_14_out_ap_vld  |  out|    1|      ap_vld|                 h_new_14_out|       pointer|
|h_new_13_out         |  out|   22|      ap_vld|                 h_new_13_out|       pointer|
|h_new_13_out_ap_vld  |  out|    1|      ap_vld|                 h_new_13_out|       pointer|
|h_new_12_out         |  out|   22|      ap_vld|                 h_new_12_out|       pointer|
|h_new_12_out_ap_vld  |  out|    1|      ap_vld|                 h_new_12_out|       pointer|
|h_new_11_out         |  out|   22|      ap_vld|                 h_new_11_out|       pointer|
|h_new_11_out_ap_vld  |  out|    1|      ap_vld|                 h_new_11_out|       pointer|
|h_new_10_out         |  out|   22|      ap_vld|                 h_new_10_out|       pointer|
|h_new_10_out_ap_vld  |  out|    1|      ap_vld|                 h_new_10_out|       pointer|
|h_new_9_out          |  out|   22|      ap_vld|                  h_new_9_out|       pointer|
|h_new_9_out_ap_vld   |  out|    1|      ap_vld|                  h_new_9_out|       pointer|
|h_new_8_out          |  out|   22|      ap_vld|                  h_new_8_out|       pointer|
|h_new_8_out_ap_vld   |  out|    1|      ap_vld|                  h_new_8_out|       pointer|
|h_new_7_out          |  out|   22|      ap_vld|                  h_new_7_out|       pointer|
|h_new_7_out_ap_vld   |  out|    1|      ap_vld|                  h_new_7_out|       pointer|
|h_new_6_out          |  out|   22|      ap_vld|                  h_new_6_out|       pointer|
|h_new_6_out_ap_vld   |  out|    1|      ap_vld|                  h_new_6_out|       pointer|
|h_new_5_out          |  out|   22|      ap_vld|                  h_new_5_out|       pointer|
|h_new_5_out_ap_vld   |  out|    1|      ap_vld|                  h_new_5_out|       pointer|
|h_new_4_out          |  out|   22|      ap_vld|                  h_new_4_out|       pointer|
|h_new_4_out_ap_vld   |  out|    1|      ap_vld|                  h_new_4_out|       pointer|
|h_new_3_out          |  out|   22|      ap_vld|                  h_new_3_out|       pointer|
|h_new_3_out_ap_vld   |  out|    1|      ap_vld|                  h_new_3_out|       pointer|
|h_new_2_out          |  out|   22|      ap_vld|                  h_new_2_out|       pointer|
|h_new_2_out_ap_vld   |  out|    1|      ap_vld|                  h_new_2_out|       pointer|
|h_new_1_out          |  out|   22|      ap_vld|                  h_new_1_out|       pointer|
|h_new_1_out_ap_vld   |  out|    1|      ap_vld|                  h_new_1_out|       pointer|
|h_new_out            |  out|   22|      ap_vld|                    h_new_out|       pointer|
|h_new_out_ap_vld     |  out|    1|      ap_vld|                    h_new_out|       pointer|
|y_acc_out            |  out|   32|      ap_vld|                    y_acc_out|       pointer|
|y_acc_out_ap_vld     |  out|    1|      ap_vld|                    y_acc_out|       pointer|
+---------------------+-----+-----+------------+-----------------------------+--------------+

