

================================================================
== Vitis HLS Report for 'gru_va_Pipeline_HIDDEN_LOOP'
================================================================
* Date:           Sat Aug  8 15:31:53 2026

* Version:        2025.2 (Build 6295257 on Nov 14 2025)
* Project:        b_rodent_mod
* Solution:       sol_rodent_mod_w10 (Vivado IP Flow Target)
* Product family: zynq
* Target device:  xc7z020-clg400-1


================================================================
== Performance Estimates
================================================================
+ Timing: 
    * Summary: 
    +--------+----------+----------+------------+
    |  Clock |  Target  | Estimated| Uncertainty|
    +--------+----------+----------+------------+
    |ap_clk  |  10.00 ns|  7.145 ns|     2.70 ns|
    +--------+----------+----------+------------+

+ Latency: 
    * Summary: 
    +---------+---------+----------+----------+-----+-----+-------------------+
    |  Latency (cycles) |  Latency (absolute) |  Interval |      Pipeline     |
    |   min   |   max   |    min   |    max   | min | max |        Type       |
    +---------+---------+----------+----------+-----+-----+-------------------+
    |      129|      129|  1.290 us|  1.290 us|    0|    0|  loop pipeline stp|
    +---------+---------+----------+----------+-----+-----+-------------------+

    + Detail: 
        * Instance: 
        +------------------+-------+---------+---------+----------+----------+-----+-----+---------+
        |                  |       |  Latency (cycles) |  Latency (absolute) |  Interval | Pipeline|
        |     Instance     | Module|   min   |   max   |    min   |    max   | min | max |   Type  |
        +------------------+-------+---------+---------+----------+----------+-----+-----+---------+
        |grp_mac3_fu_2722  |mac3   |        0|        0|      0 ns|      0 ns|    1|    1|      yes|
        |grp_mac3_fu_2714  |mac3   |        0|        0|      0 ns|      0 ns|    1|    1|      yes|
        |grp_mac3_fu_2725  |mac3   |        0|        0|      0 ns|      0 ns|    1|    1|      yes|
        |grp_mac3_fu_2719  |mac3   |        0|        0|      0 ns|      0 ns|    1|    1|      yes|
        |grp_mac3_fu_2727  |mac3   |        0|        0|      0 ns|      0 ns|    1|    1|      yes|
        |grp_mac3_fu_2723  |mac3   |        0|        0|      0 ns|      0 ns|    1|    1|      yes|
        |grp_mac3_fu_2728  |mac3   |        0|        0|      0 ns|      0 ns|    1|    1|      yes|
        |grp_mac3_fu_2716  |mac3   |        0|        0|      0 ns|      0 ns|    1|    1|      yes|
        |grp_mac3_fu_2717  |mac3   |        0|        0|      0 ns|      0 ns|    1|    1|      yes|
        |grp_mac3_fu_2724  |mac3   |        0|        0|      0 ns|      0 ns|    1|    1|      yes|
        |grp_mac3_fu_2712  |mac3   |        0|        0|      0 ns|      0 ns|    1|    1|      yes|
        |grp_mac3_fu_2713  |mac3   |        0|        0|      0 ns|      0 ns|    1|    1|      yes|
        |grp_mac3_fu_2715  |mac3   |        0|        0|      0 ns|      0 ns|    1|    1|      yes|
        |grp_mac3_fu_2710  |mac3   |        0|        0|      0 ns|      0 ns|    1|    1|      yes|
        |grp_mac3_fu_2711  |mac3   |        0|        0|      0 ns|      0 ns|    1|    1|      yes|
        |grp_mac3_fu_2720  |mac3   |        0|        0|      0 ns|      0 ns|    1|    1|      yes|
        |grp_mac3_fu_2718  |mac3   |        0|        0|      0 ns|      0 ns|    1|    1|      yes|
        |grp_mac3_fu_2721  |mac3   |        0|        0|      0 ns|      0 ns|    1|    1|      yes|
        |grp_mac3_fu_2726  |mac3   |        0|        0|      0 ns|      0 ns|    1|    1|      yes|
        |grp_mac3_fu_2729  |mac3   |        0|        0|      0 ns|      0 ns|    1|    1|      yes|
        +------------------+-------+---------+---------+----------+----------+-----+-----+---------+

        * Loop: 
        +---------------+---------+---------+----------+-----------+-----------+------+----------+
        |               |  Latency (cycles) | Iteration|  Initiation Interval  | Trip |          |
        |   Loop Name   |   min   |   max   |  Latency |  achieved |   target  | Count| Pipelined|
        +---------------+---------+---------+----------+-----------+-----------+------+----------+
        |- HIDDEN_LOOP  |      127|      127|        50|          2|          1|    40|       yes|
        +---------------+---------+---------+----------+-----------+-----------+------+----------+



================================================================
== Utilization Estimates
================================================================
* Summary: 
+-----------------+---------+-----+--------+-------+-----+
|       Name      | BRAM_18K| DSP |   FF   |  LUT  | URAM|
+-----------------+---------+-----+--------+-------+-----+
|DSP              |        -|    3|       -|      -|    -|
|Expression       |        -|    -|       0|  20581|    -|
|FIFO             |        -|    -|       -|      -|    -|
|Instance         |        -|    8|     165|   4230|    -|
|Memory           |        2|    -|     931|    625|    -|
|Multiplexer      |        -|    -|       0|   1618|    -|
|Register         |        -|    -|   15367|   3872|    -|
+-----------------+---------+-----+--------+-------+-----+
|Total            |        2|   11|   16463|  30926|    0|
+-----------------+---------+-----+--------+-------+-----+
|Available        |      280|  220|  106400|  53200|    0|
+-----------------+---------+-----+--------+-------+-----+
|Utilization (%)  |       ~0|    5|      15|     58|    0|
+-----------------+---------+-----+--------+-------+-----+

+ Detail: 
    * Instance: 
    +---------------------------+-----------------------+---------+----+-----+-----+-----+
    |          Instance         |         Module        | BRAM_18K| DSP|  FF | LUT | URAM|
    +---------------------------+-----------------------+---------+----+-----+-----+-----+
    |grp_mac3_fu_2710           |mac3                   |        0|   0|    0|  189|    0|
    |grp_mac3_fu_2711           |mac3                   |        0|   0|    0|  189|    0|
    |grp_mac3_fu_2712           |mac3                   |        0|   0|    0|  189|    0|
    |grp_mac3_fu_2713           |mac3                   |        0|   0|    0|  189|    0|
    |grp_mac3_fu_2714           |mac3                   |        0|   0|    0|  189|    0|
    |grp_mac3_fu_2715           |mac3                   |        0|   0|    0|  189|    0|
    |grp_mac3_fu_2716           |mac3                   |        0|   0|    0|  189|    0|
    |grp_mac3_fu_2717           |mac3                   |        0|   0|    0|  189|    0|
    |grp_mac3_fu_2718           |mac3                   |        0|   0|    0|  189|    0|
    |grp_mac3_fu_2719           |mac3                   |        0|   0|    0|  189|    0|
    |grp_mac3_fu_2720           |mac3                   |        0|   0|    0|  189|    0|
    |grp_mac3_fu_2721           |mac3                   |        0|   0|    0|  189|    0|
    |grp_mac3_fu_2722           |mac3                   |        0|   0|    0|  189|    0|
    |grp_mac3_fu_2723           |mac3                   |        0|   0|    0|  189|    0|
    |grp_mac3_fu_2724           |mac3                   |        0|   0|    0|  189|    0|
    |grp_mac3_fu_2725           |mac3                   |        0|   0|    0|  189|    0|
    |grp_mac3_fu_2726           |mac3                   |        0|   0|    0|  189|    0|
    |grp_mac3_fu_2727           |mac3                   |        0|   0|    0|  189|    0|
    |grp_mac3_fu_2728           |mac3                   |        0|   0|    0|  189|    0|
    |grp_mac3_fu_2729           |mac3                   |        0|   0|    0|  189|    0|
    |mul_22s_20ns_42_1_1_U10    |mul_22s_20ns_42_1_1    |        0|   2|    0|   24|    0|
    |mul_22s_20ns_42_1_1_U11    |mul_22s_20ns_42_1_1    |        0|   2|    0|   24|    0|
    |mul_23s_22s_45_1_1_U12     |mul_23s_22s_45_1_1     |        0|   2|    0|   31|    0|
    |mul_32s_10s_42_2_1_U13     |mul_32s_10s_42_2_1     |        0|   2|  165|   50|    0|
    |mul_5s_10s_14_1_1_U24      |mul_5s_10s_14_1_1      |        0|   0|    0|   63|    0|
    |sparsemux_7_2_10_1_1_U17   |sparsemux_7_2_10_1_1   |        0|   0|    0|    9|    0|
    |sparsemux_7_2_10_1_1_U18   |sparsemux_7_2_10_1_1   |        0|   0|    0|    9|    0|
    |sparsemux_7_2_10_1_1_U19   |sparsemux_7_2_10_1_1   |        0|   0|    0|    9|    0|
    |sparsemux_7_2_10_1_1_U20   |sparsemux_7_2_10_1_1   |        0|   0|    0|    9|    0|
    |sparsemux_7_2_10_1_1_U22   |sparsemux_7_2_10_1_1   |        0|   0|    0|    9|    0|
    |sparsemux_7_2_10_1_1_U23   |sparsemux_7_2_10_1_1   |        0|   0|    0|    9|    0|
    |sparsemux_7_2_32_1_1_U15   |sparsemux_7_2_32_1_1   |        0|   0|    0|    9|    0|
    |sparsemux_7_2_32_1_1_U16   |sparsemux_7_2_32_1_1   |        0|   0|    0|    9|    0|
    |sparsemux_7_2_32_1_1_U21   |sparsemux_7_2_32_1_1   |        0|   0|    0|    9|    0|
    |sparsemux_81_6_10_1_1_U14  |sparsemux_81_6_10_1_1  |        0|   0|    0|  177|    0|
    +---------------------------+-----------------------+---------+----+-----+-----+-----+
    |Total                      |                       |        0|   8|  165| 4230|    0|
    +---------------------------+-----------------------+---------+----+-----+-----+-----+

    * DSP: 
    +-----------------------------------+-------------------------------+--------------+
    |              Instance             |             Module            |  Expression  |
    +-----------------------------------+-------------------------------+--------------+
    |mac_muladd_10s_10s_15s_19_4_1_U25  |mac_muladd_10s_10s_15s_19_4_1  |  i0 + i1 * i2|
    |mac_muladd_10s_9s_15s_18_4_1_U27   |mac_muladd_10s_9s_15s_18_4_1   |  i0 + i1 * i2|
    |mac_muladd_10s_9s_16s_18_4_1_U26   |mac_muladd_10s_9s_16s_18_4_1   |  i0 + i1 * i2|
    +-----------------------------------+-------------------------------+--------------+

    * Memory: 
    +--------------+----------------------------------------------------+---------+----+----+-----+------+-----+------+-------------+
    |    Memory    |                       Module                       | BRAM_18K| FF | LUT| URAM| Words| Bits| Banks| W*Bits*Banks|
    +--------------+----------------------------------------------------+---------+----+----+-----+------+-----+------+-------------+
    |TANH_TABLE_U  |gru_va_Pipeline_HIDDEN_LOOP_TANH_TABLE_ROM_AUTO_1R  |        2|   0|   0|    0|  1025|    9|     1|         9225|
    |U_n_0_U       |gru_va_Pipeline_HIDDEN_LOOP_U_n_0_ROM_AUTO_1R       |        0|   7|   5|    0|    40|    7|     1|          280|
    |U_n_10_U      |gru_va_Pipeline_HIDDEN_LOOP_U_n_10_ROM_AUTO_1R      |        0|   6|   4|    0|    40|    6|     1|          240|
    |U_n_11_U      |gru_va_Pipeline_HIDDEN_LOOP_U_n_11_ROM_AUTO_1R      |        0|   5|   4|    0|    40|    5|     1|          200|
    |U_n_12_U      |gru_va_Pipeline_HIDDEN_LOOP_U_n_12_ROM_AUTO_1R      |        0|   7|   5|    0|    40|    7|     1|          280|
    |U_n_13_U      |gru_va_Pipeline_HIDDEN_LOOP_U_n_13_ROM_AUTO_1R      |        0|   5|   4|    0|    40|    5|     1|          200|
    |U_n_14_U      |gru_va_Pipeline_HIDDEN_LOOP_U_n_14_ROM_AUTO_1R      |        0|   6|   4|    0|    40|    6|     1|          240|
    |U_n_15_U      |gru_va_Pipeline_HIDDEN_LOOP_U_n_15_ROM_AUTO_1R      |        0|   7|   5|    0|    40|    7|     1|          280|
    |U_n_16_U      |gru_va_Pipeline_HIDDEN_LOOP_U_n_16_ROM_AUTO_1R      |        0|   7|   5|    0|    40|    7|     1|          280|
    |U_n_17_U      |gru_va_Pipeline_HIDDEN_LOOP_U_n_17_ROM_AUTO_1R      |        0|   7|   5|    0|    40|    7|     1|          280|
    |U_n_18_U      |gru_va_Pipeline_HIDDEN_LOOP_U_n_18_ROM_AUTO_1R      |        0|   7|   5|    0|    40|    7|     1|          280|
    |U_n_19_U      |gru_va_Pipeline_HIDDEN_LOOP_U_n_19_ROM_AUTO_1R      |        0|   6|   4|    0|    40|    6|     1|          240|
    |U_n_1_U       |gru_va_Pipeline_HIDDEN_LOOP_U_n_1_ROM_AUTO_1R       |        0|   7|   5|    0|    40|    7|     1|          280|
    |U_n_20_U      |gru_va_Pipeline_HIDDEN_LOOP_U_n_20_ROM_AUTO_1R      |        0|   7|   5|    0|    40|    7|     1|          280|
    |U_n_21_U      |gru_va_Pipeline_HIDDEN_LOOP_U_n_21_ROM_AUTO_1R      |        0|   8|   5|    0|    40|    8|     1|          320|
    |U_n_22_U      |gru_va_Pipeline_HIDDEN_LOOP_U_n_22_ROM_AUTO_1R      |        0|   7|   5|    0|    40|    7|     1|          280|
    |U_n_23_U      |gru_va_Pipeline_HIDDEN_LOOP_U_n_23_ROM_AUTO_1R      |        0|   6|   4|    0|    40|    6|     1|          240|
    |U_n_24_U      |gru_va_Pipeline_HIDDEN_LOOP_U_n_24_ROM_AUTO_1R      |        0|   6|   4|    0|    40|    6|     1|          240|
    |U_n_25_U      |gru_va_Pipeline_HIDDEN_LOOP_U_n_25_ROM_AUTO_1R      |        0|   7|   5|    0|    40|    7|     1|          280|
    |U_n_26_U      |gru_va_Pipeline_HIDDEN_LOOP_U_n_26_ROM_AUTO_1R      |        0|   6|   4|    0|    40|    6|     1|          240|
    |U_n_27_U      |gru_va_Pipeline_HIDDEN_LOOP_U_n_27_ROM_AUTO_1R      |        0|   7|   5|    0|    40|    7|     1|          280|
    |U_n_28_U      |gru_va_Pipeline_HIDDEN_LOOP_U_n_28_ROM_AUTO_1R      |        0|   5|   4|    0|    40|    5|     1|          200|
    |U_n_29_U      |gru_va_Pipeline_HIDDEN_LOOP_U_n_29_ROM_AUTO_1R      |        0|   7|   5|    0|    40|    7|     1|          280|
    |U_n_2_U       |gru_va_Pipeline_HIDDEN_LOOP_U_n_2_ROM_AUTO_1R       |        0|   6|   4|    0|    40|    6|     1|          240|
    |U_n_30_U      |gru_va_Pipeline_HIDDEN_LOOP_U_n_30_ROM_AUTO_1R      |        0|   7|   5|    0|    40|    7|     1|          280|
    |U_n_31_U      |gru_va_Pipeline_HIDDEN_LOOP_U_n_31_ROM_AUTO_1R      |        0|   6|   4|    0|    40|    6|     1|          240|
    |U_n_32_U      |gru_va_Pipeline_HIDDEN_LOOP_U_n_32_ROM_AUTO_1R      |        0|   7|   5|    0|    40|    7|     1|          280|
    |U_n_33_U      |gru_va_Pipeline_HIDDEN_LOOP_U_n_33_ROM_AUTO_1R      |        0|   6|   4|    0|    40|    6|     1|          240|
    |U_n_34_U      |gru_va_Pipeline_HIDDEN_LOOP_U_n_34_ROM_AUTO_1R      |        0|   7|   5|    0|    40|    7|     1|          280|
    |U_n_35_U      |gru_va_Pipeline_HIDDEN_LOOP_U_n_35_ROM_AUTO_1R      |        0|   7|   5|    0|    40|    7|     1|          280|
    |U_n_36_U      |gru_va_Pipeline_HIDDEN_LOOP_U_n_36_ROM_AUTO_1R      |        0|   6|   4|    0|    40|    6|     1|          240|
    |U_n_37_U      |gru_va_Pipeline_HIDDEN_LOOP_U_n_37_ROM_AUTO_1R      |        0|   7|   5|    0|    40|    7|     1|          280|
    |U_n_38_U      |gru_va_Pipeline_HIDDEN_LOOP_U_n_38_ROM_AUTO_1R      |        0|   6|   4|    0|    40|    6|     1|          240|
    |U_n_39_U      |gru_va_Pipeline_HIDDEN_LOOP_U_n_39_ROM_AUTO_1R      |        0|   8|   5|    0|    40|    8|     1|          320|
    |U_n_3_U       |gru_va_Pipeline_HIDDEN_LOOP_U_n_3_ROM_AUTO_1R       |        0|   7|   5|    0|    40|    7|     1|          280|
    |U_n_4_U       |gru_va_Pipeline_HIDDEN_LOOP_U_n_4_ROM_AUTO_1R       |        0|   6|   4|    0|    40|    6|     1|          240|
    |U_n_5_U       |gru_va_Pipeline_HIDDEN_LOOP_U_n_5_ROM_AUTO_1R       |        0|   7|   5|    0|    40|    7|     1|          280|
    |U_n_6_U       |gru_va_Pipeline_HIDDEN_LOOP_U_n_6_ROM_AUTO_1R       |        0|   7|   5|    0|    40|    7|     1|          280|
    |U_n_7_U       |gru_va_Pipeline_HIDDEN_LOOP_U_n_7_ROM_AUTO_1R       |        0|   6|   4|    0|    40|    6|     1|          240|
    |U_n_8_U       |gru_va_Pipeline_HIDDEN_LOOP_U_n_8_ROM_AUTO_1R       |        0|   6|   4|    0|    40|    6|     1|          240|
    |U_n_9_U       |gru_va_Pipeline_HIDDEN_LOOP_U_n_9_ROM_AUTO_1R       |        0|   6|   4|    0|    40|    6|     1|          240|
    |U_r_0_U       |gru_va_Pipeline_HIDDEN_LOOP_U_r_0_ROM_AUTO_1R       |        0|   8|   5|    0|    40|    8|     1|          320|
    |U_r_10_U      |gru_va_Pipeline_HIDDEN_LOOP_U_r_10_ROM_AUTO_1R      |        0|   7|   5|    0|    40|    7|     1|          280|
    |U_r_11_U      |gru_va_Pipeline_HIDDEN_LOOP_U_r_11_ROM_AUTO_1R      |        0|   7|   5|    0|    40|    7|     1|          280|
    |U_r_12_U      |gru_va_Pipeline_HIDDEN_LOOP_U_r_12_ROM_AUTO_1R      |        0|   7|   5|    0|    40|    7|     1|          280|
    |U_r_13_U      |gru_va_Pipeline_HIDDEN_LOOP_U_r_13_ROM_AUTO_1R      |        0|   7|   5|    0|    40|    7|     1|          280|
    |U_r_14_U      |gru_va_Pipeline_HIDDEN_LOOP_U_r_14_ROM_AUTO_1R      |        0|   7|   5|    0|    40|    7|     1|          280|
    |U_r_15_U      |gru_va_Pipeline_HIDDEN_LOOP_U_r_15_ROM_AUTO_1R      |        0|   7|   5|    0|    40|    7|     1|          280|
    |U_r_16_U      |gru_va_Pipeline_HIDDEN_LOOP_U_r_16_ROM_AUTO_1R      |        0|   8|   5|    0|    40|    8|     1|          320|
    |U_r_17_U      |gru_va_Pipeline_HIDDEN_LOOP_U_r_17_ROM_AUTO_1R      |        0|   8|   5|    0|    40|    8|     1|          320|
    |U_r_18_U      |gru_va_Pipeline_HIDDEN_LOOP_U_r_18_ROM_AUTO_1R      |        0|   7|   5|    0|    40|    7|     1|          280|
    |U_r_19_U      |gru_va_Pipeline_HIDDEN_LOOP_U_r_19_ROM_AUTO_1R      |        0|   6|   4|    0|    40|    6|     1|          240|
    |U_r_1_U       |gru_va_Pipeline_HIDDEN_LOOP_U_r_1_ROM_AUTO_1R       |        0|   8|   5|    0|    40|    8|     1|          320|
    |U_r_20_U      |gru_va_Pipeline_HIDDEN_LOOP_U_r_20_ROM_AUTO_1R      |        0|   8|   5|    0|    40|    8|     1|          320|
    |U_r_21_U      |gru_va_Pipeline_HIDDEN_LOOP_U_r_21_ROM_AUTO_1R      |        0|   8|   5|    0|    40|    8|     1|          320|
    |U_r_22_U      |gru_va_Pipeline_HIDDEN_LOOP_U_r_22_ROM_AUTO_1R      |        0|   7|   5|    0|    40|    7|     1|          280|
    |U_r_23_U      |gru_va_Pipeline_HIDDEN_LOOP_U_r_23_ROM_AUTO_1R      |        0|   7|   5|    0|    40|    7|     1|          280|
    |U_r_24_U      |gru_va_Pipeline_HIDDEN_LOOP_U_r_24_ROM_AUTO_1R      |        0|   6|   4|    0|    40|    6|     1|          240|
    |U_r_25_U      |gru_va_Pipeline_HIDDEN_LOOP_U_r_25_ROM_AUTO_1R      |        0|   6|   4|    0|    40|    6|     1|          240|
    |U_r_26_U      |gru_va_Pipeline_HIDDEN_LOOP_U_r_26_ROM_AUTO_1R      |        0|   6|   4|    0|    40|    6|     1|          240|
    |U_r_27_U      |gru_va_Pipeline_HIDDEN_LOOP_U_r_27_ROM_AUTO_1R      |        0|   6|   4|    0|    40|    6|     1|          240|
    |U_r_28_U      |gru_va_Pipeline_HIDDEN_LOOP_U_r_28_ROM_AUTO_1R      |        0|   6|   4|    0|    40|    6|     1|          240|
    |U_r_29_U      |gru_va_Pipeline_HIDDEN_LOOP_U_r_29_ROM_AUTO_1R      |        0|   7|   5|    0|    40|    7|     1|          280|
    |U_r_2_U       |gru_va_Pipeline_HIDDEN_LOOP_U_r_2_ROM_AUTO_1R       |        0|   8|   5|    0|    40|    8|     1|          320|
    |U_r_30_U      |gru_va_Pipeline_HIDDEN_LOOP_U_r_30_ROM_AUTO_1R      |        0|   6|   4|    0|    40|    6|     1|          240|
    |U_r_31_U      |gru_va_Pipeline_HIDDEN_LOOP_U_r_31_ROM_AUTO_1R      |        0|   7|   5|    0|    40|    7|     1|          280|
    |U_r_32_U      |gru_va_Pipeline_HIDDEN_LOOP_U_r_32_ROM_AUTO_1R      |        0|   7|   5|    0|    40|    7|     1|          280|
    |U_r_33_U      |gru_va_Pipeline_HIDDEN_LOOP_U_r_33_ROM_AUTO_1R      |        0|   6|   4|    0|    40|    6|     1|          240|
    |U_r_34_U      |gru_va_Pipeline_HIDDEN_LOOP_U_r_34_ROM_AUTO_1R      |        0|   8|   5|    0|    40|    8|     1|          320|
    |U_r_35_U      |gru_va_Pipeline_HIDDEN_LOOP_U_r_35_ROM_AUTO_1R      |        0|   8|   5|    0|    40|    8|     1|          320|
    |U_r_36_U      |gru_va_Pipeline_HIDDEN_LOOP_U_r_36_ROM_AUTO_1R      |        0|   8|   5|    0|    40|    8|     1|          320|
    |U_r_37_U      |gru_va_Pipeline_HIDDEN_LOOP_U_r_37_ROM_AUTO_1R      |        0|   8|   5|    0|    40|    8|     1|          320|
    |U_r_38_U      |gru_va_Pipeline_HIDDEN_LOOP_U_r_38_ROM_AUTO_1R      |        0|   6|   4|    0|    40|    6|     1|          240|
    |U_r_39_U      |gru_va_Pipeline_HIDDEN_LOOP_U_r_39_ROM_AUTO_1R      |        0|   6|   4|    0|    40|    6|     1|          240|
    |U_r_3_U       |gru_va_Pipeline_HIDDEN_LOOP_U_r_3_ROM_AUTO_1R       |        0|   8|   5|    0|    40|    8|     1|          320|
    |U_r_4_U       |gru_va_Pipeline_HIDDEN_LOOP_U_r_4_ROM_AUTO_1R       |        0|   7|   5|    0|    40|    7|     1|          280|
    |U_r_5_U       |gru_va_Pipeline_HIDDEN_LOOP_U_r_5_ROM_AUTO_1R       |        0|   7|   5|    0|    40|    7|     1|          280|
    |U_r_6_U       |gru_va_Pipeline_HIDDEN_LOOP_U_r_6_ROM_AUTO_1R       |        0|   8|   5|    0|    40|    8|     1|          320|
    |U_r_7_U       |gru_va_Pipeline_HIDDEN_LOOP_U_r_7_ROM_AUTO_1R       |        0|   7|   5|    0|    40|    7|     1|          280|
    |U_r_8_U       |gru_va_Pipeline_HIDDEN_LOOP_U_r_8_ROM_AUTO_1R       |        0|   7|   5|    0|    40|    7|     1|          280|
    |U_r_9_U       |gru_va_Pipeline_HIDDEN_LOOP_U_r_9_ROM_AUTO_1R       |        0|   7|   5|    0|    40|    7|     1|          280|
    |U_z_0_U       |gru_va_Pipeline_HIDDEN_LOOP_U_z_0_ROM_AUTO_1R       |        0|   8|   5|    0|    40|    8|     1|          320|
    |U_z_10_U      |gru_va_Pipeline_HIDDEN_LOOP_U_z_10_ROM_AUTO_1R      |        0|   8|   5|    0|    40|    8|     1|          320|
    |U_z_11_U      |gru_va_Pipeline_HIDDEN_LOOP_U_z_11_ROM_AUTO_1R      |        0|   7|   5|    0|    40|    7|     1|          280|
    |U_z_12_U      |gru_va_Pipeline_HIDDEN_LOOP_U_z_12_ROM_AUTO_1R      |        0|   8|   5|    0|    40|    8|     1|          320|
    |U_z_13_U      |gru_va_Pipeline_HIDDEN_LOOP_U_z_13_ROM_AUTO_1R      |        0|   8|   5|    0|    40|    8|     1|          320|
    |U_z_14_U      |gru_va_Pipeline_HIDDEN_LOOP_U_z_14_ROM_AUTO_1R      |        0|   8|   5|    0|    40|    8|     1|          320|
    |U_z_15_U      |gru_va_Pipeline_HIDDEN_LOOP_U_z_15_ROM_AUTO_1R      |        0|   9|   6|    0|    40|    9|     1|          360|
    |U_z_16_U      |gru_va_Pipeline_HIDDEN_LOOP_U_z_16_ROM_AUTO_1R      |        0|   8|   5|    0|    40|    8|     1|          320|
    |U_z_17_U      |gru_va_Pipeline_HIDDEN_LOOP_U_z_17_ROM_AUTO_1R      |        0|   8|   5|    0|    40|    8|     1|          320|
    |U_z_18_U      |gru_va_Pipeline_HIDDEN_LOOP_U_z_18_ROM_AUTO_1R      |        0|   8|   5|    0|    40|    8|     1|          320|
    |U_z_19_U      |gru_va_Pipeline_HIDDEN_LOOP_U_z_19_ROM_AUTO_1R      |        0|   8|   5|    0|    40|    8|     1|          320|
    |U_z_1_U       |gru_va_Pipeline_HIDDEN_LOOP_U_z_1_ROM_AUTO_1R       |        0|   7|   5|    0|    40|    7|     1|          280|
    |U_z_20_U      |gru_va_Pipeline_HIDDEN_LOOP_U_z_20_ROM_AUTO_1R      |        0|   8|   5|    0|    40|    8|     1|          320|
    |U_z_21_U      |gru_va_Pipeline_HIDDEN_LOOP_U_z_21_ROM_AUTO_1R      |        0|   8|   5|    0|    40|    8|     1|          320|
    |U_z_22_U      |gru_va_Pipeline_HIDDEN_LOOP_U_z_22_ROM_AUTO_1R      |        0|   9|   6|    0|    40|    9|     1|          360|
    |U_z_23_U      |gru_va_Pipeline_HIDDEN_LOOP_U_z_23_ROM_AUTO_1R      |        0|   8|   5|    0|    40|    8|     1|          320|
    |U_z_24_U      |gru_va_Pipeline_HIDDEN_LOOP_U_z_24_ROM_AUTO_1R      |        0|   8|   5|    0|    40|    8|     1|          320|
    |U_z_25_U      |gru_va_Pipeline_HIDDEN_LOOP_U_z_25_ROM_AUTO_1R      |        0|   8|   5|    0|    40|    8|     1|          320|
    |U_z_26_U      |gru_va_Pipeline_HIDDEN_LOOP_U_z_26_ROM_AUTO_1R      |        0|   7|   5|    0|    40|    7|     1|          280|
    |U_z_27_U      |gru_va_Pipeline_HIDDEN_LOOP_U_z_27_ROM_AUTO_1R      |        0|   8|   5|    0|    40|    8|     1|          320|
    |U_z_28_U      |gru_va_Pipeline_HIDDEN_LOOP_U_z_28_ROM_AUTO_1R      |        0|   7|   5|    0|    40|    7|     1|          280|
    |U_z_29_U      |gru_va_Pipeline_HIDDEN_LOOP_U_z_29_ROM_AUTO_1R      |        0|   8|   5|    0|    40|    8|     1|          320|
    |U_z_2_U       |gru_va_Pipeline_HIDDEN_LOOP_U_z_2_ROM_AUTO_1R       |        0|   8|   5|    0|    40|    8|     1|          320|
    |U_z_30_U      |gru_va_Pipeline_HIDDEN_LOOP_U_z_30_ROM_AUTO_1R      |        0|   8|   5|    0|    40|    8|     1|          320|
    |U_z_31_U      |gru_va_Pipeline_HIDDEN_LOOP_U_z_31_ROM_AUTO_1R      |        0|   7|   5|    0|    40|    7|     1|          280|
    |U_z_32_U      |gru_va_Pipeline_HIDDEN_LOOP_U_z_32_ROM_AUTO_1R      |        0|   8|   5|    0|    40|    8|     1|          320|
    |U_z_33_U      |gru_va_Pipeline_HIDDEN_LOOP_U_z_33_ROM_AUTO_1R      |        0|   7|   5|    0|    40|    7|     1|          280|
    |U_z_34_U      |gru_va_Pipeline_HIDDEN_LOOP_U_z_34_ROM_AUTO_1R      |        0|   8|   5|    0|    40|    8|     1|          320|
    |U_z_35_U      |gru_va_Pipeline_HIDDEN_LOOP_U_z_35_ROM_AUTO_1R      |        0|   7|   5|    0|    40|    7|     1|          280|
    |U_z_36_U      |gru_va_Pipeline_HIDDEN_LOOP_U_z_36_ROM_AUTO_1R      |        0|   8|   5|    0|    40|    8|     1|          320|
    |U_z_37_U      |gru_va_Pipeline_HIDDEN_LOOP_U_z_37_ROM_AUTO_1R      |        0|   8|   5|    0|    40|    8|     1|          320|
    |U_z_38_U      |gru_va_Pipeline_HIDDEN_LOOP_U_z_38_ROM_AUTO_1R      |        0|   8|   5|    0|    40|    8|     1|          320|
    |U_z_39_U      |gru_va_Pipeline_HIDDEN_LOOP_U_z_39_ROM_AUTO_1R      |        0|   8|   5|    0|    40|    8|     1|          320|
    |U_z_3_U       |gru_va_Pipeline_HIDDEN_LOOP_U_z_3_ROM_AUTO_1R       |        0|   8|   5|    0|    40|    8|     1|          320|
    |U_z_4_U       |gru_va_Pipeline_HIDDEN_LOOP_U_z_4_ROM_AUTO_1R       |        0|   8|   5|    0|    40|    8|     1|          320|
    |U_z_5_U       |gru_va_Pipeline_HIDDEN_LOOP_U_z_5_ROM_AUTO_1R       |        0|   7|   5|    0|    40|    7|     1|          280|
    |U_z_6_U       |gru_va_Pipeline_HIDDEN_LOOP_U_z_6_ROM_AUTO_1R       |        0|   8|   5|    0|    40|    8|     1|          320|
    |U_z_7_U       |gru_va_Pipeline_HIDDEN_LOOP_U_z_7_ROM_AUTO_1R       |        0|   8|   5|    0|    40|    8|     1|          320|
    |U_z_8_U       |gru_va_Pipeline_HIDDEN_LOOP_U_z_8_ROM_AUTO_1R       |        0|   8|   5|    0|    40|    8|     1|          320|
    |U_z_9_U       |gru_va_Pipeline_HIDDEN_LOOP_U_z_9_ROM_AUTO_1R       |        0|   8|   5|    0|    40|    8|     1|          320|
    |W_n_U         |gru_va_Pipeline_HIDDEN_LOOP_W_n_ROM_AUTO_1R         |        0|   9|   6|    0|    40|    9|     1|          360|
    |W_r_U         |gru_va_Pipeline_HIDDEN_LOOP_W_r_ROM_AUTO_1R         |        0|  10|   7|    0|    40|   10|     1|          400|
    |W_z_U         |gru_va_Pipeline_HIDDEN_LOOP_W_z_ROM_AUTO_1R         |        0|   9|   6|    0|    40|    9|     1|          360|
    |b_hn_U        |gru_va_Pipeline_HIDDEN_LOOP_b_hn_ROM_AUTO_1R        |        0|   7|   5|    0|    40|    7|     1|          280|
    |b_hr_U        |gru_va_Pipeline_HIDDEN_LOOP_b_hr_ROM_AUTO_1R        |        0|   6|   4|    0|    40|    6|     1|          240|
    |b_hz_U        |gru_va_Pipeline_HIDDEN_LOOP_b_hz_ROM_AUTO_1R        |        0|   7|   5|    0|    40|    7|     1|          280|
    |b_in_U        |gru_va_Pipeline_HIDDEN_LOOP_b_in_ROM_AUTO_1R        |        0|   7|   5|    0|    40|    7|     1|          280|
    |b_ir_U        |gru_va_Pipeline_HIDDEN_LOOP_b_ir_ROM_AUTO_1R        |        0|   6|   4|    0|    40|    6|     1|          240|
    |b_iz_U        |gru_va_Pipeline_HIDDEN_LOOP_b_iz_ROM_AUTO_1R        |        0|   7|   5|    0|    40|    7|     1|          280|
    |w_out_U       |gru_va_Pipeline_HIDDEN_LOOP_w_out_ROM_AUTO_1R       |        0|   5|   4|    0|    40|    5|     1|          200|
    +--------------+----------------------------------------------------+---------+----+----+-----+------+-----+------+-------------+
    |Total         |                                                    |        2| 931| 625|    0|  6225|  940|   131|        46465|
    +--------------+----------------------------------------------------+---------+----+----+-----+------+-----+------+-------------+

    * FIFO: 
    N/A

    * Expression: 
    +-------------------------------+----------+----+---+-----+------------+------------+
    |         Variable Name         | Operation| DSP| FF| LUT | Bitwidth P0| Bitwidth P1|
    +-------------------------------+----------+----+---+-----+------------+------------+
    |add_ln169_1_fu_15889_p2        |         +|   0|  0|   12|          11|           1|
    |add_ln169_2_fu_17580_p2        |         +|   0|  0|   12|          11|           1|
    |add_ln169_fu_15841_p2          |         +|   0|  0|   12|          11|           1|
    |add_ln170_2_fu_16394_p2        |         +|   0|  0|   49|          42|          42|
    |add_ln170_4_fu_17648_p2        |         +|   0|  0|   49|          42|          42|
    |add_ln170_fu_15956_p2          |         +|   0|  0|   49|          42|          42|
    |add_ln171_1_fu_16744_p2        |         +|   0|  0|   13|          10|          10|
    |add_ln171_2_fu_17883_p2        |         +|   0|  0|   13|          10|          10|
    |add_ln171_fu_16209_p2          |         +|   0|  0|   13|          10|          10|
    |add_ln183_2_fu_18181_p2        |         +|   0|  0|   30|          23|          21|
    |add_ln183_fu_16929_p2          |         +|   0|  0|   30|          23|          21|
    |add_ln245_fu_6534_p2           |         +|   0|  0|   14|           6|           1|
    |add_ln285_fu_6847_p2           |         +|   0|  0|   14|           7|           7|
    |add_ln287_fu_6865_p2           |         +|   0|  0|   15|           8|           8|
    |add_ln300_10_fu_9620_p2        |         +|   0|  0|   40|          33|          33|
    |add_ln300_11_fu_9888_p2        |         +|   0|  0|   40|          33|          33|
    |add_ln300_12_fu_10022_p2       |         +|   0|  0|   40|          33|          33|
    |add_ln300_13_fu_10290_p2       |         +|   0|  0|   40|          33|          33|
    |add_ln300_14_fu_10424_p2       |         +|   0|  0|   40|          33|          33|
    |add_ln300_15_fu_10692_p2       |         +|   0|  0|   40|          33|          33|
    |add_ln300_16_fu_10826_p2       |         +|   0|  0|   40|          33|          33|
    |add_ln300_17_fu_11094_p2       |         +|   0|  0|   40|          33|          33|
    |add_ln300_18_fu_11228_p2       |         +|   0|  0|   40|          33|          33|
    |add_ln300_19_fu_11496_p2       |         +|   0|  0|   40|          33|          33|
    |add_ln300_1_fu_7878_p2         |         +|   0|  0|   40|          33|          33|
    |add_ln300_20_fu_11630_p2       |         +|   0|  0|   40|          33|          33|
    |add_ln300_21_fu_11898_p2       |         +|   0|  0|   40|          33|          33|
    |add_ln300_22_fu_12032_p2       |         +|   0|  0|   40|          33|          33|
    |add_ln300_23_fu_12300_p2       |         +|   0|  0|   40|          33|          33|
    |add_ln300_24_fu_12434_p2       |         +|   0|  0|   40|          33|          33|
    |add_ln300_25_fu_12702_p2       |         +|   0|  0|   40|          33|          33|
    |add_ln300_26_fu_12836_p2       |         +|   0|  0|   40|          33|          33|
    |add_ln300_27_fu_13104_p2       |         +|   0|  0|   40|          33|          33|
    |add_ln300_28_fu_13238_p2       |         +|   0|  0|   40|          33|          33|
    |add_ln300_29_fu_13506_p2       |         +|   0|  0|   40|          33|          33|
    |add_ln300_2_fu_8012_p2         |         +|   0|  0|   40|          33|          33|
    |add_ln300_30_fu_13640_p2       |         +|   0|  0|   40|          33|          33|
    |add_ln300_31_fu_13908_p2       |         +|   0|  0|   40|          33|          33|
    |add_ln300_32_fu_14042_p2       |         +|   0|  0|   40|          33|          33|
    |add_ln300_33_fu_14310_p2       |         +|   0|  0|   40|          33|          33|
    |add_ln300_34_fu_14444_p2       |         +|   0|  0|   40|          33|          33|
    |add_ln300_35_fu_14712_p2       |         +|   0|  0|   40|          33|          33|
    |add_ln300_36_fu_14846_p2       |         +|   0|  0|   40|          33|          33|
    |add_ln300_37_fu_14980_p2       |         +|   0|  0|   40|          33|          33|
    |add_ln300_38_fu_15114_p2       |         +|   0|  0|   40|          33|          33|
    |add_ln300_39_fu_15248_p2       |         +|   0|  0|   40|          33|          33|
    |add_ln300_3_fu_8280_p2         |         +|   0|  0|   40|          33|          33|
    |add_ln300_40_fu_7597_p2        |         +|   0|  0|   39|          32|          32|
    |add_ln300_4_fu_8414_p2         |         +|   0|  0|   40|          33|          33|
    |add_ln300_5_fu_8682_p2         |         +|   0|  0|   40|          33|          33|
    |add_ln300_6_fu_8816_p2         |         +|   0|  0|   40|          33|          33|
    |add_ln300_7_fu_9084_p2         |         +|   0|  0|   40|          33|          33|
    |add_ln300_8_fu_9218_p2         |         +|   0|  0|   40|          33|          33|
    |add_ln300_9_fu_9486_p2         |         +|   0|  0|   40|          33|          33|
    |add_ln300_fu_7602_p2           |         +|   0|  0|   40|          33|          33|
    |add_ln301_10_fu_9688_p2        |         +|   0|  0|   40|          33|          33|
    |add_ln301_11_fu_9954_p2        |         +|   0|  0|   40|          33|          33|
    |add_ln301_12_fu_10090_p2       |         +|   0|  0|   40|          33|          33|
    |add_ln301_13_fu_10356_p2       |         +|   0|  0|   40|          33|          33|
    |add_ln301_14_fu_10492_p2       |         +|   0|  0|   40|          33|          33|
    |add_ln301_15_fu_10758_p2       |         +|   0|  0|   40|          33|          33|
    |add_ln301_16_fu_10894_p2       |         +|   0|  0|   40|          33|          33|
    |add_ln301_17_fu_11160_p2       |         +|   0|  0|   40|          33|          33|
    |add_ln301_18_fu_11296_p2       |         +|   0|  0|   40|          33|          33|
    |add_ln301_19_fu_11562_p2       |         +|   0|  0|   40|          33|          33|
    |add_ln301_1_fu_7944_p2         |         +|   0|  0|   40|          33|          33|
    |add_ln301_20_fu_11698_p2       |         +|   0|  0|   40|          33|          33|
    |add_ln301_21_fu_11964_p2       |         +|   0|  0|   40|          33|          33|
    |add_ln301_22_fu_12100_p2       |         +|   0|  0|   40|          33|          33|
    |add_ln301_23_fu_12366_p2       |         +|   0|  0|   40|          33|          33|
    |add_ln301_24_fu_12502_p2       |         +|   0|  0|   40|          33|          33|
    |add_ln301_25_fu_12768_p2       |         +|   0|  0|   40|          33|          33|
    |add_ln301_26_fu_12904_p2       |         +|   0|  0|   40|          33|          33|
    |add_ln301_27_fu_13170_p2       |         +|   0|  0|   40|          33|          33|
    |add_ln301_28_fu_13306_p2       |         +|   0|  0|   40|          33|          33|
    |add_ln301_29_fu_13572_p2       |         +|   0|  0|   40|          33|          33|
    |add_ln301_2_fu_8080_p2         |         +|   0|  0|   40|          33|          33|
    |add_ln301_30_fu_13708_p2       |         +|   0|  0|   40|          33|          33|
    |add_ln301_31_fu_13974_p2       |         +|   0|  0|   40|          33|          33|
    |add_ln301_32_fu_14110_p2       |         +|   0|  0|   40|          33|          33|
    |add_ln301_33_fu_14376_p2       |         +|   0|  0|   40|          33|          33|
    |add_ln301_34_fu_14512_p2       |         +|   0|  0|   40|          33|          33|
    |add_ln301_35_fu_14778_p2       |         +|   0|  0|   40|          33|          33|
    |add_ln301_36_fu_14914_p2       |         +|   0|  0|   40|          33|          33|
    |add_ln301_37_fu_15046_p2       |         +|   0|  0|   40|          33|          33|
    |add_ln301_38_fu_15182_p2       |         +|   0|  0|   40|          33|          33|
    |add_ln301_39_fu_15314_p2       |         +|   0|  0|   40|          33|          33|
    |add_ln301_3_fu_8346_p2         |         +|   0|  0|   40|          33|          33|
    |add_ln301_40_fu_7669_p2        |         +|   0|  0|   39|          32|          32|
    |add_ln301_4_fu_8482_p2         |         +|   0|  0|   40|          33|          33|
    |add_ln301_5_fu_8748_p2         |         +|   0|  0|   40|          33|          33|
    |add_ln301_6_fu_8884_p2         |         +|   0|  0|   40|          33|          33|
    |add_ln301_7_fu_9150_p2         |         +|   0|  0|   40|          33|          33|
    |add_ln301_8_fu_9286_p2         |         +|   0|  0|   40|          33|          33|
    |add_ln301_9_fu_9552_p2         |         +|   0|  0|   40|          33|          33|
    |add_ln301_fu_7674_p2           |         +|   0|  0|   40|          33|          33|
    |add_ln302_10_fu_8950_p2        |         +|   0|  0|   40|          33|          33|
    |add_ln302_11_fu_9018_p2        |         +|   0|  0|   40|          33|          33|
    |add_ln302_12_fu_9352_p2        |         +|   0|  0|   40|          33|          33|
    |add_ln302_13_fu_9420_p2        |         +|   0|  0|   40|          33|          33|
    |add_ln302_14_fu_9754_p2        |         +|   0|  0|   40|          33|          33|
    |add_ln302_15_fu_9822_p2        |         +|   0|  0|   40|          33|          33|
    |add_ln302_16_fu_10156_p2       |         +|   0|  0|   40|          33|          33|
    |add_ln302_17_fu_10224_p2       |         +|   0|  0|   40|          33|          33|
    |add_ln302_18_fu_10558_p2       |         +|   0|  0|   40|          33|          33|
    |add_ln302_19_fu_10626_p2       |         +|   0|  0|   40|          33|          33|
    |add_ln302_1_fu_7345_p2         |         +|   0|  0|   40|          33|          33|
    |add_ln302_20_fu_10960_p2       |         +|   0|  0|   40|          33|          33|
    |add_ln302_21_fu_11028_p2       |         +|   0|  0|   40|          33|          33|
    |add_ln302_22_fu_11362_p2       |         +|   0|  0|   40|          33|          33|
    |add_ln302_23_fu_11430_p2       |         +|   0|  0|   40|          33|          33|
    |add_ln302_24_fu_11764_p2       |         +|   0|  0|   40|          33|          33|
    |add_ln302_25_fu_11832_p2       |         +|   0|  0|   40|          33|          33|
    |add_ln302_26_fu_12166_p2       |         +|   0|  0|   40|          33|          33|
    |add_ln302_27_fu_12234_p2       |         +|   0|  0|   40|          33|          33|
    |add_ln302_28_fu_12568_p2       |         +|   0|  0|   40|          33|          33|
    |add_ln302_29_fu_12636_p2       |         +|   0|  0|   40|          33|          33|
    |add_ln302_2_fu_7433_p2         |         +|   0|  0|   40|          33|          33|
    |add_ln302_30_fu_12970_p2       |         +|   0|  0|   40|          33|          33|
    |add_ln302_31_fu_13038_p2       |         +|   0|  0|   40|          33|          33|
    |add_ln302_32_fu_13372_p2       |         +|   0|  0|   40|          33|          33|
    |add_ln302_33_fu_13440_p2       |         +|   0|  0|   40|          33|          33|
    |add_ln302_34_fu_13774_p2       |         +|   0|  0|   40|          33|          33|
    |add_ln302_35_fu_13842_p2       |         +|   0|  0|   40|          33|          33|
    |add_ln302_36_fu_14176_p2       |         +|   0|  0|   40|          33|          33|
    |add_ln302_37_fu_14244_p2       |         +|   0|  0|   40|          33|          33|
    |add_ln302_38_fu_14578_p2       |         +|   0|  0|   40|          33|          33|
    |add_ln302_39_fu_14646_p2       |         +|   0|  0|   40|          33|          33|
    |add_ln302_3_fu_7501_p2         |         +|   0|  0|   40|          33|          33|
    |add_ln302_40_fu_7268_p2        |         +|   0|  0|   39|          32|          32|
    |add_ln302_4_fu_7744_p2         |         +|   0|  0|   40|          33|          33|
    |add_ln302_5_fu_7812_p2         |         +|   0|  0|   40|          33|          33|
    |add_ln302_6_fu_8146_p2         |         +|   0|  0|   40|          33|          33|
    |add_ln302_7_fu_8214_p2         |         +|   0|  0|   40|          33|          33|
    |add_ln302_8_fu_8548_p2         |         +|   0|  0|   40|          33|          33|
    |add_ln302_9_fu_8616_p2         |         +|   0|  0|   40|          33|          33|
    |add_ln302_fu_7273_p2           |         +|   0|  0|   40|          33|          33|
    |add_ln314_fu_17229_p2          |         +|   0|  0|   49|          42|          42|
    |add_ln324_fu_18400_p2          |         +|   0|  0|   52|          45|          45|
    |add_ln326_fu_18630_p2          |         +|   0|  0|   13|          10|          10|
    |add_ln331_1_fu_19069_p2        |         +|   0|  0|   39|          32|          32|
    |add_ln331_fu_19075_p2          |         +|   0|  0|   40|          33|          33|
    |candidate_pre_1_fu_17296_p2    |         +|   0|  0|   39|          32|          32|
    |half_v_1_fu_15414_p2           |         +|   0|  0|   39|          32|          32|
    |half_v_4_fu_15524_p2           |         +|   0|  0|   39|          32|          32|
    |r_1_fu_16979_p2                |         +|   0|  0|   13|          10|          10|
    |state_update_1_fu_18452_p2     |         +|   0|  0|   33|          26|          26|
    |val_n_rec_11_fu_7807_p2        |         +|   0|  0|   39|          32|          32|
    |val_n_rec_13_fu_8142_p2        |         +|   0|  0|   39|          32|          32|
    |val_n_rec_15_fu_8209_p2        |         +|   0|  0|   39|          32|          32|
    |val_n_rec_17_fu_8544_p2        |         +|   0|  0|   39|          32|          32|
    |val_n_rec_19_fu_8611_p2        |         +|   0|  0|   39|          32|          32|
    |val_n_rec_21_fu_8946_p2        |         +|   0|  0|   39|          32|          32|
    |val_n_rec_23_fu_9013_p2        |         +|   0|  0|   39|          32|          32|
    |val_n_rec_25_fu_9348_p2        |         +|   0|  0|   39|          32|          32|
    |val_n_rec_27_fu_9415_p2        |         +|   0|  0|   39|          32|          32|
    |val_n_rec_29_fu_9750_p2        |         +|   0|  0|   39|          32|          32|
    |val_n_rec_31_fu_9817_p2        |         +|   0|  0|   39|          32|          32|
    |val_n_rec_33_fu_10152_p2       |         +|   0|  0|   39|          32|          32|
    |val_n_rec_35_fu_10219_p2       |         +|   0|  0|   39|          32|          32|
    |val_n_rec_37_fu_10554_p2       |         +|   0|  0|   39|          32|          32|
    |val_n_rec_39_fu_10621_p2       |         +|   0|  0|   39|          32|          32|
    |val_n_rec_3_fu_7340_p2         |         +|   0|  0|   39|          32|          32|
    |val_n_rec_41_fu_10956_p2       |         +|   0|  0|   39|          32|          32|
    |val_n_rec_43_fu_11023_p2       |         +|   0|  0|   39|          32|          32|
    |val_n_rec_45_fu_11358_p2       |         +|   0|  0|   39|          32|          32|
    |val_n_rec_47_fu_11425_p2       |         +|   0|  0|   39|          32|          32|
    |val_n_rec_49_fu_11760_p2       |         +|   0|  0|   39|          32|          32|
    |val_n_rec_51_fu_11827_p2       |         +|   0|  0|   39|          32|          32|
    |val_n_rec_53_fu_12162_p2       |         +|   0|  0|   39|          32|          32|
    |val_n_rec_55_fu_12229_p2       |         +|   0|  0|   39|          32|          32|
    |val_n_rec_57_fu_12564_p2       |         +|   0|  0|   39|          32|          32|
    |val_n_rec_59_fu_12631_p2       |         +|   0|  0|   39|          32|          32|
    |val_n_rec_5_fu_7429_p2         |         +|   0|  0|   39|          32|          32|
    |val_n_rec_61_fu_12966_p2       |         +|   0|  0|   39|          32|          32|
    |val_n_rec_63_fu_13033_p2       |         +|   0|  0|   39|          32|          32|
    |val_n_rec_65_fu_13368_p2       |         +|   0|  0|   39|          32|          32|
    |val_n_rec_67_fu_13435_p2       |         +|   0|  0|   39|          32|          32|
    |val_n_rec_69_fu_13770_p2       |         +|   0|  0|   39|          32|          32|
    |val_n_rec_71_fu_13837_p2       |         +|   0|  0|   39|          32|          32|
    |val_n_rec_73_fu_14172_p2       |         +|   0|  0|   39|          32|          32|
    |val_n_rec_75_fu_14239_p2       |         +|   0|  0|   39|          32|          32|
    |val_n_rec_77_fu_14574_p2       |         +|   0|  0|   39|          32|          32|
    |val_n_rec_79_fu_14641_p2       |         +|   0|  0|   39|          32|          32|
    |val_n_rec_7_fu_7496_p2         |         +|   0|  0|   39|          32|          32|
    |val_n_rec_9_fu_7740_p2         |         +|   0|  0|   39|          32|          32|
    |val_r_11_fu_8678_p2            |         +|   0|  0|   39|          32|          32|
    |val_r_13_fu_8811_p2            |         +|   0|  0|   39|          32|          32|
    |val_r_15_fu_9080_p2            |         +|   0|  0|   39|          32|          32|
    |val_r_17_fu_9213_p2            |         +|   0|  0|   39|          32|          32|
    |val_r_19_fu_9482_p2            |         +|   0|  0|   39|          32|          32|
    |val_r_21_fu_9615_p2            |         +|   0|  0|   39|          32|          32|
    |val_r_23_fu_9884_p2            |         +|   0|  0|   39|          32|          32|
    |val_r_25_fu_10017_p2           |         +|   0|  0|   39|          32|          32|
    |val_r_27_fu_10286_p2           |         +|   0|  0|   39|          32|          32|
    |val_r_29_fu_10419_p2           |         +|   0|  0|   39|          32|          32|
    |val_r_31_fu_10688_p2           |         +|   0|  0|   39|          32|          32|
    |val_r_33_fu_10821_p2           |         +|   0|  0|   39|          32|          32|
    |val_r_35_fu_11090_p2           |         +|   0|  0|   39|          32|          32|
    |val_r_37_fu_11223_p2           |         +|   0|  0|   39|          32|          32|
    |val_r_39_fu_11492_p2           |         +|   0|  0|   39|          32|          32|
    |val_r_3_fu_7874_p2             |         +|   0|  0|   39|          32|          32|
    |val_r_41_fu_11625_p2           |         +|   0|  0|   39|          32|          32|
    |val_r_43_fu_11894_p2           |         +|   0|  0|   39|          32|          32|
    |val_r_45_fu_12027_p2           |         +|   0|  0|   39|          32|          32|
    |val_r_47_fu_12296_p2           |         +|   0|  0|   39|          32|          32|
    |val_r_49_fu_12429_p2           |         +|   0|  0|   39|          32|          32|
    |val_r_51_fu_12698_p2           |         +|   0|  0|   39|          32|          32|
    |val_r_53_fu_12831_p2           |         +|   0|  0|   39|          32|          32|
    |val_r_55_fu_13100_p2           |         +|   0|  0|   39|          32|          32|
    |val_r_57_fu_13233_p2           |         +|   0|  0|   39|          32|          32|
    |val_r_59_fu_13502_p2           |         +|   0|  0|   39|          32|          32|
    |val_r_5_fu_8007_p2             |         +|   0|  0|   39|          32|          32|
    |val_r_61_fu_13635_p2           |         +|   0|  0|   39|          32|          32|
    |val_r_63_fu_13904_p2           |         +|   0|  0|   39|          32|          32|
    |val_r_65_fu_14037_p2           |         +|   0|  0|   39|          32|          32|
    |val_r_67_fu_14306_p2           |         +|   0|  0|   39|          32|          32|
    |val_r_69_fu_14439_p2           |         +|   0|  0|   39|          32|          32|
    |val_r_71_fu_14708_p2           |         +|   0|  0|   39|          32|          32|
    |val_r_73_fu_14841_p2           |         +|   0|  0|   39|          32|          32|
    |val_r_75_fu_14976_p2           |         +|   0|  0|   39|          32|          32|
    |val_r_77_fu_15109_p2           |         +|   0|  0|   39|          32|          32|
    |val_r_79_fu_15244_p2           |         +|   0|  0|   39|          32|          32|
    |val_r_7_fu_8276_p2             |         +|   0|  0|   39|          32|          32|
    |val_r_9_fu_8409_p2             |         +|   0|  0|   39|          32|          32|
    |val_z_11_fu_8744_p2            |         +|   0|  0|   39|          32|          32|
    |val_z_13_fu_8879_p2            |         +|   0|  0|   39|          32|          32|
    |val_z_15_fu_9146_p2            |         +|   0|  0|   39|          32|          32|
    |val_z_17_fu_9281_p2            |         +|   0|  0|   39|          32|          32|
    |val_z_19_fu_9548_p2            |         +|   0|  0|   39|          32|          32|
    |val_z_21_fu_9683_p2            |         +|   0|  0|   39|          32|          32|
    |val_z_23_fu_9950_p2            |         +|   0|  0|   39|          32|          32|
    |val_z_25_fu_10085_p2           |         +|   0|  0|   39|          32|          32|
    |val_z_27_fu_10352_p2           |         +|   0|  0|   39|          32|          32|
    |val_z_29_fu_10487_p2           |         +|   0|  0|   39|          32|          32|
    |val_z_31_fu_10754_p2           |         +|   0|  0|   39|          32|          32|
    |val_z_33_fu_10889_p2           |         +|   0|  0|   39|          32|          32|
    |val_z_35_fu_11156_p2           |         +|   0|  0|   39|          32|          32|
    |val_z_37_fu_11291_p2           |         +|   0|  0|   39|          32|          32|
    |val_z_39_fu_11558_p2           |         +|   0|  0|   39|          32|          32|
    |val_z_3_fu_7940_p2             |         +|   0|  0|   39|          32|          32|
    |val_z_41_fu_11693_p2           |         +|   0|  0|   39|          32|          32|
    |val_z_43_fu_11960_p2           |         +|   0|  0|   39|          32|          32|
    |val_z_45_fu_12095_p2           |         +|   0|  0|   39|          32|          32|
    |val_z_47_fu_12362_p2           |         +|   0|  0|   39|          32|          32|
    |val_z_49_fu_12497_p2           |         +|   0|  0|   39|          32|          32|
    |val_z_51_fu_12764_p2           |         +|   0|  0|   39|          32|          32|
    |val_z_53_fu_12899_p2           |         +|   0|  0|   39|          32|          32|
    |val_z_55_fu_13166_p2           |         +|   0|  0|   39|          32|          32|
    |val_z_57_fu_13301_p2           |         +|   0|  0|   39|          32|          32|
    |val_z_59_fu_13568_p2           |         +|   0|  0|   39|          32|          32|
    |val_z_5_fu_8075_p2             |         +|   0|  0|   39|          32|          32|
    |val_z_61_fu_13703_p2           |         +|   0|  0|   39|          32|          32|
    |val_z_63_fu_13970_p2           |         +|   0|  0|   39|          32|          32|
    |val_z_65_fu_14105_p2           |         +|   0|  0|   39|          32|          32|
    |val_z_67_fu_14372_p2           |         +|   0|  0|   39|          32|          32|
    |val_z_69_fu_14507_p2           |         +|   0|  0|   39|          32|          32|
    |val_z_71_fu_14774_p2           |         +|   0|  0|   39|          32|          32|
    |val_z_73_fu_14909_p2           |         +|   0|  0|   39|          32|          32|
    |val_z_75_fu_15042_p2           |         +|   0|  0|   39|          32|          32|
    |val_z_77_fu_15177_p2           |         +|   0|  0|   39|          32|          32|
    |val_z_79_fu_15310_p2           |         +|   0|  0|   39|          32|          32|
    |val_z_7_fu_8342_p2             |         +|   0|  0|   39|          32|          32|
    |val_z_9_fu_8477_p2             |         +|   0|  0|   39|          32|          32|
    |y_1_fu_16010_p2                |         +|   0|  0|   30|          23|          23|
    |y_4_fu_16448_p2                |         +|   0|  0|   30|          23|          23|
    |y_7_fu_17700_p2                |         +|   0|  0|   30|          23|          23|
    |z_1_fu_18231_p2                |         +|   0|  0|   13|          10|          10|
    |sub_ln150_1_fu_15715_p2        |         -|   0|  0|   40|           1|          33|
    |sub_ln150_2_fu_17454_p2        |         -|   0|  0|   40|           1|          33|
    |sub_ln150_fu_15593_p2          |         -|   0|  0|   40|           1|          33|
    |sub_ln170_1_fu_15939_p2        |         -|   0|  0|   29|          22|          22|
    |sub_ln170_2_fu_17615_p2        |         -|   0|  0|   29|          22|          22|
    |sub_ln170_fu_15880_p2          |         -|   0|  0|   29|          22|          22|
    |sub_ln173_1_fu_17122_p2        |         -|   0|  0|   12|           1|          11|
    |sub_ln173_2_fu_18086_p2        |         -|   0|  0|   12|           1|          11|
    |sub_ln173_fu_16579_p2          |         -|   0|  0|   12|           1|          11|
    |sub_ln324_fu_18367_p2          |         -|   0|  0|   30|          23|          23|
    |and_ln150_1_fu_15747_p2        |       and|   0|  0|    2|           1|           1|
    |and_ln150_2_fu_17486_p2        |       and|   0|  0|    2|           1|           1|
    |and_ln150_3_fu_15645_p2        |       and|   0|  0|    2|           1|           1|
    |and_ln150_4_fu_15767_p2        |       and|   0|  0|    2|           1|           1|
    |and_ln150_5_fu_17506_p2        |       and|   0|  0|    2|           1|           1|
    |and_ln150_fu_15625_p2          |       and|   0|  0|    2|           1|           1|
    |and_ln170_10_fu_17690_p2       |       and|   0|  0|    2|           1|           1|
    |and_ln170_11_fu_17724_p2       |       and|   0|  0|    2|           1|           1|
    |and_ln170_12_fu_17766_p2       |       and|   0|  0|    2|           1|           1|
    |and_ln170_13_fu_17772_p2       |       and|   0|  0|    2|           1|           1|
    |and_ln170_14_fu_17790_p2       |       and|   0|  0|    2|           1|           1|
    |and_ln170_1_fu_16034_p2        |       and|   0|  0|    2|           1|           1|
    |and_ln170_2_fu_16076_p2        |       and|   0|  0|    2|           1|           1|
    |and_ln170_3_fu_16082_p2        |       and|   0|  0|    2|           1|           1|
    |and_ln170_4_fu_16100_p2        |       and|   0|  0|    2|           1|           1|
    |and_ln170_5_fu_16438_p2        |       and|   0|  0|    2|           1|           1|
    |and_ln170_6_fu_16472_p2        |       and|   0|  0|    2|           1|           1|
    |and_ln170_7_fu_16514_p2        |       and|   0|  0|    2|           1|           1|
    |and_ln170_8_fu_16520_p2        |       and|   0|  0|    2|           1|           1|
    |and_ln170_9_fu_16538_p2        |       and|   0|  0|    2|           1|           1|
    |and_ln170_fu_16000_p2          |       and|   0|  0|    2|           1|           1|
    |and_ln171_10_fu_16826_p2       |       and|   0|  0|    2|           1|           1|
    |and_ln171_11_fu_16840_p2       |       and|   0|  0|    2|           1|           1|
    |and_ln171_12_fu_16864_p2       |       and|   0|  0|    2|           1|           1|
    |and_ln171_13_fu_16870_p2       |       and|   0|  0|    2|           1|           1|
    |and_ln171_14_fu_16888_p2       |       and|   0|  0|    2|           1|           1|
    |and_ln171_15_fu_16905_p2       |       and|   0|  0|    2|           1|           1|
    |and_ln171_16_fu_17873_p2       |       and|   0|  0|    2|           1|           1|
    |and_ln171_17_fu_17903_p2       |       and|   0|  0|    2|           1|           1|
    |and_ln171_18_fu_17965_p2       |       and|   0|  0|    2|           1|           1|
    |and_ln171_19_fu_17979_p2       |       and|   0|  0|    2|           1|           1|
    |and_ln171_1_fu_16229_p2        |       and|   0|  0|    2|           1|           1|
    |and_ln171_20_fu_18003_p2       |       and|   0|  0|    2|           1|           1|
    |and_ln171_21_fu_18009_p2       |       and|   0|  0|    2|           1|           1|
    |and_ln171_22_fu_18027_p2       |       and|   0|  0|    2|           1|           1|
    |and_ln171_23_fu_18044_p2       |       and|   0|  0|    2|           1|           1|
    |and_ln171_2_fu_16291_p2        |       and|   0|  0|    2|           1|           1|
    |and_ln171_3_fu_16305_p2        |       and|   0|  0|    2|           1|           1|
    |and_ln171_4_fu_16329_p2        |       and|   0|  0|    2|           1|           1|
    |and_ln171_5_fu_16335_p2        |       and|   0|  0|    2|           1|           1|
    |and_ln171_6_fu_16353_p2        |       and|   0|  0|    2|           1|           1|
    |and_ln171_7_fu_16370_p2        |       and|   0|  0|    2|           1|           1|
    |and_ln171_8_fu_16734_p2        |       and|   0|  0|    2|           1|           1|
    |and_ln171_9_fu_16764_p2        |       and|   0|  0|    2|           1|           1|
    |and_ln171_fu_16199_p2          |       and|   0|  0|    2|           1|           1|
    |and_ln173_1_fu_17154_p2        |       and|   0|  0|    2|           1|           1|
    |and_ln173_2_fu_18118_p2        |       and|   0|  0|    2|           1|           1|
    |and_ln173_3_fu_16631_p2        |       and|   0|  0|    2|           1|           1|
    |and_ln173_4_fu_17174_p2        |       and|   0|  0|    2|           1|           1|
    |and_ln173_5_fu_18138_p2        |       and|   0|  0|    2|           1|           1|
    |and_ln173_fu_16611_p2          |       and|   0|  0|    2|           1|           1|
    |and_ln181_1_fu_15458_p2        |       and|   0|  0|    2|           1|           1|
    |and_ln181_2_fu_15514_p2        |       and|   0|  0|    2|           1|           1|
    |and_ln181_3_fu_15568_p2        |       and|   0|  0|    2|           1|           1|
    |and_ln181_fu_15404_p2          |       and|   0|  0|    2|           1|           1|
    |and_ln183_1_fu_16999_p2        |       and|   0|  0|    2|           1|           1|
    |and_ln183_2_fu_17041_p2        |       and|   0|  0|    2|           1|           1|
    |and_ln183_3_fu_17047_p2        |       and|   0|  0|    2|           1|           1|
    |and_ln183_4_fu_17065_p2        |       and|   0|  0|    2|           1|           1|
    |and_ln183_5_fu_18221_p2        |       and|   0|  0|    2|           1|           1|
    |and_ln183_6_fu_18251_p2        |       and|   0|  0|    2|           1|           1|
    |and_ln183_7_fu_18293_p2        |       and|   0|  0|    2|           1|           1|
    |and_ln183_8_fu_18299_p2        |       and|   0|  0|    2|           1|           1|
    |and_ln183_9_fu_18317_p2        |       and|   0|  0|    2|           1|           1|
    |and_ln183_fu_16969_p2          |       and|   0|  0|    2|           1|           1|
    |and_ln300_10_fu_9648_p2        |       and|   0|  0|    2|           1|           1|
    |and_ln300_11_fu_9916_p2        |       and|   0|  0|    2|           1|           1|
    |and_ln300_12_fu_10050_p2       |       and|   0|  0|    2|           1|           1|
    |and_ln300_13_fu_10318_p2       |       and|   0|  0|    2|           1|           1|
    |and_ln300_14_fu_10452_p2       |       and|   0|  0|    2|           1|           1|
    |and_ln300_15_fu_10720_p2       |       and|   0|  0|    2|           1|           1|
    |and_ln300_16_fu_10854_p2       |       and|   0|  0|    2|           1|           1|
    |and_ln300_17_fu_11122_p2       |       and|   0|  0|    2|           1|           1|
    |and_ln300_18_fu_11256_p2       |       and|   0|  0|    2|           1|           1|
    |and_ln300_19_fu_11524_p2       |       and|   0|  0|    2|           1|           1|
    |and_ln300_1_fu_7906_p2         |       and|   0|  0|    2|           1|           1|
    |and_ln300_20_fu_11658_p2       |       and|   0|  0|    2|           1|           1|
    |and_ln300_21_fu_11926_p2       |       and|   0|  0|    2|           1|           1|
    |and_ln300_22_fu_12060_p2       |       and|   0|  0|    2|           1|           1|
    |and_ln300_23_fu_12328_p2       |       and|   0|  0|    2|           1|           1|
    |and_ln300_24_fu_12462_p2       |       and|   0|  0|    2|           1|           1|
    |and_ln300_25_fu_12730_p2       |       and|   0|  0|    2|           1|           1|
    |and_ln300_26_fu_12864_p2       |       and|   0|  0|    2|           1|           1|
    |and_ln300_27_fu_13132_p2       |       and|   0|  0|    2|           1|           1|
    |and_ln300_28_fu_13266_p2       |       and|   0|  0|    2|           1|           1|
    |and_ln300_29_fu_13534_p2       |       and|   0|  0|    2|           1|           1|
    |and_ln300_2_fu_8040_p2         |       and|   0|  0|    2|           1|           1|
    |and_ln300_30_fu_13668_p2       |       and|   0|  0|    2|           1|           1|
    |and_ln300_31_fu_13936_p2       |       and|   0|  0|    2|           1|           1|
    |and_ln300_32_fu_14070_p2       |       and|   0|  0|    2|           1|           1|
    |and_ln300_33_fu_14338_p2       |       and|   0|  0|    2|           1|           1|
    |and_ln300_34_fu_14472_p2       |       and|   0|  0|    2|           1|           1|
    |and_ln300_35_fu_14740_p2       |       and|   0|  0|    2|           1|           1|
    |and_ln300_36_fu_14874_p2       |       and|   0|  0|    2|           1|           1|
    |and_ln300_37_fu_15008_p2       |       and|   0|  0|    2|           1|           1|
    |and_ln300_38_fu_15142_p2       |       and|   0|  0|    2|           1|           1|
    |and_ln300_39_fu_15276_p2       |       and|   0|  0|    2|           1|           1|
    |and_ln300_3_fu_8308_p2         |       and|   0|  0|    2|           1|           1|
    |and_ln300_4_fu_8442_p2         |       and|   0|  0|    2|           1|           1|
    |and_ln300_5_fu_8710_p2         |       and|   0|  0|    2|           1|           1|
    |and_ln300_6_fu_8844_p2         |       and|   0|  0|    2|           1|           1|
    |and_ln300_7_fu_9112_p2         |       and|   0|  0|    2|           1|           1|
    |and_ln300_8_fu_9246_p2         |       and|   0|  0|    2|           1|           1|
    |and_ln300_9_fu_9514_p2         |       and|   0|  0|    2|           1|           1|
    |and_ln300_fu_7634_p2           |       and|   0|  0|    2|           1|           1|
    |and_ln301_10_fu_9716_p2        |       and|   0|  0|    2|           1|           1|
    |and_ln301_11_fu_9982_p2        |       and|   0|  0|    2|           1|           1|
    |and_ln301_12_fu_10118_p2       |       and|   0|  0|    2|           1|           1|
    |and_ln301_13_fu_10384_p2       |       and|   0|  0|    2|           1|           1|
    |and_ln301_14_fu_10520_p2       |       and|   0|  0|    2|           1|           1|
    |and_ln301_15_fu_10786_p2       |       and|   0|  0|    2|           1|           1|
    |and_ln301_16_fu_10922_p2       |       and|   0|  0|    2|           1|           1|
    |and_ln301_17_fu_11188_p2       |       and|   0|  0|    2|           1|           1|
    |and_ln301_18_fu_11324_p2       |       and|   0|  0|    2|           1|           1|
    |and_ln301_19_fu_11590_p2       |       and|   0|  0|    2|           1|           1|
    |and_ln301_1_fu_7972_p2         |       and|   0|  0|    2|           1|           1|
    |and_ln301_20_fu_11726_p2       |       and|   0|  0|    2|           1|           1|
    |and_ln301_21_fu_11992_p2       |       and|   0|  0|    2|           1|           1|
    |and_ln301_22_fu_12128_p2       |       and|   0|  0|    2|           1|           1|
    |and_ln301_23_fu_12394_p2       |       and|   0|  0|    2|           1|           1|
    |and_ln301_24_fu_12530_p2       |       and|   0|  0|    2|           1|           1|
    |and_ln301_25_fu_12796_p2       |       and|   0|  0|    2|           1|           1|
    |and_ln301_26_fu_12932_p2       |       and|   0|  0|    2|           1|           1|
    |and_ln301_27_fu_13198_p2       |       and|   0|  0|    2|           1|           1|
    |and_ln301_28_fu_13334_p2       |       and|   0|  0|    2|           1|           1|
    |and_ln301_29_fu_13600_p2       |       and|   0|  0|    2|           1|           1|
    |and_ln301_2_fu_8108_p2         |       and|   0|  0|    2|           1|           1|
    |and_ln301_30_fu_13736_p2       |       and|   0|  0|    2|           1|           1|
    |and_ln301_31_fu_14002_p2       |       and|   0|  0|    2|           1|           1|
    |and_ln301_32_fu_14138_p2       |       and|   0|  0|    2|           1|           1|
    |and_ln301_33_fu_14404_p2       |       and|   0|  0|    2|           1|           1|
    |and_ln301_34_fu_14540_p2       |       and|   0|  0|    2|           1|           1|
    |and_ln301_35_fu_14806_p2       |       and|   0|  0|    2|           1|           1|
    |and_ln301_36_fu_14942_p2       |       and|   0|  0|    2|           1|           1|
    |and_ln301_37_fu_15074_p2       |       and|   0|  0|    2|           1|           1|
    |and_ln301_38_fu_15210_p2       |       and|   0|  0|    2|           1|           1|
    |and_ln301_39_fu_15342_p2       |       and|   0|  0|    2|           1|           1|
    |and_ln301_3_fu_8374_p2         |       and|   0|  0|    2|           1|           1|
    |and_ln301_4_fu_8510_p2         |       and|   0|  0|    2|           1|           1|
    |and_ln301_5_fu_8776_p2         |       and|   0|  0|    2|           1|           1|
    |and_ln301_6_fu_8912_p2         |       and|   0|  0|    2|           1|           1|
    |and_ln301_7_fu_9178_p2         |       and|   0|  0|    2|           1|           1|
    |and_ln301_8_fu_9314_p2         |       and|   0|  0|    2|           1|           1|
    |and_ln301_9_fu_9580_p2         |       and|   0|  0|    2|           1|           1|
    |and_ln301_fu_7706_p2           |       and|   0|  0|    2|           1|           1|
    |and_ln302_10_fu_8978_p2        |       and|   0|  0|    2|           1|           1|
    |and_ln302_11_fu_9046_p2        |       and|   0|  0|    2|           1|           1|
    |and_ln302_12_fu_9380_p2        |       and|   0|  0|    2|           1|           1|
    |and_ln302_13_fu_9448_p2        |       and|   0|  0|    2|           1|           1|
    |and_ln302_14_fu_9782_p2        |       and|   0|  0|    2|           1|           1|
    |and_ln302_15_fu_9850_p2        |       and|   0|  0|    2|           1|           1|
    |and_ln302_16_fu_10184_p2       |       and|   0|  0|    2|           1|           1|
    |and_ln302_17_fu_10252_p2       |       and|   0|  0|    2|           1|           1|
    |and_ln302_18_fu_10586_p2       |       and|   0|  0|    2|           1|           1|
    |and_ln302_19_fu_10654_p2       |       and|   0|  0|    2|           1|           1|
    |and_ln302_1_fu_7373_p2         |       and|   0|  0|    2|           1|           1|
    |and_ln302_20_fu_10988_p2       |       and|   0|  0|    2|           1|           1|
    |and_ln302_21_fu_11056_p2       |       and|   0|  0|    2|           1|           1|
    |and_ln302_22_fu_11390_p2       |       and|   0|  0|    2|           1|           1|
    |and_ln302_23_fu_11458_p2       |       and|   0|  0|    2|           1|           1|
    |and_ln302_24_fu_11792_p2       |       and|   0|  0|    2|           1|           1|
    |and_ln302_25_fu_11860_p2       |       and|   0|  0|    2|           1|           1|
    |and_ln302_26_fu_12194_p2       |       and|   0|  0|    2|           1|           1|
    |and_ln302_27_fu_12262_p2       |       and|   0|  0|    2|           1|           1|
    |and_ln302_28_fu_12596_p2       |       and|   0|  0|    2|           1|           1|
    |and_ln302_29_fu_12664_p2       |       and|   0|  0|    2|           1|           1|
    |and_ln302_2_fu_7461_p2         |       and|   0|  0|    2|           1|           1|
    |and_ln302_30_fu_12998_p2       |       and|   0|  0|    2|           1|           1|
    |and_ln302_31_fu_13066_p2       |       and|   0|  0|    2|           1|           1|
    |and_ln302_32_fu_13400_p2       |       and|   0|  0|    2|           1|           1|
    |and_ln302_33_fu_13468_p2       |       and|   0|  0|    2|           1|           1|
    |and_ln302_34_fu_13802_p2       |       and|   0|  0|    2|           1|           1|
    |and_ln302_35_fu_13870_p2       |       and|   0|  0|    2|           1|           1|
    |and_ln302_36_fu_14204_p2       |       and|   0|  0|    2|           1|           1|
    |and_ln302_37_fu_14272_p2       |       and|   0|  0|    2|           1|           1|
    |and_ln302_38_fu_14606_p2       |       and|   0|  0|    2|           1|           1|
    |and_ln302_39_fu_14674_p2       |       and|   0|  0|    2|           1|           1|
    |and_ln302_3_fu_7529_p2         |       and|   0|  0|    2|           1|           1|
    |and_ln302_4_fu_7772_p2         |       and|   0|  0|    2|           1|           1|
    |and_ln302_5_fu_7840_p2         |       and|   0|  0|    2|           1|           1|
    |and_ln302_6_fu_8174_p2         |       and|   0|  0|    2|           1|           1|
    |and_ln302_7_fu_8242_p2         |       and|   0|  0|    2|           1|           1|
    |and_ln302_8_fu_8576_p2         |       and|   0|  0|    2|           1|           1|
    |and_ln302_9_fu_8644_p2         |       and|   0|  0|    2|           1|           1|
    |and_ln302_fu_7305_p2           |       and|   0|  0|    2|           1|           1|
    |and_ln314_1_fu_17316_p2        |       and|   0|  0|    2|           1|           1|
    |and_ln314_2_fu_17362_p2        |       and|   0|  0|    2|           1|           1|
    |and_ln314_3_fu_17373_p2        |       and|   0|  0|    2|           1|           1|
    |and_ln314_4_fu_17393_p2        |       and|   0|  0|    2|           1|           1|
    |and_ln314_5_fu_17399_p2        |       and|   0|  0|    2|           1|           1|
    |and_ln314_6_fu_17416_p2        |       and|   0|  0|    2|           1|           1|
    |and_ln314_fu_17286_p2          |       and|   0|  0|    2|           1|           1|
    |and_ln324_1_fu_18476_p2        |       and|   0|  0|    2|           1|           1|
    |and_ln324_2_fu_18512_p2        |       and|   0|  0|    2|           1|           1|
    |and_ln324_3_fu_18522_p2        |       and|   0|  0|    2|           1|           1|
    |and_ln324_4_fu_18538_p2        |       and|   0|  0|    2|           1|           1|
    |and_ln324_fu_18442_p2          |       and|   0|  0|    2|           1|           1|
    |and_ln326_1_fu_18650_p2        |       and|   0|  0|    2|           1|           1|
    |and_ln326_2_fu_18712_p2        |       and|   0|  0|    2|           1|           1|
    |and_ln326_3_fu_18756_p2        |       and|   0|  0|    2|           1|           1|
    |and_ln326_4_fu_18744_p2        |       and|   0|  0|    2|           1|           1|
    |and_ln326_5_fu_18750_p2        |       and|   0|  0|    2|           1|           1|
    |and_ln326_6_fu_18771_p2        |       and|   0|  0|    2|           1|           1|
    |and_ln326_fu_18620_p2          |       and|   0|  0|    2|           1|           1|
    |and_ln331_fu_19107_p2          |       and|   0|  0|    2|           1|           1|
    |ap_condition_3254              |       and|   0|  0|    2|           1|           1|
    |ap_condition_3262              |       and|   0|  0|    2|           1|           1|
    |ap_condition_3272              |       and|   0|  0|    2|           1|           1|
    |ap_condition_3278              |       and|   0|  0|    2|           1|           1|
    |ap_condition_3288              |       and|   0|  0|    2|           1|           1|
    |ap_condition_3294              |       and|   0|  0|    2|           1|           1|
    |ap_condition_3304              |       and|   0|  0|    2|           1|           1|
    |ap_condition_3310              |       and|   0|  0|    2|           1|           1|
    |ap_condition_3320              |       and|   0|  0|    2|           1|           1|
    |ap_condition_3326              |       and|   0|  0|    2|           1|           1|
    |ap_condition_3336              |       and|   0|  0|    2|           1|           1|
    |ap_condition_3342              |       and|   0|  0|    2|           1|           1|
    |ap_condition_3352              |       and|   0|  0|    2|           1|           1|
    |ap_condition_3358              |       and|   0|  0|    2|           1|           1|
    |ap_condition_3368              |       and|   0|  0|    2|           1|           1|
    |ap_condition_3374              |       and|   0|  0|    2|           1|           1|
    |ap_condition_3384              |       and|   0|  0|    2|           1|           1|
    |ap_condition_3390              |       and|   0|  0|    2|           1|           1|
    |ap_condition_3400              |       and|   0|  0|    2|           1|           1|
    |ap_condition_3406              |       and|   0|  0|    2|           1|           1|
    |ap_condition_3416              |       and|   0|  0|    2|           1|           1|
    |ap_condition_3422              |       and|   0|  0|    2|           1|           1|
    |ap_condition_3432              |       and|   0|  0|    2|           1|           1|
    |ap_condition_3438              |       and|   0|  0|    2|           1|           1|
    |ap_condition_3448              |       and|   0|  0|    2|           1|           1|
    |ap_condition_3454              |       and|   0|  0|    2|           1|           1|
    |ap_condition_3464              |       and|   0|  0|    2|           1|           1|
    |ap_condition_3470              |       and|   0|  0|    2|           1|           1|
    |ap_condition_3480              |       and|   0|  0|    2|           1|           1|
    |ap_condition_3486              |       and|   0|  0|    2|           1|           1|
    |ap_condition_3496              |       and|   0|  0|    2|           1|           1|
    |ap_condition_3502              |       and|   0|  0|    2|           1|           1|
    |ap_condition_3512              |       and|   0|  0|    2|           1|           1|
    |ap_condition_3518              |       and|   0|  0|    2|           1|           1|
    |ap_condition_3528              |       and|   0|  0|    2|           1|           1|
    |ap_condition_3534              |       and|   0|  0|    2|           1|           1|
    |ap_condition_3544              |       and|   0|  0|    2|           1|           1|
    |ap_condition_3550              |       and|   0|  0|    2|           1|           1|
    |ap_condition_3560              |       and|   0|  0|    2|           1|           1|
    |ap_condition_3566              |       and|   0|  0|    2|           1|           1|
    |ap_predicate_pred3754_state48  |       and|   0|  0|    2|           1|           1|
    |icmp_ln153_1_fu_15814_p2       |      icmp|   0|  0|   14|           9|           1|
    |icmp_ln153_2_fu_17551_p2       |      icmp|   0|  0|   14|           9|           1|
    |icmp_ln153_fu_15692_p2         |      icmp|   0|  0|   14|           9|           1|
    |icmp_ln171_10_fu_17939_p2      |      icmp|   0|  0|   13|          10|           2|
    |icmp_ln171_11_fu_17945_p2      |      icmp|   0|  0|   13|          10|           1|
    |icmp_ln171_1_fu_16251_p2       |      icmp|   0|  0|   14|           9|           2|
    |icmp_ln171_2_fu_16265_p2       |      icmp|   0|  0|   13|          10|           2|
    |icmp_ln171_3_fu_16271_p2       |      icmp|   0|  0|   13|          10|           1|
    |icmp_ln171_4_fu_16706_p2       |      icmp|   0|  0|   12|          11|           1|
    |icmp_ln171_5_fu_16786_p2       |      icmp|   0|  0|   14|           9|           2|
    |icmp_ln171_6_fu_16800_p2       |      icmp|   0|  0|   13|          10|           2|
    |icmp_ln171_7_fu_16806_p2       |      icmp|   0|  0|   13|          10|           1|
    |icmp_ln171_8_fu_17845_p2       |      icmp|   0|  0|   12|          11|           1|
    |icmp_ln171_9_fu_17925_p2       |      icmp|   0|  0|   14|           9|           2|
    |icmp_ln171_fu_16171_p2         |      icmp|   0|  0|   12|          11|           1|
    |icmp_ln245_fu_6312_p2          |      icmp|   0|  0|   14|           6|           6|
    |icmp_ln314_1_fu_17332_p2       |      icmp|   0|  0|   10|           2|           2|
    |icmp_ln314_2_fu_17338_p2       |      icmp|   0|  0|   10|           2|           1|
    |icmp_ln314_fu_17259_p2         |      icmp|   0|  0|   14|           7|           1|
    |icmp_ln326_1_fu_18672_p2       |      icmp|   0|  0|   14|           9|           2|
    |icmp_ln326_2_fu_18686_p2       |      icmp|   0|  0|   13|          10|           2|
    |icmp_ln326_3_fu_18692_p2       |      icmp|   0|  0|   13|          10|           1|
    |icmp_ln326_fu_18592_p2         |      icmp|   0|  0|   12|          11|           1|
    |or_ln170_10_fu_17736_p2        |        or|   0|  0|    2|           1|           1|
    |or_ln170_11_fu_17778_p2        |        or|   0|  0|    2|           1|           1|
    |or_ln170_1_fu_16106_p2         |        or|   0|  0|    2|           1|           1|
    |or_ln170_2_fu_16508_p2         |        or|   0|  0|    2|           1|           1|
    |or_ln170_3_fu_16544_p2         |        or|   0|  0|    2|           1|           1|
    |or_ln170_4_fu_17760_p2         |        or|   0|  0|    2|           1|           1|
    |or_ln170_5_fu_17796_p2         |        or|   0|  0|    2|           1|           1|
    |or_ln170_6_fu_16046_p2         |        or|   0|  0|    2|           1|           1|
    |or_ln170_7_fu_16088_p2         |        or|   0|  0|    2|           1|           1|
    |or_ln170_8_fu_16484_p2         |        or|   0|  0|    2|           1|           1|
    |or_ln170_9_fu_16526_p2         |        or|   0|  0|    2|           1|           1|
    |or_ln170_fu_16070_p2           |        or|   0|  0|    2|           1|           1|
    |or_ln171_10_fu_16876_p2        |        or|   0|  0|    2|           1|           1|
    |or_ln171_11_fu_18015_p2        |        or|   0|  0|    2|           1|           1|
    |or_ln171_1_fu_16317_p2         |        or|   0|  0|    2|           1|           1|
    |or_ln171_2_fu_16359_p2         |        or|   0|  0|    2|           1|           1|
    |or_ln171_3_fu_16728_p2         |        or|   0|  0|    2|           1|           1|
    |or_ln171_4_fu_16852_p2         |        or|   0|  0|    2|           1|           1|
    |or_ln171_5_fu_16894_p2         |        or|   0|  0|    2|           1|           1|
    |or_ln171_6_fu_17867_p2         |        or|   0|  0|    2|           1|           1|
    |or_ln171_7_fu_17991_p2         |        or|   0|  0|    2|           1|           1|
    |or_ln171_8_fu_18033_p2         |        or|   0|  0|    2|           1|           1|
    |or_ln171_9_fu_16341_p2         |        or|   0|  0|    2|           1|           1|
    |or_ln171_fu_16193_p2           |        or|   0|  0|    2|           1|           1|
    |or_ln181_1_fu_15452_p2         |        or|   0|  0|    2|           1|           1|
    |or_ln181_2_fu_15544_p2         |        or|   0|  0|    2|           1|           1|
    |or_ln181_3_fu_15562_p2         |        or|   0|  0|    2|           1|           1|
    |or_ln181_fu_15434_p2           |        or|   0|  0|    2|           1|           1|
    |or_ln183_1_fu_17079_p2         |        or|   0|  0|    2|           1|           1|
    |or_ln183_2_fu_18287_p2         |        or|   0|  0|    2|           1|           1|
    |or_ln183_3_fu_18323_p2         |        or|   0|  0|    2|           1|           1|
    |or_ln183_4_fu_17011_p2         |        or|   0|  0|    2|           1|           1|
    |or_ln183_5_fu_17053_p2         |        or|   0|  0|    2|           1|           1|
    |or_ln183_6_fu_18263_p2         |        or|   0|  0|    2|           1|           1|
    |or_ln183_7_fu_18305_p2         |        or|   0|  0|    2|           1|           1|
    |or_ln183_fu_17035_p2           |        or|   0|  0|    2|           1|           1|
    |or_ln314_1_fu_17383_p2         |        or|   0|  0|    2|           1|           1|
    |or_ln314_2_fu_17429_p2         |        or|   0|  0|    2|           1|           1|
    |or_ln314_3_fu_17404_p2         |        or|   0|  0|    2|           1|           1|
    |or_ln314_fu_17280_p2           |        or|   0|  0|    2|           1|           1|
    |or_ln324_1_fu_18550_p2         |        or|   0|  0|    2|           1|           1|
    |or_ln324_2_fu_18488_p2         |        or|   0|  0|    2|           1|           1|
    |or_ln324_3_fu_18527_p2         |        or|   0|  0|    2|           1|           1|
    |or_ln324_fu_18506_p2           |        or|   0|  0|    2|           1|           1|
    |or_ln326_1_fu_18732_p2         |        or|   0|  0|    2|           1|           1|
    |or_ln326_2_fu_18783_p2         |        or|   0|  0|    2|           1|           1|
    |or_ln326_3_fu_18760_p2         |        or|   0|  0|    2|           1|           1|
    |or_ln326_fu_18614_p2           |        or|   0|  0|    2|           1|           1|
    |av_1_fu_15663_p2               |    select|   0|  0|   33|           1|          31|
    |av_3_fu_15785_p2               |    select|   0|  0|   33|           1|          31|
    |candidate_pre_3_fu_17435_p3    |    select|   0|  0|   32|           1|          32|
    |h_new_fu_18788_p3              |    select|   0|  0|   10|           1|          10|
    |half_v_6_fu_15464_p3           |    select|   0|  0|   32|           1|          31|
    |half_v_7_fu_15574_p3           |    select|   0|  0|   32|           1|          31|
    |mag_1_fu_17100_p4              |    select|   0|  0|   11|           1|           9|
    |mag_2_fu_18064_p4              |    select|   0|  0|   11|           1|           9|
    |mag_fu_16557_p4                |    select|   0|  0|   11|           1|           9|
    |nn_1_fu_18150_p2               |    select|   0|  0|   11|           1|           9|
    |r_2_fu_17085_p3                |    select|   0|  0|   10|           1|          10|
    |ref_tmp2_i1193_2_fu_16643_p2   |    select|   0|  0|   11|           1|           9|
    |ref_tmp2_i_2_fu_17186_p2       |    select|   0|  0|   11|           1|           9|
    |select_ln150_2_fu_17498_p3     |    select|   0|  0|   33|           1|          31|
    |select_ln170_2_fu_16663_p3     |    select|   0|  0|   33|           1|          31|
    |select_ln170_4_fu_17802_p3     |    select|   0|  0|   33|           1|          31|
    |select_ln170_fu_16128_p3       |    select|   0|  0|   33|           1|          31|
    |select_ln171_1_fu_16297_p3     |    select|   0|  0|    2|           1|           1|
    |select_ln171_3_fu_16812_p3     |    select|   0|  0|    2|           1|           1|
    |select_ln171_4_fu_16832_p3     |    select|   0|  0|    2|           1|           1|
    |select_ln171_6_fu_17951_p3     |    select|   0|  0|    2|           1|           1|
    |select_ln171_7_fu_17971_p3     |    select|   0|  0|    2|           1|           1|
    |select_ln171_fu_16277_p3       |    select|   0|  0|    2|           1|           1|
    |select_ln183_2_fu_18336_p3     |    select|   0|  0|   11|           1|           9|
    |select_ln183_3_fu_18344_p3     |    select|   0|  0|   10|           1|          10|
    |select_ln183_fu_17071_p3       |    select|   0|  0|   11|           1|           9|
    |select_ln300_10_fu_8722_p3     |    select|   0|  0|   33|           1|          31|
    |select_ln300_12_fu_8856_p3     |    select|   0|  0|   33|           1|          31|
    |select_ln300_14_fu_9124_p3     |    select|   0|  0|   33|           1|          31|
    |select_ln300_16_fu_9258_p3     |    select|   0|  0|   33|           1|          31|
    |select_ln300_18_fu_9526_p3     |    select|   0|  0|   33|           1|          31|
    |select_ln300_20_fu_9660_p3     |    select|   0|  0|   33|           1|          31|
    |select_ln300_22_fu_9928_p3     |    select|   0|  0|   33|           1|          31|
    |select_ln300_24_fu_10062_p3    |    select|   0|  0|   33|           1|          31|
    |select_ln300_26_fu_10330_p3    |    select|   0|  0|   33|           1|          31|
    |select_ln300_28_fu_10464_p3    |    select|   0|  0|   33|           1|          31|
    |select_ln300_2_fu_7918_p3      |    select|   0|  0|   33|           1|          31|
    |select_ln300_30_fu_10732_p3    |    select|   0|  0|   33|           1|          31|
    |select_ln300_32_fu_10866_p3    |    select|   0|  0|   33|           1|          31|
    |select_ln300_34_fu_11134_p3    |    select|   0|  0|   33|           1|          31|
    |select_ln300_36_fu_11268_p3    |    select|   0|  0|   33|           1|          31|
    |select_ln300_38_fu_11536_p3    |    select|   0|  0|   33|           1|          31|
    |select_ln300_40_fu_11670_p3    |    select|   0|  0|   33|           1|          31|
    |select_ln300_42_fu_11938_p3    |    select|   0|  0|   33|           1|          31|
    |select_ln300_44_fu_12072_p3    |    select|   0|  0|   33|           1|          31|
    |select_ln300_46_fu_12340_p3    |    select|   0|  0|   33|           1|          31|
    |select_ln300_48_fu_12474_p3    |    select|   0|  0|   33|           1|          31|
    |select_ln300_4_fu_8052_p3      |    select|   0|  0|   33|           1|          31|
    |select_ln300_50_fu_12742_p3    |    select|   0|  0|   33|           1|          31|
    |select_ln300_52_fu_12876_p3    |    select|   0|  0|   33|           1|          31|
    |select_ln300_54_fu_13144_p3    |    select|   0|  0|   33|           1|          31|
    |select_ln300_56_fu_13278_p3    |    select|   0|  0|   33|           1|          31|
    |select_ln300_58_fu_13546_p3    |    select|   0|  0|   33|           1|          31|
    |select_ln300_60_fu_13680_p3    |    select|   0|  0|   33|           1|          31|
    |select_ln300_62_fu_13948_p3    |    select|   0|  0|   33|           1|          31|
    |select_ln300_64_fu_14082_p3    |    select|   0|  0|   33|           1|          31|
    |select_ln300_66_fu_14350_p3    |    select|   0|  0|   33|           1|          31|
    |select_ln300_68_fu_14484_p3    |    select|   0|  0|   33|           1|          31|
    |select_ln300_6_fu_8320_p3      |    select|   0|  0|   33|           1|          31|
    |select_ln300_70_fu_14752_p3    |    select|   0|  0|   33|           1|          31|
    |select_ln300_72_fu_14886_p3    |    select|   0|  0|   33|           1|          31|
    |select_ln300_74_fu_15020_p3    |    select|   0|  0|   33|           1|          31|
    |select_ln300_76_fu_15154_p3    |    select|   0|  0|   33|           1|          31|
    |select_ln300_78_fu_15288_p3    |    select|   0|  0|   33|           1|          31|
    |select_ln300_8_fu_8454_p3      |    select|   0|  0|   33|           1|          31|
    |select_ln300_fu_7646_p3        |    select|   0|  0|   33|           1|          31|
    |select_ln301_10_fu_8788_p3     |    select|   0|  0|   33|           1|          31|
    |select_ln301_12_fu_8924_p3     |    select|   0|  0|   33|           1|          31|
    |select_ln301_14_fu_9190_p3     |    select|   0|  0|   33|           1|          31|
    |select_ln301_16_fu_9326_p3     |    select|   0|  0|   33|           1|          31|
    |select_ln301_18_fu_9592_p3     |    select|   0|  0|   33|           1|          31|
    |select_ln301_20_fu_9728_p3     |    select|   0|  0|   33|           1|          31|
    |select_ln301_22_fu_9994_p3     |    select|   0|  0|   33|           1|          31|
    |select_ln301_24_fu_10130_p3    |    select|   0|  0|   33|           1|          31|
    |select_ln301_26_fu_10396_p3    |    select|   0|  0|   33|           1|          31|
    |select_ln301_28_fu_10532_p3    |    select|   0|  0|   33|           1|          31|
    |select_ln301_2_fu_7984_p3      |    select|   0|  0|   33|           1|          31|
    |select_ln301_30_fu_10798_p3    |    select|   0|  0|   33|           1|          31|
    |select_ln301_32_fu_10934_p3    |    select|   0|  0|   33|           1|          31|
    |select_ln301_34_fu_11200_p3    |    select|   0|  0|   33|           1|          31|
    |select_ln301_36_fu_11336_p3    |    select|   0|  0|   33|           1|          31|
    |select_ln301_38_fu_11602_p3    |    select|   0|  0|   33|           1|          31|
    |select_ln301_40_fu_11738_p3    |    select|   0|  0|   33|           1|          31|
    |select_ln301_42_fu_12004_p3    |    select|   0|  0|   33|           1|          31|
    |select_ln301_44_fu_12140_p3    |    select|   0|  0|   33|           1|          31|
    |select_ln301_46_fu_12406_p3    |    select|   0|  0|   33|           1|          31|
    |select_ln301_48_fu_12542_p3    |    select|   0|  0|   33|           1|          31|
    |select_ln301_4_fu_8120_p3      |    select|   0|  0|   33|           1|          31|
    |select_ln301_50_fu_12808_p3    |    select|   0|  0|   33|           1|          31|
    |select_ln301_52_fu_12944_p3    |    select|   0|  0|   33|           1|          31|
    |select_ln301_54_fu_13210_p3    |    select|   0|  0|   33|           1|          31|
    |select_ln301_56_fu_13346_p3    |    select|   0|  0|   33|           1|          31|
    |select_ln301_58_fu_13612_p3    |    select|   0|  0|   33|           1|          31|
    |select_ln301_60_fu_13748_p3    |    select|   0|  0|   33|           1|          31|
    |select_ln301_62_fu_14014_p3    |    select|   0|  0|   33|           1|          31|
    |select_ln301_64_fu_14150_p3    |    select|   0|  0|   33|           1|          31|
    |select_ln301_66_fu_14416_p3    |    select|   0|  0|   33|           1|          31|
    |select_ln301_68_fu_14552_p3    |    select|   0|  0|   33|           1|          31|
    |select_ln301_6_fu_8386_p3      |    select|   0|  0|   33|           1|          31|
    |select_ln301_70_fu_14818_p3    |    select|   0|  0|   33|           1|          31|
    |select_ln301_72_fu_14954_p3    |    select|   0|  0|   33|           1|          31|
    |select_ln301_74_fu_15086_p3    |    select|   0|  0|   33|           1|          31|
    |select_ln301_76_fu_15222_p3    |    select|   0|  0|   33|           1|          31|
    |select_ln301_78_fu_15354_p3    |    select|   0|  0|   33|           1|          31|
    |select_ln301_8_fu_8522_p3      |    select|   0|  0|   33|           1|          31|
    |select_ln301_fu_7718_p3        |    select|   0|  0|   33|           1|          31|
    |select_ln302_10_fu_7852_p3     |    select|   0|  0|   33|           1|          31|
    |select_ln302_12_fu_8186_p3     |    select|   0|  0|   33|           1|          31|
    |select_ln302_14_fu_8254_p3     |    select|   0|  0|   33|           1|          31|
    |select_ln302_16_fu_8588_p3     |    select|   0|  0|   33|           1|          31|
    |select_ln302_18_fu_8656_p3     |    select|   0|  0|   33|           1|          31|
    |select_ln302_20_fu_8990_p3     |    select|   0|  0|   33|           1|          31|
    |select_ln302_22_fu_9058_p3     |    select|   0|  0|   33|           1|          31|
    |select_ln302_24_fu_9392_p3     |    select|   0|  0|   33|           1|          31|
    |select_ln302_26_fu_9460_p3     |    select|   0|  0|   33|           1|          31|
    |select_ln302_28_fu_9794_p3     |    select|   0|  0|   33|           1|          31|
    |select_ln302_2_fu_7385_p3      |    select|   0|  0|   33|           1|          31|
    |select_ln302_30_fu_9862_p3     |    select|   0|  0|   33|           1|          31|
    |select_ln302_32_fu_10196_p3    |    select|   0|  0|   33|           1|          31|
    |select_ln302_34_fu_10264_p3    |    select|   0|  0|   33|           1|          31|
    |select_ln302_36_fu_10598_p3    |    select|   0|  0|   33|           1|          31|
    |select_ln302_38_fu_10666_p3    |    select|   0|  0|   33|           1|          31|
    |select_ln302_40_fu_11000_p3    |    select|   0|  0|   33|           1|          31|
    |select_ln302_42_fu_11068_p3    |    select|   0|  0|   33|           1|          31|
    |select_ln302_44_fu_11402_p3    |    select|   0|  0|   33|           1|          31|
    |select_ln302_46_fu_11470_p3    |    select|   0|  0|   33|           1|          31|
    |select_ln302_48_fu_11804_p3    |    select|   0|  0|   33|           1|          31|
    |select_ln302_4_fu_7473_p3      |    select|   0|  0|   33|           1|          31|
    |select_ln302_50_fu_11872_p3    |    select|   0|  0|   33|           1|          31|
    |select_ln302_52_fu_12206_p3    |    select|   0|  0|   33|           1|          31|
    |select_ln302_54_fu_12274_p3    |    select|   0|  0|   33|           1|          31|
    |select_ln302_56_fu_12608_p3    |    select|   0|  0|   33|           1|          31|
    |select_ln302_58_fu_12676_p3    |    select|   0|  0|   33|           1|          31|
    |select_ln302_60_fu_13010_p3    |    select|   0|  0|   33|           1|          31|
    |select_ln302_62_fu_13078_p3    |    select|   0|  0|   33|           1|          31|
    |select_ln302_64_fu_13412_p3    |    select|   0|  0|   33|           1|          31|
    |select_ln302_66_fu_13480_p3    |    select|   0|  0|   33|           1|          31|
    |select_ln302_68_fu_13814_p3    |    select|   0|  0|   33|           1|          31|
    |select_ln302_6_fu_7541_p3      |    select|   0|  0|   33|           1|          31|
    |select_ln302_70_fu_13882_p3    |    select|   0|  0|   33|           1|          31|
    |select_ln302_72_fu_14216_p3    |    select|   0|  0|   33|           1|          31|
    |select_ln302_74_fu_14284_p3    |    select|   0|  0|   33|           1|          31|
    |select_ln302_76_fu_14618_p3    |    select|   0|  0|   33|           1|          31|
    |select_ln302_78_fu_14686_p3    |    select|   0|  0|   33|           1|          31|
    |select_ln302_8_fu_7784_p3      |    select|   0|  0|   33|           1|          31|
    |select_ln302_fu_7317_p3        |    select|   0|  0|   33|           1|          31|
    |select_ln314_1_fu_17367_p3     |    select|   0|  0|    2|           1|           1|
    |select_ln314_2_fu_17421_p3     |    select|   0|  0|   33|           1|          31|
    |select_ln314_fu_17351_p3       |    select|   0|  0|    2|           1|           1|
    |select_ln324_fu_18543_p3       |    select|   0|  0|   33|           1|          31|
    |select_ln326_1_fu_18718_p3     |    select|   0|  0|    2|           1|           1|
    |select_ln326_2_fu_18776_p3     |    select|   0|  0|   11|           1|           9|
    |select_ln326_fu_18698_p3       |    select|   0|  0|    2|           1|           1|
    |select_ln331_fu_19119_p3       |    select|   0|  0|   33|           1|          31|
    |state_update_2_fu_18555_p3     |    select|   0|  0|   32|           1|          32|
    |val_n_rec_10_fu_7792_p3        |    select|   0|  0|   32|           1|          32|
    |val_n_rec_12_fu_7860_p3        |    select|   0|  0|   32|           1|          32|
    |val_n_rec_14_fu_8194_p3        |    select|   0|  0|   32|           1|          32|
    |val_n_rec_16_fu_8262_p3        |    select|   0|  0|   32|           1|          32|
    |val_n_rec_18_fu_8596_p3        |    select|   0|  0|   32|           1|          32|
    |val_n_rec_20_fu_8664_p3        |    select|   0|  0|   32|           1|          32|
    |val_n_rec_22_fu_8998_p3        |    select|   0|  0|   32|           1|          32|
    |val_n_rec_24_fu_9066_p3        |    select|   0|  0|   32|           1|          32|
    |val_n_rec_26_fu_9400_p3        |    select|   0|  0|   32|           1|          32|
    |val_n_rec_28_fu_9468_p3        |    select|   0|  0|   32|           1|          32|
    |val_n_rec_2_fu_7325_p3         |    select|   0|  0|   32|           1|          32|
    |val_n_rec_30_fu_9802_p3        |    select|   0|  0|   32|           1|          32|
    |val_n_rec_32_fu_9870_p3        |    select|   0|  0|   32|           1|          32|
    |val_n_rec_34_fu_10204_p3       |    select|   0|  0|   32|           1|          32|
    |val_n_rec_36_fu_10272_p3       |    select|   0|  0|   32|           1|          32|
    |val_n_rec_38_fu_10606_p3       |    select|   0|  0|   32|           1|          32|
    |val_n_rec_40_fu_10674_p3       |    select|   0|  0|   32|           1|          32|
    |val_n_rec_42_fu_11008_p3       |    select|   0|  0|   32|           1|          32|
    |val_n_rec_44_fu_11076_p3       |    select|   0|  0|   32|           1|          32|
    |val_n_rec_46_fu_11410_p3       |    select|   0|  0|   32|           1|          32|
    |val_n_rec_48_fu_11478_p3       |    select|   0|  0|   32|           1|          32|
    |val_n_rec_4_fu_7393_p3         |    select|   0|  0|   32|           1|          32|
    |val_n_rec_50_fu_11812_p3       |    select|   0|  0|   32|           1|          32|
    |val_n_rec_52_fu_11880_p3       |    select|   0|  0|   32|           1|          32|
    |val_n_rec_54_fu_12214_p3       |    select|   0|  0|   32|           1|          32|
    |val_n_rec_56_fu_12282_p3       |    select|   0|  0|   32|           1|          32|
    |val_n_rec_58_fu_12616_p3       |    select|   0|  0|   32|           1|          32|
    |val_n_rec_60_fu_12684_p3       |    select|   0|  0|   32|           1|          32|
    |val_n_rec_62_fu_13018_p3       |    select|   0|  0|   32|           1|          32|
    |val_n_rec_64_fu_13086_p3       |    select|   0|  0|   32|           1|          32|
    |val_n_rec_66_fu_13420_p3       |    select|   0|  0|   32|           1|          32|
    |val_n_rec_68_fu_13488_p3       |    select|   0|  0|   32|           1|          32|
    |val_n_rec_6_fu_7481_p3         |    select|   0|  0|   32|           1|          32|
    |val_n_rec_70_fu_13822_p3       |    select|   0|  0|   32|           1|          32|
    |val_n_rec_72_fu_13890_p3       |    select|   0|  0|   32|           1|          32|
    |val_n_rec_74_fu_14224_p3       |    select|   0|  0|   32|           1|          32|
    |val_n_rec_76_fu_14292_p3       |    select|   0|  0|   32|           1|          32|
    |val_n_rec_78_fu_14626_p3       |    select|   0|  0|   32|           1|          32|
    |val_n_rec_80_fu_14694_p3       |    select|   0|  0|   32|           1|          32|
    |val_n_rec_8_fu_7549_p3         |    select|   0|  0|   32|           1|          32|
    |val_r_10_fu_8462_p3            |    select|   0|  0|   32|           1|          32|
    |val_r_12_fu_8730_p3            |    select|   0|  0|   32|           1|          32|
    |val_r_14_fu_8864_p3            |    select|   0|  0|   32|           1|          32|
    |val_r_16_fu_9132_p3            |    select|   0|  0|   32|           1|          32|
    |val_r_18_fu_9266_p3            |    select|   0|  0|   32|           1|          32|
    |val_r_20_fu_9534_p3            |    select|   0|  0|   32|           1|          32|
    |val_r_22_fu_9668_p3            |    select|   0|  0|   32|           1|          32|
    |val_r_24_fu_9936_p3            |    select|   0|  0|   32|           1|          32|
    |val_r_26_fu_10070_p3           |    select|   0|  0|   32|           1|          32|
    |val_r_28_fu_10338_p3           |    select|   0|  0|   32|           1|          32|
    |val_r_2_fu_7654_p3             |    select|   0|  0|   32|           1|          32|
    |val_r_30_fu_10472_p3           |    select|   0|  0|   32|           1|          32|
    |val_r_32_fu_10740_p3           |    select|   0|  0|   32|           1|          32|
    |val_r_34_fu_10874_p3           |    select|   0|  0|   32|           1|          32|
    |val_r_36_fu_11142_p3           |    select|   0|  0|   32|           1|          32|
    |val_r_38_fu_11276_p3           |    select|   0|  0|   32|           1|          32|
    |val_r_40_fu_11544_p3           |    select|   0|  0|   32|           1|          32|
    |val_r_42_fu_11678_p3           |    select|   0|  0|   32|           1|          32|
    |val_r_44_fu_11946_p3           |    select|   0|  0|   32|           1|          32|
    |val_r_46_fu_12080_p3           |    select|   0|  0|   32|           1|          32|
    |val_r_48_fu_12348_p3           |    select|   0|  0|   32|           1|          32|
    |val_r_4_fu_7926_p3             |    select|   0|  0|   32|           1|          32|
    |val_r_50_fu_12482_p3           |    select|   0|  0|   32|           1|          32|
    |val_r_52_fu_12750_p3           |    select|   0|  0|   32|           1|          32|
    |val_r_54_fu_12884_p3           |    select|   0|  0|   32|           1|          32|
    |val_r_56_fu_13152_p3           |    select|   0|  0|   32|           1|          32|
    |val_r_58_fu_13286_p3           |    select|   0|  0|   32|           1|          32|
    |val_r_60_fu_13554_p3           |    select|   0|  0|   32|           1|          32|
    |val_r_62_fu_13688_p3           |    select|   0|  0|   32|           1|          32|
    |val_r_64_fu_13956_p3           |    select|   0|  0|   32|           1|          32|
    |val_r_66_fu_14090_p3           |    select|   0|  0|   32|           1|          32|
    |val_r_68_fu_14358_p3           |    select|   0|  0|   32|           1|          32|
    |val_r_6_fu_8060_p3             |    select|   0|  0|   32|           1|          32|
    |val_r_70_fu_14492_p3           |    select|   0|  0|   32|           1|          32|
    |val_r_72_fu_14760_p3           |    select|   0|  0|   32|           1|          32|
    |val_r_74_fu_14894_p3           |    select|   0|  0|   32|           1|          32|
    |val_r_76_fu_15028_p3           |    select|   0|  0|   32|           1|          32|
    |val_r_78_fu_15162_p3           |    select|   0|  0|   32|           1|          32|
    |val_r_80_fu_15296_p3           |    select|   0|  0|   32|           1|          32|
    |val_r_8_fu_8328_p3             |    select|   0|  0|   32|           1|          32|
    |val_z_10_fu_8530_p3            |    select|   0|  0|   32|           1|          32|
    |val_z_12_fu_8796_p3            |    select|   0|  0|   32|           1|          32|
    |val_z_14_fu_8932_p3            |    select|   0|  0|   32|           1|          32|
    |val_z_16_fu_9198_p3            |    select|   0|  0|   32|           1|          32|
    |val_z_18_fu_9334_p3            |    select|   0|  0|   32|           1|          32|
    |val_z_20_fu_9600_p3            |    select|   0|  0|   32|           1|          32|
    |val_z_22_fu_9736_p3            |    select|   0|  0|   32|           1|          32|
    |val_z_24_fu_10002_p3           |    select|   0|  0|   32|           1|          32|
    |val_z_26_fu_10138_p3           |    select|   0|  0|   32|           1|          32|
    |val_z_28_fu_10404_p3           |    select|   0|  0|   32|           1|          32|
    |val_z_2_fu_7726_p3             |    select|   0|  0|   32|           1|          32|
    |val_z_30_fu_10540_p3           |    select|   0|  0|   32|           1|          32|
    |val_z_32_fu_10806_p3           |    select|   0|  0|   32|           1|          32|
    |val_z_34_fu_10942_p3           |    select|   0|  0|   32|           1|          32|
    |val_z_36_fu_11208_p3           |    select|   0|  0|   32|           1|          32|
    |val_z_38_fu_11344_p3           |    select|   0|  0|   32|           1|          32|
    |val_z_40_fu_11610_p3           |    select|   0|  0|   32|           1|          32|
    |val_z_42_fu_11746_p3           |    select|   0|  0|   32|           1|          32|
    |val_z_44_fu_12012_p3           |    select|   0|  0|   32|           1|          32|
    |val_z_46_fu_12148_p3           |    select|   0|  0|   32|           1|          32|
    |val_z_48_fu_12414_p3           |    select|   0|  0|   32|           1|          32|
    |val_z_4_fu_7992_p3             |    select|   0|  0|   32|           1|          32|
    |val_z_50_fu_12550_p3           |    select|   0|  0|   32|           1|          32|
    |val_z_52_fu_12816_p3           |    select|   0|  0|   32|           1|          32|
    |val_z_54_fu_12952_p3           |    select|   0|  0|   32|           1|          32|
    |val_z_56_fu_13218_p3           |    select|   0|  0|   32|           1|          32|
    |val_z_58_fu_13354_p3           |    select|   0|  0|   32|           1|          32|
    |val_z_60_fu_13620_p3           |    select|   0|  0|   32|           1|          32|
    |val_z_62_fu_13756_p3           |    select|   0|  0|   32|           1|          32|
    |val_z_64_fu_14022_p3           |    select|   0|  0|   32|           1|          32|
    |val_z_66_fu_14158_p3           |    select|   0|  0|   32|           1|          32|
    |val_z_68_fu_14424_p3           |    select|   0|  0|   32|           1|          32|
    |val_z_6_fu_8128_p3             |    select|   0|  0|   32|           1|          32|
    |val_z_70_fu_14560_p3           |    select|   0|  0|   32|           1|          32|
    |val_z_72_fu_14826_p3           |    select|   0|  0|   32|           1|          32|
    |val_z_74_fu_14962_p3           |    select|   0|  0|   32|           1|          32|
    |val_z_76_fu_15094_p3           |    select|   0|  0|   32|           1|          32|
    |val_z_78_fu_15230_p3           |    select|   0|  0|   32|           1|          32|
    |val_z_80_fu_15362_p3           |    select|   0|  0|   32|           1|          32|
    |val_z_8_fu_8394_p3             |    select|   0|  0|   32|           1|          32|
    |y_2_fu_16135_p3                |    select|   0|  0|   32|           1|          32|
    |y_5_fu_16670_p3                |    select|   0|  0|   32|           1|          32|
    |y_8_fu_17809_p3                |    select|   0|  0|   32|           1|          32|
    |y_acc_2_fu_19127_p3            |    select|   0|  0|   32|           1|          32|
    |ap_enable_pp0                  |       xor|   0|  0|    2|           1|           2|
    |xor_ln149_1_fu_15772_p2        |       xor|   0|  0|    2|           1|           2|
    |xor_ln149_2_fu_17512_p2        |       xor|   0|  0|    2|           1|           2|
    |xor_ln149_fu_15650_p2          |       xor|   0|  0|    2|           1|           2|
    |xor_ln150_1_fu_15631_p2        |       xor|   0|  0|    2|           1|           1|
    |xor_ln150_2_fu_15741_p2        |       xor|   0|  0|    2|           1|           2|
    |xor_ln150_3_fu_15753_p2        |       xor|   0|  0|    2|           1|           1|
    |xor_ln150_4_fu_17480_p2        |       xor|   0|  0|    2|           1|           2|
    |xor_ln150_5_fu_17492_p2        |       xor|   0|  0|    2|           1|           1|
    |xor_ln150_fu_15619_p2          |       xor|   0|  0|    2|           1|           2|
    |xor_ln153_1_fu_16900_p2        |       xor|   0|  0|    2|           1|           2|
    |xor_ln153_2_fu_18039_p2        |       xor|   0|  0|    2|           1|           2|
    |xor_ln153_fu_16365_p2          |       xor|   0|  0|    2|           1|           2|
    |xor_ln170_10_fu_16496_p2       |       xor|   0|  0|    2|           1|           1|
    |xor_ln170_11_fu_16532_p2       |       xor|   0|  0|    2|           1|           2|
    |xor_ln170_12_fu_17718_p2       |       xor|   0|  0|    2|           1|           2|
    |xor_ln170_13_fu_17730_p2       |       xor|   0|  0|    2|           1|           2|
    |xor_ln170_14_fu_17742_p2       |       xor|   0|  0|    2|           1|           1|
    |xor_ln170_15_fu_17754_p2       |       xor|   0|  0|    2|           1|           2|
    |xor_ln170_16_fu_17748_p2       |       xor|   0|  0|    2|           1|           1|
    |xor_ln170_17_fu_17784_p2       |       xor|   0|  0|    2|           1|           2|
    |xor_ln170_1_fu_16040_p2        |       xor|   0|  0|    2|           1|           2|
    |xor_ln170_2_fu_16052_p2        |       xor|   0|  0|    2|           1|           1|
    |xor_ln170_3_fu_16064_p2        |       xor|   0|  0|    2|           1|           2|
    |xor_ln170_4_fu_16058_p2        |       xor|   0|  0|    2|           1|           1|
    |xor_ln170_5_fu_16094_p2        |       xor|   0|  0|    2|           1|           2|
    |xor_ln170_6_fu_16466_p2        |       xor|   0|  0|    2|           1|           2|
    |xor_ln170_7_fu_16478_p2        |       xor|   0|  0|    2|           1|           2|
    |xor_ln170_8_fu_16490_p2        |       xor|   0|  0|    2|           1|           1|
    |xor_ln170_9_fu_16502_p2        |       xor|   0|  0|    2|           1|           2|
    |xor_ln170_fu_16028_p2          |       xor|   0|  0|    2|           1|           2|
    |xor_ln171_10_fu_17897_p2       |       xor|   0|  0|    2|           1|           2|
    |xor_ln171_11_fu_17959_p2       |       xor|   0|  0|    2|           1|           2|
    |xor_ln171_12_fu_17985_p2       |       xor|   0|  0|    2|           1|           2|
    |xor_ln171_13_fu_17997_p2       |       xor|   0|  0|    2|           1|           2|
    |xor_ln171_14_fu_18021_p2       |       xor|   0|  0|    2|           1|           2|
    |xor_ln171_1_fu_16285_p2        |       xor|   0|  0|    2|           1|           2|
    |xor_ln171_2_fu_16311_p2        |       xor|   0|  0|    2|           1|           2|
    |xor_ln171_3_fu_16323_p2        |       xor|   0|  0|    2|           1|           2|
    |xor_ln171_4_fu_16347_p2        |       xor|   0|  0|    2|           1|           2|
    |xor_ln171_5_fu_16758_p2        |       xor|   0|  0|    2|           1|           2|
    |xor_ln171_6_fu_16820_p2        |       xor|   0|  0|    2|           1|           2|
    |xor_ln171_7_fu_16846_p2        |       xor|   0|  0|    2|           1|           2|
    |xor_ln171_8_fu_16858_p2        |       xor|   0|  0|    2|           1|           2|
    |xor_ln171_9_fu_16882_p2        |       xor|   0|  0|    2|           1|           2|
    |xor_ln171_fu_16223_p2          |       xor|   0|  0|    2|           1|           2|
    |xor_ln173_1_fu_16617_p2        |       xor|   0|  0|    2|           1|           1|
    |xor_ln173_2_fu_17148_p2        |       xor|   0|  0|    2|           1|           2|
    |xor_ln173_3_fu_17160_p2        |       xor|   0|  0|    2|           1|           1|
    |xor_ln173_4_fu_18112_p2        |       xor|   0|  0|    2|           1|           2|
    |xor_ln173_5_fu_18124_p2        |       xor|   0|  0|    2|           1|           1|
    |xor_ln173_fu_16605_p2          |       xor|   0|  0|    2|           1|           2|
    |xor_ln181_1_fu_15440_p2        |       xor|   0|  0|    2|           1|           1|
    |xor_ln181_2_fu_15446_p2        |       xor|   0|  0|    2|           1|           2|
    |xor_ln181_3_fu_15538_p2        |       xor|   0|  0|    2|           1|           2|
    |xor_ln181_4_fu_15550_p2        |       xor|   0|  0|    2|           1|           1|
    |xor_ln181_5_fu_15556_p2        |       xor|   0|  0|    2|           1|           2|
    |xor_ln181_fu_15428_p2          |       xor|   0|  0|    2|           1|           2|
    |xor_ln183_10_fu_18275_p2       |       xor|   0|  0|    2|           1|           1|
    |xor_ln183_11_fu_18311_p2       |       xor|   0|  0|    2|           1|           2|
    |xor_ln183_1_fu_17005_p2        |       xor|   0|  0|    2|           1|           2|
    |xor_ln183_2_fu_17017_p2        |       xor|   0|  0|    2|           1|           1|
    |xor_ln183_3_fu_17029_p2        |       xor|   0|  0|    2|           1|           2|
    |xor_ln183_4_fu_17023_p2        |       xor|   0|  0|    2|           1|           1|
    |xor_ln183_5_fu_17059_p2        |       xor|   0|  0|    2|           1|           2|
    |xor_ln183_6_fu_18245_p2        |       xor|   0|  0|    2|           1|           2|
    |xor_ln183_7_fu_18257_p2        |       xor|   0|  0|    2|           1|           2|
    |xor_ln183_8_fu_18269_p2        |       xor|   0|  0|    2|           1|           1|
    |xor_ln183_9_fu_18281_p2        |       xor|   0|  0|    2|           1|           2|
    |xor_ln183_fu_16993_p2          |       xor|   0|  0|    2|           1|           2|
    |xor_ln300_10_fu_8704_p2        |       xor|   0|  0|    2|           1|           2|
    |xor_ln300_11_fu_8716_p2        |       xor|   0|  0|    2|           1|           1|
    |xor_ln300_12_fu_8838_p2        |       xor|   0|  0|    2|           1|           2|
    |xor_ln300_13_fu_8850_p2        |       xor|   0|  0|    2|           1|           1|
    |xor_ln300_14_fu_9106_p2        |       xor|   0|  0|    2|           1|           2|
    |xor_ln300_15_fu_9118_p2        |       xor|   0|  0|    2|           1|           1|
    |xor_ln300_16_fu_9240_p2        |       xor|   0|  0|    2|           1|           2|
    |xor_ln300_17_fu_9252_p2        |       xor|   0|  0|    2|           1|           1|
    |xor_ln300_18_fu_9508_p2        |       xor|   0|  0|    2|           1|           2|
    |xor_ln300_19_fu_9520_p2        |       xor|   0|  0|    2|           1|           1|
    |xor_ln300_1_fu_7640_p2         |       xor|   0|  0|    2|           1|           1|
    |xor_ln300_20_fu_9642_p2        |       xor|   0|  0|    2|           1|           2|
    |xor_ln300_21_fu_9654_p2        |       xor|   0|  0|    2|           1|           1|
    |xor_ln300_22_fu_9910_p2        |       xor|   0|  0|    2|           1|           2|
    |xor_ln300_23_fu_9922_p2        |       xor|   0|  0|    2|           1|           1|
    |xor_ln300_24_fu_10044_p2       |       xor|   0|  0|    2|           1|           2|
    |xor_ln300_25_fu_10056_p2       |       xor|   0|  0|    2|           1|           1|
    |xor_ln300_26_fu_10312_p2       |       xor|   0|  0|    2|           1|           2|
    |xor_ln300_27_fu_10324_p2       |       xor|   0|  0|    2|           1|           1|
    |xor_ln300_28_fu_10446_p2       |       xor|   0|  0|    2|           1|           2|
    |xor_ln300_29_fu_10458_p2       |       xor|   0|  0|    2|           1|           1|
    |xor_ln300_2_fu_7900_p2         |       xor|   0|  0|    2|           1|           2|
    |xor_ln300_30_fu_10714_p2       |       xor|   0|  0|    2|           1|           2|
    |xor_ln300_31_fu_10726_p2       |       xor|   0|  0|    2|           1|           1|
    |xor_ln300_32_fu_10848_p2       |       xor|   0|  0|    2|           1|           2|
    |xor_ln300_33_fu_10860_p2       |       xor|   0|  0|    2|           1|           1|
    |xor_ln300_34_fu_11116_p2       |       xor|   0|  0|    2|           1|           2|
    |xor_ln300_35_fu_11128_p2       |       xor|   0|  0|    2|           1|           1|
    |xor_ln300_36_fu_11250_p2       |       xor|   0|  0|    2|           1|           2|
    |xor_ln300_37_fu_11262_p2       |       xor|   0|  0|    2|           1|           1|
    |xor_ln300_38_fu_11518_p2       |       xor|   0|  0|    2|           1|           2|
    |xor_ln300_39_fu_11530_p2       |       xor|   0|  0|    2|           1|           1|
    |xor_ln300_3_fu_7912_p2         |       xor|   0|  0|    2|           1|           1|
    |xor_ln300_40_fu_11652_p2       |       xor|   0|  0|    2|           1|           2|
    |xor_ln300_41_fu_11664_p2       |       xor|   0|  0|    2|           1|           1|
    |xor_ln300_42_fu_11920_p2       |       xor|   0|  0|    2|           1|           2|
    |xor_ln300_43_fu_11932_p2       |       xor|   0|  0|    2|           1|           1|
    |xor_ln300_44_fu_12054_p2       |       xor|   0|  0|    2|           1|           2|
    |xor_ln300_45_fu_12066_p2       |       xor|   0|  0|    2|           1|           1|
    |xor_ln300_46_fu_12322_p2       |       xor|   0|  0|    2|           1|           2|
    |xor_ln300_47_fu_12334_p2       |       xor|   0|  0|    2|           1|           1|
    |xor_ln300_48_fu_12456_p2       |       xor|   0|  0|    2|           1|           2|
    |xor_ln300_49_fu_12468_p2       |       xor|   0|  0|    2|           1|           1|
    |xor_ln300_4_fu_8034_p2         |       xor|   0|  0|    2|           1|           2|
    |xor_ln300_50_fu_12724_p2       |       xor|   0|  0|    2|           1|           2|
    |xor_ln300_51_fu_12736_p2       |       xor|   0|  0|    2|           1|           1|
    |xor_ln300_52_fu_12858_p2       |       xor|   0|  0|    2|           1|           2|
    |xor_ln300_53_fu_12870_p2       |       xor|   0|  0|    2|           1|           1|
    |xor_ln300_54_fu_13126_p2       |       xor|   0|  0|    2|           1|           2|
    |xor_ln300_55_fu_13138_p2       |       xor|   0|  0|    2|           1|           1|
    |xor_ln300_56_fu_13260_p2       |       xor|   0|  0|    2|           1|           2|
    |xor_ln300_57_fu_13272_p2       |       xor|   0|  0|    2|           1|           1|
    |xor_ln300_58_fu_13528_p2       |       xor|   0|  0|    2|           1|           2|
    |xor_ln300_59_fu_13540_p2       |       xor|   0|  0|    2|           1|           1|
    |xor_ln300_5_fu_8046_p2         |       xor|   0|  0|    2|           1|           1|
    |xor_ln300_60_fu_13662_p2       |       xor|   0|  0|    2|           1|           2|
    |xor_ln300_61_fu_13674_p2       |       xor|   0|  0|    2|           1|           1|
    |xor_ln300_62_fu_13930_p2       |       xor|   0|  0|    2|           1|           2|
    |xor_ln300_63_fu_13942_p2       |       xor|   0|  0|    2|           1|           1|
    |xor_ln300_64_fu_14064_p2       |       xor|   0|  0|    2|           1|           2|
    |xor_ln300_65_fu_14076_p2       |       xor|   0|  0|    2|           1|           1|
    |xor_ln300_66_fu_14332_p2       |       xor|   0|  0|    2|           1|           2|
    |xor_ln300_67_fu_14344_p2       |       xor|   0|  0|    2|           1|           1|
    |xor_ln300_68_fu_14466_p2       |       xor|   0|  0|    2|           1|           2|
    |xor_ln300_69_fu_14478_p2       |       xor|   0|  0|    2|           1|           1|
    |xor_ln300_6_fu_8302_p2         |       xor|   0|  0|    2|           1|           2|
    |xor_ln300_70_fu_14734_p2       |       xor|   0|  0|    2|           1|           2|
    |xor_ln300_71_fu_14746_p2       |       xor|   0|  0|    2|           1|           1|
    |xor_ln300_72_fu_14868_p2       |       xor|   0|  0|    2|           1|           2|
    |xor_ln300_73_fu_14880_p2       |       xor|   0|  0|    2|           1|           1|
    |xor_ln300_74_fu_15002_p2       |       xor|   0|  0|    2|           1|           2|
    |xor_ln300_75_fu_15014_p2       |       xor|   0|  0|    2|           1|           1|
    |xor_ln300_76_fu_15136_p2       |       xor|   0|  0|    2|           1|           2|
    |xor_ln300_77_fu_15148_p2       |       xor|   0|  0|    2|           1|           1|
    |xor_ln300_78_fu_15270_p2       |       xor|   0|  0|    2|           1|           2|
    |xor_ln300_79_fu_15282_p2       |       xor|   0|  0|    2|           1|           1|
    |xor_ln300_7_fu_8314_p2         |       xor|   0|  0|    2|           1|           1|
    |xor_ln300_8_fu_8436_p2         |       xor|   0|  0|    2|           1|           2|
    |xor_ln300_9_fu_8448_p2         |       xor|   0|  0|    2|           1|           1|
    |xor_ln300_fu_7628_p2           |       xor|   0|  0|    2|           1|           2|
    |xor_ln301_10_fu_8770_p2        |       xor|   0|  0|    2|           1|           2|
    |xor_ln301_11_fu_8782_p2        |       xor|   0|  0|    2|           1|           1|
    |xor_ln301_12_fu_8906_p2        |       xor|   0|  0|    2|           1|           2|
    |xor_ln301_13_fu_8918_p2        |       xor|   0|  0|    2|           1|           1|
    |xor_ln301_14_fu_9172_p2        |       xor|   0|  0|    2|           1|           2|
    |xor_ln301_15_fu_9184_p2        |       xor|   0|  0|    2|           1|           1|
    |xor_ln301_16_fu_9308_p2        |       xor|   0|  0|    2|           1|           2|
    |xor_ln301_17_fu_9320_p2        |       xor|   0|  0|    2|           1|           1|
    |xor_ln301_18_fu_9574_p2        |       xor|   0|  0|    2|           1|           2|
    |xor_ln301_19_fu_9586_p2        |       xor|   0|  0|    2|           1|           1|
    |xor_ln301_1_fu_7712_p2         |       xor|   0|  0|    2|           1|           1|
    |xor_ln301_20_fu_9710_p2        |       xor|   0|  0|    2|           1|           2|
    |xor_ln301_21_fu_9722_p2        |       xor|   0|  0|    2|           1|           1|
    |xor_ln301_22_fu_9976_p2        |       xor|   0|  0|    2|           1|           2|
    |xor_ln301_23_fu_9988_p2        |       xor|   0|  0|    2|           1|           1|
    |xor_ln301_24_fu_10112_p2       |       xor|   0|  0|    2|           1|           2|
    |xor_ln301_25_fu_10124_p2       |       xor|   0|  0|    2|           1|           1|
    |xor_ln301_26_fu_10378_p2       |       xor|   0|  0|    2|           1|           2|
    |xor_ln301_27_fu_10390_p2       |       xor|   0|  0|    2|           1|           1|
    |xor_ln301_28_fu_10514_p2       |       xor|   0|  0|    2|           1|           2|
    |xor_ln301_29_fu_10526_p2       |       xor|   0|  0|    2|           1|           1|
    |xor_ln301_2_fu_7966_p2         |       xor|   0|  0|    2|           1|           2|
    |xor_ln301_30_fu_10780_p2       |       xor|   0|  0|    2|           1|           2|
    |xor_ln301_31_fu_10792_p2       |       xor|   0|  0|    2|           1|           1|
    |xor_ln301_32_fu_10916_p2       |       xor|   0|  0|    2|           1|           2|
    |xor_ln301_33_fu_10928_p2       |       xor|   0|  0|    2|           1|           1|
    |xor_ln301_34_fu_11182_p2       |       xor|   0|  0|    2|           1|           2|
    |xor_ln301_35_fu_11194_p2       |       xor|   0|  0|    2|           1|           1|
    |xor_ln301_36_fu_11318_p2       |       xor|   0|  0|    2|           1|           2|
    |xor_ln301_37_fu_11330_p2       |       xor|   0|  0|    2|           1|           1|
    |xor_ln301_38_fu_11584_p2       |       xor|   0|  0|    2|           1|           2|
    |xor_ln301_39_fu_11596_p2       |       xor|   0|  0|    2|           1|           1|
    |xor_ln301_3_fu_7978_p2         |       xor|   0|  0|    2|           1|           1|
    |xor_ln301_40_fu_11720_p2       |       xor|   0|  0|    2|           1|           2|
    |xor_ln301_41_fu_11732_p2       |       xor|   0|  0|    2|           1|           1|
    |xor_ln301_42_fu_11986_p2       |       xor|   0|  0|    2|           1|           2|
    |xor_ln301_43_fu_11998_p2       |       xor|   0|  0|    2|           1|           1|
    |xor_ln301_44_fu_12122_p2       |       xor|   0|  0|    2|           1|           2|
    |xor_ln301_45_fu_12134_p2       |       xor|   0|  0|    2|           1|           1|
    |xor_ln301_46_fu_12388_p2       |       xor|   0|  0|    2|           1|           2|
    |xor_ln301_47_fu_12400_p2       |       xor|   0|  0|    2|           1|           1|
    |xor_ln301_48_fu_12524_p2       |       xor|   0|  0|    2|           1|           2|
    |xor_ln301_49_fu_12536_p2       |       xor|   0|  0|    2|           1|           1|
    |xor_ln301_4_fu_8102_p2         |       xor|   0|  0|    2|           1|           2|
    |xor_ln301_50_fu_12790_p2       |       xor|   0|  0|    2|           1|           2|
    |xor_ln301_51_fu_12802_p2       |       xor|   0|  0|    2|           1|           1|
    |xor_ln301_52_fu_12926_p2       |       xor|   0|  0|    2|           1|           2|
    |xor_ln301_53_fu_12938_p2       |       xor|   0|  0|    2|           1|           1|
    |xor_ln301_54_fu_13192_p2       |       xor|   0|  0|    2|           1|           2|
    |xor_ln301_55_fu_13204_p2       |       xor|   0|  0|    2|           1|           1|
    |xor_ln301_56_fu_13328_p2       |       xor|   0|  0|    2|           1|           2|
    |xor_ln301_57_fu_13340_p2       |       xor|   0|  0|    2|           1|           1|
    |xor_ln301_58_fu_13594_p2       |       xor|   0|  0|    2|           1|           2|
    |xor_ln301_59_fu_13606_p2       |       xor|   0|  0|    2|           1|           1|
    |xor_ln301_5_fu_8114_p2         |       xor|   0|  0|    2|           1|           1|
    |xor_ln301_60_fu_13730_p2       |       xor|   0|  0|    2|           1|           2|
    |xor_ln301_61_fu_13742_p2       |       xor|   0|  0|    2|           1|           1|
    |xor_ln301_62_fu_13996_p2       |       xor|   0|  0|    2|           1|           2|
    |xor_ln301_63_fu_14008_p2       |       xor|   0|  0|    2|           1|           1|
    |xor_ln301_64_fu_14132_p2       |       xor|   0|  0|    2|           1|           2|
    |xor_ln301_65_fu_14144_p2       |       xor|   0|  0|    2|           1|           1|
    |xor_ln301_66_fu_14398_p2       |       xor|   0|  0|    2|           1|           2|
    |xor_ln301_67_fu_14410_p2       |       xor|   0|  0|    2|           1|           1|
    |xor_ln301_68_fu_14534_p2       |       xor|   0|  0|    2|           1|           2|
    |xor_ln301_69_fu_14546_p2       |       xor|   0|  0|    2|           1|           1|
    |xor_ln301_6_fu_8368_p2         |       xor|   0|  0|    2|           1|           2|
    |xor_ln301_70_fu_14800_p2       |       xor|   0|  0|    2|           1|           2|
    |xor_ln301_71_fu_14812_p2       |       xor|   0|  0|    2|           1|           1|
    |xor_ln301_72_fu_14936_p2       |       xor|   0|  0|    2|           1|           2|
    |xor_ln301_73_fu_14948_p2       |       xor|   0|  0|    2|           1|           1|
    |xor_ln301_74_fu_15068_p2       |       xor|   0|  0|    2|           1|           2|
    |xor_ln301_75_fu_15080_p2       |       xor|   0|  0|    2|           1|           1|
    |xor_ln301_76_fu_15204_p2       |       xor|   0|  0|    2|           1|           2|
    |xor_ln301_77_fu_15216_p2       |       xor|   0|  0|    2|           1|           1|
    |xor_ln301_78_fu_15336_p2       |       xor|   0|  0|    2|           1|           2|
    |xor_ln301_79_fu_15348_p2       |       xor|   0|  0|    2|           1|           1|
    |xor_ln301_7_fu_8380_p2         |       xor|   0|  0|    2|           1|           1|
    |xor_ln301_8_fu_8504_p2         |       xor|   0|  0|    2|           1|           2|
    |xor_ln301_9_fu_8516_p2         |       xor|   0|  0|    2|           1|           1|
    |xor_ln301_fu_7700_p2           |       xor|   0|  0|    2|           1|           2|
    |xor_ln302_10_fu_7834_p2        |       xor|   0|  0|    2|           1|           2|
    |xor_ln302_11_fu_7846_p2        |       xor|   0|  0|    2|           1|           1|
    |xor_ln302_12_fu_8168_p2        |       xor|   0|  0|    2|           1|           2|
    |xor_ln302_13_fu_8180_p2        |       xor|   0|  0|    2|           1|           1|
    |xor_ln302_14_fu_8236_p2        |       xor|   0|  0|    2|           1|           2|
    |xor_ln302_15_fu_8248_p2        |       xor|   0|  0|    2|           1|           1|
    |xor_ln302_16_fu_8570_p2        |       xor|   0|  0|    2|           1|           2|
    |xor_ln302_17_fu_8582_p2        |       xor|   0|  0|    2|           1|           1|
    |xor_ln302_18_fu_8638_p2        |       xor|   0|  0|    2|           1|           2|
    |xor_ln302_19_fu_8650_p2        |       xor|   0|  0|    2|           1|           1|
    |xor_ln302_1_fu_7311_p2         |       xor|   0|  0|    2|           1|           1|
    |xor_ln302_20_fu_8972_p2        |       xor|   0|  0|    2|           1|           2|
    |xor_ln302_21_fu_8984_p2        |       xor|   0|  0|    2|           1|           1|
    |xor_ln302_22_fu_9040_p2        |       xor|   0|  0|    2|           1|           2|
    |xor_ln302_23_fu_9052_p2        |       xor|   0|  0|    2|           1|           1|
    |xor_ln302_24_fu_9374_p2        |       xor|   0|  0|    2|           1|           2|
    |xor_ln302_25_fu_9386_p2        |       xor|   0|  0|    2|           1|           1|
    |xor_ln302_26_fu_9442_p2        |       xor|   0|  0|    2|           1|           2|
    |xor_ln302_27_fu_9454_p2        |       xor|   0|  0|    2|           1|           1|
    |xor_ln302_28_fu_9776_p2        |       xor|   0|  0|    2|           1|           2|
    |xor_ln302_29_fu_9788_p2        |       xor|   0|  0|    2|           1|           1|
    |xor_ln302_2_fu_7367_p2         |       xor|   0|  0|    2|           1|           2|
    |xor_ln302_30_fu_9844_p2        |       xor|   0|  0|    2|           1|           2|
    |xor_ln302_31_fu_9856_p2        |       xor|   0|  0|    2|           1|           1|
    |xor_ln302_32_fu_10178_p2       |       xor|   0|  0|    2|           1|           2|
    |xor_ln302_33_fu_10190_p2       |       xor|   0|  0|    2|           1|           1|
    |xor_ln302_34_fu_10246_p2       |       xor|   0|  0|    2|           1|           2|
    |xor_ln302_35_fu_10258_p2       |       xor|   0|  0|    2|           1|           1|
    |xor_ln302_36_fu_10580_p2       |       xor|   0|  0|    2|           1|           2|
    |xor_ln302_37_fu_10592_p2       |       xor|   0|  0|    2|           1|           1|
    |xor_ln302_38_fu_10648_p2       |       xor|   0|  0|    2|           1|           2|
    |xor_ln302_39_fu_10660_p2       |       xor|   0|  0|    2|           1|           1|
    |xor_ln302_3_fu_7379_p2         |       xor|   0|  0|    2|           1|           1|
    |xor_ln302_40_fu_10982_p2       |       xor|   0|  0|    2|           1|           2|
    |xor_ln302_41_fu_10994_p2       |       xor|   0|  0|    2|           1|           1|
    |xor_ln302_42_fu_11050_p2       |       xor|   0|  0|    2|           1|           2|
    |xor_ln302_43_fu_11062_p2       |       xor|   0|  0|    2|           1|           1|
    |xor_ln302_44_fu_11384_p2       |       xor|   0|  0|    2|           1|           2|
    |xor_ln302_45_fu_11396_p2       |       xor|   0|  0|    2|           1|           1|
    |xor_ln302_46_fu_11452_p2       |       xor|   0|  0|    2|           1|           2|
    |xor_ln302_47_fu_11464_p2       |       xor|   0|  0|    2|           1|           1|
    |xor_ln302_48_fu_11786_p2       |       xor|   0|  0|    2|           1|           2|
    |xor_ln302_49_fu_11798_p2       |       xor|   0|  0|    2|           1|           1|
    |xor_ln302_4_fu_7455_p2         |       xor|   0|  0|    2|           1|           2|
    |xor_ln302_50_fu_11854_p2       |       xor|   0|  0|    2|           1|           2|
    |xor_ln302_51_fu_11866_p2       |       xor|   0|  0|    2|           1|           1|
    |xor_ln302_52_fu_12188_p2       |       xor|   0|  0|    2|           1|           2|
    |xor_ln302_53_fu_12200_p2       |       xor|   0|  0|    2|           1|           1|
    |xor_ln302_54_fu_12256_p2       |       xor|   0|  0|    2|           1|           2|
    |xor_ln302_55_fu_12268_p2       |       xor|   0|  0|    2|           1|           1|
    |xor_ln302_56_fu_12590_p2       |       xor|   0|  0|    2|           1|           2|
    |xor_ln302_57_fu_12602_p2       |       xor|   0|  0|    2|           1|           1|
    |xor_ln302_58_fu_12658_p2       |       xor|   0|  0|    2|           1|           2|
    |xor_ln302_59_fu_12670_p2       |       xor|   0|  0|    2|           1|           1|
    |xor_ln302_5_fu_7467_p2         |       xor|   0|  0|    2|           1|           1|
    |xor_ln302_60_fu_12992_p2       |       xor|   0|  0|    2|           1|           2|
    |xor_ln302_61_fu_13004_p2       |       xor|   0|  0|    2|           1|           1|
    |xor_ln302_62_fu_13060_p2       |       xor|   0|  0|    2|           1|           2|
    |xor_ln302_63_fu_13072_p2       |       xor|   0|  0|    2|           1|           1|
    |xor_ln302_64_fu_13394_p2       |       xor|   0|  0|    2|           1|           2|
    |xor_ln302_65_fu_13406_p2       |       xor|   0|  0|    2|           1|           1|
    |xor_ln302_66_fu_13462_p2       |       xor|   0|  0|    2|           1|           2|
    |xor_ln302_67_fu_13474_p2       |       xor|   0|  0|    2|           1|           1|
    |xor_ln302_68_fu_13796_p2       |       xor|   0|  0|    2|           1|           2|
    |xor_ln302_69_fu_13808_p2       |       xor|   0|  0|    2|           1|           1|
    |xor_ln302_6_fu_7523_p2         |       xor|   0|  0|    2|           1|           2|
    |xor_ln302_70_fu_13864_p2       |       xor|   0|  0|    2|           1|           2|
    |xor_ln302_71_fu_13876_p2       |       xor|   0|  0|    2|           1|           1|
    |xor_ln302_72_fu_14198_p2       |       xor|   0|  0|    2|           1|           2|
    |xor_ln302_73_fu_14210_p2       |       xor|   0|  0|    2|           1|           1|
    |xor_ln302_74_fu_14266_p2       |       xor|   0|  0|    2|           1|           2|
    |xor_ln302_75_fu_14278_p2       |       xor|   0|  0|    2|           1|           1|
    |xor_ln302_76_fu_14600_p2       |       xor|   0|  0|    2|           1|           2|
    |xor_ln302_77_fu_14612_p2       |       xor|   0|  0|    2|           1|           1|
    |xor_ln302_78_fu_14668_p2       |       xor|   0|  0|    2|           1|           2|
    |xor_ln302_79_fu_14680_p2       |       xor|   0|  0|    2|           1|           1|
    |xor_ln302_7_fu_7535_p2         |       xor|   0|  0|    2|           1|           1|
    |xor_ln302_8_fu_7766_p2         |       xor|   0|  0|    2|           1|           2|
    |xor_ln302_9_fu_7778_p2         |       xor|   0|  0|    2|           1|           1|
    |xor_ln302_fu_7299_p2           |       xor|   0|  0|    2|           1|           2|
    |xor_ln314_1_fu_17356_p2        |       xor|   0|  0|    2|           1|           2|
    |xor_ln314_2_fu_17377_p2        |       xor|   0|  0|    2|           1|           2|
    |xor_ln314_3_fu_17388_p2        |       xor|   0|  0|    2|           1|           2|
    |xor_ln314_4_fu_17410_p2        |       xor|   0|  0|    2|           1|           2|
    |xor_ln314_fu_17310_p2          |       xor|   0|  0|    2|           1|           2|
    |xor_ln324_1_fu_18482_p2        |       xor|   0|  0|    2|           1|           2|
    |xor_ln324_2_fu_18494_p2        |       xor|   0|  0|    2|           1|           1|
    |xor_ln324_3_fu_18500_p2        |       xor|   0|  0|    2|           1|           2|
    |xor_ln324_4_fu_18518_p2        |       xor|   0|  0|    2|           1|           1|
    |xor_ln324_5_fu_18532_p2        |       xor|   0|  0|    2|           1|           2|
    |xor_ln324_fu_18470_p2          |       xor|   0|  0|    2|           1|           2|
    |xor_ln326_1_fu_18706_p2        |       xor|   0|  0|    2|           1|           2|
    |xor_ln326_2_fu_18726_p2        |       xor|   0|  0|    2|           1|           2|
    |xor_ln326_3_fu_18738_p2        |       xor|   0|  0|    2|           1|           2|
    |xor_ln326_4_fu_18765_p2        |       xor|   0|  0|    2|           1|           2|
    |xor_ln326_fu_18644_p2          |       xor|   0|  0|    2|           1|           2|
    |xor_ln331_1_fu_19113_p2        |       xor|   0|  0|    2|           1|           1|
    |xor_ln331_fu_19101_p2          |       xor|   0|  0|    2|           1|           2|
    +-------------------------------+----------+----+---+-----+------------+------------+
    |Total                          |          |   0|  0|20581|        9629|       17671|
    +-------------------------------+----------+----+---+-----+------------+------------+

    * Multiplexer: 
    +---------------------------+----+-----------+-----+-----------+
    |            Name           | LUT| Input Size| Bits| Total Bits|
    +---------------------------+----+-----------+-----+-----------+
    |TANH_TABLE_address0_local  |  14|          3|   11|         33|
    |TANH_TABLE_address1_local  |  14|          3|   11|         33|
    |TANH_TABLE_address2_local  |  14|          3|   11|         33|
    |ap_NS_fsm                  |  14|          3|    1|          3|
    |ap_done_int                |   9|          2|    1|          2|
    |ap_enable_reg_pp0_iter0    |   9|          2|    1|          2|
    |ap_enable_reg_pp0_iter1    |   9|          2|    1|          2|
    |ap_sig_allocacmp_i_1       |   9|          2|    6|         12|
    |grp_fu_5791_p0             |  14|          3|   22|         66|
    |grp_fu_5791_p1             |  14|          3|   20|         60|
    |grp_mac3_fu_2710_h         |  14|          3|   10|         30|
    |grp_mac3_fu_2710_wn        |  14|          3|   10|         30|
    |grp_mac3_fu_2710_wr        |  14|          3|   10|         30|
    |grp_mac3_fu_2710_wz        |  14|          3|   10|         30|
    |grp_mac3_fu_2711_h         |  14|          3|   10|         30|
    |grp_mac3_fu_2711_wn        |  14|          3|   10|         30|
    |grp_mac3_fu_2711_wr        |  14|          3|   10|         30|
    |grp_mac3_fu_2711_wz        |  14|          3|   10|         30|
    |grp_mac3_fu_2712_h         |  14|          3|   10|         30|
    |grp_mac3_fu_2712_wn        |  14|          3|   10|         30|
    |grp_mac3_fu_2712_wr        |  14|          3|   10|         30|
    |grp_mac3_fu_2712_wz        |  14|          3|   10|         30|
    |grp_mac3_fu_2713_h         |  14|          3|   10|         30|
    |grp_mac3_fu_2713_wn        |  14|          3|   10|         30|
    |grp_mac3_fu_2713_wr        |  14|          3|   10|         30|
    |grp_mac3_fu_2713_wz        |  14|          3|   10|         30|
    |grp_mac3_fu_2714_h         |  14|          3|   10|         30|
    |grp_mac3_fu_2714_wn        |  14|          3|   10|         30|
    |grp_mac3_fu_2714_wr        |  14|          3|   10|         30|
    |grp_mac3_fu_2714_wz        |  14|          3|   10|         30|
    |grp_mac3_fu_2715_h         |  14|          3|   10|         30|
    |grp_mac3_fu_2715_wn        |  14|          3|   10|         30|
    |grp_mac3_fu_2715_wr        |  14|          3|   10|         30|
    |grp_mac3_fu_2715_wz        |  14|          3|   10|         30|
    |grp_mac3_fu_2716_h         |  14|          3|   10|         30|
    |grp_mac3_fu_2716_wn        |  14|          3|   10|         30|
    |grp_mac3_fu_2716_wr        |  14|          3|   10|         30|
    |grp_mac3_fu_2716_wz        |  14|          3|   10|         30|
    |grp_mac3_fu_2717_h         |  14|          3|   10|         30|
    |grp_mac3_fu_2717_wn        |  14|          3|   10|         30|
    |grp_mac3_fu_2717_wr        |  14|          3|   10|         30|
    |grp_mac3_fu_2717_wz        |  14|          3|   10|         30|
    |grp_mac3_fu_2718_h         |  14|          3|   10|         30|
    |grp_mac3_fu_2718_wn        |  14|          3|   10|         30|
    |grp_mac3_fu_2718_wr        |  14|          3|   10|         30|
    |grp_mac3_fu_2718_wz        |  14|          3|   10|         30|
    |grp_mac3_fu_2719_h         |  14|          3|   10|         30|
    |grp_mac3_fu_2719_wn        |  14|          3|   10|         30|
    |grp_mac3_fu_2719_wr        |  14|          3|   10|         30|
    |grp_mac3_fu_2719_wz        |  14|          3|   10|         30|
    |grp_mac3_fu_2720_h         |  14|          3|   10|         30|
    |grp_mac3_fu_2720_wn        |  14|          3|   10|         30|
    |grp_mac3_fu_2720_wr        |  14|          3|   10|         30|
    |grp_mac3_fu_2720_wz        |  14|          3|   10|         30|
    |grp_mac3_fu_2721_h         |  14|          3|   10|         30|
    |grp_mac3_fu_2721_wn        |  14|          3|   10|         30|
    |grp_mac3_fu_2721_wr        |  14|          3|   10|         30|
    |grp_mac3_fu_2721_wz        |  14|          3|   10|         30|
    |grp_mac3_fu_2722_h         |  14|          3|   10|         30|
    |grp_mac3_fu_2722_wn        |  14|          3|   10|         30|
    |grp_mac3_fu_2722_wr        |  14|          3|   10|         30|
    |grp_mac3_fu_2722_wz        |  14|          3|   10|         30|
    |grp_mac3_fu_2723_h         |  14|          3|   10|         30|
    |grp_mac3_fu_2723_wn        |  14|          3|   10|         30|
    |grp_mac3_fu_2723_wr        |  14|          3|   10|         30|
    |grp_mac3_fu_2723_wz        |  14|          3|   10|         30|
    |grp_mac3_fu_2724_h         |  14|          3|   10|         30|
    |grp_mac3_fu_2724_wn        |  14|          3|   10|         30|
    |grp_mac3_fu_2724_wr        |  14|          3|   10|         30|
    |grp_mac3_fu_2724_wz        |  14|          3|   10|         30|
    |grp_mac3_fu_2725_h         |  14|          3|   10|         30|
    |grp_mac3_fu_2725_wn        |  14|          3|   10|         30|
    |grp_mac3_fu_2725_wr        |  14|          3|   10|         30|
    |grp_mac3_fu_2725_wz        |  14|          3|   10|         30|
    |grp_mac3_fu_2726_h         |  14|          3|   10|         30|
    |grp_mac3_fu_2726_wn        |  14|          3|   10|         30|
    |grp_mac3_fu_2726_wr        |  14|          3|   10|         30|
    |grp_mac3_fu_2726_wz        |  14|          3|   10|         30|
    |grp_mac3_fu_2727_h         |  14|          3|   10|         30|
    |grp_mac3_fu_2727_wn        |  14|          3|   10|         30|
    |grp_mac3_fu_2727_wr        |  14|          3|   10|         30|
    |grp_mac3_fu_2727_wz        |  14|          3|   10|         30|
    |grp_mac3_fu_2728_h         |  14|          3|   10|         30|
    |grp_mac3_fu_2728_wn        |  14|          3|   10|         30|
    |grp_mac3_fu_2728_wr        |  14|          3|   10|         30|
    |grp_mac3_fu_2728_wz        |  14|          3|   10|         30|
    |grp_mac3_fu_2729_h         |  14|          3|   10|         30|
    |grp_mac3_fu_2729_wn        |  14|          3|   10|         30|
    |grp_mac3_fu_2729_wr        |  14|          3|   10|         30|
    |grp_mac3_fu_2729_wz        |  14|          3|   10|         30|
    |h_new_10_out               |   9|          2|   10|         20|
    |h_new_11_out               |   9|          2|   10|         20|
    |h_new_12_out               |   9|          2|   10|         20|
    |h_new_13_out               |   9|          2|   10|         20|
    |h_new_14_out               |   9|          2|   10|         20|
    |h_new_15_out               |   9|          2|   10|         20|
    |h_new_16_out               |   9|          2|   10|         20|
    |h_new_17_out               |   9|          2|   10|         20|
    |h_new_18_out               |   9|          2|   10|         20|
    |h_new_19_out               |   9|          2|   10|         20|
    |h_new_1_out                |   9|          2|   10|         20|
    |h_new_20_out               |   9|          2|   10|         20|
    |h_new_21_out               |   9|          2|   10|         20|
    |h_new_22_out               |   9|          2|   10|         20|
    |h_new_23_out               |   9|          2|   10|         20|
    |h_new_24_out               |   9|          2|   10|         20|
    |h_new_25_out               |   9|          2|   10|         20|
    |h_new_26_out               |   9|          2|   10|         20|
    |h_new_27_out               |   9|          2|   10|         20|
    |h_new_28_out               |   9|          2|   10|         20|
    |h_new_29_out               |   9|          2|   10|         20|
    |h_new_2_out                |   9|          2|   10|         20|
    |h_new_30_out               |   9|          2|   10|         20|
    |h_new_31_out               |   9|          2|   10|         20|
    |h_new_32_out               |   9|          2|   10|         20|
    |h_new_33_out               |   9|          2|   10|         20|
    |h_new_34_out               |   9|          2|   10|         20|
    |h_new_35_out               |   9|          2|   10|         20|
    |h_new_36_out               |   9|          2|   10|         20|
    |h_new_37_out               |   9|          2|   10|         20|
    |h_new_38_out               |   9|          2|   10|         20|
    |h_new_39_out               |   9|          2|   10|         20|
    |h_new_3_out                |   9|          2|   10|         20|
    |h_new_4_out                |   9|          2|   10|         20|
    |h_new_5_out                |   9|          2|   10|         20|
    |h_new_6_out                |   9|          2|   10|         20|
    |h_new_7_out                |   9|          2|   10|         20|
    |h_new_8_out                |   9|          2|   10|         20|
    |h_new_9_out                |   9|          2|   10|         20|
    |h_new_out                  |   9|          2|   10|         20|
    |i_fu_696                   |   9|          2|    6|         12|
    |y_acc_fu_692               |   9|          2|   32|         64|
    +---------------------------+----+-----------+-----+-----------+
    |Total                      |1618|        350| 1323|       3522|
    +---------------------------+----+-----------+-----+-----------+

    * Register: 
    +----------------------------------------+-----+----+-----+-----------+
    |                  Name                  |  FF | LUT| Bits| Const Bits|
    +----------------------------------------+-----+----+-----+-----------+
    |U_n_20_load_reg_20463                   |    7|   0|    7|          0|
    |U_n_21_load_reg_20478                   |    8|   0|    8|          0|
    |U_n_22_load_reg_20493                   |    7|   0|    7|          0|
    |U_n_23_load_reg_20508                   |    6|   0|    6|          0|
    |U_n_24_load_reg_20523                   |    6|   0|    6|          0|
    |U_n_25_load_reg_20538                   |    7|   0|    7|          0|
    |U_n_26_load_reg_20553                   |    6|   0|    6|          0|
    |U_n_27_load_reg_20568                   |    7|   0|    7|          0|
    |U_n_28_load_reg_20583                   |    5|   0|    5|          0|
    |U_n_29_load_reg_20598                   |    7|   0|    7|          0|
    |U_n_30_load_reg_20613                   |    7|   0|    7|          0|
    |U_n_31_load_reg_20628                   |    6|   0|    6|          0|
    |U_n_32_load_reg_20643                   |    7|   0|    7|          0|
    |U_n_33_load_reg_20658                   |    6|   0|    6|          0|
    |U_n_34_load_reg_20673                   |    7|   0|    7|          0|
    |U_n_35_load_reg_20688                   |    7|   0|    7|          0|
    |U_n_36_load_reg_20703                   |    6|   0|    6|          0|
    |U_n_37_load_reg_20718                   |    7|   0|    7|          0|
    |U_n_38_load_reg_20733                   |    6|   0|    6|          0|
    |U_n_39_load_reg_20748                   |    8|   0|    8|          0|
    |U_r_20_load_reg_20453                   |    8|   0|    8|          0|
    |U_r_21_load_reg_20468                   |    8|   0|    8|          0|
    |U_r_22_load_reg_20483                   |    7|   0|    7|          0|
    |U_r_23_load_reg_20498                   |    7|   0|    7|          0|
    |U_r_24_load_reg_20513                   |    6|   0|    6|          0|
    |U_r_25_load_reg_20528                   |    6|   0|    6|          0|
    |U_r_26_load_reg_20543                   |    6|   0|    6|          0|
    |U_r_27_load_reg_20558                   |    6|   0|    6|          0|
    |U_r_28_load_reg_20573                   |    6|   0|    6|          0|
    |U_r_29_load_reg_20588                   |    7|   0|    7|          0|
    |U_r_30_load_reg_20603                   |    6|   0|    6|          0|
    |U_r_31_load_reg_20618                   |    7|   0|    7|          0|
    |U_r_32_load_reg_20633                   |    7|   0|    7|          0|
    |U_r_33_load_reg_20648                   |    6|   0|    6|          0|
    |U_r_34_load_reg_20663                   |    8|   0|    8|          0|
    |U_r_35_load_reg_20678                   |    8|   0|    8|          0|
    |U_r_36_load_reg_20693                   |    8|   0|    8|          0|
    |U_r_37_load_reg_20708                   |    8|   0|    8|          0|
    |U_r_38_load_reg_20723                   |    6|   0|    6|          0|
    |U_r_39_load_reg_20738                   |    6|   0|    6|          0|
    |U_z_20_load_reg_20458                   |    8|   0|    8|          0|
    |U_z_21_load_reg_20473                   |    8|   0|    8|          0|
    |U_z_22_load_reg_20488                   |    9|   0|    9|          0|
    |U_z_23_load_reg_20503                   |    8|   0|    8|          0|
    |U_z_24_load_reg_20518                   |    8|   0|    8|          0|
    |U_z_25_load_reg_20533                   |    8|   0|    8|          0|
    |U_z_26_load_reg_20548                   |    7|   0|    7|          0|
    |U_z_27_load_reg_20563                   |    8|   0|    8|          0|
    |U_z_28_load_reg_20578                   |    7|   0|    7|          0|
    |U_z_29_load_reg_20593                   |    8|   0|    8|          0|
    |U_z_30_load_reg_20608                   |    8|   0|    8|          0|
    |U_z_31_load_reg_20623                   |    7|   0|    7|          0|
    |U_z_32_load_reg_20638                   |    8|   0|    8|          0|
    |U_z_33_load_reg_20653                   |    7|   0|    7|          0|
    |U_z_34_load_reg_20668                   |    8|   0|    8|          0|
    |U_z_35_load_reg_20683                   |    7|   0|    7|          0|
    |U_z_36_load_reg_20698                   |    8|   0|    8|          0|
    |U_z_37_load_reg_20713                   |    8|   0|    8|          0|
    |U_z_38_load_reg_20728                   |    8|   0|    8|          0|
    |U_z_39_load_reg_20743                   |    8|   0|    8|          0|
    |W_n_load_reg_20773                      |    9|   0|    9|          0|
    |acc_n_10_reg_20285                      |   32|   0|   32|          0|
    |acc_n_11_reg_20303                      |   32|   0|   32|          0|
    |acc_n_12_reg_20321                      |   32|   0|   32|          0|
    |acc_n_13_reg_20339                      |   32|   0|   32|          0|
    |acc_n_14_reg_20357                      |   32|   0|   32|          0|
    |acc_n_15_reg_20375                      |   32|   0|   32|          0|
    |acc_n_16_reg_20393                      |   32|   0|   32|          0|
    |acc_n_17_reg_20411                      |   32|   0|   32|          0|
    |acc_n_18_reg_20429                      |   32|   0|   32|          0|
    |acc_n_19_reg_20447                      |   32|   0|   32|          0|
    |acc_n_1_reg_20123                       |   32|   0|   32|          0|
    |acc_n_20_reg_20810                      |   32|   0|   32|          0|
    |acc_n_21_reg_20828                      |   32|   0|   32|          0|
    |acc_n_22_reg_20846                      |   32|   0|   32|          0|
    |acc_n_23_reg_20864                      |   32|   0|   32|          0|
    |acc_n_24_reg_20882                      |   32|   0|   32|          0|
    |acc_n_25_reg_20900                      |   32|   0|   32|          0|
    |acc_n_26_reg_20918                      |   32|   0|   32|          0|
    |acc_n_27_reg_20936                      |   32|   0|   32|          0|
    |acc_n_28_reg_20954                      |   32|   0|   32|          0|
    |acc_n_29_reg_20972                      |   32|   0|   32|          0|
    |acc_n_2_reg_20141                       |   32|   0|   32|          0|
    |acc_n_30_reg_20990                      |   32|   0|   32|          0|
    |acc_n_31_reg_21008                      |   32|   0|   32|          0|
    |acc_n_32_reg_21026                      |   32|   0|   32|          0|
    |acc_n_33_reg_21044                      |   32|   0|   32|          0|
    |acc_n_34_reg_21062                      |   32|   0|   32|          0|
    |acc_n_35_reg_21080                      |   32|   0|   32|          0|
    |acc_n_36_reg_21098                      |   32|   0|   32|          0|
    |acc_n_37_reg_21116                      |   32|   0|   32|          0|
    |acc_n_38_reg_21134                      |   32|   0|   32|          0|
    |acc_n_39_reg_21152                      |   32|   0|   32|          0|
    |acc_n_3_reg_20159                       |   32|   0|   32|          0|
    |acc_n_4_reg_20177                       |   32|   0|   32|          0|
    |acc_n_4_reg_20177_pp0_iter1_reg         |   32|   0|   32|          0|
    |acc_n_5_reg_20195                       |   32|   0|   32|          0|
    |acc_n_5_reg_20195_pp0_iter1_reg         |   32|   0|   32|          0|
    |acc_n_6_reg_20213                       |   32|   0|   32|          0|
    |acc_n_6_reg_20213_pp0_iter1_reg         |   32|   0|   32|          0|
    |acc_n_7_reg_20231                       |   32|   0|   32|          0|
    |acc_n_7_reg_20231_pp0_iter1_reg         |   32|   0|   32|          0|
    |acc_n_8_reg_20249                       |   32|   0|   32|          0|
    |acc_n_9_reg_20267                       |   32|   0|   32|          0|
    |acc_n_reg_20105                         |   32|   0|   32|          0|
    |acc_r_10_reg_20273                      |   32|   0|   32|          0|
    |acc_r_11_reg_20291                      |   32|   0|   32|          0|
    |acc_r_12_reg_20309                      |   32|   0|   32|          0|
    |acc_r_13_reg_20327                      |   32|   0|   32|          0|
    |acc_r_14_reg_20345                      |   32|   0|   32|          0|
    |acc_r_15_reg_20363                      |   32|   0|   32|          0|
    |acc_r_16_reg_20381                      |   32|   0|   32|          0|
    |acc_r_17_reg_20399                      |   32|   0|   32|          0|
    |acc_r_18_reg_20417                      |   32|   0|   32|          0|
    |acc_r_19_reg_20435                      |   32|   0|   32|          0|
    |acc_r_1_reg_20111                       |   32|   0|   32|          0|
    |acc_r_1_reg_20111_pp0_iter1_reg         |   32|   0|   32|          0|
    |acc_r_20_reg_20798                      |   32|   0|   32|          0|
    |acc_r_21_reg_20816                      |   32|   0|   32|          0|
    |acc_r_22_reg_20834                      |   32|   0|   32|          0|
    |acc_r_23_reg_20852                      |   32|   0|   32|          0|
    |acc_r_24_reg_20870                      |   32|   0|   32|          0|
    |acc_r_25_reg_20888                      |   32|   0|   32|          0|
    |acc_r_26_reg_20906                      |   32|   0|   32|          0|
    |acc_r_27_reg_20924                      |   32|   0|   32|          0|
    |acc_r_28_reg_20942                      |   32|   0|   32|          0|
    |acc_r_29_reg_20960                      |   32|   0|   32|          0|
    |acc_r_2_reg_20129                       |   32|   0|   32|          0|
    |acc_r_2_reg_20129_pp0_iter1_reg         |   32|   0|   32|          0|
    |acc_r_30_reg_20978                      |   32|   0|   32|          0|
    |acc_r_31_reg_20996                      |   32|   0|   32|          0|
    |acc_r_32_reg_21014                      |   32|   0|   32|          0|
    |acc_r_33_reg_21032                      |   32|   0|   32|          0|
    |acc_r_34_reg_21050                      |   32|   0|   32|          0|
    |acc_r_35_reg_21068                      |   32|   0|   32|          0|
    |acc_r_36_reg_21086                      |   32|   0|   32|          0|
    |acc_r_37_reg_21104                      |   32|   0|   32|          0|
    |acc_r_38_reg_21122                      |   32|   0|   32|          0|
    |acc_r_39_reg_21140                      |   32|   0|   32|          0|
    |acc_r_3_reg_20147                       |   32|   0|   32|          0|
    |acc_r_4_reg_20165                       |   32|   0|   32|          0|
    |acc_r_5_reg_20183                       |   32|   0|   32|          0|
    |acc_r_6_reg_20201                       |   32|   0|   32|          0|
    |acc_r_7_reg_20219                       |   32|   0|   32|          0|
    |acc_r_8_reg_20237                       |   32|   0|   32|          0|
    |acc_r_9_reg_20255                       |   32|   0|   32|          0|
    |acc_r_reg_20093                         |   32|   0|   32|          0|
    |acc_r_reg_20093_pp0_iter1_reg           |   32|   0|   32|          0|
    |acc_z_10_reg_20279                      |   32|   0|   32|          0|
    |acc_z_11_reg_20297                      |   32|   0|   32|          0|
    |acc_z_12_reg_20315                      |   32|   0|   32|          0|
    |acc_z_13_reg_20333                      |   32|   0|   32|          0|
    |acc_z_14_reg_20351                      |   32|   0|   32|          0|
    |acc_z_15_reg_20369                      |   32|   0|   32|          0|
    |acc_z_16_reg_20387                      |   32|   0|   32|          0|
    |acc_z_17_reg_20405                      |   32|   0|   32|          0|
    |acc_z_18_reg_20423                      |   32|   0|   32|          0|
    |acc_z_19_reg_20441                      |   32|   0|   32|          0|
    |acc_z_1_reg_20117                       |   32|   0|   32|          0|
    |acc_z_1_reg_20117_pp0_iter1_reg         |   32|   0|   32|          0|
    |acc_z_20_reg_20804                      |   32|   0|   32|          0|
    |acc_z_21_reg_20822                      |   32|   0|   32|          0|
    |acc_z_22_reg_20840                      |   32|   0|   32|          0|
    |acc_z_23_reg_20858                      |   32|   0|   32|          0|
    |acc_z_24_reg_20876                      |   32|   0|   32|          0|
    |acc_z_25_reg_20894                      |   32|   0|   32|          0|
    |acc_z_26_reg_20912                      |   32|   0|   32|          0|
    |acc_z_27_reg_20930                      |   32|   0|   32|          0|
    |acc_z_28_reg_20948                      |   32|   0|   32|          0|
    |acc_z_29_reg_20966                      |   32|   0|   32|          0|
    |acc_z_2_reg_20135                       |   32|   0|   32|          0|
    |acc_z_2_reg_20135_pp0_iter1_reg         |   32|   0|   32|          0|
    |acc_z_30_reg_20984                      |   32|   0|   32|          0|
    |acc_z_31_reg_21002                      |   32|   0|   32|          0|
    |acc_z_32_reg_21020                      |   32|   0|   32|          0|
    |acc_z_33_reg_21038                      |   32|   0|   32|          0|
    |acc_z_34_reg_21056                      |   32|   0|   32|          0|
    |acc_z_35_reg_21074                      |   32|   0|   32|          0|
    |acc_z_36_reg_21092                      |   32|   0|   32|          0|
    |acc_z_37_reg_21110                      |   32|   0|   32|          0|
    |acc_z_38_reg_21128                      |   32|   0|   32|          0|
    |acc_z_39_reg_21146                      |   32|   0|   32|          0|
    |acc_z_3_reg_20153                       |   32|   0|   32|          0|
    |acc_z_4_reg_20171                       |   32|   0|   32|          0|
    |acc_z_5_reg_20189                       |   32|   0|   32|          0|
    |acc_z_6_reg_20207                       |   32|   0|   32|          0|
    |acc_z_7_reg_20225                       |   32|   0|   32|          0|
    |acc_z_8_reg_20243                       |   32|   0|   32|          0|
    |acc_z_9_reg_20261                       |   32|   0|   32|          0|
    |acc_z_reg_20099                         |   32|   0|   32|          0|
    |acc_z_reg_20099_pp0_iter1_reg           |   32|   0|   32|          0|
    |add_ln171_1_reg_21703                   |   10|   0|   10|          0|
    |add_ln171_2_reg_21874                   |   10|   0|   10|          0|
    |add_ln171_reg_21668                     |   10|   0|   10|          0|
    |add_ln285_reg_20753                     |    7|   0|    7|          0|
    |add_ln287_reg_20763                     |    8|   0|    8|          0|
    |add_ln290_reg_21208                     |   18|   0|   18|          0|
    |add_ln314_reg_21749                     |   42|   0|   42|          0|
    |add_ln326_reg_21944                     |   10|   0|   10|          0|
    |and_ln150_5_reg_21811                   |    1|   0|    1|          0|
    |and_ln170_12_reg_21864                  |    1|   0|    1|          0|
    |and_ln170_2_reg_21658                   |    1|   0|    1|          0|
    |and_ln170_7_reg_21688                   |    1|   0|    1|          0|
    |and_ln171_12_reg_21708                  |    1|   0|    1|          0|
    |and_ln171_20_reg_21879                  |    1|   0|    1|          0|
    |and_ln171_4_reg_21673                   |    1|   0|    1|          0|
    |and_ln314_1_reg_21772                   |    1|   0|    1|          0|
    |and_ln324_1_reg_21927                   |    1|   0|    1|          0|
    |and_ln324_2_reg_21933                   |    1|   0|    1|          0|
    |and_ln326_1_reg_21949                   |    1|   0|    1|          0|
    |and_ln326_4_reg_21959                   |    1|   0|    1|          0|
    |and_ln326_5_reg_21965                   |    1|   0|    1|          0|
    |ap_CS_fsm                               |    2|   0|    2|          0|
    |ap_done_reg                             |    1|   0|    1|          0|
    |ap_enable_reg_pp0_iter0_reg             |    1|   0|    1|          0|
    |ap_enable_reg_pp0_iter1                 |    1|   0|    1|          0|
    |ap_enable_reg_pp0_iter10                |    1|   0|    1|          0|
    |ap_enable_reg_pp0_iter11                |    1|   0|    1|          0|
    |ap_enable_reg_pp0_iter12                |    1|   0|    1|          0|
    |ap_enable_reg_pp0_iter13                |    1|   0|    1|          0|
    |ap_enable_reg_pp0_iter14                |    1|   0|    1|          0|
    |ap_enable_reg_pp0_iter15                |    1|   0|    1|          0|
    |ap_enable_reg_pp0_iter16                |    1|   0|    1|          0|
    |ap_enable_reg_pp0_iter17                |    1|   0|    1|          0|
    |ap_enable_reg_pp0_iter18                |    1|   0|    1|          0|
    |ap_enable_reg_pp0_iter19                |    1|   0|    1|          0|
    |ap_enable_reg_pp0_iter2                 |    1|   0|    1|          0|
    |ap_enable_reg_pp0_iter20                |    1|   0|    1|          0|
    |ap_enable_reg_pp0_iter21                |    1|   0|    1|          0|
    |ap_enable_reg_pp0_iter22                |    1|   0|    1|          0|
    |ap_enable_reg_pp0_iter23                |    1|   0|    1|          0|
    |ap_enable_reg_pp0_iter24                |    1|   0|    1|          0|
    |ap_enable_reg_pp0_iter3                 |    1|   0|    1|          0|
    |ap_enable_reg_pp0_iter4                 |    1|   0|    1|          0|
    |ap_enable_reg_pp0_iter5                 |    1|   0|    1|          0|
    |ap_enable_reg_pp0_iter6                 |    1|   0|    1|          0|
    |ap_enable_reg_pp0_iter7                 |    1|   0|    1|          0|
    |ap_enable_reg_pp0_iter8                 |    1|   0|    1|          0|
    |ap_enable_reg_pp0_iter9                 |    1|   0|    1|          0|
    |ap_loop_exit_ready_pp0_iter10_reg       |    1|   0|    1|          0|
    |ap_loop_exit_ready_pp0_iter11_reg       |    1|   0|    1|          0|
    |ap_loop_exit_ready_pp0_iter12_reg       |    1|   0|    1|          0|
    |ap_loop_exit_ready_pp0_iter13_reg       |    1|   0|    1|          0|
    |ap_loop_exit_ready_pp0_iter14_reg       |    1|   0|    1|          0|
    |ap_loop_exit_ready_pp0_iter15_reg       |    1|   0|    1|          0|
    |ap_loop_exit_ready_pp0_iter16_reg       |    1|   0|    1|          0|
    |ap_loop_exit_ready_pp0_iter17_reg       |    1|   0|    1|          0|
    |ap_loop_exit_ready_pp0_iter18_reg       |    1|   0|    1|          0|
    |ap_loop_exit_ready_pp0_iter19_reg       |    1|   0|    1|          0|
    |ap_loop_exit_ready_pp0_iter1_reg        |    1|   0|    1|          0|
    |ap_loop_exit_ready_pp0_iter20_reg       |    1|   0|    1|          0|
    |ap_loop_exit_ready_pp0_iter21_reg       |    1|   0|    1|          0|
    |ap_loop_exit_ready_pp0_iter22_reg       |    1|   0|    1|          0|
    |ap_loop_exit_ready_pp0_iter23_reg       |    1|   0|    1|          0|
    |ap_loop_exit_ready_pp0_iter2_reg        |    1|   0|    1|          0|
    |ap_loop_exit_ready_pp0_iter3_reg        |    1|   0|    1|          0|
    |ap_loop_exit_ready_pp0_iter4_reg        |    1|   0|    1|          0|
    |ap_loop_exit_ready_pp0_iter5_reg        |    1|   0|    1|          0|
    |ap_loop_exit_ready_pp0_iter6_reg        |    1|   0|    1|          0|
    |ap_loop_exit_ready_pp0_iter7_reg        |    1|   0|    1|          0|
    |ap_loop_exit_ready_pp0_iter8_reg        |    1|   0|    1|          0|
    |ap_loop_exit_ready_pp0_iter9_reg        |    1|   0|    1|          0|
    |ap_predicate_pred3601_state48           |    1|   0|    1|          0|
    |ap_predicate_pred3604_state48           |    1|   0|    1|          0|
    |ap_predicate_pred3608_state48           |    1|   0|    1|          0|
    |ap_predicate_pred3612_state48           |    1|   0|    1|          0|
    |ap_predicate_pred3616_state48           |    1|   0|    1|          0|
    |ap_predicate_pred3620_state48           |    1|   0|    1|          0|
    |ap_predicate_pred3624_state48           |    1|   0|    1|          0|
    |ap_predicate_pred3628_state48           |    1|   0|    1|          0|
    |ap_predicate_pred3632_state48           |    1|   0|    1|          0|
    |ap_predicate_pred3636_state48           |    1|   0|    1|          0|
    |ap_predicate_pred3640_state48           |    1|   0|    1|          0|
    |ap_predicate_pred3644_state48           |    1|   0|    1|          0|
    |ap_predicate_pred3648_state48           |    1|   0|    1|          0|
    |ap_predicate_pred3652_state48           |    1|   0|    1|          0|
    |ap_predicate_pred3656_state48           |    1|   0|    1|          0|
    |ap_predicate_pred3660_state48           |    1|   0|    1|          0|
    |ap_predicate_pred3664_state48           |    1|   0|    1|          0|
    |ap_predicate_pred3668_state48           |    1|   0|    1|          0|
    |ap_predicate_pred3672_state48           |    1|   0|    1|          0|
    |ap_predicate_pred3676_state48           |    1|   0|    1|          0|
    |ap_predicate_pred3680_state48           |    1|   0|    1|          0|
    |ap_predicate_pred3684_state48           |    1|   0|    1|          0|
    |ap_predicate_pred3688_state48           |    1|   0|    1|          0|
    |ap_predicate_pred3692_state48           |    1|   0|    1|          0|
    |ap_predicate_pred3696_state48           |    1|   0|    1|          0|
    |ap_predicate_pred3700_state48           |    1|   0|    1|          0|
    |ap_predicate_pred3704_state48           |    1|   0|    1|          0|
    |ap_predicate_pred3708_state48           |    1|   0|    1|          0|
    |ap_predicate_pred3712_state48           |    1|   0|    1|          0|
    |ap_predicate_pred3716_state48           |    1|   0|    1|          0|
    |ap_predicate_pred3720_state48           |    1|   0|    1|          0|
    |ap_predicate_pred3724_state48           |    1|   0|    1|          0|
    |ap_predicate_pred3728_state48           |    1|   0|    1|          0|
    |ap_predicate_pred3732_state48           |    1|   0|    1|          0|
    |ap_predicate_pred3736_state48           |    1|   0|    1|          0|
    |ap_predicate_pred3740_state48           |    1|   0|    1|          0|
    |ap_predicate_pred3744_state48           |    1|   0|    1|          0|
    |ap_predicate_pred3748_state48           |    1|   0|    1|          0|
    |ap_predicate_pred3752_state48           |    1|   0|    1|          0|
    |ap_predicate_pred3754_state48           |    1|   0|    1|          0|
    |av_4_reg_21801                          |   32|   0|   32|          0|
    |b_hn_load_reg_20783                     |    7|   0|    7|          0|
    |b_in_load_reg_20778                     |    7|   0|    7|          0|
    |b_in_load_reg_20778_pp0_iter1_reg       |    7|   0|    7|          0|
    |candidate_pre_1_reg_21761               |   32|   0|   32|          0|
    |candidate_pre_3_reg_21791               |   32|   0|   32|          0|
    |h_new_reg_21970                         |   10|   0|   10|          0|
    |half_v_6_reg_21542                      |   32|   0|   32|          0|
    |half_v_7_reg_21555                      |   32|   0|   32|          0|
    |i_1_reg_19433                           |    6|   0|    6|          0|
    |i_fu_696                                |    6|   0|    6|          0|
    |icmp_ln153_1_reg_21595                  |    1|   0|    1|          0|
    |icmp_ln153_2_reg_21822                  |    1|   0|    1|          0|
    |icmp_ln153_2_reg_21822_pp0_iter19_reg   |    1|   0|    1|          0|
    |icmp_ln153_reg_21573                    |    1|   0|    1|          0|
    |icmp_ln245_reg_19439                    |    1|   0|    1|          0|
    |icmp_ln314_1_reg_21779                  |    1|   0|    1|          0|
    |icmp_ln314_2_reg_21786                  |    1|   0|    1|          0|
    |icmp_ln326_2_reg_21954                  |    1|   0|    1|          0|
    |idx_1_reg_21606                         |   10|   0|   10|          0|
    |idx_reg_21584                           |   10|   0|   10|          0|
    |mul_ln170_2_reg_21853                   |   42|   0|   42|          0|
    |mul_ln314_reg_21738                     |   42|   0|   42|          0|
    |mul_ln324_reg_21905                     |   45|   0|   45|          0|
    |mul_ln331_reg_21975                     |   14|   0|   14|          0|
    |neg_1_reg_21561                         |    1|   0|    1|          0|
    |neg_2_reg_21796                         |    1|   0|    1|          0|
    |neg_reg_21548                           |    1|   0|    1|          0|
    |nn_1_reg_21889                          |   10|   0|   10|          0|
    |nn_1_reg_21889_pp0_iter22_reg           |   10|   0|   10|          0|
    |or_ln170_1_reg_21663                    |    1|   0|    1|          0|
    |or_ln170_3_reg_21693                    |    1|   0|    1|          0|
    |or_ln170_5_reg_21869                    |    1|   0|    1|          0|
    |r_2_reg_21718                           |   10|   0|   10|          0|
    |ref_tmp2_i1193_2_reg_21698              |   10|   0|   10|          0|
    |ref_tmp2_i_2_reg_21723                  |   10|   0|   10|          0|
    |reg_6047                                |   42|   0|   42|          0|
    |sel_tmp3_reg_21884                      |    2|   0|    2|          0|
    |sel_tmp4_reg_21713                      |    2|   0|    2|          0|
    |sel_tmp6_reg_21678                      |    2|   0|    2|          0|
    |select_ln150_2_reg_21806                |   32|   0|   32|          0|
    |select_ln183_3_reg_21895                |   10|   0|   10|          0|
    |sext_ln170_3_reg_21653                  |   32|   0|   32|          0|
    |sext_ln170_6_reg_21683                  |   32|   0|   32|          0|
    |sext_ln170_8_reg_21859                  |   32|   0|   32|          0|
    |sext_ln285_cast_reg_19428               |   19|   0|   19|          0|
    |sext_ln287_3_cast_reg_19422             |   18|   0|   18|          0|
    |sext_ln324_6_reg_21917                  |   32|   0|   32|          0|
    |sub_ln170_1_reg_21648                   |   10|   0|   22|         12|
    |sub_ln170_2_reg_21848                   |   10|   0|   22|         12|
    |sub_ln170_reg_21632                     |   10|   0|   22|         12|
    |sub_ln324_reg_21900                     |   11|   0|   23|         12|
    |t0_1_reg_21637                          |    9|   0|    9|          0|
    |t0_1_reg_21637_pp0_iter14_reg           |    9|   0|    9|          0|
    |t0_2_reg_21843                          |    9|   0|    9|          0|
    |t0_reg_21627                            |    9|   0|    9|          0|
    |tmp_287_reg_21754                       |    1|   0|    1|          0|
    |tmp_291_reg_21766                       |    1|   0|    1|          0|
    |tmp_311_reg_20788                       |   10|   0|   10|          0|
    |tmp_312_reg_21911                       |    1|   0|    1|          0|
    |tmp_315_reg_21922                       |    1|   0|    1|          0|
    |tmp_316_reg_21939                       |    1|   0|    1|          0|
    |trunc_ln166_1_reg_21601                 |   13|   0|   13|          0|
    |trunc_ln166_1_reg_21601_pp0_iter13_reg  |   13|   0|   13|          0|
    |trunc_ln166_2_reg_21828                 |   13|   0|   13|          0|
    |trunc_ln166_reg_21579                   |   13|   0|   13|          0|
    |trunc_ln166_reg_21579_pp0_iter13_reg    |   13|   0|   13|          0|
    |trunc_ln314_reg_21744                   |    7|   0|    7|          0|
    |val_n_rec_12_reg_21202                  |   32|   0|   32|          0|
    |val_n_rec_16_reg_21225                  |   32|   0|   32|          0|
    |val_n_rec_20_reg_21243                  |   32|   0|   32|          0|
    |val_n_rec_24_reg_21261                  |   32|   0|   32|          0|
    |val_n_rec_28_reg_21279                  |   32|   0|   32|          0|
    |val_n_rec_32_reg_21297                  |   32|   0|   32|          0|
    |val_n_rec_36_reg_21315                  |   32|   0|   32|          0|
    |val_n_rec_40_reg_21333                  |   32|   0|   32|          0|
    |val_n_rec_44_reg_21351                  |   32|   0|   32|          0|
    |val_n_rec_48_reg_21369                  |   32|   0|   32|          0|
    |val_n_rec_4_reg_21163                   |   32|   0|   32|          0|
    |val_n_rec_52_reg_21387                  |   32|   0|   32|          0|
    |val_n_rec_56_reg_21405                  |   32|   0|   32|          0|
    |val_n_rec_60_reg_21423                  |   32|   0|   32|          0|
    |val_n_rec_64_reg_21441                  |   32|   0|   32|          0|
    |val_n_rec_68_reg_21459                  |   32|   0|   32|          0|
    |val_n_rec_72_reg_21477                  |   32|   0|   32|          0|
    |val_n_rec_76_reg_21495                  |   32|   0|   32|          0|
    |val_n_rec_80_reg_21513                  |   32|   0|   32|          0|
    |val_n_rec_8_reg_21179                   |   32|   0|   32|          0|
    |val_r_10_reg_21231                      |   32|   0|   32|          0|
    |val_r_14_reg_21249                      |   32|   0|   32|          0|
    |val_r_18_reg_21267                      |   32|   0|   32|          0|
    |val_r_22_reg_21285                      |   32|   0|   32|          0|
    |val_r_26_reg_21303                      |   32|   0|   32|          0|
    |val_r_2_reg_21190                       |   32|   0|   32|          0|
    |val_r_30_reg_21321                      |   32|   0|   32|          0|
    |val_r_34_reg_21339                      |   32|   0|   32|          0|
    |val_r_38_reg_21357                      |   32|   0|   32|          0|
    |val_r_42_reg_21375                      |   32|   0|   32|          0|
    |val_r_46_reg_21393                      |   32|   0|   32|          0|
    |val_r_50_reg_21411                      |   32|   0|   32|          0|
    |val_r_54_reg_21429                      |   32|   0|   32|          0|
    |val_r_58_reg_21447                      |   32|   0|   32|          0|
    |val_r_62_reg_21465                      |   32|   0|   32|          0|
    |val_r_66_reg_21483                      |   32|   0|   32|          0|
    |val_r_6_reg_21213                       |   32|   0|   32|          0|
    |val_r_70_reg_21501                      |   32|   0|   32|          0|
    |val_r_74_reg_21518                      |   32|   0|   32|          0|
    |val_r_78_reg_21530                      |   32|   0|   32|          0|
    |val_z_10_reg_21237                      |   32|   0|   32|          0|
    |val_z_14_reg_21255                      |   32|   0|   32|          0|
    |val_z_18_reg_21273                      |   32|   0|   32|          0|
    |val_z_22_reg_21291                      |   32|   0|   32|          0|
    |val_z_26_reg_21309                      |   32|   0|   32|          0|
    |val_z_2_reg_21196                       |   32|   0|   32|          0|
    |val_z_30_reg_21327                      |   32|   0|   32|          0|
    |val_z_34_reg_21345                      |   32|   0|   32|          0|
    |val_z_38_reg_21363                      |   32|   0|   32|          0|
    |val_z_42_reg_21381                      |   32|   0|   32|          0|
    |val_z_46_reg_21399                      |   32|   0|   32|          0|
    |val_z_50_reg_21417                      |   32|   0|   32|          0|
    |val_z_54_reg_21435                      |   32|   0|   32|          0|
    |val_z_58_reg_21453                      |   32|   0|   32|          0|
    |val_z_62_reg_21471                      |   32|   0|   32|          0|
    |val_z_66_reg_21489                      |   32|   0|   32|          0|
    |val_z_6_reg_21219                       |   32|   0|   32|          0|
    |val_z_70_reg_21507                      |   32|   0|   32|          0|
    |val_z_74_reg_21524                      |   32|   0|   32|          0|
    |val_z_78_reg_21536                      |   32|   0|   32|          0|
    |w_out_load_reg_20793                    |    5|   0|    5|          0|
    |xor_ln149_1_reg_21590                   |    1|   0|    1|          0|
    |xor_ln149_2_reg_21816                   |    1|   0|    1|          0|
    |xor_ln149_reg_21568                     |    1|   0|    1|          0|
    |y_acc_fu_692                            |   32|   0|   32|          0|
    |acc_n_10_reg_20285                      |   64|  32|   32|          0|
    |acc_n_11_reg_20303                      |   64|  32|   32|          0|
    |acc_n_12_reg_20321                      |   64|  32|   32|          0|
    |acc_n_13_reg_20339                      |   64|  32|   32|          0|
    |acc_n_14_reg_20357                      |   64|  32|   32|          0|
    |acc_n_15_reg_20375                      |   64|  32|   32|          0|
    |acc_n_16_reg_20393                      |   64|  32|   32|          0|
    |acc_n_17_reg_20411                      |   64|  32|   32|          0|
    |acc_n_18_reg_20429                      |   64|  32|   32|          0|
    |acc_n_19_reg_20447                      |   64|  32|   32|          0|
    |acc_n_20_reg_20810                      |   64|  32|   32|          0|
    |acc_n_21_reg_20828                      |   64|  32|   32|          0|
    |acc_n_22_reg_20846                      |   64|  32|   32|          0|
    |acc_n_23_reg_20864                      |   64|  32|   32|          0|
    |acc_n_24_reg_20882                      |   64|  32|   32|          0|
    |acc_n_25_reg_20900                      |   64|  32|   32|          0|
    |acc_n_26_reg_20918                      |   64|  32|   32|          0|
    |acc_n_27_reg_20936                      |   64|  32|   32|          0|
    |acc_n_28_reg_20954                      |   64|  32|   32|          0|
    |acc_n_29_reg_20972                      |   64|  32|   32|          0|
    |acc_n_30_reg_20990                      |   64|  32|   32|          0|
    |acc_n_31_reg_21008                      |   64|  32|   32|          0|
    |acc_n_32_reg_21026                      |   64|  32|   32|          0|
    |acc_n_33_reg_21044                      |   64|  32|   32|          0|
    |acc_n_34_reg_21062                      |   64|  32|   32|          0|
    |acc_n_35_reg_21080                      |   64|  32|   32|          0|
    |acc_n_36_reg_21098                      |   64|  32|   32|          0|
    |acc_n_37_reg_21116                      |   64|  32|   32|          0|
    |acc_n_38_reg_21134                      |   64|  32|   32|          0|
    |acc_n_39_reg_21152                      |   64|  32|   32|          0|
    |acc_n_8_reg_20249                       |   64|  32|   32|          0|
    |acc_n_9_reg_20267                       |   64|  32|   32|          0|
    |acc_r_10_reg_20273                      |   64|  32|   32|          0|
    |acc_r_11_reg_20291                      |   64|  32|   32|          0|
    |acc_r_12_reg_20309                      |   64|  32|   32|          0|
    |acc_r_13_reg_20327                      |   64|  32|   32|          0|
    |acc_r_14_reg_20345                      |   64|  32|   32|          0|
    |acc_r_15_reg_20363                      |   64|  32|   32|          0|
    |acc_r_16_reg_20381                      |   64|  32|   32|          0|
    |acc_r_17_reg_20399                      |   64|  32|   32|          0|
    |acc_r_18_reg_20417                      |   64|  32|   32|          0|
    |acc_r_19_reg_20435                      |   64|  32|   32|          0|
    |acc_r_20_reg_20798                      |   64|  32|   32|          0|
    |acc_r_21_reg_20816                      |   64|  32|   32|          0|
    |acc_r_22_reg_20834                      |   64|  32|   32|          0|
    |acc_r_23_reg_20852                      |   64|  32|   32|          0|
    |acc_r_24_reg_20870                      |   64|  32|   32|          0|
    |acc_r_25_reg_20888                      |   64|  32|   32|          0|
    |acc_r_26_reg_20906                      |   64|  32|   32|          0|
    |acc_r_27_reg_20924                      |   64|  32|   32|          0|
    |acc_r_28_reg_20942                      |   64|  32|   32|          0|
    |acc_r_29_reg_20960                      |   64|  32|   32|          0|
    |acc_r_30_reg_20978                      |   64|  32|   32|          0|
    |acc_r_31_reg_20996                      |   64|  32|   32|          0|
    |acc_r_32_reg_21014                      |   64|  32|   32|          0|
    |acc_r_33_reg_21032                      |   64|  32|   32|          0|
    |acc_r_34_reg_21050                      |   64|  32|   32|          0|
    |acc_r_35_reg_21068                      |   64|  32|   32|          0|
    |acc_r_36_reg_21086                      |   64|  32|   32|          0|
    |acc_r_37_reg_21104                      |   64|  32|   32|          0|
    |acc_r_38_reg_21122                      |   64|  32|   32|          0|
    |acc_r_39_reg_21140                      |   64|  32|   32|          0|
    |acc_r_3_reg_20147                       |   64|  32|   32|          0|
    |acc_r_4_reg_20165                       |   64|  32|   32|          0|
    |acc_r_5_reg_20183                       |   64|  32|   32|          0|
    |acc_r_6_reg_20201                       |   64|  32|   32|          0|
    |acc_r_7_reg_20219                       |   64|  32|   32|          0|
    |acc_r_8_reg_20237                       |   64|  32|   32|          0|
    |acc_r_9_reg_20255                       |   64|  32|   32|          0|
    |acc_z_10_reg_20279                      |   64|  32|   32|          0|
    |acc_z_11_reg_20297                      |   64|  32|   32|          0|
    |acc_z_12_reg_20315                      |   64|  32|   32|          0|
    |acc_z_13_reg_20333                      |   64|  32|   32|          0|
    |acc_z_14_reg_20351                      |   64|  32|   32|          0|
    |acc_z_15_reg_20369                      |   64|  32|   32|          0|
    |acc_z_16_reg_20387                      |   64|  32|   32|          0|
    |acc_z_17_reg_20405                      |   64|  32|   32|          0|
    |acc_z_18_reg_20423                      |   64|  32|   32|          0|
    |acc_z_19_reg_20441                      |   64|  32|   32|          0|
    |acc_z_20_reg_20804                      |   64|  32|   32|          0|
    |acc_z_21_reg_20822                      |   64|  32|   32|          0|
    |acc_z_22_reg_20840                      |   64|  32|   32|          0|
    |acc_z_23_reg_20858                      |   64|  32|   32|          0|
    |acc_z_24_reg_20876                      |   64|  32|   32|          0|
    |acc_z_25_reg_20894                      |   64|  32|   32|          0|
    |acc_z_26_reg_20912                      |   64|  32|   32|          0|
    |acc_z_27_reg_20930                      |   64|  32|   32|          0|
    |acc_z_28_reg_20948                      |   64|  32|   32|          0|
    |acc_z_29_reg_20966                      |   64|  32|   32|          0|
    |acc_z_30_reg_20984                      |   64|  32|   32|          0|
    |acc_z_31_reg_21002                      |   64|  32|   32|          0|
    |acc_z_32_reg_21020                      |   64|  32|   32|          0|
    |acc_z_33_reg_21038                      |   64|  32|   32|          0|
    |acc_z_34_reg_21056                      |   64|  32|   32|          0|
    |acc_z_35_reg_21074                      |   64|  32|   32|          0|
    |acc_z_36_reg_21092                      |   64|  32|   32|          0|
    |acc_z_37_reg_21110                      |   64|  32|   32|          0|
    |acc_z_38_reg_21128                      |   64|  32|   32|          0|
    |acc_z_39_reg_21146                      |   64|  32|   32|          0|
    |acc_z_3_reg_20153                       |   64|  32|   32|          0|
    |acc_z_4_reg_20171                       |   64|  32|   32|          0|
    |acc_z_5_reg_20189                       |   64|  32|   32|          0|
    |acc_z_6_reg_20207                       |   64|  32|   32|          0|
    |acc_z_7_reg_20225                       |   64|  32|   32|          0|
    |acc_z_8_reg_20243                       |   64|  32|   32|          0|
    |acc_z_9_reg_20261                       |   64|  32|   32|          0|
    |add_ln290_reg_21208                     |   64|  32|   18|          0|
    |i_1_reg_19433                           |   64|  32|    6|          0|
    |icmp_ln153_1_reg_21595                  |   64|  32|    1|          0|
    |icmp_ln153_reg_21573                    |   64|  32|    1|          0|
    |icmp_ln245_reg_19439                    |   64|  32|    1|          0|
    |neg_1_reg_21561                         |   64|  32|    1|          0|
    |neg_2_reg_21796                         |   64|  32|    1|          0|
    |neg_reg_21548                           |   64|  32|    1|          0|
    |ref_tmp2_i_2_reg_21723                  |   64|  32|   10|          0|
    |tmp_311_reg_20788                       |   64|  32|   10|          0|
    |val_n_rec_80_reg_21513                  |   64|  32|   32|          0|
    |w_out_load_reg_20793                    |   64|  32|    5|          0|
    |xor_ln149_1_reg_21590                   |   64|  32|    1|          0|
    |xor_ln149_2_reg_21816                   |   64|  32|    1|          0|
    |xor_ln149_reg_21568                     |   64|  32|    1|          0|
    +----------------------------------------+-----+----+-----+-----------+
    |Total                                   |15367|3872|11153|         48|
    +----------------------------------------+-----+----+-----+-----------+



================================================================
== Interface
================================================================
* Summary: 
+---------------------+-----+-----+------------+-----------------------------+--------------+
|      RTL Ports      | Dir | Bits|  Protocol  |        Source Object        |    C Type    |
+---------------------+-----+-----+------------+-----------------------------+--------------+
|ap_clk               |   in|    1|  ap_ctrl_hs|  gru_va_Pipeline_HIDDEN_LOOP|  return value|
|ap_rst               |   in|    1|  ap_ctrl_hs|  gru_va_Pipeline_HIDDEN_LOOP|  return value|
|ap_start             |   in|    1|  ap_ctrl_hs|  gru_va_Pipeline_HIDDEN_LOOP|  return value|
|ap_done              |  out|    1|  ap_ctrl_hs|  gru_va_Pipeline_HIDDEN_LOOP|  return value|
|ap_idle              |  out|    1|  ap_ctrl_hs|  gru_va_Pipeline_HIDDEN_LOOP|  return value|
|ap_ready             |  out|    1|  ap_ctrl_hs|  gru_va_Pipeline_HIDDEN_LOOP|  return value|
|h_new_0_1_lcssa120   |   in|   10|     ap_none|           h_new_0_1_lcssa120|        scalar|
|h_new_1_1_lcssa121   |   in|   10|     ap_none|           h_new_1_1_lcssa121|        scalar|
|h_new_2_1_lcssa122   |   in|   10|     ap_none|           h_new_2_1_lcssa122|        scalar|
|h_new_3_1_lcssa123   |   in|   10|     ap_none|           h_new_3_1_lcssa123|        scalar|
|h_new_4_1_lcssa124   |   in|   10|     ap_none|           h_new_4_1_lcssa124|        scalar|
|h_new_5_1_lcssa125   |   in|   10|     ap_none|           h_new_5_1_lcssa125|        scalar|
|h_new_6_1_lcssa126   |   in|   10|     ap_none|           h_new_6_1_lcssa126|        scalar|
|h_new_7_1_lcssa127   |   in|   10|     ap_none|           h_new_7_1_lcssa127|        scalar|
|h_new_8_1_lcssa128   |   in|   10|     ap_none|           h_new_8_1_lcssa128|        scalar|
|h_new_9_1_lcssa129   |   in|   10|     ap_none|           h_new_9_1_lcssa129|        scalar|
|h_new_10_1_lcssa130  |   in|   10|     ap_none|          h_new_10_1_lcssa130|        scalar|
|h_new_11_1_lcssa131  |   in|   10|     ap_none|          h_new_11_1_lcssa131|        scalar|
|h_new_12_1_lcssa132  |   in|   10|     ap_none|          h_new_12_1_lcssa132|        scalar|
|h_new_13_1_lcssa133  |   in|   10|     ap_none|          h_new_13_1_lcssa133|        scalar|
|h_new_14_1_lcssa134  |   in|   10|     ap_none|          h_new_14_1_lcssa134|        scalar|
|h_new_15_1_lcssa135  |   in|   10|     ap_none|          h_new_15_1_lcssa135|        scalar|
|h_new_16_1_lcssa136  |   in|   10|     ap_none|          h_new_16_1_lcssa136|        scalar|
|h_new_17_1_lcssa137  |   in|   10|     ap_none|          h_new_17_1_lcssa137|        scalar|
|h_new_18_1_lcssa138  |   in|   10|     ap_none|          h_new_18_1_lcssa138|        scalar|
|h_new_19_1_lcssa139  |   in|   10|     ap_none|          h_new_19_1_lcssa139|        scalar|
|h_new_20_1_lcssa140  |   in|   10|     ap_none|          h_new_20_1_lcssa140|        scalar|
|h_new_21_1_lcssa141  |   in|   10|     ap_none|          h_new_21_1_lcssa141|        scalar|
|h_new_22_1_lcssa142  |   in|   10|     ap_none|          h_new_22_1_lcssa142|        scalar|
|h_new_23_1_lcssa143  |   in|   10|     ap_none|          h_new_23_1_lcssa143|        scalar|
|h_new_24_1_lcssa144  |   in|   10|     ap_none|          h_new_24_1_lcssa144|        scalar|
|h_new_25_1_lcssa145  |   in|   10|     ap_none|          h_new_25_1_lcssa145|        scalar|
|h_new_26_1_lcssa146  |   in|   10|     ap_none|          h_new_26_1_lcssa146|        scalar|
|h_new_27_1_lcssa147  |   in|   10|     ap_none|          h_new_27_1_lcssa147|        scalar|
|h_new_28_1_lcssa148  |   in|   10|     ap_none|          h_new_28_1_lcssa148|        scalar|
|h_new_29_1_lcssa149  |   in|   10|     ap_none|          h_new_29_1_lcssa149|        scalar|
|h_new_30_1_lcssa150  |   in|   10|     ap_none|          h_new_30_1_lcssa150|        scalar|
|h_new_31_1_lcssa151  |   in|   10|     ap_none|          h_new_31_1_lcssa151|        scalar|
|h_new_32_1_lcssa152  |   in|   10|     ap_none|          h_new_32_1_lcssa152|        scalar|
|h_new_33_1_lcssa153  |   in|   10|     ap_none|          h_new_33_1_lcssa153|        scalar|
|h_new_34_1_lcssa154  |   in|   10|     ap_none|          h_new_34_1_lcssa154|        scalar|
|h_new_35_1_lcssa155  |   in|   10|     ap_none|          h_new_35_1_lcssa155|        scalar|
|h_new_36_1_lcssa156  |   in|   10|     ap_none|          h_new_36_1_lcssa156|        scalar|
|h_new_37_1_lcssa157  |   in|   10|     ap_none|          h_new_37_1_lcssa157|        scalar|
|h_new_38_1_lcssa158  |   in|   10|     ap_none|          h_new_38_1_lcssa158|        scalar|
|h_new_39_1_lcssa159  |   in|   10|     ap_none|          h_new_39_1_lcssa159|        scalar|
|sext_ln285           |   in|   10|     ap_none|                   sext_ln285|        scalar|
|sext_ln287_3         |   in|   10|     ap_none|                 sext_ln287_3|        scalar|
|h_new_39_out         |  out|   10|      ap_vld|                 h_new_39_out|       pointer|
|h_new_39_out_ap_vld  |  out|    1|      ap_vld|                 h_new_39_out|       pointer|
|h_new_38_out         |  out|   10|      ap_vld|                 h_new_38_out|       pointer|
|h_new_38_out_ap_vld  |  out|    1|      ap_vld|                 h_new_38_out|       pointer|
|h_new_37_out         |  out|   10|      ap_vld|                 h_new_37_out|       pointer|
|h_new_37_out_ap_vld  |  out|    1|      ap_vld|                 h_new_37_out|       pointer|
|h_new_36_out         |  out|   10|      ap_vld|                 h_new_36_out|       pointer|
|h_new_36_out_ap_vld  |  out|    1|      ap_vld|                 h_new_36_out|       pointer|
|h_new_35_out         |  out|   10|      ap_vld|                 h_new_35_out|       pointer|
|h_new_35_out_ap_vld  |  out|    1|      ap_vld|                 h_new_35_out|       pointer|
|h_new_34_out         |  out|   10|      ap_vld|                 h_new_34_out|       pointer|
|h_new_34_out_ap_vld  |  out|    1|      ap_vld|                 h_new_34_out|       pointer|
|h_new_33_out         |  out|   10|      ap_vld|                 h_new_33_out|       pointer|
|h_new_33_out_ap_vld  |  out|    1|      ap_vld|                 h_new_33_out|       pointer|
|h_new_32_out         |  out|   10|      ap_vld|                 h_new_32_out|       pointer|
|h_new_32_out_ap_vld  |  out|    1|      ap_vld|                 h_new_32_out|       pointer|
|h_new_31_out         |  out|   10|      ap_vld|                 h_new_31_out|       pointer|
|h_new_31_out_ap_vld  |  out|    1|      ap_vld|                 h_new_31_out|       pointer|
|h_new_30_out         |  out|   10|      ap_vld|                 h_new_30_out|       pointer|
|h_new_30_out_ap_vld  |  out|    1|      ap_vld|                 h_new_30_out|       pointer|
|h_new_29_out         |  out|   10|      ap_vld|                 h_new_29_out|       pointer|
|h_new_29_out_ap_vld  |  out|    1|      ap_vld|                 h_new_29_out|       pointer|
|h_new_28_out         |  out|   10|      ap_vld|                 h_new_28_out|       pointer|
|h_new_28_out_ap_vld  |  out|    1|      ap_vld|                 h_new_28_out|       pointer|
|h_new_27_out         |  out|   10|      ap_vld|                 h_new_27_out|       pointer|
|h_new_27_out_ap_vld  |  out|    1|      ap_vld|                 h_new_27_out|       pointer|
|h_new_26_out         |  out|   10|      ap_vld|                 h_new_26_out|       pointer|
|h_new_26_out_ap_vld  |  out|    1|      ap_vld|                 h_new_26_out|       pointer|
|h_new_25_out         |  out|   10|      ap_vld|                 h_new_25_out|       pointer|
|h_new_25_out_ap_vld  |  out|    1|      ap_vld|                 h_new_25_out|       pointer|
|h_new_24_out         |  out|   10|      ap_vld|                 h_new_24_out|       pointer|
|h_new_24_out_ap_vld  |  out|    1|      ap_vld|                 h_new_24_out|       pointer|
|h_new_23_out         |  out|   10|      ap_vld|                 h_new_23_out|       pointer|
|h_new_23_out_ap_vld  |  out|    1|      ap_vld|                 h_new_23_out|       pointer|
|h_new_22_out         |  out|   10|      ap_vld|                 h_new_22_out|       pointer|
|h_new_22_out_ap_vld  |  out|    1|      ap_vld|                 h_new_22_out|       pointer|
|h_new_21_out         |  out|   10|      ap_vld|                 h_new_21_out|       pointer|
|h_new_21_out_ap_vld  |  out|    1|      ap_vld|                 h_new_21_out|       pointer|
|h_new_20_out         |  out|   10|      ap_vld|                 h_new_20_out|       pointer|
|h_new_20_out_ap_vld  |  out|    1|      ap_vld|                 h_new_20_out|       pointer|
|h_new_19_out         |  out|   10|      ap_vld|                 h_new_19_out|       pointer|
|h_new_19_out_ap_vld  |  out|    1|      ap_vld|                 h_new_19_out|       pointer|
|h_new_18_out         |  out|   10|      ap_vld|                 h_new_18_out|       pointer|
|h_new_18_out_ap_vld  |  out|    1|      ap_vld|                 h_new_18_out|       pointer|
|h_new_17_out         |  out|   10|      ap_vld|                 h_new_17_out|       pointer|
|h_new_17_out_ap_vld  |  out|    1|      ap_vld|                 h_new_17_out|       pointer|
|h_new_16_out         |  out|   10|      ap_vld|                 h_new_16_out|       pointer|
|h_new_16_out_ap_vld  |  out|    1|      ap_vld|                 h_new_16_out|       pointer|
|h_new_15_out         |  out|   10|      ap_vld|                 h_new_15_out|       pointer|
|h_new_15_out_ap_vld  |  out|    1|      ap_vld|                 h_new_15_out|       pointer|
|h_new_14_out         |  out|   10|      ap_vld|                 h_new_14_out|       pointer|
|h_new_14_out_ap_vld  |  out|    1|      ap_vld|                 h_new_14_out|       pointer|
|h_new_13_out         |  out|   10|      ap_vld|                 h_new_13_out|       pointer|
|h_new_13_out_ap_vld  |  out|    1|      ap_vld|                 h_new_13_out|       pointer|
|h_new_12_out         |  out|   10|      ap_vld|                 h_new_12_out|       pointer|
|h_new_12_out_ap_vld  |  out|    1|      ap_vld|                 h_new_12_out|       pointer|
|h_new_11_out         |  out|   10|      ap_vld|                 h_new_11_out|       pointer|
|h_new_11_out_ap_vld  |  out|    1|      ap_vld|                 h_new_11_out|       pointer|
|h_new_10_out         |  out|   10|      ap_vld|                 h_new_10_out|       pointer|
|h_new_10_out_ap_vld  |  out|    1|      ap_vld|                 h_new_10_out|       pointer|
|h_new_9_out          |  out|   10|      ap_vld|                  h_new_9_out|       pointer|
|h_new_9_out_ap_vld   |  out|    1|      ap_vld|                  h_new_9_out|       pointer|
|h_new_8_out          |  out|   10|      ap_vld|                  h_new_8_out|       pointer|
|h_new_8_out_ap_vld   |  out|    1|      ap_vld|                  h_new_8_out|       pointer|
|h_new_7_out          |  out|   10|      ap_vld|                  h_new_7_out|       pointer|
|h_new_7_out_ap_vld   |  out|    1|      ap_vld|                  h_new_7_out|       pointer|
|h_new_6_out          |  out|   10|      ap_vld|                  h_new_6_out|       pointer|
|h_new_6_out_ap_vld   |  out|    1|      ap_vld|                  h_new_6_out|       pointer|
|h_new_5_out          |  out|   10|      ap_vld|                  h_new_5_out|       pointer|
|h_new_5_out_ap_vld   |  out|    1|      ap_vld|                  h_new_5_out|       pointer|
|h_new_4_out          |  out|   10|      ap_vld|                  h_new_4_out|       pointer|
|h_new_4_out_ap_vld   |  out|    1|      ap_vld|                  h_new_4_out|       pointer|
|h_new_3_out          |  out|   10|      ap_vld|                  h_new_3_out|       pointer|
|h_new_3_out_ap_vld   |  out|    1|      ap_vld|                  h_new_3_out|       pointer|
|h_new_2_out          |  out|   10|      ap_vld|                  h_new_2_out|       pointer|
|h_new_2_out_ap_vld   |  out|    1|      ap_vld|                  h_new_2_out|       pointer|
|h_new_1_out          |  out|   10|      ap_vld|                  h_new_1_out|       pointer|
|h_new_1_out_ap_vld   |  out|    1|      ap_vld|                  h_new_1_out|       pointer|
|h_new_out            |  out|   10|      ap_vld|                    h_new_out|       pointer|
|h_new_out_ap_vld     |  out|    1|      ap_vld|                    h_new_out|       pointer|
|y_acc_out            |  out|   32|      ap_vld|                    y_acc_out|       pointer|
|y_acc_out_ap_vld     |  out|    1|      ap_vld|                    y_acc_out|       pointer|
+---------------------+-----+-----+------------+-----------------------------+--------------+

