

================================================================
== Vitis HLS Report for 'gru_va_Pipeline_HIDDEN_LOOP'
================================================================
* Date:           Sat Aug  8 15:36:26 2026

* Version:        2025.2 (Build 6295257 on Nov 14 2025)
* Project:        b_rodent_mod
* Solution:       sol_rodent_mod_w15 (Vivado IP Flow Target)
* Product family: zynq
* Target device:  xc7z020-clg400-1


================================================================
== Performance Estimates
================================================================
+ Timing: 
    * Summary: 
    +--------+----------+----------+------------+
    |  Clock |  Target  | Estimated| Uncertainty|
    +--------+----------+----------+------------+
    |ap_clk  |  10.00 ns|  7.155 ns|     2.70 ns|
    +--------+----------+----------+------------+

+ Latency: 
    * Summary: 
    +---------+---------+----------+----------+-----+-----+-------------------+
    |  Latency (cycles) |  Latency (absolute) |  Interval |      Pipeline     |
    |   min   |   max   |    min   |    max   | min | max |        Type       |
    +---------+---------+----------+----------+-----+-----+-------------------+
    |      131|      131|  1.310 us|  1.310 us|    0|    0|  loop pipeline stp|
    +---------+---------+----------+----------+-----+-----+-------------------+

    + Detail: 
        * Instance: 
        +------------------+-------+---------+---------+-----------+-----------+-----+-----+---------+
        |                  |       |  Latency (cycles) |   Latency (absolute)  |  Interval | Pipeline|
        |     Instance     | Module|   min   |   max   |    min    |    max    | min | max |   Type  |
        +------------------+-------+---------+---------+-----------+-----------+-----+-----+---------+
        |grp_mac3_fu_2744  |mac3   |        1|        1|  10.000 ns|  10.000 ns|    1|    1|      yes|
        |grp_mac3_fu_2736  |mac3   |        1|        1|  10.000 ns|  10.000 ns|    1|    1|      yes|
        |grp_mac3_fu_2747  |mac3   |        1|        1|  10.000 ns|  10.000 ns|    1|    1|      yes|
        |grp_mac3_fu_2741  |mac3   |        1|        1|  10.000 ns|  10.000 ns|    1|    1|      yes|
        |grp_mac3_fu_2749  |mac3   |        1|        1|  10.000 ns|  10.000 ns|    1|    1|      yes|
        |grp_mac3_fu_2745  |mac3   |        1|        1|  10.000 ns|  10.000 ns|    1|    1|      yes|
        |grp_mac3_fu_2750  |mac3   |        1|        1|  10.000 ns|  10.000 ns|    1|    1|      yes|
        |grp_mac3_fu_2738  |mac3   |        1|        1|  10.000 ns|  10.000 ns|    1|    1|      yes|
        |grp_mac3_fu_2739  |mac3   |        1|        1|  10.000 ns|  10.000 ns|    1|    1|      yes|
        |grp_mac3_fu_2746  |mac3   |        1|        1|  10.000 ns|  10.000 ns|    1|    1|      yes|
        |grp_mac3_fu_2734  |mac3   |        1|        1|  10.000 ns|  10.000 ns|    1|    1|      yes|
        |grp_mac3_fu_2735  |mac3   |        1|        1|  10.000 ns|  10.000 ns|    1|    1|      yes|
        |grp_mac3_fu_2737  |mac3   |        1|        1|  10.000 ns|  10.000 ns|    1|    1|      yes|
        |grp_mac3_fu_2732  |mac3   |        1|        1|  10.000 ns|  10.000 ns|    1|    1|      yes|
        |grp_mac3_fu_2733  |mac3   |        1|        1|  10.000 ns|  10.000 ns|    1|    1|      yes|
        |grp_mac3_fu_2742  |mac3   |        1|        1|  10.000 ns|  10.000 ns|    1|    1|      yes|
        |grp_mac3_fu_2740  |mac3   |        1|        1|  10.000 ns|  10.000 ns|    1|    1|      yes|
        |grp_mac3_fu_2743  |mac3   |        1|        1|  10.000 ns|  10.000 ns|    1|    1|      yes|
        |grp_mac3_fu_2748  |mac3   |        1|        1|  10.000 ns|  10.000 ns|    1|    1|      yes|
        |grp_mac3_fu_2751  |mac3   |        1|        1|  10.000 ns|  10.000 ns|    1|    1|      yes|
        +------------------+-------+---------+---------+-----------+-----------+-----+-----+---------+

        * Loop: 
        +---------------+---------+---------+----------+-----------+-----------+------+----------+
        |               |  Latency (cycles) | Iteration|  Initiation Interval  | Trip |          |
        |   Loop Name   |   min   |   max   |  Latency |  achieved |   target  | Count| Pipelined|
        +---------------+---------+---------+----------+-----------+-----------+------+----------+
        |- HIDDEN_LOOP  |      129|      129|        52|          2|          1|    40|       yes|
        +---------------+---------+---------+----------+-----------+-----------+------+----------+



================================================================
== Utilization Estimates
================================================================
* Summary: 
+-----------------+---------+-----+--------+-------+-----+
|       Name      | BRAM_18K| DSP |   FF   |  LUT  | URAM|
+-----------------+---------+-----+--------+-------+-----+
|DSP              |        -|    -|       -|      -|    -|
|Expression       |        -|    -|       0|  21088|    -|
|FIFO             |        -|    -|       -|      -|    -|
|Instance         |        -|   72|    1965|   3651|    -|
|Memory           |        4|    -|    1580|   1059|    -|
|Multiplexer      |        -|    -|       0|   1618|    -|
|Register         |        -|    -|   16539|   3552|    -|
+-----------------+---------+-----+--------+-------+-----+
|Total            |        4|   72|   20084|  30968|    0|
+-----------------+---------+-----+--------+-------+-----+
|Available        |      280|  220|  106400|  53200|    0|
+-----------------+---------+-----+--------+-------+-----+
|Utilization (%)  |        1|   32|      18|     58|    0|
+-----------------+---------+-----+--------+-------+-----+

+ Detail: 
    * Instance: 
    +---------------------------+-----------------------+---------+----+-----+-----+-----+
    |          Instance         |         Module        | BRAM_18K| DSP|  FF | LUT | URAM|
    +---------------------------+-----------------------+---------+----+-----+-----+-----+
    |grp_mac3_fu_2732           |mac3                   |        0|   3|   90|  162|    0|
    |grp_mac3_fu_2733           |mac3                   |        0|   3|   90|  162|    0|
    |grp_mac3_fu_2734           |mac3                   |        0|   3|   90|  162|    0|
    |grp_mac3_fu_2735           |mac3                   |        0|   3|   90|  162|    0|
    |grp_mac3_fu_2736           |mac3                   |        0|   3|   90|  162|    0|
    |grp_mac3_fu_2737           |mac3                   |        0|   3|   90|  162|    0|
    |grp_mac3_fu_2738           |mac3                   |        0|   3|   90|  162|    0|
    |grp_mac3_fu_2739           |mac3                   |        0|   3|   90|  162|    0|
    |grp_mac3_fu_2740           |mac3                   |        0|   3|   90|  162|    0|
    |grp_mac3_fu_2741           |mac3                   |        0|   3|   90|  162|    0|
    |grp_mac3_fu_2742           |mac3                   |        0|   3|   90|  162|    0|
    |grp_mac3_fu_2743           |mac3                   |        0|   3|   90|  162|    0|
    |grp_mac3_fu_2744           |mac3                   |        0|   3|   90|  162|    0|
    |grp_mac3_fu_2745           |mac3                   |        0|   3|   90|  162|    0|
    |grp_mac3_fu_2746           |mac3                   |        0|   3|   90|  162|    0|
    |grp_mac3_fu_2747           |mac3                   |        0|   3|   90|  162|    0|
    |grp_mac3_fu_2748           |mac3                   |        0|   3|   90|  162|    0|
    |grp_mac3_fu_2749           |mac3                   |        0|   3|   90|  162|    0|
    |grp_mac3_fu_2750           |mac3                   |        0|   3|   90|  162|    0|
    |grp_mac3_fu_2751           |mac3                   |        0|   3|   90|  162|    0|
    |mul_10s_15s_25_1_1_U27     |mul_10s_15s_25_1_1     |        0|   1|    0|    6|    0|
    |mul_14s_15s_29_1_1_U15     |mul_14s_15s_29_1_1     |        0|   1|    0|    6|    0|
    |mul_14s_15s_29_1_1_U16     |mul_14s_15s_29_1_1     |        0|   1|    0|    6|    0|
    |mul_15s_15s_30_1_1_U14     |mul_15s_15s_30_1_1     |        0|   1|    0|    6|    0|
    |mul_22s_20ns_42_1_1_U10    |mul_22s_20ns_42_1_1    |        0|   2|    0|   24|    0|
    |mul_22s_20ns_42_1_1_U11    |mul_22s_20ns_42_1_1    |        0|   2|    0|   24|    0|
    |mul_23s_22s_45_1_1_U12     |mul_23s_22s_45_1_1     |        0|   2|    0|   31|    0|
    |mul_32s_15s_47_2_1_U13     |mul_32s_15s_47_2_1     |        0|   2|  165|   50|    0|
    |sparsemux_7_2_15_1_1_U20   |sparsemux_7_2_15_1_1   |        0|   0|    0|    9|    0|
    |sparsemux_7_2_15_1_1_U21   |sparsemux_7_2_15_1_1   |        0|   0|    0|    9|    0|
    |sparsemux_7_2_15_1_1_U22   |sparsemux_7_2_15_1_1   |        0|   0|    0|    9|    0|
    |sparsemux_7_2_15_1_1_U23   |sparsemux_7_2_15_1_1   |        0|   0|    0|    9|    0|
    |sparsemux_7_2_15_1_1_U25   |sparsemux_7_2_15_1_1   |        0|   0|    0|    9|    0|
    |sparsemux_7_2_15_1_1_U26   |sparsemux_7_2_15_1_1   |        0|   0|    0|    9|    0|
    |sparsemux_7_2_32_1_1_U18   |sparsemux_7_2_32_1_1   |        0|   0|    0|    9|    0|
    |sparsemux_7_2_32_1_1_U19   |sparsemux_7_2_32_1_1   |        0|   0|    0|    9|    0|
    |sparsemux_7_2_32_1_1_U24   |sparsemux_7_2_32_1_1   |        0|   0|    0|    9|    0|
    |sparsemux_81_6_15_1_1_U17  |sparsemux_81_6_15_1_1  |        0|   0|    0|  177|    0|
    +---------------------------+-----------------------+---------+----+-----+-----+-----+
    |Total                      |                       |        0|  72| 1965| 3651|    0|
    +---------------------------+-----------------------+---------+----+-----+-----+-----+

    * DSP: 
    N/A

    * Memory: 
    +--------------+----------------------------------------------------+---------+----+----+-----+------+-----+------+-------------+
    |    Memory    |                       Module                       | BRAM_18K| FF | LUT| URAM| Words| Bits| Banks| W*Bits*Banks|
    +--------------+----------------------------------------------------+---------+----+----+-----+------+-----+------+-------------+
    |TANH_TABLE_U  |gru_va_Pipeline_HIDDEN_LOOP_TANH_TABLE_ROM_AUTO_1R  |        4|   0|   0|    0|  1025|   14|     1|        14350|
    |U_n_0_U       |gru_va_Pipeline_HIDDEN_LOOP_U_n_0_ROM_AUTO_1R       |        0|  12|   8|    0|    40|   12|     1|          480|
    |U_n_10_U      |gru_va_Pipeline_HIDDEN_LOOP_U_n_10_ROM_AUTO_1R      |        0|  11|   7|    0|    40|   11|     1|          440|
    |U_n_11_U      |gru_va_Pipeline_HIDDEN_LOOP_U_n_11_ROM_AUTO_1R      |        0|  10|   7|    0|    40|   10|     1|          400|
    |U_n_12_U      |gru_va_Pipeline_HIDDEN_LOOP_U_n_12_ROM_AUTO_1R      |        0|  12|   8|    0|    40|   12|     1|          480|
    |U_n_13_U      |gru_va_Pipeline_HIDDEN_LOOP_U_n_13_ROM_AUTO_1R      |        0|  11|   7|    0|    40|   11|     1|          440|
    |U_n_14_U      |gru_va_Pipeline_HIDDEN_LOOP_U_n_14_ROM_AUTO_1R      |        0|  11|   7|    0|    40|   11|     1|          440|
    |U_n_15_U      |gru_va_Pipeline_HIDDEN_LOOP_U_n_15_ROM_AUTO_1R      |        0|  12|   8|    0|    40|   12|     1|          480|
    |U_n_16_U      |gru_va_Pipeline_HIDDEN_LOOP_U_n_16_ROM_AUTO_1R      |        0|  12|   8|    0|    40|   12|     1|          480|
    |U_n_17_U      |gru_va_Pipeline_HIDDEN_LOOP_U_n_17_ROM_AUTO_1R      |        0|  12|   8|    0|    40|   12|     1|          480|
    |U_n_18_U      |gru_va_Pipeline_HIDDEN_LOOP_U_n_18_ROM_AUTO_1R      |        0|  12|   8|    0|    40|   12|     1|          480|
    |U_n_19_U      |gru_va_Pipeline_HIDDEN_LOOP_U_n_19_ROM_AUTO_1R      |        0|  11|   7|    0|    40|   11|     1|          440|
    |U_n_1_U       |gru_va_Pipeline_HIDDEN_LOOP_U_n_1_ROM_AUTO_1R       |        0|  12|   8|    0|    40|   12|     1|          480|
    |U_n_20_U      |gru_va_Pipeline_HIDDEN_LOOP_U_n_20_ROM_AUTO_1R      |        0|  12|   8|    0|    40|   12|     1|          480|
    |U_n_21_U      |gru_va_Pipeline_HIDDEN_LOOP_U_n_21_ROM_AUTO_1R      |        0|  13|   9|    0|    40|   13|     1|          520|
    |U_n_22_U      |gru_va_Pipeline_HIDDEN_LOOP_U_n_22_ROM_AUTO_1R      |        0|  11|   7|    0|    40|   11|     1|          440|
    |U_n_23_U      |gru_va_Pipeline_HIDDEN_LOOP_U_n_23_ROM_AUTO_1R      |        0|  11|   7|    0|    40|   11|     1|          440|
    |U_n_24_U      |gru_va_Pipeline_HIDDEN_LOOP_U_n_24_ROM_AUTO_1R      |        0|  11|   7|    0|    40|   11|     1|          440|
    |U_n_25_U      |gru_va_Pipeline_HIDDEN_LOOP_U_n_25_ROM_AUTO_1R      |        0|  12|   8|    0|    40|   12|     1|          480|
    |U_n_26_U      |gru_va_Pipeline_HIDDEN_LOOP_U_n_26_ROM_AUTO_1R      |        0|  11|   7|    0|    40|   11|     1|          440|
    |U_n_27_U      |gru_va_Pipeline_HIDDEN_LOOP_U_n_27_ROM_AUTO_1R      |        0|  12|   8|    0|    40|   12|     1|          480|
    |U_n_28_U      |gru_va_Pipeline_HIDDEN_LOOP_U_n_28_ROM_AUTO_1R      |        0|  10|   7|    0|    40|   10|     1|          400|
    |U_n_29_U      |gru_va_Pipeline_HIDDEN_LOOP_U_n_29_ROM_AUTO_1R      |        0|  12|   8|    0|    40|   12|     1|          480|
    |U_n_2_U       |gru_va_Pipeline_HIDDEN_LOOP_U_n_2_ROM_AUTO_1R       |        0|  11|   7|    0|    40|   11|     1|          440|
    |U_n_30_U      |gru_va_Pipeline_HIDDEN_LOOP_U_n_30_ROM_AUTO_1R      |        0|  12|   8|    0|    40|   12|     1|          480|
    |U_n_31_U      |gru_va_Pipeline_HIDDEN_LOOP_U_n_31_ROM_AUTO_1R      |        0|  11|   7|    0|    40|   11|     1|          440|
    |U_n_32_U      |gru_va_Pipeline_HIDDEN_LOOP_U_n_32_ROM_AUTO_1R      |        0|  12|   8|    0|    40|   12|     1|          480|
    |U_n_33_U      |gru_va_Pipeline_HIDDEN_LOOP_U_n_33_ROM_AUTO_1R      |        0|  11|   7|    0|    40|   11|     1|          440|
    |U_n_34_U      |gru_va_Pipeline_HIDDEN_LOOP_U_n_34_ROM_AUTO_1R      |        0|  12|   8|    0|    40|   12|     1|          480|
    |U_n_35_U      |gru_va_Pipeline_HIDDEN_LOOP_U_n_35_ROM_AUTO_1R      |        0|  12|   8|    0|    40|   12|     1|          480|
    |U_n_36_U      |gru_va_Pipeline_HIDDEN_LOOP_U_n_36_ROM_AUTO_1R      |        0|  11|   7|    0|    40|   11|     1|          440|
    |U_n_37_U      |gru_va_Pipeline_HIDDEN_LOOP_U_n_37_ROM_AUTO_1R      |        0|  12|   8|    0|    40|   12|     1|          480|
    |U_n_38_U      |gru_va_Pipeline_HIDDEN_LOOP_U_n_38_ROM_AUTO_1R      |        0|  11|   7|    0|    40|   11|     1|          440|
    |U_n_39_U      |gru_va_Pipeline_HIDDEN_LOOP_U_n_39_ROM_AUTO_1R      |        0|  13|   9|    0|    40|   13|     1|          520|
    |U_n_3_U       |gru_va_Pipeline_HIDDEN_LOOP_U_n_3_ROM_AUTO_1R       |        0|  12|   8|    0|    40|   12|     1|          480|
    |U_n_4_U       |gru_va_Pipeline_HIDDEN_LOOP_U_n_4_ROM_AUTO_1R       |        0|  11|   7|    0|    40|   11|     1|          440|
    |U_n_5_U       |gru_va_Pipeline_HIDDEN_LOOP_U_n_5_ROM_AUTO_1R       |        0|  12|   8|    0|    40|   12|     1|          480|
    |U_n_6_U       |gru_va_Pipeline_HIDDEN_LOOP_U_n_6_ROM_AUTO_1R       |        0|  12|   8|    0|    40|   12|     1|          480|
    |U_n_7_U       |gru_va_Pipeline_HIDDEN_LOOP_U_n_7_ROM_AUTO_1R       |        0|  12|   8|    0|    40|   12|     1|          480|
    |U_n_8_U       |gru_va_Pipeline_HIDDEN_LOOP_U_n_8_ROM_AUTO_1R       |        0|  11|   7|    0|    40|   11|     1|          440|
    |U_n_9_U       |gru_va_Pipeline_HIDDEN_LOOP_U_n_9_ROM_AUTO_1R       |        0|  11|   7|    0|    40|   11|     1|          440|
    |U_r_0_U       |gru_va_Pipeline_HIDDEN_LOOP_U_r_0_ROM_AUTO_1R       |        0|  13|   9|    0|    40|   13|     1|          520|
    |U_r_10_U      |gru_va_Pipeline_HIDDEN_LOOP_U_r_10_ROM_AUTO_1R      |        0|  12|   8|    0|    40|   12|     1|          480|
    |U_r_11_U      |gru_va_Pipeline_HIDDEN_LOOP_U_r_11_ROM_AUTO_1R      |        0|  12|   8|    0|    40|   12|     1|          480|
    |U_r_12_U      |gru_va_Pipeline_HIDDEN_LOOP_U_r_12_ROM_AUTO_1R      |        0|  12|   8|    0|    40|   12|     1|          480|
    |U_r_13_U      |gru_va_Pipeline_HIDDEN_LOOP_U_r_13_ROM_AUTO_1R      |        0|  12|   8|    0|    40|   12|     1|          480|
    |U_r_14_U      |gru_va_Pipeline_HIDDEN_LOOP_U_r_14_ROM_AUTO_1R      |        0|  12|   8|    0|    40|   12|     1|          480|
    |U_r_15_U      |gru_va_Pipeline_HIDDEN_LOOP_U_r_15_ROM_AUTO_1R      |        0|  12|   8|    0|    40|   12|     1|          480|
    |U_r_16_U      |gru_va_Pipeline_HIDDEN_LOOP_U_r_16_ROM_AUTO_1R      |        0|  13|   9|    0|    40|   13|     1|          520|
    |U_r_17_U      |gru_va_Pipeline_HIDDEN_LOOP_U_r_17_ROM_AUTO_1R      |        0|  13|   9|    0|    40|   13|     1|          520|
    |U_r_18_U      |gru_va_Pipeline_HIDDEN_LOOP_U_r_18_ROM_AUTO_1R      |        0|  12|   8|    0|    40|   12|     1|          480|
    |U_r_19_U      |gru_va_Pipeline_HIDDEN_LOOP_U_r_19_ROM_AUTO_1R      |        0|  10|   7|    0|    40|   10|     1|          400|
    |U_r_1_U       |gru_va_Pipeline_HIDDEN_LOOP_U_r_1_ROM_AUTO_1R       |        0|  13|   9|    0|    40|   13|     1|          520|
    |U_r_20_U      |gru_va_Pipeline_HIDDEN_LOOP_U_r_20_ROM_AUTO_1R      |        0|  13|   9|    0|    40|   13|     1|          520|
    |U_r_21_U      |gru_va_Pipeline_HIDDEN_LOOP_U_r_21_ROM_AUTO_1R      |        0|  13|   9|    0|    40|   13|     1|          520|
    |U_r_22_U      |gru_va_Pipeline_HIDDEN_LOOP_U_r_22_ROM_AUTO_1R      |        0|  12|   8|    0|    40|   12|     1|          480|
    |U_r_23_U      |gru_va_Pipeline_HIDDEN_LOOP_U_r_23_ROM_AUTO_1R      |        0|  12|   8|    0|    40|   12|     1|          480|
    |U_r_24_U      |gru_va_Pipeline_HIDDEN_LOOP_U_r_24_ROM_AUTO_1R      |        0|  11|   7|    0|    40|   11|     1|          440|
    |U_r_25_U      |gru_va_Pipeline_HIDDEN_LOOP_U_r_25_ROM_AUTO_1R      |        0|  11|   7|    0|    40|   11|     1|          440|
    |U_r_26_U      |gru_va_Pipeline_HIDDEN_LOOP_U_r_26_ROM_AUTO_1R      |        0|  11|   7|    0|    40|   11|     1|          440|
    |U_r_27_U      |gru_va_Pipeline_HIDDEN_LOOP_U_r_27_ROM_AUTO_1R      |        0|  11|   7|    0|    40|   11|     1|          440|
    |U_r_28_U      |gru_va_Pipeline_HIDDEN_LOOP_U_r_28_ROM_AUTO_1R      |        0|  11|   7|    0|    40|   11|     1|          440|
    |U_r_29_U      |gru_va_Pipeline_HIDDEN_LOOP_U_r_29_ROM_AUTO_1R      |        0|  12|   8|    0|    40|   12|     1|          480|
    |U_r_2_U       |gru_va_Pipeline_HIDDEN_LOOP_U_r_2_ROM_AUTO_1R       |        0|  13|   9|    0|    40|   13|     1|          520|
    |U_r_30_U      |gru_va_Pipeline_HIDDEN_LOOP_U_r_30_ROM_AUTO_1R      |        0|  11|   7|    0|    40|   11|     1|          440|
    |U_r_31_U      |gru_va_Pipeline_HIDDEN_LOOP_U_r_31_ROM_AUTO_1R      |        0|  12|   8|    0|    40|   12|     1|          480|
    |U_r_32_U      |gru_va_Pipeline_HIDDEN_LOOP_U_r_32_ROM_AUTO_1R      |        0|  12|   8|    0|    40|   12|     1|          480|
    |U_r_33_U      |gru_va_Pipeline_HIDDEN_LOOP_U_r_33_ROM_AUTO_1R      |        0|  11|   7|    0|    40|   11|     1|          440|
    |U_r_34_U      |gru_va_Pipeline_HIDDEN_LOOP_U_r_34_ROM_AUTO_1R      |        0|  13|   9|    0|    40|   13|     1|          520|
    |U_r_35_U      |gru_va_Pipeline_HIDDEN_LOOP_U_r_35_ROM_AUTO_1R      |        0|  13|   9|    0|    40|   13|     1|          520|
    |U_r_36_U      |gru_va_Pipeline_HIDDEN_LOOP_U_r_36_ROM_AUTO_1R      |        0|  13|   9|    0|    40|   13|     1|          520|
    |U_r_37_U      |gru_va_Pipeline_HIDDEN_LOOP_U_r_37_ROM_AUTO_1R      |        0|  13|   9|    0|    40|   13|     1|          520|
    |U_r_38_U      |gru_va_Pipeline_HIDDEN_LOOP_U_r_38_ROM_AUTO_1R      |        0|  11|   7|    0|    40|   11|     1|          440|
    |U_r_39_U      |gru_va_Pipeline_HIDDEN_LOOP_U_r_39_ROM_AUTO_1R      |        0|  11|   7|    0|    40|   11|     1|          440|
    |U_r_3_U       |gru_va_Pipeline_HIDDEN_LOOP_U_r_3_ROM_AUTO_1R       |        0|  13|   9|    0|    40|   13|     1|          520|
    |U_r_4_U       |gru_va_Pipeline_HIDDEN_LOOP_U_r_4_ROM_AUTO_1R       |        0|  12|   8|    0|    40|   12|     1|          480|
    |U_r_5_U       |gru_va_Pipeline_HIDDEN_LOOP_U_r_5_ROM_AUTO_1R       |        0|  12|   8|    0|    40|   12|     1|          480|
    |U_r_6_U       |gru_va_Pipeline_HIDDEN_LOOP_U_r_6_ROM_AUTO_1R       |        0|  13|   9|    0|    40|   13|     1|          520|
    |U_r_7_U       |gru_va_Pipeline_HIDDEN_LOOP_U_r_7_ROM_AUTO_1R       |        0|  12|   8|    0|    40|   12|     1|          480|
    |U_r_8_U       |gru_va_Pipeline_HIDDEN_LOOP_U_r_8_ROM_AUTO_1R       |        0|  12|   8|    0|    40|   12|     1|          480|
    |U_r_9_U       |gru_va_Pipeline_HIDDEN_LOOP_U_r_9_ROM_AUTO_1R       |        0|  12|   8|    0|    40|   12|     1|          480|
    |U_z_0_U       |gru_va_Pipeline_HIDDEN_LOOP_U_z_0_ROM_AUTO_1R       |        0|  13|   9|    0|    40|   13|     1|          520|
    |U_z_10_U      |gru_va_Pipeline_HIDDEN_LOOP_U_z_10_ROM_AUTO_1R      |        0|  13|   9|    0|    40|   13|     1|          520|
    |U_z_11_U      |gru_va_Pipeline_HIDDEN_LOOP_U_z_11_ROM_AUTO_1R      |        0|  12|   8|    0|    40|   12|     1|          480|
    |U_z_12_U      |gru_va_Pipeline_HIDDEN_LOOP_U_z_12_ROM_AUTO_1R      |        0|  13|   9|    0|    40|   13|     1|          520|
    |U_z_13_U      |gru_va_Pipeline_HIDDEN_LOOP_U_z_13_ROM_AUTO_1R      |        0|  13|   9|    0|    40|   13|     1|          520|
    |U_z_14_U      |gru_va_Pipeline_HIDDEN_LOOP_U_z_14_ROM_AUTO_1R      |        0|  13|   9|    0|    40|   13|     1|          520|
    |U_z_15_U      |gru_va_Pipeline_HIDDEN_LOOP_U_z_15_ROM_AUTO_1R      |        0|  14|   9|    0|    40|   14|     1|          560|
    |U_z_16_U      |gru_va_Pipeline_HIDDEN_LOOP_U_z_16_ROM_AUTO_1R      |        0|  13|   9|    0|    40|   13|     1|          520|
    |U_z_17_U      |gru_va_Pipeline_HIDDEN_LOOP_U_z_17_ROM_AUTO_1R      |        0|  13|   9|    0|    40|   13|     1|          520|
    |U_z_18_U      |gru_va_Pipeline_HIDDEN_LOOP_U_z_18_ROM_AUTO_1R      |        0|  13|   9|    0|    40|   13|     1|          520|
    |U_z_19_U      |gru_va_Pipeline_HIDDEN_LOOP_U_z_19_ROM_AUTO_1R      |        0|  13|   9|    0|    40|   13|     1|          520|
    |U_z_1_U       |gru_va_Pipeline_HIDDEN_LOOP_U_z_1_ROM_AUTO_1R       |        0|  12|   8|    0|    40|   12|     1|          480|
    |U_z_20_U      |gru_va_Pipeline_HIDDEN_LOOP_U_z_20_ROM_AUTO_1R      |        0|  13|   9|    0|    40|   13|     1|          520|
    |U_z_21_U      |gru_va_Pipeline_HIDDEN_LOOP_U_z_21_ROM_AUTO_1R      |        0|  13|   9|    0|    40|   13|     1|          520|
    |U_z_22_U      |gru_va_Pipeline_HIDDEN_LOOP_U_z_22_ROM_AUTO_1R      |        0|  14|   9|    0|    40|   14|     1|          560|
    |U_z_23_U      |gru_va_Pipeline_HIDDEN_LOOP_U_z_23_ROM_AUTO_1R      |        0|  13|   9|    0|    40|   13|     1|          520|
    |U_z_24_U      |gru_va_Pipeline_HIDDEN_LOOP_U_z_24_ROM_AUTO_1R      |        0|  13|   9|    0|    40|   13|     1|          520|
    |U_z_25_U      |gru_va_Pipeline_HIDDEN_LOOP_U_z_25_ROM_AUTO_1R      |        0|  13|   9|    0|    40|   13|     1|          520|
    |U_z_26_U      |gru_va_Pipeline_HIDDEN_LOOP_U_z_26_ROM_AUTO_1R      |        0|  12|   8|    0|    40|   12|     1|          480|
    |U_z_27_U      |gru_va_Pipeline_HIDDEN_LOOP_U_z_27_ROM_AUTO_1R      |        0|  13|   9|    0|    40|   13|     1|          520|
    |U_z_28_U      |gru_va_Pipeline_HIDDEN_LOOP_U_z_28_ROM_AUTO_1R      |        0|  12|   8|    0|    40|   12|     1|          480|
    |U_z_29_U      |gru_va_Pipeline_HIDDEN_LOOP_U_z_29_ROM_AUTO_1R      |        0|  13|   9|    0|    40|   13|     1|          520|
    |U_z_2_U       |gru_va_Pipeline_HIDDEN_LOOP_U_z_2_ROM_AUTO_1R       |        0|  13|   9|    0|    40|   13|     1|          520|
    |U_z_30_U      |gru_va_Pipeline_HIDDEN_LOOP_U_z_30_ROM_AUTO_1R      |        0|  13|   9|    0|    40|   13|     1|          520|
    |U_z_31_U      |gru_va_Pipeline_HIDDEN_LOOP_U_z_31_ROM_AUTO_1R      |        0|  12|   8|    0|    40|   12|     1|          480|
    |U_z_32_U      |gru_va_Pipeline_HIDDEN_LOOP_U_z_32_ROM_AUTO_1R      |        0|  12|   8|    0|    40|   12|     1|          480|
    |U_z_33_U      |gru_va_Pipeline_HIDDEN_LOOP_U_z_33_ROM_AUTO_1R      |        0|  12|   8|    0|    40|   12|     1|          480|
    |U_z_34_U      |gru_va_Pipeline_HIDDEN_LOOP_U_z_34_ROM_AUTO_1R      |        0|  13|   9|    0|    40|   13|     1|          520|
    |U_z_35_U      |gru_va_Pipeline_HIDDEN_LOOP_U_z_35_ROM_AUTO_1R      |        0|  12|   8|    0|    40|   12|     1|          480|
    |U_z_36_U      |gru_va_Pipeline_HIDDEN_LOOP_U_z_36_ROM_AUTO_1R      |        0|  13|   9|    0|    40|   13|     1|          520|
    |U_z_37_U      |gru_va_Pipeline_HIDDEN_LOOP_U_z_37_ROM_AUTO_1R      |        0|  13|   9|    0|    40|   13|     1|          520|
    |U_z_38_U      |gru_va_Pipeline_HIDDEN_LOOP_U_z_38_ROM_AUTO_1R      |        0|  13|   9|    0|    40|   13|     1|          520|
    |U_z_39_U      |gru_va_Pipeline_HIDDEN_LOOP_U_z_39_ROM_AUTO_1R      |        0|  13|   9|    0|    40|   13|     1|          520|
    |U_z_3_U       |gru_va_Pipeline_HIDDEN_LOOP_U_z_3_ROM_AUTO_1R       |        0|  13|   9|    0|    40|   13|     1|          520|
    |U_z_4_U       |gru_va_Pipeline_HIDDEN_LOOP_U_z_4_ROM_AUTO_1R       |        0|  13|   9|    0|    40|   13|     1|          520|
    |U_z_5_U       |gru_va_Pipeline_HIDDEN_LOOP_U_z_5_ROM_AUTO_1R       |        0|  12|   8|    0|    40|   12|     1|          480|
    |U_z_6_U       |gru_va_Pipeline_HIDDEN_LOOP_U_z_6_ROM_AUTO_1R       |        0|  13|   9|    0|    40|   13|     1|          520|
    |U_z_7_U       |gru_va_Pipeline_HIDDEN_LOOP_U_z_7_ROM_AUTO_1R       |        0|  13|   9|    0|    40|   13|     1|          520|
    |U_z_8_U       |gru_va_Pipeline_HIDDEN_LOOP_U_z_8_ROM_AUTO_1R       |        0|  13|   9|    0|    40|   13|     1|          520|
    |U_z_9_U       |gru_va_Pipeline_HIDDEN_LOOP_U_z_9_ROM_AUTO_1R       |        0|  13|   9|    0|    40|   13|     1|          520|
    |W_n_U         |gru_va_Pipeline_HIDDEN_LOOP_W_n_ROM_AUTO_1R         |        0|  14|   9|    0|    40|   14|     1|          560|
    |W_r_U         |gru_va_Pipeline_HIDDEN_LOOP_W_r_ROM_AUTO_1R         |        0|  15|  10|    0|    40|   15|     1|          600|
    |W_z_U         |gru_va_Pipeline_HIDDEN_LOOP_W_z_ROM_AUTO_1R         |        0|  14|   9|    0|    40|   14|     1|          560|
    |b_hn_U        |gru_va_Pipeline_HIDDEN_LOOP_b_hn_ROM_AUTO_1R        |        0|  12|   8|    0|    40|   12|     1|          480|
    |b_hr_U        |gru_va_Pipeline_HIDDEN_LOOP_b_hr_ROM_AUTO_1R        |        0|  11|   7|    0|    40|   11|     1|          440|
    |b_hz_U        |gru_va_Pipeline_HIDDEN_LOOP_b_hz_ROM_AUTO_1R        |        0|  12|   8|    0|    40|   12|     1|          480|
    |b_in_U        |gru_va_Pipeline_HIDDEN_LOOP_b_in_ROM_AUTO_1R        |        0|  12|   8|    0|    40|   12|     1|          480|
    |b_ir_U        |gru_va_Pipeline_HIDDEN_LOOP_b_ir_ROM_AUTO_1R        |        0|  11|   7|    0|    40|   11|     1|          440|
    |b_iz_U        |gru_va_Pipeline_HIDDEN_LOOP_b_iz_ROM_AUTO_1R        |        0|  12|   8|    0|    40|   12|     1|          480|
    |w_out_U       |gru_va_Pipeline_HIDDEN_LOOP_w_out_ROM_AUTO_1R       |        0|  10|   7|    0|    40|   10|     1|          400|
    +--------------+----------------------------------------------------+---------+----+----+-----+------+-----+------+-------------+
    |Total         |                                                    |        4|1580|1059|    0|  6225| 1594|   131|        77550|
    +--------------+----------------------------------------------------+---------+----+----+-----+------+-----+------+-------------+

    * FIFO: 
    N/A

    * Expression: 
    +-------------------------------+----------+----+---+-----+------------+------------+
    |         Variable Name         | Operation| DSP| FF| LUT | Bitwidth P0| Bitwidth P1|
    +-------------------------------+----------+----+---+-----+------------+------------+
    |add_ln169_1_fu_16042_p2        |         +|   0|  0|   12|          11|           1|
    |add_ln169_2_fu_17755_p2        |         +|   0|  0|   12|          11|           1|
    |add_ln169_fu_15905_p2          |         +|   0|  0|   12|          11|           1|
    |add_ln170_2_fu_16518_p2        |         +|   0|  0|   49|          42|          42|
    |add_ln170_4_fu_17825_p2        |         +|   0|  0|   49|          42|          42|
    |add_ln170_fu_16113_p2          |         +|   0|  0|   49|          42|          42|
    |add_ln171_1_fu_16923_p2        |         +|   0|  0|   20|          15|          15|
    |add_ln171_2_fu_18071_p2        |         +|   0|  0|   20|          15|          15|
    |add_ln171_fu_16381_p2          |         +|   0|  0|   20|          15|          15|
    |add_ln183_2_fu_18365_p2        |         +|   0|  0|   30|          23|          21|
    |add_ln183_fu_17060_p2          |         +|   0|  0|   30|          23|          21|
    |add_ln245_fu_6556_p2           |         +|   0|  0|   14|           6|           1|
    |add_ln285_1_fu_7278_p2         |         +|   0|  0|   36|          29|          29|
    |add_ln285_fu_6569_p2           |         +|   0|  0|   12|          12|          12|
    |add_ln287_1_fu_7343_p2         |         +|   0|  0|   35|          28|          28|
    |add_ln287_fu_6583_p2           |         +|   0|  0|   14|          13|          13|
    |add_ln290_fu_7408_p2           |         +|   0|  0|   35|          28|          28|
    |add_ln300_10_fu_9583_p2        |         +|   0|  0|   40|          33|          33|
    |add_ln300_11_fu_9717_p2        |         +|   0|  0|   40|          33|          33|
    |add_ln300_12_fu_9985_p2        |         +|   0|  0|   40|          33|          33|
    |add_ln300_13_fu_10119_p2       |         +|   0|  0|   40|          33|          33|
    |add_ln300_14_fu_10387_p2       |         +|   0|  0|   40|          33|          33|
    |add_ln300_15_fu_10521_p2       |         +|   0|  0|   40|          33|          33|
    |add_ln300_16_fu_10789_p2       |         +|   0|  0|   40|          33|          33|
    |add_ln300_17_fu_10923_p2       |         +|   0|  0|   40|          33|          33|
    |add_ln300_18_fu_11191_p2       |         +|   0|  0|   40|          33|          33|
    |add_ln300_19_fu_11325_p2       |         +|   0|  0|   40|          33|          33|
    |add_ln300_1_fu_7707_p2         |         +|   0|  0|   40|          33|          33|
    |add_ln300_20_fu_11593_p2       |         +|   0|  0|   40|          33|          33|
    |add_ln300_21_fu_11727_p2       |         +|   0|  0|   40|          33|          33|
    |add_ln300_22_fu_11995_p2       |         +|   0|  0|   40|          33|          33|
    |add_ln300_23_fu_12129_p2       |         +|   0|  0|   40|          33|          33|
    |add_ln300_24_fu_12397_p2       |         +|   0|  0|   40|          33|          33|
    |add_ln300_25_fu_12531_p2       |         +|   0|  0|   40|          33|          33|
    |add_ln300_26_fu_12799_p2       |         +|   0|  0|   40|          33|          33|
    |add_ln300_27_fu_12933_p2       |         +|   0|  0|   40|          33|          33|
    |add_ln300_28_fu_13201_p2       |         +|   0|  0|   40|          33|          33|
    |add_ln300_29_fu_13335_p2       |         +|   0|  0|   40|          33|          33|
    |add_ln300_2_fu_7975_p2         |         +|   0|  0|   40|          33|          33|
    |add_ln300_30_fu_13603_p2       |         +|   0|  0|   40|          33|          33|
    |add_ln300_31_fu_13737_p2       |         +|   0|  0|   40|          33|          33|
    |add_ln300_32_fu_14005_p2       |         +|   0|  0|   40|          33|          33|
    |add_ln300_33_fu_14139_p2       |         +|   0|  0|   40|          33|          33|
    |add_ln300_34_fu_14407_p2       |         +|   0|  0|   40|          33|          33|
    |add_ln300_35_fu_14541_p2       |         +|   0|  0|   40|          33|          33|
    |add_ln300_36_fu_14809_p2       |         +|   0|  0|   40|          33|          33|
    |add_ln300_37_fu_14943_p2       |         +|   0|  0|   40|          33|          33|
    |add_ln300_38_fu_15211_p2       |         +|   0|  0|   40|          33|          33|
    |add_ln300_39_fu_15345_p2       |         +|   0|  0|   40|          33|          33|
    |add_ln300_3_fu_8109_p2         |         +|   0|  0|   40|          33|          33|
    |add_ln300_40_fu_7559_p2        |         +|   0|  0|   39|          32|          32|
    |add_ln300_4_fu_8377_p2         |         +|   0|  0|   40|          33|          33|
    |add_ln300_5_fu_8511_p2         |         +|   0|  0|   40|          33|          33|
    |add_ln300_6_fu_8779_p2         |         +|   0|  0|   40|          33|          33|
    |add_ln300_7_fu_8913_p2         |         +|   0|  0|   40|          33|          33|
    |add_ln300_8_fu_9181_p2         |         +|   0|  0|   40|          33|          33|
    |add_ln300_9_fu_9315_p2         |         +|   0|  0|   40|          33|          33|
    |add_ln300_fu_7564_p2           |         +|   0|  0|   40|          33|          33|
    |add_ln301_10_fu_9649_p2        |         +|   0|  0|   40|          33|          33|
    |add_ln301_11_fu_9785_p2        |         +|   0|  0|   40|          33|          33|
    |add_ln301_12_fu_10051_p2       |         +|   0|  0|   40|          33|          33|
    |add_ln301_13_fu_10187_p2       |         +|   0|  0|   40|          33|          33|
    |add_ln301_14_fu_10453_p2       |         +|   0|  0|   40|          33|          33|
    |add_ln301_15_fu_10589_p2       |         +|   0|  0|   40|          33|          33|
    |add_ln301_16_fu_10855_p2       |         +|   0|  0|   40|          33|          33|
    |add_ln301_17_fu_10991_p2       |         +|   0|  0|   40|          33|          33|
    |add_ln301_18_fu_11257_p2       |         +|   0|  0|   40|          33|          33|
    |add_ln301_19_fu_11393_p2       |         +|   0|  0|   40|          33|          33|
    |add_ln301_1_fu_7775_p2         |         +|   0|  0|   40|          33|          33|
    |add_ln301_20_fu_11659_p2       |         +|   0|  0|   40|          33|          33|
    |add_ln301_21_fu_11795_p2       |         +|   0|  0|   40|          33|          33|
    |add_ln301_22_fu_12061_p2       |         +|   0|  0|   40|          33|          33|
    |add_ln301_23_fu_12197_p2       |         +|   0|  0|   40|          33|          33|
    |add_ln301_24_fu_12463_p2       |         +|   0|  0|   40|          33|          33|
    |add_ln301_25_fu_12599_p2       |         +|   0|  0|   40|          33|          33|
    |add_ln301_26_fu_12865_p2       |         +|   0|  0|   40|          33|          33|
    |add_ln301_27_fu_13001_p2       |         +|   0|  0|   40|          33|          33|
    |add_ln301_28_fu_13267_p2       |         +|   0|  0|   40|          33|          33|
    |add_ln301_29_fu_13403_p2       |         +|   0|  0|   40|          33|          33|
    |add_ln301_2_fu_8041_p2         |         +|   0|  0|   40|          33|          33|
    |add_ln301_30_fu_13669_p2       |         +|   0|  0|   40|          33|          33|
    |add_ln301_31_fu_13805_p2       |         +|   0|  0|   40|          33|          33|
    |add_ln301_32_fu_14071_p2       |         +|   0|  0|   40|          33|          33|
    |add_ln301_33_fu_14207_p2       |         +|   0|  0|   40|          33|          33|
    |add_ln301_34_fu_14473_p2       |         +|   0|  0|   40|          33|          33|
    |add_ln301_35_fu_14609_p2       |         +|   0|  0|   40|          33|          33|
    |add_ln301_36_fu_14875_p2       |         +|   0|  0|   40|          33|          33|
    |add_ln301_37_fu_15011_p2       |         +|   0|  0|   40|          33|          33|
    |add_ln301_38_fu_15277_p2       |         +|   0|  0|   40|          33|          33|
    |add_ln301_39_fu_15413_p2       |         +|   0|  0|   40|          33|          33|
    |add_ln301_3_fu_8177_p2         |         +|   0|  0|   40|          33|          33|
    |add_ln301_40_fu_7630_p2        |         +|   0|  0|   39|          32|          32|
    |add_ln301_4_fu_8443_p2         |         +|   0|  0|   40|          33|          33|
    |add_ln301_5_fu_8579_p2         |         +|   0|  0|   40|          33|          33|
    |add_ln301_6_fu_8845_p2         |         +|   0|  0|   40|          33|          33|
    |add_ln301_7_fu_8981_p2         |         +|   0|  0|   40|          33|          33|
    |add_ln301_8_fu_9247_p2         |         +|   0|  0|   40|          33|          33|
    |add_ln301_9_fu_9383_p2         |         +|   0|  0|   40|          33|          33|
    |add_ln301_fu_7635_p2           |         +|   0|  0|   40|          33|          33|
    |add_ln302_10_fu_9517_p2        |         +|   0|  0|   40|          33|          33|
    |add_ln302_11_fu_9851_p2        |         +|   0|  0|   40|          33|          33|
    |add_ln302_12_fu_9919_p2        |         +|   0|  0|   40|          33|          33|
    |add_ln302_13_fu_10253_p2       |         +|   0|  0|   40|          33|          33|
    |add_ln302_14_fu_10321_p2       |         +|   0|  0|   40|          33|          33|
    |add_ln302_15_fu_10655_p2       |         +|   0|  0|   40|          33|          33|
    |add_ln302_16_fu_10723_p2       |         +|   0|  0|   40|          33|          33|
    |add_ln302_17_fu_11057_p2       |         +|   0|  0|   40|          33|          33|
    |add_ln302_18_fu_11125_p2       |         +|   0|  0|   40|          33|          33|
    |add_ln302_19_fu_11459_p2       |         +|   0|  0|   40|          33|          33|
    |add_ln302_1_fu_7841_p2         |         +|   0|  0|   40|          33|          33|
    |add_ln302_20_fu_11527_p2       |         +|   0|  0|   40|          33|          33|
    |add_ln302_21_fu_11861_p2       |         +|   0|  0|   40|          33|          33|
    |add_ln302_22_fu_11929_p2       |         +|   0|  0|   40|          33|          33|
    |add_ln302_23_fu_12263_p2       |         +|   0|  0|   40|          33|          33|
    |add_ln302_24_fu_12331_p2       |         +|   0|  0|   40|          33|          33|
    |add_ln302_25_fu_12665_p2       |         +|   0|  0|   40|          33|          33|
    |add_ln302_26_fu_12733_p2       |         +|   0|  0|   40|          33|          33|
    |add_ln302_27_fu_13067_p2       |         +|   0|  0|   40|          33|          33|
    |add_ln302_28_fu_13135_p2       |         +|   0|  0|   40|          33|          33|
    |add_ln302_29_fu_13469_p2       |         +|   0|  0|   40|          33|          33|
    |add_ln302_2_fu_7909_p2         |         +|   0|  0|   40|          33|          33|
    |add_ln302_30_fu_13537_p2       |         +|   0|  0|   40|          33|          33|
    |add_ln302_31_fu_13871_p2       |         +|   0|  0|   40|          33|          33|
    |add_ln302_32_fu_13939_p2       |         +|   0|  0|   40|          33|          33|
    |add_ln302_33_fu_14273_p2       |         +|   0|  0|   40|          33|          33|
    |add_ln302_34_fu_14341_p2       |         +|   0|  0|   40|          33|          33|
    |add_ln302_35_fu_14675_p2       |         +|   0|  0|   40|          33|          33|
    |add_ln302_36_fu_14743_p2       |         +|   0|  0|   40|          33|          33|
    |add_ln302_37_fu_15077_p2       |         +|   0|  0|   40|          33|          33|
    |add_ln302_38_fu_15145_p2       |         +|   0|  0|   40|          33|          33|
    |add_ln302_39_fu_15445_p2       |         +|   0|  0|   40|          33|          33|
    |add_ln302_3_fu_8243_p2         |         +|   0|  0|   40|          33|          33|
    |add_ln302_40_fu_7481_p2        |         +|   0|  0|   39|          32|          32|
    |add_ln302_4_fu_8311_p2         |         +|   0|  0|   40|          33|          33|
    |add_ln302_5_fu_8645_p2         |         +|   0|  0|   40|          33|          33|
    |add_ln302_6_fu_8713_p2         |         +|   0|  0|   40|          33|          33|
    |add_ln302_7_fu_9047_p2         |         +|   0|  0|   40|          33|          33|
    |add_ln302_8_fu_9115_p2         |         +|   0|  0|   40|          33|          33|
    |add_ln302_9_fu_9449_p2         |         +|   0|  0|   40|          33|          33|
    |add_ln302_fu_7487_p2           |         +|   0|  0|   40|          33|          33|
    |add_ln314_fu_17404_p2          |         +|   0|  0|   54|          47|          47|
    |add_ln324_fu_18588_p2          |         +|   0|  0|   52|          45|          45|
    |add_ln326_fu_18829_p2          |         +|   0|  0|   20|          15|          15|
    |add_ln331_1_fu_19316_p2        |         +|   0|  0|   40|          33|          33|
    |add_ln331_2_fu_19310_p2        |         +|   0|  0|   39|          32|          32|
    |add_ln331_fu_19291_p2          |         +|   0|  0|   30|          23|          23|
    |candidate_pre_1_fu_17471_p2    |         +|   0|  0|   39|          32|          32|
    |half_v_1_fu_15571_p2           |         +|   0|  0|   39|          32|          32|
    |half_v_4_fu_15747_p2           |         +|   0|  0|   39|          32|          32|
    |r_1_fu_17110_p2                |         +|   0|  0|   20|          15|          15|
    |state_update_1_fu_18651_p2     |         +|   0|  0|   33|          26|          26|
    |val_n_in_fu_7456_p2            |         +|   0|  0|   33|          26|          26|
    |val_n_rec_11_fu_8641_p2        |         +|   0|  0|   39|          32|          32|
    |val_n_rec_13_fu_8708_p2        |         +|   0|  0|   39|          32|          32|
    |val_n_rec_15_fu_9043_p2        |         +|   0|  0|   39|          32|          32|
    |val_n_rec_17_fu_9110_p2        |         +|   0|  0|   39|          32|          32|
    |val_n_rec_19_fu_9445_p2        |         +|   0|  0|   39|          32|          32|
    |val_n_rec_21_fu_9512_p2        |         +|   0|  0|   39|          32|          32|
    |val_n_rec_23_fu_9847_p2        |         +|   0|  0|   39|          32|          32|
    |val_n_rec_25_fu_9914_p2        |         +|   0|  0|   39|          32|          32|
    |val_n_rec_27_fu_10249_p2       |         +|   0|  0|   39|          32|          32|
    |val_n_rec_29_fu_10316_p2       |         +|   0|  0|   39|          32|          32|
    |val_n_rec_31_fu_10651_p2       |         +|   0|  0|   39|          32|          32|
    |val_n_rec_33_fu_10718_p2       |         +|   0|  0|   39|          32|          32|
    |val_n_rec_35_fu_11053_p2       |         +|   0|  0|   39|          32|          32|
    |val_n_rec_37_fu_11120_p2       |         +|   0|  0|   39|          32|          32|
    |val_n_rec_39_fu_11455_p2       |         +|   0|  0|   39|          32|          32|
    |val_n_rec_3_fu_7837_p2         |         +|   0|  0|   39|          32|          32|
    |val_n_rec_41_fu_11522_p2       |         +|   0|  0|   39|          32|          32|
    |val_n_rec_43_fu_11857_p2       |         +|   0|  0|   39|          32|          32|
    |val_n_rec_45_fu_11924_p2       |         +|   0|  0|   39|          32|          32|
    |val_n_rec_47_fu_12259_p2       |         +|   0|  0|   39|          32|          32|
    |val_n_rec_49_fu_12326_p2       |         +|   0|  0|   39|          32|          32|
    |val_n_rec_51_fu_12661_p2       |         +|   0|  0|   39|          32|          32|
    |val_n_rec_53_fu_12728_p2       |         +|   0|  0|   39|          32|          32|
    |val_n_rec_55_fu_13063_p2       |         +|   0|  0|   39|          32|          32|
    |val_n_rec_57_fu_13130_p2       |         +|   0|  0|   39|          32|          32|
    |val_n_rec_59_fu_13465_p2       |         +|   0|  0|   39|          32|          32|
    |val_n_rec_5_fu_7904_p2         |         +|   0|  0|   39|          32|          32|
    |val_n_rec_61_fu_13532_p2       |         +|   0|  0|   39|          32|          32|
    |val_n_rec_63_fu_13867_p2       |         +|   0|  0|   39|          32|          32|
    |val_n_rec_65_fu_13934_p2       |         +|   0|  0|   39|          32|          32|
    |val_n_rec_67_fu_14269_p2       |         +|   0|  0|   39|          32|          32|
    |val_n_rec_69_fu_14336_p2       |         +|   0|  0|   39|          32|          32|
    |val_n_rec_71_fu_14671_p2       |         +|   0|  0|   39|          32|          32|
    |val_n_rec_73_fu_14738_p2       |         +|   0|  0|   39|          32|          32|
    |val_n_rec_75_fu_15073_p2       |         +|   0|  0|   39|          32|          32|
    |val_n_rec_77_fu_15140_p2       |         +|   0|  0|   39|          32|          32|
    |val_n_rec_79_fu_15441_p2       |         +|   0|  0|   39|          32|          32|
    |val_n_rec_7_fu_8239_p2         |         +|   0|  0|   39|          32|          32|
    |val_n_rec_9_fu_8306_p2         |         +|   0|  0|   39|          32|          32|
    |val_r_11_fu_8506_p2            |         +|   0|  0|   39|          32|          32|
    |val_r_13_fu_8775_p2            |         +|   0|  0|   39|          32|          32|
    |val_r_15_fu_8908_p2            |         +|   0|  0|   39|          32|          32|
    |val_r_17_fu_9177_p2            |         +|   0|  0|   39|          32|          32|
    |val_r_19_fu_9310_p2            |         +|   0|  0|   39|          32|          32|
    |val_r_21_fu_9579_p2            |         +|   0|  0|   39|          32|          32|
    |val_r_23_fu_9712_p2            |         +|   0|  0|   39|          32|          32|
    |val_r_25_fu_9981_p2            |         +|   0|  0|   39|          32|          32|
    |val_r_27_fu_10114_p2           |         +|   0|  0|   39|          32|          32|
    |val_r_29_fu_10383_p2           |         +|   0|  0|   39|          32|          32|
    |val_r_31_fu_10516_p2           |         +|   0|  0|   39|          32|          32|
    |val_r_33_fu_10785_p2           |         +|   0|  0|   39|          32|          32|
    |val_r_35_fu_10918_p2           |         +|   0|  0|   39|          32|          32|
    |val_r_37_fu_11187_p2           |         +|   0|  0|   39|          32|          32|
    |val_r_39_fu_11320_p2           |         +|   0|  0|   39|          32|          32|
    |val_r_3_fu_7702_p2             |         +|   0|  0|   39|          32|          32|
    |val_r_41_fu_11589_p2           |         +|   0|  0|   39|          32|          32|
    |val_r_43_fu_11722_p2           |         +|   0|  0|   39|          32|          32|
    |val_r_45_fu_11991_p2           |         +|   0|  0|   39|          32|          32|
    |val_r_47_fu_12124_p2           |         +|   0|  0|   39|          32|          32|
    |val_r_49_fu_12393_p2           |         +|   0|  0|   39|          32|          32|
    |val_r_51_fu_12526_p2           |         +|   0|  0|   39|          32|          32|
    |val_r_53_fu_12795_p2           |         +|   0|  0|   39|          32|          32|
    |val_r_55_fu_12928_p2           |         +|   0|  0|   39|          32|          32|
    |val_r_57_fu_13197_p2           |         +|   0|  0|   39|          32|          32|
    |val_r_59_fu_13330_p2           |         +|   0|  0|   39|          32|          32|
    |val_r_5_fu_7971_p2             |         +|   0|  0|   39|          32|          32|
    |val_r_61_fu_13599_p2           |         +|   0|  0|   39|          32|          32|
    |val_r_63_fu_13732_p2           |         +|   0|  0|   39|          32|          32|
    |val_r_65_fu_14001_p2           |         +|   0|  0|   39|          32|          32|
    |val_r_67_fu_14134_p2           |         +|   0|  0|   39|          32|          32|
    |val_r_69_fu_14403_p2           |         +|   0|  0|   39|          32|          32|
    |val_r_71_fu_14536_p2           |         +|   0|  0|   39|          32|          32|
    |val_r_73_fu_14805_p2           |         +|   0|  0|   39|          32|          32|
    |val_r_75_fu_14938_p2           |         +|   0|  0|   39|          32|          32|
    |val_r_77_fu_15207_p2           |         +|   0|  0|   39|          32|          32|
    |val_r_79_fu_15340_p2           |         +|   0|  0|   39|          32|          32|
    |val_r_7_fu_8104_p2             |         +|   0|  0|   39|          32|          32|
    |val_r_9_fu_8373_p2             |         +|   0|  0|   39|          32|          32|
    |val_r_fu_7326_p2               |         +|   0|  0|   34|          27|          27|
    |val_z_11_fu_8574_p2            |         +|   0|  0|   39|          32|          32|
    |val_z_13_fu_8841_p2            |         +|   0|  0|   39|          32|          32|
    |val_z_15_fu_8976_p2            |         +|   0|  0|   39|          32|          32|
    |val_z_17_fu_9243_p2            |         +|   0|  0|   39|          32|          32|
    |val_z_19_fu_9378_p2            |         +|   0|  0|   39|          32|          32|
    |val_z_21_fu_9645_p2            |         +|   0|  0|   39|          32|          32|
    |val_z_23_fu_9780_p2            |         +|   0|  0|   39|          32|          32|
    |val_z_25_fu_10047_p2           |         +|   0|  0|   39|          32|          32|
    |val_z_27_fu_10182_p2           |         +|   0|  0|   39|          32|          32|
    |val_z_29_fu_10449_p2           |         +|   0|  0|   39|          32|          32|
    |val_z_31_fu_10584_p2           |         +|   0|  0|   39|          32|          32|
    |val_z_33_fu_10851_p2           |         +|   0|  0|   39|          32|          32|
    |val_z_35_fu_10986_p2           |         +|   0|  0|   39|          32|          32|
    |val_z_37_fu_11253_p2           |         +|   0|  0|   39|          32|          32|
    |val_z_39_fu_11388_p2           |         +|   0|  0|   39|          32|          32|
    |val_z_3_fu_7770_p2             |         +|   0|  0|   39|          32|          32|
    |val_z_41_fu_11655_p2           |         +|   0|  0|   39|          32|          32|
    |val_z_43_fu_11790_p2           |         +|   0|  0|   39|          32|          32|
    |val_z_45_fu_12057_p2           |         +|   0|  0|   39|          32|          32|
    |val_z_47_fu_12192_p2           |         +|   0|  0|   39|          32|          32|
    |val_z_49_fu_12459_p2           |         +|   0|  0|   39|          32|          32|
    |val_z_51_fu_12594_p2           |         +|   0|  0|   39|          32|          32|
    |val_z_53_fu_12861_p2           |         +|   0|  0|   39|          32|          32|
    |val_z_55_fu_12996_p2           |         +|   0|  0|   39|          32|          32|
    |val_z_57_fu_13263_p2           |         +|   0|  0|   39|          32|          32|
    |val_z_59_fu_13398_p2           |         +|   0|  0|   39|          32|          32|
    |val_z_5_fu_8037_p2             |         +|   0|  0|   39|          32|          32|
    |val_z_61_fu_13665_p2           |         +|   0|  0|   39|          32|          32|
    |val_z_63_fu_13800_p2           |         +|   0|  0|   39|          32|          32|
    |val_z_65_fu_14067_p2           |         +|   0|  0|   39|          32|          32|
    |val_z_67_fu_14202_p2           |         +|   0|  0|   39|          32|          32|
    |val_z_69_fu_14469_p2           |         +|   0|  0|   39|          32|          32|
    |val_z_71_fu_14604_p2           |         +|   0|  0|   39|          32|          32|
    |val_z_73_fu_14871_p2           |         +|   0|  0|   39|          32|          32|
    |val_z_75_fu_15006_p2           |         +|   0|  0|   39|          32|          32|
    |val_z_77_fu_15273_p2           |         +|   0|  0|   39|          32|          32|
    |val_z_79_fu_15408_p2           |         +|   0|  0|   39|          32|          32|
    |val_z_7_fu_8172_p2             |         +|   0|  0|   39|          32|          32|
    |val_z_9_fu_8439_p2             |         +|   0|  0|   39|          32|          32|
    |val_z_fu_7391_p2               |         +|   0|  0|   33|          26|          26|
    |y_1_fu_16178_p2                |         +|   0|  0|   30|          23|          23|
    |y_4_fu_16583_p2                |         +|   0|  0|   30|          23|          23|
    |y_7_fu_17888_p2                |         +|   0|  0|   30|          23|          23|
    |z_1_fu_18415_p2                |         +|   0|  0|   20|          15|          15|
    |sub_ln150_1_fu_15817_p2        |         -|   0|  0|   40|           1|          33|
    |sub_ln150_2_fu_17629_p2        |         -|   0|  0|   40|           1|          33|
    |sub_ln150_fu_15639_p2          |         -|   0|  0|   40|           1|          33|
    |sub_ln170_1_fu_16096_p2        |         -|   0|  0|   29|          22|          22|
    |sub_ln170_2_fu_17788_p2        |         -|   0|  0|   29|          22|          22|
    |sub_ln170_fu_16033_p2          |         -|   0|  0|   29|          22|          22|
    |sub_ln173_1_fu_17297_p2        |         -|   0|  0|   23|           1|          16|
    |sub_ln173_2_fu_18270_p2        |         -|   0|  0|   23|           1|          16|
    |sub_ln173_fu_16758_p2          |         -|   0|  0|   23|           1|          16|
    |sub_ln324_fu_18551_p2          |         -|   0|  0|   30|          23|          23|
    |and_ln150_1_fu_15921_p2        |       and|   0|  0|    2|           1|           1|
    |and_ln150_2_fu_17661_p2        |       and|   0|  0|    2|           1|           1|
    |and_ln150_3_fu_15691_p2        |       and|   0|  0|    2|           1|           1|
    |and_ln150_4_fu_15938_p2        |       and|   0|  0|    2|           1|           1|
    |and_ln150_5_fu_17681_p2        |       and|   0|  0|    2|           1|           1|
    |and_ln150_fu_15671_p2          |       and|   0|  0|    2|           1|           1|
    |and_ln170_10_fu_17878_p2       |       and|   0|  0|    2|           1|           1|
    |and_ln170_11_fu_17912_p2       |       and|   0|  0|    2|           1|           1|
    |and_ln170_12_fu_17954_p2       |       and|   0|  0|    2|           1|           1|
    |and_ln170_13_fu_17960_p2       |       and|   0|  0|    2|           1|           1|
    |and_ln170_14_fu_17978_p2       |       and|   0|  0|    2|           1|           1|
    |and_ln170_1_fu_16202_p2        |       and|   0|  0|    2|           1|           1|
    |and_ln170_2_fu_16244_p2        |       and|   0|  0|    2|           1|           1|
    |and_ln170_3_fu_16250_p2        |       and|   0|  0|    2|           1|           1|
    |and_ln170_4_fu_16268_p2        |       and|   0|  0|    2|           1|           1|
    |and_ln170_5_fu_16573_p2        |       and|   0|  0|    2|           1|           1|
    |and_ln170_6_fu_16607_p2        |       and|   0|  0|    2|           1|           1|
    |and_ln170_7_fu_16649_p2        |       and|   0|  0|    2|           1|           1|
    |and_ln170_8_fu_16655_p2        |       and|   0|  0|    2|           1|           1|
    |and_ln170_9_fu_16673_p2        |       and|   0|  0|    2|           1|           1|
    |and_ln170_fu_16168_p2          |       and|   0|  0|    2|           1|           1|
    |and_ln171_10_fu_17005_p2       |       and|   0|  0|    2|           1|           1|
    |and_ln171_11_fu_17224_p2       |       and|   0|  0|    2|           1|           1|
    |and_ln171_12_fu_17037_p2       |       and|   0|  0|    2|           1|           1|
    |and_ln171_13_fu_17043_p2       |       and|   0|  0|    2|           1|           1|
    |and_ln171_14_fu_17239_p2       |       and|   0|  0|    2|           1|           1|
    |and_ln171_15_fu_17261_p2       |       and|   0|  0|    2|           1|           1|
    |and_ln171_16_fu_18061_p2       |       and|   0|  0|    2|           1|           1|
    |and_ln171_17_fu_18091_p2       |       and|   0|  0|    2|           1|           1|
    |and_ln171_18_fu_18153_p2       |       and|   0|  0|    2|           1|           1|
    |and_ln171_19_fu_18197_p2       |       and|   0|  0|    2|           1|           1|
    |and_ln171_1_fu_16401_p2        |       and|   0|  0|    2|           1|           1|
    |and_ln171_20_fu_18185_p2       |       and|   0|  0|    2|           1|           1|
    |and_ln171_21_fu_18191_p2       |       and|   0|  0|    2|           1|           1|
    |and_ln171_22_fu_18212_p2       |       and|   0|  0|    2|           1|           1|
    |and_ln171_23_fu_18234_p2       |       and|   0|  0|    2|           1|           1|
    |and_ln171_2_fu_16463_p2        |       and|   0|  0|    2|           1|           1|
    |and_ln171_3_fu_16685_p2        |       and|   0|  0|    2|           1|           1|
    |and_ln171_4_fu_16495_p2        |       and|   0|  0|    2|           1|           1|
    |and_ln171_5_fu_16501_p2        |       and|   0|  0|    2|           1|           1|
    |and_ln171_6_fu_16700_p2        |       and|   0|  0|    2|           1|           1|
    |and_ln171_7_fu_16722_p2        |       and|   0|  0|    2|           1|           1|
    |and_ln171_8_fu_16913_p2        |       and|   0|  0|    2|           1|           1|
    |and_ln171_9_fu_16943_p2        |       and|   0|  0|    2|           1|           1|
    |and_ln171_fu_16371_p2          |       and|   0|  0|    2|           1|           1|
    |and_ln173_1_fu_17329_p2        |       and|   0|  0|    2|           1|           1|
    |and_ln173_2_fu_18302_p2        |       and|   0|  0|    2|           1|           1|
    |and_ln173_3_fu_16810_p2        |       and|   0|  0|    2|           1|           1|
    |and_ln173_4_fu_17349_p2        |       and|   0|  0|    2|           1|           1|
    |and_ln173_5_fu_18322_p2        |       and|   0|  0|    2|           1|           1|
    |and_ln173_fu_16790_p2          |       and|   0|  0|    2|           1|           1|
    |and_ln181_1_fu_15613_p2        |       and|   0|  0|    2|           1|           1|
    |and_ln181_2_fu_15737_p2        |       and|   0|  0|    2|           1|           1|
    |and_ln181_3_fu_15791_p2        |       and|   0|  0|    2|           1|           1|
    |and_ln181_fu_15561_p2          |       and|   0|  0|    2|           1|           1|
    |and_ln183_1_fu_17130_p2        |       and|   0|  0|    2|           1|           1|
    |and_ln183_2_fu_17172_p2        |       and|   0|  0|    2|           1|           1|
    |and_ln183_3_fu_17178_p2        |       and|   0|  0|    2|           1|           1|
    |and_ln183_4_fu_17196_p2        |       and|   0|  0|    2|           1|           1|
    |and_ln183_5_fu_18405_p2        |       and|   0|  0|    2|           1|           1|
    |and_ln183_6_fu_18435_p2        |       and|   0|  0|    2|           1|           1|
    |and_ln183_7_fu_18477_p2        |       and|   0|  0|    2|           1|           1|
    |and_ln183_8_fu_18483_p2        |       and|   0|  0|    2|           1|           1|
    |and_ln183_9_fu_18501_p2        |       and|   0|  0|    2|           1|           1|
    |and_ln183_fu_17100_p2          |       and|   0|  0|    2|           1|           1|
    |and_ln285_fu_7316_p2           |       and|   0|  0|    2|           1|           1|
    |and_ln287_fu_7381_p2           |       and|   0|  0|    2|           1|           1|
    |and_ln290_fu_7446_p2           |       and|   0|  0|    2|           1|           1|
    |and_ln300_10_fu_9611_p2        |       and|   0|  0|    2|           1|           1|
    |and_ln300_11_fu_9745_p2        |       and|   0|  0|    2|           1|           1|
    |and_ln300_12_fu_10013_p2       |       and|   0|  0|    2|           1|           1|
    |and_ln300_13_fu_10147_p2       |       and|   0|  0|    2|           1|           1|
    |and_ln300_14_fu_10415_p2       |       and|   0|  0|    2|           1|           1|
    |and_ln300_15_fu_10549_p2       |       and|   0|  0|    2|           1|           1|
    |and_ln300_16_fu_10817_p2       |       and|   0|  0|    2|           1|           1|
    |and_ln300_17_fu_10951_p2       |       and|   0|  0|    2|           1|           1|
    |and_ln300_18_fu_11219_p2       |       and|   0|  0|    2|           1|           1|
    |and_ln300_19_fu_11353_p2       |       and|   0|  0|    2|           1|           1|
    |and_ln300_1_fu_7735_p2         |       and|   0|  0|    2|           1|           1|
    |and_ln300_20_fu_11621_p2       |       and|   0|  0|    2|           1|           1|
    |and_ln300_21_fu_11755_p2       |       and|   0|  0|    2|           1|           1|
    |and_ln300_22_fu_12023_p2       |       and|   0|  0|    2|           1|           1|
    |and_ln300_23_fu_12157_p2       |       and|   0|  0|    2|           1|           1|
    |and_ln300_24_fu_12425_p2       |       and|   0|  0|    2|           1|           1|
    |and_ln300_25_fu_12559_p2       |       and|   0|  0|    2|           1|           1|
    |and_ln300_26_fu_12827_p2       |       and|   0|  0|    2|           1|           1|
    |and_ln300_27_fu_12961_p2       |       and|   0|  0|    2|           1|           1|
    |and_ln300_28_fu_13229_p2       |       and|   0|  0|    2|           1|           1|
    |and_ln300_29_fu_13363_p2       |       and|   0|  0|    2|           1|           1|
    |and_ln300_2_fu_8003_p2         |       and|   0|  0|    2|           1|           1|
    |and_ln300_30_fu_13631_p2       |       and|   0|  0|    2|           1|           1|
    |and_ln300_31_fu_13765_p2       |       and|   0|  0|    2|           1|           1|
    |and_ln300_32_fu_14033_p2       |       and|   0|  0|    2|           1|           1|
    |and_ln300_33_fu_14167_p2       |       and|   0|  0|    2|           1|           1|
    |and_ln300_34_fu_14435_p2       |       and|   0|  0|    2|           1|           1|
    |and_ln300_35_fu_14569_p2       |       and|   0|  0|    2|           1|           1|
    |and_ln300_36_fu_14837_p2       |       and|   0|  0|    2|           1|           1|
    |and_ln300_37_fu_14971_p2       |       and|   0|  0|    2|           1|           1|
    |and_ln300_38_fu_15239_p2       |       and|   0|  0|    2|           1|           1|
    |and_ln300_39_fu_15373_p2       |       and|   0|  0|    2|           1|           1|
    |and_ln300_3_fu_8137_p2         |       and|   0|  0|    2|           1|           1|
    |and_ln300_4_fu_8405_p2         |       and|   0|  0|    2|           1|           1|
    |and_ln300_5_fu_8539_p2         |       and|   0|  0|    2|           1|           1|
    |and_ln300_6_fu_8807_p2         |       and|   0|  0|    2|           1|           1|
    |and_ln300_7_fu_8941_p2         |       and|   0|  0|    2|           1|           1|
    |and_ln300_8_fu_9209_p2         |       and|   0|  0|    2|           1|           1|
    |and_ln300_9_fu_9343_p2         |       and|   0|  0|    2|           1|           1|
    |and_ln300_fu_7596_p2           |       and|   0|  0|    2|           1|           1|
    |and_ln301_10_fu_9677_p2        |       and|   0|  0|    2|           1|           1|
    |and_ln301_11_fu_9813_p2        |       and|   0|  0|    2|           1|           1|
    |and_ln301_12_fu_10079_p2       |       and|   0|  0|    2|           1|           1|
    |and_ln301_13_fu_10215_p2       |       and|   0|  0|    2|           1|           1|
    |and_ln301_14_fu_10481_p2       |       and|   0|  0|    2|           1|           1|
    |and_ln301_15_fu_10617_p2       |       and|   0|  0|    2|           1|           1|
    |and_ln301_16_fu_10883_p2       |       and|   0|  0|    2|           1|           1|
    |and_ln301_17_fu_11019_p2       |       and|   0|  0|    2|           1|           1|
    |and_ln301_18_fu_11285_p2       |       and|   0|  0|    2|           1|           1|
    |and_ln301_19_fu_11421_p2       |       and|   0|  0|    2|           1|           1|
    |and_ln301_1_fu_7803_p2         |       and|   0|  0|    2|           1|           1|
    |and_ln301_20_fu_11687_p2       |       and|   0|  0|    2|           1|           1|
    |and_ln301_21_fu_11823_p2       |       and|   0|  0|    2|           1|           1|
    |and_ln301_22_fu_12089_p2       |       and|   0|  0|    2|           1|           1|
    |and_ln301_23_fu_12225_p2       |       and|   0|  0|    2|           1|           1|
    |and_ln301_24_fu_12491_p2       |       and|   0|  0|    2|           1|           1|
    |and_ln301_25_fu_12627_p2       |       and|   0|  0|    2|           1|           1|
    |and_ln301_26_fu_12893_p2       |       and|   0|  0|    2|           1|           1|
    |and_ln301_27_fu_13029_p2       |       and|   0|  0|    2|           1|           1|
    |and_ln301_28_fu_13295_p2       |       and|   0|  0|    2|           1|           1|
    |and_ln301_29_fu_13431_p2       |       and|   0|  0|    2|           1|           1|
    |and_ln301_2_fu_8069_p2         |       and|   0|  0|    2|           1|           1|
    |and_ln301_30_fu_13697_p2       |       and|   0|  0|    2|           1|           1|
    |and_ln301_31_fu_13833_p2       |       and|   0|  0|    2|           1|           1|
    |and_ln301_32_fu_14099_p2       |       and|   0|  0|    2|           1|           1|
    |and_ln301_33_fu_14235_p2       |       and|   0|  0|    2|           1|           1|
    |and_ln301_34_fu_14501_p2       |       and|   0|  0|    2|           1|           1|
    |and_ln301_35_fu_14637_p2       |       and|   0|  0|    2|           1|           1|
    |and_ln301_36_fu_14903_p2       |       and|   0|  0|    2|           1|           1|
    |and_ln301_37_fu_15039_p2       |       and|   0|  0|    2|           1|           1|
    |and_ln301_38_fu_15305_p2       |       and|   0|  0|    2|           1|           1|
    |and_ln301_39_fu_15514_p2       |       and|   0|  0|    2|           1|           1|
    |and_ln301_3_fu_8205_p2         |       and|   0|  0|    2|           1|           1|
    |and_ln301_4_fu_8471_p2         |       and|   0|  0|    2|           1|           1|
    |and_ln301_5_fu_8607_p2         |       and|   0|  0|    2|           1|           1|
    |and_ln301_6_fu_8873_p2         |       and|   0|  0|    2|           1|           1|
    |and_ln301_7_fu_9009_p2         |       and|   0|  0|    2|           1|           1|
    |and_ln301_8_fu_9275_p2         |       and|   0|  0|    2|           1|           1|
    |and_ln301_9_fu_9411_p2         |       and|   0|  0|    2|           1|           1|
    |and_ln301_fu_7667_p2           |       and|   0|  0|    2|           1|           1|
    |and_ln302_10_fu_9545_p2        |       and|   0|  0|    2|           1|           1|
    |and_ln302_11_fu_9879_p2        |       and|   0|  0|    2|           1|           1|
    |and_ln302_12_fu_9947_p2        |       and|   0|  0|    2|           1|           1|
    |and_ln302_13_fu_10281_p2       |       and|   0|  0|    2|           1|           1|
    |and_ln302_14_fu_10349_p2       |       and|   0|  0|    2|           1|           1|
    |and_ln302_15_fu_10683_p2       |       and|   0|  0|    2|           1|           1|
    |and_ln302_16_fu_10751_p2       |       and|   0|  0|    2|           1|           1|
    |and_ln302_17_fu_11085_p2       |       and|   0|  0|    2|           1|           1|
    |and_ln302_18_fu_11153_p2       |       and|   0|  0|    2|           1|           1|
    |and_ln302_19_fu_11487_p2       |       and|   0|  0|    2|           1|           1|
    |and_ln302_1_fu_7869_p2         |       and|   0|  0|    2|           1|           1|
    |and_ln302_20_fu_11555_p2       |       and|   0|  0|    2|           1|           1|
    |and_ln302_21_fu_11889_p2       |       and|   0|  0|    2|           1|           1|
    |and_ln302_22_fu_11957_p2       |       and|   0|  0|    2|           1|           1|
    |and_ln302_23_fu_12291_p2       |       and|   0|  0|    2|           1|           1|
    |and_ln302_24_fu_12359_p2       |       and|   0|  0|    2|           1|           1|
    |and_ln302_25_fu_12693_p2       |       and|   0|  0|    2|           1|           1|
    |and_ln302_26_fu_12761_p2       |       and|   0|  0|    2|           1|           1|
    |and_ln302_27_fu_13095_p2       |       and|   0|  0|    2|           1|           1|
    |and_ln302_28_fu_13163_p2       |       and|   0|  0|    2|           1|           1|
    |and_ln302_29_fu_13497_p2       |       and|   0|  0|    2|           1|           1|
    |and_ln302_2_fu_7937_p2         |       and|   0|  0|    2|           1|           1|
    |and_ln302_30_fu_13565_p2       |       and|   0|  0|    2|           1|           1|
    |and_ln302_31_fu_13899_p2       |       and|   0|  0|    2|           1|           1|
    |and_ln302_32_fu_13967_p2       |       and|   0|  0|    2|           1|           1|
    |and_ln302_33_fu_14301_p2       |       and|   0|  0|    2|           1|           1|
    |and_ln302_34_fu_14369_p2       |       and|   0|  0|    2|           1|           1|
    |and_ln302_35_fu_14703_p2       |       and|   0|  0|    2|           1|           1|
    |and_ln302_36_fu_14771_p2       |       and|   0|  0|    2|           1|           1|
    |and_ln302_37_fu_15105_p2       |       and|   0|  0|    2|           1|           1|
    |and_ln302_38_fu_15173_p2       |       and|   0|  0|    2|           1|           1|
    |and_ln302_39_fu_15473_p2       |       and|   0|  0|    2|           1|           1|
    |and_ln302_3_fu_8271_p2         |       and|   0|  0|    2|           1|           1|
    |and_ln302_4_fu_8339_p2         |       and|   0|  0|    2|           1|           1|
    |and_ln302_5_fu_8673_p2         |       and|   0|  0|    2|           1|           1|
    |and_ln302_6_fu_8741_p2         |       and|   0|  0|    2|           1|           1|
    |and_ln302_7_fu_9075_p2         |       and|   0|  0|    2|           1|           1|
    |and_ln302_8_fu_9143_p2         |       and|   0|  0|    2|           1|           1|
    |and_ln302_9_fu_9477_p2         |       and|   0|  0|    2|           1|           1|
    |and_ln302_fu_7519_p2           |       and|   0|  0|    2|           1|           1|
    |and_ln314_1_fu_17491_p2        |       and|   0|  0|    2|           1|           1|
    |and_ln314_2_fu_17537_p2        |       and|   0|  0|    2|           1|           1|
    |and_ln314_3_fu_17548_p2        |       and|   0|  0|    2|           1|           1|
    |and_ln314_4_fu_17568_p2        |       and|   0|  0|    2|           1|           1|
    |and_ln314_5_fu_17574_p2        |       and|   0|  0|    2|           1|           1|
    |and_ln314_6_fu_17591_p2        |       and|   0|  0|    2|           1|           1|
    |and_ln314_fu_17461_p2          |       and|   0|  0|    2|           1|           1|
    |and_ln324_1_fu_18675_p2        |       and|   0|  0|    2|           1|           1|
    |and_ln324_2_fu_18711_p2        |       and|   0|  0|    2|           1|           1|
    |and_ln324_3_fu_18721_p2        |       and|   0|  0|    2|           1|           1|
    |and_ln324_4_fu_18737_p2        |       and|   0|  0|    2|           1|           1|
    |and_ln324_fu_18641_p2          |       and|   0|  0|    2|           1|           1|
    |and_ln326_1_fu_18849_p2        |       and|   0|  0|    2|           1|           1|
    |and_ln326_2_fu_18907_p2        |       and|   0|  0|    2|           1|           1|
    |and_ln326_3_fu_18918_p2        |       and|   0|  0|    2|           1|           1|
    |and_ln326_4_fu_18938_p2        |       and|   0|  0|    2|           1|           1|
    |and_ln326_5_fu_18944_p2        |       and|   0|  0|    2|           1|           1|
    |and_ln326_6_fu_18961_p2        |       and|   0|  0|    2|           1|           1|
    |and_ln326_fu_18819_p2          |       and|   0|  0|    2|           1|           1|
    |and_ln331_1_fu_19348_p2        |       and|   0|  0|    2|           1|           1|
    |and_ln331_fu_19281_p2          |       and|   0|  0|    2|           1|           1|
    |ap_condition_13334             |       and|   0|  0|    2|           1|           1|
    |ap_condition_13338             |       and|   0|  0|    2|           1|           1|
    |ap_condition_13342             |       and|   0|  0|    2|           1|           1|
    |ap_condition_13346             |       and|   0|  0|    2|           1|           1|
    |ap_condition_13350             |       and|   0|  0|    2|           1|           1|
    |ap_condition_13354             |       and|   0|  0|    2|           1|           1|
    |ap_condition_13358             |       and|   0|  0|    2|           1|           1|
    |ap_condition_13362             |       and|   0|  0|    2|           1|           1|
    |ap_condition_13366             |       and|   0|  0|    2|           1|           1|
    |ap_condition_13370             |       and|   0|  0|    2|           1|           1|
    |ap_condition_13374             |       and|   0|  0|    2|           1|           1|
    |ap_condition_13378             |       and|   0|  0|    2|           1|           1|
    |ap_condition_13382             |       and|   0|  0|    2|           1|           1|
    |ap_condition_13386             |       and|   0|  0|    2|           1|           1|
    |ap_condition_13390             |       and|   0|  0|    2|           1|           1|
    |ap_condition_13394             |       and|   0|  0|    2|           1|           1|
    |ap_condition_13398             |       and|   0|  0|    2|           1|           1|
    |ap_condition_13402             |       and|   0|  0|    2|           1|           1|
    |ap_condition_13406             |       and|   0|  0|    2|           1|           1|
    |ap_condition_13410             |       and|   0|  0|    2|           1|           1|
    |ap_predicate_pred3973_state49  |       and|   0|  0|    2|           1|           1|
    |icmp_ln153_1_fu_15984_p2       |      icmp|   0|  0|   14|           9|           1|
    |icmp_ln153_2_fu_17726_p2       |      icmp|   0|  0|   14|           9|           1|
    |icmp_ln153_fu_15876_p2         |      icmp|   0|  0|   14|           9|           1|
    |icmp_ln170_1_fu_16554_p2       |      icmp|   0|  0|   26|          19|           1|
    |icmp_ln170_2_fu_17859_p2       |      icmp|   0|  0|   26|          19|           1|
    |icmp_ln170_fu_16149_p2         |      icmp|   0|  0|   26|          19|           1|
    |icmp_ln171_10_fu_18127_p2      |      icmp|   0|  0|   13|          10|           2|
    |icmp_ln171_11_fu_18133_p2      |      icmp|   0|  0|   13|          10|           1|
    |icmp_ln171_1_fu_16423_p2       |      icmp|   0|  0|   14|           9|           2|
    |icmp_ln171_2_fu_16437_p2       |      icmp|   0|  0|   13|          10|           2|
    |icmp_ln171_3_fu_16443_p2       |      icmp|   0|  0|   13|          10|           1|
    |icmp_ln171_4_fu_16885_p2       |      icmp|   0|  0|   14|           6|           1|
    |icmp_ln171_5_fu_16965_p2       |      icmp|   0|  0|   14|           9|           2|
    |icmp_ln171_6_fu_16979_p2       |      icmp|   0|  0|   13|          10|           2|
    |icmp_ln171_7_fu_16985_p2       |      icmp|   0|  0|   13|          10|           1|
    |icmp_ln171_8_fu_18033_p2       |      icmp|   0|  0|   14|           6|           1|
    |icmp_ln171_9_fu_18113_p2       |      icmp|   0|  0|   14|           9|           2|
    |icmp_ln171_fu_16343_p2         |      icmp|   0|  0|   14|           6|           1|
    |icmp_ln245_fu_6334_p2          |      icmp|   0|  0|   14|           6|           6|
    |icmp_ln285_fu_6850_p2          |      icmp|   0|  0|   10|           2|           1|
    |icmp_ln287_fu_6872_p2          |      icmp|   0|  0|   10|           2|           1|
    |icmp_ln290_fu_6894_p2          |      icmp|   0|  0|   10|           2|           1|
    |icmp_ln314_1_fu_17507_p2       |      icmp|   0|  0|   10|           2|           2|
    |icmp_ln314_2_fu_17513_p2       |      icmp|   0|  0|   10|           2|           1|
    |icmp_ln314_fu_17434_p2         |      icmp|   0|  0|   12|          12|           1|
    |icmp_ln324_fu_18622_p2         |      icmp|   0|  0|   26|          19|           1|
    |icmp_ln326_1_fu_18863_p2       |      icmp|   0|  0|   14|           9|           2|
    |icmp_ln326_2_fu_18877_p2       |      icmp|   0|  0|   13|          10|           2|
    |icmp_ln326_3_fu_18883_p2       |      icmp|   0|  0|   13|          10|           1|
    |icmp_ln326_fu_18791_p2         |      icmp|   0|  0|   14|           6|           1|
    |icmp_ln331_fu_19243_p2         |      icmp|   0|  0|   10|           2|           1|
    |or_ln170_10_fu_16256_p2        |        or|   0|  0|    2|           1|           1|
    |or_ln170_11_fu_16619_p2        |        or|   0|  0|    2|           1|           1|
    |or_ln170_12_fu_16661_p2        |        or|   0|  0|    2|           1|           1|
    |or_ln170_13_fu_17924_p2        |        or|   0|  0|    2|           1|           1|
    |or_ln170_14_fu_17966_p2        |        or|   0|  0|    2|           1|           1|
    |or_ln170_1_fu_16238_p2         |        or|   0|  0|    2|           1|           1|
    |or_ln170_2_fu_16274_p2         |        or|   0|  0|    2|           1|           1|
    |or_ln170_3_fu_16567_p2         |        or|   0|  0|    2|           1|           1|
    |or_ln170_4_fu_16643_p2         |        or|   0|  0|    2|           1|           1|
    |or_ln170_5_fu_16679_p2         |        or|   0|  0|    2|           1|           1|
    |or_ln170_6_fu_17872_p2         |        or|   0|  0|    2|           1|           1|
    |or_ln170_7_fu_17948_p2         |        or|   0|  0|    2|           1|           1|
    |or_ln170_8_fu_17984_p2         |        or|   0|  0|    2|           1|           1|
    |or_ln170_9_fu_16214_p2         |        or|   0|  0|    2|           1|           1|
    |or_ln170_fu_16162_p2           |        or|   0|  0|    2|           1|           1|
    |or_ln171_10_fu_17228_p2        |        or|   0|  0|    2|           1|           1|
    |or_ln171_11_fu_18201_p2        |        or|   0|  0|    2|           1|           1|
    |or_ln171_1_fu_16483_p2         |        or|   0|  0|    2|           1|           1|
    |or_ln171_2_fu_16705_p2         |        or|   0|  0|    2|           1|           1|
    |or_ln171_3_fu_16907_p2         |        or|   0|  0|    2|           1|           1|
    |or_ln171_4_fu_17025_p2         |        or|   0|  0|    2|           1|           1|
    |or_ln171_5_fu_17244_p2         |        or|   0|  0|    2|           1|           1|
    |or_ln171_6_fu_18055_p2         |        or|   0|  0|    2|           1|           1|
    |or_ln171_7_fu_18173_p2         |        or|   0|  0|    2|           1|           1|
    |or_ln171_8_fu_18217_p2         |        or|   0|  0|    2|           1|           1|
    |or_ln171_9_fu_16689_p2         |        or|   0|  0|    2|           1|           1|
    |or_ln171_fu_16365_p2           |        or|   0|  0|    2|           1|           1|
    |or_ln181_1_fu_15607_p2         |        or|   0|  0|    2|           1|           1|
    |or_ln181_2_fu_15767_p2         |        or|   0|  0|    2|           1|           1|
    |or_ln181_3_fu_15785_p2         |        or|   0|  0|    2|           1|           1|
    |or_ln181_fu_15590_p2           |        or|   0|  0|    2|           1|           1|
    |or_ln183_1_fu_17210_p2         |        or|   0|  0|    2|           1|           1|
    |or_ln183_2_fu_18471_p2         |        or|   0|  0|    2|           1|           1|
    |or_ln183_3_fu_18507_p2         |        or|   0|  0|    2|           1|           1|
    |or_ln183_4_fu_17142_p2         |        or|   0|  0|    2|           1|           1|
    |or_ln183_5_fu_17184_p2         |        or|   0|  0|    2|           1|           1|
    |or_ln183_6_fu_18447_p2         |        or|   0|  0|    2|           1|           1|
    |or_ln183_7_fu_18489_p2         |        or|   0|  0|    2|           1|           1|
    |or_ln183_fu_17166_p2           |        or|   0|  0|    2|           1|           1|
    |or_ln285_fu_7311_p2            |        or|   0|  0|    2|           1|           1|
    |or_ln287_fu_7376_p2            |        or|   0|  0|    2|           1|           1|
    |or_ln290_fu_7441_p2            |        or|   0|  0|    2|           1|           1|
    |or_ln314_1_fu_17558_p2         |        or|   0|  0|    2|           1|           1|
    |or_ln314_2_fu_17604_p2         |        or|   0|  0|    2|           1|           1|
    |or_ln314_3_fu_17579_p2         |        or|   0|  0|    2|           1|           1|
    |or_ln314_fu_17455_p2           |        or|   0|  0|    2|           1|           1|
    |or_ln324_1_fu_18705_p2         |        or|   0|  0|    2|           1|           1|
    |or_ln324_2_fu_18749_p2         |        or|   0|  0|    2|           1|           1|
    |or_ln324_3_fu_18687_p2         |        or|   0|  0|    2|           1|           1|
    |or_ln324_4_fu_18726_p2         |        or|   0|  0|    2|           1|           1|
    |or_ln324_fu_18635_p2           |        or|   0|  0|    2|           1|           1|
    |or_ln326_1_fu_18928_p2         |        or|   0|  0|    2|           1|           1|
    |or_ln326_2_fu_18974_p2         |        or|   0|  0|    2|           1|           1|
    |or_ln326_3_fu_18949_p2         |        or|   0|  0|    2|           1|           1|
    |or_ln326_fu_18813_p2           |        or|   0|  0|    2|           1|           1|
    |or_ln331_fu_19276_p2           |        or|   0|  0|    2|           1|           1|
    |av_3_fu_15956_p2               |    select|   0|  0|   33|           1|          31|
    |candidate_pre_3_fu_17610_p3    |    select|   0|  0|   32|           1|          32|
    |h_new_fu_18980_p3              |    select|   0|  0|   15|           1|          15|
    |half_v_6_fu_15619_p3           |    select|   0|  0|   32|           1|          31|
    |half_v_7_fu_15797_p3           |    select|   0|  0|   32|           1|          31|
    |mag_1_fu_17274_p4              |    select|   0|  0|   16|           1|          14|
    |mag_2_fu_18247_p4              |    select|   0|  0|   16|           1|          14|
    |mag_fu_16735_p4                |    select|   0|  0|   16|           1|          14|
    |nn_1_fu_18334_p2               |    select|   0|  0|   16|           1|          14|
    |r_2_fu_17216_p3                |    select|   0|  0|   15|           1|          15|
    |ref_tmp2_i1200_2_fu_16822_p2   |    select|   0|  0|   16|           1|          14|
    |ref_tmp2_i_2_fu_17361_p2       |    select|   0|  0|   16|           1|          14|
    |select_ln150_2_fu_17673_p3     |    select|   0|  0|   33|           1|          31|
    |select_ln150_fu_15683_p3       |    select|   0|  0|   33|           1|          31|
    |select_ln170_2_fu_16842_p3     |    select|   0|  0|   33|           1|          31|
    |select_ln170_4_fu_17990_p3     |    select|   0|  0|   33|           1|          31|
    |select_ln170_fu_16300_p3       |    select|   0|  0|   33|           1|          31|
    |select_ln171_1_fu_16469_p3     |    select|   0|  0|    2|           1|           1|
    |select_ln171_3_fu_16991_p3     |    select|   0|  0|    2|           1|           1|
    |select_ln171_4_fu_17011_p3     |    select|   0|  0|    2|           1|           1|
    |select_ln171_6_fu_18139_p3     |    select|   0|  0|    2|           1|           1|
    |select_ln171_7_fu_18159_p3     |    select|   0|  0|    2|           1|           1|
    |select_ln171_fu_16449_p3       |    select|   0|  0|    2|           1|           1|
    |select_ln183_2_fu_18520_p3     |    select|   0|  0|   16|           1|          14|
    |select_ln183_3_fu_18528_p3     |    select|   0|  0|   15|           1|          15|
    |select_ln183_fu_17202_p3       |    select|   0|  0|   16|           1|          14|
    |select_ln300_10_fu_8551_p3     |    select|   0|  0|   33|           1|          31|
    |select_ln300_12_fu_8819_p3     |    select|   0|  0|   33|           1|          31|
    |select_ln300_14_fu_8953_p3     |    select|   0|  0|   33|           1|          31|
    |select_ln300_16_fu_9221_p3     |    select|   0|  0|   33|           1|          31|
    |select_ln300_18_fu_9355_p3     |    select|   0|  0|   33|           1|          31|
    |select_ln300_20_fu_9623_p3     |    select|   0|  0|   33|           1|          31|
    |select_ln300_22_fu_9757_p3     |    select|   0|  0|   33|           1|          31|
    |select_ln300_24_fu_10025_p3    |    select|   0|  0|   33|           1|          31|
    |select_ln300_26_fu_10159_p3    |    select|   0|  0|   33|           1|          31|
    |select_ln300_28_fu_10427_p3    |    select|   0|  0|   33|           1|          31|
    |select_ln300_2_fu_7747_p3      |    select|   0|  0|   33|           1|          31|
    |select_ln300_30_fu_10561_p3    |    select|   0|  0|   33|           1|          31|
    |select_ln300_32_fu_10829_p3    |    select|   0|  0|   33|           1|          31|
    |select_ln300_34_fu_10963_p3    |    select|   0|  0|   33|           1|          31|
    |select_ln300_36_fu_11231_p3    |    select|   0|  0|   33|           1|          31|
    |select_ln300_38_fu_11365_p3    |    select|   0|  0|   33|           1|          31|
    |select_ln300_40_fu_11633_p3    |    select|   0|  0|   33|           1|          31|
    |select_ln300_42_fu_11767_p3    |    select|   0|  0|   33|           1|          31|
    |select_ln300_44_fu_12035_p3    |    select|   0|  0|   33|           1|          31|
    |select_ln300_46_fu_12169_p3    |    select|   0|  0|   33|           1|          31|
    |select_ln300_48_fu_12437_p3    |    select|   0|  0|   33|           1|          31|
    |select_ln300_4_fu_8015_p3      |    select|   0|  0|   33|           1|          31|
    |select_ln300_50_fu_12571_p3    |    select|   0|  0|   33|           1|          31|
    |select_ln300_52_fu_12839_p3    |    select|   0|  0|   33|           1|          31|
    |select_ln300_54_fu_12973_p3    |    select|   0|  0|   33|           1|          31|
    |select_ln300_56_fu_13241_p3    |    select|   0|  0|   33|           1|          31|
    |select_ln300_58_fu_13375_p3    |    select|   0|  0|   33|           1|          31|
    |select_ln300_60_fu_13643_p3    |    select|   0|  0|   33|           1|          31|
    |select_ln300_62_fu_13777_p3    |    select|   0|  0|   33|           1|          31|
    |select_ln300_64_fu_14045_p3    |    select|   0|  0|   33|           1|          31|
    |select_ln300_66_fu_14179_p3    |    select|   0|  0|   33|           1|          31|
    |select_ln300_68_fu_14447_p3    |    select|   0|  0|   33|           1|          31|
    |select_ln300_6_fu_8149_p3      |    select|   0|  0|   33|           1|          31|
    |select_ln300_70_fu_14581_p3    |    select|   0|  0|   33|           1|          31|
    |select_ln300_72_fu_14849_p3    |    select|   0|  0|   33|           1|          31|
    |select_ln300_74_fu_14983_p3    |    select|   0|  0|   33|           1|          31|
    |select_ln300_76_fu_15251_p3    |    select|   0|  0|   33|           1|          31|
    |select_ln300_78_fu_15385_p3    |    select|   0|  0|   33|           1|          31|
    |select_ln300_8_fu_8417_p3      |    select|   0|  0|   33|           1|          31|
    |select_ln300_fu_7608_p3        |    select|   0|  0|   33|           1|          31|
    |select_ln301_10_fu_8619_p3     |    select|   0|  0|   33|           1|          31|
    |select_ln301_12_fu_8885_p3     |    select|   0|  0|   33|           1|          31|
    |select_ln301_14_fu_9021_p3     |    select|   0|  0|   33|           1|          31|
    |select_ln301_16_fu_9287_p3     |    select|   0|  0|   33|           1|          31|
    |select_ln301_18_fu_9423_p3     |    select|   0|  0|   33|           1|          31|
    |select_ln301_20_fu_9689_p3     |    select|   0|  0|   33|           1|          31|
    |select_ln301_22_fu_9825_p3     |    select|   0|  0|   33|           1|          31|
    |select_ln301_24_fu_10091_p3    |    select|   0|  0|   33|           1|          31|
    |select_ln301_26_fu_10227_p3    |    select|   0|  0|   33|           1|          31|
    |select_ln301_28_fu_10493_p3    |    select|   0|  0|   33|           1|          31|
    |select_ln301_2_fu_7815_p3      |    select|   0|  0|   33|           1|          31|
    |select_ln301_30_fu_10629_p3    |    select|   0|  0|   33|           1|          31|
    |select_ln301_32_fu_10895_p3    |    select|   0|  0|   33|           1|          31|
    |select_ln301_34_fu_11031_p3    |    select|   0|  0|   33|           1|          31|
    |select_ln301_36_fu_11297_p3    |    select|   0|  0|   33|           1|          31|
    |select_ln301_38_fu_11433_p3    |    select|   0|  0|   33|           1|          31|
    |select_ln301_40_fu_11699_p3    |    select|   0|  0|   33|           1|          31|
    |select_ln301_42_fu_11835_p3    |    select|   0|  0|   33|           1|          31|
    |select_ln301_44_fu_12101_p3    |    select|   0|  0|   33|           1|          31|
    |select_ln301_46_fu_12237_p3    |    select|   0|  0|   33|           1|          31|
    |select_ln301_48_fu_12503_p3    |    select|   0|  0|   33|           1|          31|
    |select_ln301_4_fu_8081_p3      |    select|   0|  0|   33|           1|          31|
    |select_ln301_50_fu_12639_p3    |    select|   0|  0|   33|           1|          31|
    |select_ln301_52_fu_12905_p3    |    select|   0|  0|   33|           1|          31|
    |select_ln301_54_fu_13041_p3    |    select|   0|  0|   33|           1|          31|
    |select_ln301_56_fu_13307_p3    |    select|   0|  0|   33|           1|          31|
    |select_ln301_58_fu_13443_p3    |    select|   0|  0|   33|           1|          31|
    |select_ln301_60_fu_13709_p3    |    select|   0|  0|   33|           1|          31|
    |select_ln301_62_fu_13845_p3    |    select|   0|  0|   33|           1|          31|
    |select_ln301_64_fu_14111_p3    |    select|   0|  0|   33|           1|          31|
    |select_ln301_66_fu_14247_p3    |    select|   0|  0|   33|           1|          31|
    |select_ln301_68_fu_14513_p3    |    select|   0|  0|   33|           1|          31|
    |select_ln301_6_fu_8217_p3      |    select|   0|  0|   33|           1|          31|
    |select_ln301_70_fu_14649_p3    |    select|   0|  0|   33|           1|          31|
    |select_ln301_72_fu_14915_p3    |    select|   0|  0|   33|           1|          31|
    |select_ln301_74_fu_15051_p3    |    select|   0|  0|   33|           1|          31|
    |select_ln301_76_fu_15317_p3    |    select|   0|  0|   33|           1|          31|
    |select_ln301_78_fu_15523_p3    |    select|   0|  0|   33|           1|          31|
    |select_ln301_8_fu_8483_p3      |    select|   0|  0|   33|           1|          31|
    |select_ln301_fu_7679_p3        |    select|   0|  0|   33|           1|          31|
    |select_ln302_10_fu_8685_p3     |    select|   0|  0|   33|           1|          31|
    |select_ln302_12_fu_8753_p3     |    select|   0|  0|   33|           1|          31|
    |select_ln302_14_fu_9087_p3     |    select|   0|  0|   33|           1|          31|
    |select_ln302_16_fu_9155_p3     |    select|   0|  0|   33|           1|          31|
    |select_ln302_18_fu_9489_p3     |    select|   0|  0|   33|           1|          31|
    |select_ln302_20_fu_9557_p3     |    select|   0|  0|   33|           1|          31|
    |select_ln302_22_fu_9891_p3     |    select|   0|  0|   33|           1|          31|
    |select_ln302_24_fu_9959_p3     |    select|   0|  0|   33|           1|          31|
    |select_ln302_26_fu_10293_p3    |    select|   0|  0|   33|           1|          31|
    |select_ln302_28_fu_10361_p3    |    select|   0|  0|   33|           1|          31|
    |select_ln302_2_fu_7881_p3      |    select|   0|  0|   33|           1|          31|
    |select_ln302_30_fu_10695_p3    |    select|   0|  0|   33|           1|          31|
    |select_ln302_32_fu_10763_p3    |    select|   0|  0|   33|           1|          31|
    |select_ln302_34_fu_11097_p3    |    select|   0|  0|   33|           1|          31|
    |select_ln302_36_fu_11165_p3    |    select|   0|  0|   33|           1|          31|
    |select_ln302_38_fu_11499_p3    |    select|   0|  0|   33|           1|          31|
    |select_ln302_40_fu_11567_p3    |    select|   0|  0|   33|           1|          31|
    |select_ln302_42_fu_11901_p3    |    select|   0|  0|   33|           1|          31|
    |select_ln302_44_fu_11969_p3    |    select|   0|  0|   33|           1|          31|
    |select_ln302_46_fu_12303_p3    |    select|   0|  0|   33|           1|          31|
    |select_ln302_48_fu_12371_p3    |    select|   0|  0|   33|           1|          31|
    |select_ln302_4_fu_7949_p3      |    select|   0|  0|   33|           1|          31|
    |select_ln302_50_fu_12705_p3    |    select|   0|  0|   33|           1|          31|
    |select_ln302_52_fu_12773_p3    |    select|   0|  0|   33|           1|          31|
    |select_ln302_54_fu_13107_p3    |    select|   0|  0|   33|           1|          31|
    |select_ln302_56_fu_13175_p3    |    select|   0|  0|   33|           1|          31|
    |select_ln302_58_fu_13509_p3    |    select|   0|  0|   33|           1|          31|
    |select_ln302_60_fu_13577_p3    |    select|   0|  0|   33|           1|          31|
    |select_ln302_62_fu_13911_p3    |    select|   0|  0|   33|           1|          31|
    |select_ln302_64_fu_13979_p3    |    select|   0|  0|   33|           1|          31|
    |select_ln302_66_fu_14313_p3    |    select|   0|  0|   33|           1|          31|
    |select_ln302_68_fu_14381_p3    |    select|   0|  0|   33|           1|          31|
    |select_ln302_6_fu_8283_p3      |    select|   0|  0|   33|           1|          31|
    |select_ln302_70_fu_14715_p3    |    select|   0|  0|   33|           1|          31|
    |select_ln302_72_fu_14783_p3    |    select|   0|  0|   33|           1|          31|
    |select_ln302_74_fu_15117_p3    |    select|   0|  0|   33|           1|          31|
    |select_ln302_76_fu_15185_p3    |    select|   0|  0|   33|           1|          31|
    |select_ln302_78_fu_15485_p3    |    select|   0|  0|   33|           1|          31|
    |select_ln302_8_fu_8351_p3      |    select|   0|  0|   33|           1|          31|
    |select_ln302_fu_7531_p3        |    select|   0|  0|   33|           1|          31|
    |select_ln314_1_fu_17542_p3     |    select|   0|  0|    2|           1|           1|
    |select_ln314_2_fu_17596_p3     |    select|   0|  0|   33|           1|          31|
    |select_ln314_fu_17526_p3       |    select|   0|  0|    2|           1|           1|
    |select_ln324_fu_18742_p3       |    select|   0|  0|   33|           1|          31|
    |select_ln326_1_fu_18912_p3     |    select|   0|  0|    2|           1|           1|
    |select_ln326_2_fu_18966_p3     |    select|   0|  0|   16|           1|          14|
    |select_ln326_fu_18896_p3       |    select|   0|  0|    2|           1|           1|
    |select_ln331_fu_19360_p3       |    select|   0|  0|   33|           1|          31|
    |state_update_2_fu_18754_p3     |    select|   0|  0|   32|           1|          32|
    |val_n_rec_10_fu_8359_p3        |    select|   0|  0|   32|           1|          32|
    |val_n_rec_12_fu_8693_p3        |    select|   0|  0|   32|           1|          32|
    |val_n_rec_14_fu_8761_p3        |    select|   0|  0|   32|           1|          32|
    |val_n_rec_16_fu_9095_p3        |    select|   0|  0|   32|           1|          32|
    |val_n_rec_18_fu_9163_p3        |    select|   0|  0|   32|           1|          32|
    |val_n_rec_20_fu_9497_p3        |    select|   0|  0|   32|           1|          32|
    |val_n_rec_22_fu_9565_p3        |    select|   0|  0|   32|           1|          32|
    |val_n_rec_24_fu_9899_p3        |    select|   0|  0|   32|           1|          32|
    |val_n_rec_26_fu_9967_p3        |    select|   0|  0|   32|           1|          32|
    |val_n_rec_28_fu_10301_p3       |    select|   0|  0|   32|           1|          32|
    |val_n_rec_2_fu_7539_p3         |    select|   0|  0|   32|           1|          32|
    |val_n_rec_30_fu_10369_p3       |    select|   0|  0|   32|           1|          32|
    |val_n_rec_32_fu_10703_p3       |    select|   0|  0|   32|           1|          32|
    |val_n_rec_34_fu_10771_p3       |    select|   0|  0|   32|           1|          32|
    |val_n_rec_36_fu_11105_p3       |    select|   0|  0|   32|           1|          32|
    |val_n_rec_38_fu_11173_p3       |    select|   0|  0|   32|           1|          32|
    |val_n_rec_40_fu_11507_p3       |    select|   0|  0|   32|           1|          32|
    |val_n_rec_42_fu_11575_p3       |    select|   0|  0|   32|           1|          32|
    |val_n_rec_44_fu_11909_p3       |    select|   0|  0|   32|           1|          32|
    |val_n_rec_46_fu_11977_p3       |    select|   0|  0|   32|           1|          32|
    |val_n_rec_48_fu_12311_p3       |    select|   0|  0|   32|           1|          32|
    |val_n_rec_4_fu_7889_p3         |    select|   0|  0|   32|           1|          32|
    |val_n_rec_50_fu_12379_p3       |    select|   0|  0|   32|           1|          32|
    |val_n_rec_52_fu_12713_p3       |    select|   0|  0|   32|           1|          32|
    |val_n_rec_54_fu_12781_p3       |    select|   0|  0|   32|           1|          32|
    |val_n_rec_56_fu_13115_p3       |    select|   0|  0|   32|           1|          32|
    |val_n_rec_58_fu_13183_p3       |    select|   0|  0|   32|           1|          32|
    |val_n_rec_60_fu_13517_p3       |    select|   0|  0|   32|           1|          32|
    |val_n_rec_62_fu_13585_p3       |    select|   0|  0|   32|           1|          32|
    |val_n_rec_64_fu_13919_p3       |    select|   0|  0|   32|           1|          32|
    |val_n_rec_66_fu_13987_p3       |    select|   0|  0|   32|           1|          32|
    |val_n_rec_68_fu_14321_p3       |    select|   0|  0|   32|           1|          32|
    |val_n_rec_6_fu_7957_p3         |    select|   0|  0|   32|           1|          32|
    |val_n_rec_70_fu_14389_p3       |    select|   0|  0|   32|           1|          32|
    |val_n_rec_72_fu_14723_p3       |    select|   0|  0|   32|           1|          32|
    |val_n_rec_74_fu_14791_p3       |    select|   0|  0|   32|           1|          32|
    |val_n_rec_76_fu_15125_p3       |    select|   0|  0|   32|           1|          32|
    |val_n_rec_78_fu_15193_p3       |    select|   0|  0|   32|           1|          32|
    |val_n_rec_80_fu_15493_p3       |    select|   0|  0|   32|           1|          32|
    |val_n_rec_8_fu_8291_p3         |    select|   0|  0|   32|           1|          32|
    |val_r_10_fu_8425_p3            |    select|   0|  0|   32|           1|          32|
    |val_r_12_fu_8559_p3            |    select|   0|  0|   32|           1|          32|
    |val_r_14_fu_8827_p3            |    select|   0|  0|   32|           1|          32|
    |val_r_16_fu_8961_p3            |    select|   0|  0|   32|           1|          32|
    |val_r_18_fu_9229_p3            |    select|   0|  0|   32|           1|          32|
    |val_r_20_fu_9363_p3            |    select|   0|  0|   32|           1|          32|
    |val_r_22_fu_9631_p3            |    select|   0|  0|   32|           1|          32|
    |val_r_24_fu_9765_p3            |    select|   0|  0|   32|           1|          32|
    |val_r_26_fu_10033_p3           |    select|   0|  0|   32|           1|          32|
    |val_r_28_fu_10167_p3           |    select|   0|  0|   32|           1|          32|
    |val_r_2_fu_7616_p3             |    select|   0|  0|   32|           1|          32|
    |val_r_30_fu_10435_p3           |    select|   0|  0|   32|           1|          32|
    |val_r_32_fu_10569_p3           |    select|   0|  0|   32|           1|          32|
    |val_r_34_fu_10837_p3           |    select|   0|  0|   32|           1|          32|
    |val_r_36_fu_10971_p3           |    select|   0|  0|   32|           1|          32|
    |val_r_38_fu_11239_p3           |    select|   0|  0|   32|           1|          32|
    |val_r_40_fu_11373_p3           |    select|   0|  0|   32|           1|          32|
    |val_r_42_fu_11641_p3           |    select|   0|  0|   32|           1|          32|
    |val_r_44_fu_11775_p3           |    select|   0|  0|   32|           1|          32|
    |val_r_46_fu_12043_p3           |    select|   0|  0|   32|           1|          32|
    |val_r_48_fu_12177_p3           |    select|   0|  0|   32|           1|          32|
    |val_r_4_fu_7755_p3             |    select|   0|  0|   32|           1|          32|
    |val_r_50_fu_12445_p3           |    select|   0|  0|   32|           1|          32|
    |val_r_52_fu_12579_p3           |    select|   0|  0|   32|           1|          32|
    |val_r_54_fu_12847_p3           |    select|   0|  0|   32|           1|          32|
    |val_r_56_fu_12981_p3           |    select|   0|  0|   32|           1|          32|
    |val_r_58_fu_13249_p3           |    select|   0|  0|   32|           1|          32|
    |val_r_60_fu_13383_p3           |    select|   0|  0|   32|           1|          32|
    |val_r_62_fu_13651_p3           |    select|   0|  0|   32|           1|          32|
    |val_r_64_fu_13785_p3           |    select|   0|  0|   32|           1|          32|
    |val_r_66_fu_14053_p3           |    select|   0|  0|   32|           1|          32|
    |val_r_68_fu_14187_p3           |    select|   0|  0|   32|           1|          32|
    |val_r_6_fu_8023_p3             |    select|   0|  0|   32|           1|          32|
    |val_r_70_fu_14455_p3           |    select|   0|  0|   32|           1|          32|
    |val_r_72_fu_14589_p3           |    select|   0|  0|   32|           1|          32|
    |val_r_74_fu_14857_p3           |    select|   0|  0|   32|           1|          32|
    |val_r_76_fu_14991_p3           |    select|   0|  0|   32|           1|          32|
    |val_r_78_fu_15259_p3           |    select|   0|  0|   32|           1|          32|
    |val_r_80_fu_15393_p3           |    select|   0|  0|   32|           1|          32|
    |val_r_8_fu_8157_p3             |    select|   0|  0|   32|           1|          32|
    |val_z_10_fu_8491_p3            |    select|   0|  0|   32|           1|          32|
    |val_z_12_fu_8627_p3            |    select|   0|  0|   32|           1|          32|
    |val_z_14_fu_8893_p3            |    select|   0|  0|   32|           1|          32|
    |val_z_16_fu_9029_p3            |    select|   0|  0|   32|           1|          32|
    |val_z_18_fu_9295_p3            |    select|   0|  0|   32|           1|          32|
    |val_z_20_fu_9431_p3            |    select|   0|  0|   32|           1|          32|
    |val_z_22_fu_9697_p3            |    select|   0|  0|   32|           1|          32|
    |val_z_24_fu_9833_p3            |    select|   0|  0|   32|           1|          32|
    |val_z_26_fu_10099_p3           |    select|   0|  0|   32|           1|          32|
    |val_z_28_fu_10235_p3           |    select|   0|  0|   32|           1|          32|
    |val_z_2_fu_7687_p3             |    select|   0|  0|   32|           1|          32|
    |val_z_30_fu_10501_p3           |    select|   0|  0|   32|           1|          32|
    |val_z_32_fu_10637_p3           |    select|   0|  0|   32|           1|          32|
    |val_z_34_fu_10903_p3           |    select|   0|  0|   32|           1|          32|
    |val_z_36_fu_11039_p3           |    select|   0|  0|   32|           1|          32|
    |val_z_38_fu_11305_p3           |    select|   0|  0|   32|           1|          32|
    |val_z_40_fu_11441_p3           |    select|   0|  0|   32|           1|          32|
    |val_z_42_fu_11707_p3           |    select|   0|  0|   32|           1|          32|
    |val_z_44_fu_11843_p3           |    select|   0|  0|   32|           1|          32|
    |val_z_46_fu_12109_p3           |    select|   0|  0|   32|           1|          32|
    |val_z_48_fu_12245_p3           |    select|   0|  0|   32|           1|          32|
    |val_z_4_fu_7823_p3             |    select|   0|  0|   32|           1|          32|
    |val_z_50_fu_12511_p3           |    select|   0|  0|   32|           1|          32|
    |val_z_52_fu_12647_p3           |    select|   0|  0|   32|           1|          32|
    |val_z_54_fu_12913_p3           |    select|   0|  0|   32|           1|          32|
    |val_z_56_fu_13049_p3           |    select|   0|  0|   32|           1|          32|
    |val_z_58_fu_13315_p3           |    select|   0|  0|   32|           1|          32|
    |val_z_60_fu_13451_p3           |    select|   0|  0|   32|           1|          32|
    |val_z_62_fu_13717_p3           |    select|   0|  0|   32|           1|          32|
    |val_z_64_fu_13853_p3           |    select|   0|  0|   32|           1|          32|
    |val_z_66_fu_14119_p3           |    select|   0|  0|   32|           1|          32|
    |val_z_68_fu_14255_p3           |    select|   0|  0|   32|           1|          32|
    |val_z_6_fu_8089_p3             |    select|   0|  0|   32|           1|          32|
    |val_z_70_fu_14521_p3           |    select|   0|  0|   32|           1|          32|
    |val_z_72_fu_14657_p3           |    select|   0|  0|   32|           1|          32|
    |val_z_74_fu_14923_p3           |    select|   0|  0|   32|           1|          32|
    |val_z_76_fu_15059_p3           |    select|   0|  0|   32|           1|          32|
    |val_z_78_fu_15325_p3           |    select|   0|  0|   32|           1|          32|
    |val_z_80_fu_15531_p3           |    select|   0|  0|   32|           1|          32|
    |val_z_8_fu_8225_p3             |    select|   0|  0|   32|           1|          32|
    |y_2_fu_16307_p3                |    select|   0|  0|   32|           1|          32|
    |y_5_fu_16849_p3                |    select|   0|  0|   32|           1|          32|
    |y_8_fu_17997_p3                |    select|   0|  0|   32|           1|          32|
    |y_acc_2_fu_19368_p3            |    select|   0|  0|   32|           1|          32|
    |ap_enable_pp0                  |       xor|   0|  0|    2|           1|           2|
    |xor_ln149_1_fu_15943_p2        |       xor|   0|  0|    2|           1|           2|
    |xor_ln149_2_fu_17687_p2        |       xor|   0|  0|    2|           1|           2|
    |xor_ln149_fu_15697_p2          |       xor|   0|  0|    2|           1|           2|
    |xor_ln150_1_fu_15677_p2        |       xor|   0|  0|    2|           1|           1|
    |xor_ln150_2_fu_15916_p2        |       xor|   0|  0|    2|           1|           2|
    |xor_ln150_3_fu_15926_p2        |       xor|   0|  0|    2|           1|           1|
    |xor_ln150_4_fu_17655_p2        |       xor|   0|  0|    2|           1|           2|
    |xor_ln150_5_fu_17667_p2        |       xor|   0|  0|    2|           1|           1|
    |xor_ln150_fu_15665_p2          |       xor|   0|  0|    2|           1|           2|
    |xor_ln153_1_fu_17256_p2        |       xor|   0|  0|    2|           1|           2|
    |xor_ln153_2_fu_18229_p2        |       xor|   0|  0|    2|           1|           2|
    |xor_ln153_fu_16717_p2          |       xor|   0|  0|    2|           1|           2|
    |xor_ln170_10_fu_16631_p2       |       xor|   0|  0|    2|           1|           1|
    |xor_ln170_11_fu_16667_p2       |       xor|   0|  0|    2|           1|           2|
    |xor_ln170_12_fu_17906_p2       |       xor|   0|  0|    2|           1|           2|
    |xor_ln170_13_fu_17918_p2       |       xor|   0|  0|    2|           1|           2|
    |xor_ln170_14_fu_17930_p2       |       xor|   0|  0|    2|           1|           1|
    |xor_ln170_15_fu_17942_p2       |       xor|   0|  0|    2|           1|           2|
    |xor_ln170_16_fu_17936_p2       |       xor|   0|  0|    2|           1|           1|
    |xor_ln170_17_fu_17972_p2       |       xor|   0|  0|    2|           1|           2|
    |xor_ln170_1_fu_16208_p2        |       xor|   0|  0|    2|           1|           2|
    |xor_ln170_2_fu_16220_p2        |       xor|   0|  0|    2|           1|           1|
    |xor_ln170_3_fu_16232_p2        |       xor|   0|  0|    2|           1|           2|
    |xor_ln170_4_fu_16226_p2        |       xor|   0|  0|    2|           1|           1|
    |xor_ln170_5_fu_16262_p2        |       xor|   0|  0|    2|           1|           2|
    |xor_ln170_6_fu_16601_p2        |       xor|   0|  0|    2|           1|           2|
    |xor_ln170_7_fu_16613_p2        |       xor|   0|  0|    2|           1|           2|
    |xor_ln170_8_fu_16625_p2        |       xor|   0|  0|    2|           1|           1|
    |xor_ln170_9_fu_16637_p2        |       xor|   0|  0|    2|           1|           2|
    |xor_ln170_fu_16196_p2          |       xor|   0|  0|    2|           1|           2|
    |xor_ln171_10_fu_18085_p2       |       xor|   0|  0|    2|           1|           2|
    |xor_ln171_11_fu_18147_p2       |       xor|   0|  0|    2|           1|           2|
    |xor_ln171_12_fu_18167_p2       |       xor|   0|  0|    2|           1|           2|
    |xor_ln171_13_fu_18179_p2       |       xor|   0|  0|    2|           1|           2|
    |xor_ln171_14_fu_18206_p2       |       xor|   0|  0|    2|           1|           2|
    |xor_ln171_1_fu_16457_p2        |       xor|   0|  0|    2|           1|           2|
    |xor_ln171_2_fu_16477_p2        |       xor|   0|  0|    2|           1|           2|
    |xor_ln171_3_fu_16489_p2        |       xor|   0|  0|    2|           1|           2|
    |xor_ln171_4_fu_16694_p2        |       xor|   0|  0|    2|           1|           2|
    |xor_ln171_5_fu_16937_p2        |       xor|   0|  0|    2|           1|           2|
    |xor_ln171_6_fu_16999_p2        |       xor|   0|  0|    2|           1|           2|
    |xor_ln171_7_fu_17019_p2        |       xor|   0|  0|    2|           1|           2|
    |xor_ln171_8_fu_17031_p2        |       xor|   0|  0|    2|           1|           2|
    |xor_ln171_9_fu_17233_p2        |       xor|   0|  0|    2|           1|           2|
    |xor_ln171_fu_16395_p2          |       xor|   0|  0|    2|           1|           2|
    |xor_ln173_1_fu_16796_p2        |       xor|   0|  0|    2|           1|           1|
    |xor_ln173_2_fu_17323_p2        |       xor|   0|  0|    2|           1|           2|
    |xor_ln173_3_fu_17335_p2        |       xor|   0|  0|    2|           1|           1|
    |xor_ln173_4_fu_18296_p2        |       xor|   0|  0|    2|           1|           2|
    |xor_ln173_5_fu_18308_p2        |       xor|   0|  0|    2|           1|           1|
    |xor_ln173_fu_16784_p2          |       xor|   0|  0|    2|           1|           2|
    |xor_ln181_1_fu_15596_p2        |       xor|   0|  0|    2|           1|           1|
    |xor_ln181_2_fu_15601_p2        |       xor|   0|  0|    2|           1|           2|
    |xor_ln181_3_fu_15761_p2        |       xor|   0|  0|    2|           1|           2|
    |xor_ln181_4_fu_15773_p2        |       xor|   0|  0|    2|           1|           1|
    |xor_ln181_5_fu_15779_p2        |       xor|   0|  0|    2|           1|           2|
    |xor_ln181_fu_15585_p2          |       xor|   0|  0|    2|           1|           2|
    |xor_ln183_10_fu_18459_p2       |       xor|   0|  0|    2|           1|           1|
    |xor_ln183_11_fu_18495_p2       |       xor|   0|  0|    2|           1|           2|
    |xor_ln183_1_fu_17136_p2        |       xor|   0|  0|    2|           1|           2|
    |xor_ln183_2_fu_17148_p2        |       xor|   0|  0|    2|           1|           1|
    |xor_ln183_3_fu_17160_p2        |       xor|   0|  0|    2|           1|           2|
    |xor_ln183_4_fu_17154_p2        |       xor|   0|  0|    2|           1|           1|
    |xor_ln183_5_fu_17190_p2        |       xor|   0|  0|    2|           1|           2|
    |xor_ln183_6_fu_18429_p2        |       xor|   0|  0|    2|           1|           2|
    |xor_ln183_7_fu_18441_p2        |       xor|   0|  0|    2|           1|           2|
    |xor_ln183_8_fu_18453_p2        |       xor|   0|  0|    2|           1|           1|
    |xor_ln183_9_fu_18465_p2        |       xor|   0|  0|    2|           1|           2|
    |xor_ln183_fu_17124_p2          |       xor|   0|  0|    2|           1|           2|
    |xor_ln300_10_fu_8533_p2        |       xor|   0|  0|    2|           1|           2|
    |xor_ln300_11_fu_8545_p2        |       xor|   0|  0|    2|           1|           1|
    |xor_ln300_12_fu_8801_p2        |       xor|   0|  0|    2|           1|           2|
    |xor_ln300_13_fu_8813_p2        |       xor|   0|  0|    2|           1|           1|
    |xor_ln300_14_fu_8935_p2        |       xor|   0|  0|    2|           1|           2|
    |xor_ln300_15_fu_8947_p2        |       xor|   0|  0|    2|           1|           1|
    |xor_ln300_16_fu_9203_p2        |       xor|   0|  0|    2|           1|           2|
    |xor_ln300_17_fu_9215_p2        |       xor|   0|  0|    2|           1|           1|
    |xor_ln300_18_fu_9337_p2        |       xor|   0|  0|    2|           1|           2|
    |xor_ln300_19_fu_9349_p2        |       xor|   0|  0|    2|           1|           1|
    |xor_ln300_1_fu_7602_p2         |       xor|   0|  0|    2|           1|           1|
    |xor_ln300_20_fu_9605_p2        |       xor|   0|  0|    2|           1|           2|
    |xor_ln300_21_fu_9617_p2        |       xor|   0|  0|    2|           1|           1|
    |xor_ln300_22_fu_9739_p2        |       xor|   0|  0|    2|           1|           2|
    |xor_ln300_23_fu_9751_p2        |       xor|   0|  0|    2|           1|           1|
    |xor_ln300_24_fu_10007_p2       |       xor|   0|  0|    2|           1|           2|
    |xor_ln300_25_fu_10019_p2       |       xor|   0|  0|    2|           1|           1|
    |xor_ln300_26_fu_10141_p2       |       xor|   0|  0|    2|           1|           2|
    |xor_ln300_27_fu_10153_p2       |       xor|   0|  0|    2|           1|           1|
    |xor_ln300_28_fu_10409_p2       |       xor|   0|  0|    2|           1|           2|
    |xor_ln300_29_fu_10421_p2       |       xor|   0|  0|    2|           1|           1|
    |xor_ln300_2_fu_7729_p2         |       xor|   0|  0|    2|           1|           2|
    |xor_ln300_30_fu_10543_p2       |       xor|   0|  0|    2|           1|           2|
    |xor_ln300_31_fu_10555_p2       |       xor|   0|  0|    2|           1|           1|
    |xor_ln300_32_fu_10811_p2       |       xor|   0|  0|    2|           1|           2|
    |xor_ln300_33_fu_10823_p2       |       xor|   0|  0|    2|           1|           1|
    |xor_ln300_34_fu_10945_p2       |       xor|   0|  0|    2|           1|           2|
    |xor_ln300_35_fu_10957_p2       |       xor|   0|  0|    2|           1|           1|
    |xor_ln300_36_fu_11213_p2       |       xor|   0|  0|    2|           1|           2|
    |xor_ln300_37_fu_11225_p2       |       xor|   0|  0|    2|           1|           1|
    |xor_ln300_38_fu_11347_p2       |       xor|   0|  0|    2|           1|           2|
    |xor_ln300_39_fu_11359_p2       |       xor|   0|  0|    2|           1|           1|
    |xor_ln300_3_fu_7741_p2         |       xor|   0|  0|    2|           1|           1|
    |xor_ln300_40_fu_11615_p2       |       xor|   0|  0|    2|           1|           2|
    |xor_ln300_41_fu_11627_p2       |       xor|   0|  0|    2|           1|           1|
    |xor_ln300_42_fu_11749_p2       |       xor|   0|  0|    2|           1|           2|
    |xor_ln300_43_fu_11761_p2       |       xor|   0|  0|    2|           1|           1|
    |xor_ln300_44_fu_12017_p2       |       xor|   0|  0|    2|           1|           2|
    |xor_ln300_45_fu_12029_p2       |       xor|   0|  0|    2|           1|           1|
    |xor_ln300_46_fu_12151_p2       |       xor|   0|  0|    2|           1|           2|
    |xor_ln300_47_fu_12163_p2       |       xor|   0|  0|    2|           1|           1|
    |xor_ln300_48_fu_12419_p2       |       xor|   0|  0|    2|           1|           2|
    |xor_ln300_49_fu_12431_p2       |       xor|   0|  0|    2|           1|           1|
    |xor_ln300_4_fu_7997_p2         |       xor|   0|  0|    2|           1|           2|
    |xor_ln300_50_fu_12553_p2       |       xor|   0|  0|    2|           1|           2|
    |xor_ln300_51_fu_12565_p2       |       xor|   0|  0|    2|           1|           1|
    |xor_ln300_52_fu_12821_p2       |       xor|   0|  0|    2|           1|           2|
    |xor_ln300_53_fu_12833_p2       |       xor|   0|  0|    2|           1|           1|
    |xor_ln300_54_fu_12955_p2       |       xor|   0|  0|    2|           1|           2|
    |xor_ln300_55_fu_12967_p2       |       xor|   0|  0|    2|           1|           1|
    |xor_ln300_56_fu_13223_p2       |       xor|   0|  0|    2|           1|           2|
    |xor_ln300_57_fu_13235_p2       |       xor|   0|  0|    2|           1|           1|
    |xor_ln300_58_fu_13357_p2       |       xor|   0|  0|    2|           1|           2|
    |xor_ln300_59_fu_13369_p2       |       xor|   0|  0|    2|           1|           1|
    |xor_ln300_5_fu_8009_p2         |       xor|   0|  0|    2|           1|           1|
    |xor_ln300_60_fu_13625_p2       |       xor|   0|  0|    2|           1|           2|
    |xor_ln300_61_fu_13637_p2       |       xor|   0|  0|    2|           1|           1|
    |xor_ln300_62_fu_13759_p2       |       xor|   0|  0|    2|           1|           2|
    |xor_ln300_63_fu_13771_p2       |       xor|   0|  0|    2|           1|           1|
    |xor_ln300_64_fu_14027_p2       |       xor|   0|  0|    2|           1|           2|
    |xor_ln300_65_fu_14039_p2       |       xor|   0|  0|    2|           1|           1|
    |xor_ln300_66_fu_14161_p2       |       xor|   0|  0|    2|           1|           2|
    |xor_ln300_67_fu_14173_p2       |       xor|   0|  0|    2|           1|           1|
    |xor_ln300_68_fu_14429_p2       |       xor|   0|  0|    2|           1|           2|
    |xor_ln300_69_fu_14441_p2       |       xor|   0|  0|    2|           1|           1|
    |xor_ln300_6_fu_8131_p2         |       xor|   0|  0|    2|           1|           2|
    |xor_ln300_70_fu_14563_p2       |       xor|   0|  0|    2|           1|           2|
    |xor_ln300_71_fu_14575_p2       |       xor|   0|  0|    2|           1|           1|
    |xor_ln300_72_fu_14831_p2       |       xor|   0|  0|    2|           1|           2|
    |xor_ln300_73_fu_14843_p2       |       xor|   0|  0|    2|           1|           1|
    |xor_ln300_74_fu_14965_p2       |       xor|   0|  0|    2|           1|           2|
    |xor_ln300_75_fu_14977_p2       |       xor|   0|  0|    2|           1|           1|
    |xor_ln300_76_fu_15233_p2       |       xor|   0|  0|    2|           1|           2|
    |xor_ln300_77_fu_15245_p2       |       xor|   0|  0|    2|           1|           1|
    |xor_ln300_78_fu_15367_p2       |       xor|   0|  0|    2|           1|           2|
    |xor_ln300_79_fu_15379_p2       |       xor|   0|  0|    2|           1|           1|
    |xor_ln300_7_fu_8143_p2         |       xor|   0|  0|    2|           1|           1|
    |xor_ln300_8_fu_8399_p2         |       xor|   0|  0|    2|           1|           2|
    |xor_ln300_9_fu_8411_p2         |       xor|   0|  0|    2|           1|           1|
    |xor_ln300_fu_7590_p2           |       xor|   0|  0|    2|           1|           2|
    |xor_ln301_10_fu_8601_p2        |       xor|   0|  0|    2|           1|           2|
    |xor_ln301_11_fu_8613_p2        |       xor|   0|  0|    2|           1|           1|
    |xor_ln301_12_fu_8867_p2        |       xor|   0|  0|    2|           1|           2|
    |xor_ln301_13_fu_8879_p2        |       xor|   0|  0|    2|           1|           1|
    |xor_ln301_14_fu_9003_p2        |       xor|   0|  0|    2|           1|           2|
    |xor_ln301_15_fu_9015_p2        |       xor|   0|  0|    2|           1|           1|
    |xor_ln301_16_fu_9269_p2        |       xor|   0|  0|    2|           1|           2|
    |xor_ln301_17_fu_9281_p2        |       xor|   0|  0|    2|           1|           1|
    |xor_ln301_18_fu_9405_p2        |       xor|   0|  0|    2|           1|           2|
    |xor_ln301_19_fu_9417_p2        |       xor|   0|  0|    2|           1|           1|
    |xor_ln301_1_fu_7673_p2         |       xor|   0|  0|    2|           1|           1|
    |xor_ln301_20_fu_9671_p2        |       xor|   0|  0|    2|           1|           2|
    |xor_ln301_21_fu_9683_p2        |       xor|   0|  0|    2|           1|           1|
    |xor_ln301_22_fu_9807_p2        |       xor|   0|  0|    2|           1|           2|
    |xor_ln301_23_fu_9819_p2        |       xor|   0|  0|    2|           1|           1|
    |xor_ln301_24_fu_10073_p2       |       xor|   0|  0|    2|           1|           2|
    |xor_ln301_25_fu_10085_p2       |       xor|   0|  0|    2|           1|           1|
    |xor_ln301_26_fu_10209_p2       |       xor|   0|  0|    2|           1|           2|
    |xor_ln301_27_fu_10221_p2       |       xor|   0|  0|    2|           1|           1|
    |xor_ln301_28_fu_10475_p2       |       xor|   0|  0|    2|           1|           2|
    |xor_ln301_29_fu_10487_p2       |       xor|   0|  0|    2|           1|           1|
    |xor_ln301_2_fu_7797_p2         |       xor|   0|  0|    2|           1|           2|
    |xor_ln301_30_fu_10611_p2       |       xor|   0|  0|    2|           1|           2|
    |xor_ln301_31_fu_10623_p2       |       xor|   0|  0|    2|           1|           1|
    |xor_ln301_32_fu_10877_p2       |       xor|   0|  0|    2|           1|           2|
    |xor_ln301_33_fu_10889_p2       |       xor|   0|  0|    2|           1|           1|
    |xor_ln301_34_fu_11013_p2       |       xor|   0|  0|    2|           1|           2|
    |xor_ln301_35_fu_11025_p2       |       xor|   0|  0|    2|           1|           1|
    |xor_ln301_36_fu_11279_p2       |       xor|   0|  0|    2|           1|           2|
    |xor_ln301_37_fu_11291_p2       |       xor|   0|  0|    2|           1|           1|
    |xor_ln301_38_fu_11415_p2       |       xor|   0|  0|    2|           1|           2|
    |xor_ln301_39_fu_11427_p2       |       xor|   0|  0|    2|           1|           1|
    |xor_ln301_3_fu_7809_p2         |       xor|   0|  0|    2|           1|           1|
    |xor_ln301_40_fu_11681_p2       |       xor|   0|  0|    2|           1|           2|
    |xor_ln301_41_fu_11693_p2       |       xor|   0|  0|    2|           1|           1|
    |xor_ln301_42_fu_11817_p2       |       xor|   0|  0|    2|           1|           2|
    |xor_ln301_43_fu_11829_p2       |       xor|   0|  0|    2|           1|           1|
    |xor_ln301_44_fu_12083_p2       |       xor|   0|  0|    2|           1|           2|
    |xor_ln301_45_fu_12095_p2       |       xor|   0|  0|    2|           1|           1|
    |xor_ln301_46_fu_12219_p2       |       xor|   0|  0|    2|           1|           2|
    |xor_ln301_47_fu_12231_p2       |       xor|   0|  0|    2|           1|           1|
    |xor_ln301_48_fu_12485_p2       |       xor|   0|  0|    2|           1|           2|
    |xor_ln301_49_fu_12497_p2       |       xor|   0|  0|    2|           1|           1|
    |xor_ln301_4_fu_8063_p2         |       xor|   0|  0|    2|           1|           2|
    |xor_ln301_50_fu_12621_p2       |       xor|   0|  0|    2|           1|           2|
    |xor_ln301_51_fu_12633_p2       |       xor|   0|  0|    2|           1|           1|
    |xor_ln301_52_fu_12887_p2       |       xor|   0|  0|    2|           1|           2|
    |xor_ln301_53_fu_12899_p2       |       xor|   0|  0|    2|           1|           1|
    |xor_ln301_54_fu_13023_p2       |       xor|   0|  0|    2|           1|           2|
    |xor_ln301_55_fu_13035_p2       |       xor|   0|  0|    2|           1|           1|
    |xor_ln301_56_fu_13289_p2       |       xor|   0|  0|    2|           1|           2|
    |xor_ln301_57_fu_13301_p2       |       xor|   0|  0|    2|           1|           1|
    |xor_ln301_58_fu_13425_p2       |       xor|   0|  0|    2|           1|           2|
    |xor_ln301_59_fu_13437_p2       |       xor|   0|  0|    2|           1|           1|
    |xor_ln301_5_fu_8075_p2         |       xor|   0|  0|    2|           1|           1|
    |xor_ln301_60_fu_13691_p2       |       xor|   0|  0|    2|           1|           2|
    |xor_ln301_61_fu_13703_p2       |       xor|   0|  0|    2|           1|           1|
    |xor_ln301_62_fu_13827_p2       |       xor|   0|  0|    2|           1|           2|
    |xor_ln301_63_fu_13839_p2       |       xor|   0|  0|    2|           1|           1|
    |xor_ln301_64_fu_14093_p2       |       xor|   0|  0|    2|           1|           2|
    |xor_ln301_65_fu_14105_p2       |       xor|   0|  0|    2|           1|           1|
    |xor_ln301_66_fu_14229_p2       |       xor|   0|  0|    2|           1|           2|
    |xor_ln301_67_fu_14241_p2       |       xor|   0|  0|    2|           1|           1|
    |xor_ln301_68_fu_14495_p2       |       xor|   0|  0|    2|           1|           2|
    |xor_ln301_69_fu_14507_p2       |       xor|   0|  0|    2|           1|           1|
    |xor_ln301_6_fu_8199_p2         |       xor|   0|  0|    2|           1|           2|
    |xor_ln301_70_fu_14631_p2       |       xor|   0|  0|    2|           1|           2|
    |xor_ln301_71_fu_14643_p2       |       xor|   0|  0|    2|           1|           1|
    |xor_ln301_72_fu_14897_p2       |       xor|   0|  0|    2|           1|           2|
    |xor_ln301_73_fu_14909_p2       |       xor|   0|  0|    2|           1|           1|
    |xor_ln301_74_fu_15033_p2       |       xor|   0|  0|    2|           1|           2|
    |xor_ln301_75_fu_15045_p2       |       xor|   0|  0|    2|           1|           1|
    |xor_ln301_76_fu_15299_p2       |       xor|   0|  0|    2|           1|           2|
    |xor_ln301_77_fu_15311_p2       |       xor|   0|  0|    2|           1|           1|
    |xor_ln301_78_fu_15509_p2       |       xor|   0|  0|    2|           1|           2|
    |xor_ln301_79_fu_15519_p2       |       xor|   0|  0|    2|           1|           1|
    |xor_ln301_7_fu_8211_p2         |       xor|   0|  0|    2|           1|           1|
    |xor_ln301_8_fu_8465_p2         |       xor|   0|  0|    2|           1|           2|
    |xor_ln301_9_fu_8477_p2         |       xor|   0|  0|    2|           1|           1|
    |xor_ln301_fu_7661_p2           |       xor|   0|  0|    2|           1|           2|
    |xor_ln302_10_fu_8667_p2        |       xor|   0|  0|    2|           1|           2|
    |xor_ln302_11_fu_8679_p2        |       xor|   0|  0|    2|           1|           1|
    |xor_ln302_12_fu_8735_p2        |       xor|   0|  0|    2|           1|           2|
    |xor_ln302_13_fu_8747_p2        |       xor|   0|  0|    2|           1|           1|
    |xor_ln302_14_fu_9069_p2        |       xor|   0|  0|    2|           1|           2|
    |xor_ln302_15_fu_9081_p2        |       xor|   0|  0|    2|           1|           1|
    |xor_ln302_16_fu_9137_p2        |       xor|   0|  0|    2|           1|           2|
    |xor_ln302_17_fu_9149_p2        |       xor|   0|  0|    2|           1|           1|
    |xor_ln302_18_fu_9471_p2        |       xor|   0|  0|    2|           1|           2|
    |xor_ln302_19_fu_9483_p2        |       xor|   0|  0|    2|           1|           1|
    |xor_ln302_1_fu_7525_p2         |       xor|   0|  0|    2|           1|           1|
    |xor_ln302_20_fu_9539_p2        |       xor|   0|  0|    2|           1|           2|
    |xor_ln302_21_fu_9551_p2        |       xor|   0|  0|    2|           1|           1|
    |xor_ln302_22_fu_9873_p2        |       xor|   0|  0|    2|           1|           2|
    |xor_ln302_23_fu_9885_p2        |       xor|   0|  0|    2|           1|           1|
    |xor_ln302_24_fu_9941_p2        |       xor|   0|  0|    2|           1|           2|
    |xor_ln302_25_fu_9953_p2        |       xor|   0|  0|    2|           1|           1|
    |xor_ln302_26_fu_10275_p2       |       xor|   0|  0|    2|           1|           2|
    |xor_ln302_27_fu_10287_p2       |       xor|   0|  0|    2|           1|           1|
    |xor_ln302_28_fu_10343_p2       |       xor|   0|  0|    2|           1|           2|
    |xor_ln302_29_fu_10355_p2       |       xor|   0|  0|    2|           1|           1|
    |xor_ln302_2_fu_7863_p2         |       xor|   0|  0|    2|           1|           2|
    |xor_ln302_30_fu_10677_p2       |       xor|   0|  0|    2|           1|           2|
    |xor_ln302_31_fu_10689_p2       |       xor|   0|  0|    2|           1|           1|
    |xor_ln302_32_fu_10745_p2       |       xor|   0|  0|    2|           1|           2|
    |xor_ln302_33_fu_10757_p2       |       xor|   0|  0|    2|           1|           1|
    |xor_ln302_34_fu_11079_p2       |       xor|   0|  0|    2|           1|           2|
    |xor_ln302_35_fu_11091_p2       |       xor|   0|  0|    2|           1|           1|
    |xor_ln302_36_fu_11147_p2       |       xor|   0|  0|    2|           1|           2|
    |xor_ln302_37_fu_11159_p2       |       xor|   0|  0|    2|           1|           1|
    |xor_ln302_38_fu_11481_p2       |       xor|   0|  0|    2|           1|           2|
    |xor_ln302_39_fu_11493_p2       |       xor|   0|  0|    2|           1|           1|
    |xor_ln302_3_fu_7875_p2         |       xor|   0|  0|    2|           1|           1|
    |xor_ln302_40_fu_11549_p2       |       xor|   0|  0|    2|           1|           2|
    |xor_ln302_41_fu_11561_p2       |       xor|   0|  0|    2|           1|           1|
    |xor_ln302_42_fu_11883_p2       |       xor|   0|  0|    2|           1|           2|
    |xor_ln302_43_fu_11895_p2       |       xor|   0|  0|    2|           1|           1|
    |xor_ln302_44_fu_11951_p2       |       xor|   0|  0|    2|           1|           2|
    |xor_ln302_45_fu_11963_p2       |       xor|   0|  0|    2|           1|           1|
    |xor_ln302_46_fu_12285_p2       |       xor|   0|  0|    2|           1|           2|
    |xor_ln302_47_fu_12297_p2       |       xor|   0|  0|    2|           1|           1|
    |xor_ln302_48_fu_12353_p2       |       xor|   0|  0|    2|           1|           2|
    |xor_ln302_49_fu_12365_p2       |       xor|   0|  0|    2|           1|           1|
    |xor_ln302_4_fu_7931_p2         |       xor|   0|  0|    2|           1|           2|
    |xor_ln302_50_fu_12687_p2       |       xor|   0|  0|    2|           1|           2|
    |xor_ln302_51_fu_12699_p2       |       xor|   0|  0|    2|           1|           1|
    |xor_ln302_52_fu_12755_p2       |       xor|   0|  0|    2|           1|           2|
    |xor_ln302_53_fu_12767_p2       |       xor|   0|  0|    2|           1|           1|
    |xor_ln302_54_fu_13089_p2       |       xor|   0|  0|    2|           1|           2|
    |xor_ln302_55_fu_13101_p2       |       xor|   0|  0|    2|           1|           1|
    |xor_ln302_56_fu_13157_p2       |       xor|   0|  0|    2|           1|           2|
    |xor_ln302_57_fu_13169_p2       |       xor|   0|  0|    2|           1|           1|
    |xor_ln302_58_fu_13491_p2       |       xor|   0|  0|    2|           1|           2|
    |xor_ln302_59_fu_13503_p2       |       xor|   0|  0|    2|           1|           1|
    |xor_ln302_5_fu_7943_p2         |       xor|   0|  0|    2|           1|           1|
    |xor_ln302_60_fu_13559_p2       |       xor|   0|  0|    2|           1|           2|
    |xor_ln302_61_fu_13571_p2       |       xor|   0|  0|    2|           1|           1|
    |xor_ln302_62_fu_13893_p2       |       xor|   0|  0|    2|           1|           2|
    |xor_ln302_63_fu_13905_p2       |       xor|   0|  0|    2|           1|           1|
    |xor_ln302_64_fu_13961_p2       |       xor|   0|  0|    2|           1|           2|
    |xor_ln302_65_fu_13973_p2       |       xor|   0|  0|    2|           1|           1|
    |xor_ln302_66_fu_14295_p2       |       xor|   0|  0|    2|           1|           2|
    |xor_ln302_67_fu_14307_p2       |       xor|   0|  0|    2|           1|           1|
    |xor_ln302_68_fu_14363_p2       |       xor|   0|  0|    2|           1|           2|
    |xor_ln302_69_fu_14375_p2       |       xor|   0|  0|    2|           1|           1|
    |xor_ln302_6_fu_8265_p2         |       xor|   0|  0|    2|           1|           2|
    |xor_ln302_70_fu_14697_p2       |       xor|   0|  0|    2|           1|           2|
    |xor_ln302_71_fu_14709_p2       |       xor|   0|  0|    2|           1|           1|
    |xor_ln302_72_fu_14765_p2       |       xor|   0|  0|    2|           1|           2|
    |xor_ln302_73_fu_14777_p2       |       xor|   0|  0|    2|           1|           1|
    |xor_ln302_74_fu_15099_p2       |       xor|   0|  0|    2|           1|           2|
    |xor_ln302_75_fu_15111_p2       |       xor|   0|  0|    2|           1|           1|
    |xor_ln302_76_fu_15167_p2       |       xor|   0|  0|    2|           1|           2|
    |xor_ln302_77_fu_15179_p2       |       xor|   0|  0|    2|           1|           1|
    |xor_ln302_78_fu_15467_p2       |       xor|   0|  0|    2|           1|           2|
    |xor_ln302_79_fu_15479_p2       |       xor|   0|  0|    2|           1|           1|
    |xor_ln302_7_fu_8277_p2         |       xor|   0|  0|    2|           1|           1|
    |xor_ln302_8_fu_8333_p2         |       xor|   0|  0|    2|           1|           2|
    |xor_ln302_9_fu_8345_p2         |       xor|   0|  0|    2|           1|           1|
    |xor_ln302_fu_7513_p2           |       xor|   0|  0|    2|           1|           2|
    |xor_ln314_1_fu_17531_p2        |       xor|   0|  0|    2|           1|           2|
    |xor_ln314_2_fu_17552_p2        |       xor|   0|  0|    2|           1|           2|
    |xor_ln314_3_fu_17563_p2        |       xor|   0|  0|    2|           1|           2|
    |xor_ln314_4_fu_17585_p2        |       xor|   0|  0|    2|           1|           2|
    |xor_ln314_fu_17485_p2          |       xor|   0|  0|    2|           1|           2|
    |xor_ln324_1_fu_18681_p2        |       xor|   0|  0|    2|           1|           2|
    |xor_ln324_2_fu_18693_p2        |       xor|   0|  0|    2|           1|           1|
    |xor_ln324_3_fu_18699_p2        |       xor|   0|  0|    2|           1|           2|
    |xor_ln324_4_fu_18717_p2        |       xor|   0|  0|    2|           1|           1|
    |xor_ln324_5_fu_18731_p2        |       xor|   0|  0|    2|           1|           2|
    |xor_ln324_fu_18669_p2          |       xor|   0|  0|    2|           1|           2|
    |xor_ln326_1_fu_18901_p2        |       xor|   0|  0|    2|           1|           2|
    |xor_ln326_2_fu_18922_p2        |       xor|   0|  0|    2|           1|           2|
    |xor_ln326_3_fu_18933_p2        |       xor|   0|  0|    2|           1|           2|
    |xor_ln326_4_fu_18955_p2        |       xor|   0|  0|    2|           1|           2|
    |xor_ln326_fu_18843_p2          |       xor|   0|  0|    2|           1|           2|
    |xor_ln331_1_fu_19354_p2        |       xor|   0|  0|    2|           1|           1|
    |xor_ln331_fu_19342_p2          |       xor|   0|  0|    2|           1|           2|
    +-------------------------------+----------+----+---+-----+------------+------------+
    |Total                          |          |   0|  0|21088|        9922|       17978|
    +-------------------------------+----------+----+---+-----+------------+------------+

    * Multiplexer: 
    +---------------------------+----+-----------+-----+-----------+
    |            Name           | LUT| Input Size| Bits| Total Bits|
    +---------------------------+----+-----------+-----+-----------+
    |TANH_TABLE_address0_local  |  14|          3|   11|         33|
    |TANH_TABLE_address1_local  |  14|          3|   11|         33|
    |TANH_TABLE_address2_local  |  14|          3|   11|         33|
    |ap_NS_fsm                  |  14|          3|    1|          3|
    |ap_done_int                |   9|          2|    1|          2|
    |ap_enable_reg_pp0_iter0    |   9|          2|    1|          2|
    |ap_enable_reg_pp0_iter1    |   9|          2|    1|          2|
    |ap_sig_allocacmp_i_1       |   9|          2|    6|         12|
    |grp_fu_5813_p0             |  14|          3|   22|         66|
    |grp_fu_5813_p1             |  14|          3|   20|         60|
    |grp_mac3_fu_2732_h         |  14|          3|   15|         45|
    |grp_mac3_fu_2732_wn        |  14|          3|   15|         45|
    |grp_mac3_fu_2732_wr        |  14|          3|   15|         45|
    |grp_mac3_fu_2732_wz        |  14|          3|   15|         45|
    |grp_mac3_fu_2733_h         |  14|          3|   15|         45|
    |grp_mac3_fu_2733_wn        |  14|          3|   15|         45|
    |grp_mac3_fu_2733_wr        |  14|          3|   15|         45|
    |grp_mac3_fu_2733_wz        |  14|          3|   15|         45|
    |grp_mac3_fu_2734_h         |  14|          3|   15|         45|
    |grp_mac3_fu_2734_wn        |  14|          3|   15|         45|
    |grp_mac3_fu_2734_wr        |  14|          3|   15|         45|
    |grp_mac3_fu_2734_wz        |  14|          3|   15|         45|
    |grp_mac3_fu_2735_h         |  14|          3|   15|         45|
    |grp_mac3_fu_2735_wn        |  14|          3|   15|         45|
    |grp_mac3_fu_2735_wr        |  14|          3|   15|         45|
    |grp_mac3_fu_2735_wz        |  14|          3|   15|         45|
    |grp_mac3_fu_2736_h         |  14|          3|   15|         45|
    |grp_mac3_fu_2736_wn        |  14|          3|   15|         45|
    |grp_mac3_fu_2736_wr        |  14|          3|   15|         45|
    |grp_mac3_fu_2736_wz        |  14|          3|   15|         45|
    |grp_mac3_fu_2737_h         |  14|          3|   15|         45|
    |grp_mac3_fu_2737_wn        |  14|          3|   15|         45|
    |grp_mac3_fu_2737_wr        |  14|          3|   15|         45|
    |grp_mac3_fu_2737_wz        |  14|          3|   15|         45|
    |grp_mac3_fu_2738_h         |  14|          3|   15|         45|
    |grp_mac3_fu_2738_wn        |  14|          3|   15|         45|
    |grp_mac3_fu_2738_wr        |  14|          3|   15|         45|
    |grp_mac3_fu_2738_wz        |  14|          3|   15|         45|
    |grp_mac3_fu_2739_h         |  14|          3|   15|         45|
    |grp_mac3_fu_2739_wn        |  14|          3|   15|         45|
    |grp_mac3_fu_2739_wr        |  14|          3|   15|         45|
    |grp_mac3_fu_2739_wz        |  14|          3|   15|         45|
    |grp_mac3_fu_2740_h         |  14|          3|   15|         45|
    |grp_mac3_fu_2740_wn        |  14|          3|   15|         45|
    |grp_mac3_fu_2740_wr        |  14|          3|   15|         45|
    |grp_mac3_fu_2740_wz        |  14|          3|   15|         45|
    |grp_mac3_fu_2741_h         |  14|          3|   15|         45|
    |grp_mac3_fu_2741_wn        |  14|          3|   15|         45|
    |grp_mac3_fu_2741_wr        |  14|          3|   15|         45|
    |grp_mac3_fu_2741_wz        |  14|          3|   15|         45|
    |grp_mac3_fu_2742_h         |  14|          3|   15|         45|
    |grp_mac3_fu_2742_wn        |  14|          3|   15|         45|
    |grp_mac3_fu_2742_wr        |  14|          3|   15|         45|
    |grp_mac3_fu_2742_wz        |  14|          3|   15|         45|
    |grp_mac3_fu_2743_h         |  14|          3|   15|         45|
    |grp_mac3_fu_2743_wn        |  14|          3|   15|         45|
    |grp_mac3_fu_2743_wr        |  14|          3|   15|         45|
    |grp_mac3_fu_2743_wz        |  14|          3|   15|         45|
    |grp_mac3_fu_2744_h         |  14|          3|   15|         45|
    |grp_mac3_fu_2744_wn        |  14|          3|   15|         45|
    |grp_mac3_fu_2744_wr        |  14|          3|   15|         45|
    |grp_mac3_fu_2744_wz        |  14|          3|   15|         45|
    |grp_mac3_fu_2745_h         |  14|          3|   15|         45|
    |grp_mac3_fu_2745_wn        |  14|          3|   15|         45|
    |grp_mac3_fu_2745_wr        |  14|          3|   15|         45|
    |grp_mac3_fu_2745_wz        |  14|          3|   15|         45|
    |grp_mac3_fu_2746_h         |  14|          3|   15|         45|
    |grp_mac3_fu_2746_wn        |  14|          3|   15|         45|
    |grp_mac3_fu_2746_wr        |  14|          3|   15|         45|
    |grp_mac3_fu_2746_wz        |  14|          3|   15|         45|
    |grp_mac3_fu_2747_h         |  14|          3|   15|         45|
    |grp_mac3_fu_2747_wn        |  14|          3|   15|         45|
    |grp_mac3_fu_2747_wr        |  14|          3|   15|         45|
    |grp_mac3_fu_2747_wz        |  14|          3|   15|         45|
    |grp_mac3_fu_2748_h         |  14|          3|   15|         45|
    |grp_mac3_fu_2748_wn        |  14|          3|   15|         45|
    |grp_mac3_fu_2748_wr        |  14|          3|   15|         45|
    |grp_mac3_fu_2748_wz        |  14|          3|   15|         45|
    |grp_mac3_fu_2749_h         |  14|          3|   15|         45|
    |grp_mac3_fu_2749_wn        |  14|          3|   15|         45|
    |grp_mac3_fu_2749_wr        |  14|          3|   15|         45|
    |grp_mac3_fu_2749_wz        |  14|          3|   15|         45|
    |grp_mac3_fu_2750_h         |  14|          3|   15|         45|
    |grp_mac3_fu_2750_wn        |  14|          3|   15|         45|
    |grp_mac3_fu_2750_wr        |  14|          3|   15|         45|
    |grp_mac3_fu_2750_wz        |  14|          3|   15|         45|
    |grp_mac3_fu_2751_h         |  14|          3|   15|         45|
    |grp_mac3_fu_2751_wn        |  14|          3|   15|         45|
    |grp_mac3_fu_2751_wr        |  14|          3|   15|         45|
    |grp_mac3_fu_2751_wz        |  14|          3|   15|         45|
    |h_new_10_out               |   9|          2|   15|         30|
    |h_new_11_out               |   9|          2|   15|         30|
    |h_new_12_out               |   9|          2|   15|         30|
    |h_new_13_out               |   9|          2|   15|         30|
    |h_new_14_out               |   9|          2|   15|         30|
    |h_new_15_out               |   9|          2|   15|         30|
    |h_new_16_out               |   9|          2|   15|         30|
    |h_new_17_out               |   9|          2|   15|         30|
    |h_new_18_out               |   9|          2|   15|         30|
    |h_new_19_out               |   9|          2|   15|         30|
    |h_new_1_out                |   9|          2|   15|         30|
    |h_new_20_out               |   9|          2|   15|         30|
    |h_new_21_out               |   9|          2|   15|         30|
    |h_new_22_out               |   9|          2|   15|         30|
    |h_new_23_out               |   9|          2|   15|         30|
    |h_new_24_out               |   9|          2|   15|         30|
    |h_new_25_out               |   9|          2|   15|         30|
    |h_new_26_out               |   9|          2|   15|         30|
    |h_new_27_out               |   9|          2|   15|         30|
    |h_new_28_out               |   9|          2|   15|         30|
    |h_new_29_out               |   9|          2|   15|         30|
    |h_new_2_out                |   9|          2|   15|         30|
    |h_new_30_out               |   9|          2|   15|         30|
    |h_new_31_out               |   9|          2|   15|         30|
    |h_new_32_out               |   9|          2|   15|         30|
    |h_new_33_out               |   9|          2|   15|         30|
    |h_new_34_out               |   9|          2|   15|         30|
    |h_new_35_out               |   9|          2|   15|         30|
    |h_new_36_out               |   9|          2|   15|         30|
    |h_new_37_out               |   9|          2|   15|         30|
    |h_new_38_out               |   9|          2|   15|         30|
    |h_new_39_out               |   9|          2|   15|         30|
    |h_new_3_out                |   9|          2|   15|         30|
    |h_new_4_out                |   9|          2|   15|         30|
    |h_new_5_out                |   9|          2|   15|         30|
    |h_new_6_out                |   9|          2|   15|         30|
    |h_new_7_out                |   9|          2|   15|         30|
    |h_new_8_out                |   9|          2|   15|         30|
    |h_new_9_out                |   9|          2|   15|         30|
    |h_new_out                  |   9|          2|   15|         30|
    |i_fu_718                   |   9|          2|    6|         12|
    |y_acc_fu_714               |   9|          2|   32|         64|
    +---------------------------+----+-----------+-----+-----------+
    |Total                      |1618|        350| 1923|       5122|
    +---------------------------+----+-----------+-----+-----------+

    * Register: 
    +----------------------------------------+-----+----+-----+-----------+
    |                  Name                  |  FF | LUT| Bits| Const Bits|
    +----------------------------------------+-----+----+-----+-----------+
    |U_n_0_load_reg_20321                    |   12|   0|   12|          0|
    |U_n_10_load_reg_20471                   |   11|   0|   11|          0|
    |U_n_11_load_reg_20486                   |   10|   0|   10|          0|
    |U_n_12_load_reg_20501                   |   12|   0|   12|          0|
    |U_n_13_load_reg_20516                   |   11|   0|   11|          0|
    |U_n_14_load_reg_20531                   |   11|   0|   11|          0|
    |U_n_15_load_reg_20546                   |   12|   0|   12|          0|
    |U_n_16_load_reg_20561                   |   12|   0|   12|          0|
    |U_n_17_load_reg_20576                   |   12|   0|   12|          0|
    |U_n_18_load_reg_20591                   |   12|   0|   12|          0|
    |U_n_19_load_reg_20606                   |   11|   0|   11|          0|
    |U_n_1_load_reg_20336                    |   12|   0|   12|          0|
    |U_n_20_load_reg_20621                   |   12|   0|   12|          0|
    |U_n_21_load_reg_20636                   |   13|   0|   13|          0|
    |U_n_22_load_reg_20651                   |   11|   0|   11|          0|
    |U_n_23_load_reg_20666                   |   11|   0|   11|          0|
    |U_n_24_load_reg_20681                   |   11|   0|   11|          0|
    |U_n_25_load_reg_20696                   |   12|   0|   12|          0|
    |U_n_26_load_reg_20711                   |   11|   0|   11|          0|
    |U_n_27_load_reg_20726                   |   12|   0|   12|          0|
    |U_n_28_load_reg_20741                   |   10|   0|   10|          0|
    |U_n_29_load_reg_20756                   |   12|   0|   12|          0|
    |U_n_2_load_reg_20351                    |   11|   0|   11|          0|
    |U_n_30_load_reg_20771                   |   12|   0|   12|          0|
    |U_n_31_load_reg_20786                   |   11|   0|   11|          0|
    |U_n_32_load_reg_20801                   |   12|   0|   12|          0|
    |U_n_33_load_reg_20816                   |   11|   0|   11|          0|
    |U_n_34_load_reg_20831                   |   12|   0|   12|          0|
    |U_n_35_load_reg_20846                   |   12|   0|   12|          0|
    |U_n_36_load_reg_20861                   |   11|   0|   11|          0|
    |U_n_37_load_reg_20876                   |   12|   0|   12|          0|
    |U_n_38_load_reg_20891                   |   11|   0|   11|          0|
    |U_n_39_load_reg_20906                   |   13|   0|   13|          0|
    |U_n_3_load_reg_20366                    |   12|   0|   12|          0|
    |U_n_4_load_reg_20381                    |   11|   0|   11|          0|
    |U_n_5_load_reg_20396                    |   12|   0|   12|          0|
    |U_n_6_load_reg_20411                    |   12|   0|   12|          0|
    |U_n_7_load_reg_20426                    |   12|   0|   12|          0|
    |U_n_8_load_reg_20441                    |   11|   0|   11|          0|
    |U_n_9_load_reg_20456                    |   11|   0|   11|          0|
    |U_r_0_load_reg_20311                    |   13|   0|   13|          0|
    |U_r_10_load_reg_20461                   |   12|   0|   12|          0|
    |U_r_11_load_reg_20476                   |   12|   0|   12|          0|
    |U_r_12_load_reg_20491                   |   12|   0|   12|          0|
    |U_r_13_load_reg_20506                   |   12|   0|   12|          0|
    |U_r_14_load_reg_20521                   |   12|   0|   12|          0|
    |U_r_15_load_reg_20536                   |   12|   0|   12|          0|
    |U_r_16_load_reg_20551                   |   13|   0|   13|          0|
    |U_r_17_load_reg_20566                   |   13|   0|   13|          0|
    |U_r_18_load_reg_20581                   |   12|   0|   12|          0|
    |U_r_19_load_reg_20596                   |   10|   0|   10|          0|
    |U_r_1_load_reg_20326                    |   13|   0|   13|          0|
    |U_r_20_load_reg_20611                   |   13|   0|   13|          0|
    |U_r_21_load_reg_20626                   |   13|   0|   13|          0|
    |U_r_22_load_reg_20641                   |   12|   0|   12|          0|
    |U_r_23_load_reg_20656                   |   12|   0|   12|          0|
    |U_r_24_load_reg_20671                   |   11|   0|   11|          0|
    |U_r_25_load_reg_20686                   |   11|   0|   11|          0|
    |U_r_26_load_reg_20701                   |   11|   0|   11|          0|
    |U_r_27_load_reg_20716                   |   11|   0|   11|          0|
    |U_r_28_load_reg_20731                   |   11|   0|   11|          0|
    |U_r_29_load_reg_20746                   |   12|   0|   12|          0|
    |U_r_2_load_reg_20341                    |   13|   0|   13|          0|
    |U_r_30_load_reg_20761                   |   11|   0|   11|          0|
    |U_r_31_load_reg_20776                   |   12|   0|   12|          0|
    |U_r_32_load_reg_20791                   |   12|   0|   12|          0|
    |U_r_33_load_reg_20806                   |   11|   0|   11|          0|
    |U_r_34_load_reg_20821                   |   13|   0|   13|          0|
    |U_r_35_load_reg_20836                   |   13|   0|   13|          0|
    |U_r_36_load_reg_20851                   |   13|   0|   13|          0|
    |U_r_37_load_reg_20866                   |   13|   0|   13|          0|
    |U_r_38_load_reg_20881                   |   11|   0|   11|          0|
    |U_r_39_load_reg_20896                   |   11|   0|   11|          0|
    |U_r_3_load_reg_20356                    |   13|   0|   13|          0|
    |U_r_4_load_reg_20371                    |   12|   0|   12|          0|
    |U_r_5_load_reg_20386                    |   12|   0|   12|          0|
    |U_r_6_load_reg_20401                    |   13|   0|   13|          0|
    |U_r_7_load_reg_20416                    |   12|   0|   12|          0|
    |U_r_8_load_reg_20431                    |   12|   0|   12|          0|
    |U_r_9_load_reg_20446                    |   12|   0|   12|          0|
    |U_z_0_load_reg_20316                    |   13|   0|   13|          0|
    |U_z_10_load_reg_20466                   |   13|   0|   13|          0|
    |U_z_11_load_reg_20481                   |   12|   0|   12|          0|
    |U_z_12_load_reg_20496                   |   13|   0|   13|          0|
    |U_z_13_load_reg_20511                   |   13|   0|   13|          0|
    |U_z_14_load_reg_20526                   |   13|   0|   13|          0|
    |U_z_15_load_reg_20541                   |   14|   0|   14|          0|
    |U_z_16_load_reg_20556                   |   13|   0|   13|          0|
    |U_z_17_load_reg_20571                   |   13|   0|   13|          0|
    |U_z_18_load_reg_20586                   |   13|   0|   13|          0|
    |U_z_19_load_reg_20601                   |   13|   0|   13|          0|
    |U_z_1_load_reg_20331                    |   12|   0|   12|          0|
    |U_z_20_load_reg_20616                   |   13|   0|   13|          0|
    |U_z_21_load_reg_20631                   |   13|   0|   13|          0|
    |U_z_22_load_reg_20646                   |   14|   0|   14|          0|
    |U_z_23_load_reg_20661                   |   13|   0|   13|          0|
    |U_z_24_load_reg_20676                   |   13|   0|   13|          0|
    |U_z_25_load_reg_20691                   |   13|   0|   13|          0|
    |U_z_26_load_reg_20706                   |   12|   0|   12|          0|
    |U_z_27_load_reg_20721                   |   13|   0|   13|          0|
    |U_z_28_load_reg_20736                   |   12|   0|   12|          0|
    |U_z_29_load_reg_20751                   |   13|   0|   13|          0|
    |U_z_2_load_reg_20346                    |   13|   0|   13|          0|
    |U_z_30_load_reg_20766                   |   13|   0|   13|          0|
    |U_z_31_load_reg_20781                   |   12|   0|   12|          0|
    |U_z_32_load_reg_20796                   |   12|   0|   12|          0|
    |U_z_33_load_reg_20811                   |   12|   0|   12|          0|
    |U_z_34_load_reg_20826                   |   13|   0|   13|          0|
    |U_z_35_load_reg_20841                   |   12|   0|   12|          0|
    |U_z_36_load_reg_20856                   |   13|   0|   13|          0|
    |U_z_37_load_reg_20871                   |   13|   0|   13|          0|
    |U_z_38_load_reg_20886                   |   13|   0|   13|          0|
    |U_z_39_load_reg_20901                   |   13|   0|   13|          0|
    |U_z_3_load_reg_20361                    |   13|   0|   13|          0|
    |U_z_4_load_reg_20376                    |   13|   0|   13|          0|
    |U_z_5_load_reg_20391                    |   12|   0|   12|          0|
    |U_z_6_load_reg_20406                    |   13|   0|   13|          0|
    |U_z_7_load_reg_20421                    |   13|   0|   13|          0|
    |U_z_8_load_reg_20436                    |   13|   0|   13|          0|
    |U_z_9_load_reg_20451                    |   13|   0|   13|          0|
    |W_n_load_reg_20931                      |   14|   0|   14|          0|
    |W_r_load_reg_20916                      |   15|   0|   15|          0|
    |W_z_load_reg_20926                      |   14|   0|   14|          0|
    |acc_n_10_reg_21190                      |   32|   0|   32|          0|
    |acc_n_11_reg_21208                      |   32|   0|   32|          0|
    |acc_n_12_reg_21226                      |   32|   0|   32|          0|
    |acc_n_13_reg_21244                      |   32|   0|   32|          0|
    |acc_n_14_reg_21262                      |   32|   0|   32|          0|
    |acc_n_15_reg_21280                      |   32|   0|   32|          0|
    |acc_n_16_reg_21298                      |   32|   0|   32|          0|
    |acc_n_17_reg_21316                      |   32|   0|   32|          0|
    |acc_n_18_reg_21334                      |   32|   0|   32|          0|
    |acc_n_19_reg_21352                      |   32|   0|   32|          0|
    |acc_n_1_reg_21028                       |   32|   0|   32|          0|
    |acc_n_20_reg_21393                      |   32|   0|   32|          0|
    |acc_n_21_reg_21411                      |   32|   0|   32|          0|
    |acc_n_22_reg_21429                      |   32|   0|   32|          0|
    |acc_n_23_reg_21447                      |   32|   0|   32|          0|
    |acc_n_24_reg_21465                      |   32|   0|   32|          0|
    |acc_n_25_reg_21483                      |   32|   0|   32|          0|
    |acc_n_26_reg_21501                      |   32|   0|   32|          0|
    |acc_n_27_reg_21519                      |   32|   0|   32|          0|
    |acc_n_28_reg_21537                      |   32|   0|   32|          0|
    |acc_n_29_reg_21555                      |   32|   0|   32|          0|
    |acc_n_2_reg_21046                       |   32|   0|   32|          0|
    |acc_n_30_reg_21573                      |   32|   0|   32|          0|
    |acc_n_31_reg_21591                      |   32|   0|   32|          0|
    |acc_n_32_reg_21609                      |   32|   0|   32|          0|
    |acc_n_33_reg_21627                      |   32|   0|   32|          0|
    |acc_n_34_reg_21645                      |   32|   0|   32|          0|
    |acc_n_35_reg_21663                      |   32|   0|   32|          0|
    |acc_n_36_reg_21681                      |   32|   0|   32|          0|
    |acc_n_37_reg_21699                      |   32|   0|   32|          0|
    |acc_n_38_reg_21717                      |   32|   0|   32|          0|
    |acc_n_39_reg_21735                      |   32|   0|   32|          0|
    |acc_n_3_reg_21064                       |   32|   0|   32|          0|
    |acc_n_4_reg_21082                       |   32|   0|   32|          0|
    |acc_n_5_reg_21100                       |   32|   0|   32|          0|
    |acc_n_5_reg_21100_pp0_iter2_reg         |   32|   0|   32|          0|
    |acc_n_6_reg_21118                       |   32|   0|   32|          0|
    |acc_n_6_reg_21118_pp0_iter2_reg         |   32|   0|   32|          0|
    |acc_n_7_reg_21136                       |   32|   0|   32|          0|
    |acc_n_7_reg_21136_pp0_iter2_reg         |   32|   0|   32|          0|
    |acc_n_8_reg_21154                       |   32|   0|   32|          0|
    |acc_n_8_reg_21154_pp0_iter2_reg         |   32|   0|   32|          0|
    |acc_n_9_reg_21172                       |   32|   0|   32|          0|
    |acc_r_10_reg_21178                      |   32|   0|   32|          0|
    |acc_r_11_reg_21196                      |   32|   0|   32|          0|
    |acc_r_12_reg_21214                      |   32|   0|   32|          0|
    |acc_r_13_reg_21232                      |   32|   0|   32|          0|
    |acc_r_14_reg_21250                      |   32|   0|   32|          0|
    |acc_r_15_reg_21268                      |   32|   0|   32|          0|
    |acc_r_16_reg_21286                      |   32|   0|   32|          0|
    |acc_r_17_reg_21304                      |   32|   0|   32|          0|
    |acc_r_18_reg_21322                      |   32|   0|   32|          0|
    |acc_r_19_reg_21340                      |   32|   0|   32|          0|
    |acc_r_1_reg_21016                       |   32|   0|   32|          0|
    |acc_r_20_reg_21381                      |   32|   0|   32|          0|
    |acc_r_21_reg_21399                      |   32|   0|   32|          0|
    |acc_r_22_reg_21417                      |   32|   0|   32|          0|
    |acc_r_23_reg_21435                      |   32|   0|   32|          0|
    |acc_r_24_reg_21453                      |   32|   0|   32|          0|
    |acc_r_25_reg_21471                      |   32|   0|   32|          0|
    |acc_r_26_reg_21489                      |   32|   0|   32|          0|
    |acc_r_27_reg_21507                      |   32|   0|   32|          0|
    |acc_r_28_reg_21525                      |   32|   0|   32|          0|
    |acc_r_29_reg_21543                      |   32|   0|   32|          0|
    |acc_r_2_reg_21034                       |   32|   0|   32|          0|
    |acc_r_30_reg_21561                      |   32|   0|   32|          0|
    |acc_r_31_reg_21579                      |   32|   0|   32|          0|
    |acc_r_32_reg_21597                      |   32|   0|   32|          0|
    |acc_r_33_reg_21615                      |   32|   0|   32|          0|
    |acc_r_34_reg_21633                      |   32|   0|   32|          0|
    |acc_r_35_reg_21651                      |   32|   0|   32|          0|
    |acc_r_36_reg_21669                      |   32|   0|   32|          0|
    |acc_r_37_reg_21687                      |   32|   0|   32|          0|
    |acc_r_38_reg_21705                      |   32|   0|   32|          0|
    |acc_r_39_reg_21723                      |   32|   0|   32|          0|
    |acc_r_3_reg_21052                       |   32|   0|   32|          0|
    |acc_r_4_reg_21070                       |   32|   0|   32|          0|
    |acc_r_4_reg_21070_pp0_iter2_reg         |   32|   0|   32|          0|
    |acc_r_5_reg_21088                       |   32|   0|   32|          0|
    |acc_r_5_reg_21088_pp0_iter2_reg         |   32|   0|   32|          0|
    |acc_r_6_reg_21106                       |   32|   0|   32|          0|
    |acc_r_6_reg_21106_pp0_iter2_reg         |   32|   0|   32|          0|
    |acc_r_7_reg_21124                       |   32|   0|   32|          0|
    |acc_r_7_reg_21124_pp0_iter2_reg         |   32|   0|   32|          0|
    |acc_r_8_reg_21142                       |   32|   0|   32|          0|
    |acc_r_9_reg_21160                       |   32|   0|   32|          0|
    |acc_r_reg_21004                         |   32|   0|   32|          0|
    |acc_z_10_reg_21184                      |   32|   0|   32|          0|
    |acc_z_11_reg_21202                      |   32|   0|   32|          0|
    |acc_z_12_reg_21220                      |   32|   0|   32|          0|
    |acc_z_13_reg_21238                      |   32|   0|   32|          0|
    |acc_z_14_reg_21256                      |   32|   0|   32|          0|
    |acc_z_15_reg_21274                      |   32|   0|   32|          0|
    |acc_z_16_reg_21292                      |   32|   0|   32|          0|
    |acc_z_17_reg_21310                      |   32|   0|   32|          0|
    |acc_z_18_reg_21328                      |   32|   0|   32|          0|
    |acc_z_19_reg_21346                      |   32|   0|   32|          0|
    |acc_z_1_reg_21022                       |   32|   0|   32|          0|
    |acc_z_20_reg_21387                      |   32|   0|   32|          0|
    |acc_z_21_reg_21405                      |   32|   0|   32|          0|
    |acc_z_22_reg_21423                      |   32|   0|   32|          0|
    |acc_z_23_reg_21441                      |   32|   0|   32|          0|
    |acc_z_24_reg_21459                      |   32|   0|   32|          0|
    |acc_z_25_reg_21477                      |   32|   0|   32|          0|
    |acc_z_26_reg_21495                      |   32|   0|   32|          0|
    |acc_z_27_reg_21513                      |   32|   0|   32|          0|
    |acc_z_28_reg_21531                      |   32|   0|   32|          0|
    |acc_z_29_reg_21549                      |   32|   0|   32|          0|
    |acc_z_2_reg_21040                       |   32|   0|   32|          0|
    |acc_z_30_reg_21567                      |   32|   0|   32|          0|
    |acc_z_31_reg_21585                      |   32|   0|   32|          0|
    |acc_z_32_reg_21603                      |   32|   0|   32|          0|
    |acc_z_33_reg_21621                      |   32|   0|   32|          0|
    |acc_z_34_reg_21639                      |   32|   0|   32|          0|
    |acc_z_35_reg_21657                      |   32|   0|   32|          0|
    |acc_z_36_reg_21675                      |   32|   0|   32|          0|
    |acc_z_37_reg_21693                      |   32|   0|   32|          0|
    |acc_z_38_reg_21711                      |   32|   0|   32|          0|
    |acc_z_39_reg_21729                      |   32|   0|   32|          0|
    |acc_z_3_reg_21058                       |   32|   0|   32|          0|
    |acc_z_4_reg_21076                       |   32|   0|   32|          0|
    |acc_z_4_reg_21076_pp0_iter2_reg         |   32|   0|   32|          0|
    |acc_z_5_reg_21094                       |   32|   0|   32|          0|
    |acc_z_5_reg_21094_pp0_iter2_reg         |   32|   0|   32|          0|
    |acc_z_6_reg_21112                       |   32|   0|   32|          0|
    |acc_z_6_reg_21112_pp0_iter2_reg         |   32|   0|   32|          0|
    |acc_z_7_reg_21130                       |   32|   0|   32|          0|
    |acc_z_7_reg_21130_pp0_iter2_reg         |   32|   0|   32|          0|
    |acc_z_8_reg_21148                       |   32|   0|   32|          0|
    |acc_z_9_reg_21166                       |   32|   0|   32|          0|
    |acc_z_reg_21010                         |   32|   0|   32|          0|
    |add_ln171_1_reg_22332                   |   15|   0|   15|          0|
    |add_ln171_2_reg_22530                   |   15|   0|   15|          0|
    |add_ln171_reg_22281                     |   15|   0|   15|          0|
    |add_ln285_reg_20911                     |   12|   0|   12|          0|
    |add_ln287_reg_20921                     |   13|   0|   13|          0|
    |add_ln314_reg_22389                     |   47|   0|   47|          0|
    |add_ln326_reg_22622                     |   15|   0|   15|          0|
    |add_ln331_reg_22674                     |   23|   0|   23|          0|
    |and_ln150_3_reg_22138                   |    1|   0|    1|          0|
    |and_ln150_5_reg_22451                   |    1|   0|    1|          0|
    |and_ln170_12_reg_22515                  |    1|   0|    1|          0|
    |and_ln170_2_reg_22261                   |    1|   0|    1|          0|
    |and_ln170_7_reg_22312                   |    1|   0|    1|          0|
    |and_ln171_12_reg_22347                  |    1|   0|    1|          0|
    |and_ln171_13_reg_22353                  |    1|   0|    1|          0|
    |and_ln171_17_reg_22535                  |    1|   0|    1|          0|
    |and_ln171_1_reg_22286                   |    1|   0|    1|          0|
    |and_ln171_20_reg_22545                  |    1|   0|    1|          0|
    |and_ln171_21_reg_22551                  |    1|   0|    1|          0|
    |and_ln171_4_reg_22296                   |    1|   0|    1|          0|
    |and_ln171_5_reg_22302                   |    1|   0|    1|          0|
    |and_ln171_9_reg_22337                   |    1|   0|    1|          0|
    |and_ln314_1_reg_22412                   |    1|   0|    1|          0|
    |and_ln324_1_reg_22599                   |    1|   0|    1|          0|
    |and_ln324_2_reg_22605                   |    1|   0|    1|          0|
    |and_ln326_1_reg_22633                   |    1|   0|    1|          0|
    |ap_CS_fsm                               |    2|   0|    2|          0|
    |ap_done_reg                             |    1|   0|    1|          0|
    |ap_enable_reg_pp0_iter0_reg             |    1|   0|    1|          0|
    |ap_enable_reg_pp0_iter1                 |    1|   0|    1|          0|
    |ap_enable_reg_pp0_iter10                |    1|   0|    1|          0|
    |ap_enable_reg_pp0_iter11                |    1|   0|    1|          0|
    |ap_enable_reg_pp0_iter12                |    1|   0|    1|          0|
    |ap_enable_reg_pp0_iter13                |    1|   0|    1|          0|
    |ap_enable_reg_pp0_iter14                |    1|   0|    1|          0|
    |ap_enable_reg_pp0_iter15                |    1|   0|    1|          0|
    |ap_enable_reg_pp0_iter16                |    1|   0|    1|          0|
    |ap_enable_reg_pp0_iter17                |    1|   0|    1|          0|
    |ap_enable_reg_pp0_iter18                |    1|   0|    1|          0|
    |ap_enable_reg_pp0_iter19                |    1|   0|    1|          0|
    |ap_enable_reg_pp0_iter2                 |    1|   0|    1|          0|
    |ap_enable_reg_pp0_iter20                |    1|   0|    1|          0|
    |ap_enable_reg_pp0_iter21                |    1|   0|    1|          0|
    |ap_enable_reg_pp0_iter22                |    1|   0|    1|          0|
    |ap_enable_reg_pp0_iter23                |    1|   0|    1|          0|
    |ap_enable_reg_pp0_iter24                |    1|   0|    1|          0|
    |ap_enable_reg_pp0_iter25                |    1|   0|    1|          0|
    |ap_enable_reg_pp0_iter3                 |    1|   0|    1|          0|
    |ap_enable_reg_pp0_iter4                 |    1|   0|    1|          0|
    |ap_enable_reg_pp0_iter5                 |    1|   0|    1|          0|
    |ap_enable_reg_pp0_iter6                 |    1|   0|    1|          0|
    |ap_enable_reg_pp0_iter7                 |    1|   0|    1|          0|
    |ap_enable_reg_pp0_iter8                 |    1|   0|    1|          0|
    |ap_enable_reg_pp0_iter9                 |    1|   0|    1|          0|
    |ap_loop_exit_ready_pp0_iter10_reg       |    1|   0|    1|          0|
    |ap_loop_exit_ready_pp0_iter11_reg       |    1|   0|    1|          0|
    |ap_loop_exit_ready_pp0_iter12_reg       |    1|   0|    1|          0|
    |ap_loop_exit_ready_pp0_iter13_reg       |    1|   0|    1|          0|
    |ap_loop_exit_ready_pp0_iter14_reg       |    1|   0|    1|          0|
    |ap_loop_exit_ready_pp0_iter15_reg       |    1|   0|    1|          0|
    |ap_loop_exit_ready_pp0_iter16_reg       |    1|   0|    1|          0|
    |ap_loop_exit_ready_pp0_iter17_reg       |    1|   0|    1|          0|
    |ap_loop_exit_ready_pp0_iter18_reg       |    1|   0|    1|          0|
    |ap_loop_exit_ready_pp0_iter19_reg       |    1|   0|    1|          0|
    |ap_loop_exit_ready_pp0_iter1_reg        |    1|   0|    1|          0|
    |ap_loop_exit_ready_pp0_iter20_reg       |    1|   0|    1|          0|
    |ap_loop_exit_ready_pp0_iter21_reg       |    1|   0|    1|          0|
    |ap_loop_exit_ready_pp0_iter22_reg       |    1|   0|    1|          0|
    |ap_loop_exit_ready_pp0_iter23_reg       |    1|   0|    1|          0|
    |ap_loop_exit_ready_pp0_iter24_reg       |    1|   0|    1|          0|
    |ap_loop_exit_ready_pp0_iter2_reg        |    1|   0|    1|          0|
    |ap_loop_exit_ready_pp0_iter3_reg        |    1|   0|    1|          0|
    |ap_loop_exit_ready_pp0_iter4_reg        |    1|   0|    1|          0|
    |ap_loop_exit_ready_pp0_iter5_reg        |    1|   0|    1|          0|
    |ap_loop_exit_ready_pp0_iter6_reg        |    1|   0|    1|          0|
    |ap_loop_exit_ready_pp0_iter7_reg        |    1|   0|    1|          0|
    |ap_loop_exit_ready_pp0_iter8_reg        |    1|   0|    1|          0|
    |ap_loop_exit_ready_pp0_iter9_reg        |    1|   0|    1|          0|
    |ap_predicate_pred3820_state49           |    1|   0|    1|          0|
    |ap_predicate_pred3823_state49           |    1|   0|    1|          0|
    |ap_predicate_pred3827_state49           |    1|   0|    1|          0|
    |ap_predicate_pred3831_state49           |    1|   0|    1|          0|
    |ap_predicate_pred3835_state49           |    1|   0|    1|          0|
    |ap_predicate_pred3839_state49           |    1|   0|    1|          0|
    |ap_predicate_pred3843_state49           |    1|   0|    1|          0|
    |ap_predicate_pred3847_state49           |    1|   0|    1|          0|
    |ap_predicate_pred3851_state49           |    1|   0|    1|          0|
    |ap_predicate_pred3855_state49           |    1|   0|    1|          0|
    |ap_predicate_pred3859_state49           |    1|   0|    1|          0|
    |ap_predicate_pred3863_state49           |    1|   0|    1|          0|
    |ap_predicate_pred3867_state49           |    1|   0|    1|          0|
    |ap_predicate_pred3871_state49           |    1|   0|    1|          0|
    |ap_predicate_pred3875_state49           |    1|   0|    1|          0|
    |ap_predicate_pred3879_state49           |    1|   0|    1|          0|
    |ap_predicate_pred3883_state49           |    1|   0|    1|          0|
    |ap_predicate_pred3887_state49           |    1|   0|    1|          0|
    |ap_predicate_pred3891_state49           |    1|   0|    1|          0|
    |ap_predicate_pred3895_state49           |    1|   0|    1|          0|
    |ap_predicate_pred3899_state49           |    1|   0|    1|          0|
    |ap_predicate_pred3903_state49           |    1|   0|    1|          0|
    |ap_predicate_pred3907_state49           |    1|   0|    1|          0|
    |ap_predicate_pred3911_state49           |    1|   0|    1|          0|
    |ap_predicate_pred3915_state49           |    1|   0|    1|          0|
    |ap_predicate_pred3919_state49           |    1|   0|    1|          0|
    |ap_predicate_pred3923_state49           |    1|   0|    1|          0|
    |ap_predicate_pred3927_state49           |    1|   0|    1|          0|
    |ap_predicate_pred3931_state49           |    1|   0|    1|          0|
    |ap_predicate_pred3935_state49           |    1|   0|    1|          0|
    |ap_predicate_pred3939_state49           |    1|   0|    1|          0|
    |ap_predicate_pred3943_state49           |    1|   0|    1|          0|
    |ap_predicate_pred3947_state49           |    1|   0|    1|          0|
    |ap_predicate_pred3951_state49           |    1|   0|    1|          0|
    |ap_predicate_pred3955_state49           |    1|   0|    1|          0|
    |ap_predicate_pred3959_state49           |    1|   0|    1|          0|
    |ap_predicate_pred3963_state49           |    1|   0|    1|          0|
    |ap_predicate_pred3967_state49           |    1|   0|    1|          0|
    |ap_predicate_pred3971_state49           |    1|   0|    1|          0|
    |ap_predicate_pred3973_state49           |    1|   0|    1|          0|
    |av_2_reg_22167                          |   32|   0|   32|          0|
    |av_4_reg_22441                          |   32|   0|   32|          0|
    |av_reg_22128                            |   32|   0|   32|          0|
    |b_hn_load_reg_20941                     |   12|   0|   12|          0|
    |b_in_load_reg_20936                     |   12|   0|   12|          0|
    |candidate_pre_1_reg_22401               |   32|   0|   32|          0|
    |candidate_pre_3_reg_22431               |   32|   0|   32|          0|
    |grp_mac3_fu_2732_ap_start_reg           |    1|   0|    1|          0|
    |grp_mac3_fu_2733_ap_start_reg           |    1|   0|    1|          0|
    |grp_mac3_fu_2734_ap_start_reg           |    1|   0|    1|          0|
    |grp_mac3_fu_2735_ap_start_reg           |    1|   0|    1|          0|
    |grp_mac3_fu_2736_ap_start_reg           |    1|   0|    1|          0|
    |grp_mac3_fu_2737_ap_start_reg           |    1|   0|    1|          0|
    |grp_mac3_fu_2738_ap_start_reg           |    1|   0|    1|          0|
    |grp_mac3_fu_2739_ap_start_reg           |    1|   0|    1|          0|
    |grp_mac3_fu_2740_ap_start_reg           |    1|   0|    1|          0|
    |grp_mac3_fu_2741_ap_start_reg           |    1|   0|    1|          0|
    |grp_mac3_fu_2742_ap_start_reg           |    1|   0|    1|          0|
    |grp_mac3_fu_2743_ap_start_reg           |    1|   0|    1|          0|
    |grp_mac3_fu_2744_ap_start_reg           |    1|   0|    1|          0|
    |grp_mac3_fu_2745_ap_start_reg           |    1|   0|    1|          0|
    |grp_mac3_fu_2746_ap_start_reg           |    1|   0|    1|          0|
    |grp_mac3_fu_2747_ap_start_reg           |    1|   0|    1|          0|
    |grp_mac3_fu_2748_ap_start_reg           |    1|   0|    1|          0|
    |grp_mac3_fu_2749_ap_start_reg           |    1|   0|    1|          0|
    |grp_mac3_fu_2750_ap_start_reg           |    1|   0|    1|          0|
    |grp_mac3_fu_2751_ap_start_reg           |    1|   0|    1|          0|
    |h_new_reg_22657                         |   15|   0|   15|          0|
    |half_v_6_reg_22118                      |   32|   0|   32|          0|
    |half_v_7_reg_22149                      |   32|   0|   32|          0|
    |i_1_reg_19651                           |    6|   0|    6|          0|
    |i_fu_718                                |    6|   0|    6|          0|
    |icmp_ln153_1_reg_22204                  |    1|   0|    1|          0|
    |icmp_ln153_2_reg_22462                  |    1|   0|    1|          0|
    |icmp_ln153_reg_22178                    |    1|   0|    1|          0|
    |icmp_ln171_10_reg_22540                 |    1|   0|    1|          0|
    |icmp_ln171_2_reg_22291                  |    1|   0|    1|          0|
    |icmp_ln171_6_reg_22342                  |    1|   0|    1|          0|
    |icmp_ln245_reg_19657                    |    1|   0|    1|          0|
    |icmp_ln285_reg_20962                    |    1|   0|    1|          0|
    |icmp_ln287_reg_20978                    |    1|   0|    1|          0|
    |icmp_ln290_reg_20994                    |    1|   0|    1|          0|
    |icmp_ln314_1_reg_22419                  |    1|   0|    1|          0|
    |icmp_ln314_2_reg_22426                  |    1|   0|    1|          0|
    |icmp_ln326_1_reg_22640                  |    1|   0|    1|          0|
    |icmp_ln326_2_reg_22645                  |    1|   0|    1|          0|
    |icmp_ln326_3_reg_22652                  |    1|   0|    1|          0|
    |icmp_ln331_reg_22669                    |    1|   0|    1|          0|
    |idx_1_reg_22215                         |   10|   0|   10|          0|
    |mul_ln170_2_reg_22499                   |   42|   0|   42|          0|
    |mul_ln285_reg_20951                     |   30|   0|   30|          0|
    |mul_ln287_reg_20967                     |   29|   0|   29|          0|
    |mul_ln290_reg_20983                     |   29|   0|   29|          0|
    |mul_ln314_reg_22378                     |   47|   0|   47|          0|
    |mul_ln324_reg_22572                     |   45|   0|   45|          0|
    |mul_ln331_reg_22662                     |   25|   0|   25|          0|
    |neg_1_reg_22154                         |    1|   0|    1|          0|
    |neg_2_reg_22436                         |    1|   0|    1|          0|
    |neg_reg_22123                           |    1|   0|    1|          0|
    |nn_1_reg_22556                          |   15|   0|   15|          0|
    |nn_1_reg_22556_pp0_iter22_reg           |   15|   0|   15|          0|
    |or_ln170_2_reg_22266                    |    1|   0|    1|          0|
    |or_ln170_5_reg_22317                    |    1|   0|    1|          0|
    |or_ln170_8_reg_22520                    |    1|   0|    1|          0|
    |r_2_reg_22358                           |   15|   0|   15|          0|
    |ref_tmp2_i1200_2_reg_22322              |   15|   0|   15|          0|
    |ref_tmp2_i_2_reg_22363                  |   15|   0|   15|          0|
    |reg_6069                                |   42|   0|   42|          0|
    |select_ln150_2_reg_22446                |   32|   0|   32|          0|
    |select_ln150_reg_22133                  |   32|   0|   32|          0|
    |select_ln183_3_reg_22562                |   15|   0|   15|          0|
    |sext_ln170_3_reg_22256                  |   32|   0|   32|          0|
    |sext_ln170_6_reg_22307                  |   32|   0|   32|          0|
    |sext_ln170_8_reg_22510                  |   32|   0|   32|          0|
    |sext_ln245_cast_reg_19640               |   29|   0|   29|          0|
    |sext_ln285_cast_reg_19646               |   30|   0|   30|          0|
    |sext_ln324_6_reg_22589                  |   32|   0|   32|          0|
    |state_update_2_reg_22611                |   32|   0|   32|          0|
    |sub_ln170_1_reg_22251                   |   15|   0|   22|          7|
    |sub_ln170_2_reg_22494                   |   15|   0|   22|          7|
    |sub_ln170_reg_22230                     |   15|   0|   22|          7|
    |sub_ln324_reg_22567                     |   16|   0|   23|          7|
    |t0_1_reg_22235                          |   14|   0|   14|          0|
    |t0_1_reg_22235_pp0_iter14_reg           |   14|   0|   14|          0|
    |t0_2_reg_22483                          |   14|   0|   14|          0|
    |t0_2_reg_22483_pp0_iter19_reg           |   14|   0|   14|          0|
    |t0_reg_22225                            |   14|   0|   14|          0|
    |t1_2_reg_22489                          |   14|   0|   14|          0|
    |tmp_247_reg_22095                       |    1|   0|    1|          0|
    |tmp_248_reg_22101                       |    1|   0|    1|          0|
    |tmp_251_reg_22112                       |    1|   0|    1|          0|
    |tmp_262_reg_22276                       |    1|   0|    1|          0|
    |tmp_277_reg_20999                       |   15|   0|   15|          0|
    |tmp_278_reg_22161                       |    1|   0|    1|          0|
    |tmp_279_reg_22172                       |    1|   0|    1|          0|
    |tmp_285_reg_22327                       |    1|   0|    1|          0|
    |tmp_297_reg_22394                       |    1|   0|    1|          0|
    |tmp_301_reg_22406                       |    1|   0|    1|          0|
    |tmp_311_reg_22525                       |    1|   0|    1|          0|
    |tmp_319_reg_22583                       |    1|   0|    1|          0|
    |tmp_322_reg_22594                       |    1|   0|    1|          0|
    |tmp_323_reg_22616                       |    1|   0|    1|          0|
    |tmp_327_reg_22627                       |    1|   0|    1|          0|
    |trunc_ln166_1_reg_22210                 |   13|   0|   13|          0|
    |trunc_ln166_1_reg_22210_pp0_iter13_reg  |   13|   0|   13|          0|
    |trunc_ln166_2_reg_22468                 |   13|   0|   13|          0|
    |trunc_ln166_2_reg_22468_pp0_iter19_reg  |   13|   0|   13|          0|
    |trunc_ln166_reg_22184                   |   13|   0|   13|          0|
    |trunc_ln170_1_reg_22271                 |   19|   0|   19|          0|
    |trunc_ln170_2_reg_22505                 |   19|   0|   19|          0|
    |trunc_ln170_reg_22246                   |   19|   0|   19|          0|
    |trunc_ln285_reg_20957                   |   29|   0|   29|          0|
    |trunc_ln287_reg_20973                   |   28|   0|   28|          0|
    |trunc_ln290_reg_20989                   |   28|   0|   28|          0|
    |trunc_ln314_reg_22384                   |   12|   0|   12|          0|
    |trunc_ln324_reg_22578                   |   19|   0|   19|          0|
    |val_n_in_reg_21370                      |   26|   0|   26|          0|
    |val_n_rec_10_reg_21771                  |   32|   0|   32|          0|
    |val_n_rec_14_reg_21789                  |   32|   0|   32|          0|
    |val_n_rec_18_reg_21807                  |   32|   0|   32|          0|
    |val_n_rec_22_reg_21825                  |   32|   0|   32|          0|
    |val_n_rec_26_reg_21843                  |   32|   0|   32|          0|
    |val_n_rec_2_reg_21375                   |   32|   0|   32|          0|
    |val_n_rec_30_reg_21861                  |   32|   0|   32|          0|
    |val_n_rec_34_reg_21879                  |   32|   0|   32|          0|
    |val_n_rec_38_reg_21897                  |   32|   0|   32|          0|
    |val_n_rec_42_reg_21915                  |   32|   0|   32|          0|
    |val_n_rec_46_reg_21933                  |   32|   0|   32|          0|
    |val_n_rec_50_reg_21951                  |   32|   0|   32|          0|
    |val_n_rec_54_reg_21969                  |   32|   0|   32|          0|
    |val_n_rec_58_reg_21987                  |   32|   0|   32|          0|
    |val_n_rec_62_reg_22005                  |   32|   0|   32|          0|
    |val_n_rec_66_reg_22023                  |   32|   0|   32|          0|
    |val_n_rec_6_reg_21753                   |   32|   0|   32|          0|
    |val_n_rec_70_reg_22041                  |   32|   0|   32|          0|
    |val_n_rec_74_reg_22059                  |   32|   0|   32|          0|
    |val_n_rec_78_reg_22077                  |   32|   0|   32|          0|
    |val_n_rec_80_reg_22107                  |   32|   0|   32|          0|
    |val_r_12_reg_21777                      |   32|   0|   32|          0|
    |val_r_16_reg_21795                      |   32|   0|   32|          0|
    |val_r_20_reg_21813                      |   32|   0|   32|          0|
    |val_r_24_reg_21831                      |   32|   0|   32|          0|
    |val_r_28_reg_21849                      |   32|   0|   32|          0|
    |val_r_32_reg_21867                      |   32|   0|   32|          0|
    |val_r_36_reg_21885                      |   32|   0|   32|          0|
    |val_r_40_reg_21903                      |   32|   0|   32|          0|
    |val_r_44_reg_21921                      |   32|   0|   32|          0|
    |val_r_48_reg_21939                      |   32|   0|   32|          0|
    |val_r_4_reg_21741                       |   32|   0|   32|          0|
    |val_r_52_reg_21957                      |   32|   0|   32|          0|
    |val_r_56_reg_21975                      |   32|   0|   32|          0|
    |val_r_60_reg_21993                      |   32|   0|   32|          0|
    |val_r_64_reg_22011                      |   32|   0|   32|          0|
    |val_r_68_reg_22029                      |   32|   0|   32|          0|
    |val_r_72_reg_22047                      |   32|   0|   32|          0|
    |val_r_76_reg_22065                      |   32|   0|   32|          0|
    |val_r_80_reg_22083                      |   32|   0|   32|          0|
    |val_r_8_reg_21759                       |   32|   0|   32|          0|
    |val_r_reg_21358                         |   27|   0|   27|          0|
    |val_z_12_reg_21783                      |   32|   0|   32|          0|
    |val_z_16_reg_21801                      |   32|   0|   32|          0|
    |val_z_20_reg_21819                      |   32|   0|   32|          0|
    |val_z_24_reg_21837                      |   32|   0|   32|          0|
    |val_z_28_reg_21855                      |   32|   0|   32|          0|
    |val_z_32_reg_21873                      |   32|   0|   32|          0|
    |val_z_36_reg_21891                      |   32|   0|   32|          0|
    |val_z_40_reg_21909                      |   32|   0|   32|          0|
    |val_z_44_reg_21927                      |   32|   0|   32|          0|
    |val_z_48_reg_21945                      |   32|   0|   32|          0|
    |val_z_4_reg_21747                       |   32|   0|   32|          0|
    |val_z_52_reg_21963                      |   32|   0|   32|          0|
    |val_z_56_reg_21981                      |   32|   0|   32|          0|
    |val_z_60_reg_21999                      |   32|   0|   32|          0|
    |val_z_64_reg_22017                      |   32|   0|   32|          0|
    |val_z_68_reg_22035                      |   32|   0|   32|          0|
    |val_z_72_reg_22053                      |   32|   0|   32|          0|
    |val_z_76_reg_22071                      |   32|   0|   32|          0|
    |val_z_79_reg_22090                      |   32|   0|   32|          0|
    |val_z_8_reg_21765                       |   32|   0|   32|          0|
    |val_z_reg_21364                         |   26|   0|   26|          0|
    |w_out_load_reg_20946                    |   10|   0|   10|          0|
    |xor_ln149_1_reg_22199                   |    1|   0|    1|          0|
    |xor_ln149_2_reg_22456                   |    1|   0|    1|          0|
    |xor_ln149_reg_22143                     |    1|   0|    1|          0|
    |y_acc_fu_714                            |   32|   0|   32|          0|
    |acc_n_10_reg_21190                      |   64|  32|   32|          0|
    |acc_n_11_reg_21208                      |   64|  32|   32|          0|
    |acc_n_12_reg_21226                      |   64|  32|   32|          0|
    |acc_n_13_reg_21244                      |   64|  32|   32|          0|
    |acc_n_14_reg_21262                      |   64|  32|   32|          0|
    |acc_n_15_reg_21280                      |   64|  32|   32|          0|
    |acc_n_16_reg_21298                      |   64|  32|   32|          0|
    |acc_n_17_reg_21316                      |   64|  32|   32|          0|
    |acc_n_18_reg_21334                      |   64|  32|   32|          0|
    |acc_n_19_reg_21352                      |   64|  32|   32|          0|
    |acc_n_20_reg_21393                      |   64|  32|   32|          0|
    |acc_n_21_reg_21411                      |   64|  32|   32|          0|
    |acc_n_22_reg_21429                      |   64|  32|   32|          0|
    |acc_n_23_reg_21447                      |   64|  32|   32|          0|
    |acc_n_24_reg_21465                      |   64|  32|   32|          0|
    |acc_n_25_reg_21483                      |   64|  32|   32|          0|
    |acc_n_26_reg_21501                      |   64|  32|   32|          0|
    |acc_n_27_reg_21519                      |   64|  32|   32|          0|
    |acc_n_28_reg_21537                      |   64|  32|   32|          0|
    |acc_n_29_reg_21555                      |   64|  32|   32|          0|
    |acc_n_30_reg_21573                      |   64|  32|   32|          0|
    |acc_n_31_reg_21591                      |   64|  32|   32|          0|
    |acc_n_32_reg_21609                      |   64|  32|   32|          0|
    |acc_n_33_reg_21627                      |   64|  32|   32|          0|
    |acc_n_34_reg_21645                      |   64|  32|   32|          0|
    |acc_n_35_reg_21663                      |   64|  32|   32|          0|
    |acc_n_36_reg_21681                      |   64|  32|   32|          0|
    |acc_n_37_reg_21699                      |   64|  32|   32|          0|
    |acc_n_38_reg_21717                      |   64|  32|   32|          0|
    |acc_n_39_reg_21735                      |   64|  32|   32|          0|
    |acc_n_9_reg_21172                       |   64|  32|   32|          0|
    |acc_r_10_reg_21178                      |   64|  32|   32|          0|
    |acc_r_11_reg_21196                      |   64|  32|   32|          0|
    |acc_r_12_reg_21214                      |   64|  32|   32|          0|
    |acc_r_13_reg_21232                      |   64|  32|   32|          0|
    |acc_r_14_reg_21250                      |   64|  32|   32|          0|
    |acc_r_15_reg_21268                      |   64|  32|   32|          0|
    |acc_r_16_reg_21286                      |   64|  32|   32|          0|
    |acc_r_17_reg_21304                      |   64|  32|   32|          0|
    |acc_r_18_reg_21322                      |   64|  32|   32|          0|
    |acc_r_19_reg_21340                      |   64|  32|   32|          0|
    |acc_r_20_reg_21381                      |   64|  32|   32|          0|
    |acc_r_21_reg_21399                      |   64|  32|   32|          0|
    |acc_r_22_reg_21417                      |   64|  32|   32|          0|
    |acc_r_23_reg_21435                      |   64|  32|   32|          0|
    |acc_r_24_reg_21453                      |   64|  32|   32|          0|
    |acc_r_25_reg_21471                      |   64|  32|   32|          0|
    |acc_r_26_reg_21489                      |   64|  32|   32|          0|
    |acc_r_27_reg_21507                      |   64|  32|   32|          0|
    |acc_r_28_reg_21525                      |   64|  32|   32|          0|
    |acc_r_29_reg_21543                      |   64|  32|   32|          0|
    |acc_r_30_reg_21561                      |   64|  32|   32|          0|
    |acc_r_31_reg_21579                      |   64|  32|   32|          0|
    |acc_r_32_reg_21597                      |   64|  32|   32|          0|
    |acc_r_33_reg_21615                      |   64|  32|   32|          0|
    |acc_r_34_reg_21633                      |   64|  32|   32|          0|
    |acc_r_35_reg_21651                      |   64|  32|   32|          0|
    |acc_r_36_reg_21669                      |   64|  32|   32|          0|
    |acc_r_37_reg_21687                      |   64|  32|   32|          0|
    |acc_r_38_reg_21705                      |   64|  32|   32|          0|
    |acc_r_39_reg_21723                      |   64|  32|   32|          0|
    |acc_r_8_reg_21142                       |   64|  32|   32|          0|
    |acc_r_9_reg_21160                       |   64|  32|   32|          0|
    |acc_z_10_reg_21184                      |   64|  32|   32|          0|
    |acc_z_11_reg_21202                      |   64|  32|   32|          0|
    |acc_z_12_reg_21220                      |   64|  32|   32|          0|
    |acc_z_13_reg_21238                      |   64|  32|   32|          0|
    |acc_z_14_reg_21256                      |   64|  32|   32|          0|
    |acc_z_15_reg_21274                      |   64|  32|   32|          0|
    |acc_z_16_reg_21292                      |   64|  32|   32|          0|
    |acc_z_17_reg_21310                      |   64|  32|   32|          0|
    |acc_z_18_reg_21328                      |   64|  32|   32|          0|
    |acc_z_19_reg_21346                      |   64|  32|   32|          0|
    |acc_z_20_reg_21387                      |   64|  32|   32|          0|
    |acc_z_21_reg_21405                      |   64|  32|   32|          0|
    |acc_z_22_reg_21423                      |   64|  32|   32|          0|
    |acc_z_23_reg_21441                      |   64|  32|   32|          0|
    |acc_z_24_reg_21459                      |   64|  32|   32|          0|
    |acc_z_25_reg_21477                      |   64|  32|   32|          0|
    |acc_z_26_reg_21495                      |   64|  32|   32|          0|
    |acc_z_27_reg_21513                      |   64|  32|   32|          0|
    |acc_z_28_reg_21531                      |   64|  32|   32|          0|
    |acc_z_29_reg_21549                      |   64|  32|   32|          0|
    |acc_z_30_reg_21567                      |   64|  32|   32|          0|
    |acc_z_31_reg_21585                      |   64|  32|   32|          0|
    |acc_z_32_reg_21603                      |   64|  32|   32|          0|
    |acc_z_33_reg_21621                      |   64|  32|   32|          0|
    |acc_z_34_reg_21639                      |   64|  32|   32|          0|
    |acc_z_35_reg_21657                      |   64|  32|   32|          0|
    |acc_z_36_reg_21675                      |   64|  32|   32|          0|
    |acc_z_37_reg_21693                      |   64|  32|   32|          0|
    |acc_z_38_reg_21711                      |   64|  32|   32|          0|
    |acc_z_39_reg_21729                      |   64|  32|   32|          0|
    |acc_z_8_reg_21148                       |   64|  32|   32|          0|
    |acc_z_9_reg_21166                       |   64|  32|   32|          0|
    |i_1_reg_19651                           |   64|  32|    6|          0|
    |icmp_ln153_1_reg_22204                  |   64|  32|    1|          0|
    |icmp_ln153_2_reg_22462                  |   64|  32|    1|          0|
    |icmp_ln153_reg_22178                    |   64|  32|    1|          0|
    |icmp_ln245_reg_19657                    |   64|  32|    1|          0|
    |neg_1_reg_22154                         |   64|  32|    1|          0|
    |neg_2_reg_22436                         |   64|  32|    1|          0|
    |neg_reg_22123                           |   64|  32|    1|          0|
    |ref_tmp2_i_2_reg_22363                  |   64|  32|   15|          0|
    |tmp_277_reg_20999                       |   64|  32|   15|          0|
    |val_n_in_reg_21370                      |   64|  32|   26|          0|
    |val_n_rec_80_reg_22107                  |   64|  32|   32|          0|
    |w_out_load_reg_20946                    |   64|  32|   10|          0|
    |xor_ln149_1_reg_22199                   |   64|  32|    1|          0|
    |xor_ln149_2_reg_22456                   |   64|  32|    1|          0|
    |xor_ln149_reg_22143                     |   64|  32|    1|          0|
    +----------------------------------------+-----+----+-----+-----------+
    |Total                                   |16539|3552|12617|         28|
    +----------------------------------------+-----+----+-----+-----------+



================================================================
== Interface
================================================================
* Summary: 
+---------------------+-----+-----+------------+-----------------------------+--------------+
|      RTL Ports      | Dir | Bits|  Protocol  |        Source Object        |    C Type    |
+---------------------+-----+-----+------------+-----------------------------+--------------+
|ap_clk               |   in|    1|  ap_ctrl_hs|  gru_va_Pipeline_HIDDEN_LOOP|  return value|
|ap_rst               |   in|    1|  ap_ctrl_hs|  gru_va_Pipeline_HIDDEN_LOOP|  return value|
|ap_start             |   in|    1|  ap_ctrl_hs|  gru_va_Pipeline_HIDDEN_LOOP|  return value|
|ap_done              |  out|    1|  ap_ctrl_hs|  gru_va_Pipeline_HIDDEN_LOOP|  return value|
|ap_idle              |  out|    1|  ap_ctrl_hs|  gru_va_Pipeline_HIDDEN_LOOP|  return value|
|ap_ready             |  out|    1|  ap_ctrl_hs|  gru_va_Pipeline_HIDDEN_LOOP|  return value|
|h_new_0_1_lcssa120   |   in|   15|     ap_none|           h_new_0_1_lcssa120|        scalar|
|h_new_1_1_lcssa121   |   in|   15|     ap_none|           h_new_1_1_lcssa121|        scalar|
|h_new_2_1_lcssa122   |   in|   15|     ap_none|           h_new_2_1_lcssa122|        scalar|
|h_new_3_1_lcssa123   |   in|   15|     ap_none|           h_new_3_1_lcssa123|        scalar|
|h_new_4_1_lcssa124   |   in|   15|     ap_none|           h_new_4_1_lcssa124|        scalar|
|h_new_5_1_lcssa125   |   in|   15|     ap_none|           h_new_5_1_lcssa125|        scalar|
|h_new_6_1_lcssa126   |   in|   15|     ap_none|           h_new_6_1_lcssa126|        scalar|
|h_new_7_1_lcssa127   |   in|   15|     ap_none|           h_new_7_1_lcssa127|        scalar|
|h_new_8_1_lcssa128   |   in|   15|     ap_none|           h_new_8_1_lcssa128|        scalar|
|h_new_9_1_lcssa129   |   in|   15|     ap_none|           h_new_9_1_lcssa129|        scalar|
|h_new_10_1_lcssa130  |   in|   15|     ap_none|          h_new_10_1_lcssa130|        scalar|
|h_new_11_1_lcssa131  |   in|   15|     ap_none|          h_new_11_1_lcssa131|        scalar|
|h_new_12_1_lcssa132  |   in|   15|     ap_none|          h_new_12_1_lcssa132|        scalar|
|h_new_13_1_lcssa133  |   in|   15|     ap_none|          h_new_13_1_lcssa133|        scalar|
|h_new_14_1_lcssa134  |   in|   15|     ap_none|          h_new_14_1_lcssa134|        scalar|
|h_new_15_1_lcssa135  |   in|   15|     ap_none|          h_new_15_1_lcssa135|        scalar|
|h_new_16_1_lcssa136  |   in|   15|     ap_none|          h_new_16_1_lcssa136|        scalar|
|h_new_17_1_lcssa137  |   in|   15|     ap_none|          h_new_17_1_lcssa137|        scalar|
|h_new_18_1_lcssa138  |   in|   15|     ap_none|          h_new_18_1_lcssa138|        scalar|
|h_new_19_1_lcssa139  |   in|   15|     ap_none|          h_new_19_1_lcssa139|        scalar|
|h_new_20_1_lcssa140  |   in|   15|     ap_none|          h_new_20_1_lcssa140|        scalar|
|h_new_21_1_lcssa141  |   in|   15|     ap_none|          h_new_21_1_lcssa141|        scalar|
|h_new_22_1_lcssa142  |   in|   15|     ap_none|          h_new_22_1_lcssa142|        scalar|
|h_new_23_1_lcssa143  |   in|   15|     ap_none|          h_new_23_1_lcssa143|        scalar|
|h_new_24_1_lcssa144  |   in|   15|     ap_none|          h_new_24_1_lcssa144|        scalar|
|h_new_25_1_lcssa145  |   in|   15|     ap_none|          h_new_25_1_lcssa145|        scalar|
|h_new_26_1_lcssa146  |   in|   15|     ap_none|          h_new_26_1_lcssa146|        scalar|
|h_new_27_1_lcssa147  |   in|   15|     ap_none|          h_new_27_1_lcssa147|        scalar|
|h_new_28_1_lcssa148  |   in|   15|     ap_none|          h_new_28_1_lcssa148|        scalar|
|h_new_29_1_lcssa149  |   in|   15|     ap_none|          h_new_29_1_lcssa149|        scalar|
|h_new_30_1_lcssa150  |   in|   15|     ap_none|          h_new_30_1_lcssa150|        scalar|
|h_new_31_1_lcssa151  |   in|   15|     ap_none|          h_new_31_1_lcssa151|        scalar|
|h_new_32_1_lcssa152  |   in|   15|     ap_none|          h_new_32_1_lcssa152|        scalar|
|h_new_33_1_lcssa153  |   in|   15|     ap_none|          h_new_33_1_lcssa153|        scalar|
|h_new_34_1_lcssa154  |   in|   15|     ap_none|          h_new_34_1_lcssa154|        scalar|
|h_new_35_1_lcssa155  |   in|   15|     ap_none|          h_new_35_1_lcssa155|        scalar|
|h_new_36_1_lcssa156  |   in|   15|     ap_none|          h_new_36_1_lcssa156|        scalar|
|h_new_37_1_lcssa157  |   in|   15|     ap_none|          h_new_37_1_lcssa157|        scalar|
|h_new_38_1_lcssa158  |   in|   15|     ap_none|          h_new_38_1_lcssa158|        scalar|
|h_new_39_1_lcssa159  |   in|   15|     ap_none|          h_new_39_1_lcssa159|        scalar|
|sext_ln285           |   in|   15|     ap_none|                   sext_ln285|        scalar|
|sext_ln245           |   in|   15|     ap_none|                   sext_ln245|        scalar|
|h_new_39_out         |  out|   15|      ap_vld|                 h_new_39_out|       pointer|
|h_new_39_out_ap_vld  |  out|    1|      ap_vld|                 h_new_39_out|       pointer|
|h_new_38_out         |  out|   15|      ap_vld|                 h_new_38_out|       pointer|
|h_new_38_out_ap_vld  |  out|    1|      ap_vld|                 h_new_38_out|       pointer|
|h_new_37_out         |  out|   15|      ap_vld|                 h_new_37_out|       pointer|
|h_new_37_out_ap_vld  |  out|    1|      ap_vld|                 h_new_37_out|       pointer|
|h_new_36_out         |  out|   15|      ap_vld|                 h_new_36_out|       pointer|
|h_new_36_out_ap_vld  |  out|    1|      ap_vld|                 h_new_36_out|       pointer|
|h_new_35_out         |  out|   15|      ap_vld|                 h_new_35_out|       pointer|
|h_new_35_out_ap_vld  |  out|    1|      ap_vld|                 h_new_35_out|       pointer|
|h_new_34_out         |  out|   15|      ap_vld|                 h_new_34_out|       pointer|
|h_new_34_out_ap_vld  |  out|    1|      ap_vld|                 h_new_34_out|       pointer|
|h_new_33_out         |  out|   15|      ap_vld|                 h_new_33_out|       pointer|
|h_new_33_out_ap_vld  |  out|    1|      ap_vld|                 h_new_33_out|       pointer|
|h_new_32_out         |  out|   15|      ap_vld|                 h_new_32_out|       pointer|
|h_new_32_out_ap_vld  |  out|    1|      ap_vld|                 h_new_32_out|       pointer|
|h_new_31_out         |  out|   15|      ap_vld|                 h_new_31_out|       pointer|
|h_new_31_out_ap_vld  |  out|    1|      ap_vld|                 h_new_31_out|       pointer|
|h_new_30_out         |  out|   15|      ap_vld|                 h_new_30_out|       pointer|
|h_new_30_out_ap_vld  |  out|    1|      ap_vld|                 h_new_30_out|       pointer|
|h_new_29_out         |  out|   15|      ap_vld|                 h_new_29_out|       pointer|
|h_new_29_out_ap_vld  |  out|    1|      ap_vld|                 h_new_29_out|       pointer|
|h_new_28_out         |  out|   15|      ap_vld|                 h_new_28_out|       pointer|
|h_new_28_out_ap_vld  |  out|    1|      ap_vld|                 h_new_28_out|       pointer|
|h_new_27_out         |  out|   15|      ap_vld|                 h_new_27_out|       pointer|
|h_new_27_out_ap_vld  |  out|    1|      ap_vld|                 h_new_27_out|       pointer|
|h_new_26_out         |  out|   15|      ap_vld|                 h_new_26_out|       pointer|
|h_new_26_out_ap_vld  |  out|    1|      ap_vld|                 h_new_26_out|       pointer|
|h_new_25_out         |  out|   15|      ap_vld|                 h_new_25_out|       pointer|
|h_new_25_out_ap_vld  |  out|    1|      ap_vld|                 h_new_25_out|       pointer|
|h_new_24_out         |  out|   15|      ap_vld|                 h_new_24_out|       pointer|
|h_new_24_out_ap_vld  |  out|    1|      ap_vld|                 h_new_24_out|       pointer|
|h_new_23_out         |  out|   15|      ap_vld|                 h_new_23_out|       pointer|
|h_new_23_out_ap_vld  |  out|    1|      ap_vld|                 h_new_23_out|       pointer|
|h_new_22_out         |  out|   15|      ap_vld|                 h_new_22_out|       pointer|
|h_new_22_out_ap_vld  |  out|    1|      ap_vld|                 h_new_22_out|       pointer|
|h_new_21_out         |  out|   15|      ap_vld|                 h_new_21_out|       pointer|
|h_new_21_out_ap_vld  |  out|    1|      ap_vld|                 h_new_21_out|       pointer|
|h_new_20_out         |  out|   15|      ap_vld|                 h_new_20_out|       pointer|
|h_new_20_out_ap_vld  |  out|    1|      ap_vld|                 h_new_20_out|       pointer|
|h_new_19_out         |  out|   15|      ap_vld|                 h_new_19_out|       pointer|
|h_new_19_out_ap_vld  |  out|    1|      ap_vld|                 h_new_19_out|       pointer|
|h_new_18_out         |  out|   15|      ap_vld|                 h_new_18_out|       pointer|
|h_new_18_out_ap_vld  |  out|    1|      ap_vld|                 h_new_18_out|       pointer|
|h_new_17_out         |  out|   15|      ap_vld|                 h_new_17_out|       pointer|
|h_new_17_out_ap_vld  |  out|    1|      ap_vld|                 h_new_17_out|       pointer|
|h_new_16_out         |  out|   15|      ap_vld|                 h_new_16_out|       pointer|
|h_new_16_out_ap_vld  |  out|    1|      ap_vld|                 h_new_16_out|       pointer|
|h_new_15_out         |  out|   15|      ap_vld|                 h_new_15_out|       pointer|
|h_new_15_out_ap_vld  |  out|    1|      ap_vld|                 h_new_15_out|       pointer|
|h_new_14_out         |  out|   15|      ap_vld|                 h_new_14_out|       pointer|
|h_new_14_out_ap_vld  |  out|    1|      ap_vld|                 h_new_14_out|       pointer|
|h_new_13_out         |  out|   15|      ap_vld|                 h_new_13_out|       pointer|
|h_new_13_out_ap_vld  |  out|    1|      ap_vld|                 h_new_13_out|       pointer|
|h_new_12_out         |  out|   15|      ap_vld|                 h_new_12_out|       pointer|
|h_new_12_out_ap_vld  |  out|    1|      ap_vld|                 h_new_12_out|       pointer|
|h_new_11_out         |  out|   15|      ap_vld|                 h_new_11_out|       pointer|
|h_new_11_out_ap_vld  |  out|    1|      ap_vld|                 h_new_11_out|       pointer|
|h_new_10_out         |  out|   15|      ap_vld|                 h_new_10_out|       pointer|
|h_new_10_out_ap_vld  |  out|    1|      ap_vld|                 h_new_10_out|       pointer|
|h_new_9_out          |  out|   15|      ap_vld|                  h_new_9_out|       pointer|
|h_new_9_out_ap_vld   |  out|    1|      ap_vld|                  h_new_9_out|       pointer|
|h_new_8_out          |  out|   15|      ap_vld|                  h_new_8_out|       pointer|
|h_new_8_out_ap_vld   |  out|    1|      ap_vld|                  h_new_8_out|       pointer|
|h_new_7_out          |  out|   15|      ap_vld|                  h_new_7_out|       pointer|
|h_new_7_out_ap_vld   |  out|    1|      ap_vld|                  h_new_7_out|       pointer|
|h_new_6_out          |  out|   15|      ap_vld|                  h_new_6_out|       pointer|
|h_new_6_out_ap_vld   |  out|    1|      ap_vld|                  h_new_6_out|       pointer|
|h_new_5_out          |  out|   15|      ap_vld|                  h_new_5_out|       pointer|
|h_new_5_out_ap_vld   |  out|    1|      ap_vld|                  h_new_5_out|       pointer|
|h_new_4_out          |  out|   15|      ap_vld|                  h_new_4_out|       pointer|
|h_new_4_out_ap_vld   |  out|    1|      ap_vld|                  h_new_4_out|       pointer|
|h_new_3_out          |  out|   15|      ap_vld|                  h_new_3_out|       pointer|
|h_new_3_out_ap_vld   |  out|    1|      ap_vld|                  h_new_3_out|       pointer|
|h_new_2_out          |  out|   15|      ap_vld|                  h_new_2_out|       pointer|
|h_new_2_out_ap_vld   |  out|    1|      ap_vld|                  h_new_2_out|       pointer|
|h_new_1_out          |  out|   15|      ap_vld|                  h_new_1_out|       pointer|
|h_new_1_out_ap_vld   |  out|    1|      ap_vld|                  h_new_1_out|       pointer|
|h_new_out            |  out|   15|      ap_vld|                    h_new_out|       pointer|
|h_new_out_ap_vld     |  out|    1|      ap_vld|                    h_new_out|       pointer|
|y_acc_out            |  out|   32|      ap_vld|                    y_acc_out|       pointer|
|y_acc_out_ap_vld     |  out|    1|      ap_vld|                    y_acc_out|       pointer|
+---------------------+-----+-----+------------+-----------------------------+--------------+

