timestamp,cell,width,bit,stim,stim_md5,status,gate,max_abs_err,worst_idx,golden_md5,out_md5,out_file,n_samples,secs,ksamp_s,fclk_mhz,note
2025-05-11 18:26:05,rodent_mod,8,gru_L20_rodent_mod_w8.bit,golden,607f8f6fbf8d191b8b35c264a665a829,OK,PASS,0.000000e+00,0,AF877FF93453272D5D416F7822FD31D6,,,,,,100.0,
2025-05-11 18:26:06,rodent_mod,8,gru_L20_rodent_mod_w8.bit,gtr2,d9c3b0ea7a8c1dd3c4bed72e0f5f1eb5,OK,PASS,,,AF877FF93453272D5D416F7822FD31D6,A2B64C0C6781C45374371C84C4EDC6B1,board_gtr2_rodent_mod_w8.f32,21103200,31.49,670,100.0,
2025-05-11 18:26:52,rodent_mod,8,gru_L20_rodent_mod_w8.bit,gtr4sg,113c073a8e9de2741f4a587f5e57f7e2,OK,PASS,,,AF877FF93453272D5D416F7822FD31D6,AF86EEAD3A64EAB8AC46D2BC8C0FDBF9,board_gtr4sg_rodent_mod_w8.f32,17503200,26.08,671,100.0,
2025-05-11 18:27:31,rodent_mod,8,gru_L20_rodent_mod_w8.bit,prvtgtr,b8c1371ec7a052820dfa9ceecc707da9,OK,PASS,,,AF877FF93453272D5D416F7822FD31D6,02A79303AB14517C5531FE04BB3A93D0,board_prvtgtr_rodent_mod_w8.f32,15151200,22.59,671,100.0,
2025-05-11 18:28:02,rodent_mod,8,gru_L20_rodent_mod_w8.bit,ytbass,1d11bfb1b6df6c3c446f7fa347527034,OK,PASS,,,AF877FF93453272D5D416F7822FD31D6,4BE6F7DB0AE54277EBD407A0A862C5FE,board_ytbass_rodent_mod_w8.f32,29071200,43.42,670,100.0,
2025-05-11 18:29:03,rodent_mod,8,gru_L20_rodent_mod_w8.bit,tones,3991acd46657e9051419bb3fbc24ff74,OK,PASS,,,AF877FF93453272D5D416F7822FD31D6,279A00615CF5AC6C39BD02BC4879B66E,s2_tones_rodent_mod_w8.f32,4646400,6.92,672,100.0,
2025-05-11 18:29:12,rodent_mod,8,gru_L20_rodent_mod_w8.bit,sweep,913d44e192cffd1459eb55e56bdd6be1,OK,PASS,,,AF877FF93453272D5D416F7822FD31D6,133EFDD1E493B9E3E9976CE7AAAF28DB,s2_sweep_rodent_mod_w8.f32,1440000,2.14,672,100.0,
2025-05-11 18:29:15,rodent_mod,8,gru_L20_rodent_mod_w8.bit,silence,d051cff927d4ce28ab72215e43a2fb2b,OK,PASS,,,AF877FF93453272D5D416F7822FD31D6,9A19F1556FF5D7DBAD7ACCB3DB4484AD,s2_silence_rodent_mod_w8.f32,480000,0.72,668,100.0,
2025-05-11 18:29:16,rodent_mod,8,gru_L20_rodent_mod_w8.bit,impulse,eb445918179de211aa2625a4480c4be3,OK,PASS,,,AF877FF93453272D5D416F7822FD31D6,85F582614F5986CD8F077E0B114C7586,s2_impulse_rodent_mod_w8.f32,144000,0.22,665,100.0,
2025-05-11 18:29:16,rodent_mod,8,gru_L20_rodent_mod_w8.bit,edge,fad9029aef784288d56fff14cb2f9fc3,OK,PASS,,,AF877FF93453272D5D416F7822FD31D6,B394CC0D8BAAE232B86A78ECBE2A57E8,s2_edge_rodent_mod_w8.f32,168000,0.25,663,100.0,
2025-05-11 18:29:25,rodent_mod,9,gru_L20_rodent_mod_w9.bit,golden,607f8f6fbf8d191b8b35c264a665a829,OK,PASS,0.000000e+00,0,F5F2CF1329C1F6477068A1818529B456,,,,,,100.0,
2025-05-11 18:29:25,rodent_mod,9,gru_L20_rodent_mod_w9.bit,gtr2,d9c3b0ea7a8c1dd3c4bed72e0f5f1eb5,OK,PASS,,,F5F2CF1329C1F6477068A1818529B456,A9EAAF19360FBCBCD634168105FBF53A,board_gtr2_rodent_mod_w9.f32,21103200,31.25,675,100.0,
2025-05-11 18:30:08,rodent_mod,9,gru_L20_rodent_mod_w9.bit,gtr4sg,113c073a8e9de2741f4a587f5e57f7e2,OK,PASS,,,F5F2CF1329C1F6477068A1818529B456,7A9856973FF543B1418F4D16070B866F,board_gtr4sg_rodent_mod_w9.f32,17503200,25.93,675,100.0,
2025-05-11 18:30:45,rodent_mod,9,gru_L20_rodent_mod_w9.bit,prvtgtr,b8c1371ec7a052820dfa9ceecc707da9,OK,PASS,,,F5F2CF1329C1F6477068A1818529B456,22BB70673D432490E314909508586D1F,board_prvtgtr_rodent_mod_w9.f32,15151200,22.62,670,100.0,
2025-05-11 18:31:14,rodent_mod,9,gru_L20_rodent_mod_w9.bit,ytbass,1d11bfb1b6df6c3c446f7fa347527034,OK,PASS,,,F5F2CF1329C1F6477068A1818529B456,2CD62C7ACB9A413A7FB698599D0EF183,board_ytbass_rodent_mod_w9.f32,29071200,43.06,675,100.0,
2025-05-11 18:32:19,rodent_mod,9,gru_L20_rodent_mod_w9.bit,tones,3991acd46657e9051419bb3fbc24ff74,OK,PASS,,,F5F2CF1329C1F6477068A1818529B456,DE926BBD5B5F0C5DBFF9854382E00A36,s2_tones_rodent_mod_w9.f32,4646400,6.87,676,100.0,
2025-05-11 18:32:28,rodent_mod,9,gru_L20_rodent_mod_w9.bit,sweep,913d44e192cffd1459eb55e56bdd6be1,OK,PASS,,,F5F2CF1329C1F6477068A1818529B456,60CD355FDC46062F5D23A93FA51DFE5A,s2_sweep_rodent_mod_w9.f32,1440000,2.13,675,100.0,
2025-05-11 18:32:32,rodent_mod,9,gru_L20_rodent_mod_w9.bit,silence,d051cff927d4ce28ab72215e43a2fb2b,OK,PASS,,,F5F2CF1329C1F6477068A1818529B456,1B636CAF746A5BA01BA92578FF47CC1D,s2_silence_rodent_mod_w9.f32,480000,0.72,670,100.0,
2025-05-11 18:32:33,rodent_mod,9,gru_L20_rodent_mod_w9.bit,impulse,eb445918179de211aa2625a4480c4be3,OK,PASS,,,F5F2CF1329C1F6477068A1818529B456,2DC83A354A4D7D4E624C852BDB1E032F,s2_impulse_rodent_mod_w9.f32,144000,0.22,670,100.0,
2025-05-11 18:32:33,rodent_mod,9,gru_L20_rodent_mod_w9.bit,edge,fad9029aef784288d56fff14cb2f9fc3,OK,PASS,,,F5F2CF1329C1F6477068A1818529B456,E5CA55376033D1DC634DC4541C370FC6,s2_edge_rodent_mod_w9.f32,168000,0.25,669,100.0,
2025-05-11 18:32:38,rodent_mod,10,gru_L20_rodent_mod_w10.bit,golden,607f8f6fbf8d191b8b35c264a665a829,OK,PASS,0.000000e+00,0,B5D4776EF27BEEA47C9445646605E29B,,,,,,100.0,
2025-05-11 18:32:38,rodent_mod,10,gru_L20_rodent_mod_w10.bit,gtr2,d9c3b0ea7a8c1dd3c4bed72e0f5f1eb5,OK,PASS,,,B5D4776EF27BEEA47C9445646605E29B,C492B1940AF5CB549E98C66A42FC3AC9,board_gtr2_rodent_mod_w10.f32,21103200,31.23,676,100.0,
2025-05-11 18:33:22,rodent_mod,10,gru_L20_rodent_mod_w10.bit,gtr4sg,113c073a8e9de2741f4a587f5e57f7e2,OK,PASS,,,B5D4776EF27BEEA47C9445646605E29B,73E8EB330C12821625F13BBFAF0CA96B,board_gtr4sg_rodent_mod_w10.f32,17503200,26.01,673,100.0,
2025-05-11 18:34:00,rodent_mod,10,gru_L20_rodent_mod_w10.bit,prvtgtr,b8c1371ec7a052820dfa9ceecc707da9,OK,PASS,,,B5D4776EF27BEEA47C9445646605E29B,5BCFFAB0225F309D4D8B7C131F5DB3DC,board_prvtgtr_rodent_mod_w10.f32,15151200,22.50,673,100.0,
2025-05-11 18:34:33,rodent_mod,10,gru_L20_rodent_mod_w10.bit,ytbass,1d11bfb1b6df6c3c446f7fa347527034,OK,PASS,,,B5D4776EF27BEEA47C9445646605E29B,D7435206D08FA5495A3E119B1CA32099,board_ytbass_rodent_mod_w10.f32,29071200,43.24,672,100.0,
2025-05-11 18:35:33,rodent_mod,10,gru_L20_rodent_mod_w10.bit,tones,3991acd46657e9051419bb3fbc24ff74,OK,PASS,,,B5D4776EF27BEEA47C9445646605E29B,23983E4BEE85BAEFCED14C16062B213C,s2_tones_rodent_mod_w10.f32,4646400,6.88,675,100.0,
2025-05-11 18:35:41,rodent_mod,10,gru_L20_rodent_mod_w10.bit,sweep,913d44e192cffd1459eb55e56bdd6be1,OK,PASS,,,B5D4776EF27BEEA47C9445646605E29B,EE31A574B2CE182A61B37660830B17F8,s2_sweep_rodent_mod_w10.f32,1440000,2.13,676,100.0,
2025-05-11 18:35:46,rodent_mod,10,gru_L20_rodent_mod_w10.bit,silence,d051cff927d4ce28ab72215e43a2fb2b,OK,PASS,,,B5D4776EF27BEEA47C9445646605E29B,2C4CEBD8D2886CF481D09DDB7C667A7F,s2_silence_rodent_mod_w10.f32,480000,0.72,669,100.0,
2025-05-11 18:35:47,rodent_mod,10,gru_L20_rodent_mod_w10.bit,impulse,eb445918179de211aa2625a4480c4be3,OK,PASS,,,B5D4776EF27BEEA47C9445646605E29B,BB0745A80C3A1BB8F6FBFF2097EE6568,s2_impulse_rodent_mod_w10.f32,144000,0.21,670,100.0,
2025-05-11 18:35:47,rodent_mod,10,gru_L20_rodent_mod_w10.bit,edge,fad9029aef784288d56fff14cb2f9fc3,OK,PASS,,,B5D4776EF27BEEA47C9445646605E29B,FF66296D93A273FFD509E5BA5C58D776,s2_edge_rodent_mod_w10.f32,168000,0.25,667,100.0,
2025-05-11 18:35:52,rodent_mod,11,gru_L20_rodent_mod_w11.bit,golden,607f8f6fbf8d191b8b35c264a665a829,OK,PASS,0.000000e+00,0,273F1A14247434974DBB5101CBB4EA4B,,,,,,100.0,
2025-05-11 18:35:52,rodent_mod,11,gru_L20_rodent_mod_w11.bit,gtr2,d9c3b0ea7a8c1dd3c4bed72e0f5f1eb5,OK,PASS,,,273F1A14247434974DBB5101CBB4EA4B,4BF1DB72BE1111589A8817877F1A73AD,board_gtr2_rodent_mod_w11.f32,21103200,31.28,675,100.0,
2025-05-11 18:36:36,rodent_mod,11,gru_L20_rodent_mod_w11.bit,gtr4sg,113c073a8e9de2741f4a587f5e57f7e2,OK,PASS,,,273F1A14247434974DBB5101CBB4EA4B,0D0BF4EF26F55FEBEED8425C166AF6F8,board_gtr4sg_rodent_mod_w11.f32,17503200,25.93,675,100.0,
2025-05-11 18:37:13,rodent_mod,11,gru_L20_rodent_mod_w11.bit,prvtgtr,b8c1371ec7a052820dfa9ceecc707da9,OK,PASS,,,273F1A14247434974DBB5101CBB4EA4B,E7EC9483887990EE4EC4AD45CEB44E72,board_prvtgtr_rodent_mod_w11.f32,15151200,22.44,675,100.0,
2025-05-11 18:37:44,rodent_mod,11,gru_L20_rodent_mod_w11.bit,ytbass,1d11bfb1b6df6c3c446f7fa347527034,OK,PASS,,,273F1A14247434974DBB5101CBB4EA4B,2F8A6925E9CEC5886B578F627E1F4D9F,board_ytbass_rodent_mod_w11.f32,29071200,43.09,675,100.0,
2025-05-11 18:38:43,rodent_mod,11,gru_L20_rodent_mod_w11.bit,tones,3991acd46657e9051419bb3fbc24ff74,OK,PASS,,,273F1A14247434974DBB5101CBB4EA4B,AE14BF086BD0F3D6740E4074660EE25A,s2_tones_rodent_mod_w11.f32,4646400,6.88,675,100.0,
2025-05-11 18:38:52,rodent_mod,11,gru_L20_rodent_mod_w11.bit,sweep,913d44e192cffd1459eb55e56bdd6be1,OK,PASS,,,273F1A14247434974DBB5101CBB4EA4B,B6F147BE7560875FDAC40B841D5B4A66,s2_sweep_rodent_mod_w11.f32,1440000,2.13,676,100.0,
2025-05-11 18:38:54,rodent_mod,11,gru_L20_rodent_mod_w11.bit,silence,d051cff927d4ce28ab72215e43a2fb2b,OK,PASS,,,273F1A14247434974DBB5101CBB4EA4B,DB44F59BEA8DE4384D12E9AAB4C40BBB,s2_silence_rodent_mod_w11.f32,480000,0.71,674,100.0,
2025-05-11 18:38:55,rodent_mod,11,gru_L20_rodent_mod_w11.bit,impulse,eb445918179de211aa2625a4480c4be3,OK,PASS,,,273F1A14247434974DBB5101CBB4EA4B,50C57BC17780BB79EDC5D2D1A9571A2E,s2_impulse_rodent_mod_w11.f32,144000,0.22,667,100.0,
2025-05-11 18:38:55,rodent_mod,11,gru_L20_rodent_mod_w11.bit,edge,fad9029aef784288d56fff14cb2f9fc3,OK,PASS,,,273F1A14247434974DBB5101CBB4EA4B,5E32DB1F3D6C2D76F9470868FABEA731,s2_edge_rodent_mod_w11.f32,168000,0.25,670,100.0,
2025-05-11 18:39:04,rodent_mod,12,gru_L20_rodent_mod_w12.bit,golden,607f8f6fbf8d191b8b35c264a665a829,OK,PASS,0.000000e+00,0,1EF54EC660D553C888075FA827262366,,,,,,100.0,
2025-05-11 18:39:04,rodent_mod,12,gru_L20_rodent_mod_w12.bit,gtr2,d9c3b0ea7a8c1dd3c4bed72e0f5f1eb5,OK,PASS,,,1EF54EC660D553C888075FA827262366,6BB16B4281F504F44D51D43B84AA182A,board_gtr2_rodent_mod_w12.f32,21103200,31.27,675,100.0,
2025-05-11 18:39:47,rodent_mod,12,gru_L20_rodent_mod_w12.bit,gtr4sg,113c073a8e9de2741f4a587f5e57f7e2,OK,PASS,,,1EF54EC660D553C888075FA827262366,7814C31F62528148D276135C7744DFE7,board_gtr4sg_rodent_mod_w12.f32,17503200,25.92,675,100.0,
2025-05-11 18:40:24,rodent_mod,12,gru_L20_rodent_mod_w12.bit,prvtgtr,b8c1371ec7a052820dfa9ceecc707da9,OK,PASS,,,1EF54EC660D553C888075FA827262366,973964348C4ECDE8B6B03FA416B2BCDF,board_prvtgtr_rodent_mod_w12.f32,15151200,22.43,676,100.0,
2025-05-11 18:40:53,rodent_mod,12,gru_L20_rodent_mod_w12.bit,ytbass,1d11bfb1b6df6c3c446f7fa347527034,OK,PASS,,,1EF54EC660D553C888075FA827262366,A38A8EEE810F21CB25AF8BFC255EBBC1,board_ytbass_rodent_mod_w12.f32,29071200,43.12,674,100.0,
2025-05-11 18:41:54,rodent_mod,12,gru_L20_rodent_mod_w12.bit,tones,3991acd46657e9051419bb3fbc24ff74,OK,PASS,,,1EF54EC660D553C888075FA827262366,FBE28214640C0307739D0EE654DEC5BB,s2_tones_rodent_mod_w12.f32,4646400,6.87,676,100.0,
2025-05-11 18:42:03,rodent_mod,12,gru_L20_rodent_mod_w12.bit,sweep,913d44e192cffd1459eb55e56bdd6be1,OK,PASS,,,1EF54EC660D553C888075FA827262366,7884E1BDB3F35BB2FEDA3E6B4BC51DCB,s2_sweep_rodent_mod_w12.f32,1440000,2.13,676,100.0,
2025-05-11 18:42:06,rodent_mod,12,gru_L20_rodent_mod_w12.bit,silence,d051cff927d4ce28ab72215e43a2fb2b,OK,PASS,,,1EF54EC660D553C888075FA827262366,D2E9D8D12E15129FE30662CA9BBF30A6,s2_silence_rodent_mod_w12.f32,480000,0.71,674,100.0,
2025-05-11 18:42:07,rodent_mod,12,gru_L20_rodent_mod_w12.bit,impulse,eb445918179de211aa2625a4480c4be3,OK,PASS,,,1EF54EC660D553C888075FA827262366,8546DD10D3B3DE6ADE36B8547161EDF3,s2_impulse_rodent_mod_w12.f32,144000,0.23,639,100.0,
2025-05-11 18:42:07,rodent_mod,12,gru_L20_rodent_mod_w12.bit,edge,fad9029aef784288d56fff14cb2f9fc3,OK,PASS,,,1EF54EC660D553C888075FA827262366,6655BD4B5F9FCFD57768E9CEA665DEF1,s2_edge_rodent_mod_w12.f32,168000,0.25,670,100.0,
2025-05-11 18:42:12,rodent_mod,13,gru_L20_rodent_mod_w13.bit,golden,607f8f6fbf8d191b8b35c264a665a829,OK,PASS,0.000000e+00,0,C41954EFD0D6E30694AA544B7F697F73,,,,,,100.0,
2025-05-11 18:42:12,rodent_mod,13,gru_L20_rodent_mod_w13.bit,gtr2,d9c3b0ea7a8c1dd3c4bed72e0f5f1eb5,OK,PASS,,,C41954EFD0D6E30694AA544B7F697F73,62C791EB526B7B595F989070FAD2A135,board_gtr2_rodent_mod_w13.f32,21103200,31.27,675,100.0,
2025-05-11 18:42:56,rodent_mod,13,gru_L20_rodent_mod_w13.bit,gtr4sg,113c073a8e9de2741f4a587f5e57f7e2,OK,PASS,,,C41954EFD0D6E30694AA544B7F697F73,5583285EC92A1F714DC1778A6DCAB8BA,board_gtr4sg_rodent_mod_w13.f32,17503200,25.92,675,100.0,
2025-05-11 18:43:31,rodent_mod,13,gru_L20_rodent_mod_w13.bit,prvtgtr,b8c1371ec7a052820dfa9ceecc707da9,OK,PASS,,,C41954EFD0D6E30694AA544B7F697F73,348D1333BFCCE908FACBC42EFA3219A1,board_prvtgtr_rodent_mod_w13.f32,15151200,22.43,676,100.0,
2025-05-11 18:44:02,rodent_mod,13,gru_L20_rodent_mod_w13.bit,ytbass,1d11bfb1b6df6c3c446f7fa347527034,OK,PASS,,,C41954EFD0D6E30694AA544B7F697F73,D047AADD94FB8A1698315566AC6211DB,board_ytbass_rodent_mod_w13.f32,29071200,43.08,675,100.0,
2025-05-11 18:45:03,rodent_mod,13,gru_L20_rodent_mod_w13.bit,tones,3991acd46657e9051419bb3fbc24ff74,OK,PASS,,,C41954EFD0D6E30694AA544B7F697F73,D836100145031D41C0138A290C48837F,s2_tones_rodent_mod_w13.f32,4646400,6.88,676,100.0,
2025-05-11 18:45:13,rodent_mod,13,gru_L20_rodent_mod_w13.bit,sweep,913d44e192cffd1459eb55e56bdd6be1,OK,PASS,,,C41954EFD0D6E30694AA544B7F697F73,AC064B050800FCE1FD67D220E183DDB3,s2_sweep_rodent_mod_w13.f32,1440000,2.13,677,100.0,
2025-05-11 18:45:15,rodent_mod,13,gru_L20_rodent_mod_w13.bit,silence,d051cff927d4ce28ab72215e43a2fb2b,OK,PASS,,,C41954EFD0D6E30694AA544B7F697F73,D04677347842644DDDD1F6D2BB28811D,s2_silence_rodent_mod_w13.f32,480000,0.71,672,100.0,
2025-05-11 18:45:16,rodent_mod,13,gru_L20_rodent_mod_w13.bit,impulse,eb445918179de211aa2625a4480c4be3,OK,PASS,,,C41954EFD0D6E30694AA544B7F697F73,C686024DEF10E1731D9D88A9F9E4C169,s2_impulse_rodent_mod_w13.f32,144000,0.22,662,100.0,
2025-05-11 18:45:16,rodent_mod,13,gru_L20_rodent_mod_w13.bit,edge,fad9029aef784288d56fff14cb2f9fc3,OK,PASS,,,C41954EFD0D6E30694AA544B7F697F73,81CB599AE153463A9DFD1AC123A9DB79,s2_edge_rodent_mod_w13.f32,168000,0.28,601,100.0,
2025-05-11 18:45:24,rodent_mod,14,gru_L20_rodent_mod_w14.bit,golden,607f8f6fbf8d191b8b35c264a665a829,OK,PASS,0.000000e+00,0,A6AEC7DD604F01BEA65E83947CA90090,,,,,,100.0,
2025-05-11 18:45:24,rodent_mod,14,gru_L20_rodent_mod_w14.bit,gtr2,d9c3b0ea7a8c1dd3c4bed72e0f5f1eb5,OK,PASS,,,A6AEC7DD604F01BEA65E83947CA90090,ED791746FA6634A16DDD47CA1A3CE500,board_gtr2_rodent_mod_w14.f32,21103200,31.68,666,100.0,
2025-05-11 18:46:08,rodent_mod,14,gru_L20_rodent_mod_w14.bit,gtr4sg,113c073a8e9de2741f4a587f5e57f7e2,OK,PASS,,,A6AEC7DD604F01BEA65E83947CA90090,FEAA98A67E9588292158AF03469F0656,board_gtr4sg_rodent_mod_w14.f32,17503200,26.25,667,100.0,
2025-05-11 18:46:45,rodent_mod,14,gru_L20_rodent_mod_w14.bit,prvtgtr,b8c1371ec7a052820dfa9ceecc707da9,OK,PASS,,,A6AEC7DD604F01BEA65E83947CA90090,A67C47389A23A8436F507A3548D612D2,board_prvtgtr_rodent_mod_w14.f32,15151200,22.73,666,100.0,
2025-05-11 18:47:15,rodent_mod,14,gru_L20_rodent_mod_w14.bit,ytbass,1d11bfb1b6df6c3c446f7fa347527034,OK,PASS,,,A6AEC7DD604F01BEA65E83947CA90090,C6075144C0BBD48DABA26EBC7ED5C2B6,board_ytbass_rodent_mod_w14.f32,29071200,43.71,665,100.0,
2025-05-11 18:48:15,rodent_mod,14,gru_L20_rodent_mod_w14.bit,tones,3991acd46657e9051419bb3fbc24ff74,OK,PASS,,,A6AEC7DD604F01BEA65E83947CA90090,B06E9EEF8C29F36053F66C4C734A253B,s2_tones_rodent_mod_w14.f32,4646400,6.97,667,100.0,
2025-05-11 18:48:25,rodent_mod,14,gru_L20_rodent_mod_w14.bit,sweep,913d44e192cffd1459eb55e56bdd6be1,OK,PASS,,,A6AEC7DD604F01BEA65E83947CA90090,1A515D720B2053E7334A7CD38FC04C87,s2_sweep_rodent_mod_w14.f32,1440000,2.16,665,100.0,
2025-05-11 18:48:28,rodent_mod,14,gru_L20_rodent_mod_w14.bit,silence,d051cff927d4ce28ab72215e43a2fb2b,OK,PASS,,,A6AEC7DD604F01BEA65E83947CA90090,6998BBD350A9354AC8121CDBCE4518D7,s2_silence_rodent_mod_w14.f32,480000,0.72,665,100.0,
2025-05-11 18:48:29,rodent_mod,14,gru_L20_rodent_mod_w14.bit,impulse,eb445918179de211aa2625a4480c4be3,OK,PASS,,,A6AEC7DD604F01BEA65E83947CA90090,877C49A3F54CC4F9D2BD254FF437E606,s2_impulse_rodent_mod_w14.f32,144000,0.22,658,100.0,
2025-05-11 18:48:29,rodent_mod,14,gru_L20_rodent_mod_w14.bit,edge,fad9029aef784288d56fff14cb2f9fc3,OK,PASS,,,A6AEC7DD604F01BEA65E83947CA90090,0BE1B0F2D0D7E89D2FD0346716BBC29C,s2_edge_rodent_mod_w14.f32,168000,0.25,663,100.0,
2025-05-11 18:48:35,rodent_mod,15,gru_L20_rodent_mod_w15.bit,golden,607f8f6fbf8d191b8b35c264a665a829,OK,PASS,0.000000e+00,0,7537807E59ACE359FC22D9CFD38D3A49,,,,,,100.0,
2025-05-11 18:48:35,rodent_mod,15,gru_L20_rodent_mod_w15.bit,gtr2,d9c3b0ea7a8c1dd3c4bed72e0f5f1eb5,OK,PASS,,,7537807E59ACE359FC22D9CFD38D3A49,9E24E02A919A7A16A277FC4410147007,board_gtr2_rodent_mod_w15.f32,21103200,31.68,666,100.0,
2025-05-11 18:49:19,rodent_mod,15,gru_L20_rodent_mod_w15.bit,gtr4sg,113c073a8e9de2741f4a587f5e57f7e2,OK,PASS,,,7537807E59ACE359FC22D9CFD38D3A49,7C23469580FDA8D51D32AE7D56B9B173,board_gtr4sg_rodent_mod_w15.f32,17503200,26.29,666,100.0,
2025-05-11 18:49:56,rodent_mod,15,gru_L20_rodent_mod_w15.bit,prvtgtr,b8c1371ec7a052820dfa9ceecc707da9,OK,PASS,,,7537807E59ACE359FC22D9CFD38D3A49,36694F92AE949125ABDA150AFA85BFC6,board_prvtgtr_rodent_mod_w15.f32,15151200,22.75,666,100.0,
2025-05-11 18:50:28,rodent_mod,15,gru_L20_rodent_mod_w15.bit,ytbass,1d11bfb1b6df6c3c446f7fa347527034,OK,PASS,,,7537807E59ACE359FC22D9CFD38D3A49,649C2449F39F981A638B13FEEDF6E13F,board_ytbass_rodent_mod_w15.f32,29071200,43.70,665,100.0,
2025-05-11 18:51:33,rodent_mod,15,gru_L20_rodent_mod_w15.bit,tones,3991acd46657e9051419bb3fbc24ff74,OK,PASS,,,7537807E59ACE359FC22D9CFD38D3A49,3D4E21A8A17A17EB9EE49942EDE0DC53,s2_tones_rodent_mod_w15.f32,4646400,6.96,668,100.0,
2025-05-11 18:51:41,rodent_mod,15,gru_L20_rodent_mod_w15.bit,sweep,913d44e192cffd1459eb55e56bdd6be1,OK,PASS,,,7537807E59ACE359FC22D9CFD38D3A49,F50107E94FC2FD6C235EF7673E44DAD2,s2_sweep_rodent_mod_w15.f32,1440000,2.16,667,100.0,
2025-05-11 18:51:45,rodent_mod,15,gru_L20_rodent_mod_w15.bit,silence,d051cff927d4ce28ab72215e43a2fb2b,OK,PASS,,,7537807E59ACE359FC22D9CFD38D3A49,76DE03FD33A0108C7FE44F8CA517059F,s2_silence_rodent_mod_w15.f32,480000,0.72,666,100.0,
2025-05-11 18:51:46,rodent_mod,15,gru_L20_rodent_mod_w15.bit,impulse,eb445918179de211aa2625a4480c4be3,OK,PASS,,,7537807E59ACE359FC22D9CFD38D3A49,7723448EF28507E1B70365D5DA5CA918,s2_impulse_rodent_mod_w15.f32,144000,0.22,661,100.0,
2025-05-11 18:51:47,rodent_mod,15,gru_L20_rodent_mod_w15.bit,edge,fad9029aef784288d56fff14cb2f9fc3,OK,PASS,,,7537807E59ACE359FC22D9CFD38D3A49,6018AF0DA3228CDC0F62029ED49CE6AD,s2_edge_rodent_mod_w15.f32,168000,0.25,662,100.0,
2025-05-11 18:51:53,rodent_mod,16,gru_L20_rodent_mod_w16.bit,golden,607f8f6fbf8d191b8b35c264a665a829,OK,PASS,0.000000e+00,0,34D5C9B6983CB6C30BC08286098A6052,,,,,,100.0,
2025-05-11 18:51:53,rodent_mod,16,gru_L20_rodent_mod_w16.bit,gtr2,d9c3b0ea7a8c1dd3c4bed72e0f5f1eb5,OK,PASS,,,34D5C9B6983CB6C30BC08286098A6052,5CC58B845033AE911CC3B1E0EF31207A,board_gtr2_rodent_mod_w16.f32,21103200,31.67,666,100.0,
2025-05-11 18:52:39,rodent_mod,16,gru_L20_rodent_mod_w16.bit,gtr4sg,113c073a8e9de2741f4a587f5e57f7e2,OK,PASS,,,34D5C9B6983CB6C30BC08286098A6052,6C4FB2FFB51F1B93E20F57A1E79C7A9A,board_gtr4sg_rodent_mod_w16.f32,17503200,26.25,667,100.0,
2025-05-11 18:53:16,rodent_mod,16,gru_L20_rodent_mod_w16.bit,prvtgtr,b8c1371ec7a052820dfa9ceecc707da9,OK,PASS,,,34D5C9B6983CB6C30BC08286098A6052,C7829D37DBBDA7B45F3A90B11A4EC4B7,board_prvtgtr_rodent_mod_w16.f32,15151200,22.74,666,100.0,
2025-05-11 18:53:51,rodent_mod,16,gru_L20_rodent_mod_w16.bit,ytbass,1d11bfb1b6df6c3c446f7fa347527034,OK,PASS,,,34D5C9B6983CB6C30BC08286098A6052,B1AB20B69AF38C9A70F088A6F0F0E4E4,board_ytbass_rodent_mod_w16.f32,29071200,43.70,665,100.0,
2025-05-11 18:54:59,rodent_mod,16,gru_L20_rodent_mod_w16.bit,tones,3991acd46657e9051419bb3fbc24ff74,OK,PASS,,,34D5C9B6983CB6C30BC08286098A6052,1E8CE565BFF923E8D759871164266297,s2_tones_rodent_mod_w16.f32,4646400,6.98,666,100.0,
2025-05-11 18:55:10,rodent_mod,16,gru_L20_rodent_mod_w16.bit,sweep,913d44e192cffd1459eb55e56bdd6be1,OK,PASS,,,34D5C9B6983CB6C30BC08286098A6052,AC099FC5F43717B9FAE7029DD26C7E44,s2_sweep_rodent_mod_w16.f32,1440000,2.16,666,100.0,
2025-05-11 18:55:13,rodent_mod,16,gru_L20_rodent_mod_w16.bit,silence,d051cff927d4ce28ab72215e43a2fb2b,OK,PASS,,,34D5C9B6983CB6C30BC08286098A6052,0C94D283FC05E335C3F9ECE8321BCE2F,s2_silence_rodent_mod_w16.f32,480000,0.72,665,100.0,
2025-05-11 18:55:15,rodent_mod,16,gru_L20_rodent_mod_w16.bit,impulse,eb445918179de211aa2625a4480c4be3,OK,PASS,,,34D5C9B6983CB6C30BC08286098A6052,E769BBC491881B3A6A746B61277AC6DA,s2_impulse_rodent_mod_w16.f32,144000,0.22,651,100.0,
2025-05-11 18:55:15,rodent_mod,16,gru_L20_rodent_mod_w16.bit,edge,fad9029aef784288d56fff14cb2f9fc3,OK,PASS,,,34D5C9B6983CB6C30BC08286098A6052,FD7C54F5CB768EA737DA4092B55A36BC,s2_edge_rodent_mod_w16.f32,168000,0.26,658,100.0,
2025-05-11 18:55:22,rodent_mod,17,gru_L20_rodent_mod_w17.bit,golden,607f8f6fbf8d191b8b35c264a665a829,OK,PASS,0.000000e+00,0,95A5681A56612FA40AD14F17903C63EC,,,,,,100.0,
2025-05-11 18:55:22,rodent_mod,17,gru_L20_rodent_mod_w17.bit,gtr2,d9c3b0ea7a8c1dd3c4bed72e0f5f1eb5,OK,PASS,,,95A5681A56612FA40AD14F17903C63EC,DCAF34548A9B39DC54AA79CA10406AA4,board_gtr2_rodent_mod_w17.f32,21103200,31.69,666,100.0,
2025-05-11 18:56:08,rodent_mod,17,gru_L20_rodent_mod_w17.bit,gtr4sg,113c073a8e9de2741f4a587f5e57f7e2,OK,PASS,,,95A5681A56612FA40AD14F17903C63EC,A063B1BA19CD6BB6F2230B01FFF86CD2,board_gtr4sg_rodent_mod_w17.f32,17503200,26.27,666,100.0,
2025-05-11 18:56:47,rodent_mod,17,gru_L20_rodent_mod_w17.bit,prvtgtr,b8c1371ec7a052820dfa9ceecc707da9,OK,PASS,,,95A5681A56612FA40AD14F17903C63EC,30E1F123F9F11B9F16FA2F240357038D,board_prvtgtr_rodent_mod_w17.f32,15151200,22.73,667,100.0,
2025-05-11 18:57:19,rodent_mod,17,gru_L20_rodent_mod_w17.bit,ytbass,1d11bfb1b6df6c3c446f7fa347527034,OK,PASS,,,95A5681A56612FA40AD14F17903C63EC,2A13D3F90F194E449AD851408601B925,board_ytbass_rodent_mod_w17.f32,29071200,43.74,665,100.0,
2025-05-11 18:58:30,rodent_mod,17,gru_L20_rodent_mod_w17.bit,tones,3991acd46657e9051419bb3fbc24ff74,OK,PASS,,,95A5681A56612FA40AD14F17903C63EC,649EEFF52A3F0FDBB3E63BC47E4C4615,s2_tones_rodent_mod_w17.f32,4646400,6.97,666,100.0,
2025-05-11 18:58:38,rodent_mod,17,gru_L20_rodent_mod_w17.bit,sweep,913d44e192cffd1459eb55e56bdd6be1,OK,PASS,,,95A5681A56612FA40AD14F17903C63EC,514423ED41E8BBEBD1C76AA27F6E2B0D,s2_sweep_rodent_mod_w17.f32,1440000,2.16,665,100.0,
2025-05-11 18:58:41,rodent_mod,17,gru_L20_rodent_mod_w17.bit,silence,d051cff927d4ce28ab72215e43a2fb2b,OK,PASS,,,95A5681A56612FA40AD14F17903C63EC,BA13E4AE0BCCEF9D64970965EF3C1373,s2_silence_rodent_mod_w17.f32,480000,0.72,665,100.0,
2025-05-11 18:58:42,rodent_mod,17,gru_L20_rodent_mod_w17.bit,impulse,eb445918179de211aa2625a4480c4be3,OK,PASS,,,95A5681A56612FA40AD14F17903C63EC,5DC8CBAA316088A76A860CA7B095A5C9,s2_impulse_rodent_mod_w17.f32,144000,0.22,660,100.0,
2025-05-11 18:58:42,rodent_mod,17,gru_L20_rodent_mod_w17.bit,edge,fad9029aef784288d56fff14cb2f9fc3,OK,PASS,,,95A5681A56612FA40AD14F17903C63EC,641164E0699BACFDC4AE1400721AB13A,s2_edge_rodent_mod_w17.f32,168000,0.25,663,100.0,
2025-05-11 18:58:48,rodent_mod,18,gru_L20_rodent_mod_w18.bit,golden,607f8f6fbf8d191b8b35c264a665a829,OK,PASS,0.000000e+00,0,676B1FECA90DFDA6619DA42D6C300E02,,,,,,100.0,
2025-05-11 18:58:48,rodent_mod,18,gru_L20_rodent_mod_w18.bit,gtr2,d9c3b0ea7a8c1dd3c4bed72e0f5f1eb5,OK,PASS,,,676B1FECA90DFDA6619DA42D6C300E02,86AFC596710AB5B428E3BF33DAF8CB1E,board_gtr2_rodent_mod_w18.f32,21103200,31.74,665,100.0,
2025-05-11 18:59:38,rodent_mod,18,gru_L20_rodent_mod_w18.bit,gtr4sg,113c073a8e9de2741f4a587f5e57f7e2,OK,PASS,,,676B1FECA90DFDA6619DA42D6C300E02,AE2174E72BBB318C59A2EB18B3B0CF93,board_gtr4sg_rodent_mod_w18.f32,17503200,26.29,666,100.0,
2025-05-11 19:00:18,rodent_mod,18,gru_L20_rodent_mod_w18.bit,prvtgtr,b8c1371ec7a052820dfa9ceecc707da9,OK,PASS,,,676B1FECA90DFDA6619DA42D6C300E02,0D7F7A303417BA749419FE0E8B34F121,board_prvtgtr_rodent_mod_w18.f32,15151200,22.72,667,100.0,
2025-05-11 19:00:56,rodent_mod,18,gru_L20_rodent_mod_w18.bit,ytbass,1d11bfb1b6df6c3c446f7fa347527034,OK,PASS,,,676B1FECA90DFDA6619DA42D6C300E02,E8FD7A08C91B24E97F43942BDB1FC929,board_ytbass_rodent_mod_w18.f32,29071200,43.69,665,100.0,
2025-05-11 19:02:05,rodent_mod,18,gru_L20_rodent_mod_w18.bit,tones,3991acd46657e9051419bb3fbc24ff74,OK,PASS,,,676B1FECA90DFDA6619DA42D6C300E02,EA767A705EE956582652F550DAAED0A6,s2_tones_rodent_mod_w18.f32,4646400,6.96,668,100.0,
2025-05-11 19:02:13,rodent_mod,18,gru_L20_rodent_mod_w18.bit,sweep,913d44e192cffd1459eb55e56bdd6be1,OK,PASS,,,676B1FECA90DFDA6619DA42D6C300E02,0D6D7497EDA6CDCF40226A1C03D9237B,s2_sweep_rodent_mod_w18.f32,1440000,2.16,667,100.0,
2025-05-11 19:02:16,rodent_mod,18,gru_L20_rodent_mod_w18.bit,silence,d051cff927d4ce28ab72215e43a2fb2b,OK,PASS,,,676B1FECA90DFDA6619DA42D6C300E02,168EC0325419EF6107442F4377A13EA5,s2_silence_rodent_mod_w18.f32,480000,0.72,666,100.0,
2025-05-11 19:02:18,rodent_mod,18,gru_L20_rodent_mod_w18.bit,impulse,eb445918179de211aa2625a4480c4be3,OK,PASS,,,676B1FECA90DFDA6619DA42D6C300E02,C816F6132A6E9BDAC2B012C748E68F27,s2_impulse_rodent_mod_w18.f32,144000,0.22,661,100.0,
2025-05-11 19:02:18,rodent_mod,18,gru_L20_rodent_mod_w18.bit,edge,fad9029aef784288d56fff14cb2f9fc3,OK,PASS,,,676B1FECA90DFDA6619DA42D6C300E02,3723C8B0828A59F18D1845AA2056BFBB,s2_edge_rodent_mod_w18.f32,168000,0.25,663,100.0,
2025-05-11 19:02:27,rodent_mod,19,gru_L20_rodent_mod_w19.bit,golden,607f8f6fbf8d191b8b35c264a665a829,OK,PASS,0.000000e+00,0,DCF0A169D6F31E13E23FA35DAE80E656,,,,,,100.0,
2025-05-11 19:02:27,rodent_mod,19,gru_L20_rodent_mod_w19.bit,gtr2,d9c3b0ea7a8c1dd3c4bed72e0f5f1eb5,OK,PASS,,,DCF0A169D6F31E13E23FA35DAE80E656,3A28D0D466F40481F047A94A7F489BC7,board_gtr2_rodent_mod_w19.f32,21103200,31.81,663,100.0,
2025-05-11 19:03:19,rodent_mod,19,gru_L20_rodent_mod_w19.bit,gtr4sg,113c073a8e9de2741f4a587f5e57f7e2,OK,PASS,,,DCF0A169D6F31E13E23FA35DAE80E656,A908A2249112AB25B3603AE328EC5842,board_gtr4sg_rodent_mod_w19.f32,17503200,26.33,665,100.0,
2025-05-11 19:03:57,rodent_mod,19,gru_L20_rodent_mod_w19.bit,prvtgtr,b8c1371ec7a052820dfa9ceecc707da9,OK,PASS,,,DCF0A169D6F31E13E23FA35DAE80E656,5FFDA10157D6351FE2E56F4AD23BAAEE,board_prvtgtr_rodent_mod_w19.f32,15151200,22.73,667,100.0,
2025-05-11 19:04:30,rodent_mod,19,gru_L20_rodent_mod_w19.bit,ytbass,1d11bfb1b6df6c3c446f7fa347527034,OK,PASS,,,DCF0A169D6F31E13E23FA35DAE80E656,D9E997B7C1BE27249556C78D9AB54EFC,board_ytbass_rodent_mod_w19.f32,29071200,43.68,666,100.0,
2025-05-11 19:05:36,rodent_mod,19,gru_L20_rodent_mod_w19.bit,tones,3991acd46657e9051419bb3fbc24ff74,OK,PASS,,,DCF0A169D6F31E13E23FA35DAE80E656,EA40BA5F81A4FD128EBA69D0B8DD389B,s2_tones_rodent_mod_w19.f32,4646400,6.97,667,100.0,
2025-05-11 19:05:45,rodent_mod,19,gru_L20_rodent_mod_w19.bit,sweep,913d44e192cffd1459eb55e56bdd6be1,OK,PASS,,,DCF0A169D6F31E13E23FA35DAE80E656,79906C87C805F12949121F2380938F68,s2_sweep_rodent_mod_w19.f32,1440000,2.16,667,100.0,
2025-05-11 19:05:49,rodent_mod,19,gru_L20_rodent_mod_w19.bit,silence,d051cff927d4ce28ab72215e43a2fb2b,OK,PASS,,,DCF0A169D6F31E13E23FA35DAE80E656,51C86A0CF2E2886C0BC8982D3E785756,s2_silence_rodent_mod_w19.f32,480000,0.72,663,100.0,
2025-05-11 19:05:50,rodent_mod,19,gru_L20_rodent_mod_w19.bit,impulse,eb445918179de211aa2625a4480c4be3,OK,PASS,,,DCF0A169D6F31E13E23FA35DAE80E656,CCA1B9CE0CAB021B9A67E13B2C221C37,s2_impulse_rodent_mod_w19.f32,144000,0.22,661,100.0,
2025-05-11 19:05:51,rodent_mod,19,gru_L20_rodent_mod_w19.bit,edge,fad9029aef784288d56fff14cb2f9fc3,OK,PASS,,,DCF0A169D6F31E13E23FA35DAE80E656,12830ACA079904C09712A0E01ABBD6D3,s2_edge_rodent_mod_w19.f32,168000,0.25,664,100.0,
2025-05-11 19:34:53,rodent_mod,20,gru_L20_rodent_mod_w20.bit,golden,607f8f6fbf8d191b8b35c264a665a829,OK,PASS,0.000000e+00,0,6296C878092E10F8ABC880BF544B4AD7,,,,,,100.0,
2025-05-11 19:34:53,rodent_mod,20,gru_L20_rodent_mod_w20.bit,gtr2,d9c3b0ea7a8c1dd3c4bed72e0f5f1eb5,OK,PASS,,,6296C878092E10F8ABC880BF544B4AD7,CA6F0F1C052A5F7A403D0778D2A5B5C7,board_gtr2_rodent_mod_w20.f32,21103200,31.66,667,100.0,
2025-05-11 19:35:41,rodent_mod,20,gru_L20_rodent_mod_w20.bit,gtr4sg,113c073a8e9de2741f4a587f5e57f7e2,OK,PASS,,,6296C878092E10F8ABC880BF544B4AD7,D5A44F9CDBF8FECC1A50E5C4635B6D27,board_gtr4sg_rodent_mod_w20.f32,17503200,26.28,666,100.0,
2025-05-11 19:36:23,rodent_mod,20,gru_L20_rodent_mod_w20.bit,prvtgtr,b8c1371ec7a052820dfa9ceecc707da9,OK,PASS,,,6296C878092E10F8ABC880BF544B4AD7,82E8C0AB9D18926ABCD6AD39D3A61197,board_prvtgtr_rodent_mod_w20.f32,15151200,22.81,664,100.0,
2025-05-11 19:37:04,rodent_mod,20,gru_L20_rodent_mod_w20.bit,ytbass,1d11bfb1b6df6c3c446f7fa347527034,OK,PASS,,,6296C878092E10F8ABC880BF544B4AD7,AFAF261C9FAB26D060308B994BABCEFC,board_ytbass_rodent_mod_w20.f32,29071200,43.68,666,100.0,
2025-05-11 19:38:08,rodent_mod,20,gru_L20_rodent_mod_w20.bit,tones,3991acd46657e9051419bb3fbc24ff74,OK,PASS,,,6296C878092E10F8ABC880BF544B4AD7,247D8ABBA781BA605604CDFD4D4CB32A,s2_tones_rodent_mod_w20.f32,4646400,6.97,667,100.0,
2025-05-11 19:38:17,rodent_mod,20,gru_L20_rodent_mod_w20.bit,sweep,913d44e192cffd1459eb55e56bdd6be1,OK,PASS,,,6296C878092E10F8ABC880BF544B4AD7,DFAE9C44B881821F1658E172D0C829F5,s2_sweep_rodent_mod_w20.f32,1440000,2.16,667,100.0,
2025-05-11 19:38:19,rodent_mod,20,gru_L20_rodent_mod_w20.bit,silence,d051cff927d4ce28ab72215e43a2fb2b,OK,PASS,,,6296C878092E10F8ABC880BF544B4AD7,D51D3C40EB730030152F3F2B76BF5B61,s2_silence_rodent_mod_w20.f32,480000,0.72,665,100.0,
2025-05-11 19:38:20,rodent_mod,20,gru_L20_rodent_mod_w20.bit,impulse,eb445918179de211aa2625a4480c4be3,OK,PASS,,,6296C878092E10F8ABC880BF544B4AD7,7EE7B54D3EE44FA2E7E3A848E70AF388,s2_impulse_rodent_mod_w20.f32,144000,0.22,656,100.0,
2025-05-11 19:38:21,rodent_mod,20,gru_L20_rodent_mod_w20.bit,edge,fad9029aef784288d56fff14cb2f9fc3,OK,PASS,,,6296C878092E10F8ABC880BF544B4AD7,6C2EA98345E8C1C03C9682F410CEBD10,s2_edge_rodent_mod_w20.f32,168000,0.26,657,100.0,
2025-05-11 19:38:30,rodent_mod,21,gru_L20_rodent_mod_w21.bit,golden,607f8f6fbf8d191b8b35c264a665a829,OK,PASS,0.000000e+00,0,8F8D630C14F0D50882BB08E705EA767F,,,,,,100.0,
2025-05-11 19:38:30,rodent_mod,21,gru_L20_rodent_mod_w21.bit,gtr2,d9c3b0ea7a8c1dd3c4bed72e0f5f1eb5,OK,PASS,,,8F8D630C14F0D50882BB08E705EA767F,A19D8C2833E31490B991464AB09C363C,board_gtr2_rodent_mod_w21.f32,21103200,31.67,666,100.0,
2025-05-11 19:39:15,rodent_mod,21,gru_L20_rodent_mod_w21.bit,gtr4sg,113c073a8e9de2741f4a587f5e57f7e2,OK,PASS,,,8F8D630C14F0D50882BB08E705EA767F,676450296FB226F1F0942D1269F23C5A,board_gtr4sg_rodent_mod_w21.f32,17503200,26.26,667,100.0,
2025-05-11 19:39:50,rodent_mod,21,gru_L20_rodent_mod_w21.bit,prvtgtr,b8c1371ec7a052820dfa9ceecc707da9,OK,PASS,,,8F8D630C14F0D50882BB08E705EA767F,699FB8B4031DAC7CB2B9D6E77F8E9167,board_prvtgtr_rodent_mod_w21.f32,15151200,22.72,667,100.0,
2025-05-11 19:40:23,rodent_mod,21,gru_L20_rodent_mod_w21.bit,ytbass,1d11bfb1b6df6c3c446f7fa347527034,OK,PASS,,,8F8D630C14F0D50882BB08E705EA767F,277F3BB3D4342736195FCFA3607E3B60,board_ytbass_rodent_mod_w21.f32,29071200,43.67,666,100.0,
2025-05-11 19:41:29,rodent_mod,21,gru_L20_rodent_mod_w21.bit,tones,3991acd46657e9051419bb3fbc24ff74,OK,PASS,,,8F8D630C14F0D50882BB08E705EA767F,3825ECED49FE84A4208C771D5B13AAE4,s2_tones_rodent_mod_w21.f32,4646400,6.96,668,100.0,
2025-05-11 19:41:38,rodent_mod,21,gru_L20_rodent_mod_w21.bit,sweep,913d44e192cffd1459eb55e56bdd6be1,OK,PASS,,,8F8D630C14F0D50882BB08E705EA767F,746AF9E8B71FA9B3E6E7DE6157A9A9FE,s2_sweep_rodent_mod_w21.f32,1440000,2.16,667,100.0,
2025-05-11 19:41:40,rodent_mod,21,gru_L20_rodent_mod_w21.bit,silence,d051cff927d4ce28ab72215e43a2fb2b,OK,PASS,,,8F8D630C14F0D50882BB08E705EA767F,34C458E5A0D21AF6EC83C8A8FE0274EE,s2_silence_rodent_mod_w21.f32,480000,0.72,665,100.0,
2025-05-11 19:41:41,rodent_mod,21,gru_L20_rodent_mod_w21.bit,impulse,eb445918179de211aa2625a4480c4be3,OK,PASS,,,8F8D630C14F0D50882BB08E705EA767F,95724191B161A57BBE36A51BDA7C5B09,s2_impulse_rodent_mod_w21.f32,144000,0.22,657,100.0,
2025-05-11 19:41:42,rodent_mod,21,gru_L20_rodent_mod_w21.bit,edge,fad9029aef784288d56fff14cb2f9fc3,OK,PASS,,,8F8D630C14F0D50882BB08E705EA767F,34B5596C33CC4B382FC4367E0C128DE4,s2_edge_rodent_mod_w21.f32,168000,0.25,663,100.0,
2025-05-11 20:26:47,rodent_mod,22,gru_L20_rodent_mod_w22.bit,golden,607f8f6fbf8d191b8b35c264a665a829,OK,PASS,0.000000e+00,0,3C9F9D87573F6AD6B44E07E25251B4F8,,,,,,100.0,
2025-05-11 20:26:48,rodent_mod,22,gru_L20_rodent_mod_w22.bit,gtr2,d9c3b0ea7a8c1dd3c4bed72e0f5f1eb5,OK,PASS,,,3C9F9D87573F6AD6B44E07E25251B4F8,67B4F39E035631E5BFF750881B8F2764,board_gtr2_rodent_mod_w22.f32,21103200,31.22,676,100.0,
2025-05-11 20:27:33,rodent_mod,22,gru_L20_rodent_mod_w22.bit,gtr4sg,113c073a8e9de2741f4a587f5e57f7e2,OK,PASS,,,3C9F9D87573F6AD6B44E07E25251B4F8,3467360643626ABFAF50E9FB0688F582,board_gtr4sg_rodent_mod_w22.f32,17503200,25.89,676,100.0,
2025-05-11 20:28:17,rodent_mod,22,gru_L20_rodent_mod_w22.bit,prvtgtr,b8c1371ec7a052820dfa9ceecc707da9,OK,PASS,,,3C9F9D87573F6AD6B44E07E25251B4F8,D9716FFE8F47DD28CA7D1D8183396413,board_prvtgtr_rodent_mod_w22.f32,15151200,22.42,676,100.0,
2025-05-11 20:28:46,rodent_mod,22,gru_L20_rodent_mod_w22.bit,ytbass,1d11bfb1b6df6c3c446f7fa347527034,OK,PASS,,,3C9F9D87573F6AD6B44E07E25251B4F8,3B4744516E286731280CF403A3B39A55,board_ytbass_rodent_mod_w22.f32,29071200,43.09,675,100.0,
2025-05-11 20:29:51,rodent_mod,22,gru_L20_rodent_mod_w22.bit,tones,3991acd46657e9051419bb3fbc24ff74,OK,PASS,,,3C9F9D87573F6AD6B44E07E25251B4F8,62E4074FDC808EB13C10698EC6D4EC05,s2_tones_rodent_mod_w22.f32,4646400,6.88,675,100.0,
2025-05-11 20:29:59,rodent_mod,22,gru_L20_rodent_mod_w22.bit,sweep,913d44e192cffd1459eb55e56bdd6be1,OK,PASS,,,3C9F9D87573F6AD6B44E07E25251B4F8,CE4D2CB712C651E3442190DDD63E1EB1,s2_sweep_rodent_mod_w22.f32,1440000,2.13,676,100.0,
2025-05-11 20:30:02,rodent_mod,22,gru_L20_rodent_mod_w22.bit,silence,d051cff927d4ce28ab72215e43a2fb2b,OK,PASS,,,3C9F9D87573F6AD6B44E07E25251B4F8,B8FE4A3C7DE9323D3C772F341D324733,s2_silence_rodent_mod_w22.f32,480000,0.71,675,100.0,
2025-05-11 20:30:03,rodent_mod,22,gru_L20_rodent_mod_w22.bit,impulse,eb445918179de211aa2625a4480c4be3,OK,PASS,,,3C9F9D87573F6AD6B44E07E25251B4F8,F74292D13B40156E41D02116D0C945B0,s2_impulse_rodent_mod_w22.f32,144000,0.21,670,100.0,
2025-05-11 20:30:04,rodent_mod,22,gru_L20_rodent_mod_w22.bit,edge,fad9029aef784288d56fff14cb2f9fc3,OK,PASS,,,3C9F9D87573F6AD6B44E07E25251B4F8,37E263E72B62C923678A238882294300,s2_edge_rodent_mod_w22.f32,168000,0.25,669,100.0,
2025-05-11 20:30:14,rodent_mod,23,gru_L20_rodent_mod_w23.bit,golden,607f8f6fbf8d191b8b35c264a665a829,OK,PASS,0.000000e+00,0,6DD00642F69CA16B9FCF2B4745368F88,,,,,,100.0,
2025-05-11 20:30:14,rodent_mod,23,gru_L20_rodent_mod_w23.bit,gtr2,d9c3b0ea7a8c1dd3c4bed72e0f5f1eb5,OK,PASS,,,6DD00642F69CA16B9FCF2B4745368F88,725DB4A5BE8F2D8BF60640EE5A17E606,board_gtr2_rodent_mod_w23.f32,21103200,31.65,667,100.0,
2025-05-11 20:31:02,rodent_mod,23,gru_L20_rodent_mod_w23.bit,gtr4sg,113c073a8e9de2741f4a587f5e57f7e2,OK,PASS,,,6DD00642F69CA16B9FCF2B4745368F88,1F78A0219DE9AD147CB1186F9458062C,board_gtr4sg_rodent_mod_w23.f32,17503200,26.28,666,100.0,
2025-05-11 20:31:41,rodent_mod,23,gru_L20_rodent_mod_w23.bit,prvtgtr,b8c1371ec7a052820dfa9ceecc707da9,OK,PASS,,,6DD00642F69CA16B9FCF2B4745368F88,CADD88018984F6668DE5CDF913F9FF77,board_prvtgtr_rodent_mod_w23.f32,15151200,22.72,667,100.0,
2025-05-11 20:32:12,rodent_mod,23,gru_L20_rodent_mod_w23.bit,ytbass,1d11bfb1b6df6c3c446f7fa347527034,OK,PASS,,,6DD00642F69CA16B9FCF2B4745368F88,9A91BB44630188B4778260D3E5669653,board_ytbass_rodent_mod_w23.f32,29071200,43.69,665,100.0,
2025-05-11 20:33:15,rodent_mod,23,gru_L20_rodent_mod_w23.bit,tones,3991acd46657e9051419bb3fbc24ff74,OK,PASS,,,6DD00642F69CA16B9FCF2B4745368F88,0CD0F040856BEE5D113E340CB7CA9EEA,s2_tones_rodent_mod_w23.f32,4646400,6.96,668,100.0,
2025-05-11 20:33:23,rodent_mod,23,gru_L20_rodent_mod_w23.bit,sweep,913d44e192cffd1459eb55e56bdd6be1,OK,PASS,,,6DD00642F69CA16B9FCF2B4745368F88,9D41B33A97215652A49A16B33F1632C9,s2_sweep_rodent_mod_w23.f32,1440000,2.16,668,100.0,
2025-05-11 20:33:26,rodent_mod,23,gru_L20_rodent_mod_w23.bit,silence,d051cff927d4ce28ab72215e43a2fb2b,OK,PASS,,,6DD00642F69CA16B9FCF2B4745368F88,6DA3C4B194B0CDB316E42C6331B29964,s2_silence_rodent_mod_w23.f32,480000,0.72,663,100.0,
2025-05-11 20:33:27,rodent_mod,23,gru_L20_rodent_mod_w23.bit,impulse,eb445918179de211aa2625a4480c4be3,OK,PASS,,,6DD00642F69CA16B9FCF2B4745368F88,CB04E0028DDABE13F2773E4EFD769333,s2_impulse_rodent_mod_w23.f32,144000,0.22,660,100.0,
2025-05-11 20:33:27,rodent_mod,23,gru_L20_rodent_mod_w23.bit,edge,fad9029aef784288d56fff14cb2f9fc3,OK,PASS,,,6DD00642F69CA16B9FCF2B4745368F88,1C3C4B737F441936D22ACF36648371E5,s2_edge_rodent_mod_w23.f32,168000,0.25,663,100.0,
2025-05-11 20:33:33,rodent_mod,24,gru_L20_rodent_mod_w24.bit,golden,607f8f6fbf8d191b8b35c264a665a829,OK,PASS,0.000000e+00,0,16D214F099B4CFA8589E7CABBA51C1F8,,,,,,100.0,
2025-05-11 20:33:34,rodent_mod,24,gru_L20_rodent_mod_w24.bit,gtr2,d9c3b0ea7a8c1dd3c4bed72e0f5f1eb5,OK,PASS,,,16D214F099B4CFA8589E7CABBA51C1F8,350D04806FF7794E6BC94DE3597E738B,board_gtr2_rodent_mod_w24.f32,21103200,31.70,666,100.0,
2025-05-11 20:34:21,rodent_mod,24,gru_L20_rodent_mod_w24.bit,gtr4sg,113c073a8e9de2741f4a587f5e57f7e2,OK,PASS,,,16D214F099B4CFA8589E7CABBA51C1F8,1899C366230F2C4F0808EE6032DB473E,board_gtr4sg_rodent_mod_w24.f32,17503200,26.28,666,100.0,
2025-05-11 20:34:58,rodent_mod,24,gru_L20_rodent_mod_w24.bit,prvtgtr,b8c1371ec7a052820dfa9ceecc707da9,OK,PASS,,,16D214F099B4CFA8589E7CABBA51C1F8,DACA4D7A0B174CC0B27456CD4CA6989D,board_prvtgtr_rodent_mod_w24.f32,15151200,22.74,666,100.0,
2025-05-11 20:35:27,rodent_mod,24,gru_L20_rodent_mod_w24.bit,ytbass,1d11bfb1b6df6c3c446f7fa347527034,OK,PASS,,,16D214F099B4CFA8589E7CABBA51C1F8,EE88C290E22FC2738E966E16FF27937A,board_ytbass_rodent_mod_w24.f32,29071200,43.69,665,100.0,
2025-05-11 20:36:30,rodent_mod,24,gru_L20_rodent_mod_w24.bit,tones,3991acd46657e9051419bb3fbc24ff74,OK,PASS,,,16D214F099B4CFA8589E7CABBA51C1F8,484B27F03282F23318FC5547C5B77D55,s2_tones_rodent_mod_w24.f32,4646400,6.97,667,100.0,
2025-05-11 20:36:38,rodent_mod,24,gru_L20_rodent_mod_w24.bit,sweep,913d44e192cffd1459eb55e56bdd6be1,OK,PASS,,,16D214F099B4CFA8589E7CABBA51C1F8,2CCAF5700BFB0BC06B4846F768CF5453,s2_sweep_rodent_mod_w24.f32,1440000,2.16,666,100.0,
2025-05-11 20:36:41,rodent_mod,24,gru_L20_rodent_mod_w24.bit,silence,d051cff927d4ce28ab72215e43a2fb2b,OK,PASS,,,16D214F099B4CFA8589E7CABBA51C1F8,26288F4D4F088544114D5B20F9028806,s2_silence_rodent_mod_w24.f32,480000,0.73,662,100.0,
2025-05-11 20:36:42,rodent_mod,24,gru_L20_rodent_mod_w24.bit,impulse,eb445918179de211aa2625a4480c4be3,OK,PASS,,,16D214F099B4CFA8589E7CABBA51C1F8,FF47C201DBB539812EF347AA145318E7,s2_impulse_rodent_mod_w24.f32,144000,0.22,662,100.0,
2025-05-11 20:36:44,rodent_mod,24,gru_L20_rodent_mod_w24.bit,edge,fad9029aef784288d56fff14cb2f9fc3,OK,PASS,,,16D214F099B4CFA8589E7CABBA51C1F8,E1997078E2B33A743C04A16A729ACF3C,s2_edge_rodent_mod_w24.f32,168000,0.25,664,100.0,
2025-05-11 20:36:48,gt_max,8,gru_L20_gt_max_w8.bit,golden,607f8f6fbf8d191b8b35c264a665a829,OK,PASS,0.000000e+00,0,C23BE5293442037534658006E3CA409D,,,,,,100.0,
2025-05-11 20:36:48,gt_max,8,gru_L20_gt_max_w8.bit,gtr2,d9c3b0ea7a8c1dd3c4bed72e0f5f1eb5,OK,PASS,,,C23BE5293442037534658006E3CA409D,F5BDA6272DC4E6FC6BF46C1C8A9639C9,board_gtr2_gt_max_w8.f32,21103200,31.55,669,100.0,
2025-05-11 20:37:35,gt_max,8,gru_L20_gt_max_w8.bit,gtr4sg,113c073a8e9de2741f4a587f5e57f7e2,OK,PASS,,,C23BE5293442037534658006E3CA409D,A30883DBFC4FA690E1073D4FC37C6F9B,board_gtr4sg_gt_max_w8.f32,17503200,26.09,671,100.0,
2025-05-11 20:38:12,gt_max,8,gru_L20_gt_max_w8.bit,prvtgtr,b8c1371ec7a052820dfa9ceecc707da9,OK,PASS,,,C23BE5293442037534658006E3CA409D,3AC7A0B92D910621FCB1C0B5A668ED32,board_prvtgtr_gt_max_w8.f32,15151200,22.57,671,100.0,
2025-05-11 20:38:44,gt_max,8,gru_L20_gt_max_w8.bit,ytbass,1d11bfb1b6df6c3c446f7fa347527034,OK,PASS,,,C23BE5293442037534658006E3CA409D,BF37177D2F345F7ACBDFD71F341E6B15,board_ytbass_gt_max_w8.f32,29071200,43.42,670,100.0,
2025-05-11 20:39:45,gt_max,8,gru_L20_gt_max_w8.bit,tones,3991acd46657e9051419bb3fbc24ff74,OK,PASS,,,C23BE5293442037534658006E3CA409D,ABEA9663BCE52922BE5115F0CBF4343F,s2_tones_gt_max_w8.f32,4646400,6.92,672,100.0,
2025-05-11 20:39:54,gt_max,8,gru_L20_gt_max_w8.bit,sweep,913d44e192cffd1459eb55e56bdd6be1,OK,PASS,,,C23BE5293442037534658006E3CA409D,9D56688F3CBB0CB803679AAFC26545D1,s2_sweep_gt_max_w8.f32,1440000,2.15,671,100.0,
2025-05-11 20:39:57,gt_max,8,gru_L20_gt_max_w8.bit,silence,d051cff927d4ce28ab72215e43a2fb2b,OK,PASS,,,C23BE5293442037534658006E3CA409D,D87EFF652C30FCD006567CEE893B9E3F,s2_silence_gt_max_w8.f32,480000,0.72,665,100.0,
2025-05-11 20:39:58,gt_max,8,gru_L20_gt_max_w8.bit,impulse,eb445918179de211aa2625a4480c4be3,OK,PASS,,,C23BE5293442037534658006E3CA409D,66203E78285FE6E3490103623C8C33E2,s2_impulse_gt_max_w8.f32,144000,0.22,666,100.0,
2025-05-11 20:39:59,gt_max,8,gru_L20_gt_max_w8.bit,edge,fad9029aef784288d56fff14cb2f9fc3,OK,PASS,,,C23BE5293442037534658006E3CA409D,40E4C724DDF388B5466210C4D26839CC,s2_edge_gt_max_w8.f32,168000,0.25,666,100.0,
2025-05-11 20:40:07,gt_max,9,gru_L20_gt_max_w9.bit,golden,607f8f6fbf8d191b8b35c264a665a829,OK,PASS,0.000000e+00,0,55612FAF3442F4924EEE6F1BB26163C9,,,,,,100.0,
2025-05-11 20:40:07,gt_max,9,gru_L20_gt_max_w9.bit,gtr2,d9c3b0ea7a8c1dd3c4bed72e0f5f1eb5,OK,PASS,,,55612FAF3442F4924EEE6F1BB26163C9,7D6F04AEE88EECE253C95854376D4C43,board_gtr2_gt_max_w9.f32,21103200,31.27,675,100.0,
2025-05-11 20:40:52,gt_max,9,gru_L20_gt_max_w9.bit,gtr4sg,113c073a8e9de2741f4a587f5e57f7e2,OK,PASS,,,55612FAF3442F4924EEE6F1BB26163C9,A30A8BD86F8A410CA7D5358C86A2A258,board_gtr4sg_gt_max_w9.f32,17503200,25.91,676,100.0,
2025-05-11 20:41:27,gt_max,9,gru_L20_gt_max_w9.bit,prvtgtr,b8c1371ec7a052820dfa9ceecc707da9,OK,PASS,,,55612FAF3442F4924EEE6F1BB26163C9,5E674C9C4ECC8933B443A5DBD5E8D930,board_prvtgtr_gt_max_w9.f32,15151200,22.45,675,100.0,
2025-05-11 20:41:55,gt_max,9,gru_L20_gt_max_w9.bit,ytbass,1d11bfb1b6df6c3c446f7fa347527034,OK,PASS,,,55612FAF3442F4924EEE6F1BB26163C9,03A0189445796D2E76DD69C7E24C658E,board_ytbass_gt_max_w9.f32,29071200,43.08,675,100.0,
2025-05-11 20:42:56,gt_max,9,gru_L20_gt_max_w9.bit,tones,3991acd46657e9051419bb3fbc24ff74,OK,PASS,,,55612FAF3442F4924EEE6F1BB26163C9,B4A4CDD9ED434348FCDDD6251198CC85,s2_tones_gt_max_w9.f32,4646400,6.87,676,100.0,
2025-05-11 20:43:05,gt_max,9,gru_L20_gt_max_w9.bit,sweep,913d44e192cffd1459eb55e56bdd6be1,OK,PASS,,,55612FAF3442F4924EEE6F1BB26163C9,460F45CEC64CBE0D295A52E65A2283DF,s2_sweep_gt_max_w9.f32,1440000,2.13,676,100.0,
2025-05-11 20:43:08,gt_max,9,gru_L20_gt_max_w9.bit,silence,d051cff927d4ce28ab72215e43a2fb2b,OK,PASS,,,55612FAF3442F4924EEE6F1BB26163C9,606FC2FE02B4F3C7489DB2F7BE66FAD7,s2_silence_gt_max_w9.f32,480000,0.71,672,100.0,
2025-05-11 20:43:09,gt_max,9,gru_L20_gt_max_w9.bit,impulse,eb445918179de211aa2625a4480c4be3,OK,PASS,,,55612FAF3442F4924EEE6F1BB26163C9,9BDA621DFF410EEE8C248859D78760F1,s2_impulse_gt_max_w9.f32,144000,0.22,668,100.0,
2025-05-11 20:43:10,gt_max,9,gru_L20_gt_max_w9.bit,edge,fad9029aef784288d56fff14cb2f9fc3,OK,PASS,,,55612FAF3442F4924EEE6F1BB26163C9,236D8AD2F667FE7F37451721B78590B2,s2_edge_gt_max_w9.f32,168000,0.25,669,100.0,
2025-05-11 20:43:17,gt_max,10,gru_L20_gt_max_w10.bit,golden,607f8f6fbf8d191b8b35c264a665a829,OK,PASS,0.000000e+00,0,C3C1CF56ABE2037238D0B2F8B2CA6477,,,,,,100.0,
2025-05-11 20:43:17,gt_max,10,gru_L20_gt_max_w10.bit,gtr2,d9c3b0ea7a8c1dd3c4bed72e0f5f1eb5,OK,PASS,,,C3C1CF56ABE2037238D0B2F8B2CA6477,01960AD9A48F2C7F86D35714509B010A,board_gtr2_gt_max_w10.f32,21103200,31.25,675,100.0,
2025-05-11 20:44:01,gt_max,10,gru_L20_gt_max_w10.bit,gtr4sg,113c073a8e9de2741f4a587f5e57f7e2,OK,PASS,,,C3C1CF56ABE2037238D0B2F8B2CA6477,49DC688B5CDAEC519CCFD359BC6F18D3,board_gtr4sg_gt_max_w10.f32,17503200,25.95,674,100.0,
2025-05-11 20:44:42,gt_max,10,gru_L20_gt_max_w10.bit,prvtgtr,b8c1371ec7a052820dfa9ceecc707da9,OK,PASS,,,C3C1CF56ABE2037238D0B2F8B2CA6477,16372F4519922CCE7BAB2A8C8B9CD03E,board_prvtgtr_gt_max_w10.f32,15151200,22.45,675,100.0,
2025-05-11 20:45:15,gt_max,10,gru_L20_gt_max_w10.bit,ytbass,1d11bfb1b6df6c3c446f7fa347527034,OK,PASS,,,C3C1CF56ABE2037238D0B2F8B2CA6477,E25E7615E079A1560003AA573A4165C1,board_ytbass_gt_max_w10.f32,29071200,43.14,674,100.0,
2025-05-11 20:46:17,gt_max,10,gru_L20_gt_max_w10.bit,tones,3991acd46657e9051419bb3fbc24ff74,OK,PASS,,,C3C1CF56ABE2037238D0B2F8B2CA6477,EBEDEB6E5A0F8A125D328BA62D769A98,s2_tones_gt_max_w10.f32,4646400,6.87,676,100.0,
2025-05-11 20:46:25,gt_max,10,gru_L20_gt_max_w10.bit,sweep,913d44e192cffd1459eb55e56bdd6be1,OK,PASS,,,C3C1CF56ABE2037238D0B2F8B2CA6477,4F4F83096727DCB1A1B0BE1FB1DD86C5,s2_sweep_gt_max_w10.f32,1440000,2.13,676,100.0,
2025-05-11 20:46:28,gt_max,10,gru_L20_gt_max_w10.bit,silence,d051cff927d4ce28ab72215e43a2fb2b,OK,PASS,,,C3C1CF56ABE2037238D0B2F8B2CA6477,D499368F0819B782A0104E7D113AADC9,s2_silence_gt_max_w10.f32,480000,0.71,674,100.0,
2025-05-11 20:46:29,gt_max,10,gru_L20_gt_max_w10.bit,impulse,eb445918179de211aa2625a4480c4be3,OK,PASS,,,C3C1CF56ABE2037238D0B2F8B2CA6477,BB4CF8F835A2815644A275E25AFAE713,s2_impulse_gt_max_w10.f32,144000,0.22,669,100.0,
2025-05-11 20:46:29,gt_max,10,gru_L20_gt_max_w10.bit,edge,fad9029aef784288d56fff14cb2f9fc3,OK,PASS,,,C3C1CF56ABE2037238D0B2F8B2CA6477,9519BFFBAF04E7D21D651C8D7D41A64B,s2_edge_gt_max_w10.f32,168000,0.25,672,100.0,
2025-05-11 20:46:36,gt_max,11,gru_L20_gt_max_w11.bit,golden,607f8f6fbf8d191b8b35c264a665a829,OK,PASS,0.000000e+00,0,C17092C21B16BE31BDE5DE01EC21C22B,,,,,,100.0,
2025-05-11 20:46:36,gt_max,11,gru_L20_gt_max_w11.bit,gtr2,d9c3b0ea7a8c1dd3c4bed72e0f5f1eb5,OK,PASS,,,C17092C21B16BE31BDE5DE01EC21C22B,FD5A80B591CDC14773524723E25301E2,board_gtr2_gt_max_w11.f32,21103200,31.23,676,100.0,
2025-05-11 20:47:21,gt_max,11,gru_L20_gt_max_w11.bit,gtr4sg,113c073a8e9de2741f4a587f5e57f7e2,OK,PASS,,,C17092C21B16BE31BDE5DE01EC21C22B,46D0DC3C0D18FB6BA89FA6A6E318A209,board_gtr4sg_gt_max_w11.f32,17503200,25.93,675,100.0,
2025-05-11 20:47:57,gt_max,11,gru_L20_gt_max_w11.bit,prvtgtr,b8c1371ec7a052820dfa9ceecc707da9,OK,PASS,,,C17092C21B16BE31BDE5DE01EC21C22B,916501CDE5CA47D623C38567817569BF,board_prvtgtr_gt_max_w11.f32,15151200,22.43,675,100.0,
2025-05-11 20:48:28,gt_max,11,gru_L20_gt_max_w11.bit,ytbass,1d11bfb1b6df6c3c446f7fa347527034,OK,PASS,,,C17092C21B16BE31BDE5DE01EC21C22B,A9C35E7F54C0DA6C4F319A805D83C9B3,board_ytbass_gt_max_w11.f32,29071200,43.09,675,100.0,
2025-05-11 20:49:26,gt_max,11,gru_L20_gt_max_w11.bit,tones,3991acd46657e9051419bb3fbc24ff74,OK,PASS,,,C17092C21B16BE31BDE5DE01EC21C22B,8E66335D62685D48289C0A77C0BB4E05,s2_tones_gt_max_w11.f32,4646400,6.87,676,100.0,
2025-05-11 20:49:35,gt_max,11,gru_L20_gt_max_w11.bit,sweep,913d44e192cffd1459eb55e56bdd6be1,OK,PASS,,,C17092C21B16BE31BDE5DE01EC21C22B,80237150EC93D1AEDD3CB33158E0DFEF,s2_sweep_gt_max_w11.f32,1440000,2.13,675,100.0,
2025-05-11 20:49:38,gt_max,11,gru_L20_gt_max_w11.bit,silence,d051cff927d4ce28ab72215e43a2fb2b,OK,PASS,,,C17092C21B16BE31BDE5DE01EC21C22B,2C69936D65CDAFC661EC0A8E04CC565F,s2_silence_gt_max_w11.f32,480000,0.71,674,100.0,
2025-05-11 20:49:39,gt_max,11,gru_L20_gt_max_w11.bit,impulse,eb445918179de211aa2625a4480c4be3,OK,PASS,,,C17092C21B16BE31BDE5DE01EC21C22B,353A8CEABA7E1C6D75F2710BE4012FAF,s2_impulse_gt_max_w11.f32,144000,0.22,666,100.0,
2025-05-11 20:49:39,gt_max,11,gru_L20_gt_max_w11.bit,edge,fad9029aef784288d56fff14cb2f9fc3,OK,PASS,,,C17092C21B16BE31BDE5DE01EC21C22B,F680C7854E5937120EF967A801EE5452,s2_edge_gt_max_w11.f32,168000,0.25,665,100.0,
2025-05-11 20:49:50,gt_max,12,gru_L20_gt_max_w12.bit,golden,607f8f6fbf8d191b8b35c264a665a829,OK,PASS,0.000000e+00,0,80C932563453B2E295812397E9A32D2B,,,,,,100.0,
2025-05-11 20:49:50,gt_max,12,gru_L20_gt_max_w12.bit,gtr2,d9c3b0ea7a8c1dd3c4bed72e0f5f1eb5,OK,PASS,,,80C932563453B2E295812397E9A32D2B,8DB086B18F033AC97297FCA63A274FEC,board_gtr2_gt_max_w12.f32,21103200,31.29,674,100.0,
2025-05-11 20:50:38,gt_max,12,gru_L20_gt_max_w12.bit,gtr4sg,113c073a8e9de2741f4a587f5e57f7e2,OK,PASS,,,80C932563453B2E295812397E9A32D2B,A8E229A94925B6274C721F68B123F769,board_gtr4sg_gt_max_w12.f32,17503200,25.90,676,100.0,
2025-05-11 20:51:16,gt_max,12,gru_L20_gt_max_w12.bit,prvtgtr,b8c1371ec7a052820dfa9ceecc707da9,OK,PASS,,,80C932563453B2E295812397E9A32D2B,AE0B6778425D6DD595A081F619840518,board_prvtgtr_gt_max_w12.f32,15151200,22.41,676,100.0,
2025-05-11 20:51:48,gt_max,12,gru_L20_gt_max_w12.bit,ytbass,1d11bfb1b6df6c3c446f7fa347527034,OK,PASS,,,80C932563453B2E295812397E9A32D2B,F253C30176234D5A23AFE70FE5C09FA3,board_ytbass_gt_max_w12.f32,29071200,43.07,675,100.0,
2025-05-11 20:52:49,gt_max,12,gru_L20_gt_max_w12.bit,tones,3991acd46657e9051419bb3fbc24ff74,OK,PASS,,,80C932563453B2E295812397E9A32D2B,1A4FBB15F3AEE029480707B798855375,s2_tones_gt_max_w12.f32,4646400,6.87,676,100.0,
2025-05-11 20:52:58,gt_max,12,gru_L20_gt_max_w12.bit,sweep,913d44e192cffd1459eb55e56bdd6be1,OK,PASS,,,80C932563453B2E295812397E9A32D2B,7A6088FAAFCB8466C24CC80B2C1127B4,s2_sweep_gt_max_w12.f32,1440000,2.13,677,100.0,
2025-05-11 20:53:02,gt_max,12,gru_L20_gt_max_w12.bit,silence,d051cff927d4ce28ab72215e43a2fb2b,OK,PASS,,,80C932563453B2E295812397E9A32D2B,479359A94284B8939DDF3BC0E92B9BB6,s2_silence_gt_max_w12.f32,480000,0.71,675,100.0,
2025-05-11 20:53:02,gt_max,12,gru_L20_gt_max_w12.bit,impulse,eb445918179de211aa2625a4480c4be3,OK,PASS,,,80C932563453B2E295812397E9A32D2B,D6E9A9B0653D99DADC07310B37580424,s2_impulse_gt_max_w12.f32,144000,0.22,658,100.0,
2025-05-11 20:53:03,gt_max,12,gru_L20_gt_max_w12.bit,edge,fad9029aef784288d56fff14cb2f9fc3,OK,PASS,,,80C932563453B2E295812397E9A32D2B,4BEDD6568E5FB6CAC4CC3D238B4440F3,s2_edge_gt_max_w12.f32,168000,0.25,672,100.0,
2025-05-11 20:53:09,gt_max,13,gru_L20_gt_max_w13.bit,golden,607f8f6fbf8d191b8b35c264a665a829,OK,PASS,0.000000e+00,0,A9282A143A95F98397B02DB592016E4E,,,,,,100.0,
2025-05-11 20:53:09,gt_max,13,gru_L20_gt_max_w13.bit,gtr2,d9c3b0ea7a8c1dd3c4bed72e0f5f1eb5,OK,PASS,,,A9282A143A95F98397B02DB592016E4E,96F046B6838C5CB1D7B082C400ACBE4E,board_gtr2_gt_max_w13.f32,21103200,31.27,675,100.0,
2025-05-11 20:53:57,gt_max,13,gru_L20_gt_max_w13.bit,gtr4sg,113c073a8e9de2741f4a587f5e57f7e2,OK,PASS,,,A9282A143A95F98397B02DB592016E4E,E802C4C3124986F29901A04832F7E3EC,board_gtr4sg_gt_max_w13.f32,17503200,25.93,675,100.0,
2025-05-11 20:54:34,gt_max,13,gru_L20_gt_max_w13.bit,prvtgtr,b8c1371ec7a052820dfa9ceecc707da9,OK,PASS,,,A9282A143A95F98397B02DB592016E4E,88E56C1DD2F19F1A18BB6748B39ED080,board_prvtgtr_gt_max_w13.f32,15151200,22.43,675,100.0,
2025-05-11 20:55:04,gt_max,13,gru_L20_gt_max_w13.bit,ytbass,1d11bfb1b6df6c3c446f7fa347527034,OK,PASS,,,A9282A143A95F98397B02DB592016E4E,206A0F9CFA0B11D5FE8C89F77495C330,board_ytbass_gt_max_w13.f32,29071200,43.09,675,100.0,
2025-05-11 20:56:08,gt_max,13,gru_L20_gt_max_w13.bit,tones,3991acd46657e9051419bb3fbc24ff74,OK,PASS,,,A9282A143A95F98397B02DB592016E4E,299269C2C057B35721A1E6A4D79F70D3,s2_tones_gt_max_w13.f32,4646400,6.87,676,100.0,
2025-05-11 20:56:16,gt_max,13,gru_L20_gt_max_w13.bit,sweep,913d44e192cffd1459eb55e56bdd6be1,OK,PASS,,,A9282A143A95F98397B02DB592016E4E,49F370373104C9497F47904ACFC96F83,s2_sweep_gt_max_w13.f32,1440000,2.13,676,100.0,
2025-05-11 20:56:19,gt_max,13,gru_L20_gt_max_w13.bit,silence,d051cff927d4ce28ab72215e43a2fb2b,OK,PASS,,,A9282A143A95F98397B02DB592016E4E,4785D1FED9C05FFCD1CFCD2F79A9E079,s2_silence_gt_max_w13.f32,480000,0.71,675,100.0,
2025-05-11 20:56:20,gt_max,13,gru_L20_gt_max_w13.bit,impulse,eb445918179de211aa2625a4480c4be3,OK,PASS,,,A9282A143A95F98397B02DB592016E4E,973C0D3BF29A8B5FEDDD3F1410101531,s2_impulse_gt_max_w13.f32,144000,0.22,667,100.0,
2025-05-11 20:56:20,gt_max,13,gru_L20_gt_max_w13.bit,edge,fad9029aef784288d56fff14cb2f9fc3,OK,PASS,,,A9282A143A95F98397B02DB592016E4E,11875F942CB58D1F4FF7DF1ABD37B091,s2_edge_gt_max_w13.f32,168000,0.25,668,100.0,
2025-05-11 20:56:32,gt_max,14,gru_L20_gt_max_w14.bit,golden,607f8f6fbf8d191b8b35c264a665a829,OK,PASS,0.000000e+00,0,2B197E0ADBF701AA661D60D272F85114,,,,,,100.0,
2025-05-11 20:56:32,gt_max,14,gru_L20_gt_max_w14.bit,gtr2,d9c3b0ea7a8c1dd3c4bed72e0f5f1eb5,OK,PASS,,,2B197E0ADBF701AA661D60D272F85114,E24AC8D256680A5FD2D19556F4579B8C,board_gtr2_gt_max_w14.f32,21103200,31.69,666,100.0,
2025-05-11 20:57:20,gt_max,14,gru_L20_gt_max_w14.bit,gtr4sg,113c073a8e9de2741f4a587f5e57f7e2,OK,PASS,,,2B197E0ADBF701AA661D60D272F85114,2CB09853997037781976192EC4E19B1D,board_gtr4sg_gt_max_w14.f32,17503200,26.28,666,100.0,
2025-05-11 20:57:58,gt_max,14,gru_L20_gt_max_w14.bit,prvtgtr,b8c1371ec7a052820dfa9ceecc707da9,OK,PASS,,,2B197E0ADBF701AA661D60D272F85114,F6CC6955553EA25AE21523E909DCCD06,board_prvtgtr_gt_max_w14.f32,15151200,22.72,667,100.0,
2025-05-11 20:58:31,gt_max,14,gru_L20_gt_max_w14.bit,ytbass,1d11bfb1b6df6c3c446f7fa347527034,OK,PASS,,,2B197E0ADBF701AA661D60D272F85114,6C6075B611C8E279FC30DB576A7F26EA,board_ytbass_gt_max_w14.f32,29071200,43.67,666,100.0,
2025-05-11 20:59:32,gt_max,14,gru_L20_gt_max_w14.bit,tones,3991acd46657e9051419bb3fbc24ff74,OK,PASS,,,2B197E0ADBF701AA661D60D272F85114,2D4EA5A7957433763C6970D1A821CAE2,s2_tones_gt_max_w14.f32,4646400,6.96,668,100.0,
2025-05-11 20:59:41,gt_max,14,gru_L20_gt_max_w14.bit,sweep,913d44e192cffd1459eb55e56bdd6be1,OK,PASS,,,2B197E0ADBF701AA661D60D272F85114,0155E396233F65AF1069AA3AB9C1EB00,s2_sweep_gt_max_w14.f32,1440000,2.16,667,100.0,
2025-05-11 20:59:43,gt_max,14,gru_L20_gt_max_w14.bit,silence,d051cff927d4ce28ab72215e43a2fb2b,OK,PASS,,,2B197E0ADBF701AA661D60D272F85114,EF404D13F9406E5B2A245EC5B628C5B4,s2_silence_gt_max_w14.f32,480000,0.73,660,100.0,
2025-05-11 20:59:44,gt_max,14,gru_L20_gt_max_w14.bit,impulse,eb445918179de211aa2625a4480c4be3,OK,PASS,,,2B197E0ADBF701AA661D60D272F85114,D0C432036E4EDE8EB481B690DF400159,s2_impulse_gt_max_w14.f32,144000,0.22,661,100.0,
2025-05-11 20:59:45,gt_max,14,gru_L20_gt_max_w14.bit,edge,fad9029aef784288d56fff14cb2f9fc3,OK,PASS,,,2B197E0ADBF701AA661D60D272F85114,924F8EDB2FBC0E44B977299BD0DC7E5A,s2_edge_gt_max_w14.f32,168000,0.25,662,100.0,
2025-05-11 20:59:52,gt_max,15,gru_L20_gt_max_w15.bit,golden,607f8f6fbf8d191b8b35c264a665a829,OK,PASS,0.000000e+00,0,22B28D2EB363E60FB65308003BC22E40,,,,,,100.0,
2025-05-11 20:59:52,gt_max,15,gru_L20_gt_max_w15.bit,gtr2,d9c3b0ea7a8c1dd3c4bed72e0f5f1eb5,OK,PASS,,,22B28D2EB363E60FB65308003BC22E40,733AE3073F407350EAB7FDD9419E9F07,board_gtr2_gt_max_w15.f32,21103200,31.67,666,100.0,
2025-05-11 21:00:40,gt_max,15,gru_L20_gt_max_w15.bit,gtr4sg,113c073a8e9de2741f4a587f5e57f7e2,OK,PASS,,,22B28D2EB363E60FB65308003BC22E40,5161029249B6AC77E93C0AD551A8284D,board_gtr4sg_gt_max_w15.f32,17503200,26.26,667,100.0,
2025-05-11 21:01:18,gt_max,15,gru_L20_gt_max_w15.bit,prvtgtr,b8c1371ec7a052820dfa9ceecc707da9,OK,PASS,,,22B28D2EB363E60FB65308003BC22E40,A94725C1005AED7810EC5867D1E3D873,board_prvtgtr_gt_max_w15.f32,15151200,22.73,667,100.0,
2025-05-11 21:01:49,gt_max,15,gru_L20_gt_max_w15.bit,ytbass,1d11bfb1b6df6c3c446f7fa347527034,OK,PASS,,,22B28D2EB363E60FB65308003BC22E40,CCC993AD7BC0CB3BC1997BE521F043CB,board_ytbass_gt_max_w15.f32,29071200,43.73,665,100.0,
2025-05-11 21:02:57,gt_max,15,gru_L20_gt_max_w15.bit,tones,3991acd46657e9051419bb3fbc24ff74,OK,PASS,,,22B28D2EB363E60FB65308003BC22E40,2389F253DACCB794C02CF0D15D27A69B,s2_tones_gt_max_w15.f32,4646400,6.96,667,100.0,
2025-05-11 21:03:05,gt_max,15,gru_L20_gt_max_w15.bit,sweep,913d44e192cffd1459eb55e56bdd6be1,OK,PASS,,,22B28D2EB363E60FB65308003BC22E40,58504001BF9951DCA4F812F88C837A94,s2_sweep_gt_max_w15.f32,1440000,2.16,667,100.0,
2025-05-11 21:03:08,gt_max,15,gru_L20_gt_max_w15.bit,silence,d051cff927d4ce28ab72215e43a2fb2b,OK,PASS,,,22B28D2EB363E60FB65308003BC22E40,BEE88567C112CF88FF5EFA34B6D0D628,s2_silence_gt_max_w15.f32,480000,0.72,665,100.0,
2025-05-11 21:03:09,gt_max,15,gru_L20_gt_max_w15.bit,impulse,eb445918179de211aa2625a4480c4be3,OK,PASS,,,22B28D2EB363E60FB65308003BC22E40,50EE75C8E9A08FA5531BBCA5B6436778,s2_impulse_gt_max_w15.f32,144000,0.22,659,100.0,
2025-05-11 21:03:09,gt_max,15,gru_L20_gt_max_w15.bit,edge,fad9029aef784288d56fff14cb2f9fc3,OK,PASS,,,22B28D2EB363E60FB65308003BC22E40,1EBFC8E47B4700B9CEFD0B1EAFE4D086,s2_edge_gt_max_w15.f32,168000,0.26,658,100.0,
2025-05-11 21:03:15,gt_max,16,gru_L20_gt_max_w16.bit,golden,607f8f6fbf8d191b8b35c264a665a829,OK,PASS,0.000000e+00,0,233C7737691D6A92CF7E840D656146B0,,,,,,100.0,
2025-05-11 21:03:15,gt_max,16,gru_L20_gt_max_w16.bit,gtr2,d9c3b0ea7a8c1dd3c4bed72e0f5f1eb5,OK,PASS,,,233C7737691D6A92CF7E840D656146B0,AE64B8205EE8A0A7DA01340D07487CC5,board_gtr2_gt_max_w16.f32,21103200,31.71,665,100.0,
2025-05-11 21:04:03,gt_max,16,gru_L20_gt_max_w16.bit,gtr4sg,113c073a8e9de2741f4a587f5e57f7e2,OK,PASS,,,233C7737691D6A92CF7E840D656146B0,4A9AEDB43A0F5B67D03CE38878DE24C6,board_gtr4sg_gt_max_w16.f32,17503200,26.27,666,100.0,
2025-05-11 21:04:39,gt_max,16,gru_L20_gt_max_w16.bit,prvtgtr,b8c1371ec7a052820dfa9ceecc707da9,OK,PASS,,,233C7737691D6A92CF7E840D656146B0,35AC25DBE417287D5061FBEA876A8F87,board_prvtgtr_gt_max_w16.f32,15151200,22.72,667,100.0,
2025-05-11 21:05:18,gt_max,16,gru_L20_gt_max_w16.bit,ytbass,1d11bfb1b6df6c3c446f7fa347527034,OK,PASS,,,233C7737691D6A92CF7E840D656146B0,1D4D8CE2E509E4CD66FBF6F87CBBC022,board_ytbass_gt_max_w16.f32,29071200,43.67,666,100.0,
2025-05-11 21:06:22,gt_max,16,gru_L20_gt_max_w16.bit,tones,3991acd46657e9051419bb3fbc24ff74,OK,PASS,,,233C7737691D6A92CF7E840D656146B0,0FBE3CA82F41288A87A1C34AC5536956,s2_tones_gt_max_w16.f32,4646400,6.97,667,100.0,
2025-05-11 21:06:33,gt_max,16,gru_L20_gt_max_w16.bit,sweep,913d44e192cffd1459eb55e56bdd6be1,OK,PASS,,,233C7737691D6A92CF7E840D656146B0,013A3B5E1AF5CE58D1D9921A42B790B0,s2_sweep_gt_max_w16.f32,1440000,2.16,667,100.0,
2025-05-11 21:06:35,gt_max,16,gru_L20_gt_max_w16.bit,silence,d051cff927d4ce28ab72215e43a2fb2b,OK,PASS,,,233C7737691D6A92CF7E840D656146B0,D678F95BD83DE64E3758C7D3D3096877,s2_silence_gt_max_w16.f32,480000,0.73,659,100.0,
2025-05-11 21:06:36,gt_max,16,gru_L20_gt_max_w16.bit,impulse,eb445918179de211aa2625a4480c4be3,OK,PASS,,,233C7737691D6A92CF7E840D656146B0,87BE0712FB0C33AAB8BE02EB7FF4DAB5,s2_impulse_gt_max_w16.f32,144000,0.22,653,100.0,
2025-05-11 21:06:36,gt_max,16,gru_L20_gt_max_w16.bit,edge,fad9029aef784288d56fff14cb2f9fc3,OK,PASS,,,233C7737691D6A92CF7E840D656146B0,10C91E0F1B946F0645029005D02C70D6,s2_edge_gt_max_w16.f32,168000,0.25,659,100.0,
2025-05-11 21:06:47,gt_max,17,gru_L20_gt_max_w17.bit,golden,607f8f6fbf8d191b8b35c264a665a829,OK,PASS,0.000000e+00,0,207A1848D151E54D53DF22C69C361C3B,,,,,,100.0,
2025-05-11 21:06:47,gt_max,17,gru_L20_gt_max_w17.bit,gtr2,d9c3b0ea7a8c1dd3c4bed72e0f5f1eb5,OK,PASS,,,207A1848D151E54D53DF22C69C361C3B,8A15D802969A294D3404FF9C8A8E8B19,board_gtr2_gt_max_w17.f32,21103200,31.73,665,100.0,
2025-05-11 21:07:31,gt_max,17,gru_L20_gt_max_w17.bit,gtr4sg,113c073a8e9de2741f4a587f5e57f7e2,OK,PASS,,,207A1848D151E54D53DF22C69C361C3B,4842DFD7302259F89A6289B83280D1E6,board_gtr4sg_gt_max_w17.f32,17503200,26.24,667,100.0,
2025-05-11 21:08:09,gt_max,17,gru_L20_gt_max_w17.bit,prvtgtr,b8c1371ec7a052820dfa9ceecc707da9,OK,PASS,,,207A1848D151E54D53DF22C69C361C3B,2A0D0E4EA029DA429D88D0C6A2587E5F,board_prvtgtr_gt_max_w17.f32,15151200,22.74,666,100.0,
2025-05-11 21:08:46,gt_max,17,gru_L20_gt_max_w17.bit,ytbass,1d11bfb1b6df6c3c446f7fa347527034,OK,PASS,,,207A1848D151E54D53DF22C69C361C3B,C67F697CD1413E80219A9F07FF8319CD,board_ytbass_gt_max_w17.f32,29071200,43.70,665,100.0,
2025-05-11 21:09:53,gt_max,17,gru_L20_gt_max_w17.bit,tones,3991acd46657e9051419bb3fbc24ff74,OK,PASS,,,207A1848D151E54D53DF22C69C361C3B,31A27733C5EE9FAEBDC7948D3B5DDC68,s2_tones_gt_max_w17.f32,4646400,6.98,666,100.0,
2025-05-11 21:10:07,gt_max,17,gru_L20_gt_max_w17.bit,sweep,913d44e192cffd1459eb55e56bdd6be1,OK,PASS,,,207A1848D151E54D53DF22C69C361C3B,9BBDA4238BDD064A702511106A830CB9,s2_sweep_gt_max_w17.f32,1440000,2.16,667,100.0,
2025-05-11 21:10:10,gt_max,17,gru_L20_gt_max_w17.bit,silence,d051cff927d4ce28ab72215e43a2fb2b,OK,PASS,,,207A1848D151E54D53DF22C69C361C3B,BB65A1861131807F1EB32B7005E1FF0B,s2_silence_gt_max_w17.f32,480000,0.72,665,100.0,
2025-05-11 21:10:10,gt_max,17,gru_L20_gt_max_w17.bit,impulse,eb445918179de211aa2625a4480c4be3,OK,PASS,,,207A1848D151E54D53DF22C69C361C3B,9C50ECCA164224BC912C0F4413D4609E,s2_impulse_gt_max_w17.f32,144000,0.22,658,100.0,
2025-05-11 21:10:11,gt_max,17,gru_L20_gt_max_w17.bit,edge,fad9029aef784288d56fff14cb2f9fc3,OK,PASS,,,207A1848D151E54D53DF22C69C361C3B,9E87AE9CB4506636E389B987B5FB73FA,s2_edge_gt_max_w17.f32,168000,0.25,664,100.0,
2025-05-11 21:10:20,gt_max,18,gru_L20_gt_max_w18.bit,golden,607f8f6fbf8d191b8b35c264a665a829,OK,PASS,0.000000e+00,0,CF992A27AEA9BFA4FD54613C04C9A0B1,,,,,,100.0,
2025-05-11 21:10:20,gt_max,18,gru_L20_gt_max_w18.bit,gtr2,d9c3b0ea7a8c1dd3c4bed72e0f5f1eb5,OK,PASS,,,CF992A27AEA9BFA4FD54613C04C9A0B1,33F952079EBE3E374CA18C87FE776DCD,board_gtr2_gt_max_w18.f32,21103200,31.71,666,100.0,
2025-05-11 21:11:05,gt_max,18,gru_L20_gt_max_w18.bit,gtr4sg,113c073a8e9de2741f4a587f5e57f7e2,OK,PASS,,,CF992A27AEA9BFA4FD54613C04C9A0B1,963DC7287C3631B4E2BA6AFD8FDCBBDF,board_gtr4sg_gt_max_w18.f32,17503200,26.28,666,100.0,
2025-05-11 21:11:44,gt_max,18,gru_L20_gt_max_w18.bit,prvtgtr,b8c1371ec7a052820dfa9ceecc707da9,OK,PASS,,,CF992A27AEA9BFA4FD54613C04C9A0B1,FD2625FD60309ACDF955BCFFA609D9E6,board_prvtgtr_gt_max_w18.f32,15151200,22.72,667,100.0,
2025-05-11 21:12:18,gt_max,18,gru_L20_gt_max_w18.bit,ytbass,1d11bfb1b6df6c3c446f7fa347527034,OK,PASS,,,CF992A27AEA9BFA4FD54613C04C9A0B1,D332B692D1F930EA642427BEF0CB7A12,board_ytbass_gt_max_w18.f32,29071200,43.66,666,100.0,
2025-05-11 21:13:19,gt_max,18,gru_L20_gt_max_w18.bit,tones,3991acd46657e9051419bb3fbc24ff74,OK,PASS,,,CF992A27AEA9BFA4FD54613C04C9A0B1,9153EF931E8FD0603B6F7CF3B9A02FD3,s2_tones_gt_max_w18.f32,4646400,6.97,667,100.0,
2025-05-11 21:13:27,gt_max,18,gru_L20_gt_max_w18.bit,sweep,913d44e192cffd1459eb55e56bdd6be1,OK,PASS,,,CF992A27AEA9BFA4FD54613C04C9A0B1,B3B8330A305D3B0986A334BBD4B85519,s2_sweep_gt_max_w18.f32,1440000,2.16,668,100.0,
2025-05-11 21:13:30,gt_max,18,gru_L20_gt_max_w18.bit,silence,d051cff927d4ce28ab72215e43a2fb2b,OK,PASS,,,CF992A27AEA9BFA4FD54613C04C9A0B1,30AC06433F19A26FF771A92D8B3F7F9F,s2_silence_gt_max_w18.f32,480000,0.72,664,100.0,
2025-05-11 21:13:31,gt_max,18,gru_L20_gt_max_w18.bit,impulse,eb445918179de211aa2625a4480c4be3,OK,PASS,,,CF992A27AEA9BFA4FD54613C04C9A0B1,066693E15845CE5303746F5C4FEEE0BB,s2_impulse_gt_max_w18.f32,144000,0.22,658,100.0,
2025-05-11 21:13:31,gt_max,18,gru_L20_gt_max_w18.bit,edge,fad9029aef784288d56fff14cb2f9fc3,OK,PASS,,,CF992A27AEA9BFA4FD54613C04C9A0B1,9B03C3135F60A7A3EF8840D2B1239000,s2_edge_gt_max_w18.f32,168000,0.25,664,100.0,
2025-05-11 23:10:05,gt_max,19,gru_L20_gt_max_w19.bit,golden,607f8f6fbf8d191b8b35c264a665a829,OK,PASS,0.000000e+00,0,E163B60ABE8DAB77E1107B32CD488872,,,,,,100.0,
2025-05-11 23:10:05,gt_max,19,gru_L20_gt_max_w19.bit,gtr2,d9c3b0ea7a8c1dd3c4bed72e0f5f1eb5,OK,PASS,,,E163B60ABE8DAB77E1107B32CD488872,76F3857C5BA777987DA2207CF871DA10,board_gtr2_gt_max_w19.f32,21103200,31.66,667,100.0,
2025-05-11 23:10:53,gt_max,19,gru_L20_gt_max_w19.bit,gtr4sg,113c073a8e9de2741f4a587f5e57f7e2,OK,PASS,,,E163B60ABE8DAB77E1107B32CD488872,1A1A5E598D3665FCF97B10CCA7483B25,board_gtr4sg_gt_max_w19.f32,17503200,26.25,667,100.0,
2025-05-11 23:11:30,gt_max,19,gru_L20_gt_max_w19.bit,prvtgtr,b8c1371ec7a052820dfa9ceecc707da9,OK,PASS,,,E163B60ABE8DAB77E1107B32CD488872,AB92444EB2C7E45F05D3B63BFF7C49D9,board_prvtgtr_gt_max_w19.f32,15151200,22.71,667,100.0,
2025-05-11 23:12:06,gt_max,19,gru_L20_gt_max_w19.bit,ytbass,1d11bfb1b6df6c3c446f7fa347527034,OK,PASS,,,E163B60ABE8DAB77E1107B32CD488872,D3868F2BBA850B68F37E14ACC1ADED54,board_ytbass_gt_max_w19.f32,29071200,43.71,665,100.0,
2025-05-11 23:13:12,gt_max,19,gru_L20_gt_max_w19.bit,tones,3991acd46657e9051419bb3fbc24ff74,OK,PASS,,,E163B60ABE8DAB77E1107B32CD488872,9C32F199367960BD22000BB7713882E2,s2_tones_gt_max_w19.f32,4646400,6.97,667,100.0,
2025-05-11 23:13:20,gt_max,19,gru_L20_gt_max_w19.bit,sweep,913d44e192cffd1459eb55e56bdd6be1,OK,PASS,,,E163B60ABE8DAB77E1107B32CD488872,2C501FD62195DF6A7E196EF6C1190616,s2_sweep_gt_max_w19.f32,1440000,2.16,668,100.0,
2025-05-11 23:13:23,gt_max,19,gru_L20_gt_max_w19.bit,silence,d051cff927d4ce28ab72215e43a2fb2b,OK,PASS,,,E163B60ABE8DAB77E1107B32CD488872,9E0BD0C55F702B56AECD37F78B91AB78,s2_silence_gt_max_w19.f32,480000,0.72,665,100.0,
2025-05-11 23:13:24,gt_max,19,gru_L20_gt_max_w19.bit,impulse,eb445918179de211aa2625a4480c4be3,OK,PASS,,,E163B60ABE8DAB77E1107B32CD488872,503A9ED3EFB8F82173904767137C2F95,s2_impulse_gt_max_w19.f32,144000,0.22,652,100.0,
2025-05-11 23:13:25,gt_max,19,gru_L20_gt_max_w19.bit,edge,fad9029aef784288d56fff14cb2f9fc3,OK,PASS,,,E163B60ABE8DAB77E1107B32CD488872,A2EBCC15EAB8D3D9B136CFAD5B3D425D,s2_edge_gt_max_w19.f32,168000,0.29,570,100.0,
2025-05-11 23:13:30,gt_max,20,gru_L20_gt_max_w20.bit,golden,607f8f6fbf8d191b8b35c264a665a829,OK,PASS,0.000000e+00,0,4DAA5174115706A34BEBD2522E2E24BB,,,,,,100.0,
2025-05-11 23:13:30,gt_max,20,gru_L20_gt_max_w20.bit,gtr2,d9c3b0ea7a8c1dd3c4bed72e0f5f1eb5,OK,PASS,,,4DAA5174115706A34BEBD2522E2E24BB,D7FF778BB274FA613822FECBEE805158,board_gtr2_gt_max_w20.f32,21103200,31.66,666,100.0,
2025-05-11 23:14:20,gt_max,20,gru_L20_gt_max_w20.bit,gtr4sg,113c073a8e9de2741f4a587f5e57f7e2,OK,PASS,,,4DAA5174115706A34BEBD2522E2E24BB,E895AB76B99D0F1A831D35F33E3EDA86,board_gtr4sg_gt_max_w20.f32,17503200,26.26,667,100.0,
2025-05-11 23:14:56,gt_max,20,gru_L20_gt_max_w20.bit,prvtgtr,b8c1371ec7a052820dfa9ceecc707da9,OK,PASS,,,4DAA5174115706A34BEBD2522E2E24BB,C7502E3218E76FB70B47FDF0B933E252,board_prvtgtr_gt_max_w20.f32,15151200,22.76,666,100.0,
2025-05-11 23:15:27,gt_max,20,gru_L20_gt_max_w20.bit,ytbass,1d11bfb1b6df6c3c446f7fa347527034,OK,PASS,,,4DAA5174115706A34BEBD2522E2E24BB,A0596325D5AE497362FBB97E0A849C98,board_ytbass_gt_max_w20.f32,29071200,43.69,665,100.0,
2025-05-11 23:16:28,gt_max,20,gru_L20_gt_max_w20.bit,tones,3991acd46657e9051419bb3fbc24ff74,OK,PASS,,,4DAA5174115706A34BEBD2522E2E24BB,6C7A4A78EB99F6F33DBD7ABC8A2DBBCF,s2_tones_gt_max_w20.f32,4646400,6.97,666,100.0,
2025-05-11 23:16:37,gt_max,20,gru_L20_gt_max_w20.bit,sweep,913d44e192cffd1459eb55e56bdd6be1,OK,PASS,,,4DAA5174115706A34BEBD2522E2E24BB,1755100B1728C0CD4C787B7D94A9B723,s2_sweep_gt_max_w20.f32,1440000,2.17,662,100.0,
2025-05-11 23:16:39,gt_max,20,gru_L20_gt_max_w20.bit,silence,d051cff927d4ce28ab72215e43a2fb2b,OK,PASS,,,4DAA5174115706A34BEBD2522E2E24BB,2A1B9B0CF23457C48B81FF7524F841B6,s2_silence_gt_max_w20.f32,480000,0.73,659,100.0,
2025-05-11 23:16:40,gt_max,20,gru_L20_gt_max_w20.bit,impulse,eb445918179de211aa2625a4480c4be3,OK,PASS,,,4DAA5174115706A34BEBD2522E2E24BB,F3368C0576AD0DA9F5804A9C4A31CDAA,s2_impulse_gt_max_w20.f32,144000,0.22,652,100.0,
2025-05-11 23:16:41,gt_max,20,gru_L20_gt_max_w20.bit,edge,fad9029aef784288d56fff14cb2f9fc3,OK,PASS,,,4DAA5174115706A34BEBD2522E2E24BB,5D8798EA101B96CF786D5A259FE8199D,s2_edge_gt_max_w20.f32,168000,0.25,663,100.0,
2025-05-11 23:16:46,gt_max,21,gru_L20_gt_max_w21.bit,golden,607f8f6fbf8d191b8b35c264a665a829,OK,PASS,0.000000e+00,0,AC0128DB46C59B1BC03096DF9E84E575,,,,,,100.0,
2025-05-11 23:16:46,gt_max,21,gru_L20_gt_max_w21.bit,gtr2,d9c3b0ea7a8c1dd3c4bed72e0f5f1eb5,OK,PASS,,,AC0128DB46C59B1BC03096DF9E84E575,508BA912B64D05E1E4F43E0F90E8C3D0,board_gtr2_gt_max_w21.f32,21103200,31.69,666,100.0,
2025-05-11 23:17:35,gt_max,21,gru_L20_gt_max_w21.bit,gtr4sg,113c073a8e9de2741f4a587f5e57f7e2,OK,PASS,,,AC0128DB46C59B1BC03096DF9E84E575,44D716A5C930616D95FB36D21B1B6388,board_gtr4sg_gt_max_w21.f32,17503200,26.27,666,100.0,
2025-05-11 23:18:08,gt_max,21,gru_L20_gt_max_w21.bit,prvtgtr,b8c1371ec7a052820dfa9ceecc707da9,OK,PASS,,,AC0128DB46C59B1BC03096DF9E84E575,D7435EBD8257AC2BB017494EC88A0A76,board_prvtgtr_gt_max_w21.f32,15151200,22.73,666,100.0,
2025-05-11 23:18:45,gt_max,21,gru_L20_gt_max_w21.bit,ytbass,1d11bfb1b6df6c3c446f7fa347527034,OK,PASS,,,AC0128DB46C59B1BC03096DF9E84E575,DAD4993F12BDCA590DD23FFC84447258,board_ytbass_gt_max_w21.f32,29071200,43.71,665,100.0,
2025-05-11 23:19:48,gt_max,21,gru_L20_gt_max_w21.bit,tones,3991acd46657e9051419bb3fbc24ff74,OK,PASS,,,AC0128DB46C59B1BC03096DF9E84E575,05F119BABC49481A08AB82815C787040,s2_tones_gt_max_w21.f32,4646400,6.97,667,100.0,
2025-05-11 23:19:58,gt_max,21,gru_L20_gt_max_w21.bit,sweep,913d44e192cffd1459eb55e56bdd6be1,OK,PASS,,,AC0128DB46C59B1BC03096DF9E84E575,C82FEDFEF29DB984ABDFE8547240AD3E,s2_sweep_gt_max_w21.f32,1440000,2.16,667,100.0,
2025-05-11 23:20:00,gt_max,21,gru_L20_gt_max_w21.bit,silence,d051cff927d4ce28ab72215e43a2fb2b,OK,PASS,,,AC0128DB46C59B1BC03096DF9E84E575,23EFBEEA7734F294E9DB607D4D814D91,s2_silence_gt_max_w21.f32,480000,0.73,662,100.0,
2025-05-11 23:20:01,gt_max,21,gru_L20_gt_max_w21.bit,impulse,eb445918179de211aa2625a4480c4be3,OK,PASS,,,AC0128DB46C59B1BC03096DF9E84E575,8648773D4328D3BE1501ED14192AA15E,s2_impulse_gt_max_w21.f32,144000,0.22,662,100.0,
2025-05-11 23:20:01,gt_max,21,gru_L20_gt_max_w21.bit,edge,fad9029aef784288d56fff14cb2f9fc3,OK,PASS,,,AC0128DB46C59B1BC03096DF9E84E575,2C74140A5255215127E405FCC0BBB4E5,s2_edge_gt_max_w21.f32,168000,0.25,661,100.0,
2025-05-11 23:20:13,gt_max,22,gru_L20_gt_max_w22.bit,golden,607f8f6fbf8d191b8b35c264a665a829,OK,PASS,0.000000e+00,0,B29E39351D4307622F769501C37B98AF,,,,,,100.0,
2025-05-11 23:20:13,gt_max,22,gru_L20_gt_max_w22.bit,gtr2,d9c3b0ea7a8c1dd3c4bed72e0f5f1eb5,OK,PASS,,,B29E39351D4307622F769501C37B98AF,AF35C31409C0C324B7E780343C5B6EB4,board_gtr2_gt_max_w22.f32,21103200,31.25,675,100.0,
2025-05-11 23:20:58,gt_max,22,gru_L20_gt_max_w22.bit,gtr4sg,113c073a8e9de2741f4a587f5e57f7e2,OK,PASS,,,B29E39351D4307622F769501C37B98AF,D3F69707ACD69C94A6AA9FBAA46873C3,board_gtr4sg_gt_max_w22.f32,17503200,25.94,675,100.0,
2025-05-11 23:21:34,gt_max,22,gru_L20_gt_max_w22.bit,prvtgtr,b8c1371ec7a052820dfa9ceecc707da9,OK,PASS,,,B29E39351D4307622F769501C37B98AF,862D974B61E760630DE01C6033790008,board_prvtgtr_gt_max_w22.f32,15151200,22.45,675,100.0,
2025-05-11 23:22:07,gt_max,22,gru_L20_gt_max_w22.bit,ytbass,1d11bfb1b6df6c3c446f7fa347527034,OK,PASS,,,B29E39351D4307622F769501C37B98AF,C0E0F7976C071EE4BBA62FFAFDB87D36,board_ytbass_gt_max_w22.f32,29071200,43.09,675,100.0,
2025-05-11 23:23:11,gt_max,22,gru_L20_gt_max_w22.bit,tones,3991acd46657e9051419bb3fbc24ff74,OK,PASS,,,B29E39351D4307622F769501C37B98AF,A6F3AE5C1553D60CD929EE53EE7E1B1C,s2_tones_gt_max_w22.f32,4646400,6.87,676,100.0,
2025-05-11 23:23:19,gt_max,22,gru_L20_gt_max_w22.bit,sweep,913d44e192cffd1459eb55e56bdd6be1,OK,PASS,,,B29E39351D4307622F769501C37B98AF,EF598962F1B02E21E62D051BB9968092,s2_sweep_gt_max_w22.f32,1440000,2.13,675,100.0,
2025-05-11 23:23:22,gt_max,22,gru_L20_gt_max_w22.bit,silence,d051cff927d4ce28ab72215e43a2fb2b,OK,PASS,,,B29E39351D4307622F769501C37B98AF,FFEC81C5C8DAC87C9529A295837CA9A5,s2_silence_gt_max_w22.f32,480000,0.72,671,100.0,
2025-05-11 23:23:23,gt_max,22,gru_L20_gt_max_w22.bit,impulse,eb445918179de211aa2625a4480c4be3,OK,PASS,,,B29E39351D4307622F769501C37B98AF,DB6FF64E69898B85830CFB3A316B56E6,s2_impulse_gt_max_w22.f32,144000,0.22,668,100.0,
2025-05-11 23:23:24,gt_max,22,gru_L20_gt_max_w22.bit,edge,fad9029aef784288d56fff14cb2f9fc3,OK,PASS,,,B29E39351D4307622F769501C37B98AF,28A93D03990DE39C589EE9E403FEAE7A,s2_edge_gt_max_w22.f32,168000,0.25,670,100.0,
2025-05-11 23:23:30,gt_max,23,gru_L20_gt_max_w23.bit,golden,607f8f6fbf8d191b8b35c264a665a829,OK,PASS,0.000000e+00,0,7ED03BF8713D22F990B3A1AA785F941D,,,,,,100.0,
2025-05-11 23:23:30,gt_max,23,gru_L20_gt_max_w23.bit,gtr2,d9c3b0ea7a8c1dd3c4bed72e0f5f1eb5,OK,PASS,,,7ED03BF8713D22F990B3A1AA785F941D,BDBDFDEE6B814FFBF046505FD55DA0F2,board_gtr2_gt_max_w23.f32,21103200,31.66,667,100.0,
2025-05-11 23:24:15,gt_max,23,gru_L20_gt_max_w23.bit,gtr4sg,113c073a8e9de2741f4a587f5e57f7e2,OK,PASS,,,7ED03BF8713D22F990B3A1AA785F941D,F653814429800AF96E0F801165E6F162,board_gtr4sg_gt_max_w23.f32,17503200,26.28,666,100.0,
2025-05-11 23:24:50,gt_max,23,gru_L20_gt_max_w23.bit,prvtgtr,b8c1371ec7a052820dfa9ceecc707da9,OK,PASS,,,7ED03BF8713D22F990B3A1AA785F941D,96FEF37E92BF8053042D12AF1C287F37,board_prvtgtr_gt_max_w23.f32,15151200,22.75,666,100.0,
2025-05-11 23:25:29,gt_max,23,gru_L20_gt_max_w23.bit,ytbass,1d11bfb1b6df6c3c446f7fa347527034,OK,PASS,,,7ED03BF8713D22F990B3A1AA785F941D,5DF2E07A60E8CB70764C8485C93D5596,board_ytbass_gt_max_w23.f32,29071200,43.68,666,100.0,
2025-05-11 23:26:32,gt_max,23,gru_L20_gt_max_w23.bit,tones,3991acd46657e9051419bb3fbc24ff74,OK,PASS,,,7ED03BF8713D22F990B3A1AA785F941D,9A6FC100CD07203CB039C904EBEA62D2,s2_tones_gt_max_w23.f32,4646400,6.97,666,100.0,
2025-05-11 23:26:40,gt_max,23,gru_L20_gt_max_w23.bit,sweep,913d44e192cffd1459eb55e56bdd6be1,OK,PASS,,,7ED03BF8713D22F990B3A1AA785F941D,AEA28FCD5B2ECEFBB33E0A5A66B607C3,s2_sweep_gt_max_w23.f32,1440000,2.16,667,100.0,
2025-05-11 23:26:43,gt_max,23,gru_L20_gt_max_w23.bit,silence,d051cff927d4ce28ab72215e43a2fb2b,OK,PASS,,,7ED03BF8713D22F990B3A1AA785F941D,05FCDF44E06B28394C8F6113808515E5,s2_silence_gt_max_w23.f32,480000,0.72,665,100.0,
2025-05-11 23:26:44,gt_max,23,gru_L20_gt_max_w23.bit,impulse,eb445918179de211aa2625a4480c4be3,OK,PASS,,,7ED03BF8713D22F990B3A1AA785F941D,42472EF92C8E84A7A490204E2025539C,s2_impulse_gt_max_w23.f32,144000,0.22,660,100.0,
2025-05-11 23:26:46,gt_max,23,gru_L20_gt_max_w23.bit,edge,fad9029aef784288d56fff14cb2f9fc3,OK,PASS,,,7ED03BF8713D22F990B3A1AA785F941D,A67EA8C67C2BEEBCA2A4C8E2E307174C,s2_edge_gt_max_w23.f32,168000,0.25,661,100.0,
2025-05-11 23:26:53,gt_max,24,gru_L20_gt_max_w24.bit,golden,607f8f6fbf8d191b8b35c264a665a829,OK,PASS,0.000000e+00,0,2EFE1A7A2108E5F5456739963AC0FE6D,,,,,,100.0,
2025-05-11 23:26:53,gt_max,24,gru_L20_gt_max_w24.bit,gtr2,d9c3b0ea7a8c1dd3c4bed72e0f5f1eb5,OK,PASS,,,2EFE1A7A2108E5F5456739963AC0FE6D,ED6E226A345C3EE1F97B1F779915E329,board_gtr2_gt_max_w24.f32,21103200,31.70,666,100.0,
2025-05-11 23:27:39,gt_max,24,gru_L20_gt_max_w24.bit,gtr4sg,113c073a8e9de2741f4a587f5e57f7e2,OK,PASS,,,2EFE1A7A2108E5F5456739963AC0FE6D,31AEC7AB2C144FCE334ED0707C8F2649,board_gtr4sg_gt_max_w24.f32,17503200,26.23,667,100.0,
2025-05-11 23:28:14,gt_max,24,gru_L20_gt_max_w24.bit,prvtgtr,b8c1371ec7a052820dfa9ceecc707da9,OK,PASS,,,2EFE1A7A2108E5F5456739963AC0FE6D,8D141EC4F0E9D4BD09AA673C89E8E1BE,board_prvtgtr_gt_max_w24.f32,15151200,22.74,666,100.0,
2025-05-11 23:28:50,gt_max,24,gru_L20_gt_max_w24.bit,ytbass,1d11bfb1b6df6c3c446f7fa347527034,OK,PASS,,,2EFE1A7A2108E5F5456739963AC0FE6D,731F6861198333F21CD95DC572431A6F,board_ytbass_gt_max_w24.f32,29071200,43.72,665,100.0,
2025-05-11 23:29:53,gt_max,24,gru_L20_gt_max_w24.bit,tones,3991acd46657e9051419bb3fbc24ff74,OK,PASS,,,2EFE1A7A2108E5F5456739963AC0FE6D,DE8C3D90F8F66DEE61787DB9DF4A2985,s2_tones_gt_max_w24.f32,4646400,6.97,667,100.0,
2025-05-11 23:30:01,gt_max,24,gru_L20_gt_max_w24.bit,sweep,913d44e192cffd1459eb55e56bdd6be1,OK,PASS,,,2EFE1A7A2108E5F5456739963AC0FE6D,9AB5DEFB675EF59646A7569C6F43FF01,s2_sweep_gt_max_w24.f32,1440000,2.16,668,100.0,
2025-05-11 23:30:04,gt_max,24,gru_L20_gt_max_w24.bit,silence,d051cff927d4ce28ab72215e43a2fb2b,OK,PASS,,,2EFE1A7A2108E5F5456739963AC0FE6D,E7B6E31048FDA4C8B4F65D9168AEDCFB,s2_silence_gt_max_w24.f32,480000,0.72,664,100.0,
2025-05-11 23:30:05,gt_max,24,gru_L20_gt_max_w24.bit,impulse,eb445918179de211aa2625a4480c4be3,OK,PASS,,,2EFE1A7A2108E5F5456739963AC0FE6D,DCFC0F74CE81557BD8851B58B2AFDF96,s2_impulse_gt_max_w24.f32,144000,0.22,658,100.0,
2025-05-11 23:30:05,gt_max,24,gru_L20_gt_max_w24.bit,edge,fad9029aef784288d56fff14cb2f9fc3,OK,PASS,,,2EFE1A7A2108E5F5456739963AC0FE6D,5791852AD76E59386507C84AD3310DED,s2_edge_gt_max_w24.f32,168000,0.25,662,100.0,
2025-05-12 00:08:54,gt_mod,8,gru_L20_gt_mod_w8.bit,golden,607f8f6fbf8d191b8b35c264a665a829,OK,PASS,0.000000e+00,0,AE5AC64652CE8F23946E14E1C5E03AFA,,,,,,100.0,
2025-05-12 00:08:54,gt_mod,8,gru_L20_gt_mod_w8.bit,gtr2,d9c3b0ea7a8c1dd3c4bed72e0f5f1eb5,OK,PASS,,,AE5AC64652CE8F23946E14E1C5E03AFA,D299616B1CCF96BE8E70EC844093EA17,board_gtr2_gt_mod_w8.f32,21103200,31.56,669,100.0,
2025-05-12 00:09:48,gt_mod,8,gru_L20_gt_mod_w8.bit,gtr4sg,113c073a8e9de2741f4a587f5e57f7e2,OK,PASS,,,AE5AC64652CE8F23946E14E1C5E03AFA,886C1BEDAF5B873452F387A2EA159430,board_gtr4sg_gt_mod_w8.f32,17503200,26.15,669,100.0,
2025-05-12 00:10:33,gt_mod,8,gru_L20_gt_mod_w8.bit,prvtgtr,b8c1371ec7a052820dfa9ceecc707da9,OK,PASS,,,AE5AC64652CE8F23946E14E1C5E03AFA,45E860A3400BDAB35495BE0A815E9DC2,board_prvtgtr_gt_mod_w8.f32,15151200,22.69,668,100.0,
2025-05-12 00:11:02,gt_mod,8,gru_L20_gt_mod_w8.bit,ytbass,1d11bfb1b6df6c3c446f7fa347527034,OK,PASS,,,AE5AC64652CE8F23946E14E1C5E03AFA,7698DFDDCDF945ADBDA22D4ED57A63B5,board_ytbass_gt_mod_w8.f32,29071200,43.40,670,100.0,
2025-05-12 00:12:09,gt_mod,8,gru_L20_gt_mod_w8.bit,tones,3991acd46657e9051419bb3fbc24ff74,OK,PASS,,,AE5AC64652CE8F23946E14E1C5E03AFA,295DD7991A50110F078FD7BF480D6FA4,s2_tones_gt_mod_w8.f32,4646400,6.91,672,100.0,
2025-05-12 00:12:17,gt_mod,8,gru_L20_gt_mod_w8.bit,sweep,913d44e192cffd1459eb55e56bdd6be1,OK,PASS,,,AE5AC64652CE8F23946E14E1C5E03AFA,3CB1ED2C0322D2C657990091EE3F2311,s2_sweep_gt_mod_w8.f32,1440000,2.14,672,100.0,
2025-05-12 00:12:20,gt_mod,8,gru_L20_gt_mod_w8.bit,silence,d051cff927d4ce28ab72215e43a2fb2b,OK,PASS,,,AE5AC64652CE8F23946E14E1C5E03AFA,2C552250D88A86B63B4044456DDA6509,s2_silence_gt_mod_w8.f32,480000,0.72,670,100.0,
2025-05-12 00:12:21,gt_mod,8,gru_L20_gt_mod_w8.bit,impulse,eb445918179de211aa2625a4480c4be3,OK,PASS,,,AE5AC64652CE8F23946E14E1C5E03AFA,88BE30BE8950B175D2418137265F19D9,s2_impulse_gt_mod_w8.f32,144000,0.22,665,100.0,
2025-05-12 00:12:21,gt_mod,8,gru_L20_gt_mod_w8.bit,edge,fad9029aef784288d56fff14cb2f9fc3,OK,PASS,,,AE5AC64652CE8F23946E14E1C5E03AFA,EB3284FB80BC57D80EA21F55B09C1763,s2_edge_gt_mod_w8.f32,168000,0.25,666,100.0,
2025-05-12 00:12:31,gt_mod,9,gru_L20_gt_mod_w9.bit,golden,607f8f6fbf8d191b8b35c264a665a829,OK,PASS,0.000000e+00,0,768A86C1EB9526F9D51F6DA412351E09,,,,,,100.0,
2025-05-12 00:12:31,gt_mod,9,gru_L20_gt_mod_w9.bit,gtr2,d9c3b0ea7a8c1dd3c4bed72e0f5f1eb5,OK,PASS,,,768A86C1EB9526F9D51F6DA412351E09,7F149EEBA5EB27FB63E8594A200C39D0,board_gtr2_gt_mod_w9.f32,21103200,31.24,675,100.0,
2025-05-12 00:13:23,gt_mod,9,gru_L20_gt_mod_w9.bit,gtr4sg,113c073a8e9de2741f4a587f5e57f7e2,OK,PASS,,,768A86C1EB9526F9D51F6DA412351E09,58886B9163A6E1D476C69912438927A1,board_gtr4sg_gt_mod_w9.f32,17503200,25.91,676,100.0,
2025-05-12 00:13:57,gt_mod,9,gru_L20_gt_mod_w9.bit,prvtgtr,b8c1371ec7a052820dfa9ceecc707da9,OK,PASS,,,768A86C1EB9526F9D51F6DA412351E09,C01EAC5B2CB8A04A657B13BA8452F65C,board_prvtgtr_gt_mod_w9.f32,15151200,22.42,676,100.0,
2025-05-12 00:14:32,gt_mod,9,gru_L20_gt_mod_w9.bit,ytbass,1d11bfb1b6df6c3c446f7fa347527034,OK,PASS,,,768A86C1EB9526F9D51F6DA412351E09,D78B36D1138BDD6D944C5D0442A5B0F4,board_ytbass_gt_mod_w9.f32,29071200,43.10,675,100.0,
2025-05-12 00:15:31,gt_mod,9,gru_L20_gt_mod_w9.bit,tones,3991acd46657e9051419bb3fbc24ff74,OK,PASS,,,768A86C1EB9526F9D51F6DA412351E09,B398D07089924D0AB66A10F5B2B8495E,s2_tones_gt_mod_w9.f32,4646400,6.88,675,100.0,
2025-05-12 00:15:39,gt_mod,9,gru_L20_gt_mod_w9.bit,sweep,913d44e192cffd1459eb55e56bdd6be1,OK,PASS,,,768A86C1EB9526F9D51F6DA412351E09,9D93E9FBF6F9EFC97600C9AEE5C1817E,s2_sweep_gt_mod_w9.f32,1440000,2.13,676,100.0,
2025-05-12 00:15:42,gt_mod,9,gru_L20_gt_mod_w9.bit,silence,d051cff927d4ce28ab72215e43a2fb2b,OK,PASS,,,768A86C1EB9526F9D51F6DA412351E09,2A5C57C522BD17AD6D6BF23495A775C4,s2_silence_gt_mod_w9.f32,480000,0.71,675,100.0,
2025-05-12 00:15:42,gt_mod,9,gru_L20_gt_mod_w9.bit,impulse,eb445918179de211aa2625a4480c4be3,OK,PASS,,,768A86C1EB9526F9D51F6DA412351E09,9AAA3E4A25788D742A964A9046FB9B76,s2_impulse_gt_mod_w9.f32,144000,0.21,670,100.0,
2025-05-12 00:15:43,gt_mod,9,gru_L20_gt_mod_w9.bit,edge,fad9029aef784288d56fff14cb2f9fc3,OK,PASS,,,768A86C1EB9526F9D51F6DA412351E09,19F3EB61AE4C05A7F4E5A7BCF9733176,s2_edge_gt_mod_w9.f32,168000,0.25,670,100.0,
2025-05-12 00:15:49,gt_mod,10,gru_L20_gt_mod_w10.bit,golden,607f8f6fbf8d191b8b35c264a665a829,OK,PASS,0.000000e+00,0,49FA565955EAADB7F5137B62CD95E7E7,,,,,,100.0,
2025-05-12 00:15:49,gt_mod,10,gru_L20_gt_mod_w10.bit,gtr2,d9c3b0ea7a8c1dd3c4bed72e0f5f1eb5,OK,PASS,,,49FA565955EAADB7F5137B62CD95E7E7,D3D0833F2924015E614EE83E824D29C5,board_gtr2_gt_mod_w10.f32,21103200,31.25,675,100.0,
2025-05-12 00:16:37,gt_mod,10,gru_L20_gt_mod_w10.bit,gtr4sg,113c073a8e9de2741f4a587f5e57f7e2,OK,PASS,,,49FA565955EAADB7F5137B62CD95E7E7,34A14BBFE5279E56609735D5634146CD,board_gtr4sg_gt_mod_w10.f32,17503200,25.91,676,100.0,
2025-05-12 00:17:14,gt_mod,10,gru_L20_gt_mod_w10.bit,prvtgtr,b8c1371ec7a052820dfa9ceecc707da9,OK,PASS,,,49FA565955EAADB7F5137B62CD95E7E7,585DEBA8D317A9C576CCEC1D1777A386,board_prvtgtr_gt_mod_w10.f32,15151200,22.44,675,100.0,
2025-05-12 00:17:46,gt_mod,10,gru_L20_gt_mod_w10.bit,ytbass,1d11bfb1b6df6c3c446f7fa347527034,OK,PASS,,,49FA565955EAADB7F5137B62CD95E7E7,D8D4F632A03C29F7458E325F9C066110,board_ytbass_gt_mod_w10.f32,29071200,43.11,674,100.0,
2025-05-12 00:18:50,gt_mod,10,gru_L20_gt_mod_w10.bit,tones,3991acd46657e9051419bb3fbc24ff74,OK,PASS,,,49FA565955EAADB7F5137B62CD95E7E7,0FB8CA7E59FC8754438633D0109B01AE,s2_tones_gt_mod_w10.f32,4646400,6.87,677,100.0,
2025-05-12 00:18:58,gt_mod,10,gru_L20_gt_mod_w10.bit,sweep,913d44e192cffd1459eb55e56bdd6be1,OK,PASS,,,49FA565955EAADB7F5137B62CD95E7E7,BFDEA0F78CBC0682566E0DE9112C28E1,s2_sweep_gt_mod_w10.f32,1440000,2.13,676,100.0,
2025-05-12 00:19:00,gt_mod,10,gru_L20_gt_mod_w10.bit,silence,d051cff927d4ce28ab72215e43a2fb2b,OK,PASS,,,49FA565955EAADB7F5137B62CD95E7E7,BE0AAF277AF9568AC650650447D6CA3C,s2_silence_gt_mod_w10.f32,480000,0.71,674,100.0,
2025-05-12 00:19:01,gt_mod,10,gru_L20_gt_mod_w10.bit,impulse,eb445918179de211aa2625a4480c4be3,OK,PASS,,,49FA565955EAADB7F5137B62CD95E7E7,DCAAEAB222FB4E6E57D064853A6E7212,s2_impulse_gt_mod_w10.f32,144000,0.22,669,100.0,
2025-05-12 00:19:02,gt_mod,10,gru_L20_gt_mod_w10.bit,edge,fad9029aef784288d56fff14cb2f9fc3,OK,PASS,,,49FA565955EAADB7F5137B62CD95E7E7,72B8971766CDF31E7EDCF50E3C084A66,s2_edge_gt_mod_w10.f32,168000,0.25,670,100.0,
2025-05-12 00:19:07,gt_mod,11,gru_L20_gt_mod_w11.bit,golden,607f8f6fbf8d191b8b35c264a665a829,OK,PASS,0.000000e+00,0,7C95EFD41753B3AD55C6D259877F1111,,,,,,100.0,
2025-05-12 00:19:07,gt_mod,11,gru_L20_gt_mod_w11.bit,gtr2,d9c3b0ea7a8c1dd3c4bed72e0f5f1eb5,OK,PASS,,,7C95EFD41753B3AD55C6D259877F1111,0DBFD2E66DC9029F2DF66F50CDD4B7D9,board_gtr2_gt_mod_w11.f32,21103200,31.25,675,100.0,
2025-05-12 00:19:53,gt_mod,11,gru_L20_gt_mod_w11.bit,gtr4sg,113c073a8e9de2741f4a587f5e57f7e2,OK,PASS,,,7C95EFD41753B3AD55C6D259877F1111,8599983A77993EC8D6A8889237F114C9,board_gtr4sg_gt_mod_w11.f32,17503200,26.01,673,100.0,
2025-05-12 00:20:30,gt_mod,11,gru_L20_gt_mod_w11.bit,prvtgtr,b8c1371ec7a052820dfa9ceecc707da9,OK,PASS,,,7C95EFD41753B3AD55C6D259877F1111,C4A33ACDD880B6DA1E4B14D8A36AE39B,board_prvtgtr_gt_mod_w11.f32,15151200,22.45,675,100.0,
2025-05-12 00:21:01,gt_mod,11,gru_L20_gt_mod_w11.bit,ytbass,1d11bfb1b6df6c3c446f7fa347527034,OK,PASS,,,7C95EFD41753B3AD55C6D259877F1111,5365113210DAF49F292533C25C8A4B23,board_ytbass_gt_mod_w11.f32,29071200,43.08,675,100.0,
2025-05-12 00:22:03,gt_mod,11,gru_L20_gt_mod_w11.bit,tones,3991acd46657e9051419bb3fbc24ff74,OK,PASS,,,7C95EFD41753B3AD55C6D259877F1111,5348E3F74EC30D128CBC37F5EB0BB660,s2_tones_gt_mod_w11.f32,4646400,6.88,676,100.0,
2025-05-12 00:22:12,gt_mod,11,gru_L20_gt_mod_w11.bit,sweep,913d44e192cffd1459eb55e56bdd6be1,OK,PASS,,,7C95EFD41753B3AD55C6D259877F1111,3587037144D562F5DED3EC5497BA7A40,s2_sweep_gt_mod_w11.f32,1440000,2.13,675,100.0,
2025-05-12 00:22:15,gt_mod,11,gru_L20_gt_mod_w11.bit,silence,d051cff927d4ce28ab72215e43a2fb2b,OK,PASS,,,7C95EFD41753B3AD55C6D259877F1111,8FD3E73AE794F3F5F28BE2FC310C28D0,s2_silence_gt_mod_w11.f32,480000,0.71,673,100.0,
2025-05-12 00:22:17,gt_mod,11,gru_L20_gt_mod_w11.bit,impulse,eb445918179de211aa2625a4480c4be3,OK,PASS,,,7C95EFD41753B3AD55C6D259877F1111,568ABCDEBF824E365CAA94785665F884,s2_impulse_gt_mod_w11.f32,144000,0.22,669,100.0,
2025-05-12 00:22:17,gt_mod,11,gru_L20_gt_mod_w11.bit,edge,fad9029aef784288d56fff14cb2f9fc3,OK,PASS,,,7C95EFD41753B3AD55C6D259877F1111,1C1C1ABB92AE568CE175A8B3205143B3,s2_edge_gt_mod_w11.f32,168000,0.25,671,100.0,
2025-05-12 00:22:24,gt_mod,12,gru_L20_gt_mod_w12.bit,golden,607f8f6fbf8d191b8b35c264a665a829,OK,PASS,0.000000e+00,0,ECA055602518CEE61B08BC5772D40C3F,,,,,,100.0,
2025-05-12 00:22:25,gt_mod,12,gru_L20_gt_mod_w12.bit,gtr2,d9c3b0ea7a8c1dd3c4bed72e0f5f1eb5,OK,PASS,,,ECA055602518CEE61B08BC5772D40C3F,1F99CF8B690509A6DE974830394A604D,board_gtr2_gt_mod_w12.f32,21103200,31.28,675,100.0,
2025-05-12 00:23:09,gt_mod,12,gru_L20_gt_mod_w12.bit,gtr4sg,113c073a8e9de2741f4a587f5e57f7e2,OK,PASS,,,ECA055602518CEE61B08BC5772D40C3F,1305FD62127A025552348D01C681207B,board_gtr4sg_gt_mod_w12.f32,17503200,25.94,675,100.0,
2025-05-12 00:23:49,gt_mod,12,gru_L20_gt_mod_w12.bit,prvtgtr,b8c1371ec7a052820dfa9ceecc707da9,OK,PASS,,,ECA055602518CEE61B08BC5772D40C3F,6150A3984C326941FE3FF1839759970E,board_prvtgtr_gt_mod_w12.f32,15151200,22.45,675,100.0,
2025-05-12 00:24:19,gt_mod,12,gru_L20_gt_mod_w12.bit,ytbass,1d11bfb1b6df6c3c446f7fa347527034,OK,PASS,,,ECA055602518CEE61B08BC5772D40C3F,C618EBD9CF6603F8DEBB2851D53F141C,board_ytbass_gt_mod_w12.f32,29071200,43.13,674,100.0,
2025-05-12 00:25:21,gt_mod,12,gru_L20_gt_mod_w12.bit,tones,3991acd46657e9051419bb3fbc24ff74,OK,PASS,,,ECA055602518CEE61B08BC5772D40C3F,BA90413E72ECD9EF4DA56F4D92FB435C,s2_tones_gt_mod_w12.f32,4646400,6.87,676,100.0,
2025-05-12 00:25:29,gt_mod,12,gru_L20_gt_mod_w12.bit,sweep,913d44e192cffd1459eb55e56bdd6be1,OK,PASS,,,ECA055602518CEE61B08BC5772D40C3F,5EB5DDE164611FA6813AE9C9D2CBBA74,s2_sweep_gt_mod_w12.f32,1440000,2.13,675,100.0,
2025-05-12 00:25:32,gt_mod,12,gru_L20_gt_mod_w12.bit,silence,d051cff927d4ce28ab72215e43a2fb2b,OK,PASS,,,ECA055602518CEE61B08BC5772D40C3F,C74C47F6B43341DA72262EB922F50700,s2_silence_gt_mod_w12.f32,480000,0.71,674,100.0,
2025-05-12 00:25:33,gt_mod,12,gru_L20_gt_mod_w12.bit,impulse,eb445918179de211aa2625a4480c4be3,OK,PASS,,,ECA055602518CEE61B08BC5772D40C3F,F5A31F9660DAEB2746B721F3D325C06C,s2_impulse_gt_mod_w12.f32,144000,0.22,669,100.0,
2025-05-12 00:25:33,gt_mod,12,gru_L20_gt_mod_w12.bit,edge,fad9029aef784288d56fff14cb2f9fc3,OK,PASS,,,ECA055602518CEE61B08BC5772D40C3F,AC9C3814A662E2F2E57BAEF6A618D463,s2_edge_gt_mod_w12.f32,168000,0.25,671,100.0,
2025-05-12 00:25:39,gt_mod,13,gru_L20_gt_mod_w13.bit,golden,607f8f6fbf8d191b8b35c264a665a829,OK,PASS,0.000000e+00,0,83CF1FF37007DD9DB0C69525AD77014B,,,,,,100.0,
2025-05-12 00:25:39,gt_mod,13,gru_L20_gt_mod_w13.bit,gtr2,d9c3b0ea7a8c1dd3c4bed72e0f5f1eb5,OK,PASS,,,83CF1FF37007DD9DB0C69525AD77014B,669A893F159272AF3451394D84DCCF3D,board_gtr2_gt_mod_w13.f32,21103200,31.27,675,100.0,
2025-05-12 00:26:29,gt_mod,13,gru_L20_gt_mod_w13.bit,gtr4sg,113c073a8e9de2741f4a587f5e57f7e2,OK,PASS,,,83CF1FF37007DD9DB0C69525AD77014B,8304921F5B634F2F359662A157AA931D,board_gtr4sg_gt_mod_w13.f32,17503200,25.93,675,100.0,
2025-05-12 00:27:07,gt_mod,13,gru_L20_gt_mod_w13.bit,prvtgtr,b8c1371ec7a052820dfa9ceecc707da9,OK,PASS,,,83CF1FF37007DD9DB0C69525AD77014B,9BDB44C5183E699C48F8ABD22AC483AA,board_prvtgtr_gt_mod_w13.f32,15151200,22.42,676,100.0,
2025-05-12 00:27:35,gt_mod,13,gru_L20_gt_mod_w13.bit,ytbass,1d11bfb1b6df6c3c446f7fa347527034,OK,PASS,,,83CF1FF37007DD9DB0C69525AD77014B,3DBE3BCBA10B98627068F5190E805EFC,board_ytbass_gt_mod_w13.f32,29071200,43.07,675,100.0,
2025-05-12 00:28:45,gt_mod,13,gru_L20_gt_mod_w13.bit,tones,3991acd46657e9051419bb3fbc24ff74,OK,PASS,,,83CF1FF37007DD9DB0C69525AD77014B,41A7C62A4E4D85F823BF013400FF53C1,s2_tones_gt_mod_w13.f32,4646400,6.88,676,100.0,
2025-05-12 00:28:53,gt_mod,13,gru_L20_gt_mod_w13.bit,sweep,913d44e192cffd1459eb55e56bdd6be1,OK,PASS,,,83CF1FF37007DD9DB0C69525AD77014B,B44E015D3852C464DAFB8474A89802B2,s2_sweep_gt_mod_w13.f32,1440000,2.13,677,100.0,
2025-05-12 00:28:56,gt_mod,13,gru_L20_gt_mod_w13.bit,silence,d051cff927d4ce28ab72215e43a2fb2b,OK,PASS,,,83CF1FF37007DD9DB0C69525AD77014B,11EE63660BBED6DE7FA2D9919DEABAEF,s2_silence_gt_mod_w13.f32,480000,0.71,674,100.0,
2025-05-12 00:28:57,gt_mod,13,gru_L20_gt_mod_w13.bit,impulse,eb445918179de211aa2625a4480c4be3,OK,PASS,,,83CF1FF37007DD9DB0C69525AD77014B,B1D473DAD45108D4DAD14A01E78C8816,s2_impulse_gt_mod_w13.f32,144000,0.21,671,100.0,
2025-05-12 00:28:58,gt_mod,13,gru_L20_gt_mod_w13.bit,edge,fad9029aef784288d56fff14cb2f9fc3,OK,PASS,,,83CF1FF37007DD9DB0C69525AD77014B,24738D1E4AD8C3B779A7650FFB0A640A,s2_edge_gt_mod_w13.f32,168000,0.25,670,100.0,
2025-05-12 00:29:08,gt_mod,14,gru_L20_gt_mod_w14.bit,golden,607f8f6fbf8d191b8b35c264a665a829,OK,PASS,0.000000e+00,0,679F1E9118C2F9D42345152983BD942E,,,,,,100.0,
2025-05-12 00:29:08,gt_mod,14,gru_L20_gt_mod_w14.bit,gtr2,d9c3b0ea7a8c1dd3c4bed72e0f5f1eb5,OK,PASS,,,679F1E9118C2F9D42345152983BD942E,0C5AEBF531571EE389467D3A083E7812,board_gtr2_gt_mod_w14.f32,21103200,31.69,666,100.0,
2025-05-12 00:29:55,gt_mod,14,gru_L20_gt_mod_w14.bit,gtr4sg,113c073a8e9de2741f4a587f5e57f7e2,OK,PASS,,,679F1E9118C2F9D42345152983BD942E,65BD98C33F3BE1ED82D83AC5E3B38B3A,board_gtr4sg_gt_mod_w14.f32,17503200,26.26,667,100.0,
2025-05-12 00:30:30,gt_mod,14,gru_L20_gt_mod_w14.bit,prvtgtr,b8c1371ec7a052820dfa9ceecc707da9,OK,PASS,,,679F1E9118C2F9D42345152983BD942E,F31318D2C217997DA2AB9B0EAA8991FA,board_prvtgtr_gt_mod_w14.f32,15151200,22.75,666,100.0,
2025-05-12 00:31:08,gt_mod,14,gru_L20_gt_mod_w14.bit,ytbass,1d11bfb1b6df6c3c446f7fa347527034,OK,PASS,,,679F1E9118C2F9D42345152983BD942E,F9AF548D749EC9693F5DC505663340E0,board_ytbass_gt_mod_w14.f32,29071200,43.64,666,100.0,
2025-05-12 00:32:15,gt_mod,14,gru_L20_gt_mod_w14.bit,tones,3991acd46657e9051419bb3fbc24ff74,OK,PASS,,,679F1E9118C2F9D42345152983BD942E,96F955AF6662327A6787E5E2580B8231,s2_tones_gt_mod_w14.f32,4646400,6.96,668,100.0,
2025-05-12 00:32:23,gt_mod,14,gru_L20_gt_mod_w14.bit,sweep,913d44e192cffd1459eb55e56bdd6be1,OK,PASS,,,679F1E9118C2F9D42345152983BD942E,F1A79C7C9B1BC9C2593A6AD417B8B1E1,s2_sweep_gt_mod_w14.f32,1440000,2.16,665,100.0,
2025-05-12 00:32:26,gt_mod,14,gru_L20_gt_mod_w14.bit,silence,d051cff927d4ce28ab72215e43a2fb2b,OK,PASS,,,679F1E9118C2F9D42345152983BD942E,313736FB26D6DB0E319825FC4F553330,s2_silence_gt_mod_w14.f32,480000,0.72,666,100.0,
2025-05-12 00:32:27,gt_mod,14,gru_L20_gt_mod_w14.bit,impulse,eb445918179de211aa2625a4480c4be3,OK,PASS,,,679F1E9118C2F9D42345152983BD942E,8755612898D90A9A1B7AAD1C4D9C5B27,s2_impulse_gt_mod_w14.f32,144000,0.22,661,100.0,
2025-05-12 00:32:28,gt_mod,14,gru_L20_gt_mod_w14.bit,edge,fad9029aef784288d56fff14cb2f9fc3,OK,PASS,,,679F1E9118C2F9D42345152983BD942E,8DE447DF6D3896B6F65A8688FFEF6A6F,s2_edge_gt_mod_w14.f32,168000,0.25,661,100.0,
2025-05-12 00:32:34,gt_mod,15,gru_L20_gt_mod_w15.bit,golden,607f8f6fbf8d191b8b35c264a665a829,OK,PASS,0.000000e+00,0,F810DDAAAC5D63A844C46B6D97D19E36,,,,,,100.0,
2025-05-12 00:32:34,gt_mod,15,gru_L20_gt_mod_w15.bit,gtr2,d9c3b0ea7a8c1dd3c4bed72e0f5f1eb5,OK,PASS,,,F810DDAAAC5D63A844C46B6D97D19E36,181322C2634D1E78F84FFEBBD4DCCD3A,board_gtr2_gt_mod_w15.f32,21103200,31.71,666,100.0,
2025-05-12 00:33:21,gt_mod,15,gru_L20_gt_mod_w15.bit,gtr4sg,113c073a8e9de2741f4a587f5e57f7e2,OK,PASS,,,F810DDAAAC5D63A844C46B6D97D19E36,20779688D028128FC3B2813F741BEBEB,board_gtr4sg_gt_mod_w15.f32,17503200,26.29,666,100.0,
2025-05-12 00:33:56,gt_mod,15,gru_L20_gt_mod_w15.bit,prvtgtr,b8c1371ec7a052820dfa9ceecc707da9,OK,PASS,,,F810DDAAAC5D63A844C46B6D97D19E36,98C390CD4E355175883BD0335EE7EB47,board_prvtgtr_gt_mod_w15.f32,15151200,22.74,666,100.0,
2025-05-12 00:34:33,gt_mod,15,gru_L20_gt_mod_w15.bit,ytbass,1d11bfb1b6df6c3c446f7fa347527034,OK,PASS,,,F810DDAAAC5D63A844C46B6D97D19E36,2731F3EC206A002D9CA64E561C273CC0,board_ytbass_gt_mod_w15.f32,29071200,43.74,665,100.0,
2025-05-12 00:35:38,gt_mod,15,gru_L20_gt_mod_w15.bit,tones,3991acd46657e9051419bb3fbc24ff74,OK,PASS,,,F810DDAAAC5D63A844C46B6D97D19E36,342E2C83F11A46F374F13853930928F0,s2_tones_gt_mod_w15.f32,4646400,6.99,665,100.0,
2025-05-12 00:35:46,gt_mod,15,gru_L20_gt_mod_w15.bit,sweep,913d44e192cffd1459eb55e56bdd6be1,OK,PASS,,,F810DDAAAC5D63A844C46B6D97D19E36,82065970361C2E977E9C6B237EFCC22C,s2_sweep_gt_mod_w15.f32,1440000,2.16,667,100.0,
2025-05-12 00:35:49,gt_mod,15,gru_L20_gt_mod_w15.bit,silence,d051cff927d4ce28ab72215e43a2fb2b,OK,PASS,,,F810DDAAAC5D63A844C46B6D97D19E36,FD8BD5D6EF568197EAA20908F66D8C96,s2_silence_gt_mod_w15.f32,480000,0.72,666,100.0,
2025-05-12 00:35:50,gt_mod,15,gru_L20_gt_mod_w15.bit,impulse,eb445918179de211aa2625a4480c4be3,OK,PASS,,,F810DDAAAC5D63A844C46B6D97D19E36,96D519032FF2DD41E68B76E8E6F6A023,s2_impulse_gt_mod_w15.f32,144000,0.22,659,100.0,
2025-05-12 00:35:50,gt_mod,15,gru_L20_gt_mod_w15.bit,edge,fad9029aef784288d56fff14cb2f9fc3,OK,PASS,,,F810DDAAAC5D63A844C46B6D97D19E36,D47D3987E75D2A379BBCB0991E498A74,s2_edge_gt_mod_w15.f32,168000,0.25,659,100.0,
2025-05-12 00:35:58,gt_mod,16,gru_L20_gt_mod_w16.bit,golden,607f8f6fbf8d191b8b35c264a665a829,OK,PASS,0.000000e+00,0,5041833F33E20C85106600C5F8635569,,,,,,100.0,
2025-05-12 00:35:58,gt_mod,16,gru_L20_gt_mod_w16.bit,gtr2,d9c3b0ea7a8c1dd3c4bed72e0f5f1eb5,OK,PASS,,,5041833F33E20C85106600C5F8635569,544FF9EEEE39C81AD0077C04BB38A833,board_gtr2_gt_mod_w16.f32,21103200,31.68,666,100.0,
2025-05-12 00:36:42,gt_mod,16,gru_L20_gt_mod_w16.bit,gtr4sg,113c073a8e9de2741f4a587f5e57f7e2,OK,PASS,,,5041833F33E20C85106600C5F8635569,2086ACEFAD0E94B180817D2F7E34CB14,board_gtr4sg_gt_mod_w16.f32,17503200,26.28,666,100.0,
2025-05-12 00:37:21,gt_mod,16,gru_L20_gt_mod_w16.bit,prvtgtr,b8c1371ec7a052820dfa9ceecc707da9,OK,PASS,,,5041833F33E20C85106600C5F8635569,964D384F75723ECFE03F46E465AFAB3D,board_prvtgtr_gt_mod_w16.f32,15151200,22.75,666,100.0,
2025-05-12 00:37:53,gt_mod,16,gru_L20_gt_mod_w16.bit,ytbass,1d11bfb1b6df6c3c446f7fa347527034,OK,PASS,,,5041833F33E20C85106600C5F8635569,65E793E0ACD31697B6038673C43430A5,board_ytbass_gt_mod_w16.f32,29071200,43.67,666,100.0,
2025-05-12 00:39:02,gt_mod,16,gru_L20_gt_mod_w16.bit,tones,3991acd46657e9051419bb3fbc24ff74,OK,PASS,,,5041833F33E20C85106600C5F8635569,DEDA1315827F68055A91AA9F80F84D84,s2_tones_gt_mod_w16.f32,4646400,6.96,667,100.0,
2025-05-12 00:39:10,gt_mod,16,gru_L20_gt_mod_w16.bit,sweep,913d44e192cffd1459eb55e56bdd6be1,OK,PASS,,,5041833F33E20C85106600C5F8635569,535802A93287A52CA31C867B10BD39CB,s2_sweep_gt_mod_w16.f32,1440000,2.16,666,100.0,
2025-05-12 00:39:13,gt_mod,16,gru_L20_gt_mod_w16.bit,silence,d051cff927d4ce28ab72215e43a2fb2b,OK,PASS,,,5041833F33E20C85106600C5F8635569,80A6D808464B416AA569D75D06161395,s2_silence_gt_mod_w16.f32,480000,0.72,664,100.0,
2025-05-12 00:39:14,gt_mod,16,gru_L20_gt_mod_w16.bit,impulse,eb445918179de211aa2625a4480c4be3,OK,PASS,,,5041833F33E20C85106600C5F8635569,B0E9C87F29961314C95861C52172B61C,s2_impulse_gt_mod_w16.f32,144000,0.22,660,100.0,
2025-05-12 00:39:14,gt_mod,16,gru_L20_gt_mod_w16.bit,edge,fad9029aef784288d56fff14cb2f9fc3,OK,PASS,,,5041833F33E20C85106600C5F8635569,378D7DD315361B3A87030B9E0CD6F52A,s2_edge_gt_mod_w16.f32,168000,0.25,663,100.0,
2025-05-12 00:39:24,gt_mod,17,gru_L20_gt_mod_w17.bit,golden,607f8f6fbf8d191b8b35c264a665a829,OK,PASS,0.000000e+00,0,338C4E1BAFDC211FB2A1174541B4FA5B,,,,,,100.0,
2025-05-12 00:39:24,gt_mod,17,gru_L20_gt_mod_w17.bit,gtr2,d9c3b0ea7a8c1dd3c4bed72e0f5f1eb5,OK,PASS,,,338C4E1BAFDC211FB2A1174541B4FA5B,FBDB4AB9D5AF15D07A536BCD1B7C4F0F,board_gtr2_gt_mod_w17.f32,21103200,31.67,666,100.0,
2025-05-12 00:40:12,gt_mod,17,gru_L20_gt_mod_w17.bit,gtr4sg,113c073a8e9de2741f4a587f5e57f7e2,OK,PASS,,,338C4E1BAFDC211FB2A1174541B4FA5B,D21C70D1C4AF41DF3F26158FC0E2A798,board_gtr4sg_gt_mod_w17.f32,17503200,26.30,665,100.0,
2025-05-12 00:40:50,gt_mod,17,gru_L20_gt_mod_w17.bit,prvtgtr,b8c1371ec7a052820dfa9ceecc707da9,OK,PASS,,,338C4E1BAFDC211FB2A1174541B4FA5B,2FB0496B73AD4B8D525EFB6018A2364C,board_prvtgtr_gt_mod_w17.f32,15151200,22.74,666,100.0,
2025-05-12 00:41:21,gt_mod,17,gru_L20_gt_mod_w17.bit,ytbass,1d11bfb1b6df6c3c446f7fa347527034,OK,PASS,,,338C4E1BAFDC211FB2A1174541B4FA5B,C7580B83B13B4D7E79618D6C63911A76,board_ytbass_gt_mod_w17.f32,29071200,43.64,666,100.0,
2025-05-12 00:42:28,gt_mod,17,gru_L20_gt_mod_w17.bit,tones,3991acd46657e9051419bb3fbc24ff74,OK,PASS,,,338C4E1BAFDC211FB2A1174541B4FA5B,62A20A4E047B5DA51E2F064A4E34673A,s2_tones_gt_mod_w17.f32,4646400,6.97,667,100.0,
2025-05-12 00:42:37,gt_mod,17,gru_L20_gt_mod_w17.bit,sweep,913d44e192cffd1459eb55e56bdd6be1,OK,PASS,,,338C4E1BAFDC211FB2A1174541B4FA5B,D19B54AE2DB863F0725B87B7FA2B9694,s2_sweep_gt_mod_w17.f32,1440000,2.16,667,100.0,
2025-05-12 00:42:40,gt_mod,17,gru_L20_gt_mod_w17.bit,silence,d051cff927d4ce28ab72215e43a2fb2b,OK,PASS,,,338C4E1BAFDC211FB2A1174541B4FA5B,74799284C627C15563165E097A272158,s2_silence_gt_mod_w17.f32,480000,0.72,665,100.0,
2025-05-12 00:42:40,gt_mod,17,gru_L20_gt_mod_w17.bit,impulse,eb445918179de211aa2625a4480c4be3,OK,PASS,,,338C4E1BAFDC211FB2A1174541B4FA5B,E3F7DB023C9F2A3981578E87732C6C04,s2_impulse_gt_mod_w17.f32,144000,0.22,660,100.0,
2025-05-12 00:42:41,gt_mod,17,gru_L20_gt_mod_w17.bit,edge,fad9029aef784288d56fff14cb2f9fc3,OK,PASS,,,338C4E1BAFDC211FB2A1174541B4FA5B,D8B245A6BFB577BB553AB5A46700BC57,s2_edge_gt_mod_w17.f32,168000,0.26,657,100.0,
2025-05-12 00:42:49,gt_mod,18,gru_L20_gt_mod_w18.bit,golden,607f8f6fbf8d191b8b35c264a665a829,OK,PASS,0.000000e+00,0,10A94F9B9F2AD378FFD0A1CF04065AC9,,,,,,100.0,
2025-05-12 00:42:49,gt_mod,18,gru_L20_gt_mod_w18.bit,gtr2,d9c3b0ea7a8c1dd3c4bed72e0f5f1eb5,OK,PASS,,,10A94F9B9F2AD378FFD0A1CF04065AC9,60B9E8AB0280BFD2C5D76A2C131C2EAD,board_gtr2_gt_mod_w18.f32,21103200,31.71,665,100.0,
2025-05-12 00:43:32,gt_mod,18,gru_L20_gt_mod_w18.bit,gtr4sg,113c073a8e9de2741f4a587f5e57f7e2,OK,PASS,,,10A94F9B9F2AD378FFD0A1CF04065AC9,4D23D4B26ED14267BAEB4835444B5866,board_gtr4sg_gt_mod_w18.f32,17503200,26.27,666,100.0,
2025-05-12 00:44:10,gt_mod,18,gru_L20_gt_mod_w18.bit,prvtgtr,b8c1371ec7a052820dfa9ceecc707da9,OK,PASS,,,10A94F9B9F2AD378FFD0A1CF04065AC9,540943C3ED4634624F6389D2B9465D8B,board_prvtgtr_gt_mod_w18.f32,15151200,22.76,666,100.0,
2025-05-12 00:44:42,gt_mod,18,gru_L20_gt_mod_w18.bit,ytbass,1d11bfb1b6df6c3c446f7fa347527034,OK,PASS,,,10A94F9B9F2AD378FFD0A1CF04065AC9,588D749D7E6429EBC9CD2D3E1F469C72,board_ytbass_gt_mod_w18.f32,29071200,43.67,666,100.0,
2025-05-12 00:45:43,gt_mod,18,gru_L20_gt_mod_w18.bit,tones,3991acd46657e9051419bb3fbc24ff74,OK,PASS,,,10A94F9B9F2AD378FFD0A1CF04065AC9,51257F61C751B5941858AFFF178E7954,s2_tones_gt_mod_w18.f32,4646400,6.97,666,100.0,
2025-05-12 00:45:52,gt_mod,18,gru_L20_gt_mod_w18.bit,sweep,913d44e192cffd1459eb55e56bdd6be1,OK,PASS,,,10A94F9B9F2AD378FFD0A1CF04065AC9,B686ACA2EA78FA5E2C79F6D334DB26B3,s2_sweep_gt_mod_w18.f32,1440000,2.16,667,100.0,
2025-05-12 00:45:55,gt_mod,18,gru_L20_gt_mod_w18.bit,silence,d051cff927d4ce28ab72215e43a2fb2b,OK,PASS,,,10A94F9B9F2AD378FFD0A1CF04065AC9,BE0AC698D57442B28B4788D3BABF506A,s2_silence_gt_mod_w18.f32,480000,0.72,665,100.0,
2025-05-12 00:45:56,gt_mod,18,gru_L20_gt_mod_w18.bit,impulse,eb445918179de211aa2625a4480c4be3,OK,PASS,,,10A94F9B9F2AD378FFD0A1CF04065AC9,CAC163FF529C55737648690903A5A8D8,s2_impulse_gt_mod_w18.f32,144000,0.22,658,100.0,
2025-05-12 00:45:56,gt_mod,18,gru_L20_gt_mod_w18.bit,edge,fad9029aef784288d56fff14cb2f9fc3,OK,PASS,,,10A94F9B9F2AD378FFD0A1CF04065AC9,5B140D033912E90DCE0903AAD4017822,s2_edge_gt_mod_w18.f32,168000,0.25,663,100.0,
2025-05-12 00:46:06,gt_mod,19,gru_L20_gt_mod_w19.bit,golden,607f8f6fbf8d191b8b35c264a665a829,OK,PASS,0.000000e+00,0,ED3F56C2EFE6B98EA87344CFDF8B8DFE,,,,,,100.0,
2025-05-12 00:46:06,gt_mod,19,gru_L20_gt_mod_w19.bit,gtr2,d9c3b0ea7a8c1dd3c4bed72e0f5f1eb5,OK,PASS,,,ED3F56C2EFE6B98EA87344CFDF8B8DFE,DB04287CD9E5A6C548DFB4C7E5035DD4,board_gtr2_gt_mod_w19.f32,21103200,31.69,666,100.0,
2025-05-12 00:46:51,gt_mod,19,gru_L20_gt_mod_w19.bit,gtr4sg,113c073a8e9de2741f4a587f5e57f7e2,OK,PASS,,,ED3F56C2EFE6B98EA87344CFDF8B8DFE,7AAD0EFF9E737556BEDD91F430FBA9F1,board_gtr4sg_gt_mod_w19.f32,17503200,26.28,666,100.0,
2025-05-12 00:47:28,gt_mod,19,gru_L20_gt_mod_w19.bit,prvtgtr,b8c1371ec7a052820dfa9ceecc707da9,OK,PASS,,,ED3F56C2EFE6B98EA87344CFDF8B8DFE,9347549BF807D629E91457EDBB0F147C,board_prvtgtr_gt_mod_w19.f32,15151200,22.76,666,100.0,
2025-05-12 00:48:00,gt_mod,19,gru_L20_gt_mod_w19.bit,ytbass,1d11bfb1b6df6c3c446f7fa347527034,OK,PASS,,,ED3F56C2EFE6B98EA87344CFDF8B8DFE,DBDFA85ACE24AE82C0B024619F5D5672,board_ytbass_gt_mod_w19.f32,29071200,43.70,665,100.0,
2025-05-12 00:49:02,gt_mod,19,gru_L20_gt_mod_w19.bit,tones,3991acd46657e9051419bb3fbc24ff74,OK,PASS,,,ED3F56C2EFE6B98EA87344CFDF8B8DFE,CFD3DCE56D2BA12DE165983CB9B1248F,s2_tones_gt_mod_w19.f32,4646400,6.96,667,100.0,
2025-05-12 00:49:11,gt_mod,19,gru_L20_gt_mod_w19.bit,sweep,913d44e192cffd1459eb55e56bdd6be1,OK,PASS,,,ED3F56C2EFE6B98EA87344CFDF8B8DFE,2C185D92D71CC5CF297E899F5F427D48,s2_sweep_gt_mod_w19.f32,1440000,2.16,667,100.0,
2025-05-12 00:49:13,gt_mod,19,gru_L20_gt_mod_w19.bit,silence,d051cff927d4ce28ab72215e43a2fb2b,OK,PASS,,,ED3F56C2EFE6B98EA87344CFDF8B8DFE,188A8E143C7D2F0987B57675AD8C18E0,s2_silence_gt_mod_w19.f32,480000,0.72,666,100.0,
2025-05-12 00:49:14,gt_mod,19,gru_L20_gt_mod_w19.bit,impulse,eb445918179de211aa2625a4480c4be3,OK,PASS,,,ED3F56C2EFE6B98EA87344CFDF8B8DFE,26B046886DC37E8AA12CEC384A08ACDD,s2_impulse_gt_mod_w19.f32,144000,0.22,660,100.0,
2025-05-12 00:49:14,gt_mod,19,gru_L20_gt_mod_w19.bit,edge,fad9029aef784288d56fff14cb2f9fc3,OK,PASS,,,ED3F56C2EFE6B98EA87344CFDF8B8DFE,94CBA1BC185DC20BF6F4036B8C85A94F,s2_edge_gt_mod_w19.f32,168000,0.25,663,100.0,
2025-05-12 00:49:19,gt_mod,20,gru_L20_gt_mod_w20.bit,golden,607f8f6fbf8d191b8b35c264a665a829,OK,PASS,0.000000e+00,0,C47E9120600C0252AD2DACBDD3276753,,,,,,100.0,
2025-05-12 00:49:19,gt_mod,20,gru_L20_gt_mod_w20.bit,gtr2,d9c3b0ea7a8c1dd3c4bed72e0f5f1eb5,OK,PASS,,,C47E9120600C0252AD2DACBDD3276753,467290C6864A74AF0A544386904C2E53,board_gtr2_gt_mod_w20.f32,21103200,31.70,666,100.0,
2025-05-12 00:50:06,gt_mod,20,gru_L20_gt_mod_w20.bit,gtr4sg,113c073a8e9de2741f4a587f5e57f7e2,OK,PASS,,,C47E9120600C0252AD2DACBDD3276753,326A45F9FAD86AFFEA8CB5703D55EDDF,board_gtr4sg_gt_mod_w20.f32,17503200,26.31,665,100.0,
2025-05-12 00:50:42,gt_mod,20,gru_L20_gt_mod_w20.bit,prvtgtr,b8c1371ec7a052820dfa9ceecc707da9,OK,PASS,,,C47E9120600C0252AD2DACBDD3276753,F9DC44F811BF9D8C563508D3959B16F5,board_prvtgtr_gt_mod_w20.f32,15151200,22.73,667,100.0,
2025-05-12 00:51:15,gt_mod,20,gru_L20_gt_mod_w20.bit,ytbass,1d11bfb1b6df6c3c446f7fa347527034,OK,PASS,,,C47E9120600C0252AD2DACBDD3276753,EC739AAC05C0379DF48AE12519F957F5,board_ytbass_gt_mod_w20.f32,29071200,43.72,665,100.0,
2025-05-12 00:52:20,gt_mod,20,gru_L20_gt_mod_w20.bit,tones,3991acd46657e9051419bb3fbc24ff74,OK,PASS,,,C47E9120600C0252AD2DACBDD3276753,396D2D096F8CA6C29E829380FC5A214C,s2_tones_gt_mod_w20.f32,4646400,6.97,666,100.0,
2025-05-12 00:52:29,gt_mod,20,gru_L20_gt_mod_w20.bit,sweep,913d44e192cffd1459eb55e56bdd6be1,OK,PASS,,,C47E9120600C0252AD2DACBDD3276753,61C2C38751F5DF55F91B9D00F5450A1E,s2_sweep_gt_mod_w20.f32,1440000,2.16,667,100.0,
2025-05-12 00:52:32,gt_mod,20,gru_L20_gt_mod_w20.bit,silence,d051cff927d4ce28ab72215e43a2fb2b,OK,PASS,,,C47E9120600C0252AD2DACBDD3276753,6EEC70F8D663B253558566CDB4A9D9EA,s2_silence_gt_mod_w20.f32,480000,0.73,660,100.0,
2025-05-12 00:52:32,gt_mod,20,gru_L20_gt_mod_w20.bit,impulse,eb445918179de211aa2625a4480c4be3,OK,PASS,,,C47E9120600C0252AD2DACBDD3276753,7B6FB8FE22EA1CADEA3D2C6216457A37,s2_impulse_gt_mod_w20.f32,144000,0.22,658,100.0,
2025-05-12 00:52:33,gt_mod,20,gru_L20_gt_mod_w20.bit,edge,fad9029aef784288d56fff14cb2f9fc3,OK,PASS,,,C47E9120600C0252AD2DACBDD3276753,5569B6288982012B50968B9EC58441D0,s2_edge_gt_mod_w20.f32,168000,0.25,663,100.0,
2025-05-12 01:59:07,gt_mod,21,gru_L20_gt_mod_w21.bit,golden,607f8f6fbf8d191b8b35c264a665a829,OK,PASS,0.000000e+00,0,DE7BF38ABDB8F74D594B8D1EF4443C63,,,,,,100.0,
2025-05-12 01:59:07,gt_mod,21,gru_L20_gt_mod_w21.bit,gtr2,d9c3b0ea7a8c1dd3c4bed72e0f5f1eb5,OK,PASS,,,DE7BF38ABDB8F74D594B8D1EF4443C63,99AB2CB2B98BDEBD4BDFDC4F28EA2EEE,board_gtr2_gt_mod_w21.f32,21103200,31.64,667,100.0,
2025-05-12 01:59:55,gt_mod,21,gru_L20_gt_mod_w21.bit,gtr4sg,113c073a8e9de2741f4a587f5e57f7e2,OK,PASS,,,DE7BF38ABDB8F74D594B8D1EF4443C63,0F5C3C02DD6D07C44482B0D6D397CA29,board_gtr4sg_gt_mod_w21.f32,17503200,26.27,666,100.0,
2025-05-12 02:00:29,gt_mod,21,gru_L20_gt_mod_w21.bit,prvtgtr,b8c1371ec7a052820dfa9ceecc707da9,OK,PASS,,,DE7BF38ABDB8F74D594B8D1EF4443C63,9B7D5AA219827A03CBDEE0E5798A54F2,board_prvtgtr_gt_mod_w21.f32,15151200,22.73,667,100.0,
2025-05-12 02:01:04,gt_mod,21,gru_L20_gt_mod_w21.bit,ytbass,1d11bfb1b6df6c3c446f7fa347527034,OK,PASS,,,DE7BF38ABDB8F74D594B8D1EF4443C63,1D7A647CAD00CFF48DDDA6248A97387C,board_ytbass_gt_mod_w21.f32,29071200,43.69,665,100.0,
2025-05-12 02:02:08,gt_mod,21,gru_L20_gt_mod_w21.bit,tones,3991acd46657e9051419bb3fbc24ff74,OK,PASS,,,DE7BF38ABDB8F74D594B8D1EF4443C63,E23B5235A73139749C9723B605151DDF,s2_tones_gt_mod_w21.f32,4646400,6.96,667,100.0,
2025-05-12 02:02:17,gt_mod,21,gru_L20_gt_mod_w21.bit,sweep,913d44e192cffd1459eb55e56bdd6be1,OK,PASS,,,DE7BF38ABDB8F74D594B8D1EF4443C63,912B3A3F249E7DBAB7C9852310FC00B9,s2_sweep_gt_mod_w21.f32,1440000,2.16,667,100.0,
2025-05-12 02:02:20,gt_mod,21,gru_L20_gt_mod_w21.bit,silence,d051cff927d4ce28ab72215e43a2fb2b,OK,PASS,,,DE7BF38ABDB8F74D594B8D1EF4443C63,AFE804708011BA7B85432BB9B77A4A4A,s2_silence_gt_mod_w21.f32,480000,0.72,665,100.0,
2025-05-12 02:02:23,gt_mod,21,gru_L20_gt_mod_w21.bit,impulse,eb445918179de211aa2625a4480c4be3,OK,PASS,,,DE7BF38ABDB8F74D594B8D1EF4443C63,0B9B8CD61F62746E07FE4A3F03011365,s2_impulse_gt_mod_w21.f32,144000,0.22,659,100.0,
2025-05-12 02:02:23,gt_mod,21,gru_L20_gt_mod_w21.bit,edge,fad9029aef784288d56fff14cb2f9fc3,OK,PASS,,,DE7BF38ABDB8F74D594B8D1EF4443C63,04BB2CD9DC7173352B1F0FFAC8936A4C,s2_edge_gt_mod_w21.f32,168000,0.25,661,100.0,
2025-05-12 02:02:32,gt_mod,22,gru_L20_gt_mod_w22.bit,golden,607f8f6fbf8d191b8b35c264a665a829,OK,PASS,0.000000e+00,0,CA8B9A003B18064EA6B5E93C5BEC5047,,,,,,100.0,
2025-05-12 02:02:32,gt_mod,22,gru_L20_gt_mod_w22.bit,gtr2,d9c3b0ea7a8c1dd3c4bed72e0f5f1eb5,OK,PASS,,,CA8B9A003B18064EA6B5E93C5BEC5047,EFD79CB600DFB7479498C5CDC1DC4A68,board_gtr2_gt_mod_w22.f32,21103200,31.35,673,100.0,
2025-05-12 02:03:17,gt_mod,22,gru_L20_gt_mod_w22.bit,gtr4sg,113c073a8e9de2741f4a587f5e57f7e2,OK,PASS,,,CA8B9A003B18064EA6B5E93C5BEC5047,D28F4734DCB8F4DCE463839FD0F98B63,board_gtr4sg_gt_mod_w22.f32,17503200,25.94,675,100.0,
2025-05-12 02:03:56,gt_mod,22,gru_L20_gt_mod_w22.bit,prvtgtr,b8c1371ec7a052820dfa9ceecc707da9,OK,PASS,,,CA8B9A003B18064EA6B5E93C5BEC5047,E154B9F54DF4D15545C1923EFB0F728F,board_prvtgtr_gt_mod_w22.f32,15151200,22.45,675,100.0,
2025-05-12 02:04:25,gt_mod,22,gru_L20_gt_mod_w22.bit,ytbass,1d11bfb1b6df6c3c446f7fa347527034,OK,PASS,,,CA8B9A003B18064EA6B5E93C5BEC5047,22F6A6DA78B67A5DF436800AE33F45EF,board_ytbass_gt_mod_w22.f32,29071200,43.13,674,100.0,
2025-05-12 02:05:33,gt_mod,22,gru_L20_gt_mod_w22.bit,tones,3991acd46657e9051419bb3fbc24ff74,OK,PASS,,,CA8B9A003B18064EA6B5E93C5BEC5047,A1BED2C7E06BB6BEA1ADCEBCBE3D8DD5,s2_tones_gt_mod_w22.f32,4646400,6.88,675,100.0,
2025-05-12 02:05:41,gt_mod,22,gru_L20_gt_mod_w22.bit,sweep,913d44e192cffd1459eb55e56bdd6be1,OK,PASS,,,CA8B9A003B18064EA6B5E93C5BEC5047,7741B66E17BBB08CD63FA64729C95962,s2_sweep_gt_mod_w22.f32,1440000,2.13,676,100.0,
2025-05-12 02:05:44,gt_mod,22,gru_L20_gt_mod_w22.bit,silence,d051cff927d4ce28ab72215e43a2fb2b,OK,PASS,,,CA8B9A003B18064EA6B5E93C5BEC5047,71C8713A8EE0D71EDD6FFA21F4622065,s2_silence_gt_mod_w22.f32,480000,0.71,674,100.0,
2025-05-12 02:05:45,gt_mod,22,gru_L20_gt_mod_w22.bit,impulse,eb445918179de211aa2625a4480c4be3,OK,PASS,,,CA8B9A003B18064EA6B5E93C5BEC5047,61B63ADB4D5684ADB696B6E16FD91D53,s2_impulse_gt_mod_w22.f32,144000,0.21,670,100.0,
2025-05-12 02:05:45,gt_mod,22,gru_L20_gt_mod_w22.bit,edge,fad9029aef784288d56fff14cb2f9fc3,OK,PASS,,,CA8B9A003B18064EA6B5E93C5BEC5047,D8E3E5791331222F6D3C0976F200F508,s2_edge_gt_mod_w22.f32,168000,0.25,670,100.0,
2025-05-12 02:05:52,gt_mod,23,gru_L20_gt_mod_w23.bit,golden,607f8f6fbf8d191b8b35c264a665a829,OK,PASS,0.000000e+00,0,2242CA0F05B3C67B6C37E73B61327D93,,,,,,100.0,
2025-05-12 02:05:52,gt_mod,23,gru_L20_gt_mod_w23.bit,gtr2,d9c3b0ea7a8c1dd3c4bed72e0f5f1eb5,OK,PASS,,,2242CA0F05B3C67B6C37E73B61327D93,F4C49176B413F5E653051A5EF4E82429,board_gtr2_gt_mod_w23.f32,21103200,31.65,667,100.0,
2025-05-12 02:06:40,gt_mod,23,gru_L20_gt_mod_w23.bit,gtr4sg,113c073a8e9de2741f4a587f5e57f7e2,OK,PASS,,,2242CA0F05B3C67B6C37E73B61327D93,329DF05244E28D9C3A65E7A8DE98DA50,board_gtr4sg_gt_mod_w23.f32,17503200,26.30,666,100.0,
2025-05-12 02:07:17,gt_mod,23,gru_L20_gt_mod_w23.bit,prvtgtr,b8c1371ec7a052820dfa9ceecc707da9,OK,PASS,,,2242CA0F05B3C67B6C37E73B61327D93,CD36604C6FC27D9D4EDEBA2234432801,board_prvtgtr_gt_mod_w23.f32,15151200,22.74,666,100.0,
2025-05-12 02:07:49,gt_mod,23,gru_L20_gt_mod_w23.bit,ytbass,1d11bfb1b6df6c3c446f7fa347527034,OK,PASS,,,2242CA0F05B3C67B6C37E73B61327D93,F853CE3C1B6B92E6B1F8CF10314DE407,board_ytbass_gt_mod_w23.f32,29071200,43.70,665,100.0,
2025-05-12 02:08:53,gt_mod,23,gru_L20_gt_mod_w23.bit,tones,3991acd46657e9051419bb3fbc24ff74,OK,PASS,,,2242CA0F05B3C67B6C37E73B61327D93,5B6E1C9321B16D77FCF6BD3B2C84E9D5,s2_tones_gt_mod_w23.f32,4646400,6.96,667,100.0,
2025-05-12 02:09:02,gt_mod,23,gru_L20_gt_mod_w23.bit,sweep,913d44e192cffd1459eb55e56bdd6be1,OK,PASS,,,2242CA0F05B3C67B6C37E73B61327D93,E2EB61F9F1EDBA31255787D4741FA141,s2_sweep_gt_mod_w23.f32,1440000,2.16,667,100.0,
2025-05-12 02:09:05,gt_mod,23,gru_L20_gt_mod_w23.bit,silence,d051cff927d4ce28ab72215e43a2fb2b,OK,PASS,,,2242CA0F05B3C67B6C37E73B61327D93,D486F54282B05ECDD52BF05C741F9602,s2_silence_gt_mod_w23.f32,480000,0.72,665,100.0,
2025-05-12 02:09:06,gt_mod,23,gru_L20_gt_mod_w23.bit,impulse,eb445918179de211aa2625a4480c4be3,OK,PASS,,,2242CA0F05B3C67B6C37E73B61327D93,0930A868DE64A41E03BCBB23CA50C39C,s2_impulse_gt_mod_w23.f32,144000,0.22,651,100.0,
2025-05-12 02:09:06,gt_mod,23,gru_L20_gt_mod_w23.bit,edge,fad9029aef784288d56fff14cb2f9fc3,OK,PASS,,,2242CA0F05B3C67B6C37E73B61327D93,8BEAF1AA51C5BC97266EFD33CFF6E41C,s2_edge_gt_mod_w23.f32,168000,0.25,664,100.0,
2025-05-12 02:09:14,gt_mod,24,gru_L20_gt_mod_w24.bit,golden,607f8f6fbf8d191b8b35c264a665a829,OK,PASS,0.000000e+00,0,1B5368520623BF4B663A5762D87A1EDA,,,,,,100.0,
2025-05-12 02:09:14,gt_mod,24,gru_L20_gt_mod_w24.bit,gtr2,d9c3b0ea7a8c1dd3c4bed72e0f5f1eb5,OK,PASS,,,1B5368520623BF4B663A5762D87A1EDA,63F93B43C3A81038356D28F2313F8731,board_gtr2_gt_mod_w24.f32,21103200,31.68,666,100.0,
2025-05-12 02:10:02,gt_mod,24,gru_L20_gt_mod_w24.bit,gtr4sg,113c073a8e9de2741f4a587f5e57f7e2,OK,PASS,,,1B5368520623BF4B663A5762D87A1EDA,F1EEDCBC16C6CBB2BF953F5123DC8867,board_gtr4sg_gt_mod_w24.f32,17503200,26.27,666,100.0,
2025-05-12 02:10:38,gt_mod,24,gru_L20_gt_mod_w24.bit,prvtgtr,b8c1371ec7a052820dfa9ceecc707da9,OK,PASS,,,1B5368520623BF4B663A5762D87A1EDA,6BB811DCD33A3F7EAE6007DE396EBDEA,board_prvtgtr_gt_mod_w24.f32,15151200,22.75,666,100.0,
2025-05-12 02:11:11,gt_mod,24,gru_L20_gt_mod_w24.bit,ytbass,1d11bfb1b6df6c3c446f7fa347527034,OK,PASS,,,1B5368520623BF4B663A5762D87A1EDA,4AB1FA16689CC3560AE22874D336448B,board_ytbass_gt_mod_w24.f32,29071200,43.73,665,100.0,
2025-05-12 02:12:11,gt_mod,24,gru_L20_gt_mod_w24.bit,tones,3991acd46657e9051419bb3fbc24ff74,OK,PASS,,,1B5368520623BF4B663A5762D87A1EDA,2D5100F0BF7E7C1DC40602BAFA270E60,s2_tones_gt_mod_w24.f32,4646400,6.97,666,100.0,
2025-05-12 02:12:20,gt_mod,24,gru_L20_gt_mod_w24.bit,sweep,913d44e192cffd1459eb55e56bdd6be1,OK,PASS,,,1B5368520623BF4B663A5762D87A1EDA,8A2BBF9C03A222650AF6CA280B2F864F,s2_sweep_gt_mod_w24.f32,1440000,2.16,666,100.0,
2025-05-12 02:12:22,gt_mod,24,gru_L20_gt_mod_w24.bit,silence,d051cff927d4ce28ab72215e43a2fb2b,OK,PASS,,,1B5368520623BF4B663A5762D87A1EDA,72698D19B78C81365634A7D6927981D5,s2_silence_gt_mod_w24.f32,480000,0.72,665,100.0,
2025-05-12 02:12:23,gt_mod,24,gru_L20_gt_mod_w24.bit,impulse,eb445918179de211aa2625a4480c4be3,OK,PASS,,,1B5368520623BF4B663A5762D87A1EDA,57D382383D8FB5F7A0877A824EA81547,s2_impulse_gt_mod_w24.f32,144000,0.22,661,100.0,
2025-05-12 02:12:23,gt_mod,24,gru_L20_gt_mod_w24.bit,edge,fad9029aef784288d56fff14cb2f9fc3,OK,PASS,,,1B5368520623BF4B663A5762D87A1EDA,066B5C9735B3602E88328038DB318137,s2_edge_gt_mod_w24.f32,168000,0.25,663,100.0,
2025-05-12 02:12:30,fl_max,8,gru_L20_fl_max_w8.bit,golden,607f8f6fbf8d191b8b35c264a665a829,OK,PASS,0.000000e+00,0,4495E5A65ECBC2292661A399BD146970,,,,,,100.0,
2025-05-12 02:12:30,fl_max,8,gru_L20_fl_max_w8.bit,gtr2,d9c3b0ea7a8c1dd3c4bed72e0f5f1eb5,OK,PASS,,,4495E5A65ECBC2292661A399BD146970,A9E47A8AD63CA985A3FC651199D81F92,board_gtr2_fl_max_w8.f32,21103200,31.48,670,100.0,
2025-05-12 02:13:14,fl_max,8,gru_L20_fl_max_w8.bit,gtr4sg,113c073a8e9de2741f4a587f5e57f7e2,OK,PASS,,,4495E5A65ECBC2292661A399BD146970,853B3D34C66632A1870E3E4A8677128C,board_gtr4sg_fl_max_w8.f32,17503200,26.11,670,100.0,
2025-05-12 02:13:50,fl_max,8,gru_L20_fl_max_w8.bit,prvtgtr,b8c1371ec7a052820dfa9ceecc707da9,OK,PASS,,,4495E5A65ECBC2292661A399BD146970,FB2BAB51903F106F8A629CDBA71170C3,board_prvtgtr_fl_max_w8.f32,15151200,22.58,671,100.0,
2025-05-12 02:14:18,fl_max,8,gru_L20_fl_max_w8.bit,ytbass,1d11bfb1b6df6c3c446f7fa347527034,OK,PASS,,,4495E5A65ECBC2292661A399BD146970,0DFEF65CADF947F70C2D470179C58C90,board_ytbass_fl_max_w8.f32,29071200,43.39,670,100.0,
2025-05-12 02:15:23,fl_max,8,gru_L20_fl_max_w8.bit,tones,3991acd46657e9051419bb3fbc24ff74,OK,PASS,,,4495E5A65ECBC2292661A399BD146970,8E02E611D891F045231BA32AB71A42B2,s2_tones_fl_max_w8.f32,4646400,6.93,670,100.0,
2025-05-12 02:15:31,fl_max,8,gru_L20_fl_max_w8.bit,sweep,913d44e192cffd1459eb55e56bdd6be1,OK,PASS,,,4495E5A65ECBC2292661A399BD146970,39D816AF6BF8444E5C827BCFAB641CCC,s2_sweep_fl_max_w8.f32,1440000,2.15,671,100.0,
2025-05-12 02:15:34,fl_max,8,gru_L20_fl_max_w8.bit,silence,d051cff927d4ce28ab72215e43a2fb2b,OK,PASS,,,4495E5A65ECBC2292661A399BD146970,F2BB88025740DA4B4F45F696F7822750,s2_silence_fl_max_w8.f32,480000,0.72,668,100.0,
2025-05-12 02:15:35,fl_max,8,gru_L20_fl_max_w8.bit,impulse,eb445918179de211aa2625a4480c4be3,OK,PASS,,,4495E5A65ECBC2292661A399BD146970,5D9395CA96E0DB3A7A6996D4311EC3D9,s2_impulse_fl_max_w8.f32,144000,0.22,663,100.0,
2025-05-12 02:15:35,fl_max,8,gru_L20_fl_max_w8.bit,edge,fad9029aef784288d56fff14cb2f9fc3,OK,PASS,,,4495E5A65ECBC2292661A399BD146970,C6C62816C6B8D99A4D9B2CBD4B2F9D48,s2_edge_fl_max_w8.f32,168000,0.25,665,100.0,
2025-05-12 02:15:43,fl_max,9,gru_L20_fl_max_w9.bit,golden,607f8f6fbf8d191b8b35c264a665a829,OK,PASS,0.000000e+00,0,17CB5874861057E4783A7C9CE35BA2E4,,,,,,100.0,
2025-05-12 02:15:43,fl_max,9,gru_L20_fl_max_w9.bit,gtr2,d9c3b0ea7a8c1dd3c4bed72e0f5f1eb5,OK,PASS,,,17CB5874861057E4783A7C9CE35BA2E4,B7DA3E23D541F2AC25D10F113C397F3E,board_gtr2_fl_max_w9.f32,21103200,31.27,675,100.0,
2025-05-12 02:16:27,fl_max,9,gru_L20_fl_max_w9.bit,gtr4sg,113c073a8e9de2741f4a587f5e57f7e2,OK,PASS,,,17CB5874861057E4783A7C9CE35BA2E4,F11A805C7BA2CDE0CBA65D1B3F5C8D8A,board_gtr4sg_fl_max_w9.f32,17503200,25.93,675,100.0,
2025-05-12 02:17:06,fl_max,9,gru_L20_fl_max_w9.bit,prvtgtr,b8c1371ec7a052820dfa9ceecc707da9,OK,PASS,,,17CB5874861057E4783A7C9CE35BA2E4,74602CF146BC274E81D38E9CC8C7DFF1,board_prvtgtr_fl_max_w9.f32,15151200,22.44,675,100.0,
2025-05-12 02:17:37,fl_max,9,gru_L20_fl_max_w9.bit,ytbass,1d11bfb1b6df6c3c446f7fa347527034,OK,PASS,,,17CB5874861057E4783A7C9CE35BA2E4,E292A74F009ECDC28F4C26DE27192406,board_ytbass_fl_max_w9.f32,29071200,43.13,674,100.0,
2025-05-12 02:18:45,fl_max,9,gru_L20_fl_max_w9.bit,tones,3991acd46657e9051419bb3fbc24ff74,OK,PASS,,,17CB5874861057E4783A7C9CE35BA2E4,74168A00DE0E373B2DE79972D4317DAC,s2_tones_fl_max_w9.f32,4646400,6.88,675,100.0,
2025-05-12 02:18:53,fl_max,9,gru_L20_fl_max_w9.bit,sweep,913d44e192cffd1459eb55e56bdd6be1,OK,PASS,,,17CB5874861057E4783A7C9CE35BA2E4,2B69DF552BC4B2145C44DD0C35F12D9F,s2_sweep_fl_max_w9.f32,1440000,2.13,676,100.0,
2025-05-12 02:18:56,fl_max,9,gru_L20_fl_max_w9.bit,silence,d051cff927d4ce28ab72215e43a2fb2b,OK,PASS,,,17CB5874861057E4783A7C9CE35BA2E4,5A99D684F4BD5F6E3D3278CF2517CA49,s2_silence_fl_max_w9.f32,480000,0.72,671,100.0,
2025-05-12 02:18:58,fl_max,9,gru_L20_fl_max_w9.bit,impulse,eb445918179de211aa2625a4480c4be3,OK,PASS,,,17CB5874861057E4783A7C9CE35BA2E4,7BA60FE3315FA9269946A6788379E09E,s2_impulse_fl_max_w9.f32,144000,0.22,669,100.0,
2025-05-12 02:18:58,fl_max,9,gru_L20_fl_max_w9.bit,edge,fad9029aef784288d56fff14cb2f9fc3,OK,PASS,,,17CB5874861057E4783A7C9CE35BA2E4,0857055DB8BBC18AF52D69AD8CE01C12,s2_edge_fl_max_w9.f32,168000,0.25,667,100.0,
2025-05-12 02:19:07,fl_max,10,gru_L20_fl_max_w10.bit,golden,607f8f6fbf8d191b8b35c264a665a829,OK,PASS,0.000000e+00,0,E76EDFE950C2BE3B2E6EC26C2612BB88,,,,,,100.0,
2025-05-12 02:19:07,fl_max,10,gru_L20_fl_max_w10.bit,gtr2,d9c3b0ea7a8c1dd3c4bed72e0f5f1eb5,OK,PASS,,,E76EDFE950C2BE3B2E6EC26C2612BB88,C258316456E187563BBC260E135ED47F,board_gtr2_fl_max_w10.f32,21103200,31.25,675,100.0,
2025-05-12 02:19:50,fl_max,10,gru_L20_fl_max_w10.bit,gtr4sg,113c073a8e9de2741f4a587f5e57f7e2,OK,PASS,,,E76EDFE950C2BE3B2E6EC26C2612BB88,6B03554A4F24EB0DA12799F1686A20CD,board_gtr4sg_fl_max_w10.f32,17503200,25.91,675,100.0,
2025-05-12 02:20:30,fl_max,10,gru_L20_fl_max_w10.bit,prvtgtr,b8c1371ec7a052820dfa9ceecc707da9,OK,PASS,,,E76EDFE950C2BE3B2E6EC26C2612BB88,9449885A96EB589C707A2DB9C9663CC2,board_prvtgtr_fl_max_w10.f32,15151200,22.44,675,100.0,
2025-05-12 02:21:01,fl_max,10,gru_L20_fl_max_w10.bit,ytbass,1d11bfb1b6df6c3c446f7fa347527034,OK,PASS,,,E76EDFE950C2BE3B2E6EC26C2612BB88,F53ED83C943F749BB38F4B16D695715D,board_ytbass_fl_max_w10.f32,29071200,43.11,674,100.0,
2025-05-12 02:22:04,fl_max,10,gru_L20_fl_max_w10.bit,tones,3991acd46657e9051419bb3fbc24ff74,OK,PASS,,,E76EDFE950C2BE3B2E6EC26C2612BB88,4F0432B3B22CE18BA92713CFA1296D59,s2_tones_fl_max_w10.f32,4646400,6.89,674,100.0,
2025-05-12 02:22:13,fl_max,10,gru_L20_fl_max_w10.bit,sweep,913d44e192cffd1459eb55e56bdd6be1,OK,PASS,,,E76EDFE950C2BE3B2E6EC26C2612BB88,1E7EACBA890DD81CAE7F69295F344E02,s2_sweep_fl_max_w10.f32,1440000,2.13,675,100.0,
2025-05-12 02:22:16,fl_max,10,gru_L20_fl_max_w10.bit,silence,d051cff927d4ce28ab72215e43a2fb2b,OK,PASS,,,E76EDFE950C2BE3B2E6EC26C2612BB88,2BDA6479591A975F04608AF801C5AC8F,s2_silence_fl_max_w10.f32,480000,0.72,670,100.0,
2025-05-12 02:22:16,fl_max,10,gru_L20_fl_max_w10.bit,impulse,eb445918179de211aa2625a4480c4be3,OK,PASS,,,E76EDFE950C2BE3B2E6EC26C2612BB88,DF76D7B6A424CA6751A09CC0C2B8B996,s2_impulse_fl_max_w10.f32,144000,0.21,671,100.0,
2025-05-12 02:22:17,fl_max,10,gru_L20_fl_max_w10.bit,edge,fad9029aef784288d56fff14cb2f9fc3,OK,PASS,,,E76EDFE950C2BE3B2E6EC26C2612BB88,AE6D6A1DED9EFFB5AA05C8DB331FA019,s2_edge_fl_max_w10.f32,168000,0.25,672,100.0,
2025-05-12 02:22:23,fl_max,11,gru_L20_fl_max_w11.bit,golden,607f8f6fbf8d191b8b35c264a665a829,OK,PASS,0.000000e+00,0,DB20B722764E9099D291EC9BEF3BBCF7,,,,,,100.0,
2025-05-12 02:22:23,fl_max,11,gru_L20_fl_max_w11.bit,gtr2,d9c3b0ea7a8c1dd3c4bed72e0f5f1eb5,OK,PASS,,,DB20B722764E9099D291EC9BEF3BBCF7,615173973BA650FED88DCE270DC10DC6,board_gtr2_fl_max_w11.f32,21103200,31.29,675,100.0,
2025-05-12 02:23:08,fl_max,11,gru_L20_fl_max_w11.bit,gtr4sg,113c073a8e9de2741f4a587f5e57f7e2,OK,PASS,,,DB20B722764E9099D291EC9BEF3BBCF7,5B354DD59ADB62A68B03AA9B693B312E,board_gtr4sg_fl_max_w11.f32,17503200,25.91,676,100.0,
2025-05-12 02:23:45,fl_max,11,gru_L20_fl_max_w11.bit,prvtgtr,b8c1371ec7a052820dfa9ceecc707da9,OK,PASS,,,DB20B722764E9099D291EC9BEF3BBCF7,DE54B7EE4C996E57C5E19BF278DA3592,board_prvtgtr_fl_max_w11.f32,15151200,22.45,675,100.0,
2025-05-12 02:24:16,fl_max,11,gru_L20_fl_max_w11.bit,ytbass,1d11bfb1b6df6c3c446f7fa347527034,OK,PASS,,,DB20B722764E9099D291EC9BEF3BBCF7,C28A2E0E75D7B72D92777EB58C7E40BE,board_ytbass_fl_max_w11.f32,29071200,43.12,674,100.0,
2025-05-12 02:25:19,fl_max,11,gru_L20_fl_max_w11.bit,tones,3991acd46657e9051419bb3fbc24ff74,OK,PASS,,,DB20B722764E9099D291EC9BEF3BBCF7,A4EB6A30E8350D640ED942E3301028E1,s2_tones_fl_max_w11.f32,4646400,6.88,675,100.0,
2025-05-12 02:25:28,fl_max,11,gru_L20_fl_max_w11.bit,sweep,913d44e192cffd1459eb55e56bdd6be1,OK,PASS,,,DB20B722764E9099D291EC9BEF3BBCF7,9927065F2019550F0465276260F889EA,s2_sweep_fl_max_w11.f32,1440000,2.13,675,100.0,
2025-05-12 02:25:30,fl_max,11,gru_L20_fl_max_w11.bit,silence,d051cff927d4ce28ab72215e43a2fb2b,OK,PASS,,,DB20B722764E9099D291EC9BEF3BBCF7,9AF1E95FE15D8933869D0DF4B1278135,s2_silence_fl_max_w11.f32,480000,0.71,674,100.0,
2025-05-12 02:25:31,fl_max,11,gru_L20_fl_max_w11.bit,impulse,eb445918179de211aa2625a4480c4be3,OK,PASS,,,DB20B722764E9099D291EC9BEF3BBCF7,AC63C1805AE7C89C68076872A39FFDC2,s2_impulse_fl_max_w11.f32,144000,0.22,668,100.0,
2025-05-12 02:25:31,fl_max,11,gru_L20_fl_max_w11.bit,edge,fad9029aef784288d56fff14cb2f9fc3,OK,PASS,,,DB20B722764E9099D291EC9BEF3BBCF7,49764816AABCD1DEB6AB45000B6A4D34,s2_edge_fl_max_w11.f32,168000,0.25,670,100.0,
2025-05-12 02:25:41,fl_max,12,gru_L20_fl_max_w12.bit,golden,607f8f6fbf8d191b8b35c264a665a829,OK,PASS,0.000000e+00,0,472B2B68568814C617D7A6EC4D2FBBDF,,,,,,100.0,
2025-05-12 02:25:41,fl_max,12,gru_L20_fl_max_w12.bit,gtr2,d9c3b0ea7a8c1dd3c4bed72e0f5f1eb5,OK,PASS,,,472B2B68568814C617D7A6EC4D2FBBDF,6EC72F6C5A541253F0D262D3D49E63CA,board_gtr2_fl_max_w12.f32,21103200,31.24,675,100.0,
2025-05-12 02:26:24,fl_max,12,gru_L20_fl_max_w12.bit,gtr4sg,113c073a8e9de2741f4a587f5e57f7e2,OK,PASS,,,472B2B68568814C617D7A6EC4D2FBBDF,C17041DAE30147FA14573F60C28D1A7D,board_gtr4sg_fl_max_w12.f32,17503200,25.98,674,100.0,
2025-05-12 02:27:03,fl_max,12,gru_L20_fl_max_w12.bit,prvtgtr,b8c1371ec7a052820dfa9ceecc707da9,OK,PASS,,,472B2B68568814C617D7A6EC4D2FBBDF,01C673A351D53D67FD492A3CEEC25712,board_prvtgtr_fl_max_w12.f32,15151200,22.42,676,100.0,
2025-05-12 02:27:34,fl_max,12,gru_L20_fl_max_w12.bit,ytbass,1d11bfb1b6df6c3c446f7fa347527034,OK,PASS,,,472B2B68568814C617D7A6EC4D2FBBDF,9B2CB72EECAF5E95AE53F20C3FC14824,board_ytbass_fl_max_w12.f32,29071200,43.09,675,100.0,
2025-05-12 02:28:35,fl_max,12,gru_L20_fl_max_w12.bit,tones,3991acd46657e9051419bb3fbc24ff74,OK,PASS,,,472B2B68568814C617D7A6EC4D2FBBDF,0894A04A4AC8541B02A9A6BB3B0823B5,s2_tones_fl_max_w12.f32,4646400,6.87,676,100.0,
2025-05-12 02:28:43,fl_max,12,gru_L20_fl_max_w12.bit,sweep,913d44e192cffd1459eb55e56bdd6be1,OK,PASS,,,472B2B68568814C617D7A6EC4D2FBBDF,0BA3B9D20D40202644B2F46EAF2988D1,s2_sweep_fl_max_w12.f32,1440000,2.13,675,100.0,
2025-05-12 02:28:47,fl_max,12,gru_L20_fl_max_w12.bit,silence,d051cff927d4ce28ab72215e43a2fb2b,OK,PASS,,,472B2B68568814C617D7A6EC4D2FBBDF,53224FB94DD72CB263049FC70A584064,s2_silence_fl_max_w12.f32,480000,0.71,675,100.0,
2025-05-12 02:28:49,fl_max,12,gru_L20_fl_max_w12.bit,impulse,eb445918179de211aa2625a4480c4be3,OK,PASS,,,472B2B68568814C617D7A6EC4D2FBBDF,5C2B6645E9C7D80F895B09E8777E1EED,s2_impulse_fl_max_w12.f32,144000,0.22,668,100.0,
2025-05-12 02:28:49,fl_max,12,gru_L20_fl_max_w12.bit,edge,fad9029aef784288d56fff14cb2f9fc3,OK,PASS,,,472B2B68568814C617D7A6EC4D2FBBDF,66ADC7B8F8770B153FC62F34E94704A2,s2_edge_fl_max_w12.f32,168000,0.25,672,100.0,
2025-05-12 02:28:54,fl_max,13,gru_L20_fl_max_w13.bit,golden,607f8f6fbf8d191b8b35c264a665a829,OK,PASS,0.000000e+00,0,1610CB919148AAC96E2FC98499ED6732,,,,,,100.0,
2025-05-12 02:28:54,fl_max,13,gru_L20_fl_max_w13.bit,gtr2,d9c3b0ea7a8c1dd3c4bed72e0f5f1eb5,OK,PASS,,,1610CB919148AAC96E2FC98499ED6732,4E6AA39F9A7074CB01113421C2142C48,board_gtr2_fl_max_w13.f32,21103200,31.27,675,100.0,
2025-05-12 02:29:41,fl_max,13,gru_L20_fl_max_w13.bit,gtr4sg,113c073a8e9de2741f4a587f5e57f7e2,OK,PASS,,,1610CB919148AAC96E2FC98499ED6732,179B05798B69B02BD232D46BB03AF46C,board_gtr4sg_fl_max_w13.f32,17503200,25.92,675,100.0,
2025-05-12 02:30:21,fl_max,13,gru_L20_fl_max_w13.bit,prvtgtr,b8c1371ec7a052820dfa9ceecc707da9,OK,PASS,,,1610CB919148AAC96E2FC98499ED6732,780B32C260FE152A6C6175EBF45F9E2E,board_prvtgtr_fl_max_w13.f32,15151200,22.45,675,100.0,
2025-05-12 02:30:51,fl_max,13,gru_L20_fl_max_w13.bit,ytbass,1d11bfb1b6df6c3c446f7fa347527034,OK,PASS,,,1610CB919148AAC96E2FC98499ED6732,76B6D8CEF61DFE296197BC527C2F13F0,board_ytbass_fl_max_w13.f32,29071200,43.08,675,100.0,
2025-05-12 02:31:51,fl_max,13,gru_L20_fl_max_w13.bit,tones,3991acd46657e9051419bb3fbc24ff74,OK,PASS,,,1610CB919148AAC96E2FC98499ED6732,7BA71AD6CCFEAEDAC7B24D6B9CD0F04D,s2_tones_fl_max_w13.f32,4646400,6.87,676,100.0,
2025-05-12 02:31:59,fl_max,13,gru_L20_fl_max_w13.bit,sweep,913d44e192cffd1459eb55e56bdd6be1,OK,PASS,,,1610CB919148AAC96E2FC98499ED6732,4427B763C3C37053A21361459977D9CD,s2_sweep_fl_max_w13.f32,1440000,2.13,676,100.0,
2025-05-12 02:32:02,fl_max,13,gru_L20_fl_max_w13.bit,silence,d051cff927d4ce28ab72215e43a2fb2b,OK,PASS,,,1610CB919148AAC96E2FC98499ED6732,FF1428B5A1B5220F1A66BE5AAD6D94F2,s2_silence_fl_max_w13.f32,480000,0.71,673,100.0,
2025-05-12 02:32:03,fl_max,13,gru_L20_fl_max_w13.bit,impulse,eb445918179de211aa2625a4480c4be3,OK,PASS,,,1610CB919148AAC96E2FC98499ED6732,A9CA1B49306E7D2835E143DBAEE7B4C3,s2_impulse_fl_max_w13.f32,144000,0.22,669,100.0,
2025-05-12 02:32:03,fl_max,13,gru_L20_fl_max_w13.bit,edge,fad9029aef784288d56fff14cb2f9fc3,OK,PASS,,,1610CB919148AAC96E2FC98499ED6732,9C545A47E63DA4249E15F4965CA78549,s2_edge_fl_max_w13.f32,168000,0.25,672,100.0,
2025-05-12 02:32:09,fl_max,14,gru_L20_fl_max_w14.bit,golden,607f8f6fbf8d191b8b35c264a665a829,OK,PASS,0.000000e+00,0,85EAF9A99E558F2A6697ED44F7C8A38B,,,,,,100.0,
2025-05-12 02:32:09,fl_max,14,gru_L20_fl_max_w14.bit,gtr2,d9c3b0ea7a8c1dd3c4bed72e0f5f1eb5,OK,PASS,,,85EAF9A99E558F2A6697ED44F7C8A38B,175679EE9B5E6800DFC6A6DE158E8E8B,board_gtr2_fl_max_w14.f32,21103200,31.67,666,100.0,
2025-05-12 02:32:54,fl_max,14,gru_L20_fl_max_w14.bit,gtr4sg,113c073a8e9de2741f4a587f5e57f7e2,OK,PASS,,,85EAF9A99E558F2A6697ED44F7C8A38B,880DD6BDA9A251F2D7ACA42140596D63,board_gtr4sg_fl_max_w14.f32,17503200,26.25,667,100.0,
2025-05-12 02:33:33,fl_max,14,gru_L20_fl_max_w14.bit,prvtgtr,b8c1371ec7a052820dfa9ceecc707da9,OK,PASS,,,85EAF9A99E558F2A6697ED44F7C8A38B,6ED7E98929BB8EBEBE2CD0C74566F1E2,board_prvtgtr_fl_max_w14.f32,15151200,22.75,666,100.0,
2025-05-12 02:34:04,fl_max,14,gru_L20_fl_max_w14.bit,ytbass,1d11bfb1b6df6c3c446f7fa347527034,OK,PASS,,,85EAF9A99E558F2A6697ED44F7C8A38B,6FFE0141B827D91F3C7E4FC14804FA58,board_ytbass_fl_max_w14.f32,29071200,43.69,665,100.0,
2025-05-12 02:35:04,fl_max,14,gru_L20_fl_max_w14.bit,tones,3991acd46657e9051419bb3fbc24ff74,OK,PASS,,,85EAF9A99E558F2A6697ED44F7C8A38B,A4753EE5B1705E1AB339C521B6FD1FE7,s2_tones_fl_max_w14.f32,4646400,6.97,666,100.0,
2025-05-12 02:35:13,fl_max,14,gru_L20_fl_max_w14.bit,sweep,913d44e192cffd1459eb55e56bdd6be1,OK,PASS,,,85EAF9A99E558F2A6697ED44F7C8A38B,353F548DEFBBE595B315C666CB14A6E2,s2_sweep_fl_max_w14.f32,1440000,2.16,665,100.0,
2025-05-12 02:35:15,fl_max,14,gru_L20_fl_max_w14.bit,silence,d051cff927d4ce28ab72215e43a2fb2b,OK,PASS,,,85EAF9A99E558F2A6697ED44F7C8A38B,CDCB1B01B27BF012ECFD966559B86B4D,s2_silence_fl_max_w14.f32,480000,0.72,665,100.0,
2025-05-12 02:35:16,fl_max,14,gru_L20_fl_max_w14.bit,impulse,eb445918179de211aa2625a4480c4be3,OK,PASS,,,85EAF9A99E558F2A6697ED44F7C8A38B,B1B6435CD3DB41FA5F1D97977F3F1EE4,s2_impulse_fl_max_w14.f32,144000,0.22,659,100.0,
2025-05-12 02:35:17,fl_max,14,gru_L20_fl_max_w14.bit,edge,fad9029aef784288d56fff14cb2f9fc3,OK,PASS,,,85EAF9A99E558F2A6697ED44F7C8A38B,E1F4FA552B1A1D1AD65B4FE82B883FD8,s2_edge_fl_max_w14.f32,168000,0.26,655,100.0,
2025-05-12 02:35:26,fl_max,15,gru_L20_fl_max_w15.bit,golden,607f8f6fbf8d191b8b35c264a665a829,OK,PASS,0.000000e+00,0,EFE4E9118DA72EF9F6E9325262F3E5B2,,,,,,100.0,
2025-05-12 02:35:26,fl_max,15,gru_L20_fl_max_w15.bit,gtr2,d9c3b0ea7a8c1dd3c4bed72e0f5f1eb5,OK,PASS,,,EFE4E9118DA72EF9F6E9325262F3E5B2,AAC75E8B8F25C6D0D0C45CB22F1B03E6,board_gtr2_fl_max_w15.f32,21103200,31.67,666,100.0,
2025-05-12 02:36:08,fl_max,15,gru_L20_fl_max_w15.bit,gtr4sg,113c073a8e9de2741f4a587f5e57f7e2,OK,PASS,,,EFE4E9118DA72EF9F6E9325262F3E5B2,B17F8F0B89A26FDCD222557C34306CF8,board_gtr4sg_fl_max_w15.f32,17503200,26.24,667,100.0,
2025-05-12 02:36:46,fl_max,15,gru_L20_fl_max_w15.bit,prvtgtr,b8c1371ec7a052820dfa9ceecc707da9,OK,PASS,,,EFE4E9118DA72EF9F6E9325262F3E5B2,108019B86D637392B8D752EBBCF274D3,board_prvtgtr_fl_max_w15.f32,15151200,22.74,666,100.0,
2025-05-12 02:37:17,fl_max,15,gru_L20_fl_max_w15.bit,ytbass,1d11bfb1b6df6c3c446f7fa347527034,OK,PASS,,,EFE4E9118DA72EF9F6E9325262F3E5B2,638F3018298BD2B349EA2236DDE3616A,board_ytbass_fl_max_w15.f32,29071200,43.69,665,100.0,
2025-05-12 02:38:17,fl_max,15,gru_L20_fl_max_w15.bit,tones,3991acd46657e9051419bb3fbc24ff74,OK,PASS,,,EFE4E9118DA72EF9F6E9325262F3E5B2,3BAEF47019641A0FFB838EDBB72F226E,s2_tones_fl_max_w15.f32,4646400,6.97,667,100.0,
2025-05-12 02:38:27,fl_max,15,gru_L20_fl_max_w15.bit,sweep,913d44e192cffd1459eb55e56bdd6be1,OK,PASS,,,EFE4E9118DA72EF9F6E9325262F3E5B2,C9509831F2CCF482DF0B54B6336AF4C8,s2_sweep_fl_max_w15.f32,1440000,2.16,668,100.0,
2025-05-12 02:38:29,fl_max,15,gru_L20_fl_max_w15.bit,silence,d051cff927d4ce28ab72215e43a2fb2b,OK,PASS,,,EFE4E9118DA72EF9F6E9325262F3E5B2,3E8A7A96C97D57216B42F8D24DAB4486,s2_silence_fl_max_w15.f32,480000,0.72,663,100.0,
2025-05-12 02:38:30,fl_max,15,gru_L20_fl_max_w15.bit,impulse,eb445918179de211aa2625a4480c4be3,OK,PASS,,,EFE4E9118DA72EF9F6E9325262F3E5B2,1C8E43C0686D940E7A5599D1B462C678,s2_impulse_fl_max_w15.f32,144000,0.22,659,100.0,
2025-05-12 02:38:30,fl_max,15,gru_L20_fl_max_w15.bit,edge,fad9029aef784288d56fff14cb2f9fc3,OK,PASS,,,EFE4E9118DA72EF9F6E9325262F3E5B2,78E34650CEBD1D595BA0C7280220ABC9,s2_edge_fl_max_w15.f32,168000,0.33,511,100.0,
2025-05-12 02:38:35,fl_max,16,gru_L20_fl_max_w16.bit,golden,607f8f6fbf8d191b8b35c264a665a829,OK,PASS,0.000000e+00,0,EDB9C5E4040BA5E2263857CF8C54FF40,,,,,,100.0,
2025-05-12 02:38:35,fl_max,16,gru_L20_fl_max_w16.bit,gtr2,d9c3b0ea7a8c1dd3c4bed72e0f5f1eb5,OK,PASS,,,EDB9C5E4040BA5E2263857CF8C54FF40,AD6121424600C9274B4C589CBCF73753,board_gtr2_fl_max_w16.f32,21103200,31.68,666,100.0,
2025-05-12 02:39:20,fl_max,16,gru_L20_fl_max_w16.bit,gtr4sg,113c073a8e9de2741f4a587f5e57f7e2,OK,PASS,,,EDB9C5E4040BA5E2263857CF8C54FF40,0CE38F4C0D9E82377D3D79D67C64FCE2,board_gtr4sg_fl_max_w16.f32,17503200,26.26,667,100.0,
2025-05-12 02:39:57,fl_max,16,gru_L20_fl_max_w16.bit,prvtgtr,b8c1371ec7a052820dfa9ceecc707da9,OK,PASS,,,EDB9C5E4040BA5E2263857CF8C54FF40,38360CFDD6AC8E3C55DE05EBE13F5F0C,board_prvtgtr_fl_max_w16.f32,15151200,22.76,666,100.0,
2025-05-12 02:40:30,fl_max,16,gru_L20_fl_max_w16.bit,ytbass,1d11bfb1b6df6c3c446f7fa347527034,OK,PASS,,,EDB9C5E4040BA5E2263857CF8C54FF40,27BDA18A1B7F405BCC626BC3EB45448B,board_ytbass_fl_max_w16.f32,29071200,43.68,666,100.0,
2025-05-12 02:41:33,fl_max,16,gru_L20_fl_max_w16.bit,tones,3991acd46657e9051419bb3fbc24ff74,OK,PASS,,,EDB9C5E4040BA5E2263857CF8C54FF40,1C7351DFA51F64CA6221BA87C278B399,s2_tones_fl_max_w16.f32,4646400,6.97,667,100.0,
2025-05-12 02:41:41,fl_max,16,gru_L20_fl_max_w16.bit,sweep,913d44e192cffd1459eb55e56bdd6be1,OK,PASS,,,EDB9C5E4040BA5E2263857CF8C54FF40,2B04B9F7D786BC4DACC9878FAE046BAD,s2_sweep_fl_max_w16.f32,1440000,2.16,667,100.0,
2025-05-12 02:41:45,fl_max,16,gru_L20_fl_max_w16.bit,silence,d051cff927d4ce28ab72215e43a2fb2b,OK,PASS,,,EDB9C5E4040BA5E2263857CF8C54FF40,2C6F84CDD0A5128B2823C0826D897C10,s2_silence_fl_max_w16.f32,480000,0.72,665,100.0,
2025-05-12 02:41:46,fl_max,16,gru_L20_fl_max_w16.bit,impulse,eb445918179de211aa2625a4480c4be3,OK,PASS,,,EDB9C5E4040BA5E2263857CF8C54FF40,8411B68D6CD136020A11D041B987D853,s2_impulse_fl_max_w16.f32,144000,0.22,660,100.0,
2025-05-12 02:41:46,fl_max,16,gru_L20_fl_max_w16.bit,edge,fad9029aef784288d56fff14cb2f9fc3,OK,PASS,,,EDB9C5E4040BA5E2263857CF8C54FF40,09CC9F17FA0191DC44403712AECCEF2E,s2_edge_fl_max_w16.f32,168000,0.26,657,100.0,
2025-05-12 03:49:37,fl_max,17,gru_L20_fl_max_w17.bit,golden,607f8f6fbf8d191b8b35c264a665a829,OK,PASS,0.000000e+00,0,ED8F3EE6A5C49D7A9AA2E91FB548B0A3,,,,,,100.0,
2025-05-12 03:49:37,fl_max,17,gru_L20_fl_max_w17.bit,gtr2,d9c3b0ea7a8c1dd3c4bed72e0f5f1eb5,OK,PASS,,,ED8F3EE6A5C49D7A9AA2E91FB548B0A3,9D5EDDDEEE1C8F0B15D39303CD807714,board_gtr2_fl_max_w17.f32,21103200,31.64,667,100.0,
2025-05-12 03:50:27,fl_max,17,gru_L20_fl_max_w17.bit,gtr4sg,113c073a8e9de2741f4a587f5e57f7e2,OK,PASS,,,ED8F3EE6A5C49D7A9AA2E91FB548B0A3,8C7350B38D30C180675ADD6A026B6D5C,board_gtr4sg_fl_max_w17.f32,17503200,26.25,667,100.0,
2025-05-12 03:51:05,fl_max,17,gru_L20_fl_max_w17.bit,prvtgtr,b8c1371ec7a052820dfa9ceecc707da9,OK,PASS,,,ED8F3EE6A5C49D7A9AA2E91FB548B0A3,9F5C129AA76E9BC456C105BD9C50DA30,board_prvtgtr_fl_max_w17.f32,15151200,22.75,666,100.0,
2025-05-12 03:51:36,fl_max,17,gru_L20_fl_max_w17.bit,ytbass,1d11bfb1b6df6c3c446f7fa347527034,OK,PASS,,,ED8F3EE6A5C49D7A9AA2E91FB548B0A3,E0E42DD45622800EC956E0EBE9A4B998,board_ytbass_fl_max_w17.f32,29071200,43.68,666,100.0,
2025-05-12 03:52:44,fl_max,17,gru_L20_fl_max_w17.bit,tones,3991acd46657e9051419bb3fbc24ff74,OK,PASS,,,ED8F3EE6A5C49D7A9AA2E91FB548B0A3,0BC26AD0B1BA0C9840BAFEE62877EB28,s2_tones_fl_max_w17.f32,4646400,6.96,667,100.0,
2025-05-12 03:52:53,fl_max,17,gru_L20_fl_max_w17.bit,sweep,913d44e192cffd1459eb55e56bdd6be1,OK,PASS,,,ED8F3EE6A5C49D7A9AA2E91FB548B0A3,2DB36CEE0339C0A9B7890BABC6E6596F,s2_sweep_fl_max_w17.f32,1440000,2.16,666,100.0,
2025-05-12 03:52:55,fl_max,17,gru_L20_fl_max_w17.bit,silence,d051cff927d4ce28ab72215e43a2fb2b,OK,PASS,,,ED8F3EE6A5C49D7A9AA2E91FB548B0A3,6C95C3928BE1626EA8CA5546C0830E19,s2_silence_fl_max_w17.f32,480000,0.72,665,100.0,
2025-05-12 03:52:56,fl_max,17,gru_L20_fl_max_w17.bit,impulse,eb445918179de211aa2625a4480c4be3,OK,PASS,,,ED8F3EE6A5C49D7A9AA2E91FB548B0A3,84D17ACB268906684CAEEB9FE7E79E83,s2_impulse_fl_max_w17.f32,144000,0.22,657,100.0,
2025-05-12 03:52:57,fl_max,17,gru_L20_fl_max_w17.bit,edge,fad9029aef784288d56fff14cb2f9fc3,OK,PASS,,,ED8F3EE6A5C49D7A9AA2E91FB548B0A3,45D66416FD5ADAAACD196888EAE417EA,s2_edge_fl_max_w17.f32,168000,0.25,661,100.0,
2025-05-12 03:53:03,fl_max,18,gru_L20_fl_max_w18.bit,golden,607f8f6fbf8d191b8b35c264a665a829,OK,PASS,0.000000e+00,0,4CD5F5144D59C8963A75AD8237DDB3C6,,,,,,100.0,
2025-05-12 03:53:03,fl_max,18,gru_L20_fl_max_w18.bit,gtr2,d9c3b0ea7a8c1dd3c4bed72e0f5f1eb5,OK,PASS,,,4CD5F5144D59C8963A75AD8237DDB3C6,50020EB4E126768622FE205317E8B2EE,board_gtr2_fl_max_w18.f32,21103200,31.67,666,100.0,
2025-05-12 03:53:55,fl_max,18,gru_L20_fl_max_w18.bit,gtr4sg,113c073a8e9de2741f4a587f5e57f7e2,OK,PASS,,,4CD5F5144D59C8963A75AD8237DDB3C6,8C3AF6A693BCF351733E20762000509E,board_gtr4sg_fl_max_w18.f32,17503200,26.26,666,100.0,
2025-05-12 03:54:32,fl_max,18,gru_L20_fl_max_w18.bit,prvtgtr,b8c1371ec7a052820dfa9ceecc707da9,OK,PASS,,,4CD5F5144D59C8963A75AD8237DDB3C6,163F7E67F84F383A1CDD665C2834F4D7,board_prvtgtr_fl_max_w18.f32,15151200,22.75,666,100.0,
2025-05-12 03:55:02,fl_max,18,gru_L20_fl_max_w18.bit,ytbass,1d11bfb1b6df6c3c446f7fa347527034,OK,PASS,,,4CD5F5144D59C8963A75AD8237DDB3C6,7D0409002189A09F964AB24C1617F5C9,board_ytbass_fl_max_w18.f32,29071200,43.65,666,100.0,
2025-05-12 03:56:10,fl_max,18,gru_L20_fl_max_w18.bit,tones,3991acd46657e9051419bb3fbc24ff74,OK,PASS,,,4CD5F5144D59C8963A75AD8237DDB3C6,F56F3E248F4B7D07FC26BFBDCD995CEB,s2_tones_fl_max_w18.f32,4646400,6.98,666,100.0,
2025-05-12 03:56:18,fl_max,18,gru_L20_fl_max_w18.bit,sweep,913d44e192cffd1459eb55e56bdd6be1,OK,PASS,,,4CD5F5144D59C8963A75AD8237DDB3C6,6A8452901D4C05AFE311FEA9C5D1C162,s2_sweep_fl_max_w18.f32,1440000,2.16,667,100.0,
2025-05-12 03:56:21,fl_max,18,gru_L20_fl_max_w18.bit,silence,d051cff927d4ce28ab72215e43a2fb2b,OK,PASS,,,4CD5F5144D59C8963A75AD8237DDB3C6,14DD9B4813E2E98B7C0A1B0B86EF42EC,s2_silence_fl_max_w18.f32,480000,0.72,665,100.0,
2025-05-12 03:56:22,fl_max,18,gru_L20_fl_max_w18.bit,impulse,eb445918179de211aa2625a4480c4be3,OK,PASS,,,4CD5F5144D59C8963A75AD8237DDB3C6,C6E9E5DFAFEFE58C152852BACE40DD42,s2_impulse_fl_max_w18.f32,144000,0.22,657,100.0,
2025-05-12 03:56:22,fl_max,18,gru_L20_fl_max_w18.bit,edge,fad9029aef784288d56fff14cb2f9fc3,OK,PASS,,,4CD5F5144D59C8963A75AD8237DDB3C6,92950469BED2E0F65A4A086BE144568E,s2_edge_fl_max_w18.f32,168000,0.25,664,100.0,
2025-05-12 03:56:28,fl_max,19,gru_L20_fl_max_w19.bit,golden,607f8f6fbf8d191b8b35c264a665a829,OK,PASS,0.000000e+00,0,0543FA6FC848796D2345A19DC03A6359,,,,,,100.0,
2025-05-12 03:56:28,fl_max,19,gru_L20_fl_max_w19.bit,gtr2,d9c3b0ea7a8c1dd3c4bed72e0f5f1eb5,OK,PASS,,,0543FA6FC848796D2345A19DC03A6359,2C6203C1B1A3788BB4AA1629DE819251,board_gtr2_fl_max_w19.f32,21103200,31.72,665,100.0,
2025-05-12 03:57:16,fl_max,19,gru_L20_fl_max_w19.bit,gtr4sg,113c073a8e9de2741f4a587f5e57f7e2,OK,PASS,,,0543FA6FC848796D2345A19DC03A6359,CCDB63BA12FA7E914E6EFD0F9E5D603C,board_gtr4sg_fl_max_w19.f32,17503200,26.27,666,100.0,
2025-05-12 03:57:56,fl_max,19,gru_L20_fl_max_w19.bit,prvtgtr,b8c1371ec7a052820dfa9ceecc707da9,OK,PASS,,,0543FA6FC848796D2345A19DC03A6359,BAEBB7C1B88FE95EDD4FC1D4B990136B,board_prvtgtr_fl_max_w19.f32,15151200,22.72,667,100.0,
2025-05-12 03:58:28,fl_max,19,gru_L20_fl_max_w19.bit,ytbass,1d11bfb1b6df6c3c446f7fa347527034,OK,PASS,,,0543FA6FC848796D2345A19DC03A6359,EF8662C3CE1EAEF74C97E9F08AA56CEF,board_ytbass_fl_max_w19.f32,29071200,43.79,664,100.0,
2025-05-12 03:59:33,fl_max,19,gru_L20_fl_max_w19.bit,tones,3991acd46657e9051419bb3fbc24ff74,OK,PASS,,,0543FA6FC848796D2345A19DC03A6359,69C3D940116267C260E8DED7D3393109,s2_tones_fl_max_w19.f32,4646400,6.97,667,100.0,
2025-05-12 03:59:42,fl_max,19,gru_L20_fl_max_w19.bit,sweep,913d44e192cffd1459eb55e56bdd6be1,OK,PASS,,,0543FA6FC848796D2345A19DC03A6359,1DA0E4FCB47FFD868A3CAEAD999CAE74,s2_sweep_fl_max_w19.f32,1440000,2.16,667,100.0,
2025-05-12 03:59:44,fl_max,19,gru_L20_fl_max_w19.bit,silence,d051cff927d4ce28ab72215e43a2fb2b,OK,PASS,,,0543FA6FC848796D2345A19DC03A6359,19122641FAD789C1B15526499C608DE5,s2_silence_fl_max_w19.f32,480000,0.72,665,100.0,
2025-05-12 03:59:45,fl_max,19,gru_L20_fl_max_w19.bit,impulse,eb445918179de211aa2625a4480c4be3,OK,PASS,,,0543FA6FC848796D2345A19DC03A6359,67DAB691A7940F474AB1D5F2A7381260,s2_impulse_fl_max_w19.f32,144000,0.85,169,100.0,
2025-05-12 03:59:48,fl_max,19,gru_L20_fl_max_w19.bit,edge,fad9029aef784288d56fff14cb2f9fc3,OK,PASS,,,0543FA6FC848796D2345A19DC03A6359,D1DBC089A489D34E8712F93BD84277E3,s2_edge_fl_max_w19.f32,168000,0.25,662,100.0,
2025-05-12 03:59:58,fl_max,20,gru_L20_fl_max_w20.bit,golden,607f8f6fbf8d191b8b35c264a665a829,OK,PASS,0.000000e+00,0,5BDDBFEE37757E0C41CF81BBA6F042FC,,,,,,100.0,
2025-05-12 03:59:58,fl_max,20,gru_L20_fl_max_w20.bit,gtr2,d9c3b0ea7a8c1dd3c4bed72e0f5f1eb5,OK,PASS,,,5BDDBFEE37757E0C41CF81BBA6F042FC,C3EE520C16453FD71FFB23B220269FFE,board_gtr2_fl_max_w20.f32,21103200,32.39,651,100.0,
2025-05-12 04:00:44,fl_max,20,gru_L20_fl_max_w20.bit,gtr4sg,113c073a8e9de2741f4a587f5e57f7e2,OK,PASS,,,5BDDBFEE37757E0C41CF81BBA6F042FC,FADA5C469D9DF8F683D87D002D04984F,board_gtr4sg_fl_max_w20.f32,17503200,26.25,667,100.0,
2025-05-12 04:01:27,fl_max,20,gru_L20_fl_max_w20.bit,prvtgtr,b8c1371ec7a052820dfa9ceecc707da9,OK,PASS,,,5BDDBFEE37757E0C41CF81BBA6F042FC,80EA67788A427FF994BA9669695D238B,board_prvtgtr_fl_max_w20.f32,15151200,22.75,666,100.0,
2025-05-12 04:01:58,fl_max,20,gru_L20_fl_max_w20.bit,ytbass,1d11bfb1b6df6c3c446f7fa347527034,OK,PASS,,,5BDDBFEE37757E0C41CF81BBA6F042FC,EEC83A3A81B45FCD3925602C64F7C38E,board_ytbass_fl_max_w20.f32,29071200,43.68,666,100.0,
2025-05-12 04:03:02,fl_max,20,gru_L20_fl_max_w20.bit,tones,3991acd46657e9051419bb3fbc24ff74,OK,PASS,,,5BDDBFEE37757E0C41CF81BBA6F042FC,A816564EB0FDE7D7F12EED58437104C8,s2_tones_fl_max_w20.f32,4646400,6.97,667,100.0,
2025-05-12 04:03:11,fl_max,20,gru_L20_fl_max_w20.bit,sweep,913d44e192cffd1459eb55e56bdd6be1,OK,PASS,,,5BDDBFEE37757E0C41CF81BBA6F042FC,E92DDF701DFFEA4319EDD3447E6CA7F5,s2_sweep_fl_max_w20.f32,1440000,2.16,666,100.0,
2025-05-12 04:03:14,fl_max,20,gru_L20_fl_max_w20.bit,silence,d051cff927d4ce28ab72215e43a2fb2b,OK,PASS,,,5BDDBFEE37757E0C41CF81BBA6F042FC,13A7B9E26EDD15F377827A34B223514B,s2_silence_fl_max_w20.f32,480000,0.72,666,100.0,
2025-05-12 04:03:15,fl_max,20,gru_L20_fl_max_w20.bit,impulse,eb445918179de211aa2625a4480c4be3,OK,PASS,,,5BDDBFEE37757E0C41CF81BBA6F042FC,6C31CF79DDEBA4998A6E66F7DC409B6B,s2_impulse_fl_max_w20.f32,144000,0.22,660,100.0,
2025-05-12 04:03:15,fl_max,20,gru_L20_fl_max_w20.bit,edge,fad9029aef784288d56fff14cb2f9fc3,OK,PASS,,,5BDDBFEE37757E0C41CF81BBA6F042FC,D31817CDCB5747B667A866B84FA869D0,s2_edge_fl_max_w20.f32,168000,0.26,654,100.0,
2025-05-12 04:03:21,fl_max,21,gru_L20_fl_max_w21.bit,golden,607f8f6fbf8d191b8b35c264a665a829,OK,PASS,0.000000e+00,0,6CBB88474326BA5E45DF67BE2CD35F3B,,,,,,100.0,
2025-05-12 04:03:21,fl_max,21,gru_L20_fl_max_w21.bit,gtr2,d9c3b0ea7a8c1dd3c4bed72e0f5f1eb5,OK,PASS,,,6CBB88474326BA5E45DF67BE2CD35F3B,56E305F6FCBFB16C4FA3E8FB51655508,board_gtr2_fl_max_w21.f32,21103200,31.70,666,100.0,
2025-05-12 04:04:08,fl_max,21,gru_L20_fl_max_w21.bit,gtr4sg,113c073a8e9de2741f4a587f5e57f7e2,OK,PASS,,,6CBB88474326BA5E45DF67BE2CD35F3B,FCE1CF298D6CCDC438A46679873AA3A7,board_gtr4sg_fl_max_w21.f32,17503200,26.27,666,100.0,
2025-05-12 04:04:46,fl_max,21,gru_L20_fl_max_w21.bit,prvtgtr,b8c1371ec7a052820dfa9ceecc707da9,OK,PASS,,,6CBB88474326BA5E45DF67BE2CD35F3B,BB2A184A6424F3CEB4542566561C3479,board_prvtgtr_fl_max_w21.f32,15151200,22.74,666,100.0,
2025-05-12 04:05:17,fl_max,21,gru_L20_fl_max_w21.bit,ytbass,1d11bfb1b6df6c3c446f7fa347527034,OK,PASS,,,6CBB88474326BA5E45DF67BE2CD35F3B,CE7FAC63EE041DA8EB1CE0F816DF41F5,board_ytbass_fl_max_w21.f32,29071200,43.72,665,100.0,
2025-05-12 04:06:24,fl_max,21,gru_L20_fl_max_w21.bit,tones,3991acd46657e9051419bb3fbc24ff74,OK,PASS,,,6CBB88474326BA5E45DF67BE2CD35F3B,AB01FF81198E8B39DAAC0356C53B8895,s2_tones_fl_max_w21.f32,4646400,6.96,667,100.0,
2025-05-12 04:06:32,fl_max,21,gru_L20_fl_max_w21.bit,sweep,913d44e192cffd1459eb55e56bdd6be1,OK,PASS,,,6CBB88474326BA5E45DF67BE2CD35F3B,7B927F6BDC92B900CA990A28E48CB45A,s2_sweep_fl_max_w21.f32,1440000,2.16,667,100.0,
2025-05-12 04:06:35,fl_max,21,gru_L20_fl_max_w21.bit,silence,d051cff927d4ce28ab72215e43a2fb2b,OK,PASS,,,6CBB88474326BA5E45DF67BE2CD35F3B,44BB45DC1750FA7D6EC6CC7604D5FB7D,s2_silence_fl_max_w21.f32,480000,0.72,663,100.0,
2025-05-12 04:06:36,fl_max,21,gru_L20_fl_max_w21.bit,impulse,eb445918179de211aa2625a4480c4be3,OK,PASS,,,6CBB88474326BA5E45DF67BE2CD35F3B,D98073C9521172DA7D24071AB8A57028,s2_impulse_fl_max_w21.f32,144000,0.22,657,100.0,
2025-05-12 04:06:36,fl_max,21,gru_L20_fl_max_w21.bit,edge,fad9029aef784288d56fff14cb2f9fc3,OK,PASS,,,6CBB88474326BA5E45DF67BE2CD35F3B,D04D9A249B63C3D9B13B9327D54107C1,s2_edge_fl_max_w21.f32,168000,0.25,660,100.0,
2025-05-12 04:06:45,fl_max,22,gru_L20_fl_max_w22.bit,golden,607f8f6fbf8d191b8b35c264a665a829,OK,PASS,0.000000e+00,0,D530AE54C5E6D58395F2D9C575DCD8EA,,,,,,100.0,
2025-05-12 04:06:45,fl_max,22,gru_L20_fl_max_w22.bit,gtr2,d9c3b0ea7a8c1dd3c4bed72e0f5f1eb5,OK,PASS,,,D530AE54C5E6D58395F2D9C575DCD8EA,6FF46D57777A32B35249AC24351C8389,board_gtr2_fl_max_w22.f32,21103200,31.24,676,100.0,
2025-05-12 04:07:32,fl_max,22,gru_L20_fl_max_w22.bit,gtr4sg,113c073a8e9de2741f4a587f5e57f7e2,OK,PASS,,,D530AE54C5E6D58395F2D9C575DCD8EA,A692AA937F4EB4464CE2AD11812041C2,board_gtr4sg_fl_max_w22.f32,17503200,25.92,675,100.0,
2025-05-12 04:08:07,fl_max,22,gru_L20_fl_max_w22.bit,prvtgtr,b8c1371ec7a052820dfa9ceecc707da9,OK,PASS,,,D530AE54C5E6D58395F2D9C575DCD8EA,6F8A5AF91DDFBE3EA033DC3661E5BAB0,board_prvtgtr_fl_max_w22.f32,15151200,22.42,676,100.0,
2025-05-12 04:08:41,fl_max,22,gru_L20_fl_max_w22.bit,ytbass,1d11bfb1b6df6c3c446f7fa347527034,OK,PASS,,,D530AE54C5E6D58395F2D9C575DCD8EA,EA0EB490866A341D3818A7D8C75718A7,board_ytbass_fl_max_w22.f32,29071200,43.13,674,100.0,
2025-05-12 04:09:44,fl_max,22,gru_L20_fl_max_w22.bit,tones,3991acd46657e9051419bb3fbc24ff74,OK,PASS,,,D530AE54C5E6D58395F2D9C575DCD8EA,533401DB32A5F3CBEAB57245AC3ED714,s2_tones_fl_max_w22.f32,4646400,6.88,676,100.0,
2025-05-12 04:09:52,fl_max,22,gru_L20_fl_max_w22.bit,sweep,913d44e192cffd1459eb55e56bdd6be1,OK,PASS,,,D530AE54C5E6D58395F2D9C575DCD8EA,3750B8A8C973E4D942E625ECAF61C9E6,s2_sweep_fl_max_w22.f32,1440000,2.13,676,100.0,
2025-05-12 04:09:55,fl_max,22,gru_L20_fl_max_w22.bit,silence,d051cff927d4ce28ab72215e43a2fb2b,OK,PASS,,,D530AE54C5E6D58395F2D9C575DCD8EA,230AC55F2D7F0B617B4D20A9E4060B43,s2_silence_fl_max_w22.f32,480000,0.71,674,100.0,
2025-05-12 04:09:56,fl_max,22,gru_L20_fl_max_w22.bit,impulse,eb445918179de211aa2625a4480c4be3,OK,PASS,,,D530AE54C5E6D58395F2D9C575DCD8EA,A473EC33C8D2B3FA603942827A704033,s2_impulse_fl_max_w22.f32,144000,0.22,667,100.0,
2025-05-12 04:09:56,fl_max,22,gru_L20_fl_max_w22.bit,edge,fad9029aef784288d56fff14cb2f9fc3,OK,PASS,,,D530AE54C5E6D58395F2D9C575DCD8EA,D050E7D73AFF7F3AF9BDFCFE24A66DA6,s2_edge_fl_max_w22.f32,168000,0.25,672,100.0,
2025-05-12 04:10:02,fl_max,23,gru_L20_fl_max_w23.bit,golden,607f8f6fbf8d191b8b35c264a665a829,OK,PASS,0.000000e+00,0,F214E58B50876AFA30AF3192880E27F3,,,,,,100.0,
2025-05-12 04:10:03,fl_max,23,gru_L20_fl_max_w23.bit,gtr2,d9c3b0ea7a8c1dd3c4bed72e0f5f1eb5,OK,PASS,,,F214E58B50876AFA30AF3192880E27F3,E1FBAF8505AAE74809B09E6488EA7FB5,board_gtr2_fl_max_w23.f32,21103200,31.68,666,100.0,
2025-05-12 04:10:48,fl_max,23,gru_L20_fl_max_w23.bit,gtr4sg,113c073a8e9de2741f4a587f5e57f7e2,OK,PASS,,,F214E58B50876AFA30AF3192880E27F3,4AC4247E4D2BD857BFBAEB4FE7A49EC2,board_gtr4sg_fl_max_w23.f32,17503200,26.34,665,100.0,
2025-05-12 04:11:26,fl_max,23,gru_L20_fl_max_w23.bit,prvtgtr,b8c1371ec7a052820dfa9ceecc707da9,OK,PASS,,,F214E58B50876AFA30AF3192880E27F3,F26805095F162273DCCC6976F157C69D,board_prvtgtr_fl_max_w23.f32,15151200,22.73,667,100.0,
2025-05-12 04:11:56,fl_max,23,gru_L20_fl_max_w23.bit,ytbass,1d11bfb1b6df6c3c446f7fa347527034,OK,PASS,,,F214E58B50876AFA30AF3192880E27F3,FA84F4CEE5C186DEB064B0813DCA0E18,board_ytbass_fl_max_w23.f32,29071200,43.68,665,100.0,
2025-05-12 04:13:00,fl_max,23,gru_L20_fl_max_w23.bit,tones,3991acd46657e9051419bb3fbc24ff74,OK,PASS,,,F214E58B50876AFA30AF3192880E27F3,C711F6649F1344E9E8EC07C452EFD726,s2_tones_fl_max_w23.f32,4646400,6.99,665,100.0,
2025-05-12 04:13:09,fl_max,23,gru_L20_fl_max_w23.bit,sweep,913d44e192cffd1459eb55e56bdd6be1,OK,PASS,,,F214E58B50876AFA30AF3192880E27F3,264EF327B4455353F176529A162D5D10,s2_sweep_fl_max_w23.f32,1440000,2.16,667,100.0,
2025-05-12 04:13:13,fl_max,23,gru_L20_fl_max_w23.bit,silence,d051cff927d4ce28ab72215e43a2fb2b,OK,PASS,,,F214E58B50876AFA30AF3192880E27F3,006761581353D421A3881DB6642B4122,s2_silence_fl_max_w23.f32,480000,0.72,665,100.0,
2025-05-12 04:13:14,fl_max,23,gru_L20_fl_max_w23.bit,impulse,eb445918179de211aa2625a4480c4be3,OK,PASS,,,F214E58B50876AFA30AF3192880E27F3,D01230331E5C7324426B7DE36FD1CE1B,s2_impulse_fl_max_w23.f32,144000,0.22,659,100.0,
2025-05-12 04:13:14,fl_max,23,gru_L20_fl_max_w23.bit,edge,fad9029aef784288d56fff14cb2f9fc3,OK,PASS,,,F214E58B50876AFA30AF3192880E27F3,DCBDA282E3D380F46465DC24A832235D,s2_edge_fl_max_w23.f32,168000,0.29,581,100.0,
2025-05-12 04:13:21,fl_max,24,gru_L20_fl_max_w24.bit,golden,607f8f6fbf8d191b8b35c264a665a829,OK,PASS,0.000000e+00,0,6B983DA9ABC7E45075807E886D265C0F,,,,,,100.0,
2025-05-12 04:13:21,fl_max,24,gru_L20_fl_max_w24.bit,gtr2,d9c3b0ea7a8c1dd3c4bed72e0f5f1eb5,OK,PASS,,,6B983DA9ABC7E45075807E886D265C0F,57E902CA6E738D3D92DD48BEE562834C,board_gtr2_fl_max_w24.f32,21103200,31.70,666,100.0,
2025-05-12 04:14:09,fl_max,24,gru_L20_fl_max_w24.bit,gtr4sg,113c073a8e9de2741f4a587f5e57f7e2,OK,PASS,,,6B983DA9ABC7E45075807E886D265C0F,EEF2E463027350E5EA4DAB22CBDFFF95,board_gtr4sg_fl_max_w24.f32,17503200,26.27,666,100.0,
2025-05-12 04:14:45,fl_max,24,gru_L20_fl_max_w24.bit,prvtgtr,b8c1371ec7a052820dfa9ceecc707da9,OK,PASS,,,6B983DA9ABC7E45075807E886D265C0F,BD53BF740DD430D0E7C08B30066AA69E,board_prvtgtr_fl_max_w24.f32,15151200,22.76,666,100.0,
2025-05-12 04:15:18,fl_max,24,gru_L20_fl_max_w24.bit,ytbass,1d11bfb1b6df6c3c446f7fa347527034,OK,PASS,,,6B983DA9ABC7E45075807E886D265C0F,8B80CA371F506A382C099766185736AC,board_ytbass_fl_max_w24.f32,29071200,43.70,665,100.0,
2025-05-12 04:16:18,fl_max,24,gru_L20_fl_max_w24.bit,tones,3991acd46657e9051419bb3fbc24ff74,OK,PASS,,,6B983DA9ABC7E45075807E886D265C0F,DA530B0FD7473B657B49EBBD0669637A,s2_tones_fl_max_w24.f32,4646400,6.97,666,100.0,
2025-05-12 04:16:27,fl_max,24,gru_L20_fl_max_w24.bit,sweep,913d44e192cffd1459eb55e56bdd6be1,OK,PASS,,,6B983DA9ABC7E45075807E886D265C0F,04784098395111A994AF4643D8716065,s2_sweep_fl_max_w24.f32,1440000,2.16,667,100.0,
2025-05-12 04:16:29,fl_max,24,gru_L20_fl_max_w24.bit,silence,d051cff927d4ce28ab72215e43a2fb2b,OK,PASS,,,6B983DA9ABC7E45075807E886D265C0F,92008CDFB8BFA2BE4F84FDE3B53427D0,s2_silence_fl_max_w24.f32,480000,0.72,666,100.0,
2025-05-12 04:16:30,fl_max,24,gru_L20_fl_max_w24.bit,impulse,eb445918179de211aa2625a4480c4be3,OK,PASS,,,6B983DA9ABC7E45075807E886D265C0F,C0E63AF72AF1406A9B0DBFD0342999EB,s2_impulse_fl_max_w24.f32,144000,0.22,662,100.0,
2025-05-12 04:16:31,fl_max,24,gru_L20_fl_max_w24.bit,edge,fad9029aef784288d56fff14cb2f9fc3,OK,PASS,,,6B983DA9ABC7E45075807E886D265C0F,3F4407E33F075FE3C8A761EE4E75A89A,s2_edge_fl_max_w24.f32,168000,0.26,649,100.0,
2025-05-12 15:18:16,fl_mod,8,gru_L20_fl_mod_w8.bit,golden,607f8f6fbf8d191b8b35c264a665a829,OK,PASS,0.000000e+00,0,0B825EA3A7513AE3CF4280F989FDE27D,,,,,,100.0,
2025-05-12 15:18:16,fl_mod,8,gru_L20_fl_mod_w8.bit,gtr2,d9c3b0ea7a8c1dd3c4bed72e0f5f1eb5,OK,PASS,,,0B825EA3A7513AE3CF4280F989FDE27D,415CBE9FE59346A89A22DE50236B45D6,board_gtr2_fl_mod_w8.f32,21103200,31.45,671,100.0,
2025-05-12 15:19:13,fl_mod,8,gru_L20_fl_mod_w8.bit,gtr4sg,113c073a8e9de2741f4a587f5e57f7e2,OK,PASS,,,0B825EA3A7513AE3CF4280F989FDE27D,373DA2AB0E2EB6591DE4B2C114A93CE2,board_gtr4sg_fl_mod_w8.f32,17503200,26.12,670,100.0,
2025-05-12 15:19:56,fl_mod,8,gru_L20_fl_mod_w8.bit,prvtgtr,b8c1371ec7a052820dfa9ceecc707da9,OK,PASS,,,0B825EA3A7513AE3CF4280F989FDE27D,9BDDFD587203046D8CDC2EA6166519D0,board_prvtgtr_fl_mod_w8.f32,15151200,22.61,670,100.0,
2025-05-12 15:20:26,fl_mod,8,gru_L20_fl_mod_w8.bit,ytbass,1d11bfb1b6df6c3c446f7fa347527034,OK,PASS,,,0B825EA3A7513AE3CF4280F989FDE27D,FFD5DEBE8521010B7A614BC718C7973B,board_ytbass_fl_mod_w8.f32,29071200,43.45,669,100.0,
2025-05-12 15:21:29,fl_mod,8,gru_L20_fl_mod_w8.bit,tones,3991acd46657e9051419bb3fbc24ff74,OK,PASS,,,0B825EA3A7513AE3CF4280F989FDE27D,D7C94B91EBDB5ADD68D25F77CFE3115E,s2_tones_fl_mod_w8.f32,4646400,6.92,671,100.0,
2025-05-12 15:21:37,fl_mod,8,gru_L20_fl_mod_w8.bit,sweep,913d44e192cffd1459eb55e56bdd6be1,OK,PASS,,,0B825EA3A7513AE3CF4280F989FDE27D,516D264DEC2CB704AD7ED30B35B803E3,s2_sweep_fl_mod_w8.f32,1440000,2.15,671,100.0,
2025-05-12 15:21:40,fl_mod,8,gru_L20_fl_mod_w8.bit,silence,d051cff927d4ce28ab72215e43a2fb2b,OK,PASS,,,0B825EA3A7513AE3CF4280F989FDE27D,1B121D9D3F05DBDB0F2D7DE83AC1EFCC,s2_silence_fl_mod_w8.f32,480000,0.72,670,100.0,
2025-05-12 15:21:41,fl_mod,8,gru_L20_fl_mod_w8.bit,impulse,eb445918179de211aa2625a4480c4be3,OK,PASS,,,0B825EA3A7513AE3CF4280F989FDE27D,27ACA93C19BC58DA5C4391560BFBE336,s2_impulse_fl_mod_w8.f32,144000,0.22,665,100.0,
2025-05-12 15:21:41,fl_mod,8,gru_L20_fl_mod_w8.bit,edge,fad9029aef784288d56fff14cb2f9fc3,OK,PASS,,,0B825EA3A7513AE3CF4280F989FDE27D,95263984D596805ED94CBF41EE03DE98,s2_edge_fl_mod_w8.f32,168000,0.25,661,100.0,
2025-05-12 15:21:54,fl_mod,9,gru_L20_fl_mod_w9.bit,golden,607f8f6fbf8d191b8b35c264a665a829,OK,PASS,0.000000e+00,0,48BD9EDEF220137FB0ABC6C8F93BD45D,,,,,,100.0,
2025-05-12 15:21:54,fl_mod,9,gru_L20_fl_mod_w9.bit,gtr2,d9c3b0ea7a8c1dd3c4bed72e0f5f1eb5,OK,PASS,,,48BD9EDEF220137FB0ABC6C8F93BD45D,5B667FD3F92D0378AE15FB4F27166DE6,board_gtr2_fl_mod_w9.f32,21103200,31.33,674,100.0,
2025-05-12 15:22:39,fl_mod,9,gru_L20_fl_mod_w9.bit,gtr4sg,113c073a8e9de2741f4a587f5e57f7e2,OK,PASS,,,48BD9EDEF220137FB0ABC6C8F93BD45D,3F4E9816ABD423F79B25FC25E5D9F952,board_gtr4sg_fl_mod_w9.f32,17503200,26.08,671,100.0,
2025-05-12 15:23:17,fl_mod,9,gru_L20_fl_mod_w9.bit,prvtgtr,b8c1371ec7a052820dfa9ceecc707da9,OK,PASS,,,48BD9EDEF220137FB0ABC6C8F93BD45D,902F32FC2D9E39B4CDF4213733964821,board_prvtgtr_fl_mod_w9.f32,15151200,22.55,672,100.0,
2025-05-12 15:23:57,fl_mod,9,gru_L20_fl_mod_w9.bit,ytbass,1d11bfb1b6df6c3c446f7fa347527034,OK,PASS,,,48BD9EDEF220137FB0ABC6C8F93BD45D,ED0628526F503D99D72D846D83F7D811,board_ytbass_fl_mod_w9.f32,29071200,43.20,673,100.0,
2025-05-12 15:24:56,fl_mod,9,gru_L20_fl_mod_w9.bit,tones,3991acd46657e9051419bb3fbc24ff74,OK,PASS,,,48BD9EDEF220137FB0ABC6C8F93BD45D,8011EBDB31D102120539629550117433,s2_tones_fl_mod_w9.f32,4646400,6.88,676,100.0,
2025-05-12 15:25:04,fl_mod,9,gru_L20_fl_mod_w9.bit,sweep,913d44e192cffd1459eb55e56bdd6be1,OK,PASS,,,48BD9EDEF220137FB0ABC6C8F93BD45D,82F2FA48692D801B80D8FF4B24FCCFAE,s2_sweep_fl_mod_w9.f32,1440000,2.13,675,100.0,
2025-05-12 15:25:06,fl_mod,9,gru_L20_fl_mod_w9.bit,silence,d051cff927d4ce28ab72215e43a2fb2b,OK,PASS,,,48BD9EDEF220137FB0ABC6C8F93BD45D,5711E3502324098F42670AE243C56CAC,s2_silence_fl_mod_w9.f32,480000,0.71,674,100.0,
2025-05-12 15:25:07,fl_mod,9,gru_L20_fl_mod_w9.bit,impulse,eb445918179de211aa2625a4480c4be3,OK,PASS,,,48BD9EDEF220137FB0ABC6C8F93BD45D,7C2DEF13D36CDB230ECE7A5DC9F848CE,s2_impulse_fl_mod_w9.f32,144000,0.22,664,100.0,
2025-05-12 15:25:08,fl_mod,9,gru_L20_fl_mod_w9.bit,edge,fad9029aef784288d56fff14cb2f9fc3,OK,PASS,,,48BD9EDEF220137FB0ABC6C8F93BD45D,548194CCD5F6522C719ED7F0D396E31D,s2_edge_fl_mod_w9.f32,168000,0.25,672,100.0,
2025-05-12 15:25:12,fl_mod,10,gru_L20_fl_mod_w10.bit,golden,607f8f6fbf8d191b8b35c264a665a829,OK,PASS,0.000000e+00,0,078B9E1062975376BAEC1FE1384B4566,,,,,,100.0,
2025-05-12 15:25:12,fl_mod,10,gru_L20_fl_mod_w10.bit,gtr2,d9c3b0ea7a8c1dd3c4bed72e0f5f1eb5,OK,PASS,,,078B9E1062975376BAEC1FE1384B4566,EA4FE26B5CA032E6E7E02BAB5867D046,board_gtr2_fl_mod_w10.f32,21103200,31.26,675,100.0,
2025-05-12 15:25:58,fl_mod,10,gru_L20_fl_mod_w10.bit,gtr4sg,113c073a8e9de2741f4a587f5e57f7e2,OK,PASS,,,078B9E1062975376BAEC1FE1384B4566,B07C3741400A21D9F8B399E7174FDCF9,board_gtr4sg_fl_mod_w10.f32,17503200,26.00,673,100.0,
2025-05-12 15:26:34,fl_mod,10,gru_L20_fl_mod_w10.bit,prvtgtr,b8c1371ec7a052820dfa9ceecc707da9,OK,PASS,,,078B9E1062975376BAEC1FE1384B4566,134B77DB83AB034DE6B6CA76570DB425,board_prvtgtr_fl_mod_w10.f32,15151200,22.47,674,100.0,
2025-05-12 15:27:07,fl_mod,10,gru_L20_fl_mod_w10.bit,ytbass,1d11bfb1b6df6c3c446f7fa347527034,OK,PASS,,,078B9E1062975376BAEC1FE1384B4566,9037C8A6DE10DE7450354649BB2879A5,board_ytbass_fl_mod_w10.f32,29071200,43.19,673,100.0,
2025-05-12 15:28:10,fl_mod,10,gru_L20_fl_mod_w10.bit,tones,3991acd46657e9051419bb3fbc24ff74,OK,PASS,,,078B9E1062975376BAEC1FE1384B4566,C5C6150D1E5F03F2DA4F769D42557701,s2_tones_fl_mod_w10.f32,4646400,6.87,676,100.0,
2025-05-12 15:28:19,fl_mod,10,gru_L20_fl_mod_w10.bit,sweep,913d44e192cffd1459eb55e56bdd6be1,OK,PASS,,,078B9E1062975376BAEC1FE1384B4566,0D5BB0B81AA7227FE349F2FF097484FF,s2_sweep_fl_mod_w10.f32,1440000,2.13,676,100.0,
2025-05-12 15:28:21,fl_mod,10,gru_L20_fl_mod_w10.bit,silence,d051cff927d4ce28ab72215e43a2fb2b,OK,PASS,,,078B9E1062975376BAEC1FE1384B4566,D21FCD0B806776A5DD2EAD7E49520F45,s2_silence_fl_mod_w10.f32,480000,0.71,674,100.0,
2025-05-12 15:28:22,fl_mod,10,gru_L20_fl_mod_w10.bit,impulse,eb445918179de211aa2625a4480c4be3,OK,PASS,,,078B9E1062975376BAEC1FE1384B4566,8CF1F963567ADD3AB00A57E1FE111D7A,s2_impulse_fl_mod_w10.f32,144000,0.22,670,100.0,
2025-05-12 15:28:22,fl_mod,10,gru_L20_fl_mod_w10.bit,edge,fad9029aef784288d56fff14cb2f9fc3,OK,PASS,,,078B9E1062975376BAEC1FE1384B4566,F5C3FF1B79896C5EB9BCF1BFEE87B049,s2_edge_fl_mod_w10.f32,168000,0.25,672,100.0,
2025-05-12 15:28:28,fl_mod,11,gru_L20_fl_mod_w11.bit,golden,607f8f6fbf8d191b8b35c264a665a829,OK,PASS,0.000000e+00,0,99B8DA05AD1EF2041E3D61E556E37104,,,,,,100.0,
2025-05-12 15:28:28,fl_mod,11,gru_L20_fl_mod_w11.bit,gtr2,d9c3b0ea7a8c1dd3c4bed72e0f5f1eb5,OK,PASS,,,99B8DA05AD1EF2041E3D61E556E37104,9C523DE462841789BA0BE2B6C1CB7F16,board_gtr2_fl_mod_w11.f32,21103200,31.25,675,100.0,
2025-05-12 15:29:15,fl_mod,11,gru_L20_fl_mod_w11.bit,gtr4sg,113c073a8e9de2741f4a587f5e57f7e2,OK,PASS,,,99B8DA05AD1EF2041E3D61E556E37104,4AAA9848B0C16FDAF4D3631A591E9246,board_gtr4sg_fl_mod_w11.f32,17503200,25.97,674,100.0,
2025-05-12 15:29:52,fl_mod,11,gru_L20_fl_mod_w11.bit,prvtgtr,b8c1371ec7a052820dfa9ceecc707da9,OK,PASS,,,99B8DA05AD1EF2041E3D61E556E37104,E42224203A4C8B6F7CEBAAA790F0B995,board_prvtgtr_fl_mod_w11.f32,15151200,22.48,674,100.0,
2025-05-12 15:30:21,fl_mod,11,gru_L20_fl_mod_w11.bit,ytbass,1d11bfb1b6df6c3c446f7fa347527034,OK,PASS,,,99B8DA05AD1EF2041E3D61E556E37104,22633E0F0B9E2B1D8BF61848A590729A,board_ytbass_fl_mod_w11.f32,29071200,43.16,674,100.0,
2025-05-12 15:31:26,fl_mod,11,gru_L20_fl_mod_w11.bit,tones,3991acd46657e9051419bb3fbc24ff74,OK,PASS,,,99B8DA05AD1EF2041E3D61E556E37104,6A43230903FADADC0E7CF6C19BE96B50,s2_tones_fl_mod_w11.f32,4646400,6.88,675,100.0,
2025-05-12 15:31:34,fl_mod,11,gru_L20_fl_mod_w11.bit,sweep,913d44e192cffd1459eb55e56bdd6be1,OK,PASS,,,99B8DA05AD1EF2041E3D61E556E37104,5795514651BB7B3C6DAD6A33BA463D35,s2_sweep_fl_mod_w11.f32,1440000,2.13,676,100.0,
2025-05-12 15:31:37,fl_mod,11,gru_L20_fl_mod_w11.bit,silence,d051cff927d4ce28ab72215e43a2fb2b,OK,PASS,,,99B8DA05AD1EF2041E3D61E556E37104,8D6958380ACFF38406E56547437192CC,s2_silence_fl_mod_w11.f32,480000,0.71,675,100.0,
2025-05-12 15:31:37,fl_mod,11,gru_L20_fl_mod_w11.bit,impulse,eb445918179de211aa2625a4480c4be3,OK,PASS,,,99B8DA05AD1EF2041E3D61E556E37104,FA11F311D237BEBEBBF89186DF66CFD8,s2_impulse_fl_mod_w11.f32,144000,0.22,665,100.0,
2025-05-12 15:31:38,fl_mod,11,gru_L20_fl_mod_w11.bit,edge,fad9029aef784288d56fff14cb2f9fc3,OK,PASS,,,99B8DA05AD1EF2041E3D61E556E37104,AD98655E49D93534CA76C2315AFA7BF3,s2_edge_fl_mod_w11.f32,168000,0.25,670,100.0,
2025-05-12 15:31:47,fl_mod,12,gru_L20_fl_mod_w12.bit,golden,607f8f6fbf8d191b8b35c264a665a829,OK,PASS,0.000000e+00,0,393856BB1001AF13FAAC2C62C5D23F22,,,,,,100.0,
2025-05-12 15:31:47,fl_mod,12,gru_L20_fl_mod_w12.bit,gtr2,d9c3b0ea7a8c1dd3c4bed72e0f5f1eb5,OK,PASS,,,393856BB1001AF13FAAC2C62C5D23F22,65FFB9EA7875646A899396856A528AF7,board_gtr2_fl_mod_w12.f32,21103200,31.23,676,100.0,
2025-05-12 15:32:31,fl_mod,12,gru_L20_fl_mod_w12.bit,gtr4sg,113c073a8e9de2741f4a587f5e57f7e2,OK,PASS,,,393856BB1001AF13FAAC2C62C5D23F22,15DBFB948B99589346CF82AEBF527888,board_gtr4sg_fl_mod_w12.f32,17503200,26.02,673,100.0,
2025-05-12 15:33:12,fl_mod,12,gru_L20_fl_mod_w12.bit,prvtgtr,b8c1371ec7a052820dfa9ceecc707da9,OK,PASS,,,393856BB1001AF13FAAC2C62C5D23F22,621F597F28309A8B6A9DB0AA128C88F9,board_prvtgtr_fl_mod_w12.f32,15151200,22.49,674,100.0,
2025-05-12 15:33:41,fl_mod,12,gru_L20_fl_mod_w12.bit,ytbass,1d11bfb1b6df6c3c446f7fa347527034,OK,PASS,,,393856BB1001AF13FAAC2C62C5D23F22,61B46634FC73EB6779623C61CE16CFE6,board_ytbass_fl_mod_w12.f32,29071200,43.21,673,100.0,
2025-05-12 15:34:44,fl_mod,12,gru_L20_fl_mod_w12.bit,tones,3991acd46657e9051419bb3fbc24ff74,OK,PASS,,,393856BB1001AF13FAAC2C62C5D23F22,D7CCE4F037D93CED67B30092CC3ABF4E,s2_tones_fl_mod_w12.f32,4646400,6.89,674,100.0,
2025-05-12 15:34:52,fl_mod,12,gru_L20_fl_mod_w12.bit,sweep,913d44e192cffd1459eb55e56bdd6be1,OK,PASS,,,393856BB1001AF13FAAC2C62C5D23F22,14E1887771E313CBA17C940E63AF93A0,s2_sweep_fl_mod_w12.f32,1440000,2.13,675,100.0,
2025-05-12 15:34:55,fl_mod,12,gru_L20_fl_mod_w12.bit,silence,d051cff927d4ce28ab72215e43a2fb2b,OK,PASS,,,393856BB1001AF13FAAC2C62C5D23F22,6F29C61D49A7CD6436A6E36AD557655C,s2_silence_fl_mod_w12.f32,480000,0.71,674,100.0,
2025-05-12 15:34:56,fl_mod,12,gru_L20_fl_mod_w12.bit,impulse,eb445918179de211aa2625a4480c4be3,OK,PASS,,,393856BB1001AF13FAAC2C62C5D23F22,56BCDC9311BB39B13B57090FFA48AA4B,s2_impulse_fl_mod_w12.f32,144000,0.22,662,100.0,
2025-05-12 15:34:56,fl_mod,12,gru_L20_fl_mod_w12.bit,edge,fad9029aef784288d56fff14cb2f9fc3,OK,PASS,,,393856BB1001AF13FAAC2C62C5D23F22,5F8696CAB8FBB8C5B81F6866E2A61A7F,s2_edge_fl_mod_w12.f32,168000,0.25,671,100.0,
2025-05-12 15:35:03,fl_mod,13,gru_L20_fl_mod_w13.bit,golden,607f8f6fbf8d191b8b35c264a665a829,OK,PASS,0.000000e+00,0,08D94A1158BD21C76ACD950E48F8454C,,,,,,100.0,
2025-05-12 15:35:03,fl_mod,13,gru_L20_fl_mod_w13.bit,gtr2,d9c3b0ea7a8c1dd3c4bed72e0f5f1eb5,OK,PASS,,,08D94A1158BD21C76ACD950E48F8454C,082786A1D2749E2BA1693513D36DF063,board_gtr2_fl_mod_w13.f32,21103200,31.25,675,100.0,
2025-05-12 15:35:48,fl_mod,13,gru_L20_fl_mod_w13.bit,gtr4sg,113c073a8e9de2741f4a587f5e57f7e2,OK,PASS,,,08D94A1158BD21C76ACD950E48F8454C,B4D5A66F2CDF1492EE0AD6974683F879,board_gtr4sg_fl_mod_w13.f32,17503200,25.91,675,100.0,
2025-05-12 15:36:25,fl_mod,13,gru_L20_fl_mod_w13.bit,prvtgtr,b8c1371ec7a052820dfa9ceecc707da9,OK,PASS,,,08D94A1158BD21C76ACD950E48F8454C,EEDD6F1710FD4E98C72624E69A143479,board_prvtgtr_fl_mod_w13.f32,15151200,22.44,675,100.0,
2025-05-12 15:36:56,fl_mod,13,gru_L20_fl_mod_w13.bit,ytbass,1d11bfb1b6df6c3c446f7fa347527034,OK,PASS,,,08D94A1158BD21C76ACD950E48F8454C,74B7E264E1DCB0CA5F1C7406FA2ECECA,board_ytbass_fl_mod_w13.f32,29071200,43.05,675,100.0,
2025-05-12 15:38:04,fl_mod,13,gru_L20_fl_mod_w13.bit,tones,3991acd46657e9051419bb3fbc24ff74,OK,PASS,,,08D94A1158BD21C76ACD950E48F8454C,CAE28497EEBF9A43FFFB6EEC8FBFDCE4,s2_tones_fl_mod_w13.f32,4646400,6.87,676,100.0,
2025-05-12 15:38:12,fl_mod,13,gru_L20_fl_mod_w13.bit,sweep,913d44e192cffd1459eb55e56bdd6be1,OK,PASS,,,08D94A1158BD21C76ACD950E48F8454C,3BAC1FDD89EB923D93FBA70B9C8C357C,s2_sweep_fl_mod_w13.f32,1440000,2.13,676,100.0,
2025-05-12 15:38:15,fl_mod,13,gru_L20_fl_mod_w13.bit,silence,d051cff927d4ce28ab72215e43a2fb2b,OK,PASS,,,08D94A1158BD21C76ACD950E48F8454C,5F0A9A28980A8E576CB0BFC2489E16DE,s2_silence_fl_mod_w13.f32,480000,0.71,674,100.0,
2025-05-12 15:38:17,fl_mod,13,gru_L20_fl_mod_w13.bit,impulse,eb445918179de211aa2625a4480c4be3,OK,PASS,,,08D94A1158BD21C76ACD950E48F8454C,0BDEE0361F6400F31703F659D74EBF0E,s2_impulse_fl_mod_w13.f32,144000,0.22,669,100.0,
2025-05-12 15:38:17,fl_mod,13,gru_L20_fl_mod_w13.bit,edge,fad9029aef784288d56fff14cb2f9fc3,OK,PASS,,,08D94A1158BD21C76ACD950E48F8454C,9C83FE0A6A9D88F151FCD46D35A7B6B2,s2_edge_fl_mod_w13.f32,168000,0.25,672,100.0,
2025-05-12 15:38:24,fl_mod,14,gru_L20_fl_mod_w14.bit,golden,607f8f6fbf8d191b8b35c264a665a829,OK,PASS,0.000000e+00,0,1010FBE7710FFF3321D46290FDB029D3,,,,,,100.0,
2025-05-12 15:38:24,fl_mod,14,gru_L20_fl_mod_w14.bit,gtr2,d9c3b0ea7a8c1dd3c4bed72e0f5f1eb5,OK,PASS,,,1010FBE7710FFF3321D46290FDB029D3,8B6B43F6517B955AD1BB3675A0C78DD0,board_gtr2_fl_mod_w14.f32,21103200,31.69,666,100.0,
2025-05-12 15:39:08,fl_mod,14,gru_L20_fl_mod_w14.bit,gtr4sg,113c073a8e9de2741f4a587f5e57f7e2,OK,PASS,,,1010FBE7710FFF3321D46290FDB029D3,1A381712C7883CA17A688EF2E6D699E4,board_gtr4sg_fl_mod_w14.f32,17503200,26.28,666,100.0,
2025-05-12 15:39:43,fl_mod,14,gru_L20_fl_mod_w14.bit,prvtgtr,b8c1371ec7a052820dfa9ceecc707da9,OK,PASS,,,1010FBE7710FFF3321D46290FDB029D3,77C64E18C1DFEF3DE8DF5D97D53889C9,board_prvtgtr_fl_mod_w14.f32,15151200,22.76,666,100.0,
2025-05-12 15:40:16,fl_mod,14,gru_L20_fl_mod_w14.bit,ytbass,1d11bfb1b6df6c3c446f7fa347527034,OK,PASS,,,1010FBE7710FFF3321D46290FDB029D3,CC41376091CD75562718201B8A84B31C,board_ytbass_fl_mod_w14.f32,29071200,43.65,666,100.0,
2025-05-12 15:41:21,fl_mod,14,gru_L20_fl_mod_w14.bit,tones,3991acd46657e9051419bb3fbc24ff74,OK,PASS,,,1010FBE7710FFF3321D46290FDB029D3,CB5CEF2D0997B2AEAD8141A4F7C244C6,s2_tones_fl_mod_w14.f32,4646400,6.97,666,100.0,
2025-05-12 15:41:29,fl_mod,14,gru_L20_fl_mod_w14.bit,sweep,913d44e192cffd1459eb55e56bdd6be1,OK,PASS,,,1010FBE7710FFF3321D46290FDB029D3,8D0168F3520C5F581B471F48FB309EAE,s2_sweep_fl_mod_w14.f32,1440000,2.16,667,100.0,
2025-05-12 15:41:32,fl_mod,14,gru_L20_fl_mod_w14.bit,silence,d051cff927d4ce28ab72215e43a2fb2b,OK,PASS,,,1010FBE7710FFF3321D46290FDB029D3,A2AF764322121041FA0632613988678E,s2_silence_fl_mod_w14.f32,480000,0.72,666,100.0,
2025-05-12 15:41:33,fl_mod,14,gru_L20_fl_mod_w14.bit,impulse,eb445918179de211aa2625a4480c4be3,OK,PASS,,,1010FBE7710FFF3321D46290FDB029D3,09D4DE226B80B7B09A304D970C6F192B,s2_impulse_fl_mod_w14.f32,144000,0.22,653,100.0,
2025-05-12 15:41:34,fl_mod,14,gru_L20_fl_mod_w14.bit,edge,fad9029aef784288d56fff14cb2f9fc3,OK,PASS,,,1010FBE7710FFF3321D46290FDB029D3,459378E71E130593E5719927F4530B17,s2_edge_fl_mod_w14.f32,168000,0.25,662,100.0,
2025-05-12 15:41:37,fl_mod,15,gru_L20_fl_mod_w15.bit,golden,607f8f6fbf8d191b8b35c264a665a829,OK,PASS,0.000000e+00,0,4F02C870CE5BA86692836E6977848484,,,,,,100.0,
2025-05-12 15:41:37,fl_mod,15,gru_L20_fl_mod_w15.bit,gtr2,d9c3b0ea7a8c1dd3c4bed72e0f5f1eb5,OK,PASS,,,4F02C870CE5BA86692836E6977848484,B753F3AFC29D4F4C51493E9529EE17F3,board_gtr2_fl_mod_w15.f32,21103200,31.76,664,100.0,
2025-05-12 15:42:20,fl_mod,15,gru_L20_fl_mod_w15.bit,gtr4sg,113c073a8e9de2741f4a587f5e57f7e2,OK,PASS,,,4F02C870CE5BA86692836E6977848484,35A09FFE63C0C1ACCD65A0304BE7BC83,board_gtr4sg_fl_mod_w15.f32,17503200,26.31,665,100.0,
2025-05-12 15:43:01,fl_mod,15,gru_L20_fl_mod_w15.bit,prvtgtr,b8c1371ec7a052820dfa9ceecc707da9,OK,PASS,,,4F02C870CE5BA86692836E6977848484,6C7B68265A114E0D00EC92C0D20A8D28,board_prvtgtr_fl_mod_w15.f32,15151200,22.76,666,100.0,
2025-05-12 15:43:33,fl_mod,15,gru_L20_fl_mod_w15.bit,ytbass,1d11bfb1b6df6c3c446f7fa347527034,OK,PASS,,,4F02C870CE5BA86692836E6977848484,B4344750972FC4F339EE9CED80CEC866,board_ytbass_fl_mod_w15.f32,29071200,43.76,664,100.0,
2025-05-12 15:44:34,fl_mod,15,gru_L20_fl_mod_w15.bit,tones,3991acd46657e9051419bb3fbc24ff74,OK,PASS,,,4F02C870CE5BA86692836E6977848484,B90D27818CEDBB06D22FE3F8E6309245,s2_tones_fl_mod_w15.f32,4646400,6.97,666,100.0,
2025-05-12 15:44:43,fl_mod,15,gru_L20_fl_mod_w15.bit,sweep,913d44e192cffd1459eb55e56bdd6be1,OK,PASS,,,4F02C870CE5BA86692836E6977848484,DEED85F2901D79F3C787A700D1687FDB,s2_sweep_fl_mod_w15.f32,1440000,2.16,667,100.0,
2025-05-12 15:44:45,fl_mod,15,gru_L20_fl_mod_w15.bit,silence,d051cff927d4ce28ab72215e43a2fb2b,OK,PASS,,,4F02C870CE5BA86692836E6977848484,9A0F6E3DE0B9AA162F77BC649156941A,s2_silence_fl_mod_w15.f32,480000,0.72,666,100.0,
2025-05-12 15:44:46,fl_mod,15,gru_L20_fl_mod_w15.bit,impulse,eb445918179de211aa2625a4480c4be3,OK,PASS,,,4F02C870CE5BA86692836E6977848484,53B7F96DD2EA92D8D4C5344676CF942B,s2_impulse_fl_mod_w15.f32,144000,0.22,659,100.0,
2025-05-12 15:44:47,fl_mod,15,gru_L20_fl_mod_w15.bit,edge,fad9029aef784288d56fff14cb2f9fc3,OK,PASS,,,4F02C870CE5BA86692836E6977848484,83832A534272F2CFF8E42401C517DAE5,s2_edge_fl_mod_w15.f32,168000,0.25,661,100.0,
2025-05-12 15:44:53,fl_mod,16,gru_L20_fl_mod_w16.bit,golden,607f8f6fbf8d191b8b35c264a665a829,OK,PASS,0.000000e+00,0,EE989ED3ACAB180E43220A7CBCF791AB,,,,,,100.0,
2025-05-12 15:44:53,fl_mod,16,gru_L20_fl_mod_w16.bit,gtr2,d9c3b0ea7a8c1dd3c4bed72e0f5f1eb5,OK,PASS,,,EE989ED3ACAB180E43220A7CBCF791AB,B56D5CA447FDBDB6279271F7F256ACF8,board_gtr2_fl_mod_w16.f32,21103200,31.66,666,100.0,
2025-05-12 15:45:39,fl_mod,16,gru_L20_fl_mod_w16.bit,gtr4sg,113c073a8e9de2741f4a587f5e57f7e2,OK,PASS,,,EE989ED3ACAB180E43220A7CBCF791AB,B5240FE00B40085673A90A62FC8F1F74,board_gtr4sg_fl_mod_w16.f32,17503200,26.31,665,100.0,
2025-05-12 15:46:16,fl_mod,16,gru_L20_fl_mod_w16.bit,prvtgtr,b8c1371ec7a052820dfa9ceecc707da9,OK,PASS,,,EE989ED3ACAB180E43220A7CBCF791AB,AEB75B2ABE0AD6AA09EF36E432AAE146,board_prvtgtr_fl_mod_w16.f32,15151200,22.81,664,100.0,
2025-05-12 15:46:48,fl_mod,16,gru_L20_fl_mod_w16.bit,ytbass,1d11bfb1b6df6c3c446f7fa347527034,OK,PASS,,,EE989ED3ACAB180E43220A7CBCF791AB,AD94E429BCFB38024550D3428C4D0E4A,board_ytbass_fl_mod_w16.f32,29071200,43.73,665,100.0,
2025-05-12 15:47:51,fl_mod,16,gru_L20_fl_mod_w16.bit,tones,3991acd46657e9051419bb3fbc24ff74,OK,PASS,,,EE989ED3ACAB180E43220A7CBCF791AB,6D379B2DCB0A54C565A26805E338AF0A,s2_tones_fl_mod_w16.f32,4646400,6.97,667,100.0,
2025-05-12 15:47:59,fl_mod,16,gru_L20_fl_mod_w16.bit,sweep,913d44e192cffd1459eb55e56bdd6be1,OK,PASS,,,EE989ED3ACAB180E43220A7CBCF791AB,D088E4929164B58EA56117EB36C4918F,s2_sweep_fl_mod_w16.f32,1440000,2.16,667,100.0,
2025-05-12 15:48:02,fl_mod,16,gru_L20_fl_mod_w16.bit,silence,d051cff927d4ce28ab72215e43a2fb2b,OK,PASS,,,EE989ED3ACAB180E43220A7CBCF791AB,D1A67D22828782AFD55624C778F95F9F,s2_silence_fl_mod_w16.f32,480000,0.72,665,100.0,
2025-05-12 15:48:03,fl_mod,16,gru_L20_fl_mod_w16.bit,impulse,eb445918179de211aa2625a4480c4be3,OK,PASS,,,EE989ED3ACAB180E43220A7CBCF791AB,44C0BFE6355C9B78FCBDE1651DBFFAC6,s2_impulse_fl_mod_w16.f32,144000,0.22,658,100.0,
2025-05-12 15:48:03,fl_mod,16,gru_L20_fl_mod_w16.bit,edge,fad9029aef784288d56fff14cb2f9fc3,OK,PASS,,,EE989ED3ACAB180E43220A7CBCF791AB,1059FDA363183D33A5E3B2F472B8E478,s2_edge_fl_mod_w16.f32,168000,0.25,661,100.0,
2025-05-12 15:48:13,fl_mod,17,gru_L20_fl_mod_w17.bit,golden,607f8f6fbf8d191b8b35c264a665a829,OK,PASS,0.000000e+00,0,C3303AD0906BB4A6CFCB09BD5B8AA528,,,,,,100.0,
2025-05-12 15:48:13,fl_mod,17,gru_L20_fl_mod_w17.bit,gtr2,d9c3b0ea7a8c1dd3c4bed72e0f5f1eb5,OK,PASS,,,C3303AD0906BB4A6CFCB09BD5B8AA528,EC2E99C07AD8F84A385218FE73C7CD1C,board_gtr2_fl_mod_w17.f32,21103200,31.66,667,100.0,
2025-05-12 15:49:00,fl_mod,17,gru_L20_fl_mod_w17.bit,gtr4sg,113c073a8e9de2741f4a587f5e57f7e2,OK,PASS,,,C3303AD0906BB4A6CFCB09BD5B8AA528,03B5971BA9E21368B5B056A2CD540B4D,board_gtr4sg_fl_mod_w17.f32,17503200,26.36,664,100.0,
2025-05-12 15:49:37,fl_mod,17,gru_L20_fl_mod_w17.bit,prvtgtr,b8c1371ec7a052820dfa9ceecc707da9,OK,PASS,,,C3303AD0906BB4A6CFCB09BD5B8AA528,9FC26A813DA6589886A80D41A5E26D65,board_prvtgtr_fl_mod_w17.f32,15151200,22.74,666,100.0,
2025-05-12 15:50:08,fl_mod,17,gru_L20_fl_mod_w17.bit,ytbass,1d11bfb1b6df6c3c446f7fa347527034,OK,PASS,,,C3303AD0906BB4A6CFCB09BD5B8AA528,639B7ECE9AEDFEB116BAD88D6C5B8E66,board_ytbass_fl_mod_w17.f32,29071200,43.80,664,100.0,
2025-05-12 15:51:11,fl_mod,17,gru_L20_fl_mod_w17.bit,tones,3991acd46657e9051419bb3fbc24ff74,OK,PASS,,,C3303AD0906BB4A6CFCB09BD5B8AA528,247F0CC9AB135CA13F3E6833A1965AA5,s2_tones_fl_mod_w17.f32,4646400,6.97,667,100.0,
2025-05-12 15:51:19,fl_mod,17,gru_L20_fl_mod_w17.bit,sweep,913d44e192cffd1459eb55e56bdd6be1,OK,PASS,,,C3303AD0906BB4A6CFCB09BD5B8AA528,20CC8D7ED20B021CD17C8D5C3D5D3D14,s2_sweep_fl_mod_w17.f32,1440000,2.16,666,100.0,
2025-05-12 15:51:22,fl_mod,17,gru_L20_fl_mod_w17.bit,silence,d051cff927d4ce28ab72215e43a2fb2b,OK,PASS,,,C3303AD0906BB4A6CFCB09BD5B8AA528,A27B9D88E058BA1F61E5238A88114BE0,s2_silence_fl_mod_w17.f32,480000,0.72,666,100.0,
2025-05-12 15:51:23,fl_mod,17,gru_L20_fl_mod_w17.bit,impulse,eb445918179de211aa2625a4480c4be3,OK,PASS,,,C3303AD0906BB4A6CFCB09BD5B8AA528,76F8A3DFBD019375DF42891016C2E242,s2_impulse_fl_mod_w17.f32,144000,0.22,656,100.0,
2025-05-12 15:51:23,fl_mod,17,gru_L20_fl_mod_w17.bit,edge,fad9029aef784288d56fff14cb2f9fc3,OK,PASS,,,C3303AD0906BB4A6CFCB09BD5B8AA528,DA3AAC36C2522631AF2E4A76CB04319D,s2_edge_fl_mod_w17.f32,168000,0.25,663,100.0,
2025-05-12 15:51:30,fl_mod,18,gru_L20_fl_mod_w18.bit,golden,607f8f6fbf8d191b8b35c264a665a829,OK,PASS,0.000000e+00,0,C5944AAEB2B38A236D36EC4189BF556D,,,,,,100.0,
2025-05-12 15:51:30,fl_mod,18,gru_L20_fl_mod_w18.bit,gtr2,d9c3b0ea7a8c1dd3c4bed72e0f5f1eb5,OK,PASS,,,C5944AAEB2B38A236D36EC4189BF556D,2D61E7FC83713203BDCD1475D28B7212,board_gtr2_fl_mod_w18.f32,21103200,31.70,666,100.0,
2025-05-12 15:52:19,fl_mod,18,gru_L20_fl_mod_w18.bit,gtr4sg,113c073a8e9de2741f4a587f5e57f7e2,OK,PASS,,,C5944AAEB2B38A236D36EC4189BF556D,EF350CCAF51B5B1C286ABDE4B785522A,board_gtr4sg_fl_mod_w18.f32,17503200,26.28,666,100.0,
2025-05-12 15:52:55,fl_mod,18,gru_L20_fl_mod_w18.bit,prvtgtr,b8c1371ec7a052820dfa9ceecc707da9,OK,PASS,,,C5944AAEB2B38A236D36EC4189BF556D,2DCC9684C91F86FD5DA70082BC2B616E,board_prvtgtr_fl_mod_w18.f32,15151200,22.79,665,100.0,
2025-05-12 15:53:28,fl_mod,18,gru_L20_fl_mod_w18.bit,ytbass,1d11bfb1b6df6c3c446f7fa347527034,OK,PASS,,,C5944AAEB2B38A236D36EC4189BF556D,A2354DB42A67BA40B9A241EDBF186291,board_ytbass_fl_mod_w18.f32,29071200,43.74,665,100.0,
2025-05-12 15:54:29,fl_mod,18,gru_L20_fl_mod_w18.bit,tones,3991acd46657e9051419bb3fbc24ff74,OK,PASS,,,C5944AAEB2B38A236D36EC4189BF556D,1733100CE1116D2A847CB3EAA1753A8E,s2_tones_fl_mod_w18.f32,4646400,6.97,667,100.0,
2025-05-12 15:54:37,fl_mod,18,gru_L20_fl_mod_w18.bit,sweep,913d44e192cffd1459eb55e56bdd6be1,OK,PASS,,,C5944AAEB2B38A236D36EC4189BF556D,7584CA167D9B3720701B52E107F33174,s2_sweep_fl_mod_w18.f32,1440000,2.16,667,100.0,
2025-05-12 15:54:40,fl_mod,18,gru_L20_fl_mod_w18.bit,silence,d051cff927d4ce28ab72215e43a2fb2b,OK,PASS,,,C5944AAEB2B38A236D36EC4189BF556D,9F400FADAF1A1DCDC2CFD7F9061D0052,s2_silence_fl_mod_w18.f32,480000,0.72,665,100.0,
2025-05-12 15:54:41,fl_mod,18,gru_L20_fl_mod_w18.bit,impulse,eb445918179de211aa2625a4480c4be3,OK,PASS,,,C5944AAEB2B38A236D36EC4189BF556D,AC73943B7D2F76F0AA86A2DDF0250FD4,s2_impulse_fl_mod_w18.f32,144000,0.22,658,100.0,
2025-05-12 15:54:41,fl_mod,18,gru_L20_fl_mod_w18.bit,edge,fad9029aef784288d56fff14cb2f9fc3,OK,PASS,,,C5944AAEB2B38A236D36EC4189BF556D,F29DBBE49EC8081BDAE2189AA8D3BC0B,s2_edge_fl_mod_w18.f32,168000,0.25,662,100.0,
2025-05-12 15:54:51,fl_mod,19,gru_L20_fl_mod_w19.bit,golden,607f8f6fbf8d191b8b35c264a665a829,OK,PASS,0.000000e+00,0,814DB5064559181E05E51672BA34EACC,,,,,,100.0,
2025-05-12 15:54:51,fl_mod,19,gru_L20_fl_mod_w19.bit,gtr2,d9c3b0ea7a8c1dd3c4bed72e0f5f1eb5,OK,PASS,,,814DB5064559181E05E51672BA34EACC,A3D58E833114E7EF4B82DD8B540EA64D,board_gtr2_fl_mod_w19.f32,21103200,31.66,667,100.0,
2025-05-12 15:55:37,fl_mod,19,gru_L20_fl_mod_w19.bit,gtr4sg,113c073a8e9de2741f4a587f5e57f7e2,OK,PASS,,,814DB5064559181E05E51672BA34EACC,DB44DA92942DFA055DED84690BF7938E,board_gtr4sg_fl_mod_w19.f32,17503200,26.36,664,100.0,
2025-05-12 15:56:13,fl_mod,19,gru_L20_fl_mod_w19.bit,prvtgtr,b8c1371ec7a052820dfa9ceecc707da9,OK,PASS,,,814DB5064559181E05E51672BA34EACC,CCFF7D93554EA48D5C53E1B4FD17C9FE,board_prvtgtr_fl_mod_w19.f32,15151200,22.74,666,100.0,
2025-05-12 15:56:43,fl_mod,19,gru_L20_fl_mod_w19.bit,ytbass,1d11bfb1b6df6c3c446f7fa347527034,OK,PASS,,,814DB5064559181E05E51672BA34EACC,0411A0A2573044417156A05A603C3239,board_ytbass_fl_mod_w19.f32,29071200,43.78,664,100.0,
2025-05-12 15:57:50,fl_mod,19,gru_L20_fl_mod_w19.bit,tones,3991acd46657e9051419bb3fbc24ff74,OK,PASS,,,814DB5064559181E05E51672BA34EACC,48985E5F30446E1BD0A678F8E0689C39,s2_tones_fl_mod_w19.f32,4646400,6.97,666,100.0,
2025-05-12 15:57:59,fl_mod,19,gru_L20_fl_mod_w19.bit,sweep,913d44e192cffd1459eb55e56bdd6be1,OK,PASS,,,814DB5064559181E05E51672BA34EACC,CE98718D792FD68F81547CF8A6B85A7B,s2_sweep_fl_mod_w19.f32,1440000,2.16,667,100.0,
2025-05-12 15:58:01,fl_mod,19,gru_L20_fl_mod_w19.bit,silence,d051cff927d4ce28ab72215e43a2fb2b,OK,PASS,,,814DB5064559181E05E51672BA34EACC,A291EAF8BE52C1EF08632C260D3599A2,s2_silence_fl_mod_w19.f32,480000,0.72,665,100.0,
2025-05-12 15:58:02,fl_mod,19,gru_L20_fl_mod_w19.bit,impulse,eb445918179de211aa2625a4480c4be3,OK,PASS,,,814DB5064559181E05E51672BA34EACC,C15FDE2FF8ECF9F604D348F2A270B1A1,s2_impulse_fl_mod_w19.f32,144000,0.22,662,100.0,
2025-05-12 15:58:02,fl_mod,19,gru_L20_fl_mod_w19.bit,edge,fad9029aef784288d56fff14cb2f9fc3,OK,PASS,,,814DB5064559181E05E51672BA34EACC,E64E6CEABD7F137B750C3899A3A9D588,s2_edge_fl_mod_w19.f32,168000,0.26,658,100.0,
2025-05-12 15:58:09,fl_mod,20,gru_L20_fl_mod_w20.bit,golden,607f8f6fbf8d191b8b35c264a665a829,OK,PASS,0.000000e+00,0,57893F15116C71807D8FAD765BF0970E,,,,,,100.0,
2025-05-12 15:58:09,fl_mod,20,gru_L20_fl_mod_w20.bit,gtr2,d9c3b0ea7a8c1dd3c4bed72e0f5f1eb5,OK,PASS,,,57893F15116C71807D8FAD765BF0970E,642FBDF85A9BCBC32E6C0995294CB703,board_gtr2_fl_mod_w20.f32,21103200,31.66,666,100.0,
2025-05-12 15:58:54,fl_mod,20,gru_L20_fl_mod_w20.bit,gtr4sg,113c073a8e9de2741f4a587f5e57f7e2,OK,PASS,,,57893F15116C71807D8FAD765BF0970E,BCE14CC126B6E405F5F0BFCC950A32B5,board_gtr4sg_fl_mod_w20.f32,17503200,26.25,667,100.0,
2025-05-12 15:59:31,fl_mod,20,gru_L20_fl_mod_w20.bit,prvtgtr,b8c1371ec7a052820dfa9ceecc707da9,OK,PASS,,,57893F15116C71807D8FAD765BF0970E,FDEAE513C406DD074A6B7462BF7414A5,board_prvtgtr_fl_mod_w20.f32,15151200,22.74,666,100.0,
2025-05-12 16:00:02,fl_mod,20,gru_L20_fl_mod_w20.bit,ytbass,1d11bfb1b6df6c3c446f7fa347527034,OK,PASS,,,57893F15116C71807D8FAD765BF0970E,82661358F00139535299457E2A363642,board_ytbass_fl_mod_w20.f32,29071200,43.69,665,100.0,
2025-05-12 16:01:08,fl_mod,20,gru_L20_fl_mod_w20.bit,tones,3991acd46657e9051419bb3fbc24ff74,OK,PASS,,,57893F15116C71807D8FAD765BF0970E,B793742CD32638AC05C4EED519D7DEB8,s2_tones_fl_mod_w20.f32,4646400,6.97,667,100.0,
2025-05-12 16:01:17,fl_mod,20,gru_L20_fl_mod_w20.bit,sweep,913d44e192cffd1459eb55e56bdd6be1,OK,PASS,,,57893F15116C71807D8FAD765BF0970E,7A0B7705991D4137D676EE9A00CA8C8A,s2_sweep_fl_mod_w20.f32,1440000,2.16,666,100.0,
2025-05-12 16:01:19,fl_mod,20,gru_L20_fl_mod_w20.bit,silence,d051cff927d4ce28ab72215e43a2fb2b,OK,PASS,,,57893F15116C71807D8FAD765BF0970E,61FAD8BBCE26A8240C1A2C361004F3C3,s2_silence_fl_mod_w20.f32,480000,0.72,665,100.0,
2025-05-12 16:01:20,fl_mod,20,gru_L20_fl_mod_w20.bit,impulse,eb445918179de211aa2625a4480c4be3,OK,PASS,,,57893F15116C71807D8FAD765BF0970E,D1A1E6A37ACB23AD0A0E5EA7DDEE113B,s2_impulse_fl_mod_w20.f32,144000,0.22,661,100.0,
2025-05-12 16:01:21,fl_mod,20,gru_L20_fl_mod_w20.bit,edge,fad9029aef784288d56fff14cb2f9fc3,OK,PASS,,,57893F15116C71807D8FAD765BF0970E,4DC32670C130ED1A1A2EA87FC1E3FC37,s2_edge_fl_mod_w20.f32,168000,0.25,660,100.0,
2025-05-12 16:22:47,fl_mod,21,gru_L20_fl_mod_w21.bit,golden,607f8f6fbf8d191b8b35c264a665a829,OK,PASS,0.000000e+00,0,25F255762E362A977FAD3C991730A8EF,,,,,,100.0,
2025-05-12 16:22:47,fl_mod,21,gru_L20_fl_mod_w21.bit,gtr2,d9c3b0ea7a8c1dd3c4bed72e0f5f1eb5,OK,PASS,,,25F255762E362A977FAD3C991730A8EF,AB7796758F78CB84329CA3B4D3EAC1D0,board_gtr2_fl_mod_w21.f32,21103200,31.66,666,100.0,
2025-05-12 16:23:36,fl_mod,21,gru_L20_fl_mod_w21.bit,gtr4sg,113c073a8e9de2741f4a587f5e57f7e2,OK,PASS,,,25F255762E362A977FAD3C991730A8EF,D955D9B2F81177F319C2B72DFFB869B3,board_gtr4sg_fl_mod_w21.f32,17503200,26.29,666,100.0,
2025-05-12 16:24:13,fl_mod,21,gru_L20_fl_mod_w21.bit,prvtgtr,b8c1371ec7a052820dfa9ceecc707da9,OK,PASS,,,25F255762E362A977FAD3C991730A8EF,35E6C14DEC74BFC5239A8DD9E9272ED1,board_prvtgtr_fl_mod_w21.f32,15151200,22.75,666,100.0,
2025-05-12 16:24:48,fl_mod,21,gru_L20_fl_mod_w21.bit,ytbass,1d11bfb1b6df6c3c446f7fa347527034,OK,PASS,,,25F255762E362A977FAD3C991730A8EF,7FA7325E4033D67BDC52A8FF3A38A337,board_ytbass_fl_mod_w21.f32,29071200,43.66,666,100.0,
2025-05-12 16:26:03,fl_mod,21,gru_L20_fl_mod_w21.bit,tones,3991acd46657e9051419bb3fbc24ff74,OK,PASS,,,25F255762E362A977FAD3C991730A8EF,6E14B4331546236351F6898781878997,s2_tones_fl_mod_w21.f32,4646400,6.97,666,100.0,
2025-05-12 16:26:12,fl_mod,21,gru_L20_fl_mod_w21.bit,sweep,913d44e192cffd1459eb55e56bdd6be1,OK,PASS,,,25F255762E362A977FAD3C991730A8EF,18B16F269C02BFCABDA8DCDAEF363B59,s2_sweep_fl_mod_w21.f32,1440000,2.16,666,100.0,
2025-05-12 16:26:14,fl_mod,21,gru_L20_fl_mod_w21.bit,silence,d051cff927d4ce28ab72215e43a2fb2b,OK,PASS,,,25F255762E362A977FAD3C991730A8EF,D7D556D0D014635AB8086500C5C97973,s2_silence_fl_mod_w21.f32,480000,0.72,666,100.0,
2025-05-12 16:26:15,fl_mod,21,gru_L20_fl_mod_w21.bit,impulse,eb445918179de211aa2625a4480c4be3,OK,PASS,,,25F255762E362A977FAD3C991730A8EF,984907DA60E0417FFC2BC239393B9699,s2_impulse_fl_mod_w21.f32,144000,0.22,662,100.0,
2025-05-12 16:26:16,fl_mod,21,gru_L20_fl_mod_w21.bit,edge,fad9029aef784288d56fff14cb2f9fc3,OK,PASS,,,25F255762E362A977FAD3C991730A8EF,AC59294C838B266BF91A27D61CB36242,s2_edge_fl_mod_w21.f32,168000,0.25,662,100.0,
2025-05-12 16:26:27,fl_mod,22,gru_L20_fl_mod_w22.bit,golden,607f8f6fbf8d191b8b35c264a665a829,OK,PASS,0.000000e+00,0,19EFAC6CDE7EA2B5AD70B40753C3CD40,,,,,,100.0,
2025-05-12 16:26:27,fl_mod,22,gru_L20_fl_mod_w22.bit,gtr2,d9c3b0ea7a8c1dd3c4bed72e0f5f1eb5,OK,PASS,,,19EFAC6CDE7EA2B5AD70B40753C3CD40,8FC95E556542F83BFEC7478B71E1E18D,board_gtr2_fl_mod_w22.f32,21103200,31.26,675,100.0,
2025-05-12 16:27:12,fl_mod,22,gru_L20_fl_mod_w22.bit,gtr4sg,113c073a8e9de2741f4a587f5e57f7e2,OK,PASS,,,19EFAC6CDE7EA2B5AD70B40753C3CD40,FDAFB60B7B445BB466C9F57C717C546A,board_gtr4sg_fl_mod_w22.f32,17503200,25.93,675,100.0,
2025-05-12 16:27:51,fl_mod,22,gru_L20_fl_mod_w22.bit,prvtgtr,b8c1371ec7a052820dfa9ceecc707da9,OK,PASS,,,19EFAC6CDE7EA2B5AD70B40753C3CD40,12C08A91CE0356DF6E0835549CEF41B9,board_prvtgtr_fl_mod_w22.f32,15151200,22.44,675,100.0,
2025-05-12 16:28:22,fl_mod,22,gru_L20_fl_mod_w22.bit,ytbass,1d11bfb1b6df6c3c446f7fa347527034,OK,PASS,,,19EFAC6CDE7EA2B5AD70B40753C3CD40,D7BAC70E24306C2DF201D02CAC209313,board_ytbass_fl_mod_w22.f32,29071200,43.12,674,100.0,
2025-05-12 16:29:37,fl_mod,22,gru_L20_fl_mod_w22.bit,tones,3991acd46657e9051419bb3fbc24ff74,OK,PASS,,,19EFAC6CDE7EA2B5AD70B40753C3CD40,FBC2179F853F905995997DE920486FE5,s2_tones_fl_mod_w22.f32,4646400,6.87,676,100.0,
2025-05-12 16:29:45,fl_mod,22,gru_L20_fl_mod_w22.bit,sweep,913d44e192cffd1459eb55e56bdd6be1,OK,PASS,,,19EFAC6CDE7EA2B5AD70B40753C3CD40,1E6E6634F1EA7B0D5D53440804DD1883,s2_sweep_fl_mod_w22.f32,1440000,2.13,675,100.0,
2025-05-12 16:29:48,fl_mod,22,gru_L20_fl_mod_w22.bit,silence,d051cff927d4ce28ab72215e43a2fb2b,OK,PASS,,,19EFAC6CDE7EA2B5AD70B40753C3CD40,0B87EEDD1644430A7CF89137F52F961A,s2_silence_fl_mod_w22.f32,480000,0.71,675,100.0,
2025-05-12 16:29:48,fl_mod,22,gru_L20_fl_mod_w22.bit,impulse,eb445918179de211aa2625a4480c4be3,OK,PASS,,,19EFAC6CDE7EA2B5AD70B40753C3CD40,1A9D0662CA8915D4A3FA54601D2808A8,s2_impulse_fl_mod_w22.f32,144000,0.22,667,100.0,
2025-05-12 16:29:49,fl_mod,22,gru_L20_fl_mod_w22.bit,edge,fad9029aef784288d56fff14cb2f9fc3,OK,PASS,,,19EFAC6CDE7EA2B5AD70B40753C3CD40,04836B6AC74617192147504F57D7FCD3,s2_edge_fl_mod_w22.f32,168000,0.25,670,100.0,
2025-05-12 16:29:55,fl_mod,23,gru_L20_fl_mod_w23.bit,golden,607f8f6fbf8d191b8b35c264a665a829,OK,PASS,0.000000e+00,0,A79C05DDDDEA014F1C1C05B8083DD1B3,,,,,,100.0,
2025-05-12 16:29:55,fl_mod,23,gru_L20_fl_mod_w23.bit,gtr2,d9c3b0ea7a8c1dd3c4bed72e0f5f1eb5,OK,PASS,,,A79C05DDDDEA014F1C1C05B8083DD1B3,EE7D7F27CAEF4DDBC6E7D0642A727D4B,board_gtr2_fl_mod_w23.f32,21103200,31.68,666,100.0,
2025-05-12 16:30:38,fl_mod,23,gru_L20_fl_mod_w23.bit,gtr4sg,113c073a8e9de2741f4a587f5e57f7e2,OK,PASS,,,A79C05DDDDEA014F1C1C05B8083DD1B3,C72EB4E386F4B5403A2D3833DD059D15,board_gtr4sg_fl_mod_w23.f32,17503200,26.28,666,100.0,
2025-05-12 16:31:16,fl_mod,23,gru_L20_fl_mod_w23.bit,prvtgtr,b8c1371ec7a052820dfa9ceecc707da9,OK,PASS,,,A79C05DDDDEA014F1C1C05B8083DD1B3,5C76576E3F9D9C8CD9A5CAC8B43E3D8B,board_prvtgtr_fl_mod_w23.f32,15151200,22.75,666,100.0,
2025-05-12 16:31:49,fl_mod,23,gru_L20_fl_mod_w23.bit,ytbass,1d11bfb1b6df6c3c446f7fa347527034,OK,PASS,,,A79C05DDDDEA014F1C1C05B8083DD1B3,97DF07C3F070FDFFB08E9B5F183A99F9,board_ytbass_fl_mod_w23.f32,29071200,43.67,666,100.0,
2025-05-12 16:32:52,fl_mod,23,gru_L20_fl_mod_w23.bit,tones,3991acd46657e9051419bb3fbc24ff74,OK,PASS,,,A79C05DDDDEA014F1C1C05B8083DD1B3,49E8F1F16887191651FBF03CBC5C5F7A,s2_tones_fl_mod_w23.f32,4646400,6.96,667,100.0,
2025-05-12 16:33:00,fl_mod,23,gru_L20_fl_mod_w23.bit,sweep,913d44e192cffd1459eb55e56bdd6be1,OK,PASS,,,A79C05DDDDEA014F1C1C05B8083DD1B3,A320BB9D04D60D4C675CFAFEBC740989,s2_sweep_fl_mod_w23.f32,1440000,2.16,667,100.0,
2025-05-12 16:33:03,fl_mod,23,gru_L20_fl_mod_w23.bit,silence,d051cff927d4ce28ab72215e43a2fb2b,OK,PASS,,,A79C05DDDDEA014F1C1C05B8083DD1B3,5D513A5660E8CD21010A8E88343D1069,s2_silence_fl_mod_w23.f32,480000,0.72,665,100.0,
2025-05-12 16:33:04,fl_mod,23,gru_L20_fl_mod_w23.bit,impulse,eb445918179de211aa2625a4480c4be3,OK,PASS,,,A79C05DDDDEA014F1C1C05B8083DD1B3,7CE8DAD93B5440EA13E60A2EFF6BFA76,s2_impulse_fl_mod_w23.f32,144000,0.22,656,100.0,
2025-05-12 16:33:04,fl_mod,23,gru_L20_fl_mod_w23.bit,edge,fad9029aef784288d56fff14cb2f9fc3,OK,PASS,,,A79C05DDDDEA014F1C1C05B8083DD1B3,703195FF763E1B845DE0AA5D38A6CBE0,s2_edge_fl_mod_w23.f32,168000,0.25,661,100.0,
2025-05-12 16:33:12,fl_mod,24,gru_L20_fl_mod_w24.bit,golden,607f8f6fbf8d191b8b35c264a665a829,OK,PASS,0.000000e+00,0,3706617083B8712CD16569B0C55629B2,,,,,,100.0,
2025-05-12 16:33:12,fl_mod,24,gru_L20_fl_mod_w24.bit,gtr2,d9c3b0ea7a8c1dd3c4bed72e0f5f1eb5,OK,PASS,,,3706617083B8712CD16569B0C55629B2,C0C642ED4251832A6D6FB1FD9214CA06,board_gtr2_fl_mod_w24.f32,21103200,31.67,666,100.0,
2025-05-12 16:34:02,fl_mod,24,gru_L20_fl_mod_w24.bit,gtr4sg,113c073a8e9de2741f4a587f5e57f7e2,OK,PASS,,,3706617083B8712CD16569B0C55629B2,7E3B1E5BD9EFA182EE9E66F5CF0748C6,board_gtr4sg_fl_mod_w24.f32,17503200,26.30,665,100.0,
2025-05-12 16:34:38,fl_mod,24,gru_L20_fl_mod_w24.bit,prvtgtr,b8c1371ec7a052820dfa9ceecc707da9,OK,PASS,,,3706617083B8712CD16569B0C55629B2,DEB7E3B4953A70D2DD33B924C3EBC188,board_prvtgtr_fl_mod_w24.f32,15151200,22.74,666,100.0,
2025-05-12 16:35:10,fl_mod,24,gru_L20_fl_mod_w24.bit,ytbass,1d11bfb1b6df6c3c446f7fa347527034,OK,PASS,,,3706617083B8712CD16569B0C55629B2,624616FF607407E51189A5EEA8484950,board_ytbass_fl_mod_w24.f32,29071200,43.68,666,100.0,
2025-05-12 16:36:14,fl_mod,24,gru_L20_fl_mod_w24.bit,tones,3991acd46657e9051419bb3fbc24ff74,OK,PASS,,,3706617083B8712CD16569B0C55629B2,684BF3A8237EBD79EC2DEB28FD79F9D2,s2_tones_fl_mod_w24.f32,4646400,6.97,667,100.0,
2025-05-12 16:36:22,fl_mod,24,gru_L20_fl_mod_w24.bit,sweep,913d44e192cffd1459eb55e56bdd6be1,OK,PASS,,,3706617083B8712CD16569B0C55629B2,AD8A613A79C9BF8F963559DC8CFF6800,s2_sweep_fl_mod_w24.f32,1440000,2.16,666,100.0,
2025-05-12 16:36:25,fl_mod,24,gru_L20_fl_mod_w24.bit,silence,d051cff927d4ce28ab72215e43a2fb2b,OK,PASS,,,3706617083B8712CD16569B0C55629B2,4DF2FAAC81D5EAB69B25EB9D9EA41C74,s2_silence_fl_mod_w24.f32,480000,0.72,663,100.0,
2025-05-12 16:36:26,fl_mod,24,gru_L20_fl_mod_w24.bit,impulse,eb445918179de211aa2625a4480c4be3,OK,PASS,,,3706617083B8712CD16569B0C55629B2,F63ED9DA0473BBDAFE6ABD84465C6600,s2_impulse_fl_mod_w24.f32,144000,0.22,658,100.0,
2025-05-12 16:36:27,fl_mod,24,gru_L20_fl_mod_w24.bit,edge,fad9029aef784288d56fff14cb2f9fc3,OK,PASS,,,3706617083B8712CD16569B0C55629B2,995EA00C0BED2988836468F61C2B7E62,s2_edge_fl_mod_w24.f32,168000,0.25,661,100.0,
2025-05-12 20:22:24,rodent_max,8,gru_L20_rodent_max_w8.bit,golden,607f8f6fbf8d191b8b35c264a665a829,OK,PASS,0.000000e+00,0,61F60892B2C4B87237D07D81DCFE5F66,,,,,,100.0,
2025-05-12 20:22:24,rodent_max,8,gru_L20_rodent_max_w8.bit,gtr2,d9c3b0ea7a8c1dd3c4bed72e0f5f1eb5,OK,PASS,,,61F60892B2C4B87237D07D81DCFE5F66,D38EE75729C35EEF0E8C1C5FB8CB663E,board_gtr2_rodent_max_w8.f32,21103200,31.59,668,100.0,
2025-05-12 20:23:13,rodent_max,8,gru_L20_rodent_max_w8.bit,gtr4sg,113c073a8e9de2741f4a587f5e57f7e2,OK,PASS,,,61F60892B2C4B87237D07D81DCFE5F66,202EBA10F7E117F446EFD172C01D905A,board_gtr4sg_rodent_max_w8.f32,17503200,26.07,671,100.0,
2025-05-12 20:23:56,rodent_max,8,gru_L20_rodent_max_w8.bit,prvtgtr,b8c1371ec7a052820dfa9ceecc707da9,OK,PASS,,,61F60892B2C4B87237D07D81DCFE5F66,D25A589F73CF320754D730B623951213,board_prvtgtr_rodent_max_w8.f32,15151200,22.58,671,100.0,
2025-05-12 20:24:33,rodent_max,8,gru_L20_rodent_max_w8.bit,ytbass,1d11bfb1b6df6c3c446f7fa347527034,OK,PASS,,,61F60892B2C4B87237D07D81DCFE5F66,6018173EABC19557706EB1D8AA52F939,board_ytbass_rodent_max_w8.f32,29071200,43.40,670,100.0,
2025-05-12 20:25:35,rodent_max,8,gru_L20_rodent_max_w8.bit,tones,3991acd46657e9051419bb3fbc24ff74,OK,PASS,,,61F60892B2C4B87237D07D81DCFE5F66,6E0335DDE5C80C211075EF0015446BBA,s2_tones_rodent_max_w8.f32,4646400,6.93,671,100.0,
2025-05-12 20:25:44,rodent_max,8,gru_L20_rodent_max_w8.bit,sweep,913d44e192cffd1459eb55e56bdd6be1,OK,PASS,,,61F60892B2C4B87237D07D81DCFE5F66,81607BBB18FBE0A56DBACA4B5D80A2ED,s2_sweep_rodent_max_w8.f32,1440000,2.15,671,100.0,
2025-05-12 20:25:47,rodent_max,8,gru_L20_rodent_max_w8.bit,silence,d051cff927d4ce28ab72215e43a2fb2b,OK,PASS,,,61F60892B2C4B87237D07D81DCFE5F66,162C4C978B2D33733ED6C25429B756FF,s2_silence_rodent_max_w8.f32,480000,0.72,668,100.0,
2025-05-12 20:25:48,rodent_max,8,gru_L20_rodent_max_w8.bit,impulse,eb445918179de211aa2625a4480c4be3,OK,PASS,,,61F60892B2C4B87237D07D81DCFE5F66,EA55A99EB7235B7CD0ADEBDBC81B15F9,s2_impulse_rodent_max_w8.f32,144000,0.22,663,100.0,
2025-05-12 20:25:48,rodent_max,8,gru_L20_rodent_max_w8.bit,edge,fad9029aef784288d56fff14cb2f9fc3,OK,PASS,,,61F60892B2C4B87237D07D81DCFE5F66,AEB6676A93AB728CFE5E71DEC4D36290,s2_edge_rodent_max_w8.f32,168000,0.26,652,100.0,
2025-05-12 20:25:58,rodent_max,9,gru_L20_rodent_max_w9.bit,golden,607f8f6fbf8d191b8b35c264a665a829,OK,PASS,0.000000e+00,0,C8F304EEF636B86ED641D5A48954A40B,,,,,,100.0,
2025-05-12 20:25:58,rodent_max,9,gru_L20_rodent_max_w9.bit,gtr2,d9c3b0ea7a8c1dd3c4bed72e0f5f1eb5,OK,PASS,,,C8F304EEF636B86ED641D5A48954A40B,DE554387C61E5CB1918CD6427F27A936,board_gtr2_rodent_max_w9.f32,21103200,31.26,675,100.0,
2025-05-12 20:26:47,rodent_max,9,gru_L20_rodent_max_w9.bit,gtr4sg,113c073a8e9de2741f4a587f5e57f7e2,OK,PASS,,,C8F304EEF636B86ED641D5A48954A40B,1A7152C712C588136EC431B081BB70D3,board_gtr4sg_rodent_max_w9.f32,17503200,25.93,675,100.0,
2025-05-12 20:27:31,rodent_max,9,gru_L20_rodent_max_w9.bit,prvtgtr,b8c1371ec7a052820dfa9ceecc707da9,OK,PASS,,,C8F304EEF636B86ED641D5A48954A40B,C414B6E80608B251E1AE12973F3104EA,board_prvtgtr_rodent_max_w9.f32,15151200,22.41,676,100.0,
2025-05-12 20:28:04,rodent_max,9,gru_L20_rodent_max_w9.bit,ytbass,1d11bfb1b6df6c3c446f7fa347527034,OK,PASS,,,C8F304EEF636B86ED641D5A48954A40B,B15B988C9108789C4410AC328C17C1A3,board_ytbass_rodent_max_w9.f32,29071200,43.07,675,100.0,
2025-05-12 20:29:14,rodent_max,9,gru_L20_rodent_max_w9.bit,tones,3991acd46657e9051419bb3fbc24ff74,OK,PASS,,,C8F304EEF636B86ED641D5A48954A40B,883B6F45542158B80F8EB36F0DC06AA5,s2_tones_rodent_max_w9.f32,4646400,6.87,676,100.0,
2025-05-12 20:29:23,rodent_max,9,gru_L20_rodent_max_w9.bit,sweep,913d44e192cffd1459eb55e56bdd6be1,OK,PASS,,,C8F304EEF636B86ED641D5A48954A40B,BC375C002277106A07CCE284846E2A9A,s2_sweep_rodent_max_w9.f32,1440000,2.13,676,100.0,
2025-05-12 20:29:26,rodent_max,9,gru_L20_rodent_max_w9.bit,silence,d051cff927d4ce28ab72215e43a2fb2b,OK,PASS,,,C8F304EEF636B86ED641D5A48954A40B,8ADAE79296EC771B86EA3F09EF7BA723,s2_silence_rodent_max_w9.f32,480000,0.71,674,100.0,
2025-05-12 20:29:27,rodent_max,9,gru_L20_rodent_max_w9.bit,impulse,eb445918179de211aa2625a4480c4be3,OK,PASS,,,C8F304EEF636B86ED641D5A48954A40B,9CA1DCCBC90B38456C4E127309791561,s2_impulse_rodent_max_w9.f32,144000,0.21,670,100.0,
2025-05-12 20:29:27,rodent_max,9,gru_L20_rodent_max_w9.bit,edge,fad9029aef784288d56fff14cb2f9fc3,OK,PASS,,,C8F304EEF636B86ED641D5A48954A40B,8C229655B2F2B53B1C150E5DA8BCAB00,s2_edge_rodent_max_w9.f32,168000,0.25,664,100.0,
2025-05-12 20:29:33,rodent_max,10,gru_L20_rodent_max_w10.bit,golden,607f8f6fbf8d191b8b35c264a665a829,OK,PASS,0.000000e+00,0,49865BA835AFBF018FB13058E0967C1D,,,,,,100.0,
2025-05-12 20:29:33,rodent_max,10,gru_L20_rodent_max_w10.bit,gtr2,d9c3b0ea7a8c1dd3c4bed72e0f5f1eb5,OK,PASS,,,49865BA835AFBF018FB13058E0967C1D,C58AE087F6DD7C513EA3324C824F9DF4,board_gtr2_rodent_max_w10.f32,21103200,31.30,674,100.0,
2025-05-12 20:30:23,rodent_max,10,gru_L20_rodent_max_w10.bit,gtr4sg,113c073a8e9de2741f4a587f5e57f7e2,OK,PASS,,,49865BA835AFBF018FB13058E0967C1D,8096031279477B258371FB65F6D3B82F,board_gtr4sg_rodent_max_w10.f32,17503200,25.90,676,100.0,
2025-05-12 20:31:00,rodent_max,10,gru_L20_rodent_max_w10.bit,prvtgtr,b8c1371ec7a052820dfa9ceecc707da9,OK,PASS,,,49865BA835AFBF018FB13058E0967C1D,E829E37751CA7BC5ED083696A2DCE587,board_prvtgtr_rodent_max_w10.f32,15151200,22.45,675,100.0,
2025-05-12 20:31:32,rodent_max,10,gru_L20_rodent_max_w10.bit,ytbass,1d11bfb1b6df6c3c446f7fa347527034,OK,PASS,,,49865BA835AFBF018FB13058E0967C1D,9BF3B1DC97F838C10B0FBB5C3395211F,board_ytbass_rodent_max_w10.f32,29071200,43.11,674,100.0,
2025-05-12 20:32:34,rodent_max,10,gru_L20_rodent_max_w10.bit,tones,3991acd46657e9051419bb3fbc24ff74,OK,PASS,,,49865BA835AFBF018FB13058E0967C1D,89A761F0B4A62795D866CFDF581684E6,s2_tones_rodent_max_w10.f32,4646400,6.88,676,100.0,
2025-05-12 20:32:43,rodent_max,10,gru_L20_rodent_max_w10.bit,sweep,913d44e192cffd1459eb55e56bdd6be1,OK,PASS,,,49865BA835AFBF018FB13058E0967C1D,0632768C17919CE00AE9908723F24D41,s2_sweep_rodent_max_w10.f32,1440000,2.13,676,100.0,
2025-05-12 20:32:46,rodent_max,10,gru_L20_rodent_max_w10.bit,silence,d051cff927d4ce28ab72215e43a2fb2b,OK,PASS,,,49865BA835AFBF018FB13058E0967C1D,397C19A42FF7FDFC904ACDE66150016F,s2_silence_rodent_max_w10.f32,480000,0.72,670,100.0,
2025-05-12 20:32:47,rodent_max,10,gru_L20_rodent_max_w10.bit,impulse,eb445918179de211aa2625a4480c4be3,OK,PASS,,,49865BA835AFBF018FB13058E0967C1D,E359370E89A9BCADF9282727C53446D3,s2_impulse_rodent_max_w10.f32,144000,0.21,670,100.0,
2025-05-12 20:32:47,rodent_max,10,gru_L20_rodent_max_w10.bit,edge,fad9029aef784288d56fff14cb2f9fc3,OK,PASS,,,49865BA835AFBF018FB13058E0967C1D,273223F1F3C7A5AAD2DE85C839939969,s2_edge_rodent_max_w10.f32,168000,0.25,672,100.0,
2025-05-12 20:32:52,rodent_max,11,gru_L20_rodent_max_w11.bit,golden,607f8f6fbf8d191b8b35c264a665a829,OK,PASS,0.000000e+00,0,B57CD20D71A300033B2C1D7892A27DED,,,,,,100.0,
2025-05-12 20:32:52,rodent_max,11,gru_L20_rodent_max_w11.bit,gtr2,d9c3b0ea7a8c1dd3c4bed72e0f5f1eb5,OK,PASS,,,B57CD20D71A300033B2C1D7892A27DED,B81E14621A58CDF69E08A8E8DD8243DD,board_gtr2_rodent_max_w11.f32,21103200,31.29,674,100.0,
2025-05-12 20:33:38,rodent_max,11,gru_L20_rodent_max_w11.bit,gtr4sg,113c073a8e9de2741f4a587f5e57f7e2,OK,PASS,,,B57CD20D71A300033B2C1D7892A27DED,01E3CCDE48EA1AEB857B06FB154956FB,board_gtr4sg_rodent_max_w11.f32,17503200,25.92,675,100.0,
2025-05-12 20:34:14,rodent_max,11,gru_L20_rodent_max_w11.bit,prvtgtr,b8c1371ec7a052820dfa9ceecc707da9,OK,PASS,,,B57CD20D71A300033B2C1D7892A27DED,1BF92BC810868AA0E5528E68C4ACC0D9,board_prvtgtr_rodent_max_w11.f32,15151200,22.43,675,100.0,
2025-05-12 20:34:47,rodent_max,11,gru_L20_rodent_max_w11.bit,ytbass,1d11bfb1b6df6c3c446f7fa347527034,OK,PASS,,,B57CD20D71A300033B2C1D7892A27DED,7496547081AD6C1E4D3D0F4988406BBA,board_ytbass_rodent_max_w11.f32,29071200,43.09,675,100.0,
2025-05-12 20:35:50,rodent_max,11,gru_L20_rodent_max_w11.bit,tones,3991acd46657e9051419bb3fbc24ff74,OK,PASS,,,B57CD20D71A300033B2C1D7892A27DED,2DE892A9082E61FFA56982D76C40952E,s2_tones_rodent_max_w11.f32,4646400,6.87,676,100.0,
2025-05-12 20:35:58,rodent_max,11,gru_L20_rodent_max_w11.bit,sweep,913d44e192cffd1459eb55e56bdd6be1,OK,PASS,,,B57CD20D71A300033B2C1D7892A27DED,E398F670593D1CCFA52E5C86204F9E18,s2_sweep_rodent_max_w11.f32,1440000,2.14,674,100.0,
2025-05-12 20:36:01,rodent_max,11,gru_L20_rodent_max_w11.bit,silence,d051cff927d4ce28ab72215e43a2fb2b,OK,PASS,,,B57CD20D71A300033B2C1D7892A27DED,01A9BB451C91C3832D773D41D4461665,s2_silence_rodent_max_w11.f32,480000,0.71,674,100.0,
2025-05-12 20:36:02,rodent_max,11,gru_L20_rodent_max_w11.bit,impulse,eb445918179de211aa2625a4480c4be3,OK,PASS,,,B57CD20D71A300033B2C1D7892A27DED,D1FB27F5C0F4CB2B09D4686BEB6B0152,s2_impulse_rodent_max_w11.f32,144000,0.22,661,100.0,
2025-05-12 20:36:02,rodent_max,11,gru_L20_rodent_max_w11.bit,edge,fad9029aef784288d56fff14cb2f9fc3,OK,PASS,,,B57CD20D71A300033B2C1D7892A27DED,A9A2CE3E8B63874E4598545A8005E802,s2_edge_rodent_max_w11.f32,168000,0.25,665,100.0,
2025-05-12 20:36:13,rodent_max,12,gru_L20_rodent_max_w12.bit,golden,607f8f6fbf8d191b8b35c264a665a829,OK,PASS,0.000000e+00,0,B0614AA3E644E54F658482504D291D60,,,,,,100.0,
2025-05-12 20:36:13,rodent_max,12,gru_L20_rodent_max_w12.bit,gtr2,d9c3b0ea7a8c1dd3c4bed72e0f5f1eb5,OK,PASS,,,B0614AA3E644E54F658482504D291D60,9D43D3ABD8A35E125340B43CA0A5D70F,board_gtr2_rodent_max_w12.f32,21103200,31.25,675,100.0,
2025-05-12 20:37:08,rodent_max,12,gru_L20_rodent_max_w12.bit,gtr4sg,113c073a8e9de2741f4a587f5e57f7e2,OK,PASS,,,B0614AA3E644E54F658482504D291D60,8CE9B583A8069898F2A25F1E578B3EFC,board_gtr4sg_rodent_max_w12.f32,17503200,25.92,675,100.0,
2025-05-12 20:37:45,rodent_max,12,gru_L20_rodent_max_w12.bit,prvtgtr,b8c1371ec7a052820dfa9ceecc707da9,OK,PASS,,,B0614AA3E644E54F658482504D291D60,61EF92C356A3F8AA72DDCC438F199391,board_prvtgtr_rodent_max_w12.f32,15151200,22.44,675,100.0,
2025-05-12 20:38:18,rodent_max,12,gru_L20_rodent_max_w12.bit,ytbass,1d11bfb1b6df6c3c446f7fa347527034,OK,PASS,,,B0614AA3E644E54F658482504D291D60,9666CDA9882CC5CA26682FD899A4B3CA,board_ytbass_rodent_max_w12.f32,29071200,43.04,676,100.0,
2025-05-12 20:39:24,rodent_max,12,gru_L20_rodent_max_w12.bit,tones,3991acd46657e9051419bb3fbc24ff74,OK,PASS,,,B0614AA3E644E54F658482504D291D60,B81E095F3164F4CC90E67BEF49489E57,s2_tones_rodent_max_w12.f32,4646400,6.88,676,100.0,
2025-05-12 20:39:32,rodent_max,12,gru_L20_rodent_max_w12.bit,sweep,913d44e192cffd1459eb55e56bdd6be1,OK,PASS,,,B0614AA3E644E54F658482504D291D60,66D09AA482199F5F9CEBACE87B85F3A7,s2_sweep_rodent_max_w12.f32,1440000,2.13,676,100.0,
2025-05-12 20:39:35,rodent_max,12,gru_L20_rodent_max_w12.bit,silence,d051cff927d4ce28ab72215e43a2fb2b,OK,PASS,,,B0614AA3E644E54F658482504D291D60,AFF4BC0C13A8D1B98F5F502959B5B106,s2_silence_rodent_max_w12.f32,480000,0.71,675,100.0,
2025-05-12 20:39:35,rodent_max,12,gru_L20_rodent_max_w12.bit,impulse,eb445918179de211aa2625a4480c4be3,OK,PASS,,,B0614AA3E644E54F658482504D291D60,A58D971D675BBE7A45B1C21EC660EC26,s2_impulse_rodent_max_w12.f32,144000,0.22,663,100.0,
2025-05-12 20:39:36,rodent_max,12,gru_L20_rodent_max_w12.bit,edge,fad9029aef784288d56fff14cb2f9fc3,OK,PASS,,,B0614AA3E644E54F658482504D291D60,434B16C0E8DF474BCCF03C3B00BEE85D,s2_edge_rodent_max_w12.f32,168000,0.25,671,100.0,
2025-05-12 20:39:44,rodent_max,13,gru_L20_rodent_max_w13.bit,golden,607f8f6fbf8d191b8b35c264a665a829,OK,PASS,0.000000e+00,0,AEA0FF9737891F418FB5BB9BA73C9404,,,,,,100.0,
2025-05-12 20:39:44,rodent_max,13,gru_L20_rodent_max_w13.bit,gtr2,d9c3b0ea7a8c1dd3c4bed72e0f5f1eb5,OK,PASS,,,AEA0FF9737891F418FB5BB9BA73C9404,8849D366EEE02E0B638E40FABD7FA0C7,board_gtr2_rodent_max_w13.f32,21103200,31.27,675,100.0,
2025-05-12 20:40:28,rodent_max,13,gru_L20_rodent_max_w13.bit,gtr4sg,113c073a8e9de2741f4a587f5e57f7e2,OK,PASS,,,AEA0FF9737891F418FB5BB9BA73C9404,E9A82BE200BB11CD936B4C52BC1F11F5,board_gtr4sg_rodent_max_w13.f32,17503200,25.88,676,100.0,
2025-05-12 20:41:05,rodent_max,13,gru_L20_rodent_max_w13.bit,prvtgtr,b8c1371ec7a052820dfa9ceecc707da9,OK,PASS,,,AEA0FF9737891F418FB5BB9BA73C9404,7AF44C7862C5940DC31F3207521A5017,board_prvtgtr_rodent_max_w13.f32,15151200,22.44,675,100.0,
2025-05-12 20:41:38,rodent_max,13,gru_L20_rodent_max_w13.bit,ytbass,1d11bfb1b6df6c3c446f7fa347527034,OK,PASS,,,AEA0FF9737891F418FB5BB9BA73C9404,201FA9443F9EEB818506DEBB3D2290DF,board_ytbass_rodent_max_w13.f32,29071200,43.14,674,100.0,
2025-05-12 20:42:42,rodent_max,13,gru_L20_rodent_max_w13.bit,tones,3991acd46657e9051419bb3fbc24ff74,OK,PASS,,,AEA0FF9737891F418FB5BB9BA73C9404,1979F011609BE833AE222177DFD5F0A8,s2_tones_rodent_max_w13.f32,4646400,6.88,676,100.0,
2025-05-12 20:42:50,rodent_max,13,gru_L20_rodent_max_w13.bit,sweep,913d44e192cffd1459eb55e56bdd6be1,OK,PASS,,,AEA0FF9737891F418FB5BB9BA73C9404,F402123CB69C7B63C77A628B238D6EF7,s2_sweep_rodent_max_w13.f32,1440000,2.14,674,100.0,
2025-05-12 20:42:53,rodent_max,13,gru_L20_rodent_max_w13.bit,silence,d051cff927d4ce28ab72215e43a2fb2b,OK,PASS,,,AEA0FF9737891F418FB5BB9BA73C9404,5325197AE5EA687205FD3530B4762015,s2_silence_rodent_max_w13.f32,480000,0.71,674,100.0,
2025-05-12 20:42:54,rodent_max,13,gru_L20_rodent_max_w13.bit,impulse,eb445918179de211aa2625a4480c4be3,OK,PASS,,,AEA0FF9737891F418FB5BB9BA73C9404,E6B6CF8D64433D8E58BA22F5E3949ABA,s2_impulse_rodent_max_w13.f32,144000,0.22,667,100.0,
2025-05-12 20:42:54,rodent_max,13,gru_L20_rodent_max_w13.bit,edge,fad9029aef784288d56fff14cb2f9fc3,OK,PASS,,,AEA0FF9737891F418FB5BB9BA73C9404,F7E380267FC7A9A8C6582DA7F8029CD0,s2_edge_rodent_max_w13.f32,168000,0.25,672,100.0,
2025-05-12 20:43:06,rodent_max,14,gru_L20_rodent_max_w14.bit,golden,607f8f6fbf8d191b8b35c264a665a829,OK,PASS,0.000000e+00,0,43B945ED2048FD4FA17234B51781C6AF,,,,,,100.0,
2025-05-12 20:43:06,rodent_max,14,gru_L20_rodent_max_w14.bit,gtr2,d9c3b0ea7a8c1dd3c4bed72e0f5f1eb5,OK,PASS,,,43B945ED2048FD4FA17234B51781C6AF,686F3101F9EA2697BDD95E43E359552E,board_gtr2_rodent_max_w14.f32,21103200,31.65,667,100.0,
2025-05-12 20:43:53,rodent_max,14,gru_L20_rodent_max_w14.bit,gtr4sg,113c073a8e9de2741f4a587f5e57f7e2,OK,PASS,,,43B945ED2048FD4FA17234B51781C6AF,6FCF9EA84879C4535850B4F7BD4EE66F,board_gtr4sg_rodent_max_w14.f32,17503200,26.27,666,100.0,
2025-05-12 20:44:33,rodent_max,14,gru_L20_rodent_max_w14.bit,prvtgtr,b8c1371ec7a052820dfa9ceecc707da9,OK,PASS,,,43B945ED2048FD4FA17234B51781C6AF,AC6758BE271B096B3B8DD869ACAD9331,board_prvtgtr_rodent_max_w14.f32,15151200,22.74,666,100.0,
2025-05-12 20:45:07,rodent_max,14,gru_L20_rodent_max_w14.bit,ytbass,1d11bfb1b6df6c3c446f7fa347527034,OK,PASS,,,43B945ED2048FD4FA17234B51781C6AF,AE93F700CCCF664D090632A9649638C2,board_ytbass_rodent_max_w14.f32,29071200,43.69,665,100.0,
2025-05-12 20:46:08,rodent_max,14,gru_L20_rodent_max_w14.bit,tones,3991acd46657e9051419bb3fbc24ff74,OK,PASS,,,43B945ED2048FD4FA17234B51781C6AF,79CFE2ACEB80344DFAEFB4F1651A3CC2,s2_tones_rodent_max_w14.f32,4646400,6.97,666,100.0,
2025-05-12 20:46:17,rodent_max,14,gru_L20_rodent_max_w14.bit,sweep,913d44e192cffd1459eb55e56bdd6be1,OK,PASS,,,43B945ED2048FD4FA17234B51781C6AF,ABCA06B9EDA80A9BC79692E5BF248F71,s2_sweep_rodent_max_w14.f32,1440000,2.16,667,100.0,
2025-05-12 20:46:21,rodent_max,14,gru_L20_rodent_max_w14.bit,silence,d051cff927d4ce28ab72215e43a2fb2b,OK,PASS,,,43B945ED2048FD4FA17234B51781C6AF,7E22A32DAF7054DB48F12EE1AFA43D33,s2_silence_rodent_max_w14.f32,480000,0.73,659,100.0,
2025-05-12 20:46:21,rodent_max,14,gru_L20_rodent_max_w14.bit,impulse,eb445918179de211aa2625a4480c4be3,OK,PASS,,,43B945ED2048FD4FA17234B51781C6AF,7120A2BE37266CF2BF547A384A9C1A9C,s2_impulse_rodent_max_w14.f32,144000,0.22,659,100.0,
2025-05-12 20:46:22,rodent_max,14,gru_L20_rodent_max_w14.bit,edge,fad9029aef784288d56fff14cb2f9fc3,OK,PASS,,,43B945ED2048FD4FA17234B51781C6AF,D758EA4B355B4944B54ECB7F1B7F9E12,s2_edge_rodent_max_w14.f32,168000,0.25,663,100.0,
2025-05-12 20:46:27,rodent_max,15,gru_L20_rodent_max_w15.bit,golden,607f8f6fbf8d191b8b35c264a665a829,OK,PASS,0.000000e+00,0,5956FEFE37C698C39914CA7BCC4FC521,,,,,,100.0,
2025-05-12 20:46:27,rodent_max,15,gru_L20_rodent_max_w15.bit,gtr2,d9c3b0ea7a8c1dd3c4bed72e0f5f1eb5,OK,PASS,,,5956FEFE37C698C39914CA7BCC4FC521,FCC9B1400CC87E4F6852AEF7DDF41033,board_gtr2_rodent_max_w15.f32,21103200,31.75,665,100.0,
2025-05-12 20:47:11,rodent_max,15,gru_L20_rodent_max_w15.bit,gtr4sg,113c073a8e9de2741f4a587f5e57f7e2,OK,PASS,,,5956FEFE37C698C39914CA7BCC4FC521,8D80E648148E839232FFE2F1A4420887,board_gtr4sg_rodent_max_w15.f32,17503200,26.24,667,100.0,
2025-05-12 20:47:48,rodent_max,15,gru_L20_rodent_max_w15.bit,prvtgtr,b8c1371ec7a052820dfa9ceecc707da9,OK,PASS,,,5956FEFE37C698C39914CA7BCC4FC521,D064C3DE1D919F73D25F585B345B0438,board_prvtgtr_rodent_max_w15.f32,15151200,22.73,667,100.0,
2025-05-12 20:48:22,rodent_max,15,gru_L20_rodent_max_w15.bit,ytbass,1d11bfb1b6df6c3c446f7fa347527034,OK,PASS,,,5956FEFE37C698C39914CA7BCC4FC521,1968CFF47B7ABE6A93B3911A25702E0E,board_ytbass_rodent_max_w15.f32,29071200,43.73,665,100.0,
2025-05-12 20:49:24,rodent_max,15,gru_L20_rodent_max_w15.bit,tones,3991acd46657e9051419bb3fbc24ff74,OK,PASS,,,5956FEFE37C698C39914CA7BCC4FC521,3B0D2192EE6DAE685FC8110330E23B4D,s2_tones_rodent_max_w15.f32,4646400,6.97,667,100.0,
2025-05-12 20:49:33,rodent_max,15,gru_L20_rodent_max_w15.bit,sweep,913d44e192cffd1459eb55e56bdd6be1,OK,PASS,,,5956FEFE37C698C39914CA7BCC4FC521,7F66BC8A1BF91F87856F356D8C060887,s2_sweep_rodent_max_w15.f32,1440000,2.16,668,100.0,
2025-05-12 20:49:36,rodent_max,15,gru_L20_rodent_max_w15.bit,silence,d051cff927d4ce28ab72215e43a2fb2b,OK,PASS,,,5956FEFE37C698C39914CA7BCC4FC521,FB928DFE8D6803FDF05E75C840E1C1DC,s2_silence_rodent_max_w15.f32,480000,0.72,666,100.0,
2025-05-12 20:49:36,rodent_max,15,gru_L20_rodent_max_w15.bit,impulse,eb445918179de211aa2625a4480c4be3,OK,PASS,,,5956FEFE37C698C39914CA7BCC4FC521,9F4064B7C031812284B514A9368AD16D,s2_impulse_rodent_max_w15.f32,144000,0.22,661,100.0,
2025-05-12 20:49:37,rodent_max,15,gru_L20_rodent_max_w15.bit,edge,fad9029aef784288d56fff14cb2f9fc3,OK,PASS,,,5956FEFE37C698C39914CA7BCC4FC521,3802A9A9FA02B2957F356D0BB880E806,s2_edge_rodent_max_w15.f32,168000,0.25,664,100.0,
2025-05-12 20:49:43,rodent_max,16,gru_L20_rodent_max_w16.bit,golden,607f8f6fbf8d191b8b35c264a665a829,OK,PASS,0.000000e+00,0,6E14DD2E74F124246D894B31A936C9E6,,,,,,100.0,
2025-05-12 20:49:43,rodent_max,16,gru_L20_rodent_max_w16.bit,gtr2,d9c3b0ea7a8c1dd3c4bed72e0f5f1eb5,OK,PASS,,,6E14DD2E74F124246D894B31A936C9E6,5913118B34A478267AD617FEB26253C1,board_gtr2_rodent_max_w16.f32,21103200,31.69,666,100.0,
2025-05-12 20:50:26,rodent_max,16,gru_L20_rodent_max_w16.bit,gtr4sg,113c073a8e9de2741f4a587f5e57f7e2,OK,PASS,,,6E14DD2E74F124246D894B31A936C9E6,905B4F881E9D3BA4A120BC79420001C7,board_gtr4sg_rodent_max_w16.f32,17503200,26.26,667,100.0,
2025-05-12 20:51:02,rodent_max,16,gru_L20_rodent_max_w16.bit,prvtgtr,b8c1371ec7a052820dfa9ceecc707da9,OK,PASS,,,6E14DD2E74F124246D894B31A936C9E6,104D5C4D292321F7DC9D1F56B7C3EF12,board_prvtgtr_rodent_max_w16.f32,15151200,22.72,667,100.0,
2025-05-12 20:51:35,rodent_max,16,gru_L20_rodent_max_w16.bit,ytbass,1d11bfb1b6df6c3c446f7fa347527034,OK,PASS,,,6E14DD2E74F124246D894B31A936C9E6,CAAEC5BA0B1CC96562244DBE43E3955D,board_ytbass_rodent_max_w16.f32,29071200,43.69,665,100.0,
2025-05-12 20:52:39,rodent_max,16,gru_L20_rodent_max_w16.bit,tones,3991acd46657e9051419bb3fbc24ff74,OK,PASS,,,6E14DD2E74F124246D894B31A936C9E6,0945867E5BB450CD5BB3D29D104A12FB,s2_tones_rodent_max_w16.f32,4646400,6.96,667,100.0,
2025-05-12 20:52:48,rodent_max,16,gru_L20_rodent_max_w16.bit,sweep,913d44e192cffd1459eb55e56bdd6be1,OK,PASS,,,6E14DD2E74F124246D894B31A936C9E6,AC8118781514EE9641EC938BA5F3D18A,s2_sweep_rodent_max_w16.f32,1440000,2.16,666,100.0,
2025-05-12 20:52:50,rodent_max,16,gru_L20_rodent_max_w16.bit,silence,d051cff927d4ce28ab72215e43a2fb2b,OK,PASS,,,6E14DD2E74F124246D894B31A936C9E6,11887DF969839E2E4BD849EEC20F8C57,s2_silence_rodent_max_w16.f32,480000,0.72,664,100.0,
2025-05-12 20:52:51,rodent_max,16,gru_L20_rodent_max_w16.bit,impulse,eb445918179de211aa2625a4480c4be3,OK,PASS,,,6E14DD2E74F124246D894B31A936C9E6,BC553FD86117AA0F8C394387673A248D,s2_impulse_rodent_max_w16.f32,144000,0.22,656,100.0,
2025-05-12 20:52:51,rodent_max,16,gru_L20_rodent_max_w16.bit,edge,fad9029aef784288d56fff14cb2f9fc3,OK,PASS,,,6E14DD2E74F124246D894B31A936C9E6,41936EE87FFD3A43D67061F96FB17E7A,s2_edge_rodent_max_w16.f32,168000,0.25,662,100.0,
2025-05-12 20:53:02,rodent_max,17,gru_L20_rodent_max_w17.bit,golden,607f8f6fbf8d191b8b35c264a665a829,OK,PASS,0.000000e+00,0,272E8F53B816D2DD5FFDC543537E9EF8,,,,,,100.0,
2025-05-12 20:53:02,rodent_max,17,gru_L20_rodent_max_w17.bit,gtr2,d9c3b0ea7a8c1dd3c4bed72e0f5f1eb5,OK,PASS,,,272E8F53B816D2DD5FFDC543537E9EF8,91AC968D45FE9055A109AE57A4E8E829,board_gtr2_rodent_max_w17.f32,21103200,31.69,666,100.0,
2025-05-12 20:53:46,rodent_max,17,gru_L20_rodent_max_w17.bit,gtr4sg,113c073a8e9de2741f4a587f5e57f7e2,OK,PASS,,,272E8F53B816D2DD5FFDC543537E9EF8,A1237B285A2D57E7F8D507F8DA3B73CD,board_gtr4sg_rodent_max_w17.f32,17503200,26.28,666,100.0,
2025-05-12 20:54:22,rodent_max,17,gru_L20_rodent_max_w17.bit,prvtgtr,b8c1371ec7a052820dfa9ceecc707da9,OK,PASS,,,272E8F53B816D2DD5FFDC543537E9EF8,B2FB230400D41C39A1A00401A6985F89,board_prvtgtr_rodent_max_w17.f32,15151200,22.76,666,100.0,
2025-05-12 20:54:58,rodent_max,17,gru_L20_rodent_max_w17.bit,ytbass,1d11bfb1b6df6c3c446f7fa347527034,OK,PASS,,,272E8F53B816D2DD5FFDC543537E9EF8,C4F19CE26D237DC7F3A07930C96CAF02,board_ytbass_rodent_max_w17.f32,29071200,43.72,665,100.0,
2025-05-12 20:56:01,rodent_max,17,gru_L20_rodent_max_w17.bit,tones,3991acd46657e9051419bb3fbc24ff74,OK,PASS,,,272E8F53B816D2DD5FFDC543537E9EF8,7547B6776A6192A8C110CCB82636E245,s2_tones_rodent_max_w17.f32,4646400,6.97,666,100.0,
2025-05-12 20:56:09,rodent_max,17,gru_L20_rodent_max_w17.bit,sweep,913d44e192cffd1459eb55e56bdd6be1,OK,PASS,,,272E8F53B816D2DD5FFDC543537E9EF8,C1185EB305CB398064BD2D2B86D6B859,s2_sweep_rodent_max_w17.f32,1440000,2.18,660,100.0,
2025-05-12 20:56:13,rodent_max,17,gru_L20_rodent_max_w17.bit,silence,d051cff927d4ce28ab72215e43a2fb2b,OK,PASS,,,272E8F53B816D2DD5FFDC543537E9EF8,2CE8D3FEFD74582F8150DDCF402EEA6D,s2_silence_rodent_max_w17.f32,480000,0.72,666,100.0,
2025-05-12 20:56:14,rodent_max,17,gru_L20_rodent_max_w17.bit,impulse,eb445918179de211aa2625a4480c4be3,OK,PASS,,,272E8F53B816D2DD5FFDC543537E9EF8,0412890F330F2A3AA4E2F91A4D0218EA,s2_impulse_rodent_max_w17.f32,144000,0.22,661,100.0,
2025-05-12 20:56:14,rodent_max,17,gru_L20_rodent_max_w17.bit,edge,fad9029aef784288d56fff14cb2f9fc3,OK,PASS,,,272E8F53B816D2DD5FFDC543537E9EF8,F9A281F8BAB972CA54065DE099533815,s2_edge_rodent_max_w17.f32,168000,0.25,664,100.0,
2025-05-12 20:56:20,rodent_max,18,gru_L20_rodent_max_w18.bit,golden,607f8f6fbf8d191b8b35c264a665a829,OK,PASS,0.000000e+00,0,4802B5385895018F6E85EBE512D4F0AB,,,,,,100.0,
2025-05-12 20:56:20,rodent_max,18,gru_L20_rodent_max_w18.bit,gtr2,d9c3b0ea7a8c1dd3c4bed72e0f5f1eb5,OK,PASS,,,4802B5385895018F6E85EBE512D4F0AB,6BB0F26ED85729DDEC40F45D4548473E,board_gtr2_rodent_max_w18.f32,21103200,31.68,666,100.0,
2025-05-12 20:57:11,rodent_max,18,gru_L20_rodent_max_w18.bit,gtr4sg,113c073a8e9de2741f4a587f5e57f7e2,OK,PASS,,,4802B5385895018F6E85EBE512D4F0AB,3C3E743744C41026B43CC2FEB4481CAB,board_gtr4sg_rodent_max_w18.f32,17503200,26.26,666,100.0,
2025-05-12 20:57:49,rodent_max,18,gru_L20_rodent_max_w18.bit,prvtgtr,b8c1371ec7a052820dfa9ceecc707da9,OK,PASS,,,4802B5385895018F6E85EBE512D4F0AB,F3147D2347CDDA398A3CF1613430310B,board_prvtgtr_rodent_max_w18.f32,15151200,22.72,667,100.0,
2025-05-12 20:58:20,rodent_max,18,gru_L20_rodent_max_w18.bit,ytbass,1d11bfb1b6df6c3c446f7fa347527034,OK,PASS,,,4802B5385895018F6E85EBE512D4F0AB,D43D615D545ED992FED93A2BDBD622CE,board_ytbass_rodent_max_w18.f32,29071200,43.72,665,100.0,
2025-05-12 20:59:20,rodent_max,18,gru_L20_rodent_max_w18.bit,tones,3991acd46657e9051419bb3fbc24ff74,OK,PASS,,,4802B5385895018F6E85EBE512D4F0AB,1240A00E646880CD96056FF55794A286,s2_tones_rodent_max_w18.f32,4646400,6.96,667,100.0,
2025-05-12 20:59:29,rodent_max,18,gru_L20_rodent_max_w18.bit,sweep,913d44e192cffd1459eb55e56bdd6be1,OK,PASS,,,4802B5385895018F6E85EBE512D4F0AB,429F8D0F25DC55A30726628CC86DC271,s2_sweep_rodent_max_w18.f32,1440000,2.16,667,100.0,
2025-05-12 20:59:33,rodent_max,18,gru_L20_rodent_max_w18.bit,silence,d051cff927d4ce28ab72215e43a2fb2b,OK,PASS,,,4802B5385895018F6E85EBE512D4F0AB,5A8ABA5AED70B7039DC6633C78EA33D8,s2_silence_rodent_max_w18.f32,480000,0.72,665,100.0,
2025-05-12 20:59:34,rodent_max,18,gru_L20_rodent_max_w18.bit,impulse,eb445918179de211aa2625a4480c4be3,OK,PASS,,,4802B5385895018F6E85EBE512D4F0AB,B99F1BD9E08989A13EA267DFE7D44835,s2_impulse_rodent_max_w18.f32,144000,0.22,658,100.0,
2025-05-12 20:59:34,rodent_max,18,gru_L20_rodent_max_w18.bit,edge,fad9029aef784288d56fff14cb2f9fc3,OK,PASS,,,4802B5385895018F6E85EBE512D4F0AB,DB95F514C020D8FAD666B5C413DA461E,s2_edge_rodent_max_w18.f32,168000,0.25,660,100.0,
2025-05-12 20:59:43,rodent_max,19,gru_L20_rodent_max_w19.bit,golden,607f8f6fbf8d191b8b35c264a665a829,OK,PASS,0.000000e+00,0,E2838D05DBB213BF09BF6B0296BBBE19,,,,,,100.0,
2025-05-12 20:59:43,rodent_max,19,gru_L20_rodent_max_w19.bit,gtr2,d9c3b0ea7a8c1dd3c4bed72e0f5f1eb5,OK,PASS,,,E2838D05DBB213BF09BF6B0296BBBE19,894E8CE488DBB2AF23BB1D21BF0E3EEB,board_gtr2_rodent_max_w19.f32,21103200,31.73,665,100.0,
2025-05-12 21:00:29,rodent_max,19,gru_L20_rodent_max_w19.bit,gtr4sg,113c073a8e9de2741f4a587f5e57f7e2,OK,PASS,,,E2838D05DBB213BF09BF6B0296BBBE19,606BFFF753837ECB42DEB291B697472B,board_gtr4sg_rodent_max_w19.f32,17503200,26.24,667,100.0,
2025-05-12 21:01:11,rodent_max,19,gru_L20_rodent_max_w19.bit,prvtgtr,b8c1371ec7a052820dfa9ceecc707da9,OK,PASS,,,E2838D05DBB213BF09BF6B0296BBBE19,52DF4BF47F7D800F6177D205512C13EA,board_prvtgtr_rodent_max_w19.f32,15151200,22.74,666,100.0,
2025-05-12 21:01:44,rodent_max,19,gru_L20_rodent_max_w19.bit,ytbass,1d11bfb1b6df6c3c446f7fa347527034,OK,PASS,,,E2838D05DBB213BF09BF6B0296BBBE19,7B307F524F39DBECEB85CB14EF6A9ECA,board_ytbass_rodent_max_w19.f32,29071200,43.68,666,100.0,
2025-05-12 21:02:46,rodent_max,19,gru_L20_rodent_max_w19.bit,tones,3991acd46657e9051419bb3fbc24ff74,OK,PASS,,,E2838D05DBB213BF09BF6B0296BBBE19,52C0BD49FD08228715EF7364FCA13F0B,s2_tones_rodent_max_w19.f32,4646400,6.97,666,100.0,
2025-05-12 21:02:55,rodent_max,19,gru_L20_rodent_max_w19.bit,sweep,913d44e192cffd1459eb55e56bdd6be1,OK,PASS,,,E2838D05DBB213BF09BF6B0296BBBE19,67DE1357ABAED4BA767135C51BC15BF4,s2_sweep_rodent_max_w19.f32,1440000,2.16,665,100.0,
2025-05-12 21:02:58,rodent_max,19,gru_L20_rodent_max_w19.bit,silence,d051cff927d4ce28ab72215e43a2fb2b,OK,PASS,,,E2838D05DBB213BF09BF6B0296BBBE19,6E5130FC33B6F9FC92E97AD6BA95241E,s2_silence_rodent_max_w19.f32,480000,0.72,666,100.0,
2025-05-12 21:02:59,rodent_max,19,gru_L20_rodent_max_w19.bit,impulse,eb445918179de211aa2625a4480c4be3,OK,PASS,,,E2838D05DBB213BF09BF6B0296BBBE19,F4CFE9AC43D9C54C68DAB3C946FEC6F1,s2_impulse_rodent_max_w19.f32,144000,0.22,661,100.0,
2025-05-12 21:02:59,rodent_max,19,gru_L20_rodent_max_w19.bit,edge,fad9029aef784288d56fff14cb2f9fc3,OK,PASS,,,E2838D05DBB213BF09BF6B0296BBBE19,87CDE1AD92687FFA84549046BB352E01,s2_edge_rodent_max_w19.f32,168000,0.25,661,100.0,
2025-05-12 21:03:05,rodent_max,20,gru_L20_rodent_max_w20.bit,golden,607f8f6fbf8d191b8b35c264a665a829,OK,PASS,0.000000e+00,0,8D0489E52ED4EB0FA86CCF516965A720,,,,,,100.0,
2025-05-12 21:03:05,rodent_max,20,gru_L20_rodent_max_w20.bit,gtr2,d9c3b0ea7a8c1dd3c4bed72e0f5f1eb5,OK,PASS,,,8D0489E52ED4EB0FA86CCF516965A720,7344D5E9E8AF5BA1BDFFF9E27167A86A,board_gtr2_rodent_max_w20.f32,21103200,31.71,666,100.0,
2025-05-12 21:03:50,rodent_max,20,gru_L20_rodent_max_w20.bit,gtr4sg,113c073a8e9de2741f4a587f5e57f7e2,OK,PASS,,,8D0489E52ED4EB0FA86CCF516965A720,6A2BDBA6E780544B70BCAC9D6BCE1D22,board_gtr4sg_rodent_max_w20.f32,17503200,26.27,666,100.0,
2025-05-12 21:04:28,rodent_max,20,gru_L20_rodent_max_w20.bit,prvtgtr,b8c1371ec7a052820dfa9ceecc707da9,OK,PASS,,,8D0489E52ED4EB0FA86CCF516965A720,E5734BE56E69C3C08AF607EFF313ED65,board_prvtgtr_rodent_max_w20.f32,15151200,22.74,666,100.0,
2025-05-12 21:05:06,rodent_max,20,gru_L20_rodent_max_w20.bit,ytbass,1d11bfb1b6df6c3c446f7fa347527034,OK,PASS,,,8D0489E52ED4EB0FA86CCF516965A720,89472AED3EFCAFAEB0F2F6550C428625,board_ytbass_rodent_max_w20.f32,29071200,43.72,665,100.0,
2025-05-12 21:06:12,rodent_max,20,gru_L20_rodent_max_w20.bit,tones,3991acd46657e9051419bb3fbc24ff74,OK,PASS,,,8D0489E52ED4EB0FA86CCF516965A720,BF091B588EFD9DA8FF15F24AB67445C8,s2_tones_rodent_max_w20.f32,4646400,6.97,667,100.0,
2025-05-12 21:06:21,rodent_max,20,gru_L20_rodent_max_w20.bit,sweep,913d44e192cffd1459eb55e56bdd6be1,OK,PASS,,,8D0489E52ED4EB0FA86CCF516965A720,31E9CF5DADB8247A3D2B3631F2C83344,s2_sweep_rodent_max_w20.f32,1440000,2.16,666,100.0,
2025-05-12 21:06:23,rodent_max,20,gru_L20_rodent_max_w20.bit,silence,d051cff927d4ce28ab72215e43a2fb2b,OK,PASS,,,8D0489E52ED4EB0FA86CCF516965A720,0991C4D30A5F95B4C0F3FDBA9EBB07A2,s2_silence_rodent_max_w20.f32,480000,0.72,664,100.0,
2025-05-12 21:06:24,rodent_max,20,gru_L20_rodent_max_w20.bit,impulse,eb445918179de211aa2625a4480c4be3,OK,PASS,,,8D0489E52ED4EB0FA86CCF516965A720,1F4C527200910E957443FECBE148D1B2,s2_impulse_rodent_max_w20.f32,144000,0.22,660,100.0,
2025-05-12 21:06:24,rodent_max,20,gru_L20_rodent_max_w20.bit,edge,fad9029aef784288d56fff14cb2f9fc3,OK,PASS,,,8D0489E52ED4EB0FA86CCF516965A720,CC72596E158A4E24CF0A5C12C54E0E80,s2_edge_rodent_max_w20.f32,168000,0.25,663,100.0,
2025-05-12 21:34:00,rodent_max,21,gru_L20_rodent_max_w21.bit,golden,607f8f6fbf8d191b8b35c264a665a829,OK,PASS,0.000000e+00,0,38D9B095F0E7605E850E03146CBA4D34,,,,,,100.0,
2025-05-12 21:34:01,rodent_max,21,gru_L20_rodent_max_w21.bit,gtr2,d9c3b0ea7a8c1dd3c4bed72e0f5f1eb5,OK,PASS,,,38D9B095F0E7605E850E03146CBA4D34,BC418CE165B95F42B169219B91C38540,board_gtr2_rodent_max_w21.f32,21103200,31.67,666,100.0,
2025-05-12 21:34:46,rodent_max,21,gru_L20_rodent_max_w21.bit,gtr4sg,113c073a8e9de2741f4a587f5e57f7e2,OK,PASS,,,38D9B095F0E7605E850E03146CBA4D34,F7D9C2F62656C95BA3B9FA4D75F38AA3,board_gtr4sg_rodent_max_w21.f32,17503200,26.26,666,100.0,
2025-05-12 21:35:24,rodent_max,21,gru_L20_rodent_max_w21.bit,prvtgtr,b8c1371ec7a052820dfa9ceecc707da9,OK,PASS,,,38D9B095F0E7605E850E03146CBA4D34,05EA1873E3C83370643BB3343C951ECD,board_prvtgtr_rodent_max_w21.f32,15151200,22.76,666,100.0,
2025-05-12 21:35:55,rodent_max,21,gru_L20_rodent_max_w21.bit,ytbass,1d11bfb1b6df6c3c446f7fa347527034,OK,PASS,,,38D9B095F0E7605E850E03146CBA4D34,9A6EB8B073066201915B41B545FD8EB0,board_ytbass_rodent_max_w21.f32,29071200,43.79,664,100.0,
2025-05-12 21:37:14,rodent_max,21,gru_L20_rodent_max_w21.bit,tones,3991acd46657e9051419bb3fbc24ff74,OK,PASS,,,38D9B095F0E7605E850E03146CBA4D34,56C304E90DBBA8199BDCB5C393C8207F,s2_tones_rodent_max_w21.f32,4646400,6.98,666,100.0,
2025-05-12 21:37:23,rodent_max,21,gru_L20_rodent_max_w21.bit,sweep,913d44e192cffd1459eb55e56bdd6be1,OK,PASS,,,38D9B095F0E7605E850E03146CBA4D34,925EE4C63B9494B45F6DE92B453B6A2C,s2_sweep_rodent_max_w21.f32,1440000,2.16,666,100.0,
2025-05-12 21:37:26,rodent_max,21,gru_L20_rodent_max_w21.bit,silence,d051cff927d4ce28ab72215e43a2fb2b,OK,PASS,,,38D9B095F0E7605E850E03146CBA4D34,E6604F92081CCD64C681FA3EA562CE6E,s2_silence_rodent_max_w21.f32,480000,0.72,666,100.0,
2025-05-12 21:37:27,rodent_max,21,gru_L20_rodent_max_w21.bit,impulse,eb445918179de211aa2625a4480c4be3,OK,PASS,,,38D9B095F0E7605E850E03146CBA4D34,1AAABDA331026BB0F866C13061F1A3D4,s2_impulse_rodent_max_w21.f32,144000,0.22,656,100.0,
2025-05-12 21:37:27,rodent_max,21,gru_L20_rodent_max_w21.bit,edge,fad9029aef784288d56fff14cb2f9fc3,OK,PASS,,,38D9B095F0E7605E850E03146CBA4D34,04ADFCBF0B9B963A3DD750AB0B6E6391,s2_edge_rodent_max_w21.f32,168000,0.25,661,100.0,
2025-05-12 21:37:38,rodent_max,22,gru_L20_rodent_max_w22.bit,golden,607f8f6fbf8d191b8b35c264a665a829,OK,PASS,0.000000e+00,0,23439349914906BD95EE22FFD8322B07,,,,,,100.0,
2025-05-12 21:37:38,rodent_max,22,gru_L20_rodent_max_w22.bit,gtr2,d9c3b0ea7a8c1dd3c4bed72e0f5f1eb5,OK,PASS,,,23439349914906BD95EE22FFD8322B07,2724D877AC7F995FBE4457FBCFF35465,board_gtr2_rodent_max_w22.f32,21103200,31.23,676,100.0,
2025-05-12 21:38:26,rodent_max,22,gru_L20_rodent_max_w22.bit,gtr4sg,113c073a8e9de2741f4a587f5e57f7e2,OK,PASS,,,23439349914906BD95EE22FFD8322B07,5F247DFD0ED04D7961ADBF057E9779D1,board_gtr4sg_rodent_max_w22.f32,17503200,25.93,675,100.0,
2025-05-12 21:39:05,rodent_max,22,gru_L20_rodent_max_w22.bit,prvtgtr,b8c1371ec7a052820dfa9ceecc707da9,OK,PASS,,,23439349914906BD95EE22FFD8322B07,406CCE303A7204B69B5318F5E84A1B96,board_prvtgtr_rodent_max_w22.f32,15151200,22.45,675,100.0,
2025-05-12 21:39:38,rodent_max,22,gru_L20_rodent_max_w22.bit,ytbass,1d11bfb1b6df6c3c446f7fa347527034,OK,PASS,,,23439349914906BD95EE22FFD8322B07,463807004CE9A33F0E127989FEB21ED2,board_ytbass_rodent_max_w22.f32,29071200,43.16,674,100.0,
2025-05-12 21:40:40,rodent_max,22,gru_L20_rodent_max_w22.bit,tones,3991acd46657e9051419bb3fbc24ff74,OK,PASS,,,23439349914906BD95EE22FFD8322B07,ADAE9AE9E8BC36CB19D72C5AAFBA0240,s2_tones_rodent_max_w22.f32,4646400,6.87,676,100.0,
2025-05-12 21:40:48,rodent_max,22,gru_L20_rodent_max_w22.bit,sweep,913d44e192cffd1459eb55e56bdd6be1,OK,PASS,,,23439349914906BD95EE22FFD8322B07,463078B4CCF92A8493FE8E6C4FA05629,s2_sweep_rodent_max_w22.f32,1440000,2.13,676,100.0,
2025-05-12 21:40:51,rodent_max,22,gru_L20_rodent_max_w22.bit,silence,d051cff927d4ce28ab72215e43a2fb2b,OK,PASS,,,23439349914906BD95EE22FFD8322B07,91909C9EA5C5E00F69CA23BEAA42CF61,s2_silence_rodent_max_w22.f32,480000,0.71,674,100.0,
2025-05-12 21:40:52,rodent_max,22,gru_L20_rodent_max_w22.bit,impulse,eb445918179de211aa2625a4480c4be3,OK,PASS,,,23439349914906BD95EE22FFD8322B07,8058B58C0F4E6497FE20B4E619091F13,s2_impulse_rodent_max_w22.f32,144000,0.22,669,100.0,
2025-05-12 21:40:52,rodent_max,22,gru_L20_rodent_max_w22.bit,edge,fad9029aef784288d56fff14cb2f9fc3,OK,PASS,,,23439349914906BD95EE22FFD8322B07,7687254FDABBF323A087571146E3EDF4,s2_edge_rodent_max_w22.f32,168000,0.25,667,100.0,
2025-05-12 21:40:58,rodent_max,23,gru_L20_rodent_max_w23.bit,golden,607f8f6fbf8d191b8b35c264a665a829,OK,PASS,0.000000e+00,0,9E7F22A823415EAA6B2B45F8BA62579B,,,,,,100.0,
2025-05-12 21:40:58,rodent_max,23,gru_L20_rodent_max_w23.bit,gtr2,d9c3b0ea7a8c1dd3c4bed72e0f5f1eb5,OK,PASS,,,9E7F22A823415EAA6B2B45F8BA62579B,F91ED476E900792722A2ECFF0AD44C34,board_gtr2_rodent_max_w23.f32,21103200,31.67,666,100.0,
2025-05-12 21:41:44,rodent_max,23,gru_L20_rodent_max_w23.bit,gtr4sg,113c073a8e9de2741f4a587f5e57f7e2,OK,PASS,,,9E7F22A823415EAA6B2B45F8BA62579B,EEF5252D77CA01D9F2AAB6F02F7648A4,board_gtr4sg_rodent_max_w23.f32,17503200,26.24,667,100.0,
2025-05-12 21:42:26,rodent_max,23,gru_L20_rodent_max_w23.bit,prvtgtr,b8c1371ec7a052820dfa9ceecc707da9,OK,PASS,,,9E7F22A823415EAA6B2B45F8BA62579B,ECDBB7CE35F8294A714F66AEC960AB77,board_prvtgtr_rodent_max_w23.f32,15151200,22.73,667,100.0,
2025-05-12 21:42:57,rodent_max,23,gru_L20_rodent_max_w23.bit,ytbass,1d11bfb1b6df6c3c446f7fa347527034,OK,PASS,,,9E7F22A823415EAA6B2B45F8BA62579B,27C866020B10D3196D7705EDF942390D,board_ytbass_rodent_max_w23.f32,29071200,43.59,667,100.0,
2025-05-12 21:44:03,rodent_max,23,gru_L20_rodent_max_w23.bit,tones,3991acd46657e9051419bb3fbc24ff74,OK,PASS,,,9E7F22A823415EAA6B2B45F8BA62579B,73A19B612C22517831A5B646DA349591,s2_tones_rodent_max_w23.f32,4646400,6.97,666,100.0,
2025-05-12 21:44:12,rodent_max,23,gru_L20_rodent_max_w23.bit,sweep,913d44e192cffd1459eb55e56bdd6be1,OK,PASS,,,9E7F22A823415EAA6B2B45F8BA62579B,9ED43EA4F9960B98683258E8BEDC8F6B,s2_sweep_rodent_max_w23.f32,1440000,2.16,666,100.0,
2025-05-12 21:44:16,rodent_max,23,gru_L20_rodent_max_w23.bit,silence,d051cff927d4ce28ab72215e43a2fb2b,OK,PASS,,,9E7F22A823415EAA6B2B45F8BA62579B,E5EDD459E7308917912B098E60B91F5E,s2_silence_rodent_max_w23.f32,480000,0.72,665,100.0,
2025-05-12 21:44:17,rodent_max,23,gru_L20_rodent_max_w23.bit,impulse,eb445918179de211aa2625a4480c4be3,OK,PASS,,,9E7F22A823415EAA6B2B45F8BA62579B,9F2DDF937F1650BCB1489D0FFFD639C3,s2_impulse_rodent_max_w23.f32,144000,0.22,658,100.0,
2025-05-12 21:44:17,rodent_max,23,gru_L20_rodent_max_w23.bit,edge,fad9029aef784288d56fff14cb2f9fc3,OK,PASS,,,9E7F22A823415EAA6B2B45F8BA62579B,1D4B135681C4091AB84BB58BC7934114,s2_edge_rodent_max_w23.f32,168000,0.25,662,100.0,
2025-05-12 21:44:24,rodent_max,24,gru_L20_rodent_max_w24.bit,golden,607f8f6fbf8d191b8b35c264a665a829,OK,PASS,0.000000e+00,0,F826505DCFBF711F380B4E33550F40CE,,,,,,100.0,
2025-05-12 21:44:24,rodent_max,24,gru_L20_rodent_max_w24.bit,gtr2,d9c3b0ea7a8c1dd3c4bed72e0f5f1eb5,OK,PASS,,,F826505DCFBF711F380B4E33550F40CE,E536F699C9FBC90CD7E2DF45B2E9E144,board_gtr2_rodent_max_w24.f32,21103200,31.65,667,100.0,
2025-05-12 21:45:08,rodent_max,24,gru_L20_rodent_max_w24.bit,gtr4sg,113c073a8e9de2741f4a587f5e57f7e2,OK,PASS,,,F826505DCFBF711F380B4E33550F40CE,8C4A5F1CE72D42C8BFCC346386221EAE,board_gtr4sg_rodent_max_w24.f32,17503200,26.47,661,100.0,
2025-05-12 21:45:46,rodent_max,24,gru_L20_rodent_max_w24.bit,prvtgtr,b8c1371ec7a052820dfa9ceecc707da9,OK,PASS,,,F826505DCFBF711F380B4E33550F40CE,18379629FDB5C91254B801403A9D5C04,board_prvtgtr_rodent_max_w24.f32,15151200,22.78,665,100.0,
2025-05-12 21:46:16,rodent_max,24,gru_L20_rodent_max_w24.bit,ytbass,1d11bfb1b6df6c3c446f7fa347527034,OK,PASS,,,F826505DCFBF711F380B4E33550F40CE,3C59269AB104DD66A3B8DA3E5AB65D42,board_ytbass_rodent_max_w24.f32,29071200,43.67,666,100.0,
2025-05-12 21:47:19,rodent_max,24,gru_L20_rodent_max_w24.bit,tones,3991acd46657e9051419bb3fbc24ff74,OK,PASS,,,F826505DCFBF711F380B4E33550F40CE,E3CC211F1A38CC2DB48DC4556F7ACE57,s2_tones_rodent_max_w24.f32,4646400,6.96,667,100.0,
2025-05-12 21:47:27,rodent_max,24,gru_L20_rodent_max_w24.bit,sweep,913d44e192cffd1459eb55e56bdd6be1,OK,PASS,,,F826505DCFBF711F380B4E33550F40CE,3250016EBE88FD6405CFB5E8A47C17E1,s2_sweep_rodent_max_w24.f32,1440000,2.16,667,100.0,
2025-05-12 21:47:30,rodent_max,24,gru_L20_rodent_max_w24.bit,silence,d051cff927d4ce28ab72215e43a2fb2b,OK,PASS,,,F826505DCFBF711F380B4E33550F40CE,0438EC3EA19878D4531B91232677E397,s2_silence_rodent_max_w24.f32,480000,0.72,664,100.0,
2025-05-12 21:47:31,rodent_max,24,gru_L20_rodent_max_w24.bit,impulse,eb445918179de211aa2625a4480c4be3,OK,PASS,,,F826505DCFBF711F380B4E33550F40CE,5FEF1D1B0ACB064994FC1A3511C6F8A5,s2_impulse_rodent_max_w24.f32,144000,0.22,653,100.0,
2025-05-12 21:47:31,rodent_max,24,gru_L20_rodent_max_w24.bit,edge,fad9029aef784288d56fff14cb2f9fc3,OK,PASS,,,F826505DCFBF711F380B4E33550F40CE,F82144B53B97901D1F0AD86654403C29,s2_edge_rodent_max_w24.f32,168000,0.25,662,100.0,
