Copyright 1986-2022 Xilinx, Inc. All Rights Reserved. Copyright 2022-2025 Advanced Micro Devices, Inc. All Rights Reserved.
---------------------------------------------------------------------------------------------------------------------------------------------------------------------------------------------------------------------------------------------------------------------------------
| Tool Version : Vivado v.2025.2 (win64) Build 6299465 Fri Nov 14 19:35:11 GMT 2025
| Date         : Sun Aug  9 10:26:07 2026
| Host         : Lenny_Lenovo running 64-bit major release  (build 9200)
| Command      : report_timing_summary -max_paths 10 -routable_nets -report_unconstrained -file gru_bin_version_wrapper_timing_summary_routed.rpt -pb gru_bin_version_wrapper_timing_summary_routed.pb -rpx gru_bin_version_wrapper_timing_summary_routed.rpx -warn_on_violation
| Design       : gru_bin_version_wrapper
| Device       : 7z020-clg400
| Speed File   : -1  PRODUCTION 1.12 2019-11-22
| Design State : Routed
---------------------------------------------------------------------------------------------------------------------------------------------------------------------------------------------------------------------------------------------------------------------------------

Timing Summary Report

------------------------------------------------------------------------------------------------
| Timer Settings
| --------------
------------------------------------------------------------------------------------------------

  Enable Multi Corner Analysis               :  Yes
  Enable Pessimism Removal                   :  Yes
  Pessimism Removal Resolution               :  Nearest Common Node
  Enable Input Delay Default Clock           :  No
  Enable Preset / Clear Arcs                 :  No
  Disable Flight Delays                      :  No
  Ignore I/O Paths                           :  No
  Timing Early Launch at Borrowing Latches   :  No
  Borrow Time for Max Delay Exceptions       :  Yes
  Merge Timing Exceptions                    :  Yes
  Inter-SLR Compensation                     :  Conservative

  Corner  Analyze    Analyze    
  Name    Max Paths  Min Paths  
  ------  ---------  ---------  
  Slow    Yes        Yes        
  Fast    Yes        Yes        


------------------------------------------------------------------------------------------------
| Report Methodology
| ------------------
------------------------------------------------------------------------------------------------

Rule     Severity  Description                   Violations  
-------  --------  ----------------------------  ----------  
LUTAR-1  Warning   LUT drives async reset alert  4           

Note: This report is based on the most recent report_methodology run and may not be up-to-date. Run report_methodology on the current design for the latest report.



check_timing report

Table of Contents
-----------------
1. checking no_clock (0)
2. checking constant_clock (0)
3. checking pulse_width_clock (0)
4. checking unconstrained_internal_endpoints (0)
5. checking no_input_delay (0)
6. checking no_output_delay (0)
7. checking multiple_clock (0)
8. checking generated_clocks (0)
9. checking loops (0)
10. checking partial_input_delay (0)
11. checking partial_output_delay (0)
12. checking latch_loops (0)

1. checking no_clock (0)
------------------------
 There are 0 register/latch pins with no clock.


2. checking constant_clock (0)
------------------------------
 There are 0 register/latch pins with constant_clock.


3. checking pulse_width_clock (0)
---------------------------------
 There are 0 register/latch pins which need pulse_width check


4. checking unconstrained_internal_endpoints (0)
------------------------------------------------
 There are 0 pins that are not constrained for maximum delay.

 There are 0 pins that are not constrained for maximum delay due to constant clock.


5. checking no_input_delay (0)
------------------------------
 There are 0 input ports with no input delay specified.

 There are 0 input ports with no input delay but user has a false path constraint.


6. checking no_output_delay (0)
-------------------------------
 There are 0 ports with no output delay specified.

 There are 0 ports with no output delay but user has a false path constraint

 There are 0 ports with no output delay but with a timing clock defined on it or propagating through it


7. checking multiple_clock (0)
------------------------------
 There are 0 register/latch pins with multiple clocks.


8. checking generated_clocks (0)
--------------------------------
 There are 0 generated clocks that are not connected to a clock source.


9. checking loops (0)
---------------------
 There are 0 combinational loops in the design.


10. checking partial_input_delay (0)
------------------------------------
 There are 0 input ports with partial input delay specified.


11. checking partial_output_delay (0)
-------------------------------------
 There are 0 ports with partial output delay specified.


12. checking latch_loops (0)
----------------------------
 There are 0 combinational latch loops in the design through latch input



------------------------------------------------------------------------------------------------
| Design Timing Summary
| ---------------------
------------------------------------------------------------------------------------------------

    WNS(ns)      TNS(ns)  TNS Failing Endpoints  TNS Total Endpoints      WHS(ns)      THS(ns)  THS Failing Endpoints  THS Total Endpoints     WPWS(ns)     TPWS(ns)  TPWS Failing Endpoints  TPWS Total Endpoints  
    -------      -------  ---------------------  -------------------      -------      -------  ---------------------  -------------------     --------     --------  ----------------------  --------------------  
     -0.231       -9.693                     74                59129        0.020        0.000                      0                59129        3.750        0.000                       0                 25493  


Timing constraints are not met.


------------------------------------------------------------------------------------------------
| Clock Summary
| -------------
------------------------------------------------------------------------------------------------

Clock       Waveform(ns)       Period(ns)      Frequency(MHz)
-----       ------------       ----------      --------------
clk_fpga_0  {0.000 5.000}      10.000          100.000         


------------------------------------------------------------------------------------------------
| Intra Clock Table
| -----------------
------------------------------------------------------------------------------------------------

Clock             WNS(ns)      TNS(ns)  TNS Failing Endpoints  TNS Total Endpoints      WHS(ns)      THS(ns)  THS Failing Endpoints  THS Total Endpoints     WPWS(ns)     TPWS(ns)  TPWS Failing Endpoints  TPWS Total Endpoints  
-----             -------      -------  ---------------------  -------------------      -------      -------  ---------------------  -------------------     --------     --------  ----------------------  --------------------  
clk_fpga_0         -0.231       -9.693                     74                59001        0.020        0.000                      0                59001        3.750        0.000                       0                 25493  


------------------------------------------------------------------------------------------------
| Inter Clock Table
| -----------------
------------------------------------------------------------------------------------------------

From Clock    To Clock          WNS(ns)      TNS(ns)  TNS Failing Endpoints  TNS Total Endpoints      WHS(ns)      THS(ns)  THS Failing Endpoints  THS Total Endpoints  
----------    --------          -------      -------  ---------------------  -------------------      -------      -------  ---------------------  -------------------  


------------------------------------------------------------------------------------------------
| Other Path Groups Table
| -----------------------
------------------------------------------------------------------------------------------------

Path Group         From Clock         To Clock               WNS(ns)      TNS(ns)  TNS Failing Endpoints  TNS Total Endpoints      WHS(ns)      THS(ns)  THS Failing Endpoints  THS Total Endpoints  
----------         ----------         --------               -------      -------  ---------------------  -------------------      -------      -------  ---------------------  -------------------  
**async_default**  clk_fpga_0         clk_fpga_0               6.444        0.000                      0                  128        0.582        0.000                      0                  128  


------------------------------------------------------------------------------------------------
| User Ignored Path Table
| -----------------------
------------------------------------------------------------------------------------------------

Path Group    From Clock    To Clock    
----------    ----------    --------    
(none)                      clk_fpga_0    
(none)        clk_fpga_0    clk_fpga_0    


------------------------------------------------------------------------------------------------
| Unconstrained Path Table
| ------------------------
------------------------------------------------------------------------------------------------

Path Group    From Clock    To Clock    
----------    ----------    --------    
(none)                      clk_fpga_0    


------------------------------------------------------------------------------------------------
| Timing Details
| --------------
------------------------------------------------------------------------------------------------


---------------------------------------------------------------------------------------------------
From Clock:  clk_fpga_0
  To Clock:  clk_fpga_0

Setup :           74  Failing Endpoints,  Worst Slack       -0.231ns,  Total Violation       -9.693ns
Hold  :            0  Failing Endpoints,  Worst Slack        0.020ns,  Total Violation        0.000ns
PW    :            0  Failing Endpoints,  Worst Slack        3.750ns,  Total Violation        0.000ns
---------------------------------------------------------------------------------------------------


Max Delay Paths
--------------------------------------------------------------------------------------
Slack (VIOLATED) :        -0.231ns  (required time - arrival time)
  Source:                 gru_bin_version_i/gru_va_0/inst/h_new_6_1_lcssa126_load_reg_4190_reg[7]/C
                            (rising edge-triggered cell FDRE clocked by clk_fpga_0  {rise@0.000ns fall@5.000ns period=10.000ns})
  Destination:            gru_bin_version_i/gru_va_0/inst/grp_gru_va_Pipeline_HIDDEN_LOOP_fu_804/grp_mac3_fu_2726/trunc_ln73_reg_315_reg[9]/D
                            (rising edge-triggered cell FDRE clocked by clk_fpga_0  {rise@0.000ns fall@5.000ns period=10.000ns})
  Path Group:             clk_fpga_0
  Path Type:              Setup (Max at Slow Process Corner)
  Requirement:            10.000ns  (clk_fpga_0 rise@10.000ns - clk_fpga_0 rise@0.000ns)
  Data Path Delay:        9.788ns  (logic 4.374ns (44.686%)  route 5.414ns (55.314%))
  Logic Levels:           2  (DSP48E1=1 LUT3=1)
  Clock Path Skew:        -0.226ns (DCD - SCD + CPR)
    Destination Clock Delay (DCD):    2.654ns = ( 12.654 - 10.000 ) 
    Source Clock Delay      (SCD):    3.009ns
    Clock Pessimism Removal (CPR):    0.129ns
  Clock Uncertainty:      0.154ns  ((TSJ^2 + TIJ^2)^1/2 + DJ) / 2 + PE
    Total System Jitter     (TSJ):    0.071ns
    Total Input Jitter      (TIJ):    0.300ns
    Discrete Jitter          (DJ):    0.000ns
    Phase Error              (PE):    0.000ns

    Location             Delay type                Incr(ns)  Path(ns)    Netlist Resource(s)
  -------------------------------------------------------------------    -------------------
                         (clock clk_fpga_0 rise edge)
                                                      0.000     0.000 r  
    PS7_X0Y0             PS7                          0.000     0.000 r  gru_bin_version_i/processing_system7_0/inst/PS7_i/FCLKCLK[0]
                         net (fo=1, routed)           1.193     1.193    gru_bin_version_i/processing_system7_0/inst/FCLK_CLK_unbuffered[0]
    BUFGCTRL_X0Y16       BUFG (Prop_bufg_I_O)         0.101     1.294 r  gru_bin_version_i/processing_system7_0/inst/buffer_fclk_clk_0.FCLK_CLK_0_BUFG/O
                         net (fo=25495, routed)       1.715     3.009    gru_bin_version_i/gru_va_0/inst/ap_clk
    SLICE_X67Y55         FDRE                                         r  gru_bin_version_i/gru_va_0/inst/h_new_6_1_lcssa126_load_reg_4190_reg[7]/C
  -------------------------------------------------------------------    -------------------
    SLICE_X67Y55         FDRE (Prop_fdre_C_Q)         0.419     3.428 r  gru_bin_version_i/gru_va_0/inst/h_new_6_1_lcssa126_load_reg_4190_reg[7]/Q
                         net (fo=2, routed)           0.731     4.159    gru_bin_version_i/gru_va_0/inst/grp_gru_va_Pipeline_HIDDEN_LOOP_fu_804/grp_mac3_fu_2726/mul_22s_22s_42_1_1_U2/tmp_product__0_1[7]
    SLICE_X67Y58         LUT3 (Prop_lut3_I1_O)        0.299     4.458 r  gru_bin_version_i/gru_va_0/inst/grp_gru_va_Pipeline_HIDDEN_LOOP_fu_804/grp_mac3_fu_2726/mul_22s_22s_42_1_1_U2/tmp_product_i_10__41/O
                         net (fo=3, routed)           2.363     6.821    gru_bin_version_i/gru_va_0/inst/grp_gru_va_Pipeline_HIDDEN_LOOP_fu_804/grp_mac3_fu_2726/mul_22s_22s_43_1_1_U3/B[7]
    DSP48_X3Y45          DSP48E1 (Prop_dsp48e1_B[7]_P[9])
                                                      3.656    10.477 r  gru_bin_version_i/gru_va_0/inst/grp_gru_va_Pipeline_HIDDEN_LOOP_fu_804/grp_mac3_fu_2726/mul_22s_22s_43_1_1_U3/tmp_product/P[9]
                         net (fo=1, routed)           2.321    12.797    gru_bin_version_i/gru_va_0/inst/grp_gru_va_Pipeline_HIDDEN_LOOP_fu_804/grp_mac3_fu_2726/trunc_ln73_fu_91_p1[9]
    SLICE_X35Y86         FDRE                                         r  gru_bin_version_i/gru_va_0/inst/grp_gru_va_Pipeline_HIDDEN_LOOP_fu_804/grp_mac3_fu_2726/trunc_ln73_reg_315_reg[9]/D
  -------------------------------------------------------------------    -------------------

                         (clock clk_fpga_0 rise edge)
                                                     10.000    10.000 r  
    PS7_X0Y0             PS7                          0.000    10.000 r  gru_bin_version_i/processing_system7_0/inst/PS7_i/FCLKCLK[0]
                         net (fo=1, routed)           1.088    11.088    gru_bin_version_i/processing_system7_0/inst/FCLK_CLK_unbuffered[0]
    BUFGCTRL_X0Y16       BUFG (Prop_bufg_I_O)         0.091    11.179 r  gru_bin_version_i/processing_system7_0/inst/buffer_fclk_clk_0.FCLK_CLK_0_BUFG/O
                         net (fo=25495, routed)       1.475    12.654    gru_bin_version_i/gru_va_0/inst/grp_gru_va_Pipeline_HIDDEN_LOOP_fu_804/grp_mac3_fu_2726/ap_clk
    SLICE_X35Y86         FDRE                                         r  gru_bin_version_i/gru_va_0/inst/grp_gru_va_Pipeline_HIDDEN_LOOP_fu_804/grp_mac3_fu_2726/trunc_ln73_reg_315_reg[9]/C
                         clock pessimism              0.129    12.783    
                         clock uncertainty           -0.154    12.629    
    SLICE_X35Y86         FDRE (Setup_fdre_C_D)       -0.062    12.567    gru_bin_version_i/gru_va_0/inst/grp_gru_va_Pipeline_HIDDEN_LOOP_fu_804/grp_mac3_fu_2726/trunc_ln73_reg_315_reg[9]
  -------------------------------------------------------------------
                         required time                         12.567    
                         arrival time                         -12.797    
  -------------------------------------------------------------------
                         slack                                 -0.231    

Slack (VIOLATED) :        -0.203ns  (required time - arrival time)
  Source:                 gru_bin_version_i/gru_va_0/inst/h_new_6_1_lcssa126_load_reg_4190_reg[7]/C
                            (rising edge-triggered cell FDRE clocked by clk_fpga_0  {rise@0.000ns fall@5.000ns period=10.000ns})
  Destination:            gru_bin_version_i/gru_va_0/inst/grp_gru_va_Pipeline_HIDDEN_LOOP_fu_804/grp_mac3_fu_2726/trunc_ln73_reg_315_reg[7]/D
                            (rising edge-triggered cell FDRE clocked by clk_fpga_0  {rise@0.000ns fall@5.000ns period=10.000ns})
  Path Group:             clk_fpga_0
  Path Type:              Setup (Max at Slow Process Corner)
  Requirement:            10.000ns  (clk_fpga_0 rise@10.000ns - clk_fpga_0 rise@0.000ns)
  Data Path Delay:        9.765ns  (logic 4.374ns (44.793%)  route 5.391ns (55.207%))
  Logic Levels:           2  (DSP48E1=1 LUT3=1)
  Clock Path Skew:        -0.226ns (DCD - SCD + CPR)
    Destination Clock Delay (DCD):    2.654ns = ( 12.654 - 10.000 ) 
    Source Clock Delay      (SCD):    3.009ns
    Clock Pessimism Removal (CPR):    0.129ns
  Clock Uncertainty:      0.154ns  ((TSJ^2 + TIJ^2)^1/2 + DJ) / 2 + PE
    Total System Jitter     (TSJ):    0.071ns
    Total Input Jitter      (TIJ):    0.300ns
    Discrete Jitter          (DJ):    0.000ns
    Phase Error              (PE):    0.000ns

    Location             Delay type                Incr(ns)  Path(ns)    Netlist Resource(s)
  -------------------------------------------------------------------    -------------------
                         (clock clk_fpga_0 rise edge)
                                                      0.000     0.000 r  
    PS7_X0Y0             PS7                          0.000     0.000 r  gru_bin_version_i/processing_system7_0/inst/PS7_i/FCLKCLK[0]
                         net (fo=1, routed)           1.193     1.193    gru_bin_version_i/processing_system7_0/inst/FCLK_CLK_unbuffered[0]
    BUFGCTRL_X0Y16       BUFG (Prop_bufg_I_O)         0.101     1.294 r  gru_bin_version_i/processing_system7_0/inst/buffer_fclk_clk_0.FCLK_CLK_0_BUFG/O
                         net (fo=25495, routed)       1.715     3.009    gru_bin_version_i/gru_va_0/inst/ap_clk
    SLICE_X67Y55         FDRE                                         r  gru_bin_version_i/gru_va_0/inst/h_new_6_1_lcssa126_load_reg_4190_reg[7]/C
  -------------------------------------------------------------------    -------------------
    SLICE_X67Y55         FDRE (Prop_fdre_C_Q)         0.419     3.428 r  gru_bin_version_i/gru_va_0/inst/h_new_6_1_lcssa126_load_reg_4190_reg[7]/Q
                         net (fo=2, routed)           0.731     4.159    gru_bin_version_i/gru_va_0/inst/grp_gru_va_Pipeline_HIDDEN_LOOP_fu_804/grp_mac3_fu_2726/mul_22s_22s_42_1_1_U2/tmp_product__0_1[7]
    SLICE_X67Y58         LUT3 (Prop_lut3_I1_O)        0.299     4.458 r  gru_bin_version_i/gru_va_0/inst/grp_gru_va_Pipeline_HIDDEN_LOOP_fu_804/grp_mac3_fu_2726/mul_22s_22s_42_1_1_U2/tmp_product_i_10__41/O
                         net (fo=3, routed)           2.363     6.821    gru_bin_version_i/gru_va_0/inst/grp_gru_va_Pipeline_HIDDEN_LOOP_fu_804/grp_mac3_fu_2726/mul_22s_22s_43_1_1_U3/B[7]
    DSP48_X3Y45          DSP48E1 (Prop_dsp48e1_B[7]_P[7])
                                                      3.656    10.477 r  gru_bin_version_i/gru_va_0/inst/grp_gru_va_Pipeline_HIDDEN_LOOP_fu_804/grp_mac3_fu_2726/mul_22s_22s_43_1_1_U3/tmp_product/P[7]
                         net (fo=1, routed)           2.297    12.774    gru_bin_version_i/gru_va_0/inst/grp_gru_va_Pipeline_HIDDEN_LOOP_fu_804/grp_mac3_fu_2726/trunc_ln73_fu_91_p1[7]
    SLICE_X35Y86         FDRE                                         r  gru_bin_version_i/gru_va_0/inst/grp_gru_va_Pipeline_HIDDEN_LOOP_fu_804/grp_mac3_fu_2726/trunc_ln73_reg_315_reg[7]/D
  -------------------------------------------------------------------    -------------------

                         (clock clk_fpga_0 rise edge)
                                                     10.000    10.000 r  
    PS7_X0Y0             PS7                          0.000    10.000 r  gru_bin_version_i/processing_system7_0/inst/PS7_i/FCLKCLK[0]
                         net (fo=1, routed)           1.088    11.088    gru_bin_version_i/processing_system7_0/inst/FCLK_CLK_unbuffered[0]
    BUFGCTRL_X0Y16       BUFG (Prop_bufg_I_O)         0.091    11.179 r  gru_bin_version_i/processing_system7_0/inst/buffer_fclk_clk_0.FCLK_CLK_0_BUFG/O
                         net (fo=25495, routed)       1.475    12.654    gru_bin_version_i/gru_va_0/inst/grp_gru_va_Pipeline_HIDDEN_LOOP_fu_804/grp_mac3_fu_2726/ap_clk
    SLICE_X35Y86         FDRE                                         r  gru_bin_version_i/gru_va_0/inst/grp_gru_va_Pipeline_HIDDEN_LOOP_fu_804/grp_mac3_fu_2726/trunc_ln73_reg_315_reg[7]/C
                         clock pessimism              0.129    12.783    
                         clock uncertainty           -0.154    12.629    
    SLICE_X35Y86         FDRE (Setup_fdre_C_D)       -0.058    12.571    gru_bin_version_i/gru_va_0/inst/grp_gru_va_Pipeline_HIDDEN_LOOP_fu_804/grp_mac3_fu_2726/trunc_ln73_reg_315_reg[7]
  -------------------------------------------------------------------
                         required time                         12.571    
                         arrival time                         -12.774    
  -------------------------------------------------------------------
                         slack                                 -0.203    

Slack (VIOLATED) :        -0.163ns  (required time - arrival time)
  Source:                 gru_bin_version_i/gru_va_0/inst/h_new_6_1_lcssa126_load_reg_4190_reg[7]/C
                            (rising edge-triggered cell FDRE clocked by clk_fpga_0  {rise@0.000ns fall@5.000ns period=10.000ns})
  Destination:            gru_bin_version_i/gru_va_0/inst/grp_gru_va_Pipeline_HIDDEN_LOOP_fu_804/grp_mac3_fu_2726/trunc_ln73_reg_315_reg[5]/D
                            (rising edge-triggered cell FDRE clocked by clk_fpga_0  {rise@0.000ns fall@5.000ns period=10.000ns})
  Path Group:             clk_fpga_0
  Path Type:              Setup (Max at Slow Process Corner)
  Requirement:            10.000ns  (clk_fpga_0 rise@10.000ns - clk_fpga_0 rise@0.000ns)
  Data Path Delay:        9.737ns  (logic 4.374ns (44.923%)  route 5.363ns (55.077%))
  Logic Levels:           2  (DSP48E1=1 LUT3=1)
  Clock Path Skew:        -0.229ns (DCD - SCD + CPR)
    Destination Clock Delay (DCD):    2.651ns = ( 12.651 - 10.000 ) 
    Source Clock Delay      (SCD):    3.009ns
    Clock Pessimism Removal (CPR):    0.129ns
  Clock Uncertainty:      0.154ns  ((TSJ^2 + TIJ^2)^1/2 + DJ) / 2 + PE
    Total System Jitter     (TSJ):    0.071ns
    Total Input Jitter      (TIJ):    0.300ns
    Discrete Jitter          (DJ):    0.000ns
    Phase Error              (PE):    0.000ns

    Location             Delay type                Incr(ns)  Path(ns)    Netlist Resource(s)
  -------------------------------------------------------------------    -------------------
                         (clock clk_fpga_0 rise edge)
                                                      0.000     0.000 r  
    PS7_X0Y0             PS7                          0.000     0.000 r  gru_bin_version_i/processing_system7_0/inst/PS7_i/FCLKCLK[0]
                         net (fo=1, routed)           1.193     1.193    gru_bin_version_i/processing_system7_0/inst/FCLK_CLK_unbuffered[0]
    BUFGCTRL_X0Y16       BUFG (Prop_bufg_I_O)         0.101     1.294 r  gru_bin_version_i/processing_system7_0/inst/buffer_fclk_clk_0.FCLK_CLK_0_BUFG/O
                         net (fo=25495, routed)       1.715     3.009    gru_bin_version_i/gru_va_0/inst/ap_clk
    SLICE_X67Y55         FDRE                                         r  gru_bin_version_i/gru_va_0/inst/h_new_6_1_lcssa126_load_reg_4190_reg[7]/C
  -------------------------------------------------------------------    -------------------
    SLICE_X67Y55         FDRE (Prop_fdre_C_Q)         0.419     3.428 r  gru_bin_version_i/gru_va_0/inst/h_new_6_1_lcssa126_load_reg_4190_reg[7]/Q
                         net (fo=2, routed)           0.731     4.159    gru_bin_version_i/gru_va_0/inst/grp_gru_va_Pipeline_HIDDEN_LOOP_fu_804/grp_mac3_fu_2726/mul_22s_22s_42_1_1_U2/tmp_product__0_1[7]
    SLICE_X67Y58         LUT3 (Prop_lut3_I1_O)        0.299     4.458 r  gru_bin_version_i/gru_va_0/inst/grp_gru_va_Pipeline_HIDDEN_LOOP_fu_804/grp_mac3_fu_2726/mul_22s_22s_42_1_1_U2/tmp_product_i_10__41/O
                         net (fo=3, routed)           2.363     6.821    gru_bin_version_i/gru_va_0/inst/grp_gru_va_Pipeline_HIDDEN_LOOP_fu_804/grp_mac3_fu_2726/mul_22s_22s_43_1_1_U3/B[7]
    DSP48_X3Y45          DSP48E1 (Prop_dsp48e1_B[7]_P[5])
                                                      3.656    10.477 r  gru_bin_version_i/gru_va_0/inst/grp_gru_va_Pipeline_HIDDEN_LOOP_fu_804/grp_mac3_fu_2726/mul_22s_22s_43_1_1_U3/tmp_product/P[5]
                         net (fo=1, routed)           2.269    12.746    gru_bin_version_i/gru_va_0/inst/grp_gru_va_Pipeline_HIDDEN_LOOP_fu_804/grp_mac3_fu_2726/trunc_ln73_fu_91_p1[5]
    SLICE_X37Y83         FDRE                                         r  gru_bin_version_i/gru_va_0/inst/grp_gru_va_Pipeline_HIDDEN_LOOP_fu_804/grp_mac3_fu_2726/trunc_ln73_reg_315_reg[5]/D
  -------------------------------------------------------------------    -------------------

                         (clock clk_fpga_0 rise edge)
                                                     10.000    10.000 r  
    PS7_X0Y0             PS7                          0.000    10.000 r  gru_bin_version_i/processing_system7_0/inst/PS7_i/FCLKCLK[0]
                         net (fo=1, routed)           1.088    11.088    gru_bin_version_i/processing_system7_0/inst/FCLK_CLK_unbuffered[0]
    BUFGCTRL_X0Y16       BUFG (Prop_bufg_I_O)         0.091    11.179 r  gru_bin_version_i/processing_system7_0/inst/buffer_fclk_clk_0.FCLK_CLK_0_BUFG/O
                         net (fo=25495, routed)       1.472    12.651    gru_bin_version_i/gru_va_0/inst/grp_gru_va_Pipeline_HIDDEN_LOOP_fu_804/grp_mac3_fu_2726/ap_clk
    SLICE_X37Y83         FDRE                                         r  gru_bin_version_i/gru_va_0/inst/grp_gru_va_Pipeline_HIDDEN_LOOP_fu_804/grp_mac3_fu_2726/trunc_ln73_reg_315_reg[5]/C
                         clock pessimism              0.129    12.780    
                         clock uncertainty           -0.154    12.626    
    SLICE_X37Y83         FDRE (Setup_fdre_C_D)       -0.043    12.583    gru_bin_version_i/gru_va_0/inst/grp_gru_va_Pipeline_HIDDEN_LOOP_fu_804/grp_mac3_fu_2726/trunc_ln73_reg_315_reg[5]
  -------------------------------------------------------------------
                         required time                         12.583    
                         arrival time                         -12.746    
  -------------------------------------------------------------------
                         slack                                 -0.163    

Slack (VIOLATED) :        -0.156ns  (required time - arrival time)
  Source:                 gru_bin_version_i/gru_va_0/inst/grp_gru_va_Pipeline_HIDDEN_LOOP_fu_804/ap_CS_fsm_reg[1]_replica_2/C
                            (rising edge-triggered cell FDRE clocked by clk_fpga_0  {rise@0.000ns fall@5.000ns period=10.000ns})
  Destination:            gru_bin_version_i/gru_va_0/inst/grp_gru_va_Pipeline_HIDDEN_LOOP_fu_804/grp_mac3_fu_2723/mul_22s_22s_42_1_1_U2/tmp_product__0/PCIN[0]
                            (rising edge-triggered cell DSP48E1 clocked by clk_fpga_0  {rise@0.000ns fall@5.000ns period=10.000ns})
  Path Group:             clk_fpga_0
  Path Type:              Setup (Max at Slow Process Corner)
  Requirement:            10.000ns  (clk_fpga_0 rise@10.000ns - clk_fpga_0 rise@0.000ns)
  Data Path Delay:        8.652ns  (logic 4.906ns (56.704%)  route 3.746ns (43.296%))
  Logic Levels:           2  (DSP48E1=1 LUT3=1)
  Clock Path Skew:        0.050ns (DCD - SCD + CPR)
    Destination Clock Delay (DCD):    2.884ns = ( 12.884 - 10.000 ) 
    Source Clock Delay      (SCD):    2.963ns
    Clock Pessimism Removal (CPR):    0.129ns
  Clock Uncertainty:      0.154ns  ((TSJ^2 + TIJ^2)^1/2 + DJ) / 2 + PE
    Total System Jitter     (TSJ):    0.071ns
    Total Input Jitter      (TIJ):    0.300ns
    Discrete Jitter          (DJ):    0.000ns
    Phase Error              (PE):    0.000ns

    Location             Delay type                Incr(ns)  Path(ns)    Netlist Resource(s)
  -------------------------------------------------------------------    -------------------
                         (clock clk_fpga_0 rise edge)
                                                      0.000     0.000 r  
    PS7_X0Y0             PS7                          0.000     0.000 r  gru_bin_version_i/processing_system7_0/inst/PS7_i/FCLKCLK[0]
                         net (fo=1, routed)           1.193     1.193    gru_bin_version_i/processing_system7_0/inst/FCLK_CLK_unbuffered[0]
    BUFGCTRL_X0Y16       BUFG (Prop_bufg_I_O)         0.101     1.294 r  gru_bin_version_i/processing_system7_0/inst/buffer_fclk_clk_0.FCLK_CLK_0_BUFG/O
                         net (fo=25495, routed)       1.669     2.963    gru_bin_version_i/gru_va_0/inst/grp_gru_va_Pipeline_HIDDEN_LOOP_fu_804/ap_clk
    SLICE_X34Y43         FDRE                                         r  gru_bin_version_i/gru_va_0/inst/grp_gru_va_Pipeline_HIDDEN_LOOP_fu_804/ap_CS_fsm_reg[1]_replica_2/C
  -------------------------------------------------------------------    -------------------
    SLICE_X34Y43         FDRE (Prop_fdre_C_Q)         0.518     3.481 r  gru_bin_version_i/gru_va_0/inst/grp_gru_va_Pipeline_HIDDEN_LOOP_fu_804/ap_CS_fsm_reg[1]_replica_2/Q
                         net (fo=268, routed)         1.242     4.723    gru_bin_version_i/gru_va_0/inst/grp_gru_va_Pipeline_HIDDEN_LOOP_fu_804/grp_mac3_fu_2723/mul_22s_22s_42_1_1_U2/ap_CS_fsm_pp0_stage1_repN_2_alias
    SLICE_X28Y45         LUT3 (Prop_lut3_I1_O)        0.150     4.873 r  gru_bin_version_i/gru_va_0/inst/grp_gru_va_Pipeline_HIDDEN_LOOP_fu_804/grp_mac3_fu_2723/mul_22s_22s_42_1_1_U2/tmp_product_i_6__50/O
                         net (fo=1, routed)           2.502     7.375    gru_bin_version_i/gru_va_0/inst/grp_gru_va_Pipeline_HIDDEN_LOOP_fu_804/grp_mac3_fu_2723/mul_22s_22s_42_1_1_U2/tmp_product_i_6__50_n_3
    DSP48_X4Y6           DSP48E1 (Prop_dsp48e1_A[12]_PCOUT[0])
                                                      4.238    11.613 r  gru_bin_version_i/gru_va_0/inst/grp_gru_va_Pipeline_HIDDEN_LOOP_fu_804/grp_mac3_fu_2723/mul_22s_22s_42_1_1_U2/tmp_product/PCOUT[0]
                         net (fo=1, routed)           0.002    11.615    gru_bin_version_i/gru_va_0/inst/grp_gru_va_Pipeline_HIDDEN_LOOP_fu_804/grp_mac3_fu_2723/mul_22s_22s_42_1_1_U2/tmp_product_n_156
    DSP48_X4Y7           DSP48E1                                      r  gru_bin_version_i/gru_va_0/inst/grp_gru_va_Pipeline_HIDDEN_LOOP_fu_804/grp_mac3_fu_2723/mul_22s_22s_42_1_1_U2/tmp_product__0/PCIN[0]
  -------------------------------------------------------------------    -------------------

                         (clock clk_fpga_0 rise edge)
                                                     10.000    10.000 r  
    PS7_X0Y0             PS7                          0.000    10.000 r  gru_bin_version_i/processing_system7_0/inst/PS7_i/FCLKCLK[0]
                         net (fo=1, routed)           1.088    11.088    gru_bin_version_i/processing_system7_0/inst/FCLK_CLK_unbuffered[0]
    BUFGCTRL_X0Y16       BUFG (Prop_bufg_I_O)         0.091    11.179 r  gru_bin_version_i/processing_system7_0/inst/buffer_fclk_clk_0.FCLK_CLK_0_BUFG/O
                         net (fo=25495, routed)       1.705    12.884    gru_bin_version_i/gru_va_0/inst/grp_gru_va_Pipeline_HIDDEN_LOOP_fu_804/grp_mac3_fu_2723/mul_22s_22s_42_1_1_U2/ap_clk
    DSP48_X4Y7           DSP48E1                                      r  gru_bin_version_i/gru_va_0/inst/grp_gru_va_Pipeline_HIDDEN_LOOP_fu_804/grp_mac3_fu_2723/mul_22s_22s_42_1_1_U2/tmp_product__0/CLK
                         clock pessimism              0.129    13.013    
                         clock uncertainty           -0.154    12.859    
    DSP48_X4Y7           DSP48E1 (Setup_dsp48e1_CLK_PCIN[0])
                                                     -1.400    11.459    gru_bin_version_i/gru_va_0/inst/grp_gru_va_Pipeline_HIDDEN_LOOP_fu_804/grp_mac3_fu_2723/mul_22s_22s_42_1_1_U2/tmp_product__0
  -------------------------------------------------------------------
                         required time                         11.459    
                         arrival time                         -11.615    
  -------------------------------------------------------------------
                         slack                                 -0.156    

Slack (VIOLATED) :        -0.156ns  (required time - arrival time)
  Source:                 gru_bin_version_i/gru_va_0/inst/grp_gru_va_Pipeline_HIDDEN_LOOP_fu_804/ap_CS_fsm_reg[1]_replica_2/C
                            (rising edge-triggered cell FDRE clocked by clk_fpga_0  {rise@0.000ns fall@5.000ns period=10.000ns})
  Destination:            gru_bin_version_i/gru_va_0/inst/grp_gru_va_Pipeline_HIDDEN_LOOP_fu_804/grp_mac3_fu_2723/mul_22s_22s_42_1_1_U2/tmp_product__0/PCIN[10]
                            (rising edge-triggered cell DSP48E1 clocked by clk_fpga_0  {rise@0.000ns fall@5.000ns period=10.000ns})
  Path Group:             clk_fpga_0
  Path Type:              Setup (Max at Slow Process Corner)
  Requirement:            10.000ns  (clk_fpga_0 rise@10.000ns - clk_fpga_0 rise@0.000ns)
  Data Path Delay:        8.652ns  (logic 4.906ns (56.704%)  route 3.746ns (43.296%))
  Logic Levels:           2  (DSP48E1=1 LUT3=1)
  Clock Path Skew:        0.050ns (DCD - SCD + CPR)
    Destination Clock Delay (DCD):    2.884ns = ( 12.884 - 10.000 ) 
    Source Clock Delay      (SCD):    2.963ns
    Clock Pessimism Removal (CPR):    0.129ns
  Clock Uncertainty:      0.154ns  ((TSJ^2 + TIJ^2)^1/2 + DJ) / 2 + PE
    Total System Jitter     (TSJ):    0.071ns
    Total Input Jitter      (TIJ):    0.300ns
    Discrete Jitter          (DJ):    0.000ns
    Phase Error              (PE):    0.000ns

    Location             Delay type                Incr(ns)  Path(ns)    Netlist Resource(s)
  -------------------------------------------------------------------    -------------------
                         (clock clk_fpga_0 rise edge)
                                                      0.000     0.000 r  
    PS7_X0Y0             PS7                          0.000     0.000 r  gru_bin_version_i/processing_system7_0/inst/PS7_i/FCLKCLK[0]
                         net (fo=1, routed)           1.193     1.193    gru_bin_version_i/processing_system7_0/inst/FCLK_CLK_unbuffered[0]
    BUFGCTRL_X0Y16       BUFG (Prop_bufg_I_O)         0.101     1.294 r  gru_bin_version_i/processing_system7_0/inst/buffer_fclk_clk_0.FCLK_CLK_0_BUFG/O
                         net (fo=25495, routed)       1.669     2.963    gru_bin_version_i/gru_va_0/inst/grp_gru_va_Pipeline_HIDDEN_LOOP_fu_804/ap_clk
    SLICE_X34Y43         FDRE                                         r  gru_bin_version_i/gru_va_0/inst/grp_gru_va_Pipeline_HIDDEN_LOOP_fu_804/ap_CS_fsm_reg[1]_replica_2/C
  -------------------------------------------------------------------    -------------------
    SLICE_X34Y43         FDRE (Prop_fdre_C_Q)         0.518     3.481 r  gru_bin_version_i/gru_va_0/inst/grp_gru_va_Pipeline_HIDDEN_LOOP_fu_804/ap_CS_fsm_reg[1]_replica_2/Q
                         net (fo=268, routed)         1.242     4.723    gru_bin_version_i/gru_va_0/inst/grp_gru_va_Pipeline_HIDDEN_LOOP_fu_804/grp_mac3_fu_2723/mul_22s_22s_42_1_1_U2/ap_CS_fsm_pp0_stage1_repN_2_alias
    SLICE_X28Y45         LUT3 (Prop_lut3_I1_O)        0.150     4.873 r  gru_bin_version_i/gru_va_0/inst/grp_gru_va_Pipeline_HIDDEN_LOOP_fu_804/grp_mac3_fu_2723/mul_22s_22s_42_1_1_U2/tmp_product_i_6__50/O
                         net (fo=1, routed)           2.502     7.375    gru_bin_version_i/gru_va_0/inst/grp_gru_va_Pipeline_HIDDEN_LOOP_fu_804/grp_mac3_fu_2723/mul_22s_22s_42_1_1_U2/tmp_product_i_6__50_n_3
    DSP48_X4Y6           DSP48E1 (Prop_dsp48e1_A[12]_PCOUT[10])
                                                      4.238    11.613 r  gru_bin_version_i/gru_va_0/inst/grp_gru_va_Pipeline_HIDDEN_LOOP_fu_804/grp_mac3_fu_2723/mul_22s_22s_42_1_1_U2/tmp_product/PCOUT[10]
                         net (fo=1, routed)           0.002    11.615    gru_bin_version_i/gru_va_0/inst/grp_gru_va_Pipeline_HIDDEN_LOOP_fu_804/grp_mac3_fu_2723/mul_22s_22s_42_1_1_U2/tmp_product_n_146
    DSP48_X4Y7           DSP48E1                                      r  gru_bin_version_i/gru_va_0/inst/grp_gru_va_Pipeline_HIDDEN_LOOP_fu_804/grp_mac3_fu_2723/mul_22s_22s_42_1_1_U2/tmp_product__0/PCIN[10]
  -------------------------------------------------------------------    -------------------

                         (clock clk_fpga_0 rise edge)
                                                     10.000    10.000 r  
    PS7_X0Y0             PS7                          0.000    10.000 r  gru_bin_version_i/processing_system7_0/inst/PS7_i/FCLKCLK[0]
                         net (fo=1, routed)           1.088    11.088    gru_bin_version_i/processing_system7_0/inst/FCLK_CLK_unbuffered[0]
    BUFGCTRL_X0Y16       BUFG (Prop_bufg_I_O)         0.091    11.179 r  gru_bin_version_i/processing_system7_0/inst/buffer_fclk_clk_0.FCLK_CLK_0_BUFG/O
                         net (fo=25495, routed)       1.705    12.884    gru_bin_version_i/gru_va_0/inst/grp_gru_va_Pipeline_HIDDEN_LOOP_fu_804/grp_mac3_fu_2723/mul_22s_22s_42_1_1_U2/ap_clk
    DSP48_X4Y7           DSP48E1                                      r  gru_bin_version_i/gru_va_0/inst/grp_gru_va_Pipeline_HIDDEN_LOOP_fu_804/grp_mac3_fu_2723/mul_22s_22s_42_1_1_U2/tmp_product__0/CLK
                         clock pessimism              0.129    13.013    
                         clock uncertainty           -0.154    12.859    
    DSP48_X4Y7           DSP48E1 (Setup_dsp48e1_CLK_PCIN[10])
                                                     -1.400    11.459    gru_bin_version_i/gru_va_0/inst/grp_gru_va_Pipeline_HIDDEN_LOOP_fu_804/grp_mac3_fu_2723/mul_22s_22s_42_1_1_U2/tmp_product__0
  -------------------------------------------------------------------
                         required time                         11.459    
                         arrival time                         -11.615    
  -------------------------------------------------------------------
                         slack                                 -0.156    

Slack (VIOLATED) :        -0.156ns  (required time - arrival time)
  Source:                 gru_bin_version_i/gru_va_0/inst/grp_gru_va_Pipeline_HIDDEN_LOOP_fu_804/ap_CS_fsm_reg[1]_replica_2/C
                            (rising edge-triggered cell FDRE clocked by clk_fpga_0  {rise@0.000ns fall@5.000ns period=10.000ns})
  Destination:            gru_bin_version_i/gru_va_0/inst/grp_gru_va_Pipeline_HIDDEN_LOOP_fu_804/grp_mac3_fu_2723/mul_22s_22s_42_1_1_U2/tmp_product__0/PCIN[11]
                            (rising edge-triggered cell DSP48E1 clocked by clk_fpga_0  {rise@0.000ns fall@5.000ns period=10.000ns})
  Path Group:             clk_fpga_0
  Path Type:              Setup (Max at Slow Process Corner)
  Requirement:            10.000ns  (clk_fpga_0 rise@10.000ns - clk_fpga_0 rise@0.000ns)
  Data Path Delay:        8.652ns  (logic 4.906ns (56.704%)  route 3.746ns (43.296%))
  Logic Levels:           2  (DSP48E1=1 LUT3=1)
  Clock Path Skew:        0.050ns (DCD - SCD + CPR)
    Destination Clock Delay (DCD):    2.884ns = ( 12.884 - 10.000 ) 
    Source Clock Delay      (SCD):    2.963ns
    Clock Pessimism Removal (CPR):    0.129ns
  Clock Uncertainty:      0.154ns  ((TSJ^2 + TIJ^2)^1/2 + DJ) / 2 + PE
    Total System Jitter     (TSJ):    0.071ns
    Total Input Jitter      (TIJ):    0.300ns
    Discrete Jitter          (DJ):    0.000ns
    Phase Error              (PE):    0.000ns

    Location             Delay type                Incr(ns)  Path(ns)    Netlist Resource(s)
  -------------------------------------------------------------------    -------------------
                         (clock clk_fpga_0 rise edge)
                                                      0.000     0.000 r  
    PS7_X0Y0             PS7                          0.000     0.000 r  gru_bin_version_i/processing_system7_0/inst/PS7_i/FCLKCLK[0]
                         net (fo=1, routed)           1.193     1.193    gru_bin_version_i/processing_system7_0/inst/FCLK_CLK_unbuffered[0]
    BUFGCTRL_X0Y16       BUFG (Prop_bufg_I_O)         0.101     1.294 r  gru_bin_version_i/processing_system7_0/inst/buffer_fclk_clk_0.FCLK_CLK_0_BUFG/O
                         net (fo=25495, routed)       1.669     2.963    gru_bin_version_i/gru_va_0/inst/grp_gru_va_Pipeline_HIDDEN_LOOP_fu_804/ap_clk
    SLICE_X34Y43         FDRE                                         r  gru_bin_version_i/gru_va_0/inst/grp_gru_va_Pipeline_HIDDEN_LOOP_fu_804/ap_CS_fsm_reg[1]_replica_2/C
  -------------------------------------------------------------------    -------------------
    SLICE_X34Y43         FDRE (Prop_fdre_C_Q)         0.518     3.481 r  gru_bin_version_i/gru_va_0/inst/grp_gru_va_Pipeline_HIDDEN_LOOP_fu_804/ap_CS_fsm_reg[1]_replica_2/Q
                         net (fo=268, routed)         1.242     4.723    gru_bin_version_i/gru_va_0/inst/grp_gru_va_Pipeline_HIDDEN_LOOP_fu_804/grp_mac3_fu_2723/mul_22s_22s_42_1_1_U2/ap_CS_fsm_pp0_stage1_repN_2_alias
    SLICE_X28Y45         LUT3 (Prop_lut3_I1_O)        0.150     4.873 r  gru_bin_version_i/gru_va_0/inst/grp_gru_va_Pipeline_HIDDEN_LOOP_fu_804/grp_mac3_fu_2723/mul_22s_22s_42_1_1_U2/tmp_product_i_6__50/O
                         net (fo=1, routed)           2.502     7.375    gru_bin_version_i/gru_va_0/inst/grp_gru_va_Pipeline_HIDDEN_LOOP_fu_804/grp_mac3_fu_2723/mul_22s_22s_42_1_1_U2/tmp_product_i_6__50_n_3
    DSP48_X4Y6           DSP48E1 (Prop_dsp48e1_A[12]_PCOUT[11])
                                                      4.238    11.613 r  gru_bin_version_i/gru_va_0/inst/grp_gru_va_Pipeline_HIDDEN_LOOP_fu_804/grp_mac3_fu_2723/mul_22s_22s_42_1_1_U2/tmp_product/PCOUT[11]
                         net (fo=1, routed)           0.002    11.615    gru_bin_version_i/gru_va_0/inst/grp_gru_va_Pipeline_HIDDEN_LOOP_fu_804/grp_mac3_fu_2723/mul_22s_22s_42_1_1_U2/tmp_product_n_145
    DSP48_X4Y7           DSP48E1                                      r  gru_bin_version_i/gru_va_0/inst/grp_gru_va_Pipeline_HIDDEN_LOOP_fu_804/grp_mac3_fu_2723/mul_22s_22s_42_1_1_U2/tmp_product__0/PCIN[11]
  -------------------------------------------------------------------    -------------------

                         (clock clk_fpga_0 rise edge)
                                                     10.000    10.000 r  
    PS7_X0Y0             PS7                          0.000    10.000 r  gru_bin_version_i/processing_system7_0/inst/PS7_i/FCLKCLK[0]
                         net (fo=1, routed)           1.088    11.088    gru_bin_version_i/processing_system7_0/inst/FCLK_CLK_unbuffered[0]
    BUFGCTRL_X0Y16       BUFG (Prop_bufg_I_O)         0.091    11.179 r  gru_bin_version_i/processing_system7_0/inst/buffer_fclk_clk_0.FCLK_CLK_0_BUFG/O
                         net (fo=25495, routed)       1.705    12.884    gru_bin_version_i/gru_va_0/inst/grp_gru_va_Pipeline_HIDDEN_LOOP_fu_804/grp_mac3_fu_2723/mul_22s_22s_42_1_1_U2/ap_clk
    DSP48_X4Y7           DSP48E1                                      r  gru_bin_version_i/gru_va_0/inst/grp_gru_va_Pipeline_HIDDEN_LOOP_fu_804/grp_mac3_fu_2723/mul_22s_22s_42_1_1_U2/tmp_product__0/CLK
                         clock pessimism              0.129    13.013    
                         clock uncertainty           -0.154    12.859    
    DSP48_X4Y7           DSP48E1 (Setup_dsp48e1_CLK_PCIN[11])
                                                     -1.400    11.459    gru_bin_version_i/gru_va_0/inst/grp_gru_va_Pipeline_HIDDEN_LOOP_fu_804/grp_mac3_fu_2723/mul_22s_22s_42_1_1_U2/tmp_product__0
  -------------------------------------------------------------------
                         required time                         11.459    
                         arrival time                         -11.615    
  -------------------------------------------------------------------
                         slack                                 -0.156    

Slack (VIOLATED) :        -0.156ns  (required time - arrival time)
  Source:                 gru_bin_version_i/gru_va_0/inst/grp_gru_va_Pipeline_HIDDEN_LOOP_fu_804/ap_CS_fsm_reg[1]_replica_2/C
                            (rising edge-triggered cell FDRE clocked by clk_fpga_0  {rise@0.000ns fall@5.000ns period=10.000ns})
  Destination:            gru_bin_version_i/gru_va_0/inst/grp_gru_va_Pipeline_HIDDEN_LOOP_fu_804/grp_mac3_fu_2723/mul_22s_22s_42_1_1_U2/tmp_product__0/PCIN[12]
                            (rising edge-triggered cell DSP48E1 clocked by clk_fpga_0  {rise@0.000ns fall@5.000ns period=10.000ns})
  Path Group:             clk_fpga_0
  Path Type:              Setup (Max at Slow Process Corner)
  Requirement:            10.000ns  (clk_fpga_0 rise@10.000ns - clk_fpga_0 rise@0.000ns)
  Data Path Delay:        8.652ns  (logic 4.906ns (56.704%)  route 3.746ns (43.296%))
  Logic Levels:           2  (DSP48E1=1 LUT3=1)
  Clock Path Skew:        0.050ns (DCD - SCD + CPR)
    Destination Clock Delay (DCD):    2.884ns = ( 12.884 - 10.000 ) 
    Source Clock Delay      (SCD):    2.963ns
    Clock Pessimism Removal (CPR):    0.129ns
  Clock Uncertainty:      0.154ns  ((TSJ^2 + TIJ^2)^1/2 + DJ) / 2 + PE
    Total System Jitter     (TSJ):    0.071ns
    Total Input Jitter      (TIJ):    0.300ns
    Discrete Jitter          (DJ):    0.000ns
    Phase Error              (PE):    0.000ns

    Location             Delay type                Incr(ns)  Path(ns)    Netlist Resource(s)
  -------------------------------------------------------------------    -------------------
                         (clock clk_fpga_0 rise edge)
                                                      0.000     0.000 r  
    PS7_X0Y0             PS7                          0.000     0.000 r  gru_bin_version_i/processing_system7_0/inst/PS7_i/FCLKCLK[0]
                         net (fo=1, routed)           1.193     1.193    gru_bin_version_i/processing_system7_0/inst/FCLK_CLK_unbuffered[0]
    BUFGCTRL_X0Y16       BUFG (Prop_bufg_I_O)         0.101     1.294 r  gru_bin_version_i/processing_system7_0/inst/buffer_fclk_clk_0.FCLK_CLK_0_BUFG/O
                         net (fo=25495, routed)       1.669     2.963    gru_bin_version_i/gru_va_0/inst/grp_gru_va_Pipeline_HIDDEN_LOOP_fu_804/ap_clk
    SLICE_X34Y43         FDRE                                         r  gru_bin_version_i/gru_va_0/inst/grp_gru_va_Pipeline_HIDDEN_LOOP_fu_804/ap_CS_fsm_reg[1]_replica_2/C
  -------------------------------------------------------------------    -------------------
    SLICE_X34Y43         FDRE (Prop_fdre_C_Q)         0.518     3.481 r  gru_bin_version_i/gru_va_0/inst/grp_gru_va_Pipeline_HIDDEN_LOOP_fu_804/ap_CS_fsm_reg[1]_replica_2/Q
                         net (fo=268, routed)         1.242     4.723    gru_bin_version_i/gru_va_0/inst/grp_gru_va_Pipeline_HIDDEN_LOOP_fu_804/grp_mac3_fu_2723/mul_22s_22s_42_1_1_U2/ap_CS_fsm_pp0_stage1_repN_2_alias
    SLICE_X28Y45         LUT3 (Prop_lut3_I1_O)        0.150     4.873 r  gru_bin_version_i/gru_va_0/inst/grp_gru_va_Pipeline_HIDDEN_LOOP_fu_804/grp_mac3_fu_2723/mul_22s_22s_42_1_1_U2/tmp_product_i_6__50/O
                         net (fo=1, routed)           2.502     7.375    gru_bin_version_i/gru_va_0/inst/grp_gru_va_Pipeline_HIDDEN_LOOP_fu_804/grp_mac3_fu_2723/mul_22s_22s_42_1_1_U2/tmp_product_i_6__50_n_3
    DSP48_X4Y6           DSP48E1 (Prop_dsp48e1_A[12]_PCOUT[12])
                                                      4.238    11.613 r  gru_bin_version_i/gru_va_0/inst/grp_gru_va_Pipeline_HIDDEN_LOOP_fu_804/grp_mac3_fu_2723/mul_22s_22s_42_1_1_U2/tmp_product/PCOUT[12]
                         net (fo=1, routed)           0.002    11.615    gru_bin_version_i/gru_va_0/inst/grp_gru_va_Pipeline_HIDDEN_LOOP_fu_804/grp_mac3_fu_2723/mul_22s_22s_42_1_1_U2/tmp_product_n_144
    DSP48_X4Y7           DSP48E1                                      r  gru_bin_version_i/gru_va_0/inst/grp_gru_va_Pipeline_HIDDEN_LOOP_fu_804/grp_mac3_fu_2723/mul_22s_22s_42_1_1_U2/tmp_product__0/PCIN[12]
  -------------------------------------------------------------------    -------------------

                         (clock clk_fpga_0 rise edge)
                                                     10.000    10.000 r  
    PS7_X0Y0             PS7                          0.000    10.000 r  gru_bin_version_i/processing_system7_0/inst/PS7_i/FCLKCLK[0]
                         net (fo=1, routed)           1.088    11.088    gru_bin_version_i/processing_system7_0/inst/FCLK_CLK_unbuffered[0]
    BUFGCTRL_X0Y16       BUFG (Prop_bufg_I_O)         0.091    11.179 r  gru_bin_version_i/processing_system7_0/inst/buffer_fclk_clk_0.FCLK_CLK_0_BUFG/O
                         net (fo=25495, routed)       1.705    12.884    gru_bin_version_i/gru_va_0/inst/grp_gru_va_Pipeline_HIDDEN_LOOP_fu_804/grp_mac3_fu_2723/mul_22s_22s_42_1_1_U2/ap_clk
    DSP48_X4Y7           DSP48E1                                      r  gru_bin_version_i/gru_va_0/inst/grp_gru_va_Pipeline_HIDDEN_LOOP_fu_804/grp_mac3_fu_2723/mul_22s_22s_42_1_1_U2/tmp_product__0/CLK
                         clock pessimism              0.129    13.013    
                         clock uncertainty           -0.154    12.859    
    DSP48_X4Y7           DSP48E1 (Setup_dsp48e1_CLK_PCIN[12])
                                                     -1.400    11.459    gru_bin_version_i/gru_va_0/inst/grp_gru_va_Pipeline_HIDDEN_LOOP_fu_804/grp_mac3_fu_2723/mul_22s_22s_42_1_1_U2/tmp_product__0
  -------------------------------------------------------------------
                         required time                         11.459    
                         arrival time                         -11.615    
  -------------------------------------------------------------------
                         slack                                 -0.156    

Slack (VIOLATED) :        -0.156ns  (required time - arrival time)
  Source:                 gru_bin_version_i/gru_va_0/inst/grp_gru_va_Pipeline_HIDDEN_LOOP_fu_804/ap_CS_fsm_reg[1]_replica_2/C
                            (rising edge-triggered cell FDRE clocked by clk_fpga_0  {rise@0.000ns fall@5.000ns period=10.000ns})
  Destination:            gru_bin_version_i/gru_va_0/inst/grp_gru_va_Pipeline_HIDDEN_LOOP_fu_804/grp_mac3_fu_2723/mul_22s_22s_42_1_1_U2/tmp_product__0/PCIN[13]
                            (rising edge-triggered cell DSP48E1 clocked by clk_fpga_0  {rise@0.000ns fall@5.000ns period=10.000ns})
  Path Group:             clk_fpga_0
  Path Type:              Setup (Max at Slow Process Corner)
  Requirement:            10.000ns  (clk_fpga_0 rise@10.000ns - clk_fpga_0 rise@0.000ns)
  Data Path Delay:        8.652ns  (logic 4.906ns (56.704%)  route 3.746ns (43.296%))
  Logic Levels:           2  (DSP48E1=1 LUT3=1)
  Clock Path Skew:        0.050ns (DCD - SCD + CPR)
    Destination Clock Delay (DCD):    2.884ns = ( 12.884 - 10.000 ) 
    Source Clock Delay      (SCD):    2.963ns
    Clock Pessimism Removal (CPR):    0.129ns
  Clock Uncertainty:      0.154ns  ((TSJ^2 + TIJ^2)^1/2 + DJ) / 2 + PE
    Total System Jitter     (TSJ):    0.071ns
    Total Input Jitter      (TIJ):    0.300ns
    Discrete Jitter          (DJ):    0.000ns
    Phase Error              (PE):    0.000ns

    Location             Delay type                Incr(ns)  Path(ns)    Netlist Resource(s)
  -------------------------------------------------------------------    -------------------
                         (clock clk_fpga_0 rise edge)
                                                      0.000     0.000 r  
    PS7_X0Y0             PS7                          0.000     0.000 r  gru_bin_version_i/processing_system7_0/inst/PS7_i/FCLKCLK[0]
                         net (fo=1, routed)           1.193     1.193    gru_bin_version_i/processing_system7_0/inst/FCLK_CLK_unbuffered[0]
    BUFGCTRL_X0Y16       BUFG (Prop_bufg_I_O)         0.101     1.294 r  gru_bin_version_i/processing_system7_0/inst/buffer_fclk_clk_0.FCLK_CLK_0_BUFG/O
                         net (fo=25495, routed)       1.669     2.963    gru_bin_version_i/gru_va_0/inst/grp_gru_va_Pipeline_HIDDEN_LOOP_fu_804/ap_clk
    SLICE_X34Y43         FDRE                                         r  gru_bin_version_i/gru_va_0/inst/grp_gru_va_Pipeline_HIDDEN_LOOP_fu_804/ap_CS_fsm_reg[1]_replica_2/C
  -------------------------------------------------------------------    -------------------
    SLICE_X34Y43         FDRE (Prop_fdre_C_Q)         0.518     3.481 r  gru_bin_version_i/gru_va_0/inst/grp_gru_va_Pipeline_HIDDEN_LOOP_fu_804/ap_CS_fsm_reg[1]_replica_2/Q
                         net (fo=268, routed)         1.242     4.723    gru_bin_version_i/gru_va_0/inst/grp_gru_va_Pipeline_HIDDEN_LOOP_fu_804/grp_mac3_fu_2723/mul_22s_22s_42_1_1_U2/ap_CS_fsm_pp0_stage1_repN_2_alias
    SLICE_X28Y45         LUT3 (Prop_lut3_I1_O)        0.150     4.873 r  gru_bin_version_i/gru_va_0/inst/grp_gru_va_Pipeline_HIDDEN_LOOP_fu_804/grp_mac3_fu_2723/mul_22s_22s_42_1_1_U2/tmp_product_i_6__50/O
                         net (fo=1, routed)           2.502     7.375    gru_bin_version_i/gru_va_0/inst/grp_gru_va_Pipeline_HIDDEN_LOOP_fu_804/grp_mac3_fu_2723/mul_22s_22s_42_1_1_U2/tmp_product_i_6__50_n_3
    DSP48_X4Y6           DSP48E1 (Prop_dsp48e1_A[12]_PCOUT[13])
                                                      4.238    11.613 r  gru_bin_version_i/gru_va_0/inst/grp_gru_va_Pipeline_HIDDEN_LOOP_fu_804/grp_mac3_fu_2723/mul_22s_22s_42_1_1_U2/tmp_product/PCOUT[13]
                         net (fo=1, routed)           0.002    11.615    gru_bin_version_i/gru_va_0/inst/grp_gru_va_Pipeline_HIDDEN_LOOP_fu_804/grp_mac3_fu_2723/mul_22s_22s_42_1_1_U2/tmp_product_n_143
    DSP48_X4Y7           DSP48E1                                      r  gru_bin_version_i/gru_va_0/inst/grp_gru_va_Pipeline_HIDDEN_LOOP_fu_804/grp_mac3_fu_2723/mul_22s_22s_42_1_1_U2/tmp_product__0/PCIN[13]
  -------------------------------------------------------------------    -------------------

                         (clock clk_fpga_0 rise edge)
                                                     10.000    10.000 r  
    PS7_X0Y0             PS7                          0.000    10.000 r  gru_bin_version_i/processing_system7_0/inst/PS7_i/FCLKCLK[0]
                         net (fo=1, routed)           1.088    11.088    gru_bin_version_i/processing_system7_0/inst/FCLK_CLK_unbuffered[0]
    BUFGCTRL_X0Y16       BUFG (Prop_bufg_I_O)         0.091    11.179 r  gru_bin_version_i/processing_system7_0/inst/buffer_fclk_clk_0.FCLK_CLK_0_BUFG/O
                         net (fo=25495, routed)       1.705    12.884    gru_bin_version_i/gru_va_0/inst/grp_gru_va_Pipeline_HIDDEN_LOOP_fu_804/grp_mac3_fu_2723/mul_22s_22s_42_1_1_U2/ap_clk
    DSP48_X4Y7           DSP48E1                                      r  gru_bin_version_i/gru_va_0/inst/grp_gru_va_Pipeline_HIDDEN_LOOP_fu_804/grp_mac3_fu_2723/mul_22s_22s_42_1_1_U2/tmp_product__0/CLK
                         clock pessimism              0.129    13.013    
                         clock uncertainty           -0.154    12.859    
    DSP48_X4Y7           DSP48E1 (Setup_dsp48e1_CLK_PCIN[13])
                                                     -1.400    11.459    gru_bin_version_i/gru_va_0/inst/grp_gru_va_Pipeline_HIDDEN_LOOP_fu_804/grp_mac3_fu_2723/mul_22s_22s_42_1_1_U2/tmp_product__0
  -------------------------------------------------------------------
                         required time                         11.459    
                         arrival time                         -11.615    
  -------------------------------------------------------------------
                         slack                                 -0.156    

Slack (VIOLATED) :        -0.156ns  (required time - arrival time)
  Source:                 gru_bin_version_i/gru_va_0/inst/grp_gru_va_Pipeline_HIDDEN_LOOP_fu_804/ap_CS_fsm_reg[1]_replica_2/C
                            (rising edge-triggered cell FDRE clocked by clk_fpga_0  {rise@0.000ns fall@5.000ns period=10.000ns})
  Destination:            gru_bin_version_i/gru_va_0/inst/grp_gru_va_Pipeline_HIDDEN_LOOP_fu_804/grp_mac3_fu_2723/mul_22s_22s_42_1_1_U2/tmp_product__0/PCIN[14]
                            (rising edge-triggered cell DSP48E1 clocked by clk_fpga_0  {rise@0.000ns fall@5.000ns period=10.000ns})
  Path Group:             clk_fpga_0
  Path Type:              Setup (Max at Slow Process Corner)
  Requirement:            10.000ns  (clk_fpga_0 rise@10.000ns - clk_fpga_0 rise@0.000ns)
  Data Path Delay:        8.652ns  (logic 4.906ns (56.704%)  route 3.746ns (43.296%))
  Logic Levels:           2  (DSP48E1=1 LUT3=1)
  Clock Path Skew:        0.050ns (DCD - SCD + CPR)
    Destination Clock Delay (DCD):    2.884ns = ( 12.884 - 10.000 ) 
    Source Clock Delay      (SCD):    2.963ns
    Clock Pessimism Removal (CPR):    0.129ns
  Clock Uncertainty:      0.154ns  ((TSJ^2 + TIJ^2)^1/2 + DJ) / 2 + PE
    Total System Jitter     (TSJ):    0.071ns
    Total Input Jitter      (TIJ):    0.300ns
    Discrete Jitter          (DJ):    0.000ns
    Phase Error              (PE):    0.000ns

    Location             Delay type                Incr(ns)  Path(ns)    Netlist Resource(s)
  -------------------------------------------------------------------    -------------------
                         (clock clk_fpga_0 rise edge)
                                                      0.000     0.000 r  
    PS7_X0Y0             PS7                          0.000     0.000 r  gru_bin_version_i/processing_system7_0/inst/PS7_i/FCLKCLK[0]
                         net (fo=1, routed)           1.193     1.193    gru_bin_version_i/processing_system7_0/inst/FCLK_CLK_unbuffered[0]
    BUFGCTRL_X0Y16       BUFG (Prop_bufg_I_O)         0.101     1.294 r  gru_bin_version_i/processing_system7_0/inst/buffer_fclk_clk_0.FCLK_CLK_0_BUFG/O
                         net (fo=25495, routed)       1.669     2.963    gru_bin_version_i/gru_va_0/inst/grp_gru_va_Pipeline_HIDDEN_LOOP_fu_804/ap_clk
    SLICE_X34Y43         FDRE                                         r  gru_bin_version_i/gru_va_0/inst/grp_gru_va_Pipeline_HIDDEN_LOOP_fu_804/ap_CS_fsm_reg[1]_replica_2/C
  -------------------------------------------------------------------    -------------------
    SLICE_X34Y43         FDRE (Prop_fdre_C_Q)         0.518     3.481 r  gru_bin_version_i/gru_va_0/inst/grp_gru_va_Pipeline_HIDDEN_LOOP_fu_804/ap_CS_fsm_reg[1]_replica_2/Q
                         net (fo=268, routed)         1.242     4.723    gru_bin_version_i/gru_va_0/inst/grp_gru_va_Pipeline_HIDDEN_LOOP_fu_804/grp_mac3_fu_2723/mul_22s_22s_42_1_1_U2/ap_CS_fsm_pp0_stage1_repN_2_alias
    SLICE_X28Y45         LUT3 (Prop_lut3_I1_O)        0.150     4.873 r  gru_bin_version_i/gru_va_0/inst/grp_gru_va_Pipeline_HIDDEN_LOOP_fu_804/grp_mac3_fu_2723/mul_22s_22s_42_1_1_U2/tmp_product_i_6__50/O
                         net (fo=1, routed)           2.502     7.375    gru_bin_version_i/gru_va_0/inst/grp_gru_va_Pipeline_HIDDEN_LOOP_fu_804/grp_mac3_fu_2723/mul_22s_22s_42_1_1_U2/tmp_product_i_6__50_n_3
    DSP48_X4Y6           DSP48E1 (Prop_dsp48e1_A[12]_PCOUT[14])
                                                      4.238    11.613 r  gru_bin_version_i/gru_va_0/inst/grp_gru_va_Pipeline_HIDDEN_LOOP_fu_804/grp_mac3_fu_2723/mul_22s_22s_42_1_1_U2/tmp_product/PCOUT[14]
                         net (fo=1, routed)           0.002    11.615    gru_bin_version_i/gru_va_0/inst/grp_gru_va_Pipeline_HIDDEN_LOOP_fu_804/grp_mac3_fu_2723/mul_22s_22s_42_1_1_U2/tmp_product_n_142
    DSP48_X4Y7           DSP48E1                                      r  gru_bin_version_i/gru_va_0/inst/grp_gru_va_Pipeline_HIDDEN_LOOP_fu_804/grp_mac3_fu_2723/mul_22s_22s_42_1_1_U2/tmp_product__0/PCIN[14]
  -------------------------------------------------------------------    -------------------

                         (clock clk_fpga_0 rise edge)
                                                     10.000    10.000 r  
    PS7_X0Y0             PS7                          0.000    10.000 r  gru_bin_version_i/processing_system7_0/inst/PS7_i/FCLKCLK[0]
                         net (fo=1, routed)           1.088    11.088    gru_bin_version_i/processing_system7_0/inst/FCLK_CLK_unbuffered[0]
    BUFGCTRL_X0Y16       BUFG (Prop_bufg_I_O)         0.091    11.179 r  gru_bin_version_i/processing_system7_0/inst/buffer_fclk_clk_0.FCLK_CLK_0_BUFG/O
                         net (fo=25495, routed)       1.705    12.884    gru_bin_version_i/gru_va_0/inst/grp_gru_va_Pipeline_HIDDEN_LOOP_fu_804/grp_mac3_fu_2723/mul_22s_22s_42_1_1_U2/ap_clk
    DSP48_X4Y7           DSP48E1                                      r  gru_bin_version_i/gru_va_0/inst/grp_gru_va_Pipeline_HIDDEN_LOOP_fu_804/grp_mac3_fu_2723/mul_22s_22s_42_1_1_U2/tmp_product__0/CLK
                         clock pessimism              0.129    13.013    
                         clock uncertainty           -0.154    12.859    
    DSP48_X4Y7           DSP48E1 (Setup_dsp48e1_CLK_PCIN[14])
                                                     -1.400    11.459    gru_bin_version_i/gru_va_0/inst/grp_gru_va_Pipeline_HIDDEN_LOOP_fu_804/grp_mac3_fu_2723/mul_22s_22s_42_1_1_U2/tmp_product__0
  -------------------------------------------------------------------
                         required time                         11.459    
                         arrival time                         -11.615    
  -------------------------------------------------------------------
                         slack                                 -0.156    

Slack (VIOLATED) :        -0.156ns  (required time - arrival time)
  Source:                 gru_bin_version_i/gru_va_0/inst/grp_gru_va_Pipeline_HIDDEN_LOOP_fu_804/ap_CS_fsm_reg[1]_replica_2/C
                            (rising edge-triggered cell FDRE clocked by clk_fpga_0  {rise@0.000ns fall@5.000ns period=10.000ns})
  Destination:            gru_bin_version_i/gru_va_0/inst/grp_gru_va_Pipeline_HIDDEN_LOOP_fu_804/grp_mac3_fu_2723/mul_22s_22s_42_1_1_U2/tmp_product__0/PCIN[15]
                            (rising edge-triggered cell DSP48E1 clocked by clk_fpga_0  {rise@0.000ns fall@5.000ns period=10.000ns})
  Path Group:             clk_fpga_0
  Path Type:              Setup (Max at Slow Process Corner)
  Requirement:            10.000ns  (clk_fpga_0 rise@10.000ns - clk_fpga_0 rise@0.000ns)
  Data Path Delay:        8.652ns  (logic 4.906ns (56.704%)  route 3.746ns (43.296%))
  Logic Levels:           2  (DSP48E1=1 LUT3=1)
  Clock Path Skew:        0.050ns (DCD - SCD + CPR)
    Destination Clock Delay (DCD):    2.884ns = ( 12.884 - 10.000 ) 
    Source Clock Delay      (SCD):    2.963ns
    Clock Pessimism Removal (CPR):    0.129ns
  Clock Uncertainty:      0.154ns  ((TSJ^2 + TIJ^2)^1/2 + DJ) / 2 + PE
    Total System Jitter     (TSJ):    0.071ns
    Total Input Jitter      (TIJ):    0.300ns
    Discrete Jitter          (DJ):    0.000ns
    Phase Error              (PE):    0.000ns

    Location             Delay type                Incr(ns)  Path(ns)    Netlist Resource(s)
  -------------------------------------------------------------------    -------------------
                         (clock clk_fpga_0 rise edge)
                                                      0.000     0.000 r  
    PS7_X0Y0             PS7                          0.000     0.000 r  gru_bin_version_i/processing_system7_0/inst/PS7_i/FCLKCLK[0]
                         net (fo=1, routed)           1.193     1.193    gru_bin_version_i/processing_system7_0/inst/FCLK_CLK_unbuffered[0]
    BUFGCTRL_X0Y16       BUFG (Prop_bufg_I_O)         0.101     1.294 r  gru_bin_version_i/processing_system7_0/inst/buffer_fclk_clk_0.FCLK_CLK_0_BUFG/O
                         net (fo=25495, routed)       1.669     2.963    gru_bin_version_i/gru_va_0/inst/grp_gru_va_Pipeline_HIDDEN_LOOP_fu_804/ap_clk
    SLICE_X34Y43         FDRE                                         r  gru_bin_version_i/gru_va_0/inst/grp_gru_va_Pipeline_HIDDEN_LOOP_fu_804/ap_CS_fsm_reg[1]_replica_2/C
  -------------------------------------------------------------------    -------------------
    SLICE_X34Y43         FDRE (Prop_fdre_C_Q)         0.518     3.481 r  gru_bin_version_i/gru_va_0/inst/grp_gru_va_Pipeline_HIDDEN_LOOP_fu_804/ap_CS_fsm_reg[1]_replica_2/Q
                         net (fo=268, routed)         1.242     4.723    gru_bin_version_i/gru_va_0/inst/grp_gru_va_Pipeline_HIDDEN_LOOP_fu_804/grp_mac3_fu_2723/mul_22s_22s_42_1_1_U2/ap_CS_fsm_pp0_stage1_repN_2_alias
    SLICE_X28Y45         LUT3 (Prop_lut3_I1_O)        0.150     4.873 r  gru_bin_version_i/gru_va_0/inst/grp_gru_va_Pipeline_HIDDEN_LOOP_fu_804/grp_mac3_fu_2723/mul_22s_22s_42_1_1_U2/tmp_product_i_6__50/O
                         net (fo=1, routed)           2.502     7.375    gru_bin_version_i/gru_va_0/inst/grp_gru_va_Pipeline_HIDDEN_LOOP_fu_804/grp_mac3_fu_2723/mul_22s_22s_42_1_1_U2/tmp_product_i_6__50_n_3
    DSP48_X4Y6           DSP48E1 (Prop_dsp48e1_A[12]_PCOUT[15])
                                                      4.238    11.613 r  gru_bin_version_i/gru_va_0/inst/grp_gru_va_Pipeline_HIDDEN_LOOP_fu_804/grp_mac3_fu_2723/mul_22s_22s_42_1_1_U2/tmp_product/PCOUT[15]
                         net (fo=1, routed)           0.002    11.615    gru_bin_version_i/gru_va_0/inst/grp_gru_va_Pipeline_HIDDEN_LOOP_fu_804/grp_mac3_fu_2723/mul_22s_22s_42_1_1_U2/tmp_product_n_141
    DSP48_X4Y7           DSP48E1                                      r  gru_bin_version_i/gru_va_0/inst/grp_gru_va_Pipeline_HIDDEN_LOOP_fu_804/grp_mac3_fu_2723/mul_22s_22s_42_1_1_U2/tmp_product__0/PCIN[15]
  -------------------------------------------------------------------    -------------------

                         (clock clk_fpga_0 rise edge)
                                                     10.000    10.000 r  
    PS7_X0Y0             PS7                          0.000    10.000 r  gru_bin_version_i/processing_system7_0/inst/PS7_i/FCLKCLK[0]
                         net (fo=1, routed)           1.088    11.088    gru_bin_version_i/processing_system7_0/inst/FCLK_CLK_unbuffered[0]
    BUFGCTRL_X0Y16       BUFG (Prop_bufg_I_O)         0.091    11.179 r  gru_bin_version_i/processing_system7_0/inst/buffer_fclk_clk_0.FCLK_CLK_0_BUFG/O
                         net (fo=25495, routed)       1.705    12.884    gru_bin_version_i/gru_va_0/inst/grp_gru_va_Pipeline_HIDDEN_LOOP_fu_804/grp_mac3_fu_2723/mul_22s_22s_42_1_1_U2/ap_clk
    DSP48_X4Y7           DSP48E1                                      r  gru_bin_version_i/gru_va_0/inst/grp_gru_va_Pipeline_HIDDEN_LOOP_fu_804/grp_mac3_fu_2723/mul_22s_22s_42_1_1_U2/tmp_product__0/CLK
                         clock pessimism              0.129    13.013    
                         clock uncertainty           -0.154    12.859    
    DSP48_X4Y7           DSP48E1 (Setup_dsp48e1_CLK_PCIN[15])
                                                     -1.400    11.459    gru_bin_version_i/gru_va_0/inst/grp_gru_va_Pipeline_HIDDEN_LOOP_fu_804/grp_mac3_fu_2723/mul_22s_22s_42_1_1_U2/tmp_product__0
  -------------------------------------------------------------------
                         required time                         11.459    
                         arrival time                         -11.615    
  -------------------------------------------------------------------
                         slack                                 -0.156    





Min Delay Paths
--------------------------------------------------------------------------------------
Slack (MET) :             0.020ns  (arrival time - required time)
  Source:                 gru_bin_version_i/axi_dma_0/U0/I_PRMRY_DATAMOVER/GEN_S2MM_FULL.I_S2MM_FULL_WRAPPER/GEN_INCLUDE_IBTTCC.I_S2MM_MSTR_IBTTCC/sig_realigner_btt2_reg[18]/C
                            (rising edge-triggered cell FDRE clocked by clk_fpga_0  {rise@0.000ns fall@5.000ns period=10.000ns})
  Destination:            gru_bin_version_i/axi_dma_0/U0/I_PRMRY_DATAMOVER/GEN_S2MM_FULL.I_S2MM_FULL_WRAPPER/GEN_INCLUDE_IBTTCC.I_S2MM_MSTR_IBTTCC/sig_realign_btt_reg_reg[18]/D
                            (rising edge-triggered cell FDRE clocked by clk_fpga_0  {rise@0.000ns fall@5.000ns period=10.000ns})
  Path Group:             clk_fpga_0
  Path Type:              Hold (Min at Fast Process Corner)
  Requirement:            0.000ns  (clk_fpga_0 rise@0.000ns - clk_fpga_0 rise@0.000ns)
  Data Path Delay:        0.254ns  (logic 0.141ns (55.425%)  route 0.113ns (44.575%))
  Logic Levels:           0  
  Clock Path Skew:        0.181ns (DCD - SCD - CPR)
    Destination Clock Delay (DCD):    1.187ns
    Source Clock Delay      (SCD):    0.971ns
    Clock Pessimism Removal (CPR):    0.035ns

    Location             Delay type                Incr(ns)  Path(ns)    Netlist Resource(s)
  -------------------------------------------------------------------    -------------------
                         (clock clk_fpga_0 rise edge)
                                                      0.000     0.000 r  
    PS7_X0Y0             PS7                          0.000     0.000 r  gru_bin_version_i/processing_system7_0/inst/PS7_i/FCLKCLK[0]
                         net (fo=1, routed)           0.310     0.310    gru_bin_version_i/processing_system7_0/inst/FCLK_CLK_unbuffered[0]
    BUFGCTRL_X0Y16       BUFG (Prop_bufg_I_O)         0.026     0.336 r  gru_bin_version_i/processing_system7_0/inst/buffer_fclk_clk_0.FCLK_CLK_0_BUFG/O
                         net (fo=25495, routed)       0.635     0.971    gru_bin_version_i/axi_dma_0/U0/I_PRMRY_DATAMOVER/GEN_S2MM_FULL.I_S2MM_FULL_WRAPPER/GEN_INCLUDE_IBTTCC.I_S2MM_MSTR_IBTTCC/m_axi_s2mm_aclk
    SLICE_X52Y100        FDRE                                         r  gru_bin_version_i/axi_dma_0/U0/I_PRMRY_DATAMOVER/GEN_S2MM_FULL.I_S2MM_FULL_WRAPPER/GEN_INCLUDE_IBTTCC.I_S2MM_MSTR_IBTTCC/sig_realigner_btt2_reg[18]/C
  -------------------------------------------------------------------    -------------------
    SLICE_X52Y100        FDRE (Prop_fdre_C_Q)         0.141     1.112 r  gru_bin_version_i/axi_dma_0/U0/I_PRMRY_DATAMOVER/GEN_S2MM_FULL.I_S2MM_FULL_WRAPPER/GEN_INCLUDE_IBTTCC.I_S2MM_MSTR_IBTTCC/sig_realigner_btt2_reg[18]/Q
                         net (fo=3, routed)           0.113     1.225    gru_bin_version_i/axi_dma_0/U0/I_PRMRY_DATAMOVER/GEN_S2MM_FULL.I_S2MM_FULL_WRAPPER/GEN_INCLUDE_IBTTCC.I_S2MM_MSTR_IBTTCC/sig_realigner_btt2[18]
    SLICE_X50Y99         FDRE                                         r  gru_bin_version_i/axi_dma_0/U0/I_PRMRY_DATAMOVER/GEN_S2MM_FULL.I_S2MM_FULL_WRAPPER/GEN_INCLUDE_IBTTCC.I_S2MM_MSTR_IBTTCC/sig_realign_btt_reg_reg[18]/D
  -------------------------------------------------------------------    -------------------

                         (clock clk_fpga_0 rise edge)
                                                      0.000     0.000 r  
    PS7_X0Y0             PS7                          0.000     0.000 r  gru_bin_version_i/processing_system7_0/inst/PS7_i/FCLKCLK[0]
                         net (fo=1, routed)           0.337     0.337    gru_bin_version_i/processing_system7_0/inst/FCLK_CLK_unbuffered[0]
    BUFGCTRL_X0Y16       BUFG (Prop_bufg_I_O)         0.029     0.366 r  gru_bin_version_i/processing_system7_0/inst/buffer_fclk_clk_0.FCLK_CLK_0_BUFG/O
                         net (fo=25495, routed)       0.821     1.187    gru_bin_version_i/axi_dma_0/U0/I_PRMRY_DATAMOVER/GEN_S2MM_FULL.I_S2MM_FULL_WRAPPER/GEN_INCLUDE_IBTTCC.I_S2MM_MSTR_IBTTCC/m_axi_s2mm_aclk
    SLICE_X50Y99         FDRE                                         r  gru_bin_version_i/axi_dma_0/U0/I_PRMRY_DATAMOVER/GEN_S2MM_FULL.I_S2MM_FULL_WRAPPER/GEN_INCLUDE_IBTTCC.I_S2MM_MSTR_IBTTCC/sig_realign_btt_reg_reg[18]/C
                         clock pessimism             -0.035     1.152    
    SLICE_X50Y99         FDRE (Hold_fdre_C_D)         0.053     1.205    gru_bin_version_i/axi_dma_0/U0/I_PRMRY_DATAMOVER/GEN_S2MM_FULL.I_S2MM_FULL_WRAPPER/GEN_INCLUDE_IBTTCC.I_S2MM_MSTR_IBTTCC/sig_realign_btt_reg_reg[18]
  -------------------------------------------------------------------
                         required time                         -1.205    
                         arrival time                           1.225    
  -------------------------------------------------------------------
                         slack                                  0.020    

Slack (MET) :             0.022ns  (arrival time - required time)
  Source:                 gru_bin_version_i/gru_va_0/inst/grp_gru_va_Pipeline_HIDDEN_LOOP_fu_804/U_r_4_U/q0_reg[8]/C
                            (rising edge-triggered cell FDRE clocked by clk_fpga_0  {rise@0.000ns fall@5.000ns period=10.000ns})
  Destination:            gru_bin_version_i/gru_va_0/inst/grp_gru_va_Pipeline_HIDDEN_LOOP_fu_804/U_r_4_load_reg_19674_reg[8]/D
                            (rising edge-triggered cell FDRE clocked by clk_fpga_0  {rise@0.000ns fall@5.000ns period=10.000ns})
  Path Group:             clk_fpga_0
  Path Type:              Hold (Min at Fast Process Corner)
  Requirement:            0.000ns  (clk_fpga_0 rise@0.000ns - clk_fpga_0 rise@0.000ns)
  Data Path Delay:        0.346ns  (logic 0.141ns (40.717%)  route 0.205ns (59.283%))
  Logic Levels:           0  
  Clock Path Skew:        0.254ns (DCD - SCD - CPR)
    Destination Clock Delay (DCD):    1.211ns
    Source Clock Delay      (SCD):    0.927ns
    Clock Pessimism Removal (CPR):    0.030ns

    Location             Delay type                Incr(ns)  Path(ns)    Netlist Resource(s)
  -------------------------------------------------------------------    -------------------
                         (clock clk_fpga_0 rise edge)
                                                      0.000     0.000 r  
    PS7_X0Y0             PS7                          0.000     0.000 r  gru_bin_version_i/processing_system7_0/inst/PS7_i/FCLKCLK[0]
                         net (fo=1, routed)           0.310     0.310    gru_bin_version_i/processing_system7_0/inst/FCLK_CLK_unbuffered[0]
    BUFGCTRL_X0Y16       BUFG (Prop_bufg_I_O)         0.026     0.336 r  gru_bin_version_i/processing_system7_0/inst/buffer_fclk_clk_0.FCLK_CLK_0_BUFG/O
                         net (fo=25495, routed)       0.591     0.927    gru_bin_version_i/gru_va_0/inst/grp_gru_va_Pipeline_HIDDEN_LOOP_fu_804/U_r_4_U/ap_clk
    SLICE_X28Y49         FDRE                                         r  gru_bin_version_i/gru_va_0/inst/grp_gru_va_Pipeline_HIDDEN_LOOP_fu_804/U_r_4_U/q0_reg[8]/C
  -------------------------------------------------------------------    -------------------
    SLICE_X28Y49         FDRE (Prop_fdre_C_Q)         0.141     1.068 r  gru_bin_version_i/gru_va_0/inst/grp_gru_va_Pipeline_HIDDEN_LOOP_fu_804/U_r_4_U/q0_reg[8]/Q
                         net (fo=1, routed)           0.205     1.273    gru_bin_version_i/gru_va_0/inst/grp_gru_va_Pipeline_HIDDEN_LOOP_fu_804/U_r_4_q0[8]
    SLICE_X28Y50         FDRE                                         r  gru_bin_version_i/gru_va_0/inst/grp_gru_va_Pipeline_HIDDEN_LOOP_fu_804/U_r_4_load_reg_19674_reg[8]/D
  -------------------------------------------------------------------    -------------------

                         (clock clk_fpga_0 rise edge)
                                                      0.000     0.000 r  
    PS7_X0Y0             PS7                          0.000     0.000 r  gru_bin_version_i/processing_system7_0/inst/PS7_i/FCLKCLK[0]
                         net (fo=1, routed)           0.337     0.337    gru_bin_version_i/processing_system7_0/inst/FCLK_CLK_unbuffered[0]
    BUFGCTRL_X0Y16       BUFG (Prop_bufg_I_O)         0.029     0.366 r  gru_bin_version_i/processing_system7_0/inst/buffer_fclk_clk_0.FCLK_CLK_0_BUFG/O
                         net (fo=25495, routed)       0.845     1.211    gru_bin_version_i/gru_va_0/inst/grp_gru_va_Pipeline_HIDDEN_LOOP_fu_804/ap_clk
    SLICE_X28Y50         FDRE                                         r  gru_bin_version_i/gru_va_0/inst/grp_gru_va_Pipeline_HIDDEN_LOOP_fu_804/U_r_4_load_reg_19674_reg[8]/C
                         clock pessimism             -0.030     1.181    
    SLICE_X28Y50         FDRE (Hold_fdre_C_D)         0.070     1.251    gru_bin_version_i/gru_va_0/inst/grp_gru_va_Pipeline_HIDDEN_LOOP_fu_804/U_r_4_load_reg_19674_reg[8]
  -------------------------------------------------------------------
                         required time                         -1.251    
                         arrival time                           1.273    
  -------------------------------------------------------------------
                         slack                                  0.022    

Slack (MET) :             0.023ns  (arrival time - required time)
  Source:                 gru_bin_version_i/gru_va_0/inst/grp_gru_va_Pipeline_HIDDEN_LOOP_fu_804/acc_r_6_reg_20415_reg[29]/C
                            (rising edge-triggered cell FDRE clocked by clk_fpga_0  {rise@0.000ns fall@5.000ns period=10.000ns})
  Destination:            gru_bin_version_i/gru_va_0/inst/grp_gru_va_Pipeline_HIDDEN_LOOP_fu_804/acc_r_6_reg_20415_pp0_iter2_reg_reg[29]/D
                            (rising edge-triggered cell FDRE clocked by clk_fpga_0  {rise@0.000ns fall@5.000ns period=10.000ns})
  Path Group:             clk_fpga_0
  Path Type:              Hold (Min at Fast Process Corner)
  Requirement:            0.000ns  (clk_fpga_0 rise@0.000ns - clk_fpga_0 rise@0.000ns)
  Data Path Delay:        0.349ns  (logic 0.141ns (40.364%)  route 0.208ns (59.636%))
  Logic Levels:           0  
  Clock Path Skew:        0.255ns (DCD - SCD - CPR)
    Destination Clock Delay (DCD):    1.171ns
    Source Clock Delay      (SCD):    0.881ns
    Clock Pessimism Removal (CPR):    0.035ns

    Location             Delay type                Incr(ns)  Path(ns)    Netlist Resource(s)
  -------------------------------------------------------------------    -------------------
                         (clock clk_fpga_0 rise edge)
                                                      0.000     0.000 r  
    PS7_X0Y0             PS7                          0.000     0.000 r  gru_bin_version_i/processing_system7_0/inst/PS7_i/FCLKCLK[0]
                         net (fo=1, routed)           0.310     0.310    gru_bin_version_i/processing_system7_0/inst/FCLK_CLK_unbuffered[0]
    BUFGCTRL_X0Y16       BUFG (Prop_bufg_I_O)         0.026     0.336 r  gru_bin_version_i/processing_system7_0/inst/buffer_fclk_clk_0.FCLK_CLK_0_BUFG/O
                         net (fo=25495, routed)       0.545     0.881    gru_bin_version_i/gru_va_0/inst/grp_gru_va_Pipeline_HIDDEN_LOOP_fu_804/ap_clk
    SLICE_X49Y78         FDRE                                         r  gru_bin_version_i/gru_va_0/inst/grp_gru_va_Pipeline_HIDDEN_LOOP_fu_804/acc_r_6_reg_20415_reg[29]/C
  -------------------------------------------------------------------    -------------------
    SLICE_X49Y78         FDRE (Prop_fdre_C_Q)         0.141     1.022 r  gru_bin_version_i/gru_va_0/inst/grp_gru_va_Pipeline_HIDDEN_LOOP_fu_804/acc_r_6_reg_20415_reg[29]/Q
                         net (fo=1, routed)           0.208     1.230    gru_bin_version_i/gru_va_0/inst/grp_gru_va_Pipeline_HIDDEN_LOOP_fu_804/acc_r_6_reg_20415[29]
    SLICE_X51Y76         FDRE                                         r  gru_bin_version_i/gru_va_0/inst/grp_gru_va_Pipeline_HIDDEN_LOOP_fu_804/acc_r_6_reg_20415_pp0_iter2_reg_reg[29]/D
  -------------------------------------------------------------------    -------------------

                         (clock clk_fpga_0 rise edge)
                                                      0.000     0.000 r  
    PS7_X0Y0             PS7                          0.000     0.000 r  gru_bin_version_i/processing_system7_0/inst/PS7_i/FCLKCLK[0]
                         net (fo=1, routed)           0.337     0.337    gru_bin_version_i/processing_system7_0/inst/FCLK_CLK_unbuffered[0]
    BUFGCTRL_X0Y16       BUFG (Prop_bufg_I_O)         0.029     0.366 r  gru_bin_version_i/processing_system7_0/inst/buffer_fclk_clk_0.FCLK_CLK_0_BUFG/O
                         net (fo=25495, routed)       0.805     1.171    gru_bin_version_i/gru_va_0/inst/grp_gru_va_Pipeline_HIDDEN_LOOP_fu_804/ap_clk
    SLICE_X51Y76         FDRE                                         r  gru_bin_version_i/gru_va_0/inst/grp_gru_va_Pipeline_HIDDEN_LOOP_fu_804/acc_r_6_reg_20415_pp0_iter2_reg_reg[29]/C
                         clock pessimism             -0.035     1.136    
    SLICE_X51Y76         FDRE (Hold_fdre_C_D)         0.071     1.207    gru_bin_version_i/gru_va_0/inst/grp_gru_va_Pipeline_HIDDEN_LOOP_fu_804/acc_r_6_reg_20415_pp0_iter2_reg_reg[29]
  -------------------------------------------------------------------
                         required time                         -1.207    
                         arrival time                           1.230    
  -------------------------------------------------------------------
                         slack                                  0.023    

Slack (MET) :             0.026ns  (arrival time - required time)
  Source:                 gru_bin_version_i/gru_va_0/inst/grp_gru_va_Pipeline_HIDDEN_LOOP_fu_804/acc_r_10_reg_20487_pp0_iter2_reg_reg[12]/C
                            (rising edge-triggered cell FDRE clocked by clk_fpga_0  {rise@0.000ns fall@5.000ns period=10.000ns})
  Destination:            gru_bin_version_i/gru_va_0/inst/grp_gru_va_Pipeline_HIDDEN_LOOP_fu_804/acc_r_10_reg_20487_pp0_iter3_reg_reg[12]/D
                            (rising edge-triggered cell FDRE clocked by clk_fpga_0  {rise@0.000ns fall@5.000ns period=10.000ns})
  Path Group:             clk_fpga_0
  Path Type:              Hold (Min at Fast Process Corner)
  Requirement:            0.000ns  (clk_fpga_0 rise@0.000ns - clk_fpga_0 rise@0.000ns)
  Data Path Delay:        0.282ns  (logic 0.164ns (58.227%)  route 0.118ns (41.773%))
  Logic Levels:           0  
  Clock Path Skew:        0.184ns (DCD - SCD - CPR)
    Destination Clock Delay (DCD):    1.246ns
    Source Clock Delay      (SCD):    1.027ns
    Clock Pessimism Removal (CPR):    0.035ns

    Location             Delay type                Incr(ns)  Path(ns)    Netlist Resource(s)
  -------------------------------------------------------------------    -------------------
                         (clock clk_fpga_0 rise edge)
                                                      0.000     0.000 r  
    PS7_X0Y0             PS7                          0.000     0.000 r  gru_bin_version_i/processing_system7_0/inst/PS7_i/FCLKCLK[0]
                         net (fo=1, routed)           0.310     0.310    gru_bin_version_i/processing_system7_0/inst/FCLK_CLK_unbuffered[0]
    BUFGCTRL_X0Y16       BUFG (Prop_bufg_I_O)         0.026     0.336 r  gru_bin_version_i/processing_system7_0/inst/buffer_fclk_clk_0.FCLK_CLK_0_BUFG/O
                         net (fo=25495, routed)       0.691     1.027    gru_bin_version_i/gru_va_0/inst/grp_gru_va_Pipeline_HIDDEN_LOOP_fu_804/ap_clk
    SLICE_X104Y100       FDRE                                         r  gru_bin_version_i/gru_va_0/inst/grp_gru_va_Pipeline_HIDDEN_LOOP_fu_804/acc_r_10_reg_20487_pp0_iter2_reg_reg[12]/C
  -------------------------------------------------------------------    -------------------
    SLICE_X104Y100       FDRE (Prop_fdre_C_Q)         0.164     1.191 r  gru_bin_version_i/gru_va_0/inst/grp_gru_va_Pipeline_HIDDEN_LOOP_fu_804/acc_r_10_reg_20487_pp0_iter2_reg_reg[12]/Q
                         net (fo=1, routed)           0.118     1.309    gru_bin_version_i/gru_va_0/inst/grp_gru_va_Pipeline_HIDDEN_LOOP_fu_804/acc_r_10_reg_20487_pp0_iter2_reg[12]
    SLICE_X105Y99        FDRE                                         r  gru_bin_version_i/gru_va_0/inst/grp_gru_va_Pipeline_HIDDEN_LOOP_fu_804/acc_r_10_reg_20487_pp0_iter3_reg_reg[12]/D
  -------------------------------------------------------------------    -------------------

                         (clock clk_fpga_0 rise edge)
                                                      0.000     0.000 r  
    PS7_X0Y0             PS7                          0.000     0.000 r  gru_bin_version_i/processing_system7_0/inst/PS7_i/FCLKCLK[0]
                         net (fo=1, routed)           0.337     0.337    gru_bin_version_i/processing_system7_0/inst/FCLK_CLK_unbuffered[0]
    BUFGCTRL_X0Y16       BUFG (Prop_bufg_I_O)         0.029     0.366 r  gru_bin_version_i/processing_system7_0/inst/buffer_fclk_clk_0.FCLK_CLK_0_BUFG/O
                         net (fo=25495, routed)       0.880     1.246    gru_bin_version_i/gru_va_0/inst/grp_gru_va_Pipeline_HIDDEN_LOOP_fu_804/ap_clk
    SLICE_X105Y99        FDRE                                         r  gru_bin_version_i/gru_va_0/inst/grp_gru_va_Pipeline_HIDDEN_LOOP_fu_804/acc_r_10_reg_20487_pp0_iter3_reg_reg[12]/C
                         clock pessimism             -0.035     1.211    
    SLICE_X105Y99        FDRE (Hold_fdre_C_D)         0.072     1.283    gru_bin_version_i/gru_va_0/inst/grp_gru_va_Pipeline_HIDDEN_LOOP_fu_804/acc_r_10_reg_20487_pp0_iter3_reg_reg[12]
  -------------------------------------------------------------------
                         required time                         -1.283    
                         arrival time                           1.309    
  -------------------------------------------------------------------
                         slack                                  0.026    

Slack (MET) :             0.033ns  (arrival time - required time)
  Source:                 gru_bin_version_i/axi_dma_0/U0/I_PRMRY_DATAMOVER/GEN_S2MM_FULL.I_S2MM_FULL_WRAPPER/GEN_INCLUDE_REALIGNER.I_S2MM_REALIGNER/GEN_INCLUDE_SCATTER.I_S2MM_SCATTER/SLICE_INSERTION/storage_data_reg[3]/C
                            (rising edge-triggered cell FDRE clocked by clk_fpga_0  {rise@0.000ns fall@5.000ns period=10.000ns})
  Destination:            gru_bin_version_i/axi_dma_0/U0/I_PRMRY_DATAMOVER/GEN_S2MM_FULL.I_S2MM_FULL_WRAPPER/GEN_INCLUDE_REALIGNER.I_S2MM_REALIGNER/GEN_INCLUDE_SCATTER.I_S2MM_SCATTER/I_TSTRB_FIFO/USE_SRL_FIFO.I_SYNC_FIFO/data_reg[15][5]_srl16/D
                            (rising edge-triggered cell SRL16E clocked by clk_fpga_0  {rise@0.000ns fall@5.000ns period=10.000ns})
  Path Group:             clk_fpga_0
  Path Type:              Hold (Min at Fast Process Corner)
  Requirement:            0.000ns  (clk_fpga_0 rise@0.000ns - clk_fpga_0 rise@0.000ns)
  Data Path Delay:        0.363ns  (logic 0.128ns (35.305%)  route 0.235ns (64.695%))
  Logic Levels:           0  
  Clock Path Skew:        0.267ns (DCD - SCD - CPR)
    Destination Clock Delay (DCD):    1.189ns
    Source Clock Delay      (SCD):    0.887ns
    Clock Pessimism Removal (CPR):    0.035ns

    Location             Delay type                Incr(ns)  Path(ns)    Netlist Resource(s)
  -------------------------------------------------------------------    -------------------
                         (clock clk_fpga_0 rise edge)
                                                      0.000     0.000 r  
    PS7_X0Y0             PS7                          0.000     0.000 r  gru_bin_version_i/processing_system7_0/inst/PS7_i/FCLKCLK[0]
                         net (fo=1, routed)           0.310     0.310    gru_bin_version_i/processing_system7_0/inst/FCLK_CLK_unbuffered[0]
    BUFGCTRL_X0Y16       BUFG (Prop_bufg_I_O)         0.026     0.336 r  gru_bin_version_i/processing_system7_0/inst/buffer_fclk_clk_0.FCLK_CLK_0_BUFG/O
                         net (fo=25495, routed)       0.551     0.887    gru_bin_version_i/axi_dma_0/U0/I_PRMRY_DATAMOVER/GEN_S2MM_FULL.I_S2MM_FULL_WRAPPER/GEN_INCLUDE_REALIGNER.I_S2MM_REALIGNER/GEN_INCLUDE_SCATTER.I_S2MM_SCATTER/SLICE_INSERTION/m_axi_s2mm_aclk
    SLICE_X52Y92         FDRE                                         r  gru_bin_version_i/axi_dma_0/U0/I_PRMRY_DATAMOVER/GEN_S2MM_FULL.I_S2MM_FULL_WRAPPER/GEN_INCLUDE_REALIGNER.I_S2MM_REALIGNER/GEN_INCLUDE_SCATTER.I_S2MM_SCATTER/SLICE_INSERTION/storage_data_reg[3]/C
  -------------------------------------------------------------------    -------------------
    SLICE_X52Y92         FDRE (Prop_fdre_C_Q)         0.128     1.015 r  gru_bin_version_i/axi_dma_0/U0/I_PRMRY_DATAMOVER/GEN_S2MM_FULL.I_S2MM_FULL_WRAPPER/GEN_INCLUDE_REALIGNER.I_S2MM_REALIGNER/GEN_INCLUDE_SCATTER.I_S2MM_SCATTER/SLICE_INSERTION/storage_data_reg[3]/Q
                         net (fo=1, routed)           0.235     1.249    gru_bin_version_i/axi_dma_0/U0/I_PRMRY_DATAMOVER/GEN_S2MM_FULL.I_S2MM_FULL_WRAPPER/GEN_INCLUDE_REALIGNER.I_S2MM_REALIGNER/GEN_INCLUDE_SCATTER.I_S2MM_SCATTER/I_TSTRB_FIFO/USE_SRL_FIFO.I_SYNC_FIFO/sig_dre2ibtt_tlast_reg_reg[3]
    SLICE_X46Y92         SRL16E                                       r  gru_bin_version_i/axi_dma_0/U0/I_PRMRY_DATAMOVER/GEN_S2MM_FULL.I_S2MM_FULL_WRAPPER/GEN_INCLUDE_REALIGNER.I_S2MM_REALIGNER/GEN_INCLUDE_SCATTER.I_S2MM_SCATTER/I_TSTRB_FIFO/USE_SRL_FIFO.I_SYNC_FIFO/data_reg[15][5]_srl16/D
  -------------------------------------------------------------------    -------------------

                         (clock clk_fpga_0 rise edge)
                                                      0.000     0.000 r  
    PS7_X0Y0             PS7                          0.000     0.000 r  gru_bin_version_i/processing_system7_0/inst/PS7_i/FCLKCLK[0]
                         net (fo=1, routed)           0.337     0.337    gru_bin_version_i/processing_system7_0/inst/FCLK_CLK_unbuffered[0]
    BUFGCTRL_X0Y16       BUFG (Prop_bufg_I_O)         0.029     0.366 r  gru_bin_version_i/processing_system7_0/inst/buffer_fclk_clk_0.FCLK_CLK_0_BUFG/O
                         net (fo=25495, routed)       0.823     1.189    gru_bin_version_i/axi_dma_0/U0/I_PRMRY_DATAMOVER/GEN_S2MM_FULL.I_S2MM_FULL_WRAPPER/GEN_INCLUDE_REALIGNER.I_S2MM_REALIGNER/GEN_INCLUDE_SCATTER.I_S2MM_SCATTER/I_TSTRB_FIFO/USE_SRL_FIFO.I_SYNC_FIFO/m_axi_s2mm_aclk
    SLICE_X46Y92         SRL16E                                       r  gru_bin_version_i/axi_dma_0/U0/I_PRMRY_DATAMOVER/GEN_S2MM_FULL.I_S2MM_FULL_WRAPPER/GEN_INCLUDE_REALIGNER.I_S2MM_REALIGNER/GEN_INCLUDE_SCATTER.I_S2MM_SCATTER/I_TSTRB_FIFO/USE_SRL_FIFO.I_SYNC_FIFO/data_reg[15][5]_srl16/CLK
                         clock pessimism             -0.035     1.154    
    SLICE_X46Y92         SRL16E (Hold_srl16e_CLK_D)
                                                      0.062     1.216    gru_bin_version_i/axi_dma_0/U0/I_PRMRY_DATAMOVER/GEN_S2MM_FULL.I_S2MM_FULL_WRAPPER/GEN_INCLUDE_REALIGNER.I_S2MM_REALIGNER/GEN_INCLUDE_SCATTER.I_S2MM_SCATTER/I_TSTRB_FIFO/USE_SRL_FIFO.I_SYNC_FIFO/data_reg[15][5]_srl16
  -------------------------------------------------------------------
                         required time                         -1.216    
                         arrival time                           1.249    
  -------------------------------------------------------------------
                         slack                                  0.033    

Slack (MET) :             0.034ns  (arrival time - required time)
  Source:                 gru_bin_version_i/gru_va_0/inst/grp_gru_va_Pipeline_HIDDEN_LOOP_fu_804/w_out_U/q0_reg[12]/C
                            (rising edge-triggered cell FDRE clocked by clk_fpga_0  {rise@0.000ns fall@5.000ns period=10.000ns})
  Destination:            gru_bin_version_i/gru_va_0/inst/grp_gru_va_Pipeline_HIDDEN_LOOP_fu_804/w_out_load_reg_20249_pp0_iter20_reg_reg[12]_srl21/D
                            (rising edge-triggered cell SRLC32E clocked by clk_fpga_0  {rise@0.000ns fall@5.000ns period=10.000ns})
  Path Group:             clk_fpga_0
  Path Type:              Hold (Min at Fast Process Corner)
  Requirement:            0.000ns  (clk_fpga_0 rise@0.000ns - clk_fpga_0 rise@0.000ns)
  Data Path Delay:        0.332ns  (logic 0.141ns (42.427%)  route 0.191ns (57.573%))
  Logic Levels:           0  
  Clock Path Skew:        0.181ns (DCD - SCD - CPR)
    Destination Clock Delay (DCD):    1.191ns
    Source Clock Delay      (SCD):    0.975ns
    Clock Pessimism Removal (CPR):    0.035ns

    Location             Delay type                Incr(ns)  Path(ns)    Netlist Resource(s)
  -------------------------------------------------------------------    -------------------
                         (clock clk_fpga_0 rise edge)
                                                      0.000     0.000 r  
    PS7_X0Y0             PS7                          0.000     0.000 r  gru_bin_version_i/processing_system7_0/inst/PS7_i/FCLKCLK[0]
                         net (fo=1, routed)           0.310     0.310    gru_bin_version_i/processing_system7_0/inst/FCLK_CLK_unbuffered[0]
    BUFGCTRL_X0Y16       BUFG (Prop_bufg_I_O)         0.026     0.336 r  gru_bin_version_i/processing_system7_0/inst/buffer_fclk_clk_0.FCLK_CLK_0_BUFG/O
                         net (fo=25495, routed)       0.639     0.975    gru_bin_version_i/gru_va_0/inst/grp_gru_va_Pipeline_HIDDEN_LOOP_fu_804/w_out_U/ap_clk
    SLICE_X41Y100        FDRE                                         r  gru_bin_version_i/gru_va_0/inst/grp_gru_va_Pipeline_HIDDEN_LOOP_fu_804/w_out_U/q0_reg[12]/C
  -------------------------------------------------------------------    -------------------
    SLICE_X41Y100        FDRE (Prop_fdre_C_Q)         0.141     1.116 r  gru_bin_version_i/gru_va_0/inst/grp_gru_va_Pipeline_HIDDEN_LOOP_fu_804/w_out_U/q0_reg[12]/Q
                         net (fo=1, routed)           0.191     1.307    gru_bin_version_i/gru_va_0/inst/grp_gru_va_Pipeline_HIDDEN_LOOP_fu_804/w_out_q0[12]
    SLICE_X36Y97         SRLC32E                                      r  gru_bin_version_i/gru_va_0/inst/grp_gru_va_Pipeline_HIDDEN_LOOP_fu_804/w_out_load_reg_20249_pp0_iter20_reg_reg[12]_srl21/D
  -------------------------------------------------------------------    -------------------

                         (clock clk_fpga_0 rise edge)
                                                      0.000     0.000 r  
    PS7_X0Y0             PS7                          0.000     0.000 r  gru_bin_version_i/processing_system7_0/inst/PS7_i/FCLKCLK[0]
                         net (fo=1, routed)           0.337     0.337    gru_bin_version_i/processing_system7_0/inst/FCLK_CLK_unbuffered[0]
    BUFGCTRL_X0Y16       BUFG (Prop_bufg_I_O)         0.029     0.366 r  gru_bin_version_i/processing_system7_0/inst/buffer_fclk_clk_0.FCLK_CLK_0_BUFG/O
                         net (fo=25495, routed)       0.825     1.191    gru_bin_version_i/gru_va_0/inst/grp_gru_va_Pipeline_HIDDEN_LOOP_fu_804/ap_clk
    SLICE_X36Y97         SRLC32E                                      r  gru_bin_version_i/gru_va_0/inst/grp_gru_va_Pipeline_HIDDEN_LOOP_fu_804/w_out_load_reg_20249_pp0_iter20_reg_reg[12]_srl21/CLK
                         clock pessimism             -0.035     1.156    
    SLICE_X36Y97         SRLC32E (Hold_srlc32e_CLK_D)
                                                      0.117     1.273    gru_bin_version_i/gru_va_0/inst/grp_gru_va_Pipeline_HIDDEN_LOOP_fu_804/w_out_load_reg_20249_pp0_iter20_reg_reg[12]_srl21
  -------------------------------------------------------------------
                         required time                         -1.273    
                         arrival time                           1.307    
  -------------------------------------------------------------------
                         slack                                  0.034    

Slack (MET) :             0.035ns  (arrival time - required time)
  Source:                 gru_bin_version_i/gru_va_0/inst/grp_gru_va_Pipeline_HIDDEN_LOOP_fu_804/acc_r_30_reg_20864_reg[15]/C
                            (rising edge-triggered cell FDRE clocked by clk_fpga_0  {rise@0.000ns fall@5.000ns period=10.000ns})
  Destination:            gru_bin_version_i/gru_va_0/inst/grp_gru_va_Pipeline_HIDDEN_LOOP_fu_804/acc_r_30_reg_20864_pp0_iter8_reg_reg[15]_srl6/D
                            (rising edge-triggered cell SRL16E clocked by clk_fpga_0  {rise@0.000ns fall@5.000ns period=10.000ns})
  Path Group:             clk_fpga_0
  Path Type:              Hold (Min at Fast Process Corner)
  Requirement:            0.000ns  (clk_fpga_0 rise@0.000ns - clk_fpga_0 rise@0.000ns)
  Data Path Delay:        0.255ns  (logic 0.141ns (55.281%)  route 0.114ns (44.719%))
  Logic Levels:           0  
  Clock Path Skew:        0.037ns (DCD - SCD - CPR)
    Destination Clock Delay (DCD):    1.246ns
    Source Clock Delay      (SCD):    0.945ns
    Clock Pessimism Removal (CPR):    0.264ns

    Location             Delay type                Incr(ns)  Path(ns)    Netlist Resource(s)
  -------------------------------------------------------------------    -------------------
                         (clock clk_fpga_0 rise edge)
                                                      0.000     0.000 r  
    PS7_X0Y0             PS7                          0.000     0.000 r  gru_bin_version_i/processing_system7_0/inst/PS7_i/FCLKCLK[0]
                         net (fo=1, routed)           0.310     0.310    gru_bin_version_i/processing_system7_0/inst/FCLK_CLK_unbuffered[0]
    BUFGCTRL_X0Y16       BUFG (Prop_bufg_I_O)         0.026     0.336 r  gru_bin_version_i/processing_system7_0/inst/buffer_fclk_clk_0.FCLK_CLK_0_BUFG/O
                         net (fo=25495, routed)       0.609     0.945    gru_bin_version_i/gru_va_0/inst/grp_gru_va_Pipeline_HIDDEN_LOOP_fu_804/ap_clk
    SLICE_X103Y98        FDRE                                         r  gru_bin_version_i/gru_va_0/inst/grp_gru_va_Pipeline_HIDDEN_LOOP_fu_804/acc_r_30_reg_20864_reg[15]/C
  -------------------------------------------------------------------    -------------------
    SLICE_X103Y98        FDRE (Prop_fdre_C_Q)         0.141     1.086 r  gru_bin_version_i/gru_va_0/inst/grp_gru_va_Pipeline_HIDDEN_LOOP_fu_804/acc_r_30_reg_20864_reg[15]/Q
                         net (fo=1, routed)           0.114     1.200    gru_bin_version_i/gru_va_0/inst/grp_gru_va_Pipeline_HIDDEN_LOOP_fu_804/acc_r_30_reg_20864[15]
    SLICE_X104Y97        SRL16E                                       r  gru_bin_version_i/gru_va_0/inst/grp_gru_va_Pipeline_HIDDEN_LOOP_fu_804/acc_r_30_reg_20864_pp0_iter8_reg_reg[15]_srl6/D
  -------------------------------------------------------------------    -------------------

                         (clock clk_fpga_0 rise edge)
                                                      0.000     0.000 r  
    PS7_X0Y0             PS7                          0.000     0.000 r  gru_bin_version_i/processing_system7_0/inst/PS7_i/FCLKCLK[0]
                         net (fo=1, routed)           0.337     0.337    gru_bin_version_i/processing_system7_0/inst/FCLK_CLK_unbuffered[0]
    BUFGCTRL_X0Y16       BUFG (Prop_bufg_I_O)         0.029     0.366 r  gru_bin_version_i/processing_system7_0/inst/buffer_fclk_clk_0.FCLK_CLK_0_BUFG/O
                         net (fo=25495, routed)       0.880     1.246    gru_bin_version_i/gru_va_0/inst/grp_gru_va_Pipeline_HIDDEN_LOOP_fu_804/ap_clk
    SLICE_X104Y97        SRL16E                                       r  gru_bin_version_i/gru_va_0/inst/grp_gru_va_Pipeline_HIDDEN_LOOP_fu_804/acc_r_30_reg_20864_pp0_iter8_reg_reg[15]_srl6/CLK
                         clock pessimism             -0.264     0.982    
    SLICE_X104Y97        SRL16E (Hold_srl16e_CLK_D)
                                                      0.183     1.165    gru_bin_version_i/gru_va_0/inst/grp_gru_va_Pipeline_HIDDEN_LOOP_fu_804/acc_r_30_reg_20864_pp0_iter8_reg_reg[15]_srl6
  -------------------------------------------------------------------
                         required time                         -1.165    
                         arrival time                           1.200    
  -------------------------------------------------------------------
                         slack                                  0.035    

Slack (MET) :             0.036ns  (arrival time - required time)
  Source:                 gru_bin_version_i/gru_va_0/inst/grp_gru_va_Pipeline_HIDDEN_LOOP_fu_804/U_n_1_U/q0_reg[10]/C
                            (rising edge-triggered cell FDRE clocked by clk_fpga_0  {rise@0.000ns fall@5.000ns period=10.000ns})
  Destination:            gru_bin_version_i/gru_va_0/inst/grp_gru_va_Pipeline_HIDDEN_LOOP_fu_804/U_n_1_load_reg_19639_reg[10]/D
                            (rising edge-triggered cell FDRE clocked by clk_fpga_0  {rise@0.000ns fall@5.000ns period=10.000ns})
  Path Group:             clk_fpga_0
  Path Type:              Hold (Min at Fast Process Corner)
  Requirement:            0.000ns  (clk_fpga_0 rise@0.000ns - clk_fpga_0 rise@0.000ns)
  Data Path Delay:        0.339ns  (logic 0.141ns (41.571%)  route 0.198ns (58.429%))
  Logic Levels:           0  
  Clock Path Skew:        0.257ns (DCD - SCD - CPR)
    Destination Clock Delay (DCD):    1.185ns
    Source Clock Delay      (SCD):    0.893ns
    Clock Pessimism Removal (CPR):    0.035ns

    Location             Delay type                Incr(ns)  Path(ns)    Netlist Resource(s)
  -------------------------------------------------------------------    -------------------
                         (clock clk_fpga_0 rise edge)
                                                      0.000     0.000 r  
    PS7_X0Y0             PS7                          0.000     0.000 r  gru_bin_version_i/processing_system7_0/inst/PS7_i/FCLKCLK[0]
                         net (fo=1, routed)           0.310     0.310    gru_bin_version_i/processing_system7_0/inst/FCLK_CLK_unbuffered[0]
    BUFGCTRL_X0Y16       BUFG (Prop_bufg_I_O)         0.026     0.336 r  gru_bin_version_i/processing_system7_0/inst/buffer_fclk_clk_0.FCLK_CLK_0_BUFG/O
                         net (fo=25495, routed)       0.557     0.893    gru_bin_version_i/gru_va_0/inst/grp_gru_va_Pipeline_HIDDEN_LOOP_fu_804/U_n_1_U/ap_clk
    SLICE_X48Y34         FDRE                                         r  gru_bin_version_i/gru_va_0/inst/grp_gru_va_Pipeline_HIDDEN_LOOP_fu_804/U_n_1_U/q0_reg[10]/C
  -------------------------------------------------------------------    -------------------
    SLICE_X48Y34         FDRE (Prop_fdre_C_Q)         0.141     1.034 r  gru_bin_version_i/gru_va_0/inst/grp_gru_va_Pipeline_HIDDEN_LOOP_fu_804/U_n_1_U/q0_reg[10]/Q
                         net (fo=1, routed)           0.198     1.232    gru_bin_version_i/gru_va_0/inst/grp_gru_va_Pipeline_HIDDEN_LOOP_fu_804/U_n_1_q0[10]
    SLICE_X53Y34         FDRE                                         r  gru_bin_version_i/gru_va_0/inst/grp_gru_va_Pipeline_HIDDEN_LOOP_fu_804/U_n_1_load_reg_19639_reg[10]/D
  -------------------------------------------------------------------    -------------------

                         (clock clk_fpga_0 rise edge)
                                                      0.000     0.000 r  
    PS7_X0Y0             PS7                          0.000     0.000 r  gru_bin_version_i/processing_system7_0/inst/PS7_i/FCLKCLK[0]
                         net (fo=1, routed)           0.337     0.337    gru_bin_version_i/processing_system7_0/inst/FCLK_CLK_unbuffered[0]
    BUFGCTRL_X0Y16       BUFG (Prop_bufg_I_O)         0.029     0.366 r  gru_bin_version_i/processing_system7_0/inst/buffer_fclk_clk_0.FCLK_CLK_0_BUFG/O
                         net (fo=25495, routed)       0.819     1.185    gru_bin_version_i/gru_va_0/inst/grp_gru_va_Pipeline_HIDDEN_LOOP_fu_804/ap_clk
    SLICE_X53Y34         FDRE                                         r  gru_bin_version_i/gru_va_0/inst/grp_gru_va_Pipeline_HIDDEN_LOOP_fu_804/U_n_1_load_reg_19639_reg[10]/C
                         clock pessimism             -0.035     1.150    
    SLICE_X53Y34         FDRE (Hold_fdre_C_D)         0.046     1.196    gru_bin_version_i/gru_va_0/inst/grp_gru_va_Pipeline_HIDDEN_LOOP_fu_804/U_n_1_load_reg_19639_reg[10]
  -------------------------------------------------------------------
                         required time                         -1.196    
                         arrival time                           1.232    
  -------------------------------------------------------------------
                         slack                                  0.036    

Slack (MET) :             0.036ns  (arrival time - required time)
  Source:                 gru_bin_version_i/gru_va_0/inst/grp_gru_va_Pipeline_HIDDEN_LOOP_fu_804/acc_n_17_reg_20625_reg[15]/C
                            (rising edge-triggered cell FDRE clocked by clk_fpga_0  {rise@0.000ns fall@5.000ns period=10.000ns})
  Destination:            gru_bin_version_i/gru_va_0/inst/grp_gru_va_Pipeline_HIDDEN_LOOP_fu_804/acc_n_17_reg_20625_pp0_iter4_reg_reg[15]_srl3/D
                            (rising edge-triggered cell SRL16E clocked by clk_fpga_0  {rise@0.000ns fall@5.000ns period=10.000ns})
  Path Group:             clk_fpga_0
  Path Type:              Hold (Min at Fast Process Corner)
  Requirement:            0.000ns  (clk_fpga_0 rise@0.000ns - clk_fpga_0 rise@0.000ns)
  Data Path Delay:        0.255ns  (logic 0.141ns (55.307%)  route 0.114ns (44.693%))
  Logic Levels:           0  
  Clock Path Skew:        0.036ns (DCD - SCD - CPR)
    Destination Clock Delay (DCD):    1.223ns
    Source Clock Delay      (SCD):    0.924ns
    Clock Pessimism Removal (CPR):    0.263ns

    Location             Delay type                Incr(ns)  Path(ns)    Netlist Resource(s)
  -------------------------------------------------------------------    -------------------
                         (clock clk_fpga_0 rise edge)
                                                      0.000     0.000 r  
    PS7_X0Y0             PS7                          0.000     0.000 r  gru_bin_version_i/processing_system7_0/inst/PS7_i/FCLKCLK[0]
                         net (fo=1, routed)           0.310     0.310    gru_bin_version_i/processing_system7_0/inst/FCLK_CLK_unbuffered[0]
    BUFGCTRL_X0Y16       BUFG (Prop_bufg_I_O)         0.026     0.336 r  gru_bin_version_i/processing_system7_0/inst/buffer_fclk_clk_0.FCLK_CLK_0_BUFG/O
                         net (fo=25495, routed)       0.588     0.924    gru_bin_version_i/gru_va_0/inst/grp_gru_va_Pipeline_HIDDEN_LOOP_fu_804/ap_clk
    SLICE_X85Y41         FDRE                                         r  gru_bin_version_i/gru_va_0/inst/grp_gru_va_Pipeline_HIDDEN_LOOP_fu_804/acc_n_17_reg_20625_reg[15]/C
  -------------------------------------------------------------------    -------------------
    SLICE_X85Y41         FDRE (Prop_fdre_C_Q)         0.141     1.065 r  gru_bin_version_i/gru_va_0/inst/grp_gru_va_Pipeline_HIDDEN_LOOP_fu_804/acc_n_17_reg_20625_reg[15]/Q
                         net (fo=1, routed)           0.114     1.178    gru_bin_version_i/gru_va_0/inst/grp_gru_va_Pipeline_HIDDEN_LOOP_fu_804/acc_n_17_reg_20625[15]
    SLICE_X86Y40         SRL16E                                       r  gru_bin_version_i/gru_va_0/inst/grp_gru_va_Pipeline_HIDDEN_LOOP_fu_804/acc_n_17_reg_20625_pp0_iter4_reg_reg[15]_srl3/D
  -------------------------------------------------------------------    -------------------

                         (clock clk_fpga_0 rise edge)
                                                      0.000     0.000 r  
    PS7_X0Y0             PS7                          0.000     0.000 r  gru_bin_version_i/processing_system7_0/inst/PS7_i/FCLKCLK[0]
                         net (fo=1, routed)           0.337     0.337    gru_bin_version_i/processing_system7_0/inst/FCLK_CLK_unbuffered[0]
    BUFGCTRL_X0Y16       BUFG (Prop_bufg_I_O)         0.029     0.366 r  gru_bin_version_i/processing_system7_0/inst/buffer_fclk_clk_0.FCLK_CLK_0_BUFG/O
                         net (fo=25495, routed)       0.857     1.223    gru_bin_version_i/gru_va_0/inst/grp_gru_va_Pipeline_HIDDEN_LOOP_fu_804/ap_clk
    SLICE_X86Y40         SRL16E                                       r  gru_bin_version_i/gru_va_0/inst/grp_gru_va_Pipeline_HIDDEN_LOOP_fu_804/acc_n_17_reg_20625_pp0_iter4_reg_reg[15]_srl3/CLK
                         clock pessimism             -0.263     0.960    
    SLICE_X86Y40         SRL16E (Hold_srl16e_CLK_D)
                                                      0.183     1.143    gru_bin_version_i/gru_va_0/inst/grp_gru_va_Pipeline_HIDDEN_LOOP_fu_804/acc_n_17_reg_20625_pp0_iter4_reg_reg[15]_srl3
  -------------------------------------------------------------------
                         required time                         -1.143    
                         arrival time                           1.178    
  -------------------------------------------------------------------
                         slack                                  0.036    

Slack (MET) :             0.036ns  (arrival time - required time)
  Source:                 gru_bin_version_i/gru_va_0/inst/grp_gru_va_Pipeline_HIDDEN_LOOP_fu_804/acc_n_17_reg_20625_reg[7]/C
                            (rising edge-triggered cell FDRE clocked by clk_fpga_0  {rise@0.000ns fall@5.000ns period=10.000ns})
  Destination:            gru_bin_version_i/gru_va_0/inst/grp_gru_va_Pipeline_HIDDEN_LOOP_fu_804/acc_n_17_reg_20625_pp0_iter4_reg_reg[7]_srl3/D
                            (rising edge-triggered cell SRL16E clocked by clk_fpga_0  {rise@0.000ns fall@5.000ns period=10.000ns})
  Path Group:             clk_fpga_0
  Path Type:              Hold (Min at Fast Process Corner)
  Requirement:            0.000ns  (clk_fpga_0 rise@0.000ns - clk_fpga_0 rise@0.000ns)
  Data Path Delay:        0.255ns  (logic 0.141ns (55.307%)  route 0.114ns (44.693%))
  Logic Levels:           0  
  Clock Path Skew:        0.036ns (DCD - SCD - CPR)
    Destination Clock Delay (DCD):    1.222ns
    Source Clock Delay      (SCD):    0.923ns
    Clock Pessimism Removal (CPR):    0.263ns

    Location             Delay type                Incr(ns)  Path(ns)    Netlist Resource(s)
  -------------------------------------------------------------------    -------------------
                         (clock clk_fpga_0 rise edge)
                                                      0.000     0.000 r  
    PS7_X0Y0             PS7                          0.000     0.000 r  gru_bin_version_i/processing_system7_0/inst/PS7_i/FCLKCLK[0]
                         net (fo=1, routed)           0.310     0.310    gru_bin_version_i/processing_system7_0/inst/FCLK_CLK_unbuffered[0]
    BUFGCTRL_X0Y16       BUFG (Prop_bufg_I_O)         0.026     0.336 r  gru_bin_version_i/processing_system7_0/inst/buffer_fclk_clk_0.FCLK_CLK_0_BUFG/O
                         net (fo=25495, routed)       0.587     0.923    gru_bin_version_i/gru_va_0/inst/grp_gru_va_Pipeline_HIDDEN_LOOP_fu_804/ap_clk
    SLICE_X85Y39         FDRE                                         r  gru_bin_version_i/gru_va_0/inst/grp_gru_va_Pipeline_HIDDEN_LOOP_fu_804/acc_n_17_reg_20625_reg[7]/C
  -------------------------------------------------------------------    -------------------
    SLICE_X85Y39         FDRE (Prop_fdre_C_Q)         0.141     1.064 r  gru_bin_version_i/gru_va_0/inst/grp_gru_va_Pipeline_HIDDEN_LOOP_fu_804/acc_n_17_reg_20625_reg[7]/Q
                         net (fo=1, routed)           0.114     1.177    gru_bin_version_i/gru_va_0/inst/grp_gru_va_Pipeline_HIDDEN_LOOP_fu_804/acc_n_17_reg_20625[7]
    SLICE_X86Y38         SRL16E                                       r  gru_bin_version_i/gru_va_0/inst/grp_gru_va_Pipeline_HIDDEN_LOOP_fu_804/acc_n_17_reg_20625_pp0_iter4_reg_reg[7]_srl3/D
  -------------------------------------------------------------------    -------------------

                         (clock clk_fpga_0 rise edge)
                                                      0.000     0.000 r  
    PS7_X0Y0             PS7                          0.000     0.000 r  gru_bin_version_i/processing_system7_0/inst/PS7_i/FCLKCLK[0]
                         net (fo=1, routed)           0.337     0.337    gru_bin_version_i/processing_system7_0/inst/FCLK_CLK_unbuffered[0]
    BUFGCTRL_X0Y16       BUFG (Prop_bufg_I_O)         0.029     0.366 r  gru_bin_version_i/processing_system7_0/inst/buffer_fclk_clk_0.FCLK_CLK_0_BUFG/O
                         net (fo=25495, routed)       0.856     1.222    gru_bin_version_i/gru_va_0/inst/grp_gru_va_Pipeline_HIDDEN_LOOP_fu_804/ap_clk
    SLICE_X86Y38         SRL16E                                       r  gru_bin_version_i/gru_va_0/inst/grp_gru_va_Pipeline_HIDDEN_LOOP_fu_804/acc_n_17_reg_20625_pp0_iter4_reg_reg[7]_srl3/CLK
                         clock pessimism             -0.263     0.959    
    SLICE_X86Y38         SRL16E (Hold_srl16e_CLK_D)
                                                      0.183     1.142    gru_bin_version_i/gru_va_0/inst/grp_gru_va_Pipeline_HIDDEN_LOOP_fu_804/acc_n_17_reg_20625_pp0_iter4_reg_reg[7]_srl3
  -------------------------------------------------------------------
                         required time                         -1.141    
                         arrival time                           1.177    
  -------------------------------------------------------------------
                         slack                                  0.036    





Pulse Width Checks
--------------------------------------------------------------------------------------
Clock Name:         clk_fpga_0
Waveform(ns):       { 0.000 5.000 }
Period(ns):         10.000
Sources:            { gru_bin_version_i/processing_system7_0/inst/PS7_i/FCLKCLK[0] }

Check Type        Corner  Lib Pin             Reference Pin  Required(ns)  Actual(ns)  Slack(ns)  Location      Pin
Min Period        n/a     DSP48E1/CLK         n/a            3.884         10.000      6.116      DSP48_X0Y13   gru_bin_version_i/gru_va_0/inst/grp_gru_va_Pipeline_HIDDEN_LOOP_fu_804/mul_21s_22s_43_1_1_U10/tmp_product__0/CLK
Min Period        n/a     DSP48E1/CLK         n/a            3.884         10.000      6.116      DSP48_X0Y11   gru_bin_version_i/gru_va_0/inst/grp_gru_va_Pipeline_HIDDEN_LOOP_fu_804/mul_21s_22s_43_1_1_U11/tmp_product__0/CLK
Min Period        n/a     DSP48E1/CLK         n/a            3.884         10.000      6.116      DSP48_X0Y5    gru_bin_version_i/gru_va_0/inst/grp_gru_va_Pipeline_HIDDEN_LOOP_fu_804/mul_22s_20ns_42_1_1_U13/tmp_product__0/CLK
Min Period        n/a     DSP48E1/CLK         n/a            3.884         10.000      6.116      DSP48_X1Y11   gru_bin_version_i/gru_va_0/inst/grp_gru_va_Pipeline_HIDDEN_LOOP_fu_804/mul_22s_22s_44_1_1_U14/tmp_product__0/CLK
Min Period        n/a     DSP48E1/CLK         n/a            3.687         10.000      6.313      DSP48_X2Y46   gru_bin_version_i/gru_va_0/inst/grp_gru_va_Pipeline_HIDDEN_LOOP_fu_804/mul_17s_22s_39_1_1_U27/tmp_product/CLK
Min Period        n/a     DSP48E1/CLK         n/a            3.687         10.000      6.313      DSP48_X0Y8    gru_bin_version_i/gru_va_0/inst/grp_gru_va_Pipeline_HIDDEN_LOOP_fu_804/mul_23s_22s_45_1_1_U15/tmp_product__0/CLK
Min Period        n/a     DSP48E1/CLK         n/a            3.687         10.000      6.313      DSP48_X2Y7    gru_bin_version_i/gru_va_0/inst/grp_gru_va_Pipeline_HIDDEN_LOOP_fu_804/mul_32s_22s_54_2_1_U16/buff0_reg/CLK
Min Period        n/a     RAMB36E1/CLKARDCLK  n/a            2.576         10.000      7.424      RAMB36_X2Y12  gru_bin_version_i/axi_dma_0/U0/I_PRMRY_DATAMOVER/GEN_MM2S_FULL.I_MM2S_FULL_WRAPPER/GEN_INCLUDE_MM2S_SF.I_RD_SF/I_DATA_FIFO/BLK_MEM.I_SYNC_FIFOGEN_FIFO/xpm_fifo_base_inst/gen_sdpram.xpm_memory_base_inst/gen_wr_a.gen_word_narrow.mem_reg_0/CLKARDCLK
Min Period        n/a     RAMB36E1/CLKBWRCLK  n/a            2.576         10.000      7.424      RAMB36_X2Y12  gru_bin_version_i/axi_dma_0/U0/I_PRMRY_DATAMOVER/GEN_MM2S_FULL.I_MM2S_FULL_WRAPPER/GEN_INCLUDE_MM2S_SF.I_RD_SF/I_DATA_FIFO/BLK_MEM.I_SYNC_FIFOGEN_FIFO/xpm_fifo_base_inst/gen_sdpram.xpm_memory_base_inst/gen_wr_a.gen_word_narrow.mem_reg_0/CLKBWRCLK
Min Period        n/a     RAMB18E1/CLKARDCLK  n/a            2.576         10.000      7.424      RAMB18_X2Y32  gru_bin_version_i/axi_dma_0/U0/I_PRMRY_DATAMOVER/GEN_MM2S_FULL.I_MM2S_FULL_WRAPPER/GEN_INCLUDE_MM2S_SF.I_RD_SF/I_DATA_FIFO/BLK_MEM.I_SYNC_FIFOGEN_FIFO/xpm_fifo_base_inst/gen_sdpram.xpm_memory_base_inst/gen_wr_a.gen_word_narrow.mem_reg_1/CLKARDCLK
Low Pulse Width   Slow    RAMD32/CLK          n/a            1.250         5.000       3.750      SLICE_X46Y87  gru_bin_version_i/axi_dma_0/U0/I_PRMRY_DATAMOVER/GEN_S2MM_FULL.I_S2MM_FULL_WRAPPER/GEN_ENABLE_INDET_BTT_SF.I_INDET_BTT/I_XD_FIFO/NON_BLK_MEM.I_SYNC_FIFOGEN_FIFO/xpm_fifo_base_inst/gen_sdpram.xpm_memory_base_inst/gen_wr_a.gen_word_narrow.mem_reg_0_15_0_5/RAMA/CLK
Low Pulse Width   Fast    RAMD32/CLK          n/a            1.250         5.000       3.750      SLICE_X46Y87  gru_bin_version_i/axi_dma_0/U0/I_PRMRY_DATAMOVER/GEN_S2MM_FULL.I_S2MM_FULL_WRAPPER/GEN_ENABLE_INDET_BTT_SF.I_INDET_BTT/I_XD_FIFO/NON_BLK_MEM.I_SYNC_FIFOGEN_FIFO/xpm_fifo_base_inst/gen_sdpram.xpm_memory_base_inst/gen_wr_a.gen_word_narrow.mem_reg_0_15_0_5/RAMA/CLK
Low Pulse Width   Slow    RAMD32/CLK          n/a            1.250         5.000       3.750      SLICE_X46Y87  gru_bin_version_i/axi_dma_0/U0/I_PRMRY_DATAMOVER/GEN_S2MM_FULL.I_S2MM_FULL_WRAPPER/GEN_ENABLE_INDET_BTT_SF.I_INDET_BTT/I_XD_FIFO/NON_BLK_MEM.I_SYNC_FIFOGEN_FIFO/xpm_fifo_base_inst/gen_sdpram.xpm_memory_base_inst/gen_wr_a.gen_word_narrow.mem_reg_0_15_0_5/RAMA_D1/CLK
Low Pulse Width   Fast    RAMD32/CLK          n/a            1.250         5.000       3.750      SLICE_X46Y87  gru_bin_version_i/axi_dma_0/U0/I_PRMRY_DATAMOVER/GEN_S2MM_FULL.I_S2MM_FULL_WRAPPER/GEN_ENABLE_INDET_BTT_SF.I_INDET_BTT/I_XD_FIFO/NON_BLK_MEM.I_SYNC_FIFOGEN_FIFO/xpm_fifo_base_inst/gen_sdpram.xpm_memory_base_inst/gen_wr_a.gen_word_narrow.mem_reg_0_15_0_5/RAMA_D1/CLK
Low Pulse Width   Slow    RAMD32/CLK          n/a            1.250         5.000       3.750      SLICE_X46Y87  gru_bin_version_i/axi_dma_0/U0/I_PRMRY_DATAMOVER/GEN_S2MM_FULL.I_S2MM_FULL_WRAPPER/GEN_ENABLE_INDET_BTT_SF.I_INDET_BTT/I_XD_FIFO/NON_BLK_MEM.I_SYNC_FIFOGEN_FIFO/xpm_fifo_base_inst/gen_sdpram.xpm_memory_base_inst/gen_wr_a.gen_word_narrow.mem_reg_0_15_0_5/RAMB/CLK
Low Pulse Width   Fast    RAMD32/CLK          n/a            1.250         5.000       3.750      SLICE_X46Y87  gru_bin_version_i/axi_dma_0/U0/I_PRMRY_DATAMOVER/GEN_S2MM_FULL.I_S2MM_FULL_WRAPPER/GEN_ENABLE_INDET_BTT_SF.I_INDET_BTT/I_XD_FIFO/NON_BLK_MEM.I_SYNC_FIFOGEN_FIFO/xpm_fifo_base_inst/gen_sdpram.xpm_memory_base_inst/gen_wr_a.gen_word_narrow.mem_reg_0_15_0_5/RAMB/CLK
Low Pulse Width   Slow    RAMD32/CLK          n/a            1.250         5.000       3.750      SLICE_X46Y87  gru_bin_version_i/axi_dma_0/U0/I_PRMRY_DATAMOVER/GEN_S2MM_FULL.I_S2MM_FULL_WRAPPER/GEN_ENABLE_INDET_BTT_SF.I_INDET_BTT/I_XD_FIFO/NON_BLK_MEM.I_SYNC_FIFOGEN_FIFO/xpm_fifo_base_inst/gen_sdpram.xpm_memory_base_inst/gen_wr_a.gen_word_narrow.mem_reg_0_15_0_5/RAMB_D1/CLK
Low Pulse Width   Fast    RAMD32/CLK          n/a            1.250         5.000       3.750      SLICE_X46Y87  gru_bin_version_i/axi_dma_0/U0/I_PRMRY_DATAMOVER/GEN_S2MM_FULL.I_S2MM_FULL_WRAPPER/GEN_ENABLE_INDET_BTT_SF.I_INDET_BTT/I_XD_FIFO/NON_BLK_MEM.I_SYNC_FIFOGEN_FIFO/xpm_fifo_base_inst/gen_sdpram.xpm_memory_base_inst/gen_wr_a.gen_word_narrow.mem_reg_0_15_0_5/RAMB_D1/CLK
Low Pulse Width   Slow    RAMD32/CLK          n/a            1.250         5.000       3.750      SLICE_X46Y87  gru_bin_version_i/axi_dma_0/U0/I_PRMRY_DATAMOVER/GEN_S2MM_FULL.I_S2MM_FULL_WRAPPER/GEN_ENABLE_INDET_BTT_SF.I_INDET_BTT/I_XD_FIFO/NON_BLK_MEM.I_SYNC_FIFOGEN_FIFO/xpm_fifo_base_inst/gen_sdpram.xpm_memory_base_inst/gen_wr_a.gen_word_narrow.mem_reg_0_15_0_5/RAMC/CLK
Low Pulse Width   Fast    RAMD32/CLK          n/a            1.250         5.000       3.750      SLICE_X46Y87  gru_bin_version_i/axi_dma_0/U0/I_PRMRY_DATAMOVER/GEN_S2MM_FULL.I_S2MM_FULL_WRAPPER/GEN_ENABLE_INDET_BTT_SF.I_INDET_BTT/I_XD_FIFO/NON_BLK_MEM.I_SYNC_FIFOGEN_FIFO/xpm_fifo_base_inst/gen_sdpram.xpm_memory_base_inst/gen_wr_a.gen_word_narrow.mem_reg_0_15_0_5/RAMC/CLK
High Pulse Width  Slow    RAMD32/CLK          n/a            1.250         5.000       3.750      SLICE_X46Y87  gru_bin_version_i/axi_dma_0/U0/I_PRMRY_DATAMOVER/GEN_S2MM_FULL.I_S2MM_FULL_WRAPPER/GEN_ENABLE_INDET_BTT_SF.I_INDET_BTT/I_XD_FIFO/NON_BLK_MEM.I_SYNC_FIFOGEN_FIFO/xpm_fifo_base_inst/gen_sdpram.xpm_memory_base_inst/gen_wr_a.gen_word_narrow.mem_reg_0_15_0_5/RAMA/CLK
High Pulse Width  Fast    RAMD32/CLK          n/a            1.250         5.000       3.750      SLICE_X46Y87  gru_bin_version_i/axi_dma_0/U0/I_PRMRY_DATAMOVER/GEN_S2MM_FULL.I_S2MM_FULL_WRAPPER/GEN_ENABLE_INDET_BTT_SF.I_INDET_BTT/I_XD_FIFO/NON_BLK_MEM.I_SYNC_FIFOGEN_FIFO/xpm_fifo_base_inst/gen_sdpram.xpm_memory_base_inst/gen_wr_a.gen_word_narrow.mem_reg_0_15_0_5/RAMA/CLK
High Pulse Width  Slow    RAMD32/CLK          n/a            1.250         5.000       3.750      SLICE_X46Y87  gru_bin_version_i/axi_dma_0/U0/I_PRMRY_DATAMOVER/GEN_S2MM_FULL.I_S2MM_FULL_WRAPPER/GEN_ENABLE_INDET_BTT_SF.I_INDET_BTT/I_XD_FIFO/NON_BLK_MEM.I_SYNC_FIFOGEN_FIFO/xpm_fifo_base_inst/gen_sdpram.xpm_memory_base_inst/gen_wr_a.gen_word_narrow.mem_reg_0_15_0_5/RAMA_D1/CLK
High Pulse Width  Fast    RAMD32/CLK          n/a            1.250         5.000       3.750      SLICE_X46Y87  gru_bin_version_i/axi_dma_0/U0/I_PRMRY_DATAMOVER/GEN_S2MM_FULL.I_S2MM_FULL_WRAPPER/GEN_ENABLE_INDET_BTT_SF.I_INDET_BTT/I_XD_FIFO/NON_BLK_MEM.I_SYNC_FIFOGEN_FIFO/xpm_fifo_base_inst/gen_sdpram.xpm_memory_base_inst/gen_wr_a.gen_word_narrow.mem_reg_0_15_0_5/RAMA_D1/CLK
High Pulse Width  Slow    RAMD32/CLK          n/a            1.250         5.000       3.750      SLICE_X46Y87  gru_bin_version_i/axi_dma_0/U0/I_PRMRY_DATAMOVER/GEN_S2MM_FULL.I_S2MM_FULL_WRAPPER/GEN_ENABLE_INDET_BTT_SF.I_INDET_BTT/I_XD_FIFO/NON_BLK_MEM.I_SYNC_FIFOGEN_FIFO/xpm_fifo_base_inst/gen_sdpram.xpm_memory_base_inst/gen_wr_a.gen_word_narrow.mem_reg_0_15_0_5/RAMB/CLK
High Pulse Width  Fast    RAMD32/CLK          n/a            1.250         5.000       3.750      SLICE_X46Y87  gru_bin_version_i/axi_dma_0/U0/I_PRMRY_DATAMOVER/GEN_S2MM_FULL.I_S2MM_FULL_WRAPPER/GEN_ENABLE_INDET_BTT_SF.I_INDET_BTT/I_XD_FIFO/NON_BLK_MEM.I_SYNC_FIFOGEN_FIFO/xpm_fifo_base_inst/gen_sdpram.xpm_memory_base_inst/gen_wr_a.gen_word_narrow.mem_reg_0_15_0_5/RAMB/CLK
High Pulse Width  Slow    RAMD32/CLK          n/a            1.250         5.000       3.750      SLICE_X46Y87  gru_bin_version_i/axi_dma_0/U0/I_PRMRY_DATAMOVER/GEN_S2MM_FULL.I_S2MM_FULL_WRAPPER/GEN_ENABLE_INDET_BTT_SF.I_INDET_BTT/I_XD_FIFO/NON_BLK_MEM.I_SYNC_FIFOGEN_FIFO/xpm_fifo_base_inst/gen_sdpram.xpm_memory_base_inst/gen_wr_a.gen_word_narrow.mem_reg_0_15_0_5/RAMB_D1/CLK
High Pulse Width  Fast    RAMD32/CLK          n/a            1.250         5.000       3.750      SLICE_X46Y87  gru_bin_version_i/axi_dma_0/U0/I_PRMRY_DATAMOVER/GEN_S2MM_FULL.I_S2MM_FULL_WRAPPER/GEN_ENABLE_INDET_BTT_SF.I_INDET_BTT/I_XD_FIFO/NON_BLK_MEM.I_SYNC_FIFOGEN_FIFO/xpm_fifo_base_inst/gen_sdpram.xpm_memory_base_inst/gen_wr_a.gen_word_narrow.mem_reg_0_15_0_5/RAMB_D1/CLK
High Pulse Width  Slow    RAMD32/CLK          n/a            1.250         5.000       3.750      SLICE_X46Y87  gru_bin_version_i/axi_dma_0/U0/I_PRMRY_DATAMOVER/GEN_S2MM_FULL.I_S2MM_FULL_WRAPPER/GEN_ENABLE_INDET_BTT_SF.I_INDET_BTT/I_XD_FIFO/NON_BLK_MEM.I_SYNC_FIFOGEN_FIFO/xpm_fifo_base_inst/gen_sdpram.xpm_memory_base_inst/gen_wr_a.gen_word_narrow.mem_reg_0_15_0_5/RAMC/CLK
High Pulse Width  Fast    RAMD32/CLK          n/a            1.250         5.000       3.750      SLICE_X46Y87  gru_bin_version_i/axi_dma_0/U0/I_PRMRY_DATAMOVER/GEN_S2MM_FULL.I_S2MM_FULL_WRAPPER/GEN_ENABLE_INDET_BTT_SF.I_INDET_BTT/I_XD_FIFO/NON_BLK_MEM.I_SYNC_FIFOGEN_FIFO/xpm_fifo_base_inst/gen_sdpram.xpm_memory_base_inst/gen_wr_a.gen_word_narrow.mem_reg_0_15_0_5/RAMC/CLK



---------------------------------------------------------------------------------------------------
Path Group:  **async_default**
From Clock:  clk_fpga_0
  To Clock:  clk_fpga_0

Setup :            0  Failing Endpoints,  Worst Slack        6.444ns,  Total Violation        0.000ns
Hold  :            0  Failing Endpoints,  Worst Slack        0.582ns,  Total Violation        0.000ns
---------------------------------------------------------------------------------------------------


Max Delay Paths
--------------------------------------------------------------------------------------
Slack (MET) :             6.444ns  (required time - arrival time)
  Source:                 gru_bin_version_wrapper/gru_bin_version/gru_bin_version_axi_mem_intercon_0/s00_couplers_imp_1UT69KP/gru_bin_version_axi_mem_intercon_imp_auto_pc_0/gru_bin_version_axi_mem_intercon_imp_auto_pc_0_axi_protocol_converter_v2_1_37_axi_protocol_converter/gru_bin_version_axi_mem_intercon_imp_auto_pc_0_axi_protocol_converter_v2_1_37_axi3_conv/gru_bin_version_axi_mem_intercon_imp_auto_pc_0_axi_protocol_converter_v2_1_37_a_axi3_conv/gru_bin_version_axi_mem_intercon_imp_auto_pc_0_axi_data_fifo_v2_1_36_axic_fifo/gru_bin_version_axi_mem_intercon_imp_auto_pc_0_axi_data_fifo_v2_1_36_fifo_gen/<hidden>/<hidden>/<hidden>/<hidden>/<hidden>/<hidden>
                            (rising edge-triggered cell FDPE clocked by clk_fpga_0  {rise@0.000ns fall@5.000ns period=10.000ns})
  Destination:            gru_bin_version_wrapper/gru_bin_version/gru_bin_version_axi_mem_intercon_0/s00_couplers_imp_1UT69KP/gru_bin_version_axi_mem_intercon_imp_auto_pc_0/gru_bin_version_axi_mem_intercon_imp_auto_pc_0_axi_protocol_converter_v2_1_37_axi_protocol_converter/gru_bin_version_axi_mem_intercon_imp_auto_pc_0_axi_protocol_converter_v2_1_37_axi3_conv/gru_bin_version_axi_mem_intercon_imp_auto_pc_0_axi_protocol_converter_v2_1_37_a_axi3_conv/gru_bin_version_axi_mem_intercon_imp_auto_pc_0_axi_data_fifo_v2_1_36_axic_fifo/gru_bin_version_axi_mem_intercon_imp_auto_pc_0_axi_data_fifo_v2_1_36_fifo_gen/<hidden>/<hidden>/<hidden>/<hidden>/<hidden>/<hidden>
                            (recovery check against rising-edge clock clk_fpga_0  {rise@0.000ns fall@5.000ns period=10.000ns})
  Path Group:             **async_default**
  Path Type:              Recovery (Max at Slow Process Corner)
  Requirement:            10.000ns  (clk_fpga_0 rise@10.000ns - clk_fpga_0 rise@0.000ns)
  Data Path Delay:        2.944ns  (logic 0.718ns (24.386%)  route 2.226ns (75.614%))
  Logic Levels:           1  (LUT3=1)
  Clock Path Skew:        -0.053ns (DCD - SCD + CPR)
    Destination Clock Delay (DCD):    2.646ns = ( 12.646 - 10.000 ) 
    Source Clock Delay      (SCD):    2.928ns
    Clock Pessimism Removal (CPR):    0.229ns
  Clock Uncertainty:      0.154ns  ((TSJ^2 + TIJ^2)^1/2 + DJ) / 2 + PE
    Total System Jitter     (TSJ):    0.071ns
    Total Input Jitter      (TIJ):    0.300ns
    Discrete Jitter          (DJ):    0.000ns
    Phase Error              (PE):    0.000ns

    Location             Delay type                Incr(ns)  Path(ns)    Netlist Resource(s)
  -------------------------------------------------------------------    -------------------
                         (clock clk_fpga_0 rise edge)
                                                      0.000     0.000 r  
    PS7_X0Y0             PS7                          0.000     0.000 r  gru_bin_version_i/processing_system7_0/inst/PS7_i/FCLKCLK[0]
                         net (fo=1, routed)           1.193     1.193    gru_bin_version_i/processing_system7_0/inst/FCLK_CLK_unbuffered[0]
    BUFGCTRL_X0Y16       BUFG (Prop_bufg_I_O)         0.101     1.294 r  gru_bin_version_i/processing_system7_0/inst/buffer_fclk_clk_0.FCLK_CLK_0_BUFG/O
                         net (fo=25495, routed)       1.634     2.928    gru_bin_version_wrapper/gru_bin_version/gru_bin_version_axi_mem_intercon_0/s00_couplers_imp_1UT69KP/gru_bin_version_axi_mem_intercon_imp_auto_pc_0/gru_bin_version_axi_mem_intercon_imp_auto_pc_0_axi_protocol_converter_v2_1_37_axi_protocol_converter/gru_bin_version_axi_mem_intercon_imp_auto_pc_0_axi_protocol_converter_v2_1_37_axi3_conv/gru_bin_version_axi_mem_intercon_imp_auto_pc_0_axi_protocol_converter_v2_1_37_a_axi3_conv/gru_bin_version_axi_mem_intercon_imp_auto_pc_0_axi_data_fifo_v2_1_36_axic_fifo/gru_bin_version_axi_mem_intercon_imp_auto_pc_0_axi_data_fifo_v2_1_36_fifo_gen/<hidden>/<hidden>/<hidden>/<hidden>/<hidden>/<hidden>
    SLICE_X47Y77         FDPE                                         r  gru_bin_version_wrapper/gru_bin_version/gru_bin_version_axi_mem_intercon_0/s00_couplers_imp_1UT69KP/gru_bin_version_axi_mem_intercon_imp_auto_pc_0/gru_bin_version_axi_mem_intercon_imp_auto_pc_0_axi_protocol_converter_v2_1_37_axi_protocol_converter/gru_bin_version_axi_mem_intercon_imp_auto_pc_0_axi_protocol_converter_v2_1_37_axi3_conv/gru_bin_version_axi_mem_intercon_imp_auto_pc_0_axi_protocol_converter_v2_1_37_a_axi3_conv/gru_bin_version_axi_mem_intercon_imp_auto_pc_0_axi_data_fifo_v2_1_36_axic_fifo/gru_bin_version_axi_mem_intercon_imp_auto_pc_0_axi_data_fifo_v2_1_36_fifo_gen/<hidden>/<hidden>/<hidden>/<hidden>/<hidden>/<hidden>
  -------------------------------------------------------------------    -------------------
    SLICE_X47Y77         FDPE (Prop_fdpe_C_Q)         0.419     3.347 f  gru_bin_version_wrapper/gru_bin_version/gru_bin_version_axi_mem_intercon_0/s00_couplers_imp_1UT69KP/gru_bin_version_axi_mem_intercon_imp_auto_pc_0/gru_bin_version_axi_mem_intercon_imp_auto_pc_0_axi_protocol_converter_v2_1_37_axi_protocol_converter/gru_bin_version_axi_mem_intercon_imp_auto_pc_0_axi_protocol_converter_v2_1_37_axi3_conv/gru_bin_version_axi_mem_intercon_imp_auto_pc_0_axi_protocol_converter_v2_1_37_a_axi3_conv/gru_bin_version_axi_mem_intercon_imp_auto_pc_0_axi_data_fifo_v2_1_36_axic_fifo/gru_bin_version_axi_mem_intercon_imp_auto_pc_0_axi_data_fifo_v2_1_36_fifo_gen/<hidden>/<hidden>/<hidden>/<hidden>/<hidden>/<hidden>
                         net (fo=2, routed)           0.860     4.207    gru_bin_version_wrapper/gru_bin_version/gru_bin_version_axi_mem_intercon_0/s00_couplers_imp_1UT69KP/gru_bin_version_axi_mem_intercon_imp_auto_pc_0/gru_bin_version_axi_mem_intercon_imp_auto_pc_0_axi_protocol_converter_v2_1_37_axi_protocol_converter/gru_bin_version_axi_mem_intercon_imp_auto_pc_0_axi_protocol_converter_v2_1_37_axi3_conv/gru_bin_version_axi_mem_intercon_imp_auto_pc_0_axi_protocol_converter_v2_1_37_a_axi3_conv/gru_bin_version_axi_mem_intercon_imp_auto_pc_0_axi_data_fifo_v2_1_36_axic_fifo/gru_bin_version_axi_mem_intercon_imp_auto_pc_0_axi_data_fifo_v2_1_36_fifo_gen/<hidden>/<hidden>/<hidden>/<hidden>/<hidden>
    SLICE_X47Y77         LUT3 (Prop_lut3_I2_O)        0.299     4.506 f  gru_bin_version_wrapper/gru_bin_version/gru_bin_version_axi_mem_intercon_0/s00_couplers_imp_1UT69KP/gru_bin_version_axi_mem_intercon_imp_auto_pc_0/gru_bin_version_axi_mem_intercon_imp_auto_pc_0_axi_protocol_converter_v2_1_37_axi_protocol_converter/gru_bin_version_axi_mem_intercon_imp_auto_pc_0_axi_protocol_converter_v2_1_37_axi3_conv/gru_bin_version_axi_mem_intercon_imp_auto_pc_0_axi_protocol_converter_v2_1_37_a_axi3_conv/gru_bin_version_axi_mem_intercon_imp_auto_pc_0_axi_data_fifo_v2_1_36_axic_fifo/gru_bin_version_axi_mem_intercon_imp_auto_pc_0_axi_data_fifo_v2_1_36_fifo_gen/<hidden>/<hidden>/<hidden>/<hidden>/<hidden>
                         net (fo=33, routed)          1.366     5.872    gru_bin_version_wrapper/gru_bin_version/gru_bin_version_axi_mem_intercon_0/s00_couplers_imp_1UT69KP/gru_bin_version_axi_mem_intercon_imp_auto_pc_0/gru_bin_version_axi_mem_intercon_imp_auto_pc_0_axi_protocol_converter_v2_1_37_axi_protocol_converter/gru_bin_version_axi_mem_intercon_imp_auto_pc_0_axi_protocol_converter_v2_1_37_axi3_conv/gru_bin_version_axi_mem_intercon_imp_auto_pc_0_axi_protocol_converter_v2_1_37_a_axi3_conv/gru_bin_version_axi_mem_intercon_imp_auto_pc_0_axi_data_fifo_v2_1_36_axic_fifo/gru_bin_version_axi_mem_intercon_imp_auto_pc_0_axi_data_fifo_v2_1_36_fifo_gen/<hidden>/<hidden>/<hidden>/<hidden>/<hidden>/<hidden>
    SLICE_X37Y78         FDCE                                         f  gru_bin_version_wrapper/gru_bin_version/gru_bin_version_axi_mem_intercon_0/s00_couplers_imp_1UT69KP/gru_bin_version_axi_mem_intercon_imp_auto_pc_0/gru_bin_version_axi_mem_intercon_imp_auto_pc_0_axi_protocol_converter_v2_1_37_axi_protocol_converter/gru_bin_version_axi_mem_intercon_imp_auto_pc_0_axi_protocol_converter_v2_1_37_axi3_conv/gru_bin_version_axi_mem_intercon_imp_auto_pc_0_axi_protocol_converter_v2_1_37_a_axi3_conv/gru_bin_version_axi_mem_intercon_imp_auto_pc_0_axi_data_fifo_v2_1_36_axic_fifo/gru_bin_version_axi_mem_intercon_imp_auto_pc_0_axi_data_fifo_v2_1_36_fifo_gen/<hidden>/<hidden>/<hidden>/<hidden>/<hidden>/<hidden>
  -------------------------------------------------------------------    -------------------

                         (clock clk_fpga_0 rise edge)
                                                     10.000    10.000 r  
    PS7_X0Y0             PS7                          0.000    10.000 r  gru_bin_version_i/processing_system7_0/inst/PS7_i/FCLKCLK[0]
                         net (fo=1, routed)           1.088    11.088    gru_bin_version_i/processing_system7_0/inst/FCLK_CLK_unbuffered[0]
    BUFGCTRL_X0Y16       BUFG (Prop_bufg_I_O)         0.091    11.179 r  gru_bin_version_i/processing_system7_0/inst/buffer_fclk_clk_0.FCLK_CLK_0_BUFG/O
                         net (fo=25495, routed)       1.467    12.646    gru_bin_version_wrapper/gru_bin_version/gru_bin_version_axi_mem_intercon_0/s00_couplers_imp_1UT69KP/gru_bin_version_axi_mem_intercon_imp_auto_pc_0/gru_bin_version_axi_mem_intercon_imp_auto_pc_0_axi_protocol_converter_v2_1_37_axi_protocol_converter/gru_bin_version_axi_mem_intercon_imp_auto_pc_0_axi_protocol_converter_v2_1_37_axi3_conv/gru_bin_version_axi_mem_intercon_imp_auto_pc_0_axi_protocol_converter_v2_1_37_a_axi3_conv/gru_bin_version_axi_mem_intercon_imp_auto_pc_0_axi_data_fifo_v2_1_36_axic_fifo/gru_bin_version_axi_mem_intercon_imp_auto_pc_0_axi_data_fifo_v2_1_36_fifo_gen/<hidden>/<hidden>/<hidden>/<hidden>/<hidden>/<hidden>
    SLICE_X37Y78         FDCE                                         r  gru_bin_version_wrapper/gru_bin_version/gru_bin_version_axi_mem_intercon_0/s00_couplers_imp_1UT69KP/gru_bin_version_axi_mem_intercon_imp_auto_pc_0/gru_bin_version_axi_mem_intercon_imp_auto_pc_0_axi_protocol_converter_v2_1_37_axi_protocol_converter/gru_bin_version_axi_mem_intercon_imp_auto_pc_0_axi_protocol_converter_v2_1_37_axi3_conv/gru_bin_version_axi_mem_intercon_imp_auto_pc_0_axi_protocol_converter_v2_1_37_a_axi3_conv/gru_bin_version_axi_mem_intercon_imp_auto_pc_0_axi_data_fifo_v2_1_36_axic_fifo/gru_bin_version_axi_mem_intercon_imp_auto_pc_0_axi_data_fifo_v2_1_36_fifo_gen/<hidden>/<hidden>/<hidden>/<hidden>/<hidden>/<hidden>
                         clock pessimism              0.229    12.875    
                         clock uncertainty           -0.154    12.721    
    SLICE_X37Y78         FDCE (Recov_fdce_C_CLR)     -0.405    12.316    gru_bin_version_wrapper/gru_bin_version/gru_bin_version_axi_mem_intercon_0/s00_couplers_imp_1UT69KP/gru_bin_version_axi_mem_intercon_imp_auto_pc_0/gru_bin_version_axi_mem_intercon_imp_auto_pc_0_axi_protocol_converter_v2_1_37_axi_protocol_converter/gru_bin_version_axi_mem_intercon_imp_auto_pc_0_axi_protocol_converter_v2_1_37_axi3_conv/gru_bin_version_axi_mem_intercon_imp_auto_pc_0_axi_protocol_converter_v2_1_37_a_axi3_conv/gru_bin_version_axi_mem_intercon_imp_auto_pc_0_axi_data_fifo_v2_1_36_axic_fifo/gru_bin_version_axi_mem_intercon_imp_auto_pc_0_axi_data_fifo_v2_1_36_fifo_gen/<hidden>/<hidden>/<hidden>/<hidden>/<hidden>/<hidden>
  -------------------------------------------------------------------
                         required time                         12.316    
                         arrival time                          -5.872    
  -------------------------------------------------------------------
                         slack                                  6.444    

Slack (MET) :             6.444ns  (required time - arrival time)
  Source:                 gru_bin_version_wrapper/gru_bin_version/gru_bin_version_axi_mem_intercon_0/s00_couplers_imp_1UT69KP/gru_bin_version_axi_mem_intercon_imp_auto_pc_0/gru_bin_version_axi_mem_intercon_imp_auto_pc_0_axi_protocol_converter_v2_1_37_axi_protocol_converter/gru_bin_version_axi_mem_intercon_imp_auto_pc_0_axi_protocol_converter_v2_1_37_axi3_conv/gru_bin_version_axi_mem_intercon_imp_auto_pc_0_axi_protocol_converter_v2_1_37_a_axi3_conv/gru_bin_version_axi_mem_intercon_imp_auto_pc_0_axi_data_fifo_v2_1_36_axic_fifo/gru_bin_version_axi_mem_intercon_imp_auto_pc_0_axi_data_fifo_v2_1_36_fifo_gen/<hidden>/<hidden>/<hidden>/<hidden>/<hidden>/<hidden>
                            (rising edge-triggered cell FDPE clocked by clk_fpga_0  {rise@0.000ns fall@5.000ns period=10.000ns})
  Destination:            gru_bin_version_wrapper/gru_bin_version/gru_bin_version_axi_mem_intercon_0/s00_couplers_imp_1UT69KP/gru_bin_version_axi_mem_intercon_imp_auto_pc_0/gru_bin_version_axi_mem_intercon_imp_auto_pc_0_axi_protocol_converter_v2_1_37_axi_protocol_converter/gru_bin_version_axi_mem_intercon_imp_auto_pc_0_axi_protocol_converter_v2_1_37_axi3_conv/gru_bin_version_axi_mem_intercon_imp_auto_pc_0_axi_protocol_converter_v2_1_37_a_axi3_conv/gru_bin_version_axi_mem_intercon_imp_auto_pc_0_axi_data_fifo_v2_1_36_axic_fifo/gru_bin_version_axi_mem_intercon_imp_auto_pc_0_axi_data_fifo_v2_1_36_fifo_gen/<hidden>/<hidden>/<hidden>/<hidden>/<hidden>/<hidden>
                            (recovery check against rising-edge clock clk_fpga_0  {rise@0.000ns fall@5.000ns period=10.000ns})
  Path Group:             **async_default**
  Path Type:              Recovery (Max at Slow Process Corner)
  Requirement:            10.000ns  (clk_fpga_0 rise@10.000ns - clk_fpga_0 rise@0.000ns)
  Data Path Delay:        2.944ns  (logic 0.718ns (24.386%)  route 2.226ns (75.614%))
  Logic Levels:           1  (LUT3=1)
  Clock Path Skew:        -0.053ns (DCD - SCD + CPR)
    Destination Clock Delay (DCD):    2.646ns = ( 12.646 - 10.000 ) 
    Source Clock Delay      (SCD):    2.928ns
    Clock Pessimism Removal (CPR):    0.229ns
  Clock Uncertainty:      0.154ns  ((TSJ^2 + TIJ^2)^1/2 + DJ) / 2 + PE
    Total System Jitter     (TSJ):    0.071ns
    Total Input Jitter      (TIJ):    0.300ns
    Discrete Jitter          (DJ):    0.000ns
    Phase Error              (PE):    0.000ns

    Location             Delay type                Incr(ns)  Path(ns)    Netlist Resource(s)
  -------------------------------------------------------------------    -------------------
                         (clock clk_fpga_0 rise edge)
                                                      0.000     0.000 r  
    PS7_X0Y0             PS7                          0.000     0.000 r  gru_bin_version_i/processing_system7_0/inst/PS7_i/FCLKCLK[0]
                         net (fo=1, routed)           1.193     1.193    gru_bin_version_i/processing_system7_0/inst/FCLK_CLK_unbuffered[0]
    BUFGCTRL_X0Y16       BUFG (Prop_bufg_I_O)         0.101     1.294 r  gru_bin_version_i/processing_system7_0/inst/buffer_fclk_clk_0.FCLK_CLK_0_BUFG/O
                         net (fo=25495, routed)       1.634     2.928    gru_bin_version_wrapper/gru_bin_version/gru_bin_version_axi_mem_intercon_0/s00_couplers_imp_1UT69KP/gru_bin_version_axi_mem_intercon_imp_auto_pc_0/gru_bin_version_axi_mem_intercon_imp_auto_pc_0_axi_protocol_converter_v2_1_37_axi_protocol_converter/gru_bin_version_axi_mem_intercon_imp_auto_pc_0_axi_protocol_converter_v2_1_37_axi3_conv/gru_bin_version_axi_mem_intercon_imp_auto_pc_0_axi_protocol_converter_v2_1_37_a_axi3_conv/gru_bin_version_axi_mem_intercon_imp_auto_pc_0_axi_data_fifo_v2_1_36_axic_fifo/gru_bin_version_axi_mem_intercon_imp_auto_pc_0_axi_data_fifo_v2_1_36_fifo_gen/<hidden>/<hidden>/<hidden>/<hidden>/<hidden>/<hidden>
    SLICE_X47Y77         FDPE                                         r  gru_bin_version_wrapper/gru_bin_version/gru_bin_version_axi_mem_intercon_0/s00_couplers_imp_1UT69KP/gru_bin_version_axi_mem_intercon_imp_auto_pc_0/gru_bin_version_axi_mem_intercon_imp_auto_pc_0_axi_protocol_converter_v2_1_37_axi_protocol_converter/gru_bin_version_axi_mem_intercon_imp_auto_pc_0_axi_protocol_converter_v2_1_37_axi3_conv/gru_bin_version_axi_mem_intercon_imp_auto_pc_0_axi_protocol_converter_v2_1_37_a_axi3_conv/gru_bin_version_axi_mem_intercon_imp_auto_pc_0_axi_data_fifo_v2_1_36_axic_fifo/gru_bin_version_axi_mem_intercon_imp_auto_pc_0_axi_data_fifo_v2_1_36_fifo_gen/<hidden>/<hidden>/<hidden>/<hidden>/<hidden>/<hidden>
  -------------------------------------------------------------------    -------------------
    SLICE_X47Y77         FDPE (Prop_fdpe_C_Q)         0.419     3.347 f  gru_bin_version_wrapper/gru_bin_version/gru_bin_version_axi_mem_intercon_0/s00_couplers_imp_1UT69KP/gru_bin_version_axi_mem_intercon_imp_auto_pc_0/gru_bin_version_axi_mem_intercon_imp_auto_pc_0_axi_protocol_converter_v2_1_37_axi_protocol_converter/gru_bin_version_axi_mem_intercon_imp_auto_pc_0_axi_protocol_converter_v2_1_37_axi3_conv/gru_bin_version_axi_mem_intercon_imp_auto_pc_0_axi_protocol_converter_v2_1_37_a_axi3_conv/gru_bin_version_axi_mem_intercon_imp_auto_pc_0_axi_data_fifo_v2_1_36_axic_fifo/gru_bin_version_axi_mem_intercon_imp_auto_pc_0_axi_data_fifo_v2_1_36_fifo_gen/<hidden>/<hidden>/<hidden>/<hidden>/<hidden>/<hidden>
                         net (fo=2, routed)           0.860     4.207    gru_bin_version_wrapper/gru_bin_version/gru_bin_version_axi_mem_intercon_0/s00_couplers_imp_1UT69KP/gru_bin_version_axi_mem_intercon_imp_auto_pc_0/gru_bin_version_axi_mem_intercon_imp_auto_pc_0_axi_protocol_converter_v2_1_37_axi_protocol_converter/gru_bin_version_axi_mem_intercon_imp_auto_pc_0_axi_protocol_converter_v2_1_37_axi3_conv/gru_bin_version_axi_mem_intercon_imp_auto_pc_0_axi_protocol_converter_v2_1_37_a_axi3_conv/gru_bin_version_axi_mem_intercon_imp_auto_pc_0_axi_data_fifo_v2_1_36_axic_fifo/gru_bin_version_axi_mem_intercon_imp_auto_pc_0_axi_data_fifo_v2_1_36_fifo_gen/<hidden>/<hidden>/<hidden>/<hidden>/<hidden>
    SLICE_X47Y77         LUT3 (Prop_lut3_I2_O)        0.299     4.506 f  gru_bin_version_wrapper/gru_bin_version/gru_bin_version_axi_mem_intercon_0/s00_couplers_imp_1UT69KP/gru_bin_version_axi_mem_intercon_imp_auto_pc_0/gru_bin_version_axi_mem_intercon_imp_auto_pc_0_axi_protocol_converter_v2_1_37_axi_protocol_converter/gru_bin_version_axi_mem_intercon_imp_auto_pc_0_axi_protocol_converter_v2_1_37_axi3_conv/gru_bin_version_axi_mem_intercon_imp_auto_pc_0_axi_protocol_converter_v2_1_37_a_axi3_conv/gru_bin_version_axi_mem_intercon_imp_auto_pc_0_axi_data_fifo_v2_1_36_axic_fifo/gru_bin_version_axi_mem_intercon_imp_auto_pc_0_axi_data_fifo_v2_1_36_fifo_gen/<hidden>/<hidden>/<hidden>/<hidden>/<hidden>
                         net (fo=33, routed)          1.366     5.872    gru_bin_version_wrapper/gru_bin_version/gru_bin_version_axi_mem_intercon_0/s00_couplers_imp_1UT69KP/gru_bin_version_axi_mem_intercon_imp_auto_pc_0/gru_bin_version_axi_mem_intercon_imp_auto_pc_0_axi_protocol_converter_v2_1_37_axi_protocol_converter/gru_bin_version_axi_mem_intercon_imp_auto_pc_0_axi_protocol_converter_v2_1_37_axi3_conv/gru_bin_version_axi_mem_intercon_imp_auto_pc_0_axi_protocol_converter_v2_1_37_a_axi3_conv/gru_bin_version_axi_mem_intercon_imp_auto_pc_0_axi_data_fifo_v2_1_36_axic_fifo/gru_bin_version_axi_mem_intercon_imp_auto_pc_0_axi_data_fifo_v2_1_36_fifo_gen/<hidden>/<hidden>/<hidden>/<hidden>/<hidden>/<hidden>
    SLICE_X37Y78         FDCE                                         f  gru_bin_version_wrapper/gru_bin_version/gru_bin_version_axi_mem_intercon_0/s00_couplers_imp_1UT69KP/gru_bin_version_axi_mem_intercon_imp_auto_pc_0/gru_bin_version_axi_mem_intercon_imp_auto_pc_0_axi_protocol_converter_v2_1_37_axi_protocol_converter/gru_bin_version_axi_mem_intercon_imp_auto_pc_0_axi_protocol_converter_v2_1_37_axi3_conv/gru_bin_version_axi_mem_intercon_imp_auto_pc_0_axi_protocol_converter_v2_1_37_a_axi3_conv/gru_bin_version_axi_mem_intercon_imp_auto_pc_0_axi_data_fifo_v2_1_36_axic_fifo/gru_bin_version_axi_mem_intercon_imp_auto_pc_0_axi_data_fifo_v2_1_36_fifo_gen/<hidden>/<hidden>/<hidden>/<hidden>/<hidden>/<hidden>
  -------------------------------------------------------------------    -------------------

                         (clock clk_fpga_0 rise edge)
                                                     10.000    10.000 r  
    PS7_X0Y0             PS7                          0.000    10.000 r  gru_bin_version_i/processing_system7_0/inst/PS7_i/FCLKCLK[0]
                         net (fo=1, routed)           1.088    11.088    gru_bin_version_i/processing_system7_0/inst/FCLK_CLK_unbuffered[0]
    BUFGCTRL_X0Y16       BUFG (Prop_bufg_I_O)         0.091    11.179 r  gru_bin_version_i/processing_system7_0/inst/buffer_fclk_clk_0.FCLK_CLK_0_BUFG/O
                         net (fo=25495, routed)       1.467    12.646    gru_bin_version_wrapper/gru_bin_version/gru_bin_version_axi_mem_intercon_0/s00_couplers_imp_1UT69KP/gru_bin_version_axi_mem_intercon_imp_auto_pc_0/gru_bin_version_axi_mem_intercon_imp_auto_pc_0_axi_protocol_converter_v2_1_37_axi_protocol_converter/gru_bin_version_axi_mem_intercon_imp_auto_pc_0_axi_protocol_converter_v2_1_37_axi3_conv/gru_bin_version_axi_mem_intercon_imp_auto_pc_0_axi_protocol_converter_v2_1_37_a_axi3_conv/gru_bin_version_axi_mem_intercon_imp_auto_pc_0_axi_data_fifo_v2_1_36_axic_fifo/gru_bin_version_axi_mem_intercon_imp_auto_pc_0_axi_data_fifo_v2_1_36_fifo_gen/<hidden>/<hidden>/<hidden>/<hidden>/<hidden>/<hidden>
    SLICE_X37Y78         FDCE                                         r  gru_bin_version_wrapper/gru_bin_version/gru_bin_version_axi_mem_intercon_0/s00_couplers_imp_1UT69KP/gru_bin_version_axi_mem_intercon_imp_auto_pc_0/gru_bin_version_axi_mem_intercon_imp_auto_pc_0_axi_protocol_converter_v2_1_37_axi_protocol_converter/gru_bin_version_axi_mem_intercon_imp_auto_pc_0_axi_protocol_converter_v2_1_37_axi3_conv/gru_bin_version_axi_mem_intercon_imp_auto_pc_0_axi_protocol_converter_v2_1_37_a_axi3_conv/gru_bin_version_axi_mem_intercon_imp_auto_pc_0_axi_data_fifo_v2_1_36_axic_fifo/gru_bin_version_axi_mem_intercon_imp_auto_pc_0_axi_data_fifo_v2_1_36_fifo_gen/<hidden>/<hidden>/<hidden>/<hidden>/<hidden>/<hidden>
                         clock pessimism              0.229    12.875    
                         clock uncertainty           -0.154    12.721    
    SLICE_X37Y78         FDCE (Recov_fdce_C_CLR)     -0.405    12.316    gru_bin_version_wrapper/gru_bin_version/gru_bin_version_axi_mem_intercon_0/s00_couplers_imp_1UT69KP/gru_bin_version_axi_mem_intercon_imp_auto_pc_0/gru_bin_version_axi_mem_intercon_imp_auto_pc_0_axi_protocol_converter_v2_1_37_axi_protocol_converter/gru_bin_version_axi_mem_intercon_imp_auto_pc_0_axi_protocol_converter_v2_1_37_axi3_conv/gru_bin_version_axi_mem_intercon_imp_auto_pc_0_axi_protocol_converter_v2_1_37_a_axi3_conv/gru_bin_version_axi_mem_intercon_imp_auto_pc_0_axi_data_fifo_v2_1_36_axic_fifo/gru_bin_version_axi_mem_intercon_imp_auto_pc_0_axi_data_fifo_v2_1_36_fifo_gen/<hidden>/<hidden>/<hidden>/<hidden>/<hidden>/<hidden>
  -------------------------------------------------------------------
                         required time                         12.316    
                         arrival time                          -5.872    
  -------------------------------------------------------------------
                         slack                                  6.444    

Slack (MET) :             6.486ns  (required time - arrival time)
  Source:                 gru_bin_version_wrapper/gru_bin_version/gru_bin_version_axi_mem_intercon_0/s01_couplers_imp_NNMS53/gru_bin_version_axi_mem_intercon_imp_auto_pc_1/gru_bin_version_axi_mem_intercon_imp_auto_pc_1_axi_protocol_converter_v2_1_37_axi_protocol_converter/gru_bin_version_axi_mem_intercon_imp_auto_pc_1_axi_protocol_converter_v2_1_37_axi3_conv/gru_bin_version_axi_mem_intercon_imp_auto_pc_1_axi_protocol_converter_v2_1_37_a_axi3_conv/gru_bin_version_axi_mem_intercon_imp_auto_pc_1_axi_data_fifo_v2_1_36_axic_fifo/gru_bin_version_axi_mem_intercon_imp_auto_pc_1_axi_data_fifo_v2_1_36_fifo_gen_1/<hidden>/<hidden>/<hidden>/<hidden>/<hidden>/<hidden>
                            (rising edge-triggered cell FDPE clocked by clk_fpga_0  {rise@0.000ns fall@5.000ns period=10.000ns})
  Destination:            gru_bin_version_wrapper/gru_bin_version/gru_bin_version_axi_mem_intercon_0/s01_couplers_imp_NNMS53/gru_bin_version_axi_mem_intercon_imp_auto_pc_1/gru_bin_version_axi_mem_intercon_imp_auto_pc_1_axi_protocol_converter_v2_1_37_axi_protocol_converter/gru_bin_version_axi_mem_intercon_imp_auto_pc_1_axi_protocol_converter_v2_1_37_axi3_conv/gru_bin_version_axi_mem_intercon_imp_auto_pc_1_axi_protocol_converter_v2_1_37_a_axi3_conv/gru_bin_version_axi_mem_intercon_imp_auto_pc_1_axi_data_fifo_v2_1_36_axic_fifo/gru_bin_version_axi_mem_intercon_imp_auto_pc_1_axi_data_fifo_v2_1_36_fifo_gen_1/<hidden>/<hidden>/<hidden>/<hidden>/<hidden>/<hidden>
                            (recovery check against rising-edge clock clk_fpga_0  {rise@0.000ns fall@5.000ns period=10.000ns})
  Path Group:             **async_default**
  Path Type:              Recovery (Max at Slow Process Corner)
  Requirement:            10.000ns  (clk_fpga_0 rise@10.000ns - clk_fpga_0 rise@0.000ns)
  Data Path Delay:        2.895ns  (logic 0.773ns (26.701%)  route 2.122ns (73.299%))
  Logic Levels:           1  (LUT3=1)
  Clock Path Skew:        -0.104ns (DCD - SCD + CPR)
    Destination Clock Delay (DCD):    2.646ns = ( 12.646 - 10.000 ) 
    Source Clock Delay      (SCD):    2.979ns
    Clock Pessimism Removal (CPR):    0.229ns
  Clock Uncertainty:      0.154ns  ((TSJ^2 + TIJ^2)^1/2 + DJ) / 2 + PE
    Total System Jitter     (TSJ):    0.071ns
    Total Input Jitter      (TIJ):    0.300ns
    Discrete Jitter          (DJ):    0.000ns
    Phase Error              (PE):    0.000ns

    Location             Delay type                Incr(ns)  Path(ns)    Netlist Resource(s)
  -------------------------------------------------------------------    -------------------
                         (clock clk_fpga_0 rise edge)
                                                      0.000     0.000 r  
    PS7_X0Y0             PS7                          0.000     0.000 r  gru_bin_version_i/processing_system7_0/inst/PS7_i/FCLKCLK[0]
                         net (fo=1, routed)           1.193     1.193    gru_bin_version_i/processing_system7_0/inst/FCLK_CLK_unbuffered[0]
    BUFGCTRL_X0Y16       BUFG (Prop_bufg_I_O)         0.101     1.294 r  gru_bin_version_i/processing_system7_0/inst/buffer_fclk_clk_0.FCLK_CLK_0_BUFG/O
                         net (fo=25495, routed)       1.685     2.979    gru_bin_version_wrapper/gru_bin_version/gru_bin_version_axi_mem_intercon_0/s01_couplers_imp_NNMS53/gru_bin_version_axi_mem_intercon_imp_auto_pc_1/gru_bin_version_axi_mem_intercon_imp_auto_pc_1_axi_protocol_converter_v2_1_37_axi_protocol_converter/gru_bin_version_axi_mem_intercon_imp_auto_pc_1_axi_protocol_converter_v2_1_37_axi3_conv/gru_bin_version_axi_mem_intercon_imp_auto_pc_1_axi_protocol_converter_v2_1_37_a_axi3_conv/gru_bin_version_axi_mem_intercon_imp_auto_pc_1_axi_data_fifo_v2_1_36_axic_fifo/gru_bin_version_axi_mem_intercon_imp_auto_pc_1_axi_data_fifo_v2_1_36_fifo_gen_1/<hidden>/<hidden>/<hidden>/<hidden>/<hidden>/<hidden>
    SLICE_X30Y78         FDPE                                         r  gru_bin_version_wrapper/gru_bin_version/gru_bin_version_axi_mem_intercon_0/s01_couplers_imp_NNMS53/gru_bin_version_axi_mem_intercon_imp_auto_pc_1/gru_bin_version_axi_mem_intercon_imp_auto_pc_1_axi_protocol_converter_v2_1_37_axi_protocol_converter/gru_bin_version_axi_mem_intercon_imp_auto_pc_1_axi_protocol_converter_v2_1_37_axi3_conv/gru_bin_version_axi_mem_intercon_imp_auto_pc_1_axi_protocol_converter_v2_1_37_a_axi3_conv/gru_bin_version_axi_mem_intercon_imp_auto_pc_1_axi_data_fifo_v2_1_36_axic_fifo/gru_bin_version_axi_mem_intercon_imp_auto_pc_1_axi_data_fifo_v2_1_36_fifo_gen_1/<hidden>/<hidden>/<hidden>/<hidden>/<hidden>/<hidden>
  -------------------------------------------------------------------    -------------------
    SLICE_X30Y78         FDPE (Prop_fdpe_C_Q)         0.478     3.457 f  gru_bin_version_wrapper/gru_bin_version/gru_bin_version_axi_mem_intercon_0/s01_couplers_imp_NNMS53/gru_bin_version_axi_mem_intercon_imp_auto_pc_1/gru_bin_version_axi_mem_intercon_imp_auto_pc_1_axi_protocol_converter_v2_1_37_axi_protocol_converter/gru_bin_version_axi_mem_intercon_imp_auto_pc_1_axi_protocol_converter_v2_1_37_axi3_conv/gru_bin_version_axi_mem_intercon_imp_auto_pc_1_axi_protocol_converter_v2_1_37_a_axi3_conv/gru_bin_version_axi_mem_intercon_imp_auto_pc_1_axi_data_fifo_v2_1_36_axic_fifo/gru_bin_version_axi_mem_intercon_imp_auto_pc_1_axi_data_fifo_v2_1_36_fifo_gen_1/<hidden>/<hidden>/<hidden>/<hidden>/<hidden>/<hidden>
                         net (fo=3, routed)           0.859     4.316    gru_bin_version_wrapper/gru_bin_version/gru_bin_version_axi_mem_intercon_0/s01_couplers_imp_NNMS53/gru_bin_version_axi_mem_intercon_imp_auto_pc_1/gru_bin_version_axi_mem_intercon_imp_auto_pc_1_axi_protocol_converter_v2_1_37_axi_protocol_converter/gru_bin_version_axi_mem_intercon_imp_auto_pc_1_axi_protocol_converter_v2_1_37_axi3_conv/gru_bin_version_axi_mem_intercon_imp_auto_pc_1_axi_protocol_converter_v2_1_37_a_axi3_conv/gru_bin_version_axi_mem_intercon_imp_auto_pc_1_axi_data_fifo_v2_1_36_axic_fifo/gru_bin_version_axi_mem_intercon_imp_auto_pc_1_axi_data_fifo_v2_1_36_fifo_gen_1/<hidden>/<hidden>/<hidden>/<hidden>/<hidden>
    SLICE_X32Y77         LUT3 (Prop_lut3_I2_O)        0.295     4.611 f  gru_bin_version_wrapper/gru_bin_version/gru_bin_version_axi_mem_intercon_0/s01_couplers_imp_NNMS53/gru_bin_version_axi_mem_intercon_imp_auto_pc_1/gru_bin_version_axi_mem_intercon_imp_auto_pc_1_axi_protocol_converter_v2_1_37_axi_protocol_converter/gru_bin_version_axi_mem_intercon_imp_auto_pc_1_axi_protocol_converter_v2_1_37_axi3_conv/gru_bin_version_axi_mem_intercon_imp_auto_pc_1_axi_protocol_converter_v2_1_37_a_axi3_conv/gru_bin_version_axi_mem_intercon_imp_auto_pc_1_axi_data_fifo_v2_1_36_axic_fifo/gru_bin_version_axi_mem_intercon_imp_auto_pc_1_axi_data_fifo_v2_1_36_fifo_gen_1/<hidden>/<hidden>/<hidden>/<hidden>/<hidden>
                         net (fo=32, routed)          1.263     5.874    gru_bin_version_wrapper/gru_bin_version/gru_bin_version_axi_mem_intercon_0/s01_couplers_imp_NNMS53/gru_bin_version_axi_mem_intercon_imp_auto_pc_1/gru_bin_version_axi_mem_intercon_imp_auto_pc_1_axi_protocol_converter_v2_1_37_axi_protocol_converter/gru_bin_version_axi_mem_intercon_imp_auto_pc_1_axi_protocol_converter_v2_1_37_axi3_conv/gru_bin_version_axi_mem_intercon_imp_auto_pc_1_axi_protocol_converter_v2_1_37_a_axi3_conv/gru_bin_version_axi_mem_intercon_imp_auto_pc_1_axi_data_fifo_v2_1_36_axic_fifo/gru_bin_version_axi_mem_intercon_imp_auto_pc_1_axi_data_fifo_v2_1_36_fifo_gen_1/<hidden>/<hidden>/<hidden>/<hidden>/<hidden>/<hidden>
    SLICE_X36Y78         FDCE                                         f  gru_bin_version_wrapper/gru_bin_version/gru_bin_version_axi_mem_intercon_0/s01_couplers_imp_NNMS53/gru_bin_version_axi_mem_intercon_imp_auto_pc_1/gru_bin_version_axi_mem_intercon_imp_auto_pc_1_axi_protocol_converter_v2_1_37_axi_protocol_converter/gru_bin_version_axi_mem_intercon_imp_auto_pc_1_axi_protocol_converter_v2_1_37_axi3_conv/gru_bin_version_axi_mem_intercon_imp_auto_pc_1_axi_protocol_converter_v2_1_37_a_axi3_conv/gru_bin_version_axi_mem_intercon_imp_auto_pc_1_axi_data_fifo_v2_1_36_axic_fifo/gru_bin_version_axi_mem_intercon_imp_auto_pc_1_axi_data_fifo_v2_1_36_fifo_gen_1/<hidden>/<hidden>/<hidden>/<hidden>/<hidden>/<hidden>
  -------------------------------------------------------------------    -------------------

                         (clock clk_fpga_0 rise edge)
                                                     10.000    10.000 r  
    PS7_X0Y0             PS7                          0.000    10.000 r  gru_bin_version_i/processing_system7_0/inst/PS7_i/FCLKCLK[0]
                         net (fo=1, routed)           1.088    11.088    gru_bin_version_i/processing_system7_0/inst/FCLK_CLK_unbuffered[0]
    BUFGCTRL_X0Y16       BUFG (Prop_bufg_I_O)         0.091    11.179 r  gru_bin_version_i/processing_system7_0/inst/buffer_fclk_clk_0.FCLK_CLK_0_BUFG/O
                         net (fo=25495, routed)       1.467    12.646    gru_bin_version_wrapper/gru_bin_version/gru_bin_version_axi_mem_intercon_0/s01_couplers_imp_NNMS53/gru_bin_version_axi_mem_intercon_imp_auto_pc_1/gru_bin_version_axi_mem_intercon_imp_auto_pc_1_axi_protocol_converter_v2_1_37_axi_protocol_converter/gru_bin_version_axi_mem_intercon_imp_auto_pc_1_axi_protocol_converter_v2_1_37_axi3_conv/gru_bin_version_axi_mem_intercon_imp_auto_pc_1_axi_protocol_converter_v2_1_37_a_axi3_conv/gru_bin_version_axi_mem_intercon_imp_auto_pc_1_axi_data_fifo_v2_1_36_axic_fifo/gru_bin_version_axi_mem_intercon_imp_auto_pc_1_axi_data_fifo_v2_1_36_fifo_gen_1/<hidden>/<hidden>/<hidden>/<hidden>/<hidden>/<hidden>
    SLICE_X36Y78         FDCE                                         r  gru_bin_version_wrapper/gru_bin_version/gru_bin_version_axi_mem_intercon_0/s01_couplers_imp_NNMS53/gru_bin_version_axi_mem_intercon_imp_auto_pc_1/gru_bin_version_axi_mem_intercon_imp_auto_pc_1_axi_protocol_converter_v2_1_37_axi_protocol_converter/gru_bin_version_axi_mem_intercon_imp_auto_pc_1_axi_protocol_converter_v2_1_37_axi3_conv/gru_bin_version_axi_mem_intercon_imp_auto_pc_1_axi_protocol_converter_v2_1_37_a_axi3_conv/gru_bin_version_axi_mem_intercon_imp_auto_pc_1_axi_data_fifo_v2_1_36_axic_fifo/gru_bin_version_axi_mem_intercon_imp_auto_pc_1_axi_data_fifo_v2_1_36_fifo_gen_1/<hidden>/<hidden>/<hidden>/<hidden>/<hidden>/<hidden>
                         clock pessimism              0.229    12.875    
                         clock uncertainty           -0.154    12.721    
    SLICE_X36Y78         FDCE (Recov_fdce_C_CLR)     -0.361    12.360    gru_bin_version_wrapper/gru_bin_version/gru_bin_version_axi_mem_intercon_0/s01_couplers_imp_NNMS53/gru_bin_version_axi_mem_intercon_imp_auto_pc_1/gru_bin_version_axi_mem_intercon_imp_auto_pc_1_axi_protocol_converter_v2_1_37_axi_protocol_converter/gru_bin_version_axi_mem_intercon_imp_auto_pc_1_axi_protocol_converter_v2_1_37_axi3_conv/gru_bin_version_axi_mem_intercon_imp_auto_pc_1_axi_protocol_converter_v2_1_37_a_axi3_conv/gru_bin_version_axi_mem_intercon_imp_auto_pc_1_axi_data_fifo_v2_1_36_axic_fifo/gru_bin_version_axi_mem_intercon_imp_auto_pc_1_axi_data_fifo_v2_1_36_fifo_gen_1/<hidden>/<hidden>/<hidden>/<hidden>/<hidden>/<hidden>
  -------------------------------------------------------------------
                         required time                         12.360    
                         arrival time                          -5.874    
  -------------------------------------------------------------------
                         slack                                  6.486    

Slack (MET) :             6.486ns  (required time - arrival time)
  Source:                 gru_bin_version_wrapper/gru_bin_version/gru_bin_version_axi_mem_intercon_0/s01_couplers_imp_NNMS53/gru_bin_version_axi_mem_intercon_imp_auto_pc_1/gru_bin_version_axi_mem_intercon_imp_auto_pc_1_axi_protocol_converter_v2_1_37_axi_protocol_converter/gru_bin_version_axi_mem_intercon_imp_auto_pc_1_axi_protocol_converter_v2_1_37_axi3_conv/gru_bin_version_axi_mem_intercon_imp_auto_pc_1_axi_protocol_converter_v2_1_37_a_axi3_conv/gru_bin_version_axi_mem_intercon_imp_auto_pc_1_axi_data_fifo_v2_1_36_axic_fifo/gru_bin_version_axi_mem_intercon_imp_auto_pc_1_axi_data_fifo_v2_1_36_fifo_gen_1/<hidden>/<hidden>/<hidden>/<hidden>/<hidden>/<hidden>
                            (rising edge-triggered cell FDPE clocked by clk_fpga_0  {rise@0.000ns fall@5.000ns period=10.000ns})
  Destination:            gru_bin_version_wrapper/gru_bin_version/gru_bin_version_axi_mem_intercon_0/s01_couplers_imp_NNMS53/gru_bin_version_axi_mem_intercon_imp_auto_pc_1/gru_bin_version_axi_mem_intercon_imp_auto_pc_1_axi_protocol_converter_v2_1_37_axi_protocol_converter/gru_bin_version_axi_mem_intercon_imp_auto_pc_1_axi_protocol_converter_v2_1_37_axi3_conv/gru_bin_version_axi_mem_intercon_imp_auto_pc_1_axi_protocol_converter_v2_1_37_a_axi3_conv/gru_bin_version_axi_mem_intercon_imp_auto_pc_1_axi_data_fifo_v2_1_36_axic_fifo/gru_bin_version_axi_mem_intercon_imp_auto_pc_1_axi_data_fifo_v2_1_36_fifo_gen_1/<hidden>/<hidden>/<hidden>/<hidden>/<hidden>/<hidden>
                            (recovery check against rising-edge clock clk_fpga_0  {rise@0.000ns fall@5.000ns period=10.000ns})
  Path Group:             **async_default**
  Path Type:              Recovery (Max at Slow Process Corner)
  Requirement:            10.000ns  (clk_fpga_0 rise@10.000ns - clk_fpga_0 rise@0.000ns)
  Data Path Delay:        2.895ns  (logic 0.773ns (26.701%)  route 2.122ns (73.299%))
  Logic Levels:           1  (LUT3=1)
  Clock Path Skew:        -0.104ns (DCD - SCD + CPR)
    Destination Clock Delay (DCD):    2.646ns = ( 12.646 - 10.000 ) 
    Source Clock Delay      (SCD):    2.979ns
    Clock Pessimism Removal (CPR):    0.229ns
  Clock Uncertainty:      0.154ns  ((TSJ^2 + TIJ^2)^1/2 + DJ) / 2 + PE
    Total System Jitter     (TSJ):    0.071ns
    Total Input Jitter      (TIJ):    0.300ns
    Discrete Jitter          (DJ):    0.000ns
    Phase Error              (PE):    0.000ns

    Location             Delay type                Incr(ns)  Path(ns)    Netlist Resource(s)
  -------------------------------------------------------------------    -------------------
                         (clock clk_fpga_0 rise edge)
                                                      0.000     0.000 r  
    PS7_X0Y0             PS7                          0.000     0.000 r  gru_bin_version_i/processing_system7_0/inst/PS7_i/FCLKCLK[0]
                         net (fo=1, routed)           1.193     1.193    gru_bin_version_i/processing_system7_0/inst/FCLK_CLK_unbuffered[0]
    BUFGCTRL_X0Y16       BUFG (Prop_bufg_I_O)         0.101     1.294 r  gru_bin_version_i/processing_system7_0/inst/buffer_fclk_clk_0.FCLK_CLK_0_BUFG/O
                         net (fo=25495, routed)       1.685     2.979    gru_bin_version_wrapper/gru_bin_version/gru_bin_version_axi_mem_intercon_0/s01_couplers_imp_NNMS53/gru_bin_version_axi_mem_intercon_imp_auto_pc_1/gru_bin_version_axi_mem_intercon_imp_auto_pc_1_axi_protocol_converter_v2_1_37_axi_protocol_converter/gru_bin_version_axi_mem_intercon_imp_auto_pc_1_axi_protocol_converter_v2_1_37_axi3_conv/gru_bin_version_axi_mem_intercon_imp_auto_pc_1_axi_protocol_converter_v2_1_37_a_axi3_conv/gru_bin_version_axi_mem_intercon_imp_auto_pc_1_axi_data_fifo_v2_1_36_axic_fifo/gru_bin_version_axi_mem_intercon_imp_auto_pc_1_axi_data_fifo_v2_1_36_fifo_gen_1/<hidden>/<hidden>/<hidden>/<hidden>/<hidden>/<hidden>
    SLICE_X30Y78         FDPE                                         r  gru_bin_version_wrapper/gru_bin_version/gru_bin_version_axi_mem_intercon_0/s01_couplers_imp_NNMS53/gru_bin_version_axi_mem_intercon_imp_auto_pc_1/gru_bin_version_axi_mem_intercon_imp_auto_pc_1_axi_protocol_converter_v2_1_37_axi_protocol_converter/gru_bin_version_axi_mem_intercon_imp_auto_pc_1_axi_protocol_converter_v2_1_37_axi3_conv/gru_bin_version_axi_mem_intercon_imp_auto_pc_1_axi_protocol_converter_v2_1_37_a_axi3_conv/gru_bin_version_axi_mem_intercon_imp_auto_pc_1_axi_data_fifo_v2_1_36_axic_fifo/gru_bin_version_axi_mem_intercon_imp_auto_pc_1_axi_data_fifo_v2_1_36_fifo_gen_1/<hidden>/<hidden>/<hidden>/<hidden>/<hidden>/<hidden>
  -------------------------------------------------------------------    -------------------
    SLICE_X30Y78         FDPE (Prop_fdpe_C_Q)         0.478     3.457 f  gru_bin_version_wrapper/gru_bin_version/gru_bin_version_axi_mem_intercon_0/s01_couplers_imp_NNMS53/gru_bin_version_axi_mem_intercon_imp_auto_pc_1/gru_bin_version_axi_mem_intercon_imp_auto_pc_1_axi_protocol_converter_v2_1_37_axi_protocol_converter/gru_bin_version_axi_mem_intercon_imp_auto_pc_1_axi_protocol_converter_v2_1_37_axi3_conv/gru_bin_version_axi_mem_intercon_imp_auto_pc_1_axi_protocol_converter_v2_1_37_a_axi3_conv/gru_bin_version_axi_mem_intercon_imp_auto_pc_1_axi_data_fifo_v2_1_36_axic_fifo/gru_bin_version_axi_mem_intercon_imp_auto_pc_1_axi_data_fifo_v2_1_36_fifo_gen_1/<hidden>/<hidden>/<hidden>/<hidden>/<hidden>/<hidden>
                         net (fo=3, routed)           0.859     4.316    gru_bin_version_wrapper/gru_bin_version/gru_bin_version_axi_mem_intercon_0/s01_couplers_imp_NNMS53/gru_bin_version_axi_mem_intercon_imp_auto_pc_1/gru_bin_version_axi_mem_intercon_imp_auto_pc_1_axi_protocol_converter_v2_1_37_axi_protocol_converter/gru_bin_version_axi_mem_intercon_imp_auto_pc_1_axi_protocol_converter_v2_1_37_axi3_conv/gru_bin_version_axi_mem_intercon_imp_auto_pc_1_axi_protocol_converter_v2_1_37_a_axi3_conv/gru_bin_version_axi_mem_intercon_imp_auto_pc_1_axi_data_fifo_v2_1_36_axic_fifo/gru_bin_version_axi_mem_intercon_imp_auto_pc_1_axi_data_fifo_v2_1_36_fifo_gen_1/<hidden>/<hidden>/<hidden>/<hidden>/<hidden>
    SLICE_X32Y77         LUT3 (Prop_lut3_I2_O)        0.295     4.611 f  gru_bin_version_wrapper/gru_bin_version/gru_bin_version_axi_mem_intercon_0/s01_couplers_imp_NNMS53/gru_bin_version_axi_mem_intercon_imp_auto_pc_1/gru_bin_version_axi_mem_intercon_imp_auto_pc_1_axi_protocol_converter_v2_1_37_axi_protocol_converter/gru_bin_version_axi_mem_intercon_imp_auto_pc_1_axi_protocol_converter_v2_1_37_axi3_conv/gru_bin_version_axi_mem_intercon_imp_auto_pc_1_axi_protocol_converter_v2_1_37_a_axi3_conv/gru_bin_version_axi_mem_intercon_imp_auto_pc_1_axi_data_fifo_v2_1_36_axic_fifo/gru_bin_version_axi_mem_intercon_imp_auto_pc_1_axi_data_fifo_v2_1_36_fifo_gen_1/<hidden>/<hidden>/<hidden>/<hidden>/<hidden>
                         net (fo=32, routed)          1.263     5.874    gru_bin_version_wrapper/gru_bin_version/gru_bin_version_axi_mem_intercon_0/s01_couplers_imp_NNMS53/gru_bin_version_axi_mem_intercon_imp_auto_pc_1/gru_bin_version_axi_mem_intercon_imp_auto_pc_1_axi_protocol_converter_v2_1_37_axi_protocol_converter/gru_bin_version_axi_mem_intercon_imp_auto_pc_1_axi_protocol_converter_v2_1_37_axi3_conv/gru_bin_version_axi_mem_intercon_imp_auto_pc_1_axi_protocol_converter_v2_1_37_a_axi3_conv/gru_bin_version_axi_mem_intercon_imp_auto_pc_1_axi_data_fifo_v2_1_36_axic_fifo/gru_bin_version_axi_mem_intercon_imp_auto_pc_1_axi_data_fifo_v2_1_36_fifo_gen_1/<hidden>/<hidden>/<hidden>/<hidden>/<hidden>/<hidden>
    SLICE_X36Y78         FDCE                                         f  gru_bin_version_wrapper/gru_bin_version/gru_bin_version_axi_mem_intercon_0/s01_couplers_imp_NNMS53/gru_bin_version_axi_mem_intercon_imp_auto_pc_1/gru_bin_version_axi_mem_intercon_imp_auto_pc_1_axi_protocol_converter_v2_1_37_axi_protocol_converter/gru_bin_version_axi_mem_intercon_imp_auto_pc_1_axi_protocol_converter_v2_1_37_axi3_conv/gru_bin_version_axi_mem_intercon_imp_auto_pc_1_axi_protocol_converter_v2_1_37_a_axi3_conv/gru_bin_version_axi_mem_intercon_imp_auto_pc_1_axi_data_fifo_v2_1_36_axic_fifo/gru_bin_version_axi_mem_intercon_imp_auto_pc_1_axi_data_fifo_v2_1_36_fifo_gen_1/<hidden>/<hidden>/<hidden>/<hidden>/<hidden>/<hidden>
  -------------------------------------------------------------------    -------------------

                         (clock clk_fpga_0 rise edge)
                                                     10.000    10.000 r  
    PS7_X0Y0             PS7                          0.000    10.000 r  gru_bin_version_i/processing_system7_0/inst/PS7_i/FCLKCLK[0]
                         net (fo=1, routed)           1.088    11.088    gru_bin_version_i/processing_system7_0/inst/FCLK_CLK_unbuffered[0]
    BUFGCTRL_X0Y16       BUFG (Prop_bufg_I_O)         0.091    11.179 r  gru_bin_version_i/processing_system7_0/inst/buffer_fclk_clk_0.FCLK_CLK_0_BUFG/O
                         net (fo=25495, routed)       1.467    12.646    gru_bin_version_wrapper/gru_bin_version/gru_bin_version_axi_mem_intercon_0/s01_couplers_imp_NNMS53/gru_bin_version_axi_mem_intercon_imp_auto_pc_1/gru_bin_version_axi_mem_intercon_imp_auto_pc_1_axi_protocol_converter_v2_1_37_axi_protocol_converter/gru_bin_version_axi_mem_intercon_imp_auto_pc_1_axi_protocol_converter_v2_1_37_axi3_conv/gru_bin_version_axi_mem_intercon_imp_auto_pc_1_axi_protocol_converter_v2_1_37_a_axi3_conv/gru_bin_version_axi_mem_intercon_imp_auto_pc_1_axi_data_fifo_v2_1_36_axic_fifo/gru_bin_version_axi_mem_intercon_imp_auto_pc_1_axi_data_fifo_v2_1_36_fifo_gen_1/<hidden>/<hidden>/<hidden>/<hidden>/<hidden>/<hidden>
    SLICE_X36Y78         FDCE                                         r  gru_bin_version_wrapper/gru_bin_version/gru_bin_version_axi_mem_intercon_0/s01_couplers_imp_NNMS53/gru_bin_version_axi_mem_intercon_imp_auto_pc_1/gru_bin_version_axi_mem_intercon_imp_auto_pc_1_axi_protocol_converter_v2_1_37_axi_protocol_converter/gru_bin_version_axi_mem_intercon_imp_auto_pc_1_axi_protocol_converter_v2_1_37_axi3_conv/gru_bin_version_axi_mem_intercon_imp_auto_pc_1_axi_protocol_converter_v2_1_37_a_axi3_conv/gru_bin_version_axi_mem_intercon_imp_auto_pc_1_axi_data_fifo_v2_1_36_axic_fifo/gru_bin_version_axi_mem_intercon_imp_auto_pc_1_axi_data_fifo_v2_1_36_fifo_gen_1/<hidden>/<hidden>/<hidden>/<hidden>/<hidden>/<hidden>
                         clock pessimism              0.229    12.875    
                         clock uncertainty           -0.154    12.721    
    SLICE_X36Y78         FDCE (Recov_fdce_C_CLR)     -0.361    12.360    gru_bin_version_wrapper/gru_bin_version/gru_bin_version_axi_mem_intercon_0/s01_couplers_imp_NNMS53/gru_bin_version_axi_mem_intercon_imp_auto_pc_1/gru_bin_version_axi_mem_intercon_imp_auto_pc_1_axi_protocol_converter_v2_1_37_axi_protocol_converter/gru_bin_version_axi_mem_intercon_imp_auto_pc_1_axi_protocol_converter_v2_1_37_axi3_conv/gru_bin_version_axi_mem_intercon_imp_auto_pc_1_axi_protocol_converter_v2_1_37_a_axi3_conv/gru_bin_version_axi_mem_intercon_imp_auto_pc_1_axi_data_fifo_v2_1_36_axic_fifo/gru_bin_version_axi_mem_intercon_imp_auto_pc_1_axi_data_fifo_v2_1_36_fifo_gen_1/<hidden>/<hidden>/<hidden>/<hidden>/<hidden>/<hidden>
  -------------------------------------------------------------------
                         required time                         12.360    
                         arrival time                          -5.874    
  -------------------------------------------------------------------
                         slack                                  6.486    

Slack (MET) :             6.486ns  (required time - arrival time)
  Source:                 gru_bin_version_wrapper/gru_bin_version/gru_bin_version_axi_mem_intercon_0/s01_couplers_imp_NNMS53/gru_bin_version_axi_mem_intercon_imp_auto_pc_1/gru_bin_version_axi_mem_intercon_imp_auto_pc_1_axi_protocol_converter_v2_1_37_axi_protocol_converter/gru_bin_version_axi_mem_intercon_imp_auto_pc_1_axi_protocol_converter_v2_1_37_axi3_conv/gru_bin_version_axi_mem_intercon_imp_auto_pc_1_axi_protocol_converter_v2_1_37_a_axi3_conv/gru_bin_version_axi_mem_intercon_imp_auto_pc_1_axi_data_fifo_v2_1_36_axic_fifo/gru_bin_version_axi_mem_intercon_imp_auto_pc_1_axi_data_fifo_v2_1_36_fifo_gen_1/<hidden>/<hidden>/<hidden>/<hidden>/<hidden>/<hidden>
                            (rising edge-triggered cell FDPE clocked by clk_fpga_0  {rise@0.000ns fall@5.000ns period=10.000ns})
  Destination:            gru_bin_version_wrapper/gru_bin_version/gru_bin_version_axi_mem_intercon_0/s01_couplers_imp_NNMS53/gru_bin_version_axi_mem_intercon_imp_auto_pc_1/gru_bin_version_axi_mem_intercon_imp_auto_pc_1_axi_protocol_converter_v2_1_37_axi_protocol_converter/gru_bin_version_axi_mem_intercon_imp_auto_pc_1_axi_protocol_converter_v2_1_37_axi3_conv/gru_bin_version_axi_mem_intercon_imp_auto_pc_1_axi_protocol_converter_v2_1_37_a_axi3_conv/gru_bin_version_axi_mem_intercon_imp_auto_pc_1_axi_data_fifo_v2_1_36_axic_fifo/gru_bin_version_axi_mem_intercon_imp_auto_pc_1_axi_data_fifo_v2_1_36_fifo_gen_1/<hidden>/<hidden>/<hidden>/<hidden>/<hidden>/<hidden>
                            (recovery check against rising-edge clock clk_fpga_0  {rise@0.000ns fall@5.000ns period=10.000ns})
  Path Group:             **async_default**
  Path Type:              Recovery (Max at Slow Process Corner)
  Requirement:            10.000ns  (clk_fpga_0 rise@10.000ns - clk_fpga_0 rise@0.000ns)
  Data Path Delay:        2.895ns  (logic 0.773ns (26.701%)  route 2.122ns (73.299%))
  Logic Levels:           1  (LUT3=1)
  Clock Path Skew:        -0.104ns (DCD - SCD + CPR)
    Destination Clock Delay (DCD):    2.646ns = ( 12.646 - 10.000 ) 
    Source Clock Delay      (SCD):    2.979ns
    Clock Pessimism Removal (CPR):    0.229ns
  Clock Uncertainty:      0.154ns  ((TSJ^2 + TIJ^2)^1/2 + DJ) / 2 + PE
    Total System Jitter     (TSJ):    0.071ns
    Total Input Jitter      (TIJ):    0.300ns
    Discrete Jitter          (DJ):    0.000ns
    Phase Error              (PE):    0.000ns

    Location             Delay type                Incr(ns)  Path(ns)    Netlist Resource(s)
  -------------------------------------------------------------------    -------------------
                         (clock clk_fpga_0 rise edge)
                                                      0.000     0.000 r  
    PS7_X0Y0             PS7                          0.000     0.000 r  gru_bin_version_i/processing_system7_0/inst/PS7_i/FCLKCLK[0]
                         net (fo=1, routed)           1.193     1.193    gru_bin_version_i/processing_system7_0/inst/FCLK_CLK_unbuffered[0]
    BUFGCTRL_X0Y16       BUFG (Prop_bufg_I_O)         0.101     1.294 r  gru_bin_version_i/processing_system7_0/inst/buffer_fclk_clk_0.FCLK_CLK_0_BUFG/O
                         net (fo=25495, routed)       1.685     2.979    gru_bin_version_wrapper/gru_bin_version/gru_bin_version_axi_mem_intercon_0/s01_couplers_imp_NNMS53/gru_bin_version_axi_mem_intercon_imp_auto_pc_1/gru_bin_version_axi_mem_intercon_imp_auto_pc_1_axi_protocol_converter_v2_1_37_axi_protocol_converter/gru_bin_version_axi_mem_intercon_imp_auto_pc_1_axi_protocol_converter_v2_1_37_axi3_conv/gru_bin_version_axi_mem_intercon_imp_auto_pc_1_axi_protocol_converter_v2_1_37_a_axi3_conv/gru_bin_version_axi_mem_intercon_imp_auto_pc_1_axi_data_fifo_v2_1_36_axic_fifo/gru_bin_version_axi_mem_intercon_imp_auto_pc_1_axi_data_fifo_v2_1_36_fifo_gen_1/<hidden>/<hidden>/<hidden>/<hidden>/<hidden>/<hidden>
    SLICE_X30Y78         FDPE                                         r  gru_bin_version_wrapper/gru_bin_version/gru_bin_version_axi_mem_intercon_0/s01_couplers_imp_NNMS53/gru_bin_version_axi_mem_intercon_imp_auto_pc_1/gru_bin_version_axi_mem_intercon_imp_auto_pc_1_axi_protocol_converter_v2_1_37_axi_protocol_converter/gru_bin_version_axi_mem_intercon_imp_auto_pc_1_axi_protocol_converter_v2_1_37_axi3_conv/gru_bin_version_axi_mem_intercon_imp_auto_pc_1_axi_protocol_converter_v2_1_37_a_axi3_conv/gru_bin_version_axi_mem_intercon_imp_auto_pc_1_axi_data_fifo_v2_1_36_axic_fifo/gru_bin_version_axi_mem_intercon_imp_auto_pc_1_axi_data_fifo_v2_1_36_fifo_gen_1/<hidden>/<hidden>/<hidden>/<hidden>/<hidden>/<hidden>
  -------------------------------------------------------------------    -------------------
    SLICE_X30Y78         FDPE (Prop_fdpe_C_Q)         0.478     3.457 f  gru_bin_version_wrapper/gru_bin_version/gru_bin_version_axi_mem_intercon_0/s01_couplers_imp_NNMS53/gru_bin_version_axi_mem_intercon_imp_auto_pc_1/gru_bin_version_axi_mem_intercon_imp_auto_pc_1_axi_protocol_converter_v2_1_37_axi_protocol_converter/gru_bin_version_axi_mem_intercon_imp_auto_pc_1_axi_protocol_converter_v2_1_37_axi3_conv/gru_bin_version_axi_mem_intercon_imp_auto_pc_1_axi_protocol_converter_v2_1_37_a_axi3_conv/gru_bin_version_axi_mem_intercon_imp_auto_pc_1_axi_data_fifo_v2_1_36_axic_fifo/gru_bin_version_axi_mem_intercon_imp_auto_pc_1_axi_data_fifo_v2_1_36_fifo_gen_1/<hidden>/<hidden>/<hidden>/<hidden>/<hidden>/<hidden>
                         net (fo=3, routed)           0.859     4.316    gru_bin_version_wrapper/gru_bin_version/gru_bin_version_axi_mem_intercon_0/s01_couplers_imp_NNMS53/gru_bin_version_axi_mem_intercon_imp_auto_pc_1/gru_bin_version_axi_mem_intercon_imp_auto_pc_1_axi_protocol_converter_v2_1_37_axi_protocol_converter/gru_bin_version_axi_mem_intercon_imp_auto_pc_1_axi_protocol_converter_v2_1_37_axi3_conv/gru_bin_version_axi_mem_intercon_imp_auto_pc_1_axi_protocol_converter_v2_1_37_a_axi3_conv/gru_bin_version_axi_mem_intercon_imp_auto_pc_1_axi_data_fifo_v2_1_36_axic_fifo/gru_bin_version_axi_mem_intercon_imp_auto_pc_1_axi_data_fifo_v2_1_36_fifo_gen_1/<hidden>/<hidden>/<hidden>/<hidden>/<hidden>
    SLICE_X32Y77         LUT3 (Prop_lut3_I2_O)        0.295     4.611 f  gru_bin_version_wrapper/gru_bin_version/gru_bin_version_axi_mem_intercon_0/s01_couplers_imp_NNMS53/gru_bin_version_axi_mem_intercon_imp_auto_pc_1/gru_bin_version_axi_mem_intercon_imp_auto_pc_1_axi_protocol_converter_v2_1_37_axi_protocol_converter/gru_bin_version_axi_mem_intercon_imp_auto_pc_1_axi_protocol_converter_v2_1_37_axi3_conv/gru_bin_version_axi_mem_intercon_imp_auto_pc_1_axi_protocol_converter_v2_1_37_a_axi3_conv/gru_bin_version_axi_mem_intercon_imp_auto_pc_1_axi_data_fifo_v2_1_36_axic_fifo/gru_bin_version_axi_mem_intercon_imp_auto_pc_1_axi_data_fifo_v2_1_36_fifo_gen_1/<hidden>/<hidden>/<hidden>/<hidden>/<hidden>
                         net (fo=32, routed)          1.263     5.874    gru_bin_version_wrapper/gru_bin_version/gru_bin_version_axi_mem_intercon_0/s01_couplers_imp_NNMS53/gru_bin_version_axi_mem_intercon_imp_auto_pc_1/gru_bin_version_axi_mem_intercon_imp_auto_pc_1_axi_protocol_converter_v2_1_37_axi_protocol_converter/gru_bin_version_axi_mem_intercon_imp_auto_pc_1_axi_protocol_converter_v2_1_37_axi3_conv/gru_bin_version_axi_mem_intercon_imp_auto_pc_1_axi_protocol_converter_v2_1_37_a_axi3_conv/gru_bin_version_axi_mem_intercon_imp_auto_pc_1_axi_data_fifo_v2_1_36_axic_fifo/gru_bin_version_axi_mem_intercon_imp_auto_pc_1_axi_data_fifo_v2_1_36_fifo_gen_1/<hidden>/<hidden>/<hidden>/<hidden>/<hidden>/<hidden>
    SLICE_X36Y78         FDPE                                         f  gru_bin_version_wrapper/gru_bin_version/gru_bin_version_axi_mem_intercon_0/s01_couplers_imp_NNMS53/gru_bin_version_axi_mem_intercon_imp_auto_pc_1/gru_bin_version_axi_mem_intercon_imp_auto_pc_1_axi_protocol_converter_v2_1_37_axi_protocol_converter/gru_bin_version_axi_mem_intercon_imp_auto_pc_1_axi_protocol_converter_v2_1_37_axi3_conv/gru_bin_version_axi_mem_intercon_imp_auto_pc_1_axi_protocol_converter_v2_1_37_a_axi3_conv/gru_bin_version_axi_mem_intercon_imp_auto_pc_1_axi_data_fifo_v2_1_36_axic_fifo/gru_bin_version_axi_mem_intercon_imp_auto_pc_1_axi_data_fifo_v2_1_36_fifo_gen_1/<hidden>/<hidden>/<hidden>/<hidden>/<hidden>/<hidden>
  -------------------------------------------------------------------    -------------------

                         (clock clk_fpga_0 rise edge)
                                                     10.000    10.000 r  
    PS7_X0Y0             PS7                          0.000    10.000 r  gru_bin_version_i/processing_system7_0/inst/PS7_i/FCLKCLK[0]
                         net (fo=1, routed)           1.088    11.088    gru_bin_version_i/processing_system7_0/inst/FCLK_CLK_unbuffered[0]
    BUFGCTRL_X0Y16       BUFG (Prop_bufg_I_O)         0.091    11.179 r  gru_bin_version_i/processing_system7_0/inst/buffer_fclk_clk_0.FCLK_CLK_0_BUFG/O
                         net (fo=25495, routed)       1.467    12.646    gru_bin_version_wrapper/gru_bin_version/gru_bin_version_axi_mem_intercon_0/s01_couplers_imp_NNMS53/gru_bin_version_axi_mem_intercon_imp_auto_pc_1/gru_bin_version_axi_mem_intercon_imp_auto_pc_1_axi_protocol_converter_v2_1_37_axi_protocol_converter/gru_bin_version_axi_mem_intercon_imp_auto_pc_1_axi_protocol_converter_v2_1_37_axi3_conv/gru_bin_version_axi_mem_intercon_imp_auto_pc_1_axi_protocol_converter_v2_1_37_a_axi3_conv/gru_bin_version_axi_mem_intercon_imp_auto_pc_1_axi_data_fifo_v2_1_36_axic_fifo/gru_bin_version_axi_mem_intercon_imp_auto_pc_1_axi_data_fifo_v2_1_36_fifo_gen_1/<hidden>/<hidden>/<hidden>/<hidden>/<hidden>/<hidden>
    SLICE_X36Y78         FDPE                                         r  gru_bin_version_wrapper/gru_bin_version/gru_bin_version_axi_mem_intercon_0/s01_couplers_imp_NNMS53/gru_bin_version_axi_mem_intercon_imp_auto_pc_1/gru_bin_version_axi_mem_intercon_imp_auto_pc_1_axi_protocol_converter_v2_1_37_axi_protocol_converter/gru_bin_version_axi_mem_intercon_imp_auto_pc_1_axi_protocol_converter_v2_1_37_axi3_conv/gru_bin_version_axi_mem_intercon_imp_auto_pc_1_axi_protocol_converter_v2_1_37_a_axi3_conv/gru_bin_version_axi_mem_intercon_imp_auto_pc_1_axi_data_fifo_v2_1_36_axic_fifo/gru_bin_version_axi_mem_intercon_imp_auto_pc_1_axi_data_fifo_v2_1_36_fifo_gen_1/<hidden>/<hidden>/<hidden>/<hidden>/<hidden>/<hidden>
                         clock pessimism              0.229    12.875    
                         clock uncertainty           -0.154    12.721    
    SLICE_X36Y78         FDPE (Recov_fdpe_C_PRE)     -0.361    12.360    gru_bin_version_wrapper/gru_bin_version/gru_bin_version_axi_mem_intercon_0/s01_couplers_imp_NNMS53/gru_bin_version_axi_mem_intercon_imp_auto_pc_1/gru_bin_version_axi_mem_intercon_imp_auto_pc_1_axi_protocol_converter_v2_1_37_axi_protocol_converter/gru_bin_version_axi_mem_intercon_imp_auto_pc_1_axi_protocol_converter_v2_1_37_axi3_conv/gru_bin_version_axi_mem_intercon_imp_auto_pc_1_axi_protocol_converter_v2_1_37_a_axi3_conv/gru_bin_version_axi_mem_intercon_imp_auto_pc_1_axi_data_fifo_v2_1_36_axic_fifo/gru_bin_version_axi_mem_intercon_imp_auto_pc_1_axi_data_fifo_v2_1_36_fifo_gen_1/<hidden>/<hidden>/<hidden>/<hidden>/<hidden>/<hidden>
  -------------------------------------------------------------------
                         required time                         12.360    
                         arrival time                          -5.874    
  -------------------------------------------------------------------
                         slack                                  6.486    

Slack (MET) :             6.490ns  (required time - arrival time)
  Source:                 gru_bin_version_wrapper/gru_bin_version/gru_bin_version_axi_mem_intercon_0/s00_couplers_imp_1UT69KP/gru_bin_version_axi_mem_intercon_imp_auto_pc_0/gru_bin_version_axi_mem_intercon_imp_auto_pc_0_axi_protocol_converter_v2_1_37_axi_protocol_converter/gru_bin_version_axi_mem_intercon_imp_auto_pc_0_axi_protocol_converter_v2_1_37_axi3_conv/gru_bin_version_axi_mem_intercon_imp_auto_pc_0_axi_protocol_converter_v2_1_37_a_axi3_conv/gru_bin_version_axi_mem_intercon_imp_auto_pc_0_axi_data_fifo_v2_1_36_axic_fifo/gru_bin_version_axi_mem_intercon_imp_auto_pc_0_axi_data_fifo_v2_1_36_fifo_gen/<hidden>/<hidden>/<hidden>/<hidden>/<hidden>/<hidden>
                            (rising edge-triggered cell FDPE clocked by clk_fpga_0  {rise@0.000ns fall@5.000ns period=10.000ns})
  Destination:            gru_bin_version_wrapper/gru_bin_version/gru_bin_version_axi_mem_intercon_0/s00_couplers_imp_1UT69KP/gru_bin_version_axi_mem_intercon_imp_auto_pc_0/gru_bin_version_axi_mem_intercon_imp_auto_pc_0_axi_protocol_converter_v2_1_37_axi_protocol_converter/gru_bin_version_axi_mem_intercon_imp_auto_pc_0_axi_protocol_converter_v2_1_37_axi3_conv/gru_bin_version_axi_mem_intercon_imp_auto_pc_0_axi_protocol_converter_v2_1_37_a_axi3_conv/gru_bin_version_axi_mem_intercon_imp_auto_pc_0_axi_data_fifo_v2_1_36_axic_fifo/gru_bin_version_axi_mem_intercon_imp_auto_pc_0_axi_data_fifo_v2_1_36_fifo_gen/<hidden>/<hidden>/<hidden>/<hidden>/<hidden>/<hidden>
                            (recovery check against rising-edge clock clk_fpga_0  {rise@0.000ns fall@5.000ns period=10.000ns})
  Path Group:             **async_default**
  Path Type:              Recovery (Max at Slow Process Corner)
  Requirement:            10.000ns  (clk_fpga_0 rise@10.000ns - clk_fpga_0 rise@0.000ns)
  Data Path Delay:        2.944ns  (logic 0.718ns (24.386%)  route 2.226ns (75.614%))
  Logic Levels:           1  (LUT3=1)
  Clock Path Skew:        -0.053ns (DCD - SCD + CPR)
    Destination Clock Delay (DCD):    2.646ns = ( 12.646 - 10.000 ) 
    Source Clock Delay      (SCD):    2.928ns
    Clock Pessimism Removal (CPR):    0.229ns
  Clock Uncertainty:      0.154ns  ((TSJ^2 + TIJ^2)^1/2 + DJ) / 2 + PE
    Total System Jitter     (TSJ):    0.071ns
    Total Input Jitter      (TIJ):    0.300ns
    Discrete Jitter          (DJ):    0.000ns
    Phase Error              (PE):    0.000ns

    Location             Delay type                Incr(ns)  Path(ns)    Netlist Resource(s)
  -------------------------------------------------------------------    -------------------
                         (clock clk_fpga_0 rise edge)
                                                      0.000     0.000 r  
    PS7_X0Y0             PS7                          0.000     0.000 r  gru_bin_version_i/processing_system7_0/inst/PS7_i/FCLKCLK[0]
                         net (fo=1, routed)           1.193     1.193    gru_bin_version_i/processing_system7_0/inst/FCLK_CLK_unbuffered[0]
    BUFGCTRL_X0Y16       BUFG (Prop_bufg_I_O)         0.101     1.294 r  gru_bin_version_i/processing_system7_0/inst/buffer_fclk_clk_0.FCLK_CLK_0_BUFG/O
                         net (fo=25495, routed)       1.634     2.928    gru_bin_version_wrapper/gru_bin_version/gru_bin_version_axi_mem_intercon_0/s00_couplers_imp_1UT69KP/gru_bin_version_axi_mem_intercon_imp_auto_pc_0/gru_bin_version_axi_mem_intercon_imp_auto_pc_0_axi_protocol_converter_v2_1_37_axi_protocol_converter/gru_bin_version_axi_mem_intercon_imp_auto_pc_0_axi_protocol_converter_v2_1_37_axi3_conv/gru_bin_version_axi_mem_intercon_imp_auto_pc_0_axi_protocol_converter_v2_1_37_a_axi3_conv/gru_bin_version_axi_mem_intercon_imp_auto_pc_0_axi_data_fifo_v2_1_36_axic_fifo/gru_bin_version_axi_mem_intercon_imp_auto_pc_0_axi_data_fifo_v2_1_36_fifo_gen/<hidden>/<hidden>/<hidden>/<hidden>/<hidden>/<hidden>
    SLICE_X47Y77         FDPE                                         r  gru_bin_version_wrapper/gru_bin_version/gru_bin_version_axi_mem_intercon_0/s00_couplers_imp_1UT69KP/gru_bin_version_axi_mem_intercon_imp_auto_pc_0/gru_bin_version_axi_mem_intercon_imp_auto_pc_0_axi_protocol_converter_v2_1_37_axi_protocol_converter/gru_bin_version_axi_mem_intercon_imp_auto_pc_0_axi_protocol_converter_v2_1_37_axi3_conv/gru_bin_version_axi_mem_intercon_imp_auto_pc_0_axi_protocol_converter_v2_1_37_a_axi3_conv/gru_bin_version_axi_mem_intercon_imp_auto_pc_0_axi_data_fifo_v2_1_36_axic_fifo/gru_bin_version_axi_mem_intercon_imp_auto_pc_0_axi_data_fifo_v2_1_36_fifo_gen/<hidden>/<hidden>/<hidden>/<hidden>/<hidden>/<hidden>
  -------------------------------------------------------------------    -------------------
    SLICE_X47Y77         FDPE (Prop_fdpe_C_Q)         0.419     3.347 f  gru_bin_version_wrapper/gru_bin_version/gru_bin_version_axi_mem_intercon_0/s00_couplers_imp_1UT69KP/gru_bin_version_axi_mem_intercon_imp_auto_pc_0/gru_bin_version_axi_mem_intercon_imp_auto_pc_0_axi_protocol_converter_v2_1_37_axi_protocol_converter/gru_bin_version_axi_mem_intercon_imp_auto_pc_0_axi_protocol_converter_v2_1_37_axi3_conv/gru_bin_version_axi_mem_intercon_imp_auto_pc_0_axi_protocol_converter_v2_1_37_a_axi3_conv/gru_bin_version_axi_mem_intercon_imp_auto_pc_0_axi_data_fifo_v2_1_36_axic_fifo/gru_bin_version_axi_mem_intercon_imp_auto_pc_0_axi_data_fifo_v2_1_36_fifo_gen/<hidden>/<hidden>/<hidden>/<hidden>/<hidden>/<hidden>
                         net (fo=2, routed)           0.860     4.207    gru_bin_version_wrapper/gru_bin_version/gru_bin_version_axi_mem_intercon_0/s00_couplers_imp_1UT69KP/gru_bin_version_axi_mem_intercon_imp_auto_pc_0/gru_bin_version_axi_mem_intercon_imp_auto_pc_0_axi_protocol_converter_v2_1_37_axi_protocol_converter/gru_bin_version_axi_mem_intercon_imp_auto_pc_0_axi_protocol_converter_v2_1_37_axi3_conv/gru_bin_version_axi_mem_intercon_imp_auto_pc_0_axi_protocol_converter_v2_1_37_a_axi3_conv/gru_bin_version_axi_mem_intercon_imp_auto_pc_0_axi_data_fifo_v2_1_36_axic_fifo/gru_bin_version_axi_mem_intercon_imp_auto_pc_0_axi_data_fifo_v2_1_36_fifo_gen/<hidden>/<hidden>/<hidden>/<hidden>/<hidden>
    SLICE_X47Y77         LUT3 (Prop_lut3_I2_O)        0.299     4.506 f  gru_bin_version_wrapper/gru_bin_version/gru_bin_version_axi_mem_intercon_0/s00_couplers_imp_1UT69KP/gru_bin_version_axi_mem_intercon_imp_auto_pc_0/gru_bin_version_axi_mem_intercon_imp_auto_pc_0_axi_protocol_converter_v2_1_37_axi_protocol_converter/gru_bin_version_axi_mem_intercon_imp_auto_pc_0_axi_protocol_converter_v2_1_37_axi3_conv/gru_bin_version_axi_mem_intercon_imp_auto_pc_0_axi_protocol_converter_v2_1_37_a_axi3_conv/gru_bin_version_axi_mem_intercon_imp_auto_pc_0_axi_data_fifo_v2_1_36_axic_fifo/gru_bin_version_axi_mem_intercon_imp_auto_pc_0_axi_data_fifo_v2_1_36_fifo_gen/<hidden>/<hidden>/<hidden>/<hidden>/<hidden>
                         net (fo=33, routed)          1.366     5.872    gru_bin_version_wrapper/gru_bin_version/gru_bin_version_axi_mem_intercon_0/s00_couplers_imp_1UT69KP/gru_bin_version_axi_mem_intercon_imp_auto_pc_0/gru_bin_version_axi_mem_intercon_imp_auto_pc_0_axi_protocol_converter_v2_1_37_axi_protocol_converter/gru_bin_version_axi_mem_intercon_imp_auto_pc_0_axi_protocol_converter_v2_1_37_axi3_conv/gru_bin_version_axi_mem_intercon_imp_auto_pc_0_axi_protocol_converter_v2_1_37_a_axi3_conv/gru_bin_version_axi_mem_intercon_imp_auto_pc_0_axi_data_fifo_v2_1_36_axic_fifo/gru_bin_version_axi_mem_intercon_imp_auto_pc_0_axi_data_fifo_v2_1_36_fifo_gen/<hidden>/<hidden>/<hidden>/<hidden>/<hidden>/<hidden>
    SLICE_X37Y78         FDPE                                         f  gru_bin_version_wrapper/gru_bin_version/gru_bin_version_axi_mem_intercon_0/s00_couplers_imp_1UT69KP/gru_bin_version_axi_mem_intercon_imp_auto_pc_0/gru_bin_version_axi_mem_intercon_imp_auto_pc_0_axi_protocol_converter_v2_1_37_axi_protocol_converter/gru_bin_version_axi_mem_intercon_imp_auto_pc_0_axi_protocol_converter_v2_1_37_axi3_conv/gru_bin_version_axi_mem_intercon_imp_auto_pc_0_axi_protocol_converter_v2_1_37_a_axi3_conv/gru_bin_version_axi_mem_intercon_imp_auto_pc_0_axi_data_fifo_v2_1_36_axic_fifo/gru_bin_version_axi_mem_intercon_imp_auto_pc_0_axi_data_fifo_v2_1_36_fifo_gen/<hidden>/<hidden>/<hidden>/<hidden>/<hidden>/<hidden>
  -------------------------------------------------------------------    -------------------

                         (clock clk_fpga_0 rise edge)
                                                     10.000    10.000 r  
    PS7_X0Y0             PS7                          0.000    10.000 r  gru_bin_version_i/processing_system7_0/inst/PS7_i/FCLKCLK[0]
                         net (fo=1, routed)           1.088    11.088    gru_bin_version_i/processing_system7_0/inst/FCLK_CLK_unbuffered[0]
    BUFGCTRL_X0Y16       BUFG (Prop_bufg_I_O)         0.091    11.179 r  gru_bin_version_i/processing_system7_0/inst/buffer_fclk_clk_0.FCLK_CLK_0_BUFG/O
                         net (fo=25495, routed)       1.467    12.646    gru_bin_version_wrapper/gru_bin_version/gru_bin_version_axi_mem_intercon_0/s00_couplers_imp_1UT69KP/gru_bin_version_axi_mem_intercon_imp_auto_pc_0/gru_bin_version_axi_mem_intercon_imp_auto_pc_0_axi_protocol_converter_v2_1_37_axi_protocol_converter/gru_bin_version_axi_mem_intercon_imp_auto_pc_0_axi_protocol_converter_v2_1_37_axi3_conv/gru_bin_version_axi_mem_intercon_imp_auto_pc_0_axi_protocol_converter_v2_1_37_a_axi3_conv/gru_bin_version_axi_mem_intercon_imp_auto_pc_0_axi_data_fifo_v2_1_36_axic_fifo/gru_bin_version_axi_mem_intercon_imp_auto_pc_0_axi_data_fifo_v2_1_36_fifo_gen/<hidden>/<hidden>/<hidden>/<hidden>/<hidden>/<hidden>
    SLICE_X37Y78         FDPE                                         r  gru_bin_version_wrapper/gru_bin_version/gru_bin_version_axi_mem_intercon_0/s00_couplers_imp_1UT69KP/gru_bin_version_axi_mem_intercon_imp_auto_pc_0/gru_bin_version_axi_mem_intercon_imp_auto_pc_0_axi_protocol_converter_v2_1_37_axi_protocol_converter/gru_bin_version_axi_mem_intercon_imp_auto_pc_0_axi_protocol_converter_v2_1_37_axi3_conv/gru_bin_version_axi_mem_intercon_imp_auto_pc_0_axi_protocol_converter_v2_1_37_a_axi3_conv/gru_bin_version_axi_mem_intercon_imp_auto_pc_0_axi_data_fifo_v2_1_36_axic_fifo/gru_bin_version_axi_mem_intercon_imp_auto_pc_0_axi_data_fifo_v2_1_36_fifo_gen/<hidden>/<hidden>/<hidden>/<hidden>/<hidden>/<hidden>
                         clock pessimism              0.229    12.875    
                         clock uncertainty           -0.154    12.721    
    SLICE_X37Y78         FDPE (Recov_fdpe_C_PRE)     -0.359    12.362    gru_bin_version_wrapper/gru_bin_version/gru_bin_version_axi_mem_intercon_0/s00_couplers_imp_1UT69KP/gru_bin_version_axi_mem_intercon_imp_auto_pc_0/gru_bin_version_axi_mem_intercon_imp_auto_pc_0_axi_protocol_converter_v2_1_37_axi_protocol_converter/gru_bin_version_axi_mem_intercon_imp_auto_pc_0_axi_protocol_converter_v2_1_37_axi3_conv/gru_bin_version_axi_mem_intercon_imp_auto_pc_0_axi_protocol_converter_v2_1_37_a_axi3_conv/gru_bin_version_axi_mem_intercon_imp_auto_pc_0_axi_data_fifo_v2_1_36_axic_fifo/gru_bin_version_axi_mem_intercon_imp_auto_pc_0_axi_data_fifo_v2_1_36_fifo_gen/<hidden>/<hidden>/<hidden>/<hidden>/<hidden>/<hidden>
  -------------------------------------------------------------------
                         required time                         12.362    
                         arrival time                          -5.872    
  -------------------------------------------------------------------
                         slack                                  6.490    

Slack (MET) :             6.490ns  (required time - arrival time)
  Source:                 gru_bin_version_wrapper/gru_bin_version/gru_bin_version_axi_mem_intercon_0/s00_couplers_imp_1UT69KP/gru_bin_version_axi_mem_intercon_imp_auto_pc_0/gru_bin_version_axi_mem_intercon_imp_auto_pc_0_axi_protocol_converter_v2_1_37_axi_protocol_converter/gru_bin_version_axi_mem_intercon_imp_auto_pc_0_axi_protocol_converter_v2_1_37_axi3_conv/gru_bin_version_axi_mem_intercon_imp_auto_pc_0_axi_protocol_converter_v2_1_37_a_axi3_conv/gru_bin_version_axi_mem_intercon_imp_auto_pc_0_axi_data_fifo_v2_1_36_axic_fifo/gru_bin_version_axi_mem_intercon_imp_auto_pc_0_axi_data_fifo_v2_1_36_fifo_gen/<hidden>/<hidden>/<hidden>/<hidden>/<hidden>/<hidden>
                            (rising edge-triggered cell FDPE clocked by clk_fpga_0  {rise@0.000ns fall@5.000ns period=10.000ns})
  Destination:            gru_bin_version_wrapper/gru_bin_version/gru_bin_version_axi_mem_intercon_0/s00_couplers_imp_1UT69KP/gru_bin_version_axi_mem_intercon_imp_auto_pc_0/gru_bin_version_axi_mem_intercon_imp_auto_pc_0_axi_protocol_converter_v2_1_37_axi_protocol_converter/gru_bin_version_axi_mem_intercon_imp_auto_pc_0_axi_protocol_converter_v2_1_37_axi3_conv/gru_bin_version_axi_mem_intercon_imp_auto_pc_0_axi_protocol_converter_v2_1_37_a_axi3_conv/gru_bin_version_axi_mem_intercon_imp_auto_pc_0_axi_data_fifo_v2_1_36_axic_fifo/gru_bin_version_axi_mem_intercon_imp_auto_pc_0_axi_data_fifo_v2_1_36_fifo_gen/<hidden>/<hidden>/<hidden>/<hidden>/<hidden>/<hidden>
                            (recovery check against rising-edge clock clk_fpga_0  {rise@0.000ns fall@5.000ns period=10.000ns})
  Path Group:             **async_default**
  Path Type:              Recovery (Max at Slow Process Corner)
  Requirement:            10.000ns  (clk_fpga_0 rise@10.000ns - clk_fpga_0 rise@0.000ns)
  Data Path Delay:        2.944ns  (logic 0.718ns (24.386%)  route 2.226ns (75.614%))
  Logic Levels:           1  (LUT3=1)
  Clock Path Skew:        -0.053ns (DCD - SCD + CPR)
    Destination Clock Delay (DCD):    2.646ns = ( 12.646 - 10.000 ) 
    Source Clock Delay      (SCD):    2.928ns
    Clock Pessimism Removal (CPR):    0.229ns
  Clock Uncertainty:      0.154ns  ((TSJ^2 + TIJ^2)^1/2 + DJ) / 2 + PE
    Total System Jitter     (TSJ):    0.071ns
    Total Input Jitter      (TIJ):    0.300ns
    Discrete Jitter          (DJ):    0.000ns
    Phase Error              (PE):    0.000ns

    Location             Delay type                Incr(ns)  Path(ns)    Netlist Resource(s)
  -------------------------------------------------------------------    -------------------
                         (clock clk_fpga_0 rise edge)
                                                      0.000     0.000 r  
    PS7_X0Y0             PS7                          0.000     0.000 r  gru_bin_version_i/processing_system7_0/inst/PS7_i/FCLKCLK[0]
                         net (fo=1, routed)           1.193     1.193    gru_bin_version_i/processing_system7_0/inst/FCLK_CLK_unbuffered[0]
    BUFGCTRL_X0Y16       BUFG (Prop_bufg_I_O)         0.101     1.294 r  gru_bin_version_i/processing_system7_0/inst/buffer_fclk_clk_0.FCLK_CLK_0_BUFG/O
                         net (fo=25495, routed)       1.634     2.928    gru_bin_version_wrapper/gru_bin_version/gru_bin_version_axi_mem_intercon_0/s00_couplers_imp_1UT69KP/gru_bin_version_axi_mem_intercon_imp_auto_pc_0/gru_bin_version_axi_mem_intercon_imp_auto_pc_0_axi_protocol_converter_v2_1_37_axi_protocol_converter/gru_bin_version_axi_mem_intercon_imp_auto_pc_0_axi_protocol_converter_v2_1_37_axi3_conv/gru_bin_version_axi_mem_intercon_imp_auto_pc_0_axi_protocol_converter_v2_1_37_a_axi3_conv/gru_bin_version_axi_mem_intercon_imp_auto_pc_0_axi_data_fifo_v2_1_36_axic_fifo/gru_bin_version_axi_mem_intercon_imp_auto_pc_0_axi_data_fifo_v2_1_36_fifo_gen/<hidden>/<hidden>/<hidden>/<hidden>/<hidden>/<hidden>
    SLICE_X47Y77         FDPE                                         r  gru_bin_version_wrapper/gru_bin_version/gru_bin_version_axi_mem_intercon_0/s00_couplers_imp_1UT69KP/gru_bin_version_axi_mem_intercon_imp_auto_pc_0/gru_bin_version_axi_mem_intercon_imp_auto_pc_0_axi_protocol_converter_v2_1_37_axi_protocol_converter/gru_bin_version_axi_mem_intercon_imp_auto_pc_0_axi_protocol_converter_v2_1_37_axi3_conv/gru_bin_version_axi_mem_intercon_imp_auto_pc_0_axi_protocol_converter_v2_1_37_a_axi3_conv/gru_bin_version_axi_mem_intercon_imp_auto_pc_0_axi_data_fifo_v2_1_36_axic_fifo/gru_bin_version_axi_mem_intercon_imp_auto_pc_0_axi_data_fifo_v2_1_36_fifo_gen/<hidden>/<hidden>/<hidden>/<hidden>/<hidden>/<hidden>
  -------------------------------------------------------------------    -------------------
    SLICE_X47Y77         FDPE (Prop_fdpe_C_Q)         0.419     3.347 f  gru_bin_version_wrapper/gru_bin_version/gru_bin_version_axi_mem_intercon_0/s00_couplers_imp_1UT69KP/gru_bin_version_axi_mem_intercon_imp_auto_pc_0/gru_bin_version_axi_mem_intercon_imp_auto_pc_0_axi_protocol_converter_v2_1_37_axi_protocol_converter/gru_bin_version_axi_mem_intercon_imp_auto_pc_0_axi_protocol_converter_v2_1_37_axi3_conv/gru_bin_version_axi_mem_intercon_imp_auto_pc_0_axi_protocol_converter_v2_1_37_a_axi3_conv/gru_bin_version_axi_mem_intercon_imp_auto_pc_0_axi_data_fifo_v2_1_36_axic_fifo/gru_bin_version_axi_mem_intercon_imp_auto_pc_0_axi_data_fifo_v2_1_36_fifo_gen/<hidden>/<hidden>/<hidden>/<hidden>/<hidden>/<hidden>
                         net (fo=2, routed)           0.860     4.207    gru_bin_version_wrapper/gru_bin_version/gru_bin_version_axi_mem_intercon_0/s00_couplers_imp_1UT69KP/gru_bin_version_axi_mem_intercon_imp_auto_pc_0/gru_bin_version_axi_mem_intercon_imp_auto_pc_0_axi_protocol_converter_v2_1_37_axi_protocol_converter/gru_bin_version_axi_mem_intercon_imp_auto_pc_0_axi_protocol_converter_v2_1_37_axi3_conv/gru_bin_version_axi_mem_intercon_imp_auto_pc_0_axi_protocol_converter_v2_1_37_a_axi3_conv/gru_bin_version_axi_mem_intercon_imp_auto_pc_0_axi_data_fifo_v2_1_36_axic_fifo/gru_bin_version_axi_mem_intercon_imp_auto_pc_0_axi_data_fifo_v2_1_36_fifo_gen/<hidden>/<hidden>/<hidden>/<hidden>/<hidden>
    SLICE_X47Y77         LUT3 (Prop_lut3_I2_O)        0.299     4.506 f  gru_bin_version_wrapper/gru_bin_version/gru_bin_version_axi_mem_intercon_0/s00_couplers_imp_1UT69KP/gru_bin_version_axi_mem_intercon_imp_auto_pc_0/gru_bin_version_axi_mem_intercon_imp_auto_pc_0_axi_protocol_converter_v2_1_37_axi_protocol_converter/gru_bin_version_axi_mem_intercon_imp_auto_pc_0_axi_protocol_converter_v2_1_37_axi3_conv/gru_bin_version_axi_mem_intercon_imp_auto_pc_0_axi_protocol_converter_v2_1_37_a_axi3_conv/gru_bin_version_axi_mem_intercon_imp_auto_pc_0_axi_data_fifo_v2_1_36_axic_fifo/gru_bin_version_axi_mem_intercon_imp_auto_pc_0_axi_data_fifo_v2_1_36_fifo_gen/<hidden>/<hidden>/<hidden>/<hidden>/<hidden>
                         net (fo=33, routed)          1.366     5.872    gru_bin_version_wrapper/gru_bin_version/gru_bin_version_axi_mem_intercon_0/s00_couplers_imp_1UT69KP/gru_bin_version_axi_mem_intercon_imp_auto_pc_0/gru_bin_version_axi_mem_intercon_imp_auto_pc_0_axi_protocol_converter_v2_1_37_axi_protocol_converter/gru_bin_version_axi_mem_intercon_imp_auto_pc_0_axi_protocol_converter_v2_1_37_axi3_conv/gru_bin_version_axi_mem_intercon_imp_auto_pc_0_axi_protocol_converter_v2_1_37_a_axi3_conv/gru_bin_version_axi_mem_intercon_imp_auto_pc_0_axi_data_fifo_v2_1_36_axic_fifo/gru_bin_version_axi_mem_intercon_imp_auto_pc_0_axi_data_fifo_v2_1_36_fifo_gen/<hidden>/<hidden>/<hidden>/<hidden>/<hidden>/<hidden>
    SLICE_X37Y78         FDPE                                         f  gru_bin_version_wrapper/gru_bin_version/gru_bin_version_axi_mem_intercon_0/s00_couplers_imp_1UT69KP/gru_bin_version_axi_mem_intercon_imp_auto_pc_0/gru_bin_version_axi_mem_intercon_imp_auto_pc_0_axi_protocol_converter_v2_1_37_axi_protocol_converter/gru_bin_version_axi_mem_intercon_imp_auto_pc_0_axi_protocol_converter_v2_1_37_axi3_conv/gru_bin_version_axi_mem_intercon_imp_auto_pc_0_axi_protocol_converter_v2_1_37_a_axi3_conv/gru_bin_version_axi_mem_intercon_imp_auto_pc_0_axi_data_fifo_v2_1_36_axic_fifo/gru_bin_version_axi_mem_intercon_imp_auto_pc_0_axi_data_fifo_v2_1_36_fifo_gen/<hidden>/<hidden>/<hidden>/<hidden>/<hidden>/<hidden>
  -------------------------------------------------------------------    -------------------

                         (clock clk_fpga_0 rise edge)
                                                     10.000    10.000 r  
    PS7_X0Y0             PS7                          0.000    10.000 r  gru_bin_version_i/processing_system7_0/inst/PS7_i/FCLKCLK[0]
                         net (fo=1, routed)           1.088    11.088    gru_bin_version_i/processing_system7_0/inst/FCLK_CLK_unbuffered[0]
    BUFGCTRL_X0Y16       BUFG (Prop_bufg_I_O)         0.091    11.179 r  gru_bin_version_i/processing_system7_0/inst/buffer_fclk_clk_0.FCLK_CLK_0_BUFG/O
                         net (fo=25495, routed)       1.467    12.646    gru_bin_version_wrapper/gru_bin_version/gru_bin_version_axi_mem_intercon_0/s00_couplers_imp_1UT69KP/gru_bin_version_axi_mem_intercon_imp_auto_pc_0/gru_bin_version_axi_mem_intercon_imp_auto_pc_0_axi_protocol_converter_v2_1_37_axi_protocol_converter/gru_bin_version_axi_mem_intercon_imp_auto_pc_0_axi_protocol_converter_v2_1_37_axi3_conv/gru_bin_version_axi_mem_intercon_imp_auto_pc_0_axi_protocol_converter_v2_1_37_a_axi3_conv/gru_bin_version_axi_mem_intercon_imp_auto_pc_0_axi_data_fifo_v2_1_36_axic_fifo/gru_bin_version_axi_mem_intercon_imp_auto_pc_0_axi_data_fifo_v2_1_36_fifo_gen/<hidden>/<hidden>/<hidden>/<hidden>/<hidden>/<hidden>
    SLICE_X37Y78         FDPE                                         r  gru_bin_version_wrapper/gru_bin_version/gru_bin_version_axi_mem_intercon_0/s00_couplers_imp_1UT69KP/gru_bin_version_axi_mem_intercon_imp_auto_pc_0/gru_bin_version_axi_mem_intercon_imp_auto_pc_0_axi_protocol_converter_v2_1_37_axi_protocol_converter/gru_bin_version_axi_mem_intercon_imp_auto_pc_0_axi_protocol_converter_v2_1_37_axi3_conv/gru_bin_version_axi_mem_intercon_imp_auto_pc_0_axi_protocol_converter_v2_1_37_a_axi3_conv/gru_bin_version_axi_mem_intercon_imp_auto_pc_0_axi_data_fifo_v2_1_36_axic_fifo/gru_bin_version_axi_mem_intercon_imp_auto_pc_0_axi_data_fifo_v2_1_36_fifo_gen/<hidden>/<hidden>/<hidden>/<hidden>/<hidden>/<hidden>
                         clock pessimism              0.229    12.875    
                         clock uncertainty           -0.154    12.721    
    SLICE_X37Y78         FDPE (Recov_fdpe_C_PRE)     -0.359    12.362    gru_bin_version_wrapper/gru_bin_version/gru_bin_version_axi_mem_intercon_0/s00_couplers_imp_1UT69KP/gru_bin_version_axi_mem_intercon_imp_auto_pc_0/gru_bin_version_axi_mem_intercon_imp_auto_pc_0_axi_protocol_converter_v2_1_37_axi_protocol_converter/gru_bin_version_axi_mem_intercon_imp_auto_pc_0_axi_protocol_converter_v2_1_37_axi3_conv/gru_bin_version_axi_mem_intercon_imp_auto_pc_0_axi_protocol_converter_v2_1_37_a_axi3_conv/gru_bin_version_axi_mem_intercon_imp_auto_pc_0_axi_data_fifo_v2_1_36_axic_fifo/gru_bin_version_axi_mem_intercon_imp_auto_pc_0_axi_data_fifo_v2_1_36_fifo_gen/<hidden>/<hidden>/<hidden>/<hidden>/<hidden>/<hidden>
  -------------------------------------------------------------------
                         required time                         12.362    
                         arrival time                          -5.872    
  -------------------------------------------------------------------
                         slack                                  6.490    

Slack (MET) :             6.490ns  (required time - arrival time)
  Source:                 gru_bin_version_wrapper/gru_bin_version/gru_bin_version_axi_mem_intercon_0/s00_couplers_imp_1UT69KP/gru_bin_version_axi_mem_intercon_imp_auto_pc_0/gru_bin_version_axi_mem_intercon_imp_auto_pc_0_axi_protocol_converter_v2_1_37_axi_protocol_converter/gru_bin_version_axi_mem_intercon_imp_auto_pc_0_axi_protocol_converter_v2_1_37_axi3_conv/gru_bin_version_axi_mem_intercon_imp_auto_pc_0_axi_protocol_converter_v2_1_37_a_axi3_conv/gru_bin_version_axi_mem_intercon_imp_auto_pc_0_axi_data_fifo_v2_1_36_axic_fifo/gru_bin_version_axi_mem_intercon_imp_auto_pc_0_axi_data_fifo_v2_1_36_fifo_gen/<hidden>/<hidden>/<hidden>/<hidden>/<hidden>/<hidden>
                            (rising edge-triggered cell FDPE clocked by clk_fpga_0  {rise@0.000ns fall@5.000ns period=10.000ns})
  Destination:            gru_bin_version_wrapper/gru_bin_version/gru_bin_version_axi_mem_intercon_0/s00_couplers_imp_1UT69KP/gru_bin_version_axi_mem_intercon_imp_auto_pc_0/gru_bin_version_axi_mem_intercon_imp_auto_pc_0_axi_protocol_converter_v2_1_37_axi_protocol_converter/gru_bin_version_axi_mem_intercon_imp_auto_pc_0_axi_protocol_converter_v2_1_37_axi3_conv/gru_bin_version_axi_mem_intercon_imp_auto_pc_0_axi_protocol_converter_v2_1_37_a_axi3_conv/gru_bin_version_axi_mem_intercon_imp_auto_pc_0_axi_data_fifo_v2_1_36_axic_fifo/gru_bin_version_axi_mem_intercon_imp_auto_pc_0_axi_data_fifo_v2_1_36_fifo_gen/<hidden>/<hidden>/<hidden>/<hidden>/<hidden>/<hidden>
                            (recovery check against rising-edge clock clk_fpga_0  {rise@0.000ns fall@5.000ns period=10.000ns})
  Path Group:             **async_default**
  Path Type:              Recovery (Max at Slow Process Corner)
  Requirement:            10.000ns  (clk_fpga_0 rise@10.000ns - clk_fpga_0 rise@0.000ns)
  Data Path Delay:        2.944ns  (logic 0.718ns (24.386%)  route 2.226ns (75.614%))
  Logic Levels:           1  (LUT3=1)
  Clock Path Skew:        -0.053ns (DCD - SCD + CPR)
    Destination Clock Delay (DCD):    2.646ns = ( 12.646 - 10.000 ) 
    Source Clock Delay      (SCD):    2.928ns
    Clock Pessimism Removal (CPR):    0.229ns
  Clock Uncertainty:      0.154ns  ((TSJ^2 + TIJ^2)^1/2 + DJ) / 2 + PE
    Total System Jitter     (TSJ):    0.071ns
    Total Input Jitter      (TIJ):    0.300ns
    Discrete Jitter          (DJ):    0.000ns
    Phase Error              (PE):    0.000ns

    Location             Delay type                Incr(ns)  Path(ns)    Netlist Resource(s)
  -------------------------------------------------------------------    -------------------
                         (clock clk_fpga_0 rise edge)
                                                      0.000     0.000 r  
    PS7_X0Y0             PS7                          0.000     0.000 r  gru_bin_version_i/processing_system7_0/inst/PS7_i/FCLKCLK[0]
                         net (fo=1, routed)           1.193     1.193    gru_bin_version_i/processing_system7_0/inst/FCLK_CLK_unbuffered[0]
    BUFGCTRL_X0Y16       BUFG (Prop_bufg_I_O)         0.101     1.294 r  gru_bin_version_i/processing_system7_0/inst/buffer_fclk_clk_0.FCLK_CLK_0_BUFG/O
                         net (fo=25495, routed)       1.634     2.928    gru_bin_version_wrapper/gru_bin_version/gru_bin_version_axi_mem_intercon_0/s00_couplers_imp_1UT69KP/gru_bin_version_axi_mem_intercon_imp_auto_pc_0/gru_bin_version_axi_mem_intercon_imp_auto_pc_0_axi_protocol_converter_v2_1_37_axi_protocol_converter/gru_bin_version_axi_mem_intercon_imp_auto_pc_0_axi_protocol_converter_v2_1_37_axi3_conv/gru_bin_version_axi_mem_intercon_imp_auto_pc_0_axi_protocol_converter_v2_1_37_a_axi3_conv/gru_bin_version_axi_mem_intercon_imp_auto_pc_0_axi_data_fifo_v2_1_36_axic_fifo/gru_bin_version_axi_mem_intercon_imp_auto_pc_0_axi_data_fifo_v2_1_36_fifo_gen/<hidden>/<hidden>/<hidden>/<hidden>/<hidden>/<hidden>
    SLICE_X47Y77         FDPE                                         r  gru_bin_version_wrapper/gru_bin_version/gru_bin_version_axi_mem_intercon_0/s00_couplers_imp_1UT69KP/gru_bin_version_axi_mem_intercon_imp_auto_pc_0/gru_bin_version_axi_mem_intercon_imp_auto_pc_0_axi_protocol_converter_v2_1_37_axi_protocol_converter/gru_bin_version_axi_mem_intercon_imp_auto_pc_0_axi_protocol_converter_v2_1_37_axi3_conv/gru_bin_version_axi_mem_intercon_imp_auto_pc_0_axi_protocol_converter_v2_1_37_a_axi3_conv/gru_bin_version_axi_mem_intercon_imp_auto_pc_0_axi_data_fifo_v2_1_36_axic_fifo/gru_bin_version_axi_mem_intercon_imp_auto_pc_0_axi_data_fifo_v2_1_36_fifo_gen/<hidden>/<hidden>/<hidden>/<hidden>/<hidden>/<hidden>
  -------------------------------------------------------------------    -------------------
    SLICE_X47Y77         FDPE (Prop_fdpe_C_Q)         0.419     3.347 f  gru_bin_version_wrapper/gru_bin_version/gru_bin_version_axi_mem_intercon_0/s00_couplers_imp_1UT69KP/gru_bin_version_axi_mem_intercon_imp_auto_pc_0/gru_bin_version_axi_mem_intercon_imp_auto_pc_0_axi_protocol_converter_v2_1_37_axi_protocol_converter/gru_bin_version_axi_mem_intercon_imp_auto_pc_0_axi_protocol_converter_v2_1_37_axi3_conv/gru_bin_version_axi_mem_intercon_imp_auto_pc_0_axi_protocol_converter_v2_1_37_a_axi3_conv/gru_bin_version_axi_mem_intercon_imp_auto_pc_0_axi_data_fifo_v2_1_36_axic_fifo/gru_bin_version_axi_mem_intercon_imp_auto_pc_0_axi_data_fifo_v2_1_36_fifo_gen/<hidden>/<hidden>/<hidden>/<hidden>/<hidden>/<hidden>
                         net (fo=2, routed)           0.860     4.207    gru_bin_version_wrapper/gru_bin_version/gru_bin_version_axi_mem_intercon_0/s00_couplers_imp_1UT69KP/gru_bin_version_axi_mem_intercon_imp_auto_pc_0/gru_bin_version_axi_mem_intercon_imp_auto_pc_0_axi_protocol_converter_v2_1_37_axi_protocol_converter/gru_bin_version_axi_mem_intercon_imp_auto_pc_0_axi_protocol_converter_v2_1_37_axi3_conv/gru_bin_version_axi_mem_intercon_imp_auto_pc_0_axi_protocol_converter_v2_1_37_a_axi3_conv/gru_bin_version_axi_mem_intercon_imp_auto_pc_0_axi_data_fifo_v2_1_36_axic_fifo/gru_bin_version_axi_mem_intercon_imp_auto_pc_0_axi_data_fifo_v2_1_36_fifo_gen/<hidden>/<hidden>/<hidden>/<hidden>/<hidden>
    SLICE_X47Y77         LUT3 (Prop_lut3_I2_O)        0.299     4.506 f  gru_bin_version_wrapper/gru_bin_version/gru_bin_version_axi_mem_intercon_0/s00_couplers_imp_1UT69KP/gru_bin_version_axi_mem_intercon_imp_auto_pc_0/gru_bin_version_axi_mem_intercon_imp_auto_pc_0_axi_protocol_converter_v2_1_37_axi_protocol_converter/gru_bin_version_axi_mem_intercon_imp_auto_pc_0_axi_protocol_converter_v2_1_37_axi3_conv/gru_bin_version_axi_mem_intercon_imp_auto_pc_0_axi_protocol_converter_v2_1_37_a_axi3_conv/gru_bin_version_axi_mem_intercon_imp_auto_pc_0_axi_data_fifo_v2_1_36_axic_fifo/gru_bin_version_axi_mem_intercon_imp_auto_pc_0_axi_data_fifo_v2_1_36_fifo_gen/<hidden>/<hidden>/<hidden>/<hidden>/<hidden>
                         net (fo=33, routed)          1.366     5.872    gru_bin_version_wrapper/gru_bin_version/gru_bin_version_axi_mem_intercon_0/s00_couplers_imp_1UT69KP/gru_bin_version_axi_mem_intercon_imp_auto_pc_0/gru_bin_version_axi_mem_intercon_imp_auto_pc_0_axi_protocol_converter_v2_1_37_axi_protocol_converter/gru_bin_version_axi_mem_intercon_imp_auto_pc_0_axi_protocol_converter_v2_1_37_axi3_conv/gru_bin_version_axi_mem_intercon_imp_auto_pc_0_axi_protocol_converter_v2_1_37_a_axi3_conv/gru_bin_version_axi_mem_intercon_imp_auto_pc_0_axi_data_fifo_v2_1_36_axic_fifo/gru_bin_version_axi_mem_intercon_imp_auto_pc_0_axi_data_fifo_v2_1_36_fifo_gen/<hidden>/<hidden>/<hidden>/<hidden>/<hidden>/<hidden>
    SLICE_X37Y78         FDPE                                         f  gru_bin_version_wrapper/gru_bin_version/gru_bin_version_axi_mem_intercon_0/s00_couplers_imp_1UT69KP/gru_bin_version_axi_mem_intercon_imp_auto_pc_0/gru_bin_version_axi_mem_intercon_imp_auto_pc_0_axi_protocol_converter_v2_1_37_axi_protocol_converter/gru_bin_version_axi_mem_intercon_imp_auto_pc_0_axi_protocol_converter_v2_1_37_axi3_conv/gru_bin_version_axi_mem_intercon_imp_auto_pc_0_axi_protocol_converter_v2_1_37_a_axi3_conv/gru_bin_version_axi_mem_intercon_imp_auto_pc_0_axi_data_fifo_v2_1_36_axic_fifo/gru_bin_version_axi_mem_intercon_imp_auto_pc_0_axi_data_fifo_v2_1_36_fifo_gen/<hidden>/<hidden>/<hidden>/<hidden>/<hidden>/<hidden>
  -------------------------------------------------------------------    -------------------

                         (clock clk_fpga_0 rise edge)
                                                     10.000    10.000 r  
    PS7_X0Y0             PS7                          0.000    10.000 r  gru_bin_version_i/processing_system7_0/inst/PS7_i/FCLKCLK[0]
                         net (fo=1, routed)           1.088    11.088    gru_bin_version_i/processing_system7_0/inst/FCLK_CLK_unbuffered[0]
    BUFGCTRL_X0Y16       BUFG (Prop_bufg_I_O)         0.091    11.179 r  gru_bin_version_i/processing_system7_0/inst/buffer_fclk_clk_0.FCLK_CLK_0_BUFG/O
                         net (fo=25495, routed)       1.467    12.646    gru_bin_version_wrapper/gru_bin_version/gru_bin_version_axi_mem_intercon_0/s00_couplers_imp_1UT69KP/gru_bin_version_axi_mem_intercon_imp_auto_pc_0/gru_bin_version_axi_mem_intercon_imp_auto_pc_0_axi_protocol_converter_v2_1_37_axi_protocol_converter/gru_bin_version_axi_mem_intercon_imp_auto_pc_0_axi_protocol_converter_v2_1_37_axi3_conv/gru_bin_version_axi_mem_intercon_imp_auto_pc_0_axi_protocol_converter_v2_1_37_a_axi3_conv/gru_bin_version_axi_mem_intercon_imp_auto_pc_0_axi_data_fifo_v2_1_36_axic_fifo/gru_bin_version_axi_mem_intercon_imp_auto_pc_0_axi_data_fifo_v2_1_36_fifo_gen/<hidden>/<hidden>/<hidden>/<hidden>/<hidden>/<hidden>
    SLICE_X37Y78         FDPE                                         r  gru_bin_version_wrapper/gru_bin_version/gru_bin_version_axi_mem_intercon_0/s00_couplers_imp_1UT69KP/gru_bin_version_axi_mem_intercon_imp_auto_pc_0/gru_bin_version_axi_mem_intercon_imp_auto_pc_0_axi_protocol_converter_v2_1_37_axi_protocol_converter/gru_bin_version_axi_mem_intercon_imp_auto_pc_0_axi_protocol_converter_v2_1_37_axi3_conv/gru_bin_version_axi_mem_intercon_imp_auto_pc_0_axi_protocol_converter_v2_1_37_a_axi3_conv/gru_bin_version_axi_mem_intercon_imp_auto_pc_0_axi_data_fifo_v2_1_36_axic_fifo/gru_bin_version_axi_mem_intercon_imp_auto_pc_0_axi_data_fifo_v2_1_36_fifo_gen/<hidden>/<hidden>/<hidden>/<hidden>/<hidden>/<hidden>
                         clock pessimism              0.229    12.875    
                         clock uncertainty           -0.154    12.721    
    SLICE_X37Y78         FDPE (Recov_fdpe_C_PRE)     -0.359    12.362    gru_bin_version_wrapper/gru_bin_version/gru_bin_version_axi_mem_intercon_0/s00_couplers_imp_1UT69KP/gru_bin_version_axi_mem_intercon_imp_auto_pc_0/gru_bin_version_axi_mem_intercon_imp_auto_pc_0_axi_protocol_converter_v2_1_37_axi_protocol_converter/gru_bin_version_axi_mem_intercon_imp_auto_pc_0_axi_protocol_converter_v2_1_37_axi3_conv/gru_bin_version_axi_mem_intercon_imp_auto_pc_0_axi_protocol_converter_v2_1_37_a_axi3_conv/gru_bin_version_axi_mem_intercon_imp_auto_pc_0_axi_data_fifo_v2_1_36_axic_fifo/gru_bin_version_axi_mem_intercon_imp_auto_pc_0_axi_data_fifo_v2_1_36_fifo_gen/<hidden>/<hidden>/<hidden>/<hidden>/<hidden>/<hidden>
  -------------------------------------------------------------------
                         required time                         12.362    
                         arrival time                          -5.872    
  -------------------------------------------------------------------
                         slack                                  6.490    

Slack (MET) :             6.509ns  (required time - arrival time)
  Source:                 gru_bin_version_wrapper/gru_bin_version/gru_bin_version_axi_mem_intercon_0/s01_couplers_imp_NNMS53/gru_bin_version_axi_mem_intercon_imp_auto_pc_1/gru_bin_version_axi_mem_intercon_imp_auto_pc_1_axi_protocol_converter_v2_1_37_axi_protocol_converter/gru_bin_version_axi_mem_intercon_imp_auto_pc_1_axi_protocol_converter_v2_1_37_axi3_conv/gru_bin_version_axi_mem_intercon_imp_auto_pc_1_axi_protocol_converter_v2_1_37_a_axi3_conv/gru_bin_version_axi_mem_intercon_imp_auto_pc_1_axi_data_fifo_v2_1_36_axic_fifo_0/gru_bin_version_axi_mem_intercon_imp_auto_pc_1_axi_data_fifo_v2_1_36_fifo_gen/<hidden>/<hidden>/<hidden>/<hidden>/<hidden>/<hidden>
                            (rising edge-triggered cell FDPE clocked by clk_fpga_0  {rise@0.000ns fall@5.000ns period=10.000ns})
  Destination:            gru_bin_version_wrapper/gru_bin_version/gru_bin_version_axi_mem_intercon_0/s01_couplers_imp_NNMS53/gru_bin_version_axi_mem_intercon_imp_auto_pc_1/gru_bin_version_axi_mem_intercon_imp_auto_pc_1_axi_protocol_converter_v2_1_37_axi_protocol_converter/gru_bin_version_axi_mem_intercon_imp_auto_pc_1_axi_protocol_converter_v2_1_37_axi3_conv/gru_bin_version_axi_mem_intercon_imp_auto_pc_1_axi_protocol_converter_v2_1_37_a_axi3_conv/gru_bin_version_axi_mem_intercon_imp_auto_pc_1_axi_data_fifo_v2_1_36_axic_fifo_0/gru_bin_version_axi_mem_intercon_imp_auto_pc_1_axi_data_fifo_v2_1_36_fifo_gen/<hidden>/<hidden>/<hidden>/<hidden>/<hidden>/<hidden>
                            (recovery check against rising-edge clock clk_fpga_0  {rise@0.000ns fall@5.000ns period=10.000ns})
  Path Group:             **async_default**
  Path Type:              Recovery (Max at Slow Process Corner)
  Requirement:            10.000ns  (clk_fpga_0 rise@10.000ns - clk_fpga_0 rise@0.000ns)
  Data Path Delay:        2.910ns  (logic 0.718ns (24.670%)  route 2.192ns (75.330%))
  Logic Levels:           1  (LUT3=1)
  Clock Path Skew:        -0.022ns (DCD - SCD + CPR)
    Destination Clock Delay (DCD):    2.650ns = ( 12.650 - 10.000 ) 
    Source Clock Delay      (SCD):    2.935ns
    Clock Pessimism Removal (CPR):    0.263ns
  Clock Uncertainty:      0.154ns  ((TSJ^2 + TIJ^2)^1/2 + DJ) / 2 + PE
    Total System Jitter     (TSJ):    0.071ns
    Total Input Jitter      (TIJ):    0.300ns
    Discrete Jitter          (DJ):    0.000ns
    Phase Error              (PE):    0.000ns

    Location             Delay type                Incr(ns)  Path(ns)    Netlist Resource(s)
  -------------------------------------------------------------------    -------------------
                         (clock clk_fpga_0 rise edge)
                                                      0.000     0.000 r  
    PS7_X0Y0             PS7                          0.000     0.000 r  gru_bin_version_i/processing_system7_0/inst/PS7_i/FCLKCLK[0]
                         net (fo=1, routed)           1.193     1.193    gru_bin_version_i/processing_system7_0/inst/FCLK_CLK_unbuffered[0]
    BUFGCTRL_X0Y16       BUFG (Prop_bufg_I_O)         0.101     1.294 r  gru_bin_version_i/processing_system7_0/inst/buffer_fclk_clk_0.FCLK_CLK_0_BUFG/O
                         net (fo=25495, routed)       1.641     2.935    gru_bin_version_wrapper/gru_bin_version/gru_bin_version_axi_mem_intercon_0/s01_couplers_imp_NNMS53/gru_bin_version_axi_mem_intercon_imp_auto_pc_1/gru_bin_version_axi_mem_intercon_imp_auto_pc_1_axi_protocol_converter_v2_1_37_axi_protocol_converter/gru_bin_version_axi_mem_intercon_imp_auto_pc_1_axi_protocol_converter_v2_1_37_axi3_conv/gru_bin_version_axi_mem_intercon_imp_auto_pc_1_axi_protocol_converter_v2_1_37_a_axi3_conv/gru_bin_version_axi_mem_intercon_imp_auto_pc_1_axi_data_fifo_v2_1_36_axic_fifo_0/gru_bin_version_axi_mem_intercon_imp_auto_pc_1_axi_data_fifo_v2_1_36_fifo_gen/<hidden>/<hidden>/<hidden>/<hidden>/<hidden>/<hidden>
    SLICE_X39Y81         FDPE                                         r  gru_bin_version_wrapper/gru_bin_version/gru_bin_version_axi_mem_intercon_0/s01_couplers_imp_NNMS53/gru_bin_version_axi_mem_intercon_imp_auto_pc_1/gru_bin_version_axi_mem_intercon_imp_auto_pc_1_axi_protocol_converter_v2_1_37_axi_protocol_converter/gru_bin_version_axi_mem_intercon_imp_auto_pc_1_axi_protocol_converter_v2_1_37_axi3_conv/gru_bin_version_axi_mem_intercon_imp_auto_pc_1_axi_protocol_converter_v2_1_37_a_axi3_conv/gru_bin_version_axi_mem_intercon_imp_auto_pc_1_axi_data_fifo_v2_1_36_axic_fifo_0/gru_bin_version_axi_mem_intercon_imp_auto_pc_1_axi_data_fifo_v2_1_36_fifo_gen/<hidden>/<hidden>/<hidden>/<hidden>/<hidden>/<hidden>
  -------------------------------------------------------------------    -------------------
    SLICE_X39Y81         FDPE (Prop_fdpe_C_Q)         0.419     3.354 f  gru_bin_version_wrapper/gru_bin_version/gru_bin_version_axi_mem_intercon_0/s01_couplers_imp_NNMS53/gru_bin_version_axi_mem_intercon_imp_auto_pc_1/gru_bin_version_axi_mem_intercon_imp_auto_pc_1_axi_protocol_converter_v2_1_37_axi_protocol_converter/gru_bin_version_axi_mem_intercon_imp_auto_pc_1_axi_protocol_converter_v2_1_37_axi3_conv/gru_bin_version_axi_mem_intercon_imp_auto_pc_1_axi_protocol_converter_v2_1_37_a_axi3_conv/gru_bin_version_axi_mem_intercon_imp_auto_pc_1_axi_data_fifo_v2_1_36_axic_fifo_0/gru_bin_version_axi_mem_intercon_imp_auto_pc_1_axi_data_fifo_v2_1_36_fifo_gen/<hidden>/<hidden>/<hidden>/<hidden>/<hidden>/<hidden>
                         net (fo=3, routed)           1.160     4.514    gru_bin_version_wrapper/gru_bin_version/gru_bin_version_axi_mem_intercon_0/s01_couplers_imp_NNMS53/gru_bin_version_axi_mem_intercon_imp_auto_pc_1/gru_bin_version_axi_mem_intercon_imp_auto_pc_1_axi_protocol_converter_v2_1_37_axi_protocol_converter/gru_bin_version_axi_mem_intercon_imp_auto_pc_1_axi_protocol_converter_v2_1_37_axi3_conv/gru_bin_version_axi_mem_intercon_imp_auto_pc_1_axi_protocol_converter_v2_1_37_a_axi3_conv/gru_bin_version_axi_mem_intercon_imp_auto_pc_1_axi_data_fifo_v2_1_36_axic_fifo_0/gru_bin_version_axi_mem_intercon_imp_auto_pc_1_axi_data_fifo_v2_1_36_fifo_gen/<hidden>/<hidden>/<hidden>/<hidden>/<hidden>
    SLICE_X37Y81         LUT3 (Prop_lut3_I2_O)        0.299     4.813 f  gru_bin_version_wrapper/gru_bin_version/gru_bin_version_axi_mem_intercon_0/s01_couplers_imp_NNMS53/gru_bin_version_axi_mem_intercon_imp_auto_pc_1/gru_bin_version_axi_mem_intercon_imp_auto_pc_1_axi_protocol_converter_v2_1_37_axi_protocol_converter/gru_bin_version_axi_mem_intercon_imp_auto_pc_1_axi_protocol_converter_v2_1_37_axi3_conv/gru_bin_version_axi_mem_intercon_imp_auto_pc_1_axi_protocol_converter_v2_1_37_a_axi3_conv/gru_bin_version_axi_mem_intercon_imp_auto_pc_1_axi_data_fifo_v2_1_36_axic_fifo_0/gru_bin_version_axi_mem_intercon_imp_auto_pc_1_axi_data_fifo_v2_1_36_fifo_gen/<hidden>/<hidden>/<hidden>/<hidden>/<hidden>
                         net (fo=32, routed)          1.032     5.845    gru_bin_version_wrapper/gru_bin_version/gru_bin_version_axi_mem_intercon_0/s01_couplers_imp_NNMS53/gru_bin_version_axi_mem_intercon_imp_auto_pc_1/gru_bin_version_axi_mem_intercon_imp_auto_pc_1_axi_protocol_converter_v2_1_37_axi_protocol_converter/gru_bin_version_axi_mem_intercon_imp_auto_pc_1_axi_protocol_converter_v2_1_37_axi3_conv/gru_bin_version_axi_mem_intercon_imp_auto_pc_1_axi_protocol_converter_v2_1_37_a_axi3_conv/gru_bin_version_axi_mem_intercon_imp_auto_pc_1_axi_data_fifo_v2_1_36_axic_fifo_0/gru_bin_version_axi_mem_intercon_imp_auto_pc_1_axi_data_fifo_v2_1_36_fifo_gen/<hidden>/<hidden>/<hidden>/<hidden>/<hidden>/<hidden>
    SLICE_X37Y82         FDCE                                         f  gru_bin_version_wrapper/gru_bin_version/gru_bin_version_axi_mem_intercon_0/s01_couplers_imp_NNMS53/gru_bin_version_axi_mem_intercon_imp_auto_pc_1/gru_bin_version_axi_mem_intercon_imp_auto_pc_1_axi_protocol_converter_v2_1_37_axi_protocol_converter/gru_bin_version_axi_mem_intercon_imp_auto_pc_1_axi_protocol_converter_v2_1_37_axi3_conv/gru_bin_version_axi_mem_intercon_imp_auto_pc_1_axi_protocol_converter_v2_1_37_a_axi3_conv/gru_bin_version_axi_mem_intercon_imp_auto_pc_1_axi_data_fifo_v2_1_36_axic_fifo_0/gru_bin_version_axi_mem_intercon_imp_auto_pc_1_axi_data_fifo_v2_1_36_fifo_gen/<hidden>/<hidden>/<hidden>/<hidden>/<hidden>/<hidden>
  -------------------------------------------------------------------    -------------------

                         (clock clk_fpga_0 rise edge)
                                                     10.000    10.000 r  
    PS7_X0Y0             PS7                          0.000    10.000 r  gru_bin_version_i/processing_system7_0/inst/PS7_i/FCLKCLK[0]
                         net (fo=1, routed)           1.088    11.088    gru_bin_version_i/processing_system7_0/inst/FCLK_CLK_unbuffered[0]
    BUFGCTRL_X0Y16       BUFG (Prop_bufg_I_O)         0.091    11.179 r  gru_bin_version_i/processing_system7_0/inst/buffer_fclk_clk_0.FCLK_CLK_0_BUFG/O
                         net (fo=25495, routed)       1.471    12.650    gru_bin_version_wrapper/gru_bin_version/gru_bin_version_axi_mem_intercon_0/s01_couplers_imp_NNMS53/gru_bin_version_axi_mem_intercon_imp_auto_pc_1/gru_bin_version_axi_mem_intercon_imp_auto_pc_1_axi_protocol_converter_v2_1_37_axi_protocol_converter/gru_bin_version_axi_mem_intercon_imp_auto_pc_1_axi_protocol_converter_v2_1_37_axi3_conv/gru_bin_version_axi_mem_intercon_imp_auto_pc_1_axi_protocol_converter_v2_1_37_a_axi3_conv/gru_bin_version_axi_mem_intercon_imp_auto_pc_1_axi_data_fifo_v2_1_36_axic_fifo_0/gru_bin_version_axi_mem_intercon_imp_auto_pc_1_axi_data_fifo_v2_1_36_fifo_gen/<hidden>/<hidden>/<hidden>/<hidden>/<hidden>/<hidden>
    SLICE_X37Y82         FDCE                                         r  gru_bin_version_wrapper/gru_bin_version/gru_bin_version_axi_mem_intercon_0/s01_couplers_imp_NNMS53/gru_bin_version_axi_mem_intercon_imp_auto_pc_1/gru_bin_version_axi_mem_intercon_imp_auto_pc_1_axi_protocol_converter_v2_1_37_axi_protocol_converter/gru_bin_version_axi_mem_intercon_imp_auto_pc_1_axi_protocol_converter_v2_1_37_axi3_conv/gru_bin_version_axi_mem_intercon_imp_auto_pc_1_axi_protocol_converter_v2_1_37_a_axi3_conv/gru_bin_version_axi_mem_intercon_imp_auto_pc_1_axi_data_fifo_v2_1_36_axic_fifo_0/gru_bin_version_axi_mem_intercon_imp_auto_pc_1_axi_data_fifo_v2_1_36_fifo_gen/<hidden>/<hidden>/<hidden>/<hidden>/<hidden>/<hidden>
                         clock pessimism              0.263    12.913    
                         clock uncertainty           -0.154    12.759    
    SLICE_X37Y82         FDCE (Recov_fdce_C_CLR)     -0.405    12.354    gru_bin_version_wrapper/gru_bin_version/gru_bin_version_axi_mem_intercon_0/s01_couplers_imp_NNMS53/gru_bin_version_axi_mem_intercon_imp_auto_pc_1/gru_bin_version_axi_mem_intercon_imp_auto_pc_1_axi_protocol_converter_v2_1_37_axi_protocol_converter/gru_bin_version_axi_mem_intercon_imp_auto_pc_1_axi_protocol_converter_v2_1_37_axi3_conv/gru_bin_version_axi_mem_intercon_imp_auto_pc_1_axi_protocol_converter_v2_1_37_a_axi3_conv/gru_bin_version_axi_mem_intercon_imp_auto_pc_1_axi_data_fifo_v2_1_36_axic_fifo_0/gru_bin_version_axi_mem_intercon_imp_auto_pc_1_axi_data_fifo_v2_1_36_fifo_gen/<hidden>/<hidden>/<hidden>/<hidden>/<hidden>/<hidden>
  -------------------------------------------------------------------
                         required time                         12.354    
                         arrival time                          -5.845    
  -------------------------------------------------------------------
                         slack                                  6.509    

Slack (MET) :             6.509ns  (required time - arrival time)
  Source:                 gru_bin_version_wrapper/gru_bin_version/gru_bin_version_axi_mem_intercon_0/s01_couplers_imp_NNMS53/gru_bin_version_axi_mem_intercon_imp_auto_pc_1/gru_bin_version_axi_mem_intercon_imp_auto_pc_1_axi_protocol_converter_v2_1_37_axi_protocol_converter/gru_bin_version_axi_mem_intercon_imp_auto_pc_1_axi_protocol_converter_v2_1_37_axi3_conv/gru_bin_version_axi_mem_intercon_imp_auto_pc_1_axi_protocol_converter_v2_1_37_a_axi3_conv/gru_bin_version_axi_mem_intercon_imp_auto_pc_1_axi_data_fifo_v2_1_36_axic_fifo_0/gru_bin_version_axi_mem_intercon_imp_auto_pc_1_axi_data_fifo_v2_1_36_fifo_gen/<hidden>/<hidden>/<hidden>/<hidden>/<hidden>/<hidden>
                            (rising edge-triggered cell FDPE clocked by clk_fpga_0  {rise@0.000ns fall@5.000ns period=10.000ns})
  Destination:            gru_bin_version_wrapper/gru_bin_version/gru_bin_version_axi_mem_intercon_0/s01_couplers_imp_NNMS53/gru_bin_version_axi_mem_intercon_imp_auto_pc_1/gru_bin_version_axi_mem_intercon_imp_auto_pc_1_axi_protocol_converter_v2_1_37_axi_protocol_converter/gru_bin_version_axi_mem_intercon_imp_auto_pc_1_axi_protocol_converter_v2_1_37_axi3_conv/gru_bin_version_axi_mem_intercon_imp_auto_pc_1_axi_protocol_converter_v2_1_37_a_axi3_conv/gru_bin_version_axi_mem_intercon_imp_auto_pc_1_axi_data_fifo_v2_1_36_axic_fifo_0/gru_bin_version_axi_mem_intercon_imp_auto_pc_1_axi_data_fifo_v2_1_36_fifo_gen/<hidden>/<hidden>/<hidden>/<hidden>/<hidden>/<hidden>
                            (recovery check against rising-edge clock clk_fpga_0  {rise@0.000ns fall@5.000ns period=10.000ns})
  Path Group:             **async_default**
  Path Type:              Recovery (Max at Slow Process Corner)
  Requirement:            10.000ns  (clk_fpga_0 rise@10.000ns - clk_fpga_0 rise@0.000ns)
  Data Path Delay:        2.910ns  (logic 0.718ns (24.670%)  route 2.192ns (75.330%))
  Logic Levels:           1  (LUT3=1)
  Clock Path Skew:        -0.022ns (DCD - SCD + CPR)
    Destination Clock Delay (DCD):    2.650ns = ( 12.650 - 10.000 ) 
    Source Clock Delay      (SCD):    2.935ns
    Clock Pessimism Removal (CPR):    0.263ns
  Clock Uncertainty:      0.154ns  ((TSJ^2 + TIJ^2)^1/2 + DJ) / 2 + PE
    Total System Jitter     (TSJ):    0.071ns
    Total Input Jitter      (TIJ):    0.300ns
    Discrete Jitter          (DJ):    0.000ns
    Phase Error              (PE):    0.000ns

    Location             Delay type                Incr(ns)  Path(ns)    Netlist Resource(s)
  -------------------------------------------------------------------    -------------------
                         (clock clk_fpga_0 rise edge)
                                                      0.000     0.000 r  
    PS7_X0Y0             PS7                          0.000     0.000 r  gru_bin_version_i/processing_system7_0/inst/PS7_i/FCLKCLK[0]
                         net (fo=1, routed)           1.193     1.193    gru_bin_version_i/processing_system7_0/inst/FCLK_CLK_unbuffered[0]
    BUFGCTRL_X0Y16       BUFG (Prop_bufg_I_O)         0.101     1.294 r  gru_bin_version_i/processing_system7_0/inst/buffer_fclk_clk_0.FCLK_CLK_0_BUFG/O
                         net (fo=25495, routed)       1.641     2.935    gru_bin_version_wrapper/gru_bin_version/gru_bin_version_axi_mem_intercon_0/s01_couplers_imp_NNMS53/gru_bin_version_axi_mem_intercon_imp_auto_pc_1/gru_bin_version_axi_mem_intercon_imp_auto_pc_1_axi_protocol_converter_v2_1_37_axi_protocol_converter/gru_bin_version_axi_mem_intercon_imp_auto_pc_1_axi_protocol_converter_v2_1_37_axi3_conv/gru_bin_version_axi_mem_intercon_imp_auto_pc_1_axi_protocol_converter_v2_1_37_a_axi3_conv/gru_bin_version_axi_mem_intercon_imp_auto_pc_1_axi_data_fifo_v2_1_36_axic_fifo_0/gru_bin_version_axi_mem_intercon_imp_auto_pc_1_axi_data_fifo_v2_1_36_fifo_gen/<hidden>/<hidden>/<hidden>/<hidden>/<hidden>/<hidden>
    SLICE_X39Y81         FDPE                                         r  gru_bin_version_wrapper/gru_bin_version/gru_bin_version_axi_mem_intercon_0/s01_couplers_imp_NNMS53/gru_bin_version_axi_mem_intercon_imp_auto_pc_1/gru_bin_version_axi_mem_intercon_imp_auto_pc_1_axi_protocol_converter_v2_1_37_axi_protocol_converter/gru_bin_version_axi_mem_intercon_imp_auto_pc_1_axi_protocol_converter_v2_1_37_axi3_conv/gru_bin_version_axi_mem_intercon_imp_auto_pc_1_axi_protocol_converter_v2_1_37_a_axi3_conv/gru_bin_version_axi_mem_intercon_imp_auto_pc_1_axi_data_fifo_v2_1_36_axic_fifo_0/gru_bin_version_axi_mem_intercon_imp_auto_pc_1_axi_data_fifo_v2_1_36_fifo_gen/<hidden>/<hidden>/<hidden>/<hidden>/<hidden>/<hidden>
  -------------------------------------------------------------------    -------------------
    SLICE_X39Y81         FDPE (Prop_fdpe_C_Q)         0.419     3.354 f  gru_bin_version_wrapper/gru_bin_version/gru_bin_version_axi_mem_intercon_0/s01_couplers_imp_NNMS53/gru_bin_version_axi_mem_intercon_imp_auto_pc_1/gru_bin_version_axi_mem_intercon_imp_auto_pc_1_axi_protocol_converter_v2_1_37_axi_protocol_converter/gru_bin_version_axi_mem_intercon_imp_auto_pc_1_axi_protocol_converter_v2_1_37_axi3_conv/gru_bin_version_axi_mem_intercon_imp_auto_pc_1_axi_protocol_converter_v2_1_37_a_axi3_conv/gru_bin_version_axi_mem_intercon_imp_auto_pc_1_axi_data_fifo_v2_1_36_axic_fifo_0/gru_bin_version_axi_mem_intercon_imp_auto_pc_1_axi_data_fifo_v2_1_36_fifo_gen/<hidden>/<hidden>/<hidden>/<hidden>/<hidden>/<hidden>
                         net (fo=3, routed)           1.160     4.514    gru_bin_version_wrapper/gru_bin_version/gru_bin_version_axi_mem_intercon_0/s01_couplers_imp_NNMS53/gru_bin_version_axi_mem_intercon_imp_auto_pc_1/gru_bin_version_axi_mem_intercon_imp_auto_pc_1_axi_protocol_converter_v2_1_37_axi_protocol_converter/gru_bin_version_axi_mem_intercon_imp_auto_pc_1_axi_protocol_converter_v2_1_37_axi3_conv/gru_bin_version_axi_mem_intercon_imp_auto_pc_1_axi_protocol_converter_v2_1_37_a_axi3_conv/gru_bin_version_axi_mem_intercon_imp_auto_pc_1_axi_data_fifo_v2_1_36_axic_fifo_0/gru_bin_version_axi_mem_intercon_imp_auto_pc_1_axi_data_fifo_v2_1_36_fifo_gen/<hidden>/<hidden>/<hidden>/<hidden>/<hidden>
    SLICE_X37Y81         LUT3 (Prop_lut3_I2_O)        0.299     4.813 f  gru_bin_version_wrapper/gru_bin_version/gru_bin_version_axi_mem_intercon_0/s01_couplers_imp_NNMS53/gru_bin_version_axi_mem_intercon_imp_auto_pc_1/gru_bin_version_axi_mem_intercon_imp_auto_pc_1_axi_protocol_converter_v2_1_37_axi_protocol_converter/gru_bin_version_axi_mem_intercon_imp_auto_pc_1_axi_protocol_converter_v2_1_37_axi3_conv/gru_bin_version_axi_mem_intercon_imp_auto_pc_1_axi_protocol_converter_v2_1_37_a_axi3_conv/gru_bin_version_axi_mem_intercon_imp_auto_pc_1_axi_data_fifo_v2_1_36_axic_fifo_0/gru_bin_version_axi_mem_intercon_imp_auto_pc_1_axi_data_fifo_v2_1_36_fifo_gen/<hidden>/<hidden>/<hidden>/<hidden>/<hidden>
                         net (fo=32, routed)          1.032     5.845    gru_bin_version_wrapper/gru_bin_version/gru_bin_version_axi_mem_intercon_0/s01_couplers_imp_NNMS53/gru_bin_version_axi_mem_intercon_imp_auto_pc_1/gru_bin_version_axi_mem_intercon_imp_auto_pc_1_axi_protocol_converter_v2_1_37_axi_protocol_converter/gru_bin_version_axi_mem_intercon_imp_auto_pc_1_axi_protocol_converter_v2_1_37_axi3_conv/gru_bin_version_axi_mem_intercon_imp_auto_pc_1_axi_protocol_converter_v2_1_37_a_axi3_conv/gru_bin_version_axi_mem_intercon_imp_auto_pc_1_axi_data_fifo_v2_1_36_axic_fifo_0/gru_bin_version_axi_mem_intercon_imp_auto_pc_1_axi_data_fifo_v2_1_36_fifo_gen/<hidden>/<hidden>/<hidden>/<hidden>/<hidden>/<hidden>
    SLICE_X37Y82         FDCE                                         f  gru_bin_version_wrapper/gru_bin_version/gru_bin_version_axi_mem_intercon_0/s01_couplers_imp_NNMS53/gru_bin_version_axi_mem_intercon_imp_auto_pc_1/gru_bin_version_axi_mem_intercon_imp_auto_pc_1_axi_protocol_converter_v2_1_37_axi_protocol_converter/gru_bin_version_axi_mem_intercon_imp_auto_pc_1_axi_protocol_converter_v2_1_37_axi3_conv/gru_bin_version_axi_mem_intercon_imp_auto_pc_1_axi_protocol_converter_v2_1_37_a_axi3_conv/gru_bin_version_axi_mem_intercon_imp_auto_pc_1_axi_data_fifo_v2_1_36_axic_fifo_0/gru_bin_version_axi_mem_intercon_imp_auto_pc_1_axi_data_fifo_v2_1_36_fifo_gen/<hidden>/<hidden>/<hidden>/<hidden>/<hidden>/<hidden>
  -------------------------------------------------------------------    -------------------

                         (clock clk_fpga_0 rise edge)
                                                     10.000    10.000 r  
    PS7_X0Y0             PS7                          0.000    10.000 r  gru_bin_version_i/processing_system7_0/inst/PS7_i/FCLKCLK[0]
                         net (fo=1, routed)           1.088    11.088    gru_bin_version_i/processing_system7_0/inst/FCLK_CLK_unbuffered[0]
    BUFGCTRL_X0Y16       BUFG (Prop_bufg_I_O)         0.091    11.179 r  gru_bin_version_i/processing_system7_0/inst/buffer_fclk_clk_0.FCLK_CLK_0_BUFG/O
                         net (fo=25495, routed)       1.471    12.650    gru_bin_version_wrapper/gru_bin_version/gru_bin_version_axi_mem_intercon_0/s01_couplers_imp_NNMS53/gru_bin_version_axi_mem_intercon_imp_auto_pc_1/gru_bin_version_axi_mem_intercon_imp_auto_pc_1_axi_protocol_converter_v2_1_37_axi_protocol_converter/gru_bin_version_axi_mem_intercon_imp_auto_pc_1_axi_protocol_converter_v2_1_37_axi3_conv/gru_bin_version_axi_mem_intercon_imp_auto_pc_1_axi_protocol_converter_v2_1_37_a_axi3_conv/gru_bin_version_axi_mem_intercon_imp_auto_pc_1_axi_data_fifo_v2_1_36_axic_fifo_0/gru_bin_version_axi_mem_intercon_imp_auto_pc_1_axi_data_fifo_v2_1_36_fifo_gen/<hidden>/<hidden>/<hidden>/<hidden>/<hidden>/<hidden>
    SLICE_X37Y82         FDCE                                         r  gru_bin_version_wrapper/gru_bin_version/gru_bin_version_axi_mem_intercon_0/s01_couplers_imp_NNMS53/gru_bin_version_axi_mem_intercon_imp_auto_pc_1/gru_bin_version_axi_mem_intercon_imp_auto_pc_1_axi_protocol_converter_v2_1_37_axi_protocol_converter/gru_bin_version_axi_mem_intercon_imp_auto_pc_1_axi_protocol_converter_v2_1_37_axi3_conv/gru_bin_version_axi_mem_intercon_imp_auto_pc_1_axi_protocol_converter_v2_1_37_a_axi3_conv/gru_bin_version_axi_mem_intercon_imp_auto_pc_1_axi_data_fifo_v2_1_36_axic_fifo_0/gru_bin_version_axi_mem_intercon_imp_auto_pc_1_axi_data_fifo_v2_1_36_fifo_gen/<hidden>/<hidden>/<hidden>/<hidden>/<hidden>/<hidden>
                         clock pessimism              0.263    12.913    
                         clock uncertainty           -0.154    12.759    
    SLICE_X37Y82         FDCE (Recov_fdce_C_CLR)     -0.405    12.354    gru_bin_version_wrapper/gru_bin_version/gru_bin_version_axi_mem_intercon_0/s01_couplers_imp_NNMS53/gru_bin_version_axi_mem_intercon_imp_auto_pc_1/gru_bin_version_axi_mem_intercon_imp_auto_pc_1_axi_protocol_converter_v2_1_37_axi_protocol_converter/gru_bin_version_axi_mem_intercon_imp_auto_pc_1_axi_protocol_converter_v2_1_37_axi3_conv/gru_bin_version_axi_mem_intercon_imp_auto_pc_1_axi_protocol_converter_v2_1_37_a_axi3_conv/gru_bin_version_axi_mem_intercon_imp_auto_pc_1_axi_data_fifo_v2_1_36_axic_fifo_0/gru_bin_version_axi_mem_intercon_imp_auto_pc_1_axi_data_fifo_v2_1_36_fifo_gen/<hidden>/<hidden>/<hidden>/<hidden>/<hidden>/<hidden>
  -------------------------------------------------------------------
                         required time                         12.354    
                         arrival time                          -5.845    
  -------------------------------------------------------------------
                         slack                                  6.509    





Min Delay Paths
--------------------------------------------------------------------------------------
Slack (MET) :             0.582ns  (arrival time - required time)
  Source:                 gru_bin_version_wrapper/gru_bin_version/gru_bin_version_axi_mem_intercon_0/s01_couplers_imp_NNMS53/gru_bin_version_axi_mem_intercon_imp_auto_pc_1/gru_bin_version_axi_mem_intercon_imp_auto_pc_1_axi_protocol_converter_v2_1_37_axi_protocol_converter/gru_bin_version_axi_mem_intercon_imp_auto_pc_1_axi_protocol_converter_v2_1_37_axi3_conv/gru_bin_version_axi_mem_intercon_imp_auto_pc_1_axi_protocol_converter_v2_1_37_a_axi3_conv/gru_bin_version_axi_mem_intercon_imp_auto_pc_1_axi_data_fifo_v2_1_36_axic_fifo_0/gru_bin_version_axi_mem_intercon_imp_auto_pc_1_axi_data_fifo_v2_1_36_fifo_gen/<hidden>/<hidden>/<hidden>/<hidden>/<hidden>
                            (rising edge-triggered cell FDRE clocked by clk_fpga_0  {rise@0.000ns fall@5.000ns period=10.000ns})
  Destination:            gru_bin_version_wrapper/gru_bin_version/gru_bin_version_axi_mem_intercon_0/s01_couplers_imp_NNMS53/gru_bin_version_axi_mem_intercon_imp_auto_pc_1/gru_bin_version_axi_mem_intercon_imp_auto_pc_1_axi_protocol_converter_v2_1_37_axi_protocol_converter/gru_bin_version_axi_mem_intercon_imp_auto_pc_1_axi_protocol_converter_v2_1_37_axi3_conv/gru_bin_version_axi_mem_intercon_imp_auto_pc_1_axi_protocol_converter_v2_1_37_a_axi3_conv/gru_bin_version_axi_mem_intercon_imp_auto_pc_1_axi_data_fifo_v2_1_36_axic_fifo_0/gru_bin_version_axi_mem_intercon_imp_auto_pc_1_axi_data_fifo_v2_1_36_fifo_gen/<hidden>/<hidden>/<hidden>/<hidden>/<hidden>/<hidden>
                            (removal check against rising-edge clock clk_fpga_0  {rise@0.000ns fall@5.000ns period=10.000ns})
  Path Group:             **async_default**
  Path Type:              Removal (Min at Fast Process Corner)
  Requirement:            0.000ns  (clk_fpga_0 rise@0.000ns - clk_fpga_0 rise@0.000ns)
  Data Path Delay:        0.528ns  (logic 0.186ns (35.209%)  route 0.342ns (64.791%))
  Logic Levels:           1  (LUT3=1)
  Clock Path Skew:        0.013ns (DCD - SCD - CPR)
    Destination Clock Delay (DCD):    1.180ns
    Source Clock Delay      (SCD):    0.885ns
    Clock Pessimism Removal (CPR):    0.282ns

    Location             Delay type                Incr(ns)  Path(ns)    Netlist Resource(s)
  -------------------------------------------------------------------    -------------------
                         (clock clk_fpga_0 rise edge)
                                                      0.000     0.000 r  
    PS7_X0Y0             PS7                          0.000     0.000 r  gru_bin_version_i/processing_system7_0/inst/PS7_i/FCLKCLK[0]
                         net (fo=1, routed)           0.310     0.310    gru_bin_version_i/processing_system7_0/inst/FCLK_CLK_unbuffered[0]
    BUFGCTRL_X0Y16       BUFG (Prop_bufg_I_O)         0.026     0.336 r  gru_bin_version_i/processing_system7_0/inst/buffer_fclk_clk_0.FCLK_CLK_0_BUFG/O
                         net (fo=25495, routed)       0.549     0.885    gru_bin_version_wrapper/gru_bin_version/gru_bin_version_axi_mem_intercon_0/s01_couplers_imp_NNMS53/gru_bin_version_axi_mem_intercon_imp_auto_pc_1/gru_bin_version_axi_mem_intercon_imp_auto_pc_1_axi_protocol_converter_v2_1_37_axi_protocol_converter/gru_bin_version_axi_mem_intercon_imp_auto_pc_1_axi_protocol_converter_v2_1_37_axi3_conv/gru_bin_version_axi_mem_intercon_imp_auto_pc_1_axi_protocol_converter_v2_1_37_a_axi3_conv/gru_bin_version_axi_mem_intercon_imp_auto_pc_1_axi_data_fifo_v2_1_36_axic_fifo_0/gru_bin_version_axi_mem_intercon_imp_auto_pc_1_axi_data_fifo_v2_1_36_fifo_gen/<hidden>/<hidden>/<hidden>/<hidden>/<hidden>
    SLICE_X37Y81         FDRE                                         r  gru_bin_version_wrapper/gru_bin_version/gru_bin_version_axi_mem_intercon_0/s01_couplers_imp_NNMS53/gru_bin_version_axi_mem_intercon_imp_auto_pc_1/gru_bin_version_axi_mem_intercon_imp_auto_pc_1_axi_protocol_converter_v2_1_37_axi_protocol_converter/gru_bin_version_axi_mem_intercon_imp_auto_pc_1_axi_protocol_converter_v2_1_37_axi3_conv/gru_bin_version_axi_mem_intercon_imp_auto_pc_1_axi_protocol_converter_v2_1_37_a_axi3_conv/gru_bin_version_axi_mem_intercon_imp_auto_pc_1_axi_data_fifo_v2_1_36_axic_fifo_0/gru_bin_version_axi_mem_intercon_imp_auto_pc_1_axi_data_fifo_v2_1_36_fifo_gen/<hidden>/<hidden>/<hidden>/<hidden>/<hidden>
  -------------------------------------------------------------------    -------------------
    SLICE_X37Y81         FDRE (Prop_fdre_C_Q)         0.141     1.026 f  gru_bin_version_wrapper/gru_bin_version/gru_bin_version_axi_mem_intercon_0/s01_couplers_imp_NNMS53/gru_bin_version_axi_mem_intercon_imp_auto_pc_1/gru_bin_version_axi_mem_intercon_imp_auto_pc_1_axi_protocol_converter_v2_1_37_axi_protocol_converter/gru_bin_version_axi_mem_intercon_imp_auto_pc_1_axi_protocol_converter_v2_1_37_axi3_conv/gru_bin_version_axi_mem_intercon_imp_auto_pc_1_axi_protocol_converter_v2_1_37_a_axi3_conv/gru_bin_version_axi_mem_intercon_imp_auto_pc_1_axi_data_fifo_v2_1_36_axic_fifo_0/gru_bin_version_axi_mem_intercon_imp_auto_pc_1_axi_data_fifo_v2_1_36_fifo_gen/<hidden>/<hidden>/<hidden>/<hidden>/<hidden>
                         net (fo=3, routed)           0.157     1.183    gru_bin_version_wrapper/gru_bin_version/gru_bin_version_axi_mem_intercon_0/s01_couplers_imp_NNMS53/gru_bin_version_axi_mem_intercon_imp_auto_pc_1/gru_bin_version_axi_mem_intercon_imp_auto_pc_1_axi_protocol_converter_v2_1_37_axi_protocol_converter/gru_bin_version_axi_mem_intercon_imp_auto_pc_1_axi_protocol_converter_v2_1_37_axi3_conv/gru_bin_version_axi_mem_intercon_imp_auto_pc_1_axi_protocol_converter_v2_1_37_a_axi3_conv/gru_bin_version_axi_mem_intercon_imp_auto_pc_1_axi_data_fifo_v2_1_36_axic_fifo_0/gru_bin_version_axi_mem_intercon_imp_auto_pc_1_axi_data_fifo_v2_1_36_fifo_gen/<hidden>/<hidden>/<hidden>/<hidden>/<hidden>
    SLICE_X37Y81         LUT3 (Prop_lut3_I1_O)        0.045     1.228 f  gru_bin_version_wrapper/gru_bin_version/gru_bin_version_axi_mem_intercon_0/s01_couplers_imp_NNMS53/gru_bin_version_axi_mem_intercon_imp_auto_pc_1/gru_bin_version_axi_mem_intercon_imp_auto_pc_1_axi_protocol_converter_v2_1_37_axi_protocol_converter/gru_bin_version_axi_mem_intercon_imp_auto_pc_1_axi_protocol_converter_v2_1_37_axi3_conv/gru_bin_version_axi_mem_intercon_imp_auto_pc_1_axi_protocol_converter_v2_1_37_a_axi3_conv/gru_bin_version_axi_mem_intercon_imp_auto_pc_1_axi_data_fifo_v2_1_36_axic_fifo_0/gru_bin_version_axi_mem_intercon_imp_auto_pc_1_axi_data_fifo_v2_1_36_fifo_gen/<hidden>/<hidden>/<hidden>/<hidden>/<hidden>
                         net (fo=32, routed)          0.185     1.413    gru_bin_version_wrapper/gru_bin_version/gru_bin_version_axi_mem_intercon_0/s01_couplers_imp_NNMS53/gru_bin_version_axi_mem_intercon_imp_auto_pc_1/gru_bin_version_axi_mem_intercon_imp_auto_pc_1_axi_protocol_converter_v2_1_37_axi_protocol_converter/gru_bin_version_axi_mem_intercon_imp_auto_pc_1_axi_protocol_converter_v2_1_37_axi3_conv/gru_bin_version_axi_mem_intercon_imp_auto_pc_1_axi_protocol_converter_v2_1_37_a_axi3_conv/gru_bin_version_axi_mem_intercon_imp_auto_pc_1_axi_data_fifo_v2_1_36_axic_fifo_0/gru_bin_version_axi_mem_intercon_imp_auto_pc_1_axi_data_fifo_v2_1_36_fifo_gen/<hidden>/<hidden>/<hidden>/<hidden>/<hidden>/<hidden>
    SLICE_X38Y80         FDCE                                         f  gru_bin_version_wrapper/gru_bin_version/gru_bin_version_axi_mem_intercon_0/s01_couplers_imp_NNMS53/gru_bin_version_axi_mem_intercon_imp_auto_pc_1/gru_bin_version_axi_mem_intercon_imp_auto_pc_1_axi_protocol_converter_v2_1_37_axi_protocol_converter/gru_bin_version_axi_mem_intercon_imp_auto_pc_1_axi_protocol_converter_v2_1_37_axi3_conv/gru_bin_version_axi_mem_intercon_imp_auto_pc_1_axi_protocol_converter_v2_1_37_a_axi3_conv/gru_bin_version_axi_mem_intercon_imp_auto_pc_1_axi_data_fifo_v2_1_36_axic_fifo_0/gru_bin_version_axi_mem_intercon_imp_auto_pc_1_axi_data_fifo_v2_1_36_fifo_gen/<hidden>/<hidden>/<hidden>/<hidden>/<hidden>/<hidden>
  -------------------------------------------------------------------    -------------------

                         (clock clk_fpga_0 rise edge)
                                                      0.000     0.000 r  
    PS7_X0Y0             PS7                          0.000     0.000 r  gru_bin_version_i/processing_system7_0/inst/PS7_i/FCLKCLK[0]
                         net (fo=1, routed)           0.337     0.337    gru_bin_version_i/processing_system7_0/inst/FCLK_CLK_unbuffered[0]
    BUFGCTRL_X0Y16       BUFG (Prop_bufg_I_O)         0.029     0.366 r  gru_bin_version_i/processing_system7_0/inst/buffer_fclk_clk_0.FCLK_CLK_0_BUFG/O
                         net (fo=25495, routed)       0.814     1.180    gru_bin_version_wrapper/gru_bin_version/gru_bin_version_axi_mem_intercon_0/s01_couplers_imp_NNMS53/gru_bin_version_axi_mem_intercon_imp_auto_pc_1/gru_bin_version_axi_mem_intercon_imp_auto_pc_1_axi_protocol_converter_v2_1_37_axi_protocol_converter/gru_bin_version_axi_mem_intercon_imp_auto_pc_1_axi_protocol_converter_v2_1_37_axi3_conv/gru_bin_version_axi_mem_intercon_imp_auto_pc_1_axi_protocol_converter_v2_1_37_a_axi3_conv/gru_bin_version_axi_mem_intercon_imp_auto_pc_1_axi_data_fifo_v2_1_36_axic_fifo_0/gru_bin_version_axi_mem_intercon_imp_auto_pc_1_axi_data_fifo_v2_1_36_fifo_gen/<hidden>/<hidden>/<hidden>/<hidden>/<hidden>/<hidden>
    SLICE_X38Y80         FDCE                                         r  gru_bin_version_wrapper/gru_bin_version/gru_bin_version_axi_mem_intercon_0/s01_couplers_imp_NNMS53/gru_bin_version_axi_mem_intercon_imp_auto_pc_1/gru_bin_version_axi_mem_intercon_imp_auto_pc_1_axi_protocol_converter_v2_1_37_axi_protocol_converter/gru_bin_version_axi_mem_intercon_imp_auto_pc_1_axi_protocol_converter_v2_1_37_axi3_conv/gru_bin_version_axi_mem_intercon_imp_auto_pc_1_axi_protocol_converter_v2_1_37_a_axi3_conv/gru_bin_version_axi_mem_intercon_imp_auto_pc_1_axi_data_fifo_v2_1_36_axic_fifo_0/gru_bin_version_axi_mem_intercon_imp_auto_pc_1_axi_data_fifo_v2_1_36_fifo_gen/<hidden>/<hidden>/<hidden>/<hidden>/<hidden>/<hidden>
                         clock pessimism             -0.282     0.898    
    SLICE_X38Y80         FDCE (Remov_fdce_C_CLR)     -0.067     0.831    gru_bin_version_wrapper/gru_bin_version/gru_bin_version_axi_mem_intercon_0/s01_couplers_imp_NNMS53/gru_bin_version_axi_mem_intercon_imp_auto_pc_1/gru_bin_version_axi_mem_intercon_imp_auto_pc_1_axi_protocol_converter_v2_1_37_axi_protocol_converter/gru_bin_version_axi_mem_intercon_imp_auto_pc_1_axi_protocol_converter_v2_1_37_axi3_conv/gru_bin_version_axi_mem_intercon_imp_auto_pc_1_axi_protocol_converter_v2_1_37_a_axi3_conv/gru_bin_version_axi_mem_intercon_imp_auto_pc_1_axi_data_fifo_v2_1_36_axic_fifo_0/gru_bin_version_axi_mem_intercon_imp_auto_pc_1_axi_data_fifo_v2_1_36_fifo_gen/<hidden>/<hidden>/<hidden>/<hidden>/<hidden>/<hidden>
  -------------------------------------------------------------------
                         required time                         -0.831    
                         arrival time                           1.413    
  -------------------------------------------------------------------
                         slack                                  0.582    

Slack (MET) :             0.582ns  (arrival time - required time)
  Source:                 gru_bin_version_wrapper/gru_bin_version/gru_bin_version_axi_mem_intercon_0/s01_couplers_imp_NNMS53/gru_bin_version_axi_mem_intercon_imp_auto_pc_1/gru_bin_version_axi_mem_intercon_imp_auto_pc_1_axi_protocol_converter_v2_1_37_axi_protocol_converter/gru_bin_version_axi_mem_intercon_imp_auto_pc_1_axi_protocol_converter_v2_1_37_axi3_conv/gru_bin_version_axi_mem_intercon_imp_auto_pc_1_axi_protocol_converter_v2_1_37_a_axi3_conv/gru_bin_version_axi_mem_intercon_imp_auto_pc_1_axi_data_fifo_v2_1_36_axic_fifo_0/gru_bin_version_axi_mem_intercon_imp_auto_pc_1_axi_data_fifo_v2_1_36_fifo_gen/<hidden>/<hidden>/<hidden>/<hidden>/<hidden>
                            (rising edge-triggered cell FDRE clocked by clk_fpga_0  {rise@0.000ns fall@5.000ns period=10.000ns})
  Destination:            gru_bin_version_wrapper/gru_bin_version/gru_bin_version_axi_mem_intercon_0/s01_couplers_imp_NNMS53/gru_bin_version_axi_mem_intercon_imp_auto_pc_1/gru_bin_version_axi_mem_intercon_imp_auto_pc_1_axi_protocol_converter_v2_1_37_axi_protocol_converter/gru_bin_version_axi_mem_intercon_imp_auto_pc_1_axi_protocol_converter_v2_1_37_axi3_conv/gru_bin_version_axi_mem_intercon_imp_auto_pc_1_axi_protocol_converter_v2_1_37_a_axi3_conv/gru_bin_version_axi_mem_intercon_imp_auto_pc_1_axi_data_fifo_v2_1_36_axic_fifo_0/gru_bin_version_axi_mem_intercon_imp_auto_pc_1_axi_data_fifo_v2_1_36_fifo_gen/<hidden>/<hidden>/<hidden>/<hidden>/<hidden>/<hidden>
                            (removal check against rising-edge clock clk_fpga_0  {rise@0.000ns fall@5.000ns period=10.000ns})
  Path Group:             **async_default**
  Path Type:              Removal (Min at Fast Process Corner)
  Requirement:            0.000ns  (clk_fpga_0 rise@0.000ns - clk_fpga_0 rise@0.000ns)
  Data Path Delay:        0.528ns  (logic 0.186ns (35.209%)  route 0.342ns (64.791%))
  Logic Levels:           1  (LUT3=1)
  Clock Path Skew:        0.013ns (DCD - SCD - CPR)
    Destination Clock Delay (DCD):    1.180ns
    Source Clock Delay      (SCD):    0.885ns
    Clock Pessimism Removal (CPR):    0.282ns

    Location             Delay type                Incr(ns)  Path(ns)    Netlist Resource(s)
  -------------------------------------------------------------------    -------------------
                         (clock clk_fpga_0 rise edge)
                                                      0.000     0.000 r  
    PS7_X0Y0             PS7                          0.000     0.000 r  gru_bin_version_i/processing_system7_0/inst/PS7_i/FCLKCLK[0]
                         net (fo=1, routed)           0.310     0.310    gru_bin_version_i/processing_system7_0/inst/FCLK_CLK_unbuffered[0]
    BUFGCTRL_X0Y16       BUFG (Prop_bufg_I_O)         0.026     0.336 r  gru_bin_version_i/processing_system7_0/inst/buffer_fclk_clk_0.FCLK_CLK_0_BUFG/O
                         net (fo=25495, routed)       0.549     0.885    gru_bin_version_wrapper/gru_bin_version/gru_bin_version_axi_mem_intercon_0/s01_couplers_imp_NNMS53/gru_bin_version_axi_mem_intercon_imp_auto_pc_1/gru_bin_version_axi_mem_intercon_imp_auto_pc_1_axi_protocol_converter_v2_1_37_axi_protocol_converter/gru_bin_version_axi_mem_intercon_imp_auto_pc_1_axi_protocol_converter_v2_1_37_axi3_conv/gru_bin_version_axi_mem_intercon_imp_auto_pc_1_axi_protocol_converter_v2_1_37_a_axi3_conv/gru_bin_version_axi_mem_intercon_imp_auto_pc_1_axi_data_fifo_v2_1_36_axic_fifo_0/gru_bin_version_axi_mem_intercon_imp_auto_pc_1_axi_data_fifo_v2_1_36_fifo_gen/<hidden>/<hidden>/<hidden>/<hidden>/<hidden>
    SLICE_X37Y81         FDRE                                         r  gru_bin_version_wrapper/gru_bin_version/gru_bin_version_axi_mem_intercon_0/s01_couplers_imp_NNMS53/gru_bin_version_axi_mem_intercon_imp_auto_pc_1/gru_bin_version_axi_mem_intercon_imp_auto_pc_1_axi_protocol_converter_v2_1_37_axi_protocol_converter/gru_bin_version_axi_mem_intercon_imp_auto_pc_1_axi_protocol_converter_v2_1_37_axi3_conv/gru_bin_version_axi_mem_intercon_imp_auto_pc_1_axi_protocol_converter_v2_1_37_a_axi3_conv/gru_bin_version_axi_mem_intercon_imp_auto_pc_1_axi_data_fifo_v2_1_36_axic_fifo_0/gru_bin_version_axi_mem_intercon_imp_auto_pc_1_axi_data_fifo_v2_1_36_fifo_gen/<hidden>/<hidden>/<hidden>/<hidden>/<hidden>
  -------------------------------------------------------------------    -------------------
    SLICE_X37Y81         FDRE (Prop_fdre_C_Q)         0.141     1.026 f  gru_bin_version_wrapper/gru_bin_version/gru_bin_version_axi_mem_intercon_0/s01_couplers_imp_NNMS53/gru_bin_version_axi_mem_intercon_imp_auto_pc_1/gru_bin_version_axi_mem_intercon_imp_auto_pc_1_axi_protocol_converter_v2_1_37_axi_protocol_converter/gru_bin_version_axi_mem_intercon_imp_auto_pc_1_axi_protocol_converter_v2_1_37_axi3_conv/gru_bin_version_axi_mem_intercon_imp_auto_pc_1_axi_protocol_converter_v2_1_37_a_axi3_conv/gru_bin_version_axi_mem_intercon_imp_auto_pc_1_axi_data_fifo_v2_1_36_axic_fifo_0/gru_bin_version_axi_mem_intercon_imp_auto_pc_1_axi_data_fifo_v2_1_36_fifo_gen/<hidden>/<hidden>/<hidden>/<hidden>/<hidden>
                         net (fo=3, routed)           0.157     1.183    gru_bin_version_wrapper/gru_bin_version/gru_bin_version_axi_mem_intercon_0/s01_couplers_imp_NNMS53/gru_bin_version_axi_mem_intercon_imp_auto_pc_1/gru_bin_version_axi_mem_intercon_imp_auto_pc_1_axi_protocol_converter_v2_1_37_axi_protocol_converter/gru_bin_version_axi_mem_intercon_imp_auto_pc_1_axi_protocol_converter_v2_1_37_axi3_conv/gru_bin_version_axi_mem_intercon_imp_auto_pc_1_axi_protocol_converter_v2_1_37_a_axi3_conv/gru_bin_version_axi_mem_intercon_imp_auto_pc_1_axi_data_fifo_v2_1_36_axic_fifo_0/gru_bin_version_axi_mem_intercon_imp_auto_pc_1_axi_data_fifo_v2_1_36_fifo_gen/<hidden>/<hidden>/<hidden>/<hidden>/<hidden>
    SLICE_X37Y81         LUT3 (Prop_lut3_I1_O)        0.045     1.228 f  gru_bin_version_wrapper/gru_bin_version/gru_bin_version_axi_mem_intercon_0/s01_couplers_imp_NNMS53/gru_bin_version_axi_mem_intercon_imp_auto_pc_1/gru_bin_version_axi_mem_intercon_imp_auto_pc_1_axi_protocol_converter_v2_1_37_axi_protocol_converter/gru_bin_version_axi_mem_intercon_imp_auto_pc_1_axi_protocol_converter_v2_1_37_axi3_conv/gru_bin_version_axi_mem_intercon_imp_auto_pc_1_axi_protocol_converter_v2_1_37_a_axi3_conv/gru_bin_version_axi_mem_intercon_imp_auto_pc_1_axi_data_fifo_v2_1_36_axic_fifo_0/gru_bin_version_axi_mem_intercon_imp_auto_pc_1_axi_data_fifo_v2_1_36_fifo_gen/<hidden>/<hidden>/<hidden>/<hidden>/<hidden>
                         net (fo=32, routed)          0.185     1.413    gru_bin_version_wrapper/gru_bin_version/gru_bin_version_axi_mem_intercon_0/s01_couplers_imp_NNMS53/gru_bin_version_axi_mem_intercon_imp_auto_pc_1/gru_bin_version_axi_mem_intercon_imp_auto_pc_1_axi_protocol_converter_v2_1_37_axi_protocol_converter/gru_bin_version_axi_mem_intercon_imp_auto_pc_1_axi_protocol_converter_v2_1_37_axi3_conv/gru_bin_version_axi_mem_intercon_imp_auto_pc_1_axi_protocol_converter_v2_1_37_a_axi3_conv/gru_bin_version_axi_mem_intercon_imp_auto_pc_1_axi_data_fifo_v2_1_36_axic_fifo_0/gru_bin_version_axi_mem_intercon_imp_auto_pc_1_axi_data_fifo_v2_1_36_fifo_gen/<hidden>/<hidden>/<hidden>/<hidden>/<hidden>/<hidden>
    SLICE_X38Y80         FDCE                                         f  gru_bin_version_wrapper/gru_bin_version/gru_bin_version_axi_mem_intercon_0/s01_couplers_imp_NNMS53/gru_bin_version_axi_mem_intercon_imp_auto_pc_1/gru_bin_version_axi_mem_intercon_imp_auto_pc_1_axi_protocol_converter_v2_1_37_axi_protocol_converter/gru_bin_version_axi_mem_intercon_imp_auto_pc_1_axi_protocol_converter_v2_1_37_axi3_conv/gru_bin_version_axi_mem_intercon_imp_auto_pc_1_axi_protocol_converter_v2_1_37_a_axi3_conv/gru_bin_version_axi_mem_intercon_imp_auto_pc_1_axi_data_fifo_v2_1_36_axic_fifo_0/gru_bin_version_axi_mem_intercon_imp_auto_pc_1_axi_data_fifo_v2_1_36_fifo_gen/<hidden>/<hidden>/<hidden>/<hidden>/<hidden>/<hidden>
  -------------------------------------------------------------------    -------------------

                         (clock clk_fpga_0 rise edge)
                                                      0.000     0.000 r  
    PS7_X0Y0             PS7                          0.000     0.000 r  gru_bin_version_i/processing_system7_0/inst/PS7_i/FCLKCLK[0]
                         net (fo=1, routed)           0.337     0.337    gru_bin_version_i/processing_system7_0/inst/FCLK_CLK_unbuffered[0]
    BUFGCTRL_X0Y16       BUFG (Prop_bufg_I_O)         0.029     0.366 r  gru_bin_version_i/processing_system7_0/inst/buffer_fclk_clk_0.FCLK_CLK_0_BUFG/O
                         net (fo=25495, routed)       0.814     1.180    gru_bin_version_wrapper/gru_bin_version/gru_bin_version_axi_mem_intercon_0/s01_couplers_imp_NNMS53/gru_bin_version_axi_mem_intercon_imp_auto_pc_1/gru_bin_version_axi_mem_intercon_imp_auto_pc_1_axi_protocol_converter_v2_1_37_axi_protocol_converter/gru_bin_version_axi_mem_intercon_imp_auto_pc_1_axi_protocol_converter_v2_1_37_axi3_conv/gru_bin_version_axi_mem_intercon_imp_auto_pc_1_axi_protocol_converter_v2_1_37_a_axi3_conv/gru_bin_version_axi_mem_intercon_imp_auto_pc_1_axi_data_fifo_v2_1_36_axic_fifo_0/gru_bin_version_axi_mem_intercon_imp_auto_pc_1_axi_data_fifo_v2_1_36_fifo_gen/<hidden>/<hidden>/<hidden>/<hidden>/<hidden>/<hidden>
    SLICE_X38Y80         FDCE                                         r  gru_bin_version_wrapper/gru_bin_version/gru_bin_version_axi_mem_intercon_0/s01_couplers_imp_NNMS53/gru_bin_version_axi_mem_intercon_imp_auto_pc_1/gru_bin_version_axi_mem_intercon_imp_auto_pc_1_axi_protocol_converter_v2_1_37_axi_protocol_converter/gru_bin_version_axi_mem_intercon_imp_auto_pc_1_axi_protocol_converter_v2_1_37_axi3_conv/gru_bin_version_axi_mem_intercon_imp_auto_pc_1_axi_protocol_converter_v2_1_37_a_axi3_conv/gru_bin_version_axi_mem_intercon_imp_auto_pc_1_axi_data_fifo_v2_1_36_axic_fifo_0/gru_bin_version_axi_mem_intercon_imp_auto_pc_1_axi_data_fifo_v2_1_36_fifo_gen/<hidden>/<hidden>/<hidden>/<hidden>/<hidden>/<hidden>
                         clock pessimism             -0.282     0.898    
    SLICE_X38Y80         FDCE (Remov_fdce_C_CLR)     -0.067     0.831    gru_bin_version_wrapper/gru_bin_version/gru_bin_version_axi_mem_intercon_0/s01_couplers_imp_NNMS53/gru_bin_version_axi_mem_intercon_imp_auto_pc_1/gru_bin_version_axi_mem_intercon_imp_auto_pc_1_axi_protocol_converter_v2_1_37_axi_protocol_converter/gru_bin_version_axi_mem_intercon_imp_auto_pc_1_axi_protocol_converter_v2_1_37_axi3_conv/gru_bin_version_axi_mem_intercon_imp_auto_pc_1_axi_protocol_converter_v2_1_37_a_axi3_conv/gru_bin_version_axi_mem_intercon_imp_auto_pc_1_axi_data_fifo_v2_1_36_axic_fifo_0/gru_bin_version_axi_mem_intercon_imp_auto_pc_1_axi_data_fifo_v2_1_36_fifo_gen/<hidden>/<hidden>/<hidden>/<hidden>/<hidden>/<hidden>
  -------------------------------------------------------------------
                         required time                         -0.831    
                         arrival time                           1.413    
  -------------------------------------------------------------------
                         slack                                  0.582    

Slack (MET) :             0.582ns  (arrival time - required time)
  Source:                 gru_bin_version_wrapper/gru_bin_version/gru_bin_version_axi_mem_intercon_0/s01_couplers_imp_NNMS53/gru_bin_version_axi_mem_intercon_imp_auto_pc_1/gru_bin_version_axi_mem_intercon_imp_auto_pc_1_axi_protocol_converter_v2_1_37_axi_protocol_converter/gru_bin_version_axi_mem_intercon_imp_auto_pc_1_axi_protocol_converter_v2_1_37_axi3_conv/gru_bin_version_axi_mem_intercon_imp_auto_pc_1_axi_protocol_converter_v2_1_37_a_axi3_conv/gru_bin_version_axi_mem_intercon_imp_auto_pc_1_axi_data_fifo_v2_1_36_axic_fifo_0/gru_bin_version_axi_mem_intercon_imp_auto_pc_1_axi_data_fifo_v2_1_36_fifo_gen/<hidden>/<hidden>/<hidden>/<hidden>/<hidden>
                            (rising edge-triggered cell FDRE clocked by clk_fpga_0  {rise@0.000ns fall@5.000ns period=10.000ns})
  Destination:            gru_bin_version_wrapper/gru_bin_version/gru_bin_version_axi_mem_intercon_0/s01_couplers_imp_NNMS53/gru_bin_version_axi_mem_intercon_imp_auto_pc_1/gru_bin_version_axi_mem_intercon_imp_auto_pc_1_axi_protocol_converter_v2_1_37_axi_protocol_converter/gru_bin_version_axi_mem_intercon_imp_auto_pc_1_axi_protocol_converter_v2_1_37_axi3_conv/gru_bin_version_axi_mem_intercon_imp_auto_pc_1_axi_protocol_converter_v2_1_37_a_axi3_conv/gru_bin_version_axi_mem_intercon_imp_auto_pc_1_axi_data_fifo_v2_1_36_axic_fifo_0/gru_bin_version_axi_mem_intercon_imp_auto_pc_1_axi_data_fifo_v2_1_36_fifo_gen/<hidden>/<hidden>/<hidden>/<hidden>/<hidden>/<hidden>
                            (removal check against rising-edge clock clk_fpga_0  {rise@0.000ns fall@5.000ns period=10.000ns})
  Path Group:             **async_default**
  Path Type:              Removal (Min at Fast Process Corner)
  Requirement:            0.000ns  (clk_fpga_0 rise@0.000ns - clk_fpga_0 rise@0.000ns)
  Data Path Delay:        0.528ns  (logic 0.186ns (35.209%)  route 0.342ns (64.791%))
  Logic Levels:           1  (LUT3=1)
  Clock Path Skew:        0.013ns (DCD - SCD - CPR)
    Destination Clock Delay (DCD):    1.180ns
    Source Clock Delay      (SCD):    0.885ns
    Clock Pessimism Removal (CPR):    0.282ns

    Location             Delay type                Incr(ns)  Path(ns)    Netlist Resource(s)
  -------------------------------------------------------------------    -------------------
                         (clock clk_fpga_0 rise edge)
                                                      0.000     0.000 r  
    PS7_X0Y0             PS7                          0.000     0.000 r  gru_bin_version_i/processing_system7_0/inst/PS7_i/FCLKCLK[0]
                         net (fo=1, routed)           0.310     0.310    gru_bin_version_i/processing_system7_0/inst/FCLK_CLK_unbuffered[0]
    BUFGCTRL_X0Y16       BUFG (Prop_bufg_I_O)         0.026     0.336 r  gru_bin_version_i/processing_system7_0/inst/buffer_fclk_clk_0.FCLK_CLK_0_BUFG/O
                         net (fo=25495, routed)       0.549     0.885    gru_bin_version_wrapper/gru_bin_version/gru_bin_version_axi_mem_intercon_0/s01_couplers_imp_NNMS53/gru_bin_version_axi_mem_intercon_imp_auto_pc_1/gru_bin_version_axi_mem_intercon_imp_auto_pc_1_axi_protocol_converter_v2_1_37_axi_protocol_converter/gru_bin_version_axi_mem_intercon_imp_auto_pc_1_axi_protocol_converter_v2_1_37_axi3_conv/gru_bin_version_axi_mem_intercon_imp_auto_pc_1_axi_protocol_converter_v2_1_37_a_axi3_conv/gru_bin_version_axi_mem_intercon_imp_auto_pc_1_axi_data_fifo_v2_1_36_axic_fifo_0/gru_bin_version_axi_mem_intercon_imp_auto_pc_1_axi_data_fifo_v2_1_36_fifo_gen/<hidden>/<hidden>/<hidden>/<hidden>/<hidden>
    SLICE_X37Y81         FDRE                                         r  gru_bin_version_wrapper/gru_bin_version/gru_bin_version_axi_mem_intercon_0/s01_couplers_imp_NNMS53/gru_bin_version_axi_mem_intercon_imp_auto_pc_1/gru_bin_version_axi_mem_intercon_imp_auto_pc_1_axi_protocol_converter_v2_1_37_axi_protocol_converter/gru_bin_version_axi_mem_intercon_imp_auto_pc_1_axi_protocol_converter_v2_1_37_axi3_conv/gru_bin_version_axi_mem_intercon_imp_auto_pc_1_axi_protocol_converter_v2_1_37_a_axi3_conv/gru_bin_version_axi_mem_intercon_imp_auto_pc_1_axi_data_fifo_v2_1_36_axic_fifo_0/gru_bin_version_axi_mem_intercon_imp_auto_pc_1_axi_data_fifo_v2_1_36_fifo_gen/<hidden>/<hidden>/<hidden>/<hidden>/<hidden>
  -------------------------------------------------------------------    -------------------
    SLICE_X37Y81         FDRE (Prop_fdre_C_Q)         0.141     1.026 f  gru_bin_version_wrapper/gru_bin_version/gru_bin_version_axi_mem_intercon_0/s01_couplers_imp_NNMS53/gru_bin_version_axi_mem_intercon_imp_auto_pc_1/gru_bin_version_axi_mem_intercon_imp_auto_pc_1_axi_protocol_converter_v2_1_37_axi_protocol_converter/gru_bin_version_axi_mem_intercon_imp_auto_pc_1_axi_protocol_converter_v2_1_37_axi3_conv/gru_bin_version_axi_mem_intercon_imp_auto_pc_1_axi_protocol_converter_v2_1_37_a_axi3_conv/gru_bin_version_axi_mem_intercon_imp_auto_pc_1_axi_data_fifo_v2_1_36_axic_fifo_0/gru_bin_version_axi_mem_intercon_imp_auto_pc_1_axi_data_fifo_v2_1_36_fifo_gen/<hidden>/<hidden>/<hidden>/<hidden>/<hidden>
                         net (fo=3, routed)           0.157     1.183    gru_bin_version_wrapper/gru_bin_version/gru_bin_version_axi_mem_intercon_0/s01_couplers_imp_NNMS53/gru_bin_version_axi_mem_intercon_imp_auto_pc_1/gru_bin_version_axi_mem_intercon_imp_auto_pc_1_axi_protocol_converter_v2_1_37_axi_protocol_converter/gru_bin_version_axi_mem_intercon_imp_auto_pc_1_axi_protocol_converter_v2_1_37_axi3_conv/gru_bin_version_axi_mem_intercon_imp_auto_pc_1_axi_protocol_converter_v2_1_37_a_axi3_conv/gru_bin_version_axi_mem_intercon_imp_auto_pc_1_axi_data_fifo_v2_1_36_axic_fifo_0/gru_bin_version_axi_mem_intercon_imp_auto_pc_1_axi_data_fifo_v2_1_36_fifo_gen/<hidden>/<hidden>/<hidden>/<hidden>/<hidden>
    SLICE_X37Y81         LUT3 (Prop_lut3_I1_O)        0.045     1.228 f  gru_bin_version_wrapper/gru_bin_version/gru_bin_version_axi_mem_intercon_0/s01_couplers_imp_NNMS53/gru_bin_version_axi_mem_intercon_imp_auto_pc_1/gru_bin_version_axi_mem_intercon_imp_auto_pc_1_axi_protocol_converter_v2_1_37_axi_protocol_converter/gru_bin_version_axi_mem_intercon_imp_auto_pc_1_axi_protocol_converter_v2_1_37_axi3_conv/gru_bin_version_axi_mem_intercon_imp_auto_pc_1_axi_protocol_converter_v2_1_37_a_axi3_conv/gru_bin_version_axi_mem_intercon_imp_auto_pc_1_axi_data_fifo_v2_1_36_axic_fifo_0/gru_bin_version_axi_mem_intercon_imp_auto_pc_1_axi_data_fifo_v2_1_36_fifo_gen/<hidden>/<hidden>/<hidden>/<hidden>/<hidden>
                         net (fo=32, routed)          0.185     1.413    gru_bin_version_wrapper/gru_bin_version/gru_bin_version_axi_mem_intercon_0/s01_couplers_imp_NNMS53/gru_bin_version_axi_mem_intercon_imp_auto_pc_1/gru_bin_version_axi_mem_intercon_imp_auto_pc_1_axi_protocol_converter_v2_1_37_axi_protocol_converter/gru_bin_version_axi_mem_intercon_imp_auto_pc_1_axi_protocol_converter_v2_1_37_axi3_conv/gru_bin_version_axi_mem_intercon_imp_auto_pc_1_axi_protocol_converter_v2_1_37_a_axi3_conv/gru_bin_version_axi_mem_intercon_imp_auto_pc_1_axi_data_fifo_v2_1_36_axic_fifo_0/gru_bin_version_axi_mem_intercon_imp_auto_pc_1_axi_data_fifo_v2_1_36_fifo_gen/<hidden>/<hidden>/<hidden>/<hidden>/<hidden>/<hidden>
    SLICE_X38Y80         FDCE                                         f  gru_bin_version_wrapper/gru_bin_version/gru_bin_version_axi_mem_intercon_0/s01_couplers_imp_NNMS53/gru_bin_version_axi_mem_intercon_imp_auto_pc_1/gru_bin_version_axi_mem_intercon_imp_auto_pc_1_axi_protocol_converter_v2_1_37_axi_protocol_converter/gru_bin_version_axi_mem_intercon_imp_auto_pc_1_axi_protocol_converter_v2_1_37_axi3_conv/gru_bin_version_axi_mem_intercon_imp_auto_pc_1_axi_protocol_converter_v2_1_37_a_axi3_conv/gru_bin_version_axi_mem_intercon_imp_auto_pc_1_axi_data_fifo_v2_1_36_axic_fifo_0/gru_bin_version_axi_mem_intercon_imp_auto_pc_1_axi_data_fifo_v2_1_36_fifo_gen/<hidden>/<hidden>/<hidden>/<hidden>/<hidden>/<hidden>
  -------------------------------------------------------------------    -------------------

                         (clock clk_fpga_0 rise edge)
                                                      0.000     0.000 r  
    PS7_X0Y0             PS7                          0.000     0.000 r  gru_bin_version_i/processing_system7_0/inst/PS7_i/FCLKCLK[0]
                         net (fo=1, routed)           0.337     0.337    gru_bin_version_i/processing_system7_0/inst/FCLK_CLK_unbuffered[0]
    BUFGCTRL_X0Y16       BUFG (Prop_bufg_I_O)         0.029     0.366 r  gru_bin_version_i/processing_system7_0/inst/buffer_fclk_clk_0.FCLK_CLK_0_BUFG/O
                         net (fo=25495, routed)       0.814     1.180    gru_bin_version_wrapper/gru_bin_version/gru_bin_version_axi_mem_intercon_0/s01_couplers_imp_NNMS53/gru_bin_version_axi_mem_intercon_imp_auto_pc_1/gru_bin_version_axi_mem_intercon_imp_auto_pc_1_axi_protocol_converter_v2_1_37_axi_protocol_converter/gru_bin_version_axi_mem_intercon_imp_auto_pc_1_axi_protocol_converter_v2_1_37_axi3_conv/gru_bin_version_axi_mem_intercon_imp_auto_pc_1_axi_protocol_converter_v2_1_37_a_axi3_conv/gru_bin_version_axi_mem_intercon_imp_auto_pc_1_axi_data_fifo_v2_1_36_axic_fifo_0/gru_bin_version_axi_mem_intercon_imp_auto_pc_1_axi_data_fifo_v2_1_36_fifo_gen/<hidden>/<hidden>/<hidden>/<hidden>/<hidden>/<hidden>
    SLICE_X38Y80         FDCE                                         r  gru_bin_version_wrapper/gru_bin_version/gru_bin_version_axi_mem_intercon_0/s01_couplers_imp_NNMS53/gru_bin_version_axi_mem_intercon_imp_auto_pc_1/gru_bin_version_axi_mem_intercon_imp_auto_pc_1_axi_protocol_converter_v2_1_37_axi_protocol_converter/gru_bin_version_axi_mem_intercon_imp_auto_pc_1_axi_protocol_converter_v2_1_37_axi3_conv/gru_bin_version_axi_mem_intercon_imp_auto_pc_1_axi_protocol_converter_v2_1_37_a_axi3_conv/gru_bin_version_axi_mem_intercon_imp_auto_pc_1_axi_data_fifo_v2_1_36_axic_fifo_0/gru_bin_version_axi_mem_intercon_imp_auto_pc_1_axi_data_fifo_v2_1_36_fifo_gen/<hidden>/<hidden>/<hidden>/<hidden>/<hidden>/<hidden>
                         clock pessimism             -0.282     0.898    
    SLICE_X38Y80         FDCE (Remov_fdce_C_CLR)     -0.067     0.831    gru_bin_version_wrapper/gru_bin_version/gru_bin_version_axi_mem_intercon_0/s01_couplers_imp_NNMS53/gru_bin_version_axi_mem_intercon_imp_auto_pc_1/gru_bin_version_axi_mem_intercon_imp_auto_pc_1_axi_protocol_converter_v2_1_37_axi_protocol_converter/gru_bin_version_axi_mem_intercon_imp_auto_pc_1_axi_protocol_converter_v2_1_37_axi3_conv/gru_bin_version_axi_mem_intercon_imp_auto_pc_1_axi_protocol_converter_v2_1_37_a_axi3_conv/gru_bin_version_axi_mem_intercon_imp_auto_pc_1_axi_data_fifo_v2_1_36_axic_fifo_0/gru_bin_version_axi_mem_intercon_imp_auto_pc_1_axi_data_fifo_v2_1_36_fifo_gen/<hidden>/<hidden>/<hidden>/<hidden>/<hidden>/<hidden>
  -------------------------------------------------------------------
                         required time                         -0.831    
                         arrival time                           1.413    
  -------------------------------------------------------------------
                         slack                                  0.582    

Slack (MET) :             0.582ns  (arrival time - required time)
  Source:                 gru_bin_version_wrapper/gru_bin_version/gru_bin_version_axi_mem_intercon_0/s01_couplers_imp_NNMS53/gru_bin_version_axi_mem_intercon_imp_auto_pc_1/gru_bin_version_axi_mem_intercon_imp_auto_pc_1_axi_protocol_converter_v2_1_37_axi_protocol_converter/gru_bin_version_axi_mem_intercon_imp_auto_pc_1_axi_protocol_converter_v2_1_37_axi3_conv/gru_bin_version_axi_mem_intercon_imp_auto_pc_1_axi_protocol_converter_v2_1_37_a_axi3_conv/gru_bin_version_axi_mem_intercon_imp_auto_pc_1_axi_data_fifo_v2_1_36_axic_fifo_0/gru_bin_version_axi_mem_intercon_imp_auto_pc_1_axi_data_fifo_v2_1_36_fifo_gen/<hidden>/<hidden>/<hidden>/<hidden>/<hidden>
                            (rising edge-triggered cell FDRE clocked by clk_fpga_0  {rise@0.000ns fall@5.000ns period=10.000ns})
  Destination:            gru_bin_version_wrapper/gru_bin_version/gru_bin_version_axi_mem_intercon_0/s01_couplers_imp_NNMS53/gru_bin_version_axi_mem_intercon_imp_auto_pc_1/gru_bin_version_axi_mem_intercon_imp_auto_pc_1_axi_protocol_converter_v2_1_37_axi_protocol_converter/gru_bin_version_axi_mem_intercon_imp_auto_pc_1_axi_protocol_converter_v2_1_37_axi3_conv/gru_bin_version_axi_mem_intercon_imp_auto_pc_1_axi_protocol_converter_v2_1_37_a_axi3_conv/gru_bin_version_axi_mem_intercon_imp_auto_pc_1_axi_data_fifo_v2_1_36_axic_fifo_0/gru_bin_version_axi_mem_intercon_imp_auto_pc_1_axi_data_fifo_v2_1_36_fifo_gen/<hidden>/<hidden>/<hidden>/<hidden>/<hidden>/<hidden>
                            (removal check against rising-edge clock clk_fpga_0  {rise@0.000ns fall@5.000ns period=10.000ns})
  Path Group:             **async_default**
  Path Type:              Removal (Min at Fast Process Corner)
  Requirement:            0.000ns  (clk_fpga_0 rise@0.000ns - clk_fpga_0 rise@0.000ns)
  Data Path Delay:        0.528ns  (logic 0.186ns (35.209%)  route 0.342ns (64.791%))
  Logic Levels:           1  (LUT3=1)
  Clock Path Skew:        0.013ns (DCD - SCD - CPR)
    Destination Clock Delay (DCD):    1.180ns
    Source Clock Delay      (SCD):    0.885ns
    Clock Pessimism Removal (CPR):    0.282ns

    Location             Delay type                Incr(ns)  Path(ns)    Netlist Resource(s)
  -------------------------------------------------------------------    -------------------
                         (clock clk_fpga_0 rise edge)
                                                      0.000     0.000 r  
    PS7_X0Y0             PS7                          0.000     0.000 r  gru_bin_version_i/processing_system7_0/inst/PS7_i/FCLKCLK[0]
                         net (fo=1, routed)           0.310     0.310    gru_bin_version_i/processing_system7_0/inst/FCLK_CLK_unbuffered[0]
    BUFGCTRL_X0Y16       BUFG (Prop_bufg_I_O)         0.026     0.336 r  gru_bin_version_i/processing_system7_0/inst/buffer_fclk_clk_0.FCLK_CLK_0_BUFG/O
                         net (fo=25495, routed)       0.549     0.885    gru_bin_version_wrapper/gru_bin_version/gru_bin_version_axi_mem_intercon_0/s01_couplers_imp_NNMS53/gru_bin_version_axi_mem_intercon_imp_auto_pc_1/gru_bin_version_axi_mem_intercon_imp_auto_pc_1_axi_protocol_converter_v2_1_37_axi_protocol_converter/gru_bin_version_axi_mem_intercon_imp_auto_pc_1_axi_protocol_converter_v2_1_37_axi3_conv/gru_bin_version_axi_mem_intercon_imp_auto_pc_1_axi_protocol_converter_v2_1_37_a_axi3_conv/gru_bin_version_axi_mem_intercon_imp_auto_pc_1_axi_data_fifo_v2_1_36_axic_fifo_0/gru_bin_version_axi_mem_intercon_imp_auto_pc_1_axi_data_fifo_v2_1_36_fifo_gen/<hidden>/<hidden>/<hidden>/<hidden>/<hidden>
    SLICE_X37Y81         FDRE                                         r  gru_bin_version_wrapper/gru_bin_version/gru_bin_version_axi_mem_intercon_0/s01_couplers_imp_NNMS53/gru_bin_version_axi_mem_intercon_imp_auto_pc_1/gru_bin_version_axi_mem_intercon_imp_auto_pc_1_axi_protocol_converter_v2_1_37_axi_protocol_converter/gru_bin_version_axi_mem_intercon_imp_auto_pc_1_axi_protocol_converter_v2_1_37_axi3_conv/gru_bin_version_axi_mem_intercon_imp_auto_pc_1_axi_protocol_converter_v2_1_37_a_axi3_conv/gru_bin_version_axi_mem_intercon_imp_auto_pc_1_axi_data_fifo_v2_1_36_axic_fifo_0/gru_bin_version_axi_mem_intercon_imp_auto_pc_1_axi_data_fifo_v2_1_36_fifo_gen/<hidden>/<hidden>/<hidden>/<hidden>/<hidden>
  -------------------------------------------------------------------    -------------------
    SLICE_X37Y81         FDRE (Prop_fdre_C_Q)         0.141     1.026 f  gru_bin_version_wrapper/gru_bin_version/gru_bin_version_axi_mem_intercon_0/s01_couplers_imp_NNMS53/gru_bin_version_axi_mem_intercon_imp_auto_pc_1/gru_bin_version_axi_mem_intercon_imp_auto_pc_1_axi_protocol_converter_v2_1_37_axi_protocol_converter/gru_bin_version_axi_mem_intercon_imp_auto_pc_1_axi_protocol_converter_v2_1_37_axi3_conv/gru_bin_version_axi_mem_intercon_imp_auto_pc_1_axi_protocol_converter_v2_1_37_a_axi3_conv/gru_bin_version_axi_mem_intercon_imp_auto_pc_1_axi_data_fifo_v2_1_36_axic_fifo_0/gru_bin_version_axi_mem_intercon_imp_auto_pc_1_axi_data_fifo_v2_1_36_fifo_gen/<hidden>/<hidden>/<hidden>/<hidden>/<hidden>
                         net (fo=3, routed)           0.157     1.183    gru_bin_version_wrapper/gru_bin_version/gru_bin_version_axi_mem_intercon_0/s01_couplers_imp_NNMS53/gru_bin_version_axi_mem_intercon_imp_auto_pc_1/gru_bin_version_axi_mem_intercon_imp_auto_pc_1_axi_protocol_converter_v2_1_37_axi_protocol_converter/gru_bin_version_axi_mem_intercon_imp_auto_pc_1_axi_protocol_converter_v2_1_37_axi3_conv/gru_bin_version_axi_mem_intercon_imp_auto_pc_1_axi_protocol_converter_v2_1_37_a_axi3_conv/gru_bin_version_axi_mem_intercon_imp_auto_pc_1_axi_data_fifo_v2_1_36_axic_fifo_0/gru_bin_version_axi_mem_intercon_imp_auto_pc_1_axi_data_fifo_v2_1_36_fifo_gen/<hidden>/<hidden>/<hidden>/<hidden>/<hidden>
    SLICE_X37Y81         LUT3 (Prop_lut3_I1_O)        0.045     1.228 f  gru_bin_version_wrapper/gru_bin_version/gru_bin_version_axi_mem_intercon_0/s01_couplers_imp_NNMS53/gru_bin_version_axi_mem_intercon_imp_auto_pc_1/gru_bin_version_axi_mem_intercon_imp_auto_pc_1_axi_protocol_converter_v2_1_37_axi_protocol_converter/gru_bin_version_axi_mem_intercon_imp_auto_pc_1_axi_protocol_converter_v2_1_37_axi3_conv/gru_bin_version_axi_mem_intercon_imp_auto_pc_1_axi_protocol_converter_v2_1_37_a_axi3_conv/gru_bin_version_axi_mem_intercon_imp_auto_pc_1_axi_data_fifo_v2_1_36_axic_fifo_0/gru_bin_version_axi_mem_intercon_imp_auto_pc_1_axi_data_fifo_v2_1_36_fifo_gen/<hidden>/<hidden>/<hidden>/<hidden>/<hidden>
                         net (fo=32, routed)          0.185     1.413    gru_bin_version_wrapper/gru_bin_version/gru_bin_version_axi_mem_intercon_0/s01_couplers_imp_NNMS53/gru_bin_version_axi_mem_intercon_imp_auto_pc_1/gru_bin_version_axi_mem_intercon_imp_auto_pc_1_axi_protocol_converter_v2_1_37_axi_protocol_converter/gru_bin_version_axi_mem_intercon_imp_auto_pc_1_axi_protocol_converter_v2_1_37_axi3_conv/gru_bin_version_axi_mem_intercon_imp_auto_pc_1_axi_protocol_converter_v2_1_37_a_axi3_conv/gru_bin_version_axi_mem_intercon_imp_auto_pc_1_axi_data_fifo_v2_1_36_axic_fifo_0/gru_bin_version_axi_mem_intercon_imp_auto_pc_1_axi_data_fifo_v2_1_36_fifo_gen/<hidden>/<hidden>/<hidden>/<hidden>/<hidden>/<hidden>
    SLICE_X38Y80         FDCE                                         f  gru_bin_version_wrapper/gru_bin_version/gru_bin_version_axi_mem_intercon_0/s01_couplers_imp_NNMS53/gru_bin_version_axi_mem_intercon_imp_auto_pc_1/gru_bin_version_axi_mem_intercon_imp_auto_pc_1_axi_protocol_converter_v2_1_37_axi_protocol_converter/gru_bin_version_axi_mem_intercon_imp_auto_pc_1_axi_protocol_converter_v2_1_37_axi3_conv/gru_bin_version_axi_mem_intercon_imp_auto_pc_1_axi_protocol_converter_v2_1_37_a_axi3_conv/gru_bin_version_axi_mem_intercon_imp_auto_pc_1_axi_data_fifo_v2_1_36_axic_fifo_0/gru_bin_version_axi_mem_intercon_imp_auto_pc_1_axi_data_fifo_v2_1_36_fifo_gen/<hidden>/<hidden>/<hidden>/<hidden>/<hidden>/<hidden>
  -------------------------------------------------------------------    -------------------

                         (clock clk_fpga_0 rise edge)
                                                      0.000     0.000 r  
    PS7_X0Y0             PS7                          0.000     0.000 r  gru_bin_version_i/processing_system7_0/inst/PS7_i/FCLKCLK[0]
                         net (fo=1, routed)           0.337     0.337    gru_bin_version_i/processing_system7_0/inst/FCLK_CLK_unbuffered[0]
    BUFGCTRL_X0Y16       BUFG (Prop_bufg_I_O)         0.029     0.366 r  gru_bin_version_i/processing_system7_0/inst/buffer_fclk_clk_0.FCLK_CLK_0_BUFG/O
                         net (fo=25495, routed)       0.814     1.180    gru_bin_version_wrapper/gru_bin_version/gru_bin_version_axi_mem_intercon_0/s01_couplers_imp_NNMS53/gru_bin_version_axi_mem_intercon_imp_auto_pc_1/gru_bin_version_axi_mem_intercon_imp_auto_pc_1_axi_protocol_converter_v2_1_37_axi_protocol_converter/gru_bin_version_axi_mem_intercon_imp_auto_pc_1_axi_protocol_converter_v2_1_37_axi3_conv/gru_bin_version_axi_mem_intercon_imp_auto_pc_1_axi_protocol_converter_v2_1_37_a_axi3_conv/gru_bin_version_axi_mem_intercon_imp_auto_pc_1_axi_data_fifo_v2_1_36_axic_fifo_0/gru_bin_version_axi_mem_intercon_imp_auto_pc_1_axi_data_fifo_v2_1_36_fifo_gen/<hidden>/<hidden>/<hidden>/<hidden>/<hidden>/<hidden>
    SLICE_X38Y80         FDCE                                         r  gru_bin_version_wrapper/gru_bin_version/gru_bin_version_axi_mem_intercon_0/s01_couplers_imp_NNMS53/gru_bin_version_axi_mem_intercon_imp_auto_pc_1/gru_bin_version_axi_mem_intercon_imp_auto_pc_1_axi_protocol_converter_v2_1_37_axi_protocol_converter/gru_bin_version_axi_mem_intercon_imp_auto_pc_1_axi_protocol_converter_v2_1_37_axi3_conv/gru_bin_version_axi_mem_intercon_imp_auto_pc_1_axi_protocol_converter_v2_1_37_a_axi3_conv/gru_bin_version_axi_mem_intercon_imp_auto_pc_1_axi_data_fifo_v2_1_36_axic_fifo_0/gru_bin_version_axi_mem_intercon_imp_auto_pc_1_axi_data_fifo_v2_1_36_fifo_gen/<hidden>/<hidden>/<hidden>/<hidden>/<hidden>/<hidden>
                         clock pessimism             -0.282     0.898    
    SLICE_X38Y80         FDCE (Remov_fdce_C_CLR)     -0.067     0.831    gru_bin_version_wrapper/gru_bin_version/gru_bin_version_axi_mem_intercon_0/s01_couplers_imp_NNMS53/gru_bin_version_axi_mem_intercon_imp_auto_pc_1/gru_bin_version_axi_mem_intercon_imp_auto_pc_1_axi_protocol_converter_v2_1_37_axi_protocol_converter/gru_bin_version_axi_mem_intercon_imp_auto_pc_1_axi_protocol_converter_v2_1_37_axi3_conv/gru_bin_version_axi_mem_intercon_imp_auto_pc_1_axi_protocol_converter_v2_1_37_a_axi3_conv/gru_bin_version_axi_mem_intercon_imp_auto_pc_1_axi_data_fifo_v2_1_36_axic_fifo_0/gru_bin_version_axi_mem_intercon_imp_auto_pc_1_axi_data_fifo_v2_1_36_fifo_gen/<hidden>/<hidden>/<hidden>/<hidden>/<hidden>/<hidden>
  -------------------------------------------------------------------
                         required time                         -0.831    
                         arrival time                           1.413    
  -------------------------------------------------------------------
                         slack                                  0.582    

Slack (MET) :             0.590ns  (arrival time - required time)
  Source:                 gru_bin_version_wrapper/gru_bin_version/gru_bin_version_axi_mem_intercon_0/s02_couplers_imp_QTS1PG/gru_bin_version_axi_mem_intercon_imp_auto_pc_2/gru_bin_version_axi_mem_intercon_imp_auto_pc_2_axi_protocol_converter_v2_1_37_axi_protocol_converter/gru_bin_version_axi_mem_intercon_imp_auto_pc_2_axi_protocol_converter_v2_1_37_axi3_conv/gru_bin_version_axi_mem_intercon_imp_auto_pc_2_axi_protocol_converter_v2_1_37_a_axi3_conv/gru_bin_version_axi_mem_intercon_imp_auto_pc_2_axi_data_fifo_v2_1_36_axic_fifo/gru_bin_version_axi_mem_intercon_imp_auto_pc_2_axi_data_fifo_v2_1_36_fifo_gen/<hidden>/<hidden>/<hidden>/<hidden>/<hidden>
                            (rising edge-triggered cell FDRE clocked by clk_fpga_0  {rise@0.000ns fall@5.000ns period=10.000ns})
  Destination:            gru_bin_version_wrapper/gru_bin_version/gru_bin_version_axi_mem_intercon_0/s02_couplers_imp_QTS1PG/gru_bin_version_axi_mem_intercon_imp_auto_pc_2/gru_bin_version_axi_mem_intercon_imp_auto_pc_2_axi_protocol_converter_v2_1_37_axi_protocol_converter/gru_bin_version_axi_mem_intercon_imp_auto_pc_2_axi_protocol_converter_v2_1_37_axi3_conv/gru_bin_version_axi_mem_intercon_imp_auto_pc_2_axi_protocol_converter_v2_1_37_a_axi3_conv/gru_bin_version_axi_mem_intercon_imp_auto_pc_2_axi_data_fifo_v2_1_36_axic_fifo/gru_bin_version_axi_mem_intercon_imp_auto_pc_2_axi_data_fifo_v2_1_36_fifo_gen/<hidden>/<hidden>/<hidden>/<hidden>/<hidden>/<hidden>
                            (removal check against rising-edge clock clk_fpga_0  {rise@0.000ns fall@5.000ns period=10.000ns})
  Path Group:             **async_default**
  Path Type:              Removal (Min at Fast Process Corner)
  Requirement:            0.000ns  (clk_fpga_0 rise@0.000ns - clk_fpga_0 rise@0.000ns)
  Data Path Delay:        0.558ns  (logic 0.186ns (33.360%)  route 0.372ns (66.640%))
  Logic Levels:           1  (LUT3=1)
  Clock Path Skew:        0.035ns (DCD - SCD - CPR)
    Destination Clock Delay (DCD):    1.300ns
    Source Clock Delay      (SCD):    0.997ns
    Clock Pessimism Removal (CPR):    0.268ns

    Location             Delay type                Incr(ns)  Path(ns)    Netlist Resource(s)
  -------------------------------------------------------------------    -------------------
                         (clock clk_fpga_0 rise edge)
                                                      0.000     0.000 r  
    PS7_X0Y0             PS7                          0.000     0.000 r  gru_bin_version_i/processing_system7_0/inst/PS7_i/FCLKCLK[0]
                         net (fo=1, routed)           0.310     0.310    gru_bin_version_i/processing_system7_0/inst/FCLK_CLK_unbuffered[0]
    BUFGCTRL_X0Y16       BUFG (Prop_bufg_I_O)         0.026     0.336 r  gru_bin_version_i/processing_system7_0/inst/buffer_fclk_clk_0.FCLK_CLK_0_BUFG/O
                         net (fo=25495, routed)       0.661     0.997    gru_bin_version_wrapper/gru_bin_version/gru_bin_version_axi_mem_intercon_0/s02_couplers_imp_QTS1PG/gru_bin_version_axi_mem_intercon_imp_auto_pc_2/gru_bin_version_axi_mem_intercon_imp_auto_pc_2_axi_protocol_converter_v2_1_37_axi_protocol_converter/gru_bin_version_axi_mem_intercon_imp_auto_pc_2_axi_protocol_converter_v2_1_37_axi3_conv/gru_bin_version_axi_mem_intercon_imp_auto_pc_2_axi_protocol_converter_v2_1_37_a_axi3_conv/gru_bin_version_axi_mem_intercon_imp_auto_pc_2_axi_data_fifo_v2_1_36_axic_fifo/gru_bin_version_axi_mem_intercon_imp_auto_pc_2_axi_data_fifo_v2_1_36_fifo_gen/<hidden>/<hidden>/<hidden>/<hidden>/<hidden>
    SLICE_X63Y103        FDRE                                         r  gru_bin_version_wrapper/gru_bin_version/gru_bin_version_axi_mem_intercon_0/s02_couplers_imp_QTS1PG/gru_bin_version_axi_mem_intercon_imp_auto_pc_2/gru_bin_version_axi_mem_intercon_imp_auto_pc_2_axi_protocol_converter_v2_1_37_axi_protocol_converter/gru_bin_version_axi_mem_intercon_imp_auto_pc_2_axi_protocol_converter_v2_1_37_axi3_conv/gru_bin_version_axi_mem_intercon_imp_auto_pc_2_axi_protocol_converter_v2_1_37_a_axi3_conv/gru_bin_version_axi_mem_intercon_imp_auto_pc_2_axi_data_fifo_v2_1_36_axic_fifo/gru_bin_version_axi_mem_intercon_imp_auto_pc_2_axi_data_fifo_v2_1_36_fifo_gen/<hidden>/<hidden>/<hidden>/<hidden>/<hidden>
  -------------------------------------------------------------------    -------------------
    SLICE_X63Y103        FDRE (Prop_fdre_C_Q)         0.141     1.138 f  gru_bin_version_wrapper/gru_bin_version/gru_bin_version_axi_mem_intercon_0/s02_couplers_imp_QTS1PG/gru_bin_version_axi_mem_intercon_imp_auto_pc_2/gru_bin_version_axi_mem_intercon_imp_auto_pc_2_axi_protocol_converter_v2_1_37_axi_protocol_converter/gru_bin_version_axi_mem_intercon_imp_auto_pc_2_axi_protocol_converter_v2_1_37_axi3_conv/gru_bin_version_axi_mem_intercon_imp_auto_pc_2_axi_protocol_converter_v2_1_37_a_axi3_conv/gru_bin_version_axi_mem_intercon_imp_auto_pc_2_axi_data_fifo_v2_1_36_axic_fifo/gru_bin_version_axi_mem_intercon_imp_auto_pc_2_axi_data_fifo_v2_1_36_fifo_gen/<hidden>/<hidden>/<hidden>/<hidden>/<hidden>
                         net (fo=2, routed)           0.168     1.306    gru_bin_version_wrapper/gru_bin_version/gru_bin_version_axi_mem_intercon_0/s02_couplers_imp_QTS1PG/gru_bin_version_axi_mem_intercon_imp_auto_pc_2/gru_bin_version_axi_mem_intercon_imp_auto_pc_2_axi_protocol_converter_v2_1_37_axi_protocol_converter/gru_bin_version_axi_mem_intercon_imp_auto_pc_2_axi_protocol_converter_v2_1_37_axi3_conv/gru_bin_version_axi_mem_intercon_imp_auto_pc_2_axi_protocol_converter_v2_1_37_a_axi3_conv/gru_bin_version_axi_mem_intercon_imp_auto_pc_2_axi_data_fifo_v2_1_36_axic_fifo/gru_bin_version_axi_mem_intercon_imp_auto_pc_2_axi_data_fifo_v2_1_36_fifo_gen/<hidden>/<hidden>/<hidden>/<hidden>/<hidden>
    SLICE_X63Y103        LUT3 (Prop_lut3_I1_O)        0.045     1.351 f  gru_bin_version_wrapper/gru_bin_version/gru_bin_version_axi_mem_intercon_0/s02_couplers_imp_QTS1PG/gru_bin_version_axi_mem_intercon_imp_auto_pc_2/gru_bin_version_axi_mem_intercon_imp_auto_pc_2_axi_protocol_converter_v2_1_37_axi_protocol_converter/gru_bin_version_axi_mem_intercon_imp_auto_pc_2_axi_protocol_converter_v2_1_37_axi3_conv/gru_bin_version_axi_mem_intercon_imp_auto_pc_2_axi_protocol_converter_v2_1_37_a_axi3_conv/gru_bin_version_axi_mem_intercon_imp_auto_pc_2_axi_data_fifo_v2_1_36_axic_fifo/gru_bin_version_axi_mem_intercon_imp_auto_pc_2_axi_data_fifo_v2_1_36_fifo_gen/<hidden>/<hidden>/<hidden>/<hidden>/<hidden>
                         net (fo=32, routed)          0.203     1.555    gru_bin_version_wrapper/gru_bin_version/gru_bin_version_axi_mem_intercon_0/s02_couplers_imp_QTS1PG/gru_bin_version_axi_mem_intercon_imp_auto_pc_2/gru_bin_version_axi_mem_intercon_imp_auto_pc_2_axi_protocol_converter_v2_1_37_axi_protocol_converter/gru_bin_version_axi_mem_intercon_imp_auto_pc_2_axi_protocol_converter_v2_1_37_axi3_conv/gru_bin_version_axi_mem_intercon_imp_auto_pc_2_axi_protocol_converter_v2_1_37_a_axi3_conv/gru_bin_version_axi_mem_intercon_imp_auto_pc_2_axi_data_fifo_v2_1_36_axic_fifo/gru_bin_version_axi_mem_intercon_imp_auto_pc_2_axi_data_fifo_v2_1_36_fifo_gen/<hidden>/<hidden>/<hidden>/<hidden>/<hidden>/<hidden>
    SLICE_X66Y103        FDCE                                         f  gru_bin_version_wrapper/gru_bin_version/gru_bin_version_axi_mem_intercon_0/s02_couplers_imp_QTS1PG/gru_bin_version_axi_mem_intercon_imp_auto_pc_2/gru_bin_version_axi_mem_intercon_imp_auto_pc_2_axi_protocol_converter_v2_1_37_axi_protocol_converter/gru_bin_version_axi_mem_intercon_imp_auto_pc_2_axi_protocol_converter_v2_1_37_axi3_conv/gru_bin_version_axi_mem_intercon_imp_auto_pc_2_axi_protocol_converter_v2_1_37_a_axi3_conv/gru_bin_version_axi_mem_intercon_imp_auto_pc_2_axi_data_fifo_v2_1_36_axic_fifo/gru_bin_version_axi_mem_intercon_imp_auto_pc_2_axi_data_fifo_v2_1_36_fifo_gen/<hidden>/<hidden>/<hidden>/<hidden>/<hidden>/<hidden>
  -------------------------------------------------------------------    -------------------

                         (clock clk_fpga_0 rise edge)
                                                      0.000     0.000 r  
    PS7_X0Y0             PS7                          0.000     0.000 r  gru_bin_version_i/processing_system7_0/inst/PS7_i/FCLKCLK[0]
                         net (fo=1, routed)           0.337     0.337    gru_bin_version_i/processing_system7_0/inst/FCLK_CLK_unbuffered[0]
    BUFGCTRL_X0Y16       BUFG (Prop_bufg_I_O)         0.029     0.366 r  gru_bin_version_i/processing_system7_0/inst/buffer_fclk_clk_0.FCLK_CLK_0_BUFG/O
                         net (fo=25495, routed)       0.934     1.300    gru_bin_version_wrapper/gru_bin_version/gru_bin_version_axi_mem_intercon_0/s02_couplers_imp_QTS1PG/gru_bin_version_axi_mem_intercon_imp_auto_pc_2/gru_bin_version_axi_mem_intercon_imp_auto_pc_2_axi_protocol_converter_v2_1_37_axi_protocol_converter/gru_bin_version_axi_mem_intercon_imp_auto_pc_2_axi_protocol_converter_v2_1_37_axi3_conv/gru_bin_version_axi_mem_intercon_imp_auto_pc_2_axi_protocol_converter_v2_1_37_a_axi3_conv/gru_bin_version_axi_mem_intercon_imp_auto_pc_2_axi_data_fifo_v2_1_36_axic_fifo/gru_bin_version_axi_mem_intercon_imp_auto_pc_2_axi_data_fifo_v2_1_36_fifo_gen/<hidden>/<hidden>/<hidden>/<hidden>/<hidden>/<hidden>
    SLICE_X66Y103        FDCE                                         r  gru_bin_version_wrapper/gru_bin_version/gru_bin_version_axi_mem_intercon_0/s02_couplers_imp_QTS1PG/gru_bin_version_axi_mem_intercon_imp_auto_pc_2/gru_bin_version_axi_mem_intercon_imp_auto_pc_2_axi_protocol_converter_v2_1_37_axi_protocol_converter/gru_bin_version_axi_mem_intercon_imp_auto_pc_2_axi_protocol_converter_v2_1_37_axi3_conv/gru_bin_version_axi_mem_intercon_imp_auto_pc_2_axi_protocol_converter_v2_1_37_a_axi3_conv/gru_bin_version_axi_mem_intercon_imp_auto_pc_2_axi_data_fifo_v2_1_36_axic_fifo/gru_bin_version_axi_mem_intercon_imp_auto_pc_2_axi_data_fifo_v2_1_36_fifo_gen/<hidden>/<hidden>/<hidden>/<hidden>/<hidden>/<hidden>
                         clock pessimism             -0.268     1.032    
    SLICE_X66Y103        FDCE (Remov_fdce_C_CLR)     -0.067     0.965    gru_bin_version_wrapper/gru_bin_version/gru_bin_version_axi_mem_intercon_0/s02_couplers_imp_QTS1PG/gru_bin_version_axi_mem_intercon_imp_auto_pc_2/gru_bin_version_axi_mem_intercon_imp_auto_pc_2_axi_protocol_converter_v2_1_37_axi_protocol_converter/gru_bin_version_axi_mem_intercon_imp_auto_pc_2_axi_protocol_converter_v2_1_37_axi3_conv/gru_bin_version_axi_mem_intercon_imp_auto_pc_2_axi_protocol_converter_v2_1_37_a_axi3_conv/gru_bin_version_axi_mem_intercon_imp_auto_pc_2_axi_data_fifo_v2_1_36_axic_fifo/gru_bin_version_axi_mem_intercon_imp_auto_pc_2_axi_data_fifo_v2_1_36_fifo_gen/<hidden>/<hidden>/<hidden>/<hidden>/<hidden>/<hidden>
  -------------------------------------------------------------------
                         required time                         -0.965    
                         arrival time                           1.555    
  -------------------------------------------------------------------
                         slack                                  0.590    

Slack (MET) :             0.590ns  (arrival time - required time)
  Source:                 gru_bin_version_wrapper/gru_bin_version/gru_bin_version_axi_mem_intercon_0/s02_couplers_imp_QTS1PG/gru_bin_version_axi_mem_intercon_imp_auto_pc_2/gru_bin_version_axi_mem_intercon_imp_auto_pc_2_axi_protocol_converter_v2_1_37_axi_protocol_converter/gru_bin_version_axi_mem_intercon_imp_auto_pc_2_axi_protocol_converter_v2_1_37_axi3_conv/gru_bin_version_axi_mem_intercon_imp_auto_pc_2_axi_protocol_converter_v2_1_37_a_axi3_conv/gru_bin_version_axi_mem_intercon_imp_auto_pc_2_axi_data_fifo_v2_1_36_axic_fifo/gru_bin_version_axi_mem_intercon_imp_auto_pc_2_axi_data_fifo_v2_1_36_fifo_gen/<hidden>/<hidden>/<hidden>/<hidden>/<hidden>
                            (rising edge-triggered cell FDRE clocked by clk_fpga_0  {rise@0.000ns fall@5.000ns period=10.000ns})
  Destination:            gru_bin_version_wrapper/gru_bin_version/gru_bin_version_axi_mem_intercon_0/s02_couplers_imp_QTS1PG/gru_bin_version_axi_mem_intercon_imp_auto_pc_2/gru_bin_version_axi_mem_intercon_imp_auto_pc_2_axi_protocol_converter_v2_1_37_axi_protocol_converter/gru_bin_version_axi_mem_intercon_imp_auto_pc_2_axi_protocol_converter_v2_1_37_axi3_conv/gru_bin_version_axi_mem_intercon_imp_auto_pc_2_axi_protocol_converter_v2_1_37_a_axi3_conv/gru_bin_version_axi_mem_intercon_imp_auto_pc_2_axi_data_fifo_v2_1_36_axic_fifo/gru_bin_version_axi_mem_intercon_imp_auto_pc_2_axi_data_fifo_v2_1_36_fifo_gen/<hidden>/<hidden>/<hidden>/<hidden>/<hidden>/<hidden>
                            (removal check against rising-edge clock clk_fpga_0  {rise@0.000ns fall@5.000ns period=10.000ns})
  Path Group:             **async_default**
  Path Type:              Removal (Min at Fast Process Corner)
  Requirement:            0.000ns  (clk_fpga_0 rise@0.000ns - clk_fpga_0 rise@0.000ns)
  Data Path Delay:        0.558ns  (logic 0.186ns (33.360%)  route 0.372ns (66.640%))
  Logic Levels:           1  (LUT3=1)
  Clock Path Skew:        0.035ns (DCD - SCD - CPR)
    Destination Clock Delay (DCD):    1.300ns
    Source Clock Delay      (SCD):    0.997ns
    Clock Pessimism Removal (CPR):    0.268ns

    Location             Delay type                Incr(ns)  Path(ns)    Netlist Resource(s)
  -------------------------------------------------------------------    -------------------
                         (clock clk_fpga_0 rise edge)
                                                      0.000     0.000 r  
    PS7_X0Y0             PS7                          0.000     0.000 r  gru_bin_version_i/processing_system7_0/inst/PS7_i/FCLKCLK[0]
                         net (fo=1, routed)           0.310     0.310    gru_bin_version_i/processing_system7_0/inst/FCLK_CLK_unbuffered[0]
    BUFGCTRL_X0Y16       BUFG (Prop_bufg_I_O)         0.026     0.336 r  gru_bin_version_i/processing_system7_0/inst/buffer_fclk_clk_0.FCLK_CLK_0_BUFG/O
                         net (fo=25495, routed)       0.661     0.997    gru_bin_version_wrapper/gru_bin_version/gru_bin_version_axi_mem_intercon_0/s02_couplers_imp_QTS1PG/gru_bin_version_axi_mem_intercon_imp_auto_pc_2/gru_bin_version_axi_mem_intercon_imp_auto_pc_2_axi_protocol_converter_v2_1_37_axi_protocol_converter/gru_bin_version_axi_mem_intercon_imp_auto_pc_2_axi_protocol_converter_v2_1_37_axi3_conv/gru_bin_version_axi_mem_intercon_imp_auto_pc_2_axi_protocol_converter_v2_1_37_a_axi3_conv/gru_bin_version_axi_mem_intercon_imp_auto_pc_2_axi_data_fifo_v2_1_36_axic_fifo/gru_bin_version_axi_mem_intercon_imp_auto_pc_2_axi_data_fifo_v2_1_36_fifo_gen/<hidden>/<hidden>/<hidden>/<hidden>/<hidden>
    SLICE_X63Y103        FDRE                                         r  gru_bin_version_wrapper/gru_bin_version/gru_bin_version_axi_mem_intercon_0/s02_couplers_imp_QTS1PG/gru_bin_version_axi_mem_intercon_imp_auto_pc_2/gru_bin_version_axi_mem_intercon_imp_auto_pc_2_axi_protocol_converter_v2_1_37_axi_protocol_converter/gru_bin_version_axi_mem_intercon_imp_auto_pc_2_axi_protocol_converter_v2_1_37_axi3_conv/gru_bin_version_axi_mem_intercon_imp_auto_pc_2_axi_protocol_converter_v2_1_37_a_axi3_conv/gru_bin_version_axi_mem_intercon_imp_auto_pc_2_axi_data_fifo_v2_1_36_axic_fifo/gru_bin_version_axi_mem_intercon_imp_auto_pc_2_axi_data_fifo_v2_1_36_fifo_gen/<hidden>/<hidden>/<hidden>/<hidden>/<hidden>
  -------------------------------------------------------------------    -------------------
    SLICE_X63Y103        FDRE (Prop_fdre_C_Q)         0.141     1.138 f  gru_bin_version_wrapper/gru_bin_version/gru_bin_version_axi_mem_intercon_0/s02_couplers_imp_QTS1PG/gru_bin_version_axi_mem_intercon_imp_auto_pc_2/gru_bin_version_axi_mem_intercon_imp_auto_pc_2_axi_protocol_converter_v2_1_37_axi_protocol_converter/gru_bin_version_axi_mem_intercon_imp_auto_pc_2_axi_protocol_converter_v2_1_37_axi3_conv/gru_bin_version_axi_mem_intercon_imp_auto_pc_2_axi_protocol_converter_v2_1_37_a_axi3_conv/gru_bin_version_axi_mem_intercon_imp_auto_pc_2_axi_data_fifo_v2_1_36_axic_fifo/gru_bin_version_axi_mem_intercon_imp_auto_pc_2_axi_data_fifo_v2_1_36_fifo_gen/<hidden>/<hidden>/<hidden>/<hidden>/<hidden>
                         net (fo=2, routed)           0.168     1.306    gru_bin_version_wrapper/gru_bin_version/gru_bin_version_axi_mem_intercon_0/s02_couplers_imp_QTS1PG/gru_bin_version_axi_mem_intercon_imp_auto_pc_2/gru_bin_version_axi_mem_intercon_imp_auto_pc_2_axi_protocol_converter_v2_1_37_axi_protocol_converter/gru_bin_version_axi_mem_intercon_imp_auto_pc_2_axi_protocol_converter_v2_1_37_axi3_conv/gru_bin_version_axi_mem_intercon_imp_auto_pc_2_axi_protocol_converter_v2_1_37_a_axi3_conv/gru_bin_version_axi_mem_intercon_imp_auto_pc_2_axi_data_fifo_v2_1_36_axic_fifo/gru_bin_version_axi_mem_intercon_imp_auto_pc_2_axi_data_fifo_v2_1_36_fifo_gen/<hidden>/<hidden>/<hidden>/<hidden>/<hidden>
    SLICE_X63Y103        LUT3 (Prop_lut3_I1_O)        0.045     1.351 f  gru_bin_version_wrapper/gru_bin_version/gru_bin_version_axi_mem_intercon_0/s02_couplers_imp_QTS1PG/gru_bin_version_axi_mem_intercon_imp_auto_pc_2/gru_bin_version_axi_mem_intercon_imp_auto_pc_2_axi_protocol_converter_v2_1_37_axi_protocol_converter/gru_bin_version_axi_mem_intercon_imp_auto_pc_2_axi_protocol_converter_v2_1_37_axi3_conv/gru_bin_version_axi_mem_intercon_imp_auto_pc_2_axi_protocol_converter_v2_1_37_a_axi3_conv/gru_bin_version_axi_mem_intercon_imp_auto_pc_2_axi_data_fifo_v2_1_36_axic_fifo/gru_bin_version_axi_mem_intercon_imp_auto_pc_2_axi_data_fifo_v2_1_36_fifo_gen/<hidden>/<hidden>/<hidden>/<hidden>/<hidden>
                         net (fo=32, routed)          0.203     1.555    gru_bin_version_wrapper/gru_bin_version/gru_bin_version_axi_mem_intercon_0/s02_couplers_imp_QTS1PG/gru_bin_version_axi_mem_intercon_imp_auto_pc_2/gru_bin_version_axi_mem_intercon_imp_auto_pc_2_axi_protocol_converter_v2_1_37_axi_protocol_converter/gru_bin_version_axi_mem_intercon_imp_auto_pc_2_axi_protocol_converter_v2_1_37_axi3_conv/gru_bin_version_axi_mem_intercon_imp_auto_pc_2_axi_protocol_converter_v2_1_37_a_axi3_conv/gru_bin_version_axi_mem_intercon_imp_auto_pc_2_axi_data_fifo_v2_1_36_axic_fifo/gru_bin_version_axi_mem_intercon_imp_auto_pc_2_axi_data_fifo_v2_1_36_fifo_gen/<hidden>/<hidden>/<hidden>/<hidden>/<hidden>/<hidden>
    SLICE_X66Y103        FDCE                                         f  gru_bin_version_wrapper/gru_bin_version/gru_bin_version_axi_mem_intercon_0/s02_couplers_imp_QTS1PG/gru_bin_version_axi_mem_intercon_imp_auto_pc_2/gru_bin_version_axi_mem_intercon_imp_auto_pc_2_axi_protocol_converter_v2_1_37_axi_protocol_converter/gru_bin_version_axi_mem_intercon_imp_auto_pc_2_axi_protocol_converter_v2_1_37_axi3_conv/gru_bin_version_axi_mem_intercon_imp_auto_pc_2_axi_protocol_converter_v2_1_37_a_axi3_conv/gru_bin_version_axi_mem_intercon_imp_auto_pc_2_axi_data_fifo_v2_1_36_axic_fifo/gru_bin_version_axi_mem_intercon_imp_auto_pc_2_axi_data_fifo_v2_1_36_fifo_gen/<hidden>/<hidden>/<hidden>/<hidden>/<hidden>/<hidden>
  -------------------------------------------------------------------    -------------------

                         (clock clk_fpga_0 rise edge)
                                                      0.000     0.000 r  
    PS7_X0Y0             PS7                          0.000     0.000 r  gru_bin_version_i/processing_system7_0/inst/PS7_i/FCLKCLK[0]
                         net (fo=1, routed)           0.337     0.337    gru_bin_version_i/processing_system7_0/inst/FCLK_CLK_unbuffered[0]
    BUFGCTRL_X0Y16       BUFG (Prop_bufg_I_O)         0.029     0.366 r  gru_bin_version_i/processing_system7_0/inst/buffer_fclk_clk_0.FCLK_CLK_0_BUFG/O
                         net (fo=25495, routed)       0.934     1.300    gru_bin_version_wrapper/gru_bin_version/gru_bin_version_axi_mem_intercon_0/s02_couplers_imp_QTS1PG/gru_bin_version_axi_mem_intercon_imp_auto_pc_2/gru_bin_version_axi_mem_intercon_imp_auto_pc_2_axi_protocol_converter_v2_1_37_axi_protocol_converter/gru_bin_version_axi_mem_intercon_imp_auto_pc_2_axi_protocol_converter_v2_1_37_axi3_conv/gru_bin_version_axi_mem_intercon_imp_auto_pc_2_axi_protocol_converter_v2_1_37_a_axi3_conv/gru_bin_version_axi_mem_intercon_imp_auto_pc_2_axi_data_fifo_v2_1_36_axic_fifo/gru_bin_version_axi_mem_intercon_imp_auto_pc_2_axi_data_fifo_v2_1_36_fifo_gen/<hidden>/<hidden>/<hidden>/<hidden>/<hidden>/<hidden>
    SLICE_X66Y103        FDCE                                         r  gru_bin_version_wrapper/gru_bin_version/gru_bin_version_axi_mem_intercon_0/s02_couplers_imp_QTS1PG/gru_bin_version_axi_mem_intercon_imp_auto_pc_2/gru_bin_version_axi_mem_intercon_imp_auto_pc_2_axi_protocol_converter_v2_1_37_axi_protocol_converter/gru_bin_version_axi_mem_intercon_imp_auto_pc_2_axi_protocol_converter_v2_1_37_axi3_conv/gru_bin_version_axi_mem_intercon_imp_auto_pc_2_axi_protocol_converter_v2_1_37_a_axi3_conv/gru_bin_version_axi_mem_intercon_imp_auto_pc_2_axi_data_fifo_v2_1_36_axic_fifo/gru_bin_version_axi_mem_intercon_imp_auto_pc_2_axi_data_fifo_v2_1_36_fifo_gen/<hidden>/<hidden>/<hidden>/<hidden>/<hidden>/<hidden>
                         clock pessimism             -0.268     1.032    
    SLICE_X66Y103        FDCE (Remov_fdce_C_CLR)     -0.067     0.965    gru_bin_version_wrapper/gru_bin_version/gru_bin_version_axi_mem_intercon_0/s02_couplers_imp_QTS1PG/gru_bin_version_axi_mem_intercon_imp_auto_pc_2/gru_bin_version_axi_mem_intercon_imp_auto_pc_2_axi_protocol_converter_v2_1_37_axi_protocol_converter/gru_bin_version_axi_mem_intercon_imp_auto_pc_2_axi_protocol_converter_v2_1_37_axi3_conv/gru_bin_version_axi_mem_intercon_imp_auto_pc_2_axi_protocol_converter_v2_1_37_a_axi3_conv/gru_bin_version_axi_mem_intercon_imp_auto_pc_2_axi_data_fifo_v2_1_36_axic_fifo/gru_bin_version_axi_mem_intercon_imp_auto_pc_2_axi_data_fifo_v2_1_36_fifo_gen/<hidden>/<hidden>/<hidden>/<hidden>/<hidden>/<hidden>
  -------------------------------------------------------------------
                         required time                         -0.965    
                         arrival time                           1.555    
  -------------------------------------------------------------------
                         slack                                  0.590    

Slack (MET) :             0.590ns  (arrival time - required time)
  Source:                 gru_bin_version_wrapper/gru_bin_version/gru_bin_version_axi_mem_intercon_0/s02_couplers_imp_QTS1PG/gru_bin_version_axi_mem_intercon_imp_auto_pc_2/gru_bin_version_axi_mem_intercon_imp_auto_pc_2_axi_protocol_converter_v2_1_37_axi_protocol_converter/gru_bin_version_axi_mem_intercon_imp_auto_pc_2_axi_protocol_converter_v2_1_37_axi3_conv/gru_bin_version_axi_mem_intercon_imp_auto_pc_2_axi_protocol_converter_v2_1_37_a_axi3_conv/gru_bin_version_axi_mem_intercon_imp_auto_pc_2_axi_data_fifo_v2_1_36_axic_fifo/gru_bin_version_axi_mem_intercon_imp_auto_pc_2_axi_data_fifo_v2_1_36_fifo_gen/<hidden>/<hidden>/<hidden>/<hidden>/<hidden>
                            (rising edge-triggered cell FDRE clocked by clk_fpga_0  {rise@0.000ns fall@5.000ns period=10.000ns})
  Destination:            gru_bin_version_wrapper/gru_bin_version/gru_bin_version_axi_mem_intercon_0/s02_couplers_imp_QTS1PG/gru_bin_version_axi_mem_intercon_imp_auto_pc_2/gru_bin_version_axi_mem_intercon_imp_auto_pc_2_axi_protocol_converter_v2_1_37_axi_protocol_converter/gru_bin_version_axi_mem_intercon_imp_auto_pc_2_axi_protocol_converter_v2_1_37_axi3_conv/gru_bin_version_axi_mem_intercon_imp_auto_pc_2_axi_protocol_converter_v2_1_37_a_axi3_conv/gru_bin_version_axi_mem_intercon_imp_auto_pc_2_axi_data_fifo_v2_1_36_axic_fifo/gru_bin_version_axi_mem_intercon_imp_auto_pc_2_axi_data_fifo_v2_1_36_fifo_gen/<hidden>/<hidden>/<hidden>/<hidden>/<hidden>/<hidden>
                            (removal check against rising-edge clock clk_fpga_0  {rise@0.000ns fall@5.000ns period=10.000ns})
  Path Group:             **async_default**
  Path Type:              Removal (Min at Fast Process Corner)
  Requirement:            0.000ns  (clk_fpga_0 rise@0.000ns - clk_fpga_0 rise@0.000ns)
  Data Path Delay:        0.558ns  (logic 0.186ns (33.360%)  route 0.372ns (66.640%))
  Logic Levels:           1  (LUT3=1)
  Clock Path Skew:        0.035ns (DCD - SCD - CPR)
    Destination Clock Delay (DCD):    1.300ns
    Source Clock Delay      (SCD):    0.997ns
    Clock Pessimism Removal (CPR):    0.268ns

    Location             Delay type                Incr(ns)  Path(ns)    Netlist Resource(s)
  -------------------------------------------------------------------    -------------------
                         (clock clk_fpga_0 rise edge)
                                                      0.000     0.000 r  
    PS7_X0Y0             PS7                          0.000     0.000 r  gru_bin_version_i/processing_system7_0/inst/PS7_i/FCLKCLK[0]
                         net (fo=1, routed)           0.310     0.310    gru_bin_version_i/processing_system7_0/inst/FCLK_CLK_unbuffered[0]
    BUFGCTRL_X0Y16       BUFG (Prop_bufg_I_O)         0.026     0.336 r  gru_bin_version_i/processing_system7_0/inst/buffer_fclk_clk_0.FCLK_CLK_0_BUFG/O
                         net (fo=25495, routed)       0.661     0.997    gru_bin_version_wrapper/gru_bin_version/gru_bin_version_axi_mem_intercon_0/s02_couplers_imp_QTS1PG/gru_bin_version_axi_mem_intercon_imp_auto_pc_2/gru_bin_version_axi_mem_intercon_imp_auto_pc_2_axi_protocol_converter_v2_1_37_axi_protocol_converter/gru_bin_version_axi_mem_intercon_imp_auto_pc_2_axi_protocol_converter_v2_1_37_axi3_conv/gru_bin_version_axi_mem_intercon_imp_auto_pc_2_axi_protocol_converter_v2_1_37_a_axi3_conv/gru_bin_version_axi_mem_intercon_imp_auto_pc_2_axi_data_fifo_v2_1_36_axic_fifo/gru_bin_version_axi_mem_intercon_imp_auto_pc_2_axi_data_fifo_v2_1_36_fifo_gen/<hidden>/<hidden>/<hidden>/<hidden>/<hidden>
    SLICE_X63Y103        FDRE                                         r  gru_bin_version_wrapper/gru_bin_version/gru_bin_version_axi_mem_intercon_0/s02_couplers_imp_QTS1PG/gru_bin_version_axi_mem_intercon_imp_auto_pc_2/gru_bin_version_axi_mem_intercon_imp_auto_pc_2_axi_protocol_converter_v2_1_37_axi_protocol_converter/gru_bin_version_axi_mem_intercon_imp_auto_pc_2_axi_protocol_converter_v2_1_37_axi3_conv/gru_bin_version_axi_mem_intercon_imp_auto_pc_2_axi_protocol_converter_v2_1_37_a_axi3_conv/gru_bin_version_axi_mem_intercon_imp_auto_pc_2_axi_data_fifo_v2_1_36_axic_fifo/gru_bin_version_axi_mem_intercon_imp_auto_pc_2_axi_data_fifo_v2_1_36_fifo_gen/<hidden>/<hidden>/<hidden>/<hidden>/<hidden>
  -------------------------------------------------------------------    -------------------
    SLICE_X63Y103        FDRE (Prop_fdre_C_Q)         0.141     1.138 f  gru_bin_version_wrapper/gru_bin_version/gru_bin_version_axi_mem_intercon_0/s02_couplers_imp_QTS1PG/gru_bin_version_axi_mem_intercon_imp_auto_pc_2/gru_bin_version_axi_mem_intercon_imp_auto_pc_2_axi_protocol_converter_v2_1_37_axi_protocol_converter/gru_bin_version_axi_mem_intercon_imp_auto_pc_2_axi_protocol_converter_v2_1_37_axi3_conv/gru_bin_version_axi_mem_intercon_imp_auto_pc_2_axi_protocol_converter_v2_1_37_a_axi3_conv/gru_bin_version_axi_mem_intercon_imp_auto_pc_2_axi_data_fifo_v2_1_36_axic_fifo/gru_bin_version_axi_mem_intercon_imp_auto_pc_2_axi_data_fifo_v2_1_36_fifo_gen/<hidden>/<hidden>/<hidden>/<hidden>/<hidden>
                         net (fo=2, routed)           0.168     1.306    gru_bin_version_wrapper/gru_bin_version/gru_bin_version_axi_mem_intercon_0/s02_couplers_imp_QTS1PG/gru_bin_version_axi_mem_intercon_imp_auto_pc_2/gru_bin_version_axi_mem_intercon_imp_auto_pc_2_axi_protocol_converter_v2_1_37_axi_protocol_converter/gru_bin_version_axi_mem_intercon_imp_auto_pc_2_axi_protocol_converter_v2_1_37_axi3_conv/gru_bin_version_axi_mem_intercon_imp_auto_pc_2_axi_protocol_converter_v2_1_37_a_axi3_conv/gru_bin_version_axi_mem_intercon_imp_auto_pc_2_axi_data_fifo_v2_1_36_axic_fifo/gru_bin_version_axi_mem_intercon_imp_auto_pc_2_axi_data_fifo_v2_1_36_fifo_gen/<hidden>/<hidden>/<hidden>/<hidden>/<hidden>
    SLICE_X63Y103        LUT3 (Prop_lut3_I1_O)        0.045     1.351 f  gru_bin_version_wrapper/gru_bin_version/gru_bin_version_axi_mem_intercon_0/s02_couplers_imp_QTS1PG/gru_bin_version_axi_mem_intercon_imp_auto_pc_2/gru_bin_version_axi_mem_intercon_imp_auto_pc_2_axi_protocol_converter_v2_1_37_axi_protocol_converter/gru_bin_version_axi_mem_intercon_imp_auto_pc_2_axi_protocol_converter_v2_1_37_axi3_conv/gru_bin_version_axi_mem_intercon_imp_auto_pc_2_axi_protocol_converter_v2_1_37_a_axi3_conv/gru_bin_version_axi_mem_intercon_imp_auto_pc_2_axi_data_fifo_v2_1_36_axic_fifo/gru_bin_version_axi_mem_intercon_imp_auto_pc_2_axi_data_fifo_v2_1_36_fifo_gen/<hidden>/<hidden>/<hidden>/<hidden>/<hidden>
                         net (fo=32, routed)          0.203     1.555    gru_bin_version_wrapper/gru_bin_version/gru_bin_version_axi_mem_intercon_0/s02_couplers_imp_QTS1PG/gru_bin_version_axi_mem_intercon_imp_auto_pc_2/gru_bin_version_axi_mem_intercon_imp_auto_pc_2_axi_protocol_converter_v2_1_37_axi_protocol_converter/gru_bin_version_axi_mem_intercon_imp_auto_pc_2_axi_protocol_converter_v2_1_37_axi3_conv/gru_bin_version_axi_mem_intercon_imp_auto_pc_2_axi_protocol_converter_v2_1_37_a_axi3_conv/gru_bin_version_axi_mem_intercon_imp_auto_pc_2_axi_data_fifo_v2_1_36_axic_fifo/gru_bin_version_axi_mem_intercon_imp_auto_pc_2_axi_data_fifo_v2_1_36_fifo_gen/<hidden>/<hidden>/<hidden>/<hidden>/<hidden>/<hidden>
    SLICE_X66Y103        FDCE                                         f  gru_bin_version_wrapper/gru_bin_version/gru_bin_version_axi_mem_intercon_0/s02_couplers_imp_QTS1PG/gru_bin_version_axi_mem_intercon_imp_auto_pc_2/gru_bin_version_axi_mem_intercon_imp_auto_pc_2_axi_protocol_converter_v2_1_37_axi_protocol_converter/gru_bin_version_axi_mem_intercon_imp_auto_pc_2_axi_protocol_converter_v2_1_37_axi3_conv/gru_bin_version_axi_mem_intercon_imp_auto_pc_2_axi_protocol_converter_v2_1_37_a_axi3_conv/gru_bin_version_axi_mem_intercon_imp_auto_pc_2_axi_data_fifo_v2_1_36_axic_fifo/gru_bin_version_axi_mem_intercon_imp_auto_pc_2_axi_data_fifo_v2_1_36_fifo_gen/<hidden>/<hidden>/<hidden>/<hidden>/<hidden>/<hidden>
  -------------------------------------------------------------------    -------------------

                         (clock clk_fpga_0 rise edge)
                                                      0.000     0.000 r  
    PS7_X0Y0             PS7                          0.000     0.000 r  gru_bin_version_i/processing_system7_0/inst/PS7_i/FCLKCLK[0]
                         net (fo=1, routed)           0.337     0.337    gru_bin_version_i/processing_system7_0/inst/FCLK_CLK_unbuffered[0]
    BUFGCTRL_X0Y16       BUFG (Prop_bufg_I_O)         0.029     0.366 r  gru_bin_version_i/processing_system7_0/inst/buffer_fclk_clk_0.FCLK_CLK_0_BUFG/O
                         net (fo=25495, routed)       0.934     1.300    gru_bin_version_wrapper/gru_bin_version/gru_bin_version_axi_mem_intercon_0/s02_couplers_imp_QTS1PG/gru_bin_version_axi_mem_intercon_imp_auto_pc_2/gru_bin_version_axi_mem_intercon_imp_auto_pc_2_axi_protocol_converter_v2_1_37_axi_protocol_converter/gru_bin_version_axi_mem_intercon_imp_auto_pc_2_axi_protocol_converter_v2_1_37_axi3_conv/gru_bin_version_axi_mem_intercon_imp_auto_pc_2_axi_protocol_converter_v2_1_37_a_axi3_conv/gru_bin_version_axi_mem_intercon_imp_auto_pc_2_axi_data_fifo_v2_1_36_axic_fifo/gru_bin_version_axi_mem_intercon_imp_auto_pc_2_axi_data_fifo_v2_1_36_fifo_gen/<hidden>/<hidden>/<hidden>/<hidden>/<hidden>/<hidden>
    SLICE_X66Y103        FDCE                                         r  gru_bin_version_wrapper/gru_bin_version/gru_bin_version_axi_mem_intercon_0/s02_couplers_imp_QTS1PG/gru_bin_version_axi_mem_intercon_imp_auto_pc_2/gru_bin_version_axi_mem_intercon_imp_auto_pc_2_axi_protocol_converter_v2_1_37_axi_protocol_converter/gru_bin_version_axi_mem_intercon_imp_auto_pc_2_axi_protocol_converter_v2_1_37_axi3_conv/gru_bin_version_axi_mem_intercon_imp_auto_pc_2_axi_protocol_converter_v2_1_37_a_axi3_conv/gru_bin_version_axi_mem_intercon_imp_auto_pc_2_axi_data_fifo_v2_1_36_axic_fifo/gru_bin_version_axi_mem_intercon_imp_auto_pc_2_axi_data_fifo_v2_1_36_fifo_gen/<hidden>/<hidden>/<hidden>/<hidden>/<hidden>/<hidden>
                         clock pessimism             -0.268     1.032    
    SLICE_X66Y103        FDCE (Remov_fdce_C_CLR)     -0.067     0.965    gru_bin_version_wrapper/gru_bin_version/gru_bin_version_axi_mem_intercon_0/s02_couplers_imp_QTS1PG/gru_bin_version_axi_mem_intercon_imp_auto_pc_2/gru_bin_version_axi_mem_intercon_imp_auto_pc_2_axi_protocol_converter_v2_1_37_axi_protocol_converter/gru_bin_version_axi_mem_intercon_imp_auto_pc_2_axi_protocol_converter_v2_1_37_axi3_conv/gru_bin_version_axi_mem_intercon_imp_auto_pc_2_axi_protocol_converter_v2_1_37_a_axi3_conv/gru_bin_version_axi_mem_intercon_imp_auto_pc_2_axi_data_fifo_v2_1_36_axic_fifo/gru_bin_version_axi_mem_intercon_imp_auto_pc_2_axi_data_fifo_v2_1_36_fifo_gen/<hidden>/<hidden>/<hidden>/<hidden>/<hidden>/<hidden>
  -------------------------------------------------------------------
                         required time                         -0.965    
                         arrival time                           1.555    
  -------------------------------------------------------------------
                         slack                                  0.590    

Slack (MET) :             0.592ns  (arrival time - required time)
  Source:                 gru_bin_version_wrapper/gru_bin_version/gru_bin_version_axi_mem_intercon_0/s01_couplers_imp_NNMS53/gru_bin_version_axi_mem_intercon_imp_auto_pc_1/gru_bin_version_axi_mem_intercon_imp_auto_pc_1_axi_protocol_converter_v2_1_37_axi_protocol_converter/gru_bin_version_axi_mem_intercon_imp_auto_pc_1_axi_protocol_converter_v2_1_37_axi3_conv/gru_bin_version_axi_mem_intercon_imp_auto_pc_1_axi_protocol_converter_v2_1_37_a_axi3_conv/gru_bin_version_axi_mem_intercon_imp_auto_pc_1_axi_data_fifo_v2_1_36_axic_fifo_0/gru_bin_version_axi_mem_intercon_imp_auto_pc_1_axi_data_fifo_v2_1_36_fifo_gen/<hidden>/<hidden>/<hidden>/<hidden>/<hidden>
                            (rising edge-triggered cell FDRE clocked by clk_fpga_0  {rise@0.000ns fall@5.000ns period=10.000ns})
  Destination:            gru_bin_version_wrapper/gru_bin_version/gru_bin_version_axi_mem_intercon_0/s01_couplers_imp_NNMS53/gru_bin_version_axi_mem_intercon_imp_auto_pc_1/gru_bin_version_axi_mem_intercon_imp_auto_pc_1_axi_protocol_converter_v2_1_37_axi_protocol_converter/gru_bin_version_axi_mem_intercon_imp_auto_pc_1_axi_protocol_converter_v2_1_37_axi3_conv/gru_bin_version_axi_mem_intercon_imp_auto_pc_1_axi_protocol_converter_v2_1_37_a_axi3_conv/gru_bin_version_axi_mem_intercon_imp_auto_pc_1_axi_data_fifo_v2_1_36_axic_fifo_0/gru_bin_version_axi_mem_intercon_imp_auto_pc_1_axi_data_fifo_v2_1_36_fifo_gen/<hidden>/<hidden>/<hidden>/<hidden>/<hidden>/<hidden>
                            (removal check against rising-edge clock clk_fpga_0  {rise@0.000ns fall@5.000ns period=10.000ns})
  Path Group:             **async_default**
  Path Type:              Removal (Min at Fast Process Corner)
  Requirement:            0.000ns  (clk_fpga_0 rise@0.000ns - clk_fpga_0 rise@0.000ns)
  Data Path Delay:        0.538ns  (logic 0.186ns (34.566%)  route 0.352ns (65.434%))
  Logic Levels:           1  (LUT3=1)
  Clock Path Skew:        0.013ns (DCD - SCD - CPR)
    Destination Clock Delay (DCD):    1.180ns
    Source Clock Delay      (SCD):    0.885ns
    Clock Pessimism Removal (CPR):    0.282ns

    Location             Delay type                Incr(ns)  Path(ns)    Netlist Resource(s)
  -------------------------------------------------------------------    -------------------
                         (clock clk_fpga_0 rise edge)
                                                      0.000     0.000 r  
    PS7_X0Y0             PS7                          0.000     0.000 r  gru_bin_version_i/processing_system7_0/inst/PS7_i/FCLKCLK[0]
                         net (fo=1, routed)           0.310     0.310    gru_bin_version_i/processing_system7_0/inst/FCLK_CLK_unbuffered[0]
    BUFGCTRL_X0Y16       BUFG (Prop_bufg_I_O)         0.026     0.336 r  gru_bin_version_i/processing_system7_0/inst/buffer_fclk_clk_0.FCLK_CLK_0_BUFG/O
                         net (fo=25495, routed)       0.549     0.885    gru_bin_version_wrapper/gru_bin_version/gru_bin_version_axi_mem_intercon_0/s01_couplers_imp_NNMS53/gru_bin_version_axi_mem_intercon_imp_auto_pc_1/gru_bin_version_axi_mem_intercon_imp_auto_pc_1_axi_protocol_converter_v2_1_37_axi_protocol_converter/gru_bin_version_axi_mem_intercon_imp_auto_pc_1_axi_protocol_converter_v2_1_37_axi3_conv/gru_bin_version_axi_mem_intercon_imp_auto_pc_1_axi_protocol_converter_v2_1_37_a_axi3_conv/gru_bin_version_axi_mem_intercon_imp_auto_pc_1_axi_data_fifo_v2_1_36_axic_fifo_0/gru_bin_version_axi_mem_intercon_imp_auto_pc_1_axi_data_fifo_v2_1_36_fifo_gen/<hidden>/<hidden>/<hidden>/<hidden>/<hidden>
    SLICE_X37Y81         FDRE                                         r  gru_bin_version_wrapper/gru_bin_version/gru_bin_version_axi_mem_intercon_0/s01_couplers_imp_NNMS53/gru_bin_version_axi_mem_intercon_imp_auto_pc_1/gru_bin_version_axi_mem_intercon_imp_auto_pc_1_axi_protocol_converter_v2_1_37_axi_protocol_converter/gru_bin_version_axi_mem_intercon_imp_auto_pc_1_axi_protocol_converter_v2_1_37_axi3_conv/gru_bin_version_axi_mem_intercon_imp_auto_pc_1_axi_protocol_converter_v2_1_37_a_axi3_conv/gru_bin_version_axi_mem_intercon_imp_auto_pc_1_axi_data_fifo_v2_1_36_axic_fifo_0/gru_bin_version_axi_mem_intercon_imp_auto_pc_1_axi_data_fifo_v2_1_36_fifo_gen/<hidden>/<hidden>/<hidden>/<hidden>/<hidden>
  -------------------------------------------------------------------    -------------------
    SLICE_X37Y81         FDRE (Prop_fdre_C_Q)         0.141     1.026 f  gru_bin_version_wrapper/gru_bin_version/gru_bin_version_axi_mem_intercon_0/s01_couplers_imp_NNMS53/gru_bin_version_axi_mem_intercon_imp_auto_pc_1/gru_bin_version_axi_mem_intercon_imp_auto_pc_1_axi_protocol_converter_v2_1_37_axi_protocol_converter/gru_bin_version_axi_mem_intercon_imp_auto_pc_1_axi_protocol_converter_v2_1_37_axi3_conv/gru_bin_version_axi_mem_intercon_imp_auto_pc_1_axi_protocol_converter_v2_1_37_a_axi3_conv/gru_bin_version_axi_mem_intercon_imp_auto_pc_1_axi_data_fifo_v2_1_36_axic_fifo_0/gru_bin_version_axi_mem_intercon_imp_auto_pc_1_axi_data_fifo_v2_1_36_fifo_gen/<hidden>/<hidden>/<hidden>/<hidden>/<hidden>
                         net (fo=3, routed)           0.157     1.183    gru_bin_version_wrapper/gru_bin_version/gru_bin_version_axi_mem_intercon_0/s01_couplers_imp_NNMS53/gru_bin_version_axi_mem_intercon_imp_auto_pc_1/gru_bin_version_axi_mem_intercon_imp_auto_pc_1_axi_protocol_converter_v2_1_37_axi_protocol_converter/gru_bin_version_axi_mem_intercon_imp_auto_pc_1_axi_protocol_converter_v2_1_37_axi3_conv/gru_bin_version_axi_mem_intercon_imp_auto_pc_1_axi_protocol_converter_v2_1_37_a_axi3_conv/gru_bin_version_axi_mem_intercon_imp_auto_pc_1_axi_data_fifo_v2_1_36_axic_fifo_0/gru_bin_version_axi_mem_intercon_imp_auto_pc_1_axi_data_fifo_v2_1_36_fifo_gen/<hidden>/<hidden>/<hidden>/<hidden>/<hidden>
    SLICE_X37Y81         LUT3 (Prop_lut3_I1_O)        0.045     1.228 f  gru_bin_version_wrapper/gru_bin_version/gru_bin_version_axi_mem_intercon_0/s01_couplers_imp_NNMS53/gru_bin_version_axi_mem_intercon_imp_auto_pc_1/gru_bin_version_axi_mem_intercon_imp_auto_pc_1_axi_protocol_converter_v2_1_37_axi_protocol_converter/gru_bin_version_axi_mem_intercon_imp_auto_pc_1_axi_protocol_converter_v2_1_37_axi3_conv/gru_bin_version_axi_mem_intercon_imp_auto_pc_1_axi_protocol_converter_v2_1_37_a_axi3_conv/gru_bin_version_axi_mem_intercon_imp_auto_pc_1_axi_data_fifo_v2_1_36_axic_fifo_0/gru_bin_version_axi_mem_intercon_imp_auto_pc_1_axi_data_fifo_v2_1_36_fifo_gen/<hidden>/<hidden>/<hidden>/<hidden>/<hidden>
                         net (fo=32, routed)          0.195     1.423    gru_bin_version_wrapper/gru_bin_version/gru_bin_version_axi_mem_intercon_0/s01_couplers_imp_NNMS53/gru_bin_version_axi_mem_intercon_imp_auto_pc_1/gru_bin_version_axi_mem_intercon_imp_auto_pc_1_axi_protocol_converter_v2_1_37_axi_protocol_converter/gru_bin_version_axi_mem_intercon_imp_auto_pc_1_axi_protocol_converter_v2_1_37_axi3_conv/gru_bin_version_axi_mem_intercon_imp_auto_pc_1_axi_protocol_converter_v2_1_37_a_axi3_conv/gru_bin_version_axi_mem_intercon_imp_auto_pc_1_axi_data_fifo_v2_1_36_axic_fifo_0/gru_bin_version_axi_mem_intercon_imp_auto_pc_1_axi_data_fifo_v2_1_36_fifo_gen/<hidden>/<hidden>/<hidden>/<hidden>/<hidden>/<hidden>
    SLICE_X36Y80         FDCE                                         f  gru_bin_version_wrapper/gru_bin_version/gru_bin_version_axi_mem_intercon_0/s01_couplers_imp_NNMS53/gru_bin_version_axi_mem_intercon_imp_auto_pc_1/gru_bin_version_axi_mem_intercon_imp_auto_pc_1_axi_protocol_converter_v2_1_37_axi_protocol_converter/gru_bin_version_axi_mem_intercon_imp_auto_pc_1_axi_protocol_converter_v2_1_37_axi3_conv/gru_bin_version_axi_mem_intercon_imp_auto_pc_1_axi_protocol_converter_v2_1_37_a_axi3_conv/gru_bin_version_axi_mem_intercon_imp_auto_pc_1_axi_data_fifo_v2_1_36_axic_fifo_0/gru_bin_version_axi_mem_intercon_imp_auto_pc_1_axi_data_fifo_v2_1_36_fifo_gen/<hidden>/<hidden>/<hidden>/<hidden>/<hidden>/<hidden>
  -------------------------------------------------------------------    -------------------

                         (clock clk_fpga_0 rise edge)
                                                      0.000     0.000 r  
    PS7_X0Y0             PS7                          0.000     0.000 r  gru_bin_version_i/processing_system7_0/inst/PS7_i/FCLKCLK[0]
                         net (fo=1, routed)           0.337     0.337    gru_bin_version_i/processing_system7_0/inst/FCLK_CLK_unbuffered[0]
    BUFGCTRL_X0Y16       BUFG (Prop_bufg_I_O)         0.029     0.366 r  gru_bin_version_i/processing_system7_0/inst/buffer_fclk_clk_0.FCLK_CLK_0_BUFG/O
                         net (fo=25495, routed)       0.814     1.180    gru_bin_version_wrapper/gru_bin_version/gru_bin_version_axi_mem_intercon_0/s01_couplers_imp_NNMS53/gru_bin_version_axi_mem_intercon_imp_auto_pc_1/gru_bin_version_axi_mem_intercon_imp_auto_pc_1_axi_protocol_converter_v2_1_37_axi_protocol_converter/gru_bin_version_axi_mem_intercon_imp_auto_pc_1_axi_protocol_converter_v2_1_37_axi3_conv/gru_bin_version_axi_mem_intercon_imp_auto_pc_1_axi_protocol_converter_v2_1_37_a_axi3_conv/gru_bin_version_axi_mem_intercon_imp_auto_pc_1_axi_data_fifo_v2_1_36_axic_fifo_0/gru_bin_version_axi_mem_intercon_imp_auto_pc_1_axi_data_fifo_v2_1_36_fifo_gen/<hidden>/<hidden>/<hidden>/<hidden>/<hidden>/<hidden>
    SLICE_X36Y80         FDCE                                         r  gru_bin_version_wrapper/gru_bin_version/gru_bin_version_axi_mem_intercon_0/s01_couplers_imp_NNMS53/gru_bin_version_axi_mem_intercon_imp_auto_pc_1/gru_bin_version_axi_mem_intercon_imp_auto_pc_1_axi_protocol_converter_v2_1_37_axi_protocol_converter/gru_bin_version_axi_mem_intercon_imp_auto_pc_1_axi_protocol_converter_v2_1_37_axi3_conv/gru_bin_version_axi_mem_intercon_imp_auto_pc_1_axi_protocol_converter_v2_1_37_a_axi3_conv/gru_bin_version_axi_mem_intercon_imp_auto_pc_1_axi_data_fifo_v2_1_36_axic_fifo_0/gru_bin_version_axi_mem_intercon_imp_auto_pc_1_axi_data_fifo_v2_1_36_fifo_gen/<hidden>/<hidden>/<hidden>/<hidden>/<hidden>/<hidden>
                         clock pessimism             -0.282     0.898    
    SLICE_X36Y80         FDCE (Remov_fdce_C_CLR)     -0.067     0.831    gru_bin_version_wrapper/gru_bin_version/gru_bin_version_axi_mem_intercon_0/s01_couplers_imp_NNMS53/gru_bin_version_axi_mem_intercon_imp_auto_pc_1/gru_bin_version_axi_mem_intercon_imp_auto_pc_1_axi_protocol_converter_v2_1_37_axi_protocol_converter/gru_bin_version_axi_mem_intercon_imp_auto_pc_1_axi_protocol_converter_v2_1_37_axi3_conv/gru_bin_version_axi_mem_intercon_imp_auto_pc_1_axi_protocol_converter_v2_1_37_a_axi3_conv/gru_bin_version_axi_mem_intercon_imp_auto_pc_1_axi_data_fifo_v2_1_36_axic_fifo_0/gru_bin_version_axi_mem_intercon_imp_auto_pc_1_axi_data_fifo_v2_1_36_fifo_gen/<hidden>/<hidden>/<hidden>/<hidden>/<hidden>/<hidden>
  -------------------------------------------------------------------
                         required time                         -0.831    
                         arrival time                           1.423    
  -------------------------------------------------------------------
                         slack                                  0.592    

Slack (MET) :             0.592ns  (arrival time - required time)
  Source:                 gru_bin_version_wrapper/gru_bin_version/gru_bin_version_axi_mem_intercon_0/s01_couplers_imp_NNMS53/gru_bin_version_axi_mem_intercon_imp_auto_pc_1/gru_bin_version_axi_mem_intercon_imp_auto_pc_1_axi_protocol_converter_v2_1_37_axi_protocol_converter/gru_bin_version_axi_mem_intercon_imp_auto_pc_1_axi_protocol_converter_v2_1_37_axi3_conv/gru_bin_version_axi_mem_intercon_imp_auto_pc_1_axi_protocol_converter_v2_1_37_a_axi3_conv/gru_bin_version_axi_mem_intercon_imp_auto_pc_1_axi_data_fifo_v2_1_36_axic_fifo_0/gru_bin_version_axi_mem_intercon_imp_auto_pc_1_axi_data_fifo_v2_1_36_fifo_gen/<hidden>/<hidden>/<hidden>/<hidden>/<hidden>
                            (rising edge-triggered cell FDRE clocked by clk_fpga_0  {rise@0.000ns fall@5.000ns period=10.000ns})
  Destination:            gru_bin_version_wrapper/gru_bin_version/gru_bin_version_axi_mem_intercon_0/s01_couplers_imp_NNMS53/gru_bin_version_axi_mem_intercon_imp_auto_pc_1/gru_bin_version_axi_mem_intercon_imp_auto_pc_1_axi_protocol_converter_v2_1_37_axi_protocol_converter/gru_bin_version_axi_mem_intercon_imp_auto_pc_1_axi_protocol_converter_v2_1_37_axi3_conv/gru_bin_version_axi_mem_intercon_imp_auto_pc_1_axi_protocol_converter_v2_1_37_a_axi3_conv/gru_bin_version_axi_mem_intercon_imp_auto_pc_1_axi_data_fifo_v2_1_36_axic_fifo_0/gru_bin_version_axi_mem_intercon_imp_auto_pc_1_axi_data_fifo_v2_1_36_fifo_gen/<hidden>/<hidden>/<hidden>/<hidden>/<hidden>/<hidden>
                            (removal check against rising-edge clock clk_fpga_0  {rise@0.000ns fall@5.000ns period=10.000ns})
  Path Group:             **async_default**
  Path Type:              Removal (Min at Fast Process Corner)
  Requirement:            0.000ns  (clk_fpga_0 rise@0.000ns - clk_fpga_0 rise@0.000ns)
  Data Path Delay:        0.538ns  (logic 0.186ns (34.566%)  route 0.352ns (65.434%))
  Logic Levels:           1  (LUT3=1)
  Clock Path Skew:        0.013ns (DCD - SCD - CPR)
    Destination Clock Delay (DCD):    1.180ns
    Source Clock Delay      (SCD):    0.885ns
    Clock Pessimism Removal (CPR):    0.282ns

    Location             Delay type                Incr(ns)  Path(ns)    Netlist Resource(s)
  -------------------------------------------------------------------    -------------------
                         (clock clk_fpga_0 rise edge)
                                                      0.000     0.000 r  
    PS7_X0Y0             PS7                          0.000     0.000 r  gru_bin_version_i/processing_system7_0/inst/PS7_i/FCLKCLK[0]
                         net (fo=1, routed)           0.310     0.310    gru_bin_version_i/processing_system7_0/inst/FCLK_CLK_unbuffered[0]
    BUFGCTRL_X0Y16       BUFG (Prop_bufg_I_O)         0.026     0.336 r  gru_bin_version_i/processing_system7_0/inst/buffer_fclk_clk_0.FCLK_CLK_0_BUFG/O
                         net (fo=25495, routed)       0.549     0.885    gru_bin_version_wrapper/gru_bin_version/gru_bin_version_axi_mem_intercon_0/s01_couplers_imp_NNMS53/gru_bin_version_axi_mem_intercon_imp_auto_pc_1/gru_bin_version_axi_mem_intercon_imp_auto_pc_1_axi_protocol_converter_v2_1_37_axi_protocol_converter/gru_bin_version_axi_mem_intercon_imp_auto_pc_1_axi_protocol_converter_v2_1_37_axi3_conv/gru_bin_version_axi_mem_intercon_imp_auto_pc_1_axi_protocol_converter_v2_1_37_a_axi3_conv/gru_bin_version_axi_mem_intercon_imp_auto_pc_1_axi_data_fifo_v2_1_36_axic_fifo_0/gru_bin_version_axi_mem_intercon_imp_auto_pc_1_axi_data_fifo_v2_1_36_fifo_gen/<hidden>/<hidden>/<hidden>/<hidden>/<hidden>
    SLICE_X37Y81         FDRE                                         r  gru_bin_version_wrapper/gru_bin_version/gru_bin_version_axi_mem_intercon_0/s01_couplers_imp_NNMS53/gru_bin_version_axi_mem_intercon_imp_auto_pc_1/gru_bin_version_axi_mem_intercon_imp_auto_pc_1_axi_protocol_converter_v2_1_37_axi_protocol_converter/gru_bin_version_axi_mem_intercon_imp_auto_pc_1_axi_protocol_converter_v2_1_37_axi3_conv/gru_bin_version_axi_mem_intercon_imp_auto_pc_1_axi_protocol_converter_v2_1_37_a_axi3_conv/gru_bin_version_axi_mem_intercon_imp_auto_pc_1_axi_data_fifo_v2_1_36_axic_fifo_0/gru_bin_version_axi_mem_intercon_imp_auto_pc_1_axi_data_fifo_v2_1_36_fifo_gen/<hidden>/<hidden>/<hidden>/<hidden>/<hidden>
  -------------------------------------------------------------------    -------------------
    SLICE_X37Y81         FDRE (Prop_fdre_C_Q)         0.141     1.026 f  gru_bin_version_wrapper/gru_bin_version/gru_bin_version_axi_mem_intercon_0/s01_couplers_imp_NNMS53/gru_bin_version_axi_mem_intercon_imp_auto_pc_1/gru_bin_version_axi_mem_intercon_imp_auto_pc_1_axi_protocol_converter_v2_1_37_axi_protocol_converter/gru_bin_version_axi_mem_intercon_imp_auto_pc_1_axi_protocol_converter_v2_1_37_axi3_conv/gru_bin_version_axi_mem_intercon_imp_auto_pc_1_axi_protocol_converter_v2_1_37_a_axi3_conv/gru_bin_version_axi_mem_intercon_imp_auto_pc_1_axi_data_fifo_v2_1_36_axic_fifo_0/gru_bin_version_axi_mem_intercon_imp_auto_pc_1_axi_data_fifo_v2_1_36_fifo_gen/<hidden>/<hidden>/<hidden>/<hidden>/<hidden>
                         net (fo=3, routed)           0.157     1.183    gru_bin_version_wrapper/gru_bin_version/gru_bin_version_axi_mem_intercon_0/s01_couplers_imp_NNMS53/gru_bin_version_axi_mem_intercon_imp_auto_pc_1/gru_bin_version_axi_mem_intercon_imp_auto_pc_1_axi_protocol_converter_v2_1_37_axi_protocol_converter/gru_bin_version_axi_mem_intercon_imp_auto_pc_1_axi_protocol_converter_v2_1_37_axi3_conv/gru_bin_version_axi_mem_intercon_imp_auto_pc_1_axi_protocol_converter_v2_1_37_a_axi3_conv/gru_bin_version_axi_mem_intercon_imp_auto_pc_1_axi_data_fifo_v2_1_36_axic_fifo_0/gru_bin_version_axi_mem_intercon_imp_auto_pc_1_axi_data_fifo_v2_1_36_fifo_gen/<hidden>/<hidden>/<hidden>/<hidden>/<hidden>
    SLICE_X37Y81         LUT3 (Prop_lut3_I1_O)        0.045     1.228 f  gru_bin_version_wrapper/gru_bin_version/gru_bin_version_axi_mem_intercon_0/s01_couplers_imp_NNMS53/gru_bin_version_axi_mem_intercon_imp_auto_pc_1/gru_bin_version_axi_mem_intercon_imp_auto_pc_1_axi_protocol_converter_v2_1_37_axi_protocol_converter/gru_bin_version_axi_mem_intercon_imp_auto_pc_1_axi_protocol_converter_v2_1_37_axi3_conv/gru_bin_version_axi_mem_intercon_imp_auto_pc_1_axi_protocol_converter_v2_1_37_a_axi3_conv/gru_bin_version_axi_mem_intercon_imp_auto_pc_1_axi_data_fifo_v2_1_36_axic_fifo_0/gru_bin_version_axi_mem_intercon_imp_auto_pc_1_axi_data_fifo_v2_1_36_fifo_gen/<hidden>/<hidden>/<hidden>/<hidden>/<hidden>
                         net (fo=32, routed)          0.195     1.423    gru_bin_version_wrapper/gru_bin_version/gru_bin_version_axi_mem_intercon_0/s01_couplers_imp_NNMS53/gru_bin_version_axi_mem_intercon_imp_auto_pc_1/gru_bin_version_axi_mem_intercon_imp_auto_pc_1_axi_protocol_converter_v2_1_37_axi_protocol_converter/gru_bin_version_axi_mem_intercon_imp_auto_pc_1_axi_protocol_converter_v2_1_37_axi3_conv/gru_bin_version_axi_mem_intercon_imp_auto_pc_1_axi_protocol_converter_v2_1_37_a_axi3_conv/gru_bin_version_axi_mem_intercon_imp_auto_pc_1_axi_data_fifo_v2_1_36_axic_fifo_0/gru_bin_version_axi_mem_intercon_imp_auto_pc_1_axi_data_fifo_v2_1_36_fifo_gen/<hidden>/<hidden>/<hidden>/<hidden>/<hidden>/<hidden>
    SLICE_X36Y80         FDCE                                         f  gru_bin_version_wrapper/gru_bin_version/gru_bin_version_axi_mem_intercon_0/s01_couplers_imp_NNMS53/gru_bin_version_axi_mem_intercon_imp_auto_pc_1/gru_bin_version_axi_mem_intercon_imp_auto_pc_1_axi_protocol_converter_v2_1_37_axi_protocol_converter/gru_bin_version_axi_mem_intercon_imp_auto_pc_1_axi_protocol_converter_v2_1_37_axi3_conv/gru_bin_version_axi_mem_intercon_imp_auto_pc_1_axi_protocol_converter_v2_1_37_a_axi3_conv/gru_bin_version_axi_mem_intercon_imp_auto_pc_1_axi_data_fifo_v2_1_36_axic_fifo_0/gru_bin_version_axi_mem_intercon_imp_auto_pc_1_axi_data_fifo_v2_1_36_fifo_gen/<hidden>/<hidden>/<hidden>/<hidden>/<hidden>/<hidden>
  -------------------------------------------------------------------    -------------------

                         (clock clk_fpga_0 rise edge)
                                                      0.000     0.000 r  
    PS7_X0Y0             PS7                          0.000     0.000 r  gru_bin_version_i/processing_system7_0/inst/PS7_i/FCLKCLK[0]
                         net (fo=1, routed)           0.337     0.337    gru_bin_version_i/processing_system7_0/inst/FCLK_CLK_unbuffered[0]
    BUFGCTRL_X0Y16       BUFG (Prop_bufg_I_O)         0.029     0.366 r  gru_bin_version_i/processing_system7_0/inst/buffer_fclk_clk_0.FCLK_CLK_0_BUFG/O
                         net (fo=25495, routed)       0.814     1.180    gru_bin_version_wrapper/gru_bin_version/gru_bin_version_axi_mem_intercon_0/s01_couplers_imp_NNMS53/gru_bin_version_axi_mem_intercon_imp_auto_pc_1/gru_bin_version_axi_mem_intercon_imp_auto_pc_1_axi_protocol_converter_v2_1_37_axi_protocol_converter/gru_bin_version_axi_mem_intercon_imp_auto_pc_1_axi_protocol_converter_v2_1_37_axi3_conv/gru_bin_version_axi_mem_intercon_imp_auto_pc_1_axi_protocol_converter_v2_1_37_a_axi3_conv/gru_bin_version_axi_mem_intercon_imp_auto_pc_1_axi_data_fifo_v2_1_36_axic_fifo_0/gru_bin_version_axi_mem_intercon_imp_auto_pc_1_axi_data_fifo_v2_1_36_fifo_gen/<hidden>/<hidden>/<hidden>/<hidden>/<hidden>/<hidden>
    SLICE_X36Y80         FDCE                                         r  gru_bin_version_wrapper/gru_bin_version/gru_bin_version_axi_mem_intercon_0/s01_couplers_imp_NNMS53/gru_bin_version_axi_mem_intercon_imp_auto_pc_1/gru_bin_version_axi_mem_intercon_imp_auto_pc_1_axi_protocol_converter_v2_1_37_axi_protocol_converter/gru_bin_version_axi_mem_intercon_imp_auto_pc_1_axi_protocol_converter_v2_1_37_axi3_conv/gru_bin_version_axi_mem_intercon_imp_auto_pc_1_axi_protocol_converter_v2_1_37_a_axi3_conv/gru_bin_version_axi_mem_intercon_imp_auto_pc_1_axi_data_fifo_v2_1_36_axic_fifo_0/gru_bin_version_axi_mem_intercon_imp_auto_pc_1_axi_data_fifo_v2_1_36_fifo_gen/<hidden>/<hidden>/<hidden>/<hidden>/<hidden>/<hidden>
                         clock pessimism             -0.282     0.898    
    SLICE_X36Y80         FDCE (Remov_fdce_C_CLR)     -0.067     0.831    gru_bin_version_wrapper/gru_bin_version/gru_bin_version_axi_mem_intercon_0/s01_couplers_imp_NNMS53/gru_bin_version_axi_mem_intercon_imp_auto_pc_1/gru_bin_version_axi_mem_intercon_imp_auto_pc_1_axi_protocol_converter_v2_1_37_axi_protocol_converter/gru_bin_version_axi_mem_intercon_imp_auto_pc_1_axi_protocol_converter_v2_1_37_axi3_conv/gru_bin_version_axi_mem_intercon_imp_auto_pc_1_axi_protocol_converter_v2_1_37_a_axi3_conv/gru_bin_version_axi_mem_intercon_imp_auto_pc_1_axi_data_fifo_v2_1_36_axic_fifo_0/gru_bin_version_axi_mem_intercon_imp_auto_pc_1_axi_data_fifo_v2_1_36_fifo_gen/<hidden>/<hidden>/<hidden>/<hidden>/<hidden>/<hidden>
  -------------------------------------------------------------------
                         required time                         -0.831    
                         arrival time                           1.423    
  -------------------------------------------------------------------
                         slack                                  0.592    

Slack (MET) :             0.592ns  (arrival time - required time)
  Source:                 gru_bin_version_wrapper/gru_bin_version/gru_bin_version_axi_mem_intercon_0/s01_couplers_imp_NNMS53/gru_bin_version_axi_mem_intercon_imp_auto_pc_1/gru_bin_version_axi_mem_intercon_imp_auto_pc_1_axi_protocol_converter_v2_1_37_axi_protocol_converter/gru_bin_version_axi_mem_intercon_imp_auto_pc_1_axi_protocol_converter_v2_1_37_axi3_conv/gru_bin_version_axi_mem_intercon_imp_auto_pc_1_axi_protocol_converter_v2_1_37_a_axi3_conv/gru_bin_version_axi_mem_intercon_imp_auto_pc_1_axi_data_fifo_v2_1_36_axic_fifo_0/gru_bin_version_axi_mem_intercon_imp_auto_pc_1_axi_data_fifo_v2_1_36_fifo_gen/<hidden>/<hidden>/<hidden>/<hidden>/<hidden>
                            (rising edge-triggered cell FDRE clocked by clk_fpga_0  {rise@0.000ns fall@5.000ns period=10.000ns})
  Destination:            gru_bin_version_wrapper/gru_bin_version/gru_bin_version_axi_mem_intercon_0/s01_couplers_imp_NNMS53/gru_bin_version_axi_mem_intercon_imp_auto_pc_1/gru_bin_version_axi_mem_intercon_imp_auto_pc_1_axi_protocol_converter_v2_1_37_axi_protocol_converter/gru_bin_version_axi_mem_intercon_imp_auto_pc_1_axi_protocol_converter_v2_1_37_axi3_conv/gru_bin_version_axi_mem_intercon_imp_auto_pc_1_axi_protocol_converter_v2_1_37_a_axi3_conv/gru_bin_version_axi_mem_intercon_imp_auto_pc_1_axi_data_fifo_v2_1_36_axic_fifo_0/gru_bin_version_axi_mem_intercon_imp_auto_pc_1_axi_data_fifo_v2_1_36_fifo_gen/<hidden>/<hidden>/<hidden>/<hidden>/<hidden>/<hidden>
                            (removal check against rising-edge clock clk_fpga_0  {rise@0.000ns fall@5.000ns period=10.000ns})
  Path Group:             **async_default**
  Path Type:              Removal (Min at Fast Process Corner)
  Requirement:            0.000ns  (clk_fpga_0 rise@0.000ns - clk_fpga_0 rise@0.000ns)
  Data Path Delay:        0.538ns  (logic 0.186ns (34.566%)  route 0.352ns (65.434%))
  Logic Levels:           1  (LUT3=1)
  Clock Path Skew:        0.013ns (DCD - SCD - CPR)
    Destination Clock Delay (DCD):    1.180ns
    Source Clock Delay      (SCD):    0.885ns
    Clock Pessimism Removal (CPR):    0.282ns

    Location             Delay type                Incr(ns)  Path(ns)    Netlist Resource(s)
  -------------------------------------------------------------------    -------------------
                         (clock clk_fpga_0 rise edge)
                                                      0.000     0.000 r  
    PS7_X0Y0             PS7                          0.000     0.000 r  gru_bin_version_i/processing_system7_0/inst/PS7_i/FCLKCLK[0]
                         net (fo=1, routed)           0.310     0.310    gru_bin_version_i/processing_system7_0/inst/FCLK_CLK_unbuffered[0]
    BUFGCTRL_X0Y16       BUFG (Prop_bufg_I_O)         0.026     0.336 r  gru_bin_version_i/processing_system7_0/inst/buffer_fclk_clk_0.FCLK_CLK_0_BUFG/O
                         net (fo=25495, routed)       0.549     0.885    gru_bin_version_wrapper/gru_bin_version/gru_bin_version_axi_mem_intercon_0/s01_couplers_imp_NNMS53/gru_bin_version_axi_mem_intercon_imp_auto_pc_1/gru_bin_version_axi_mem_intercon_imp_auto_pc_1_axi_protocol_converter_v2_1_37_axi_protocol_converter/gru_bin_version_axi_mem_intercon_imp_auto_pc_1_axi_protocol_converter_v2_1_37_axi3_conv/gru_bin_version_axi_mem_intercon_imp_auto_pc_1_axi_protocol_converter_v2_1_37_a_axi3_conv/gru_bin_version_axi_mem_intercon_imp_auto_pc_1_axi_data_fifo_v2_1_36_axic_fifo_0/gru_bin_version_axi_mem_intercon_imp_auto_pc_1_axi_data_fifo_v2_1_36_fifo_gen/<hidden>/<hidden>/<hidden>/<hidden>/<hidden>
    SLICE_X37Y81         FDRE                                         r  gru_bin_version_wrapper/gru_bin_version/gru_bin_version_axi_mem_intercon_0/s01_couplers_imp_NNMS53/gru_bin_version_axi_mem_intercon_imp_auto_pc_1/gru_bin_version_axi_mem_intercon_imp_auto_pc_1_axi_protocol_converter_v2_1_37_axi_protocol_converter/gru_bin_version_axi_mem_intercon_imp_auto_pc_1_axi_protocol_converter_v2_1_37_axi3_conv/gru_bin_version_axi_mem_intercon_imp_auto_pc_1_axi_protocol_converter_v2_1_37_a_axi3_conv/gru_bin_version_axi_mem_intercon_imp_auto_pc_1_axi_data_fifo_v2_1_36_axic_fifo_0/gru_bin_version_axi_mem_intercon_imp_auto_pc_1_axi_data_fifo_v2_1_36_fifo_gen/<hidden>/<hidden>/<hidden>/<hidden>/<hidden>
  -------------------------------------------------------------------    -------------------
    SLICE_X37Y81         FDRE (Prop_fdre_C_Q)         0.141     1.026 f  gru_bin_version_wrapper/gru_bin_version/gru_bin_version_axi_mem_intercon_0/s01_couplers_imp_NNMS53/gru_bin_version_axi_mem_intercon_imp_auto_pc_1/gru_bin_version_axi_mem_intercon_imp_auto_pc_1_axi_protocol_converter_v2_1_37_axi_protocol_converter/gru_bin_version_axi_mem_intercon_imp_auto_pc_1_axi_protocol_converter_v2_1_37_axi3_conv/gru_bin_version_axi_mem_intercon_imp_auto_pc_1_axi_protocol_converter_v2_1_37_a_axi3_conv/gru_bin_version_axi_mem_intercon_imp_auto_pc_1_axi_data_fifo_v2_1_36_axic_fifo_0/gru_bin_version_axi_mem_intercon_imp_auto_pc_1_axi_data_fifo_v2_1_36_fifo_gen/<hidden>/<hidden>/<hidden>/<hidden>/<hidden>
                         net (fo=3, routed)           0.157     1.183    gru_bin_version_wrapper/gru_bin_version/gru_bin_version_axi_mem_intercon_0/s01_couplers_imp_NNMS53/gru_bin_version_axi_mem_intercon_imp_auto_pc_1/gru_bin_version_axi_mem_intercon_imp_auto_pc_1_axi_protocol_converter_v2_1_37_axi_protocol_converter/gru_bin_version_axi_mem_intercon_imp_auto_pc_1_axi_protocol_converter_v2_1_37_axi3_conv/gru_bin_version_axi_mem_intercon_imp_auto_pc_1_axi_protocol_converter_v2_1_37_a_axi3_conv/gru_bin_version_axi_mem_intercon_imp_auto_pc_1_axi_data_fifo_v2_1_36_axic_fifo_0/gru_bin_version_axi_mem_intercon_imp_auto_pc_1_axi_data_fifo_v2_1_36_fifo_gen/<hidden>/<hidden>/<hidden>/<hidden>/<hidden>
    SLICE_X37Y81         LUT3 (Prop_lut3_I1_O)        0.045     1.228 f  gru_bin_version_wrapper/gru_bin_version/gru_bin_version_axi_mem_intercon_0/s01_couplers_imp_NNMS53/gru_bin_version_axi_mem_intercon_imp_auto_pc_1/gru_bin_version_axi_mem_intercon_imp_auto_pc_1_axi_protocol_converter_v2_1_37_axi_protocol_converter/gru_bin_version_axi_mem_intercon_imp_auto_pc_1_axi_protocol_converter_v2_1_37_axi3_conv/gru_bin_version_axi_mem_intercon_imp_auto_pc_1_axi_protocol_converter_v2_1_37_a_axi3_conv/gru_bin_version_axi_mem_intercon_imp_auto_pc_1_axi_data_fifo_v2_1_36_axic_fifo_0/gru_bin_version_axi_mem_intercon_imp_auto_pc_1_axi_data_fifo_v2_1_36_fifo_gen/<hidden>/<hidden>/<hidden>/<hidden>/<hidden>
                         net (fo=32, routed)          0.195     1.423    gru_bin_version_wrapper/gru_bin_version/gru_bin_version_axi_mem_intercon_0/s01_couplers_imp_NNMS53/gru_bin_version_axi_mem_intercon_imp_auto_pc_1/gru_bin_version_axi_mem_intercon_imp_auto_pc_1_axi_protocol_converter_v2_1_37_axi_protocol_converter/gru_bin_version_axi_mem_intercon_imp_auto_pc_1_axi_protocol_converter_v2_1_37_axi3_conv/gru_bin_version_axi_mem_intercon_imp_auto_pc_1_axi_protocol_converter_v2_1_37_a_axi3_conv/gru_bin_version_axi_mem_intercon_imp_auto_pc_1_axi_data_fifo_v2_1_36_axic_fifo_0/gru_bin_version_axi_mem_intercon_imp_auto_pc_1_axi_data_fifo_v2_1_36_fifo_gen/<hidden>/<hidden>/<hidden>/<hidden>/<hidden>/<hidden>
    SLICE_X36Y80         FDCE                                         f  gru_bin_version_wrapper/gru_bin_version/gru_bin_version_axi_mem_intercon_0/s01_couplers_imp_NNMS53/gru_bin_version_axi_mem_intercon_imp_auto_pc_1/gru_bin_version_axi_mem_intercon_imp_auto_pc_1_axi_protocol_converter_v2_1_37_axi_protocol_converter/gru_bin_version_axi_mem_intercon_imp_auto_pc_1_axi_protocol_converter_v2_1_37_axi3_conv/gru_bin_version_axi_mem_intercon_imp_auto_pc_1_axi_protocol_converter_v2_1_37_a_axi3_conv/gru_bin_version_axi_mem_intercon_imp_auto_pc_1_axi_data_fifo_v2_1_36_axic_fifo_0/gru_bin_version_axi_mem_intercon_imp_auto_pc_1_axi_data_fifo_v2_1_36_fifo_gen/<hidden>/<hidden>/<hidden>/<hidden>/<hidden>/<hidden>
  -------------------------------------------------------------------    -------------------

                         (clock clk_fpga_0 rise edge)
                                                      0.000     0.000 r  
    PS7_X0Y0             PS7                          0.000     0.000 r  gru_bin_version_i/processing_system7_0/inst/PS7_i/FCLKCLK[0]
                         net (fo=1, routed)           0.337     0.337    gru_bin_version_i/processing_system7_0/inst/FCLK_CLK_unbuffered[0]
    BUFGCTRL_X0Y16       BUFG (Prop_bufg_I_O)         0.029     0.366 r  gru_bin_version_i/processing_system7_0/inst/buffer_fclk_clk_0.FCLK_CLK_0_BUFG/O
                         net (fo=25495, routed)       0.814     1.180    gru_bin_version_wrapper/gru_bin_version/gru_bin_version_axi_mem_intercon_0/s01_couplers_imp_NNMS53/gru_bin_version_axi_mem_intercon_imp_auto_pc_1/gru_bin_version_axi_mem_intercon_imp_auto_pc_1_axi_protocol_converter_v2_1_37_axi_protocol_converter/gru_bin_version_axi_mem_intercon_imp_auto_pc_1_axi_protocol_converter_v2_1_37_axi3_conv/gru_bin_version_axi_mem_intercon_imp_auto_pc_1_axi_protocol_converter_v2_1_37_a_axi3_conv/gru_bin_version_axi_mem_intercon_imp_auto_pc_1_axi_data_fifo_v2_1_36_axic_fifo_0/gru_bin_version_axi_mem_intercon_imp_auto_pc_1_axi_data_fifo_v2_1_36_fifo_gen/<hidden>/<hidden>/<hidden>/<hidden>/<hidden>/<hidden>
    SLICE_X36Y80         FDCE                                         r  gru_bin_version_wrapper/gru_bin_version/gru_bin_version_axi_mem_intercon_0/s01_couplers_imp_NNMS53/gru_bin_version_axi_mem_intercon_imp_auto_pc_1/gru_bin_version_axi_mem_intercon_imp_auto_pc_1_axi_protocol_converter_v2_1_37_axi_protocol_converter/gru_bin_version_axi_mem_intercon_imp_auto_pc_1_axi_protocol_converter_v2_1_37_axi3_conv/gru_bin_version_axi_mem_intercon_imp_auto_pc_1_axi_protocol_converter_v2_1_37_a_axi3_conv/gru_bin_version_axi_mem_intercon_imp_auto_pc_1_axi_data_fifo_v2_1_36_axic_fifo_0/gru_bin_version_axi_mem_intercon_imp_auto_pc_1_axi_data_fifo_v2_1_36_fifo_gen/<hidden>/<hidden>/<hidden>/<hidden>/<hidden>/<hidden>
                         clock pessimism             -0.282     0.898    
    SLICE_X36Y80         FDCE (Remov_fdce_C_CLR)     -0.067     0.831    gru_bin_version_wrapper/gru_bin_version/gru_bin_version_axi_mem_intercon_0/s01_couplers_imp_NNMS53/gru_bin_version_axi_mem_intercon_imp_auto_pc_1/gru_bin_version_axi_mem_intercon_imp_auto_pc_1_axi_protocol_converter_v2_1_37_axi_protocol_converter/gru_bin_version_axi_mem_intercon_imp_auto_pc_1_axi_protocol_converter_v2_1_37_axi3_conv/gru_bin_version_axi_mem_intercon_imp_auto_pc_1_axi_protocol_converter_v2_1_37_a_axi3_conv/gru_bin_version_axi_mem_intercon_imp_auto_pc_1_axi_data_fifo_v2_1_36_axic_fifo_0/gru_bin_version_axi_mem_intercon_imp_auto_pc_1_axi_data_fifo_v2_1_36_fifo_gen/<hidden>/<hidden>/<hidden>/<hidden>/<hidden>/<hidden>
  -------------------------------------------------------------------
                         required time                         -0.831    
                         arrival time                           1.423    
  -------------------------------------------------------------------
                         slack                                  0.592    





--------------------------------------------------------------------------------------
Path Group:  (none)
From Clock:  
  To Clock:  clk_fpga_0

Max Delay             1 Endpoint
Min Delay             1 Endpoint
--------------------------------------------------------------------------------------


Max Delay Paths
--------------------------------------------------------------------------------------
Slack:                    inf
  Source:                 gru_bin_version_i/processing_system7_0/inst/PS7_i/FCLKRESETN[0]
                            (internal pin)
  Destination:            gru_bin_version_i/rst_ps7_0_100M/U0/EXT_LPF/ACTIVE_LOW_EXT.ACT_LO_EXT/syncstages_ff_reg[0]/D
                            (rising edge-triggered cell FDRE clocked by clk_fpga_0  {rise@0.000ns fall@5.000ns period=10.000ns})
  Path Group:             (none)
  Path Type:              Setup (Max at Slow Process Corner)
  Data Path Delay:        1.864ns  (logic 0.124ns (6.654%)  route 1.740ns (93.346%))
  Logic Levels:           1  (LUT1=1)
  Clock Uncertainty:      0.152ns  ((TSJ^2 + TIJ^2)^1/2 + DJ) / 2 + PE
    Total System Jitter     (TSJ):    0.050ns
    Total Input Jitter      (TIJ):    0.300ns
    Discrete Jitter          (DJ):    0.000ns
    Phase Error              (PE):    0.000ns
  Timing Exception:       False Path

    Location             Delay type                Incr(ns)  Path(ns)    Netlist Resource(s)
  -------------------------------------------------------------------    -------------------
    PS7_X0Y0             PS7                          0.000     0.000 f  gru_bin_version_i/processing_system7_0/inst/PS7_i/FCLKRESETN[0]
                         net (fo=1, routed)           1.740     1.740    gru_bin_version_i/rst_ps7_0_100M/U0/EXT_LPF/ext_reset_in
    SLICE_X54Y103        LUT1 (Prop_lut1_I0_O)        0.124     1.864 r  gru_bin_version_i/rst_ps7_0_100M/U0/EXT_LPF/ACTIVE_LOW_EXT.ACT_LO_EXT_i_1/O
                         net (fo=1, routed)           0.000     1.864    gru_bin_version_i/rst_ps7_0_100M/U0/EXT_LPF/ACTIVE_LOW_EXT.ACT_LO_EXT/src_in
    SLICE_X54Y103        FDRE                                         r  gru_bin_version_i/rst_ps7_0_100M/U0/EXT_LPF/ACTIVE_LOW_EXT.ACT_LO_EXT/syncstages_ff_reg[0]/D
  -------------------------------------------------------------------    -------------------

                         (clock clk_fpga_0 rise edge)
                                                      0.000     0.000 r  
    PS7_X0Y0             PS7                          0.000     0.000 r  gru_bin_version_i/processing_system7_0/inst/PS7_i/FCLKCLK[0]
                         net (fo=1, routed)           1.088     1.088    gru_bin_version_i/processing_system7_0/inst/FCLK_CLK_unbuffered[0]
    BUFGCTRL_X0Y16       BUFG (Prop_bufg_I_O)         0.091     1.179 r  gru_bin_version_i/processing_system7_0/inst/buffer_fclk_clk_0.FCLK_CLK_0_BUFG/O
                         net (fo=25495, routed)       1.710     2.889    gru_bin_version_i/rst_ps7_0_100M/U0/EXT_LPF/ACTIVE_LOW_EXT.ACT_LO_EXT/dest_clk
    SLICE_X54Y103        FDRE                                         r  gru_bin_version_i/rst_ps7_0_100M/U0/EXT_LPF/ACTIVE_LOW_EXT.ACT_LO_EXT/syncstages_ff_reg[0]/C





Min Delay Paths
--------------------------------------------------------------------------------------
Slack:                    inf
  Source:                 gru_bin_version_i/processing_system7_0/inst/PS7_i/FCLKRESETN[0]
                            (internal pin)
  Destination:            gru_bin_version_i/rst_ps7_0_100M/U0/EXT_LPF/ACTIVE_LOW_EXT.ACT_LO_EXT/syncstages_ff_reg[0]/D
                            (rising edge-triggered cell FDRE clocked by clk_fpga_0  {rise@0.000ns fall@5.000ns period=10.000ns})
  Path Group:             (none)
  Path Type:              Hold (Min at Fast Process Corner)
  Data Path Delay:        0.840ns  (logic 0.045ns (5.359%)  route 0.795ns (94.641%))
  Logic Levels:           1  (LUT1=1)
  Clock Uncertainty:      0.152ns  ((TSJ^2 + TIJ^2)^1/2 + DJ) / 2 + PE
    Total System Jitter     (TSJ):    0.050ns
    Total Input Jitter      (TIJ):    0.300ns
    Discrete Jitter          (DJ):    0.000ns
    Phase Error              (PE):    0.000ns
  Timing Exception:       False Path

    Location             Delay type                Incr(ns)  Path(ns)    Netlist Resource(s)
  -------------------------------------------------------------------    -------------------
    PS7_X0Y0             PS7                          0.000     0.000 f  gru_bin_version_i/processing_system7_0/inst/PS7_i/FCLKRESETN[0]
                         net (fo=1, routed)           0.795     0.795    gru_bin_version_i/rst_ps7_0_100M/U0/EXT_LPF/ext_reset_in
    SLICE_X54Y103        LUT1 (Prop_lut1_I0_O)        0.045     0.840 r  gru_bin_version_i/rst_ps7_0_100M/U0/EXT_LPF/ACTIVE_LOW_EXT.ACT_LO_EXT_i_1/O
                         net (fo=1, routed)           0.000     0.840    gru_bin_version_i/rst_ps7_0_100M/U0/EXT_LPF/ACTIVE_LOW_EXT.ACT_LO_EXT/src_in
    SLICE_X54Y103        FDRE                                         r  gru_bin_version_i/rst_ps7_0_100M/U0/EXT_LPF/ACTIVE_LOW_EXT.ACT_LO_EXT/syncstages_ff_reg[0]/D
  -------------------------------------------------------------------    -------------------

                         (clock clk_fpga_0 rise edge)
                                                      0.000     0.000 r  
    PS7_X0Y0             PS7                          0.000     0.000 r  gru_bin_version_i/processing_system7_0/inst/PS7_i/FCLKCLK[0]
                         net (fo=1, routed)           0.337     0.337    gru_bin_version_i/processing_system7_0/inst/FCLK_CLK_unbuffered[0]
    BUFGCTRL_X0Y16       BUFG (Prop_bufg_I_O)         0.029     0.366 r  gru_bin_version_i/processing_system7_0/inst/buffer_fclk_clk_0.FCLK_CLK_0_BUFG/O
                         net (fo=25495, routed)       0.931     1.297    gru_bin_version_i/rst_ps7_0_100M/U0/EXT_LPF/ACTIVE_LOW_EXT.ACT_LO_EXT/dest_clk
    SLICE_X54Y103        FDRE                                         r  gru_bin_version_i/rst_ps7_0_100M/U0/EXT_LPF/ACTIVE_LOW_EXT.ACT_LO_EXT/syncstages_ff_reg[0]/C





--------------------------------------------------------------------------------------
Path Group:  (none)
From Clock:  clk_fpga_0
  To Clock:  clk_fpga_0

Max Delay            86 Endpoints
Min Delay            86 Endpoints
--------------------------------------------------------------------------------------


Max Delay Paths
--------------------------------------------------------------------------------------
Slack:                    inf
  Source:                 gru_bin_version_i/rst_ps7_0_100M/U0/ACTIVE_LOW_PR_OUT_DFF[0].FDRE_PER_N/C
                            (rising edge-triggered cell FDRE clocked by clk_fpga_0  {rise@0.000ns fall@5.000ns period=10.000ns})
  Destination:            gru_bin_version_wrapper/gru_bin_version/gru_bin_version_axi_mem_intercon_0/s01_couplers_imp_NNMS53/gru_bin_version_axi_mem_intercon_imp_auto_pc_1/gru_bin_version_axi_mem_intercon_imp_auto_pc_1_axi_protocol_converter_v2_1_37_axi_protocol_converter/gru_bin_version_axi_mem_intercon_imp_auto_pc_1_axi_protocol_converter_v2_1_37_axi3_conv/gru_bin_version_axi_mem_intercon_imp_auto_pc_1_axi_protocol_converter_v2_1_37_a_axi3_conv/gru_bin_version_axi_mem_intercon_imp_auto_pc_1_axi_data_fifo_v2_1_36_axic_fifo_0/gru_bin_version_axi_mem_intercon_imp_auto_pc_1_axi_data_fifo_v2_1_36_fifo_gen/<hidden>/<hidden>/<hidden>/<hidden>/<hidden>/<hidden>
                            (recovery check against rising-edge clock clk_fpga_0  {rise@0.000ns fall@5.000ns period=10.000ns})
  Path Group:             (none)
  Path Type:              Recovery (Max at Slow Process Corner)
  Data Path Delay:        5.703ns  (logic 0.670ns (11.749%)  route 5.033ns (88.251%))
  Logic Levels:           1  (LUT1=1)
  Clock Path Skew:        -0.548ns (DCD - SCD + CPR)
    Destination Clock Delay (DCD):    2.648ns
    Source Clock Delay      (SCD):    3.196ns
    Clock Pessimism Removal (CPR):    0.000ns
  Clock Uncertainty:      0.154ns  ((TSJ^2 + TIJ^2)^1/2 + DJ) / 2 + PE
    Total System Jitter     (TSJ):    0.071ns
    Total Input Jitter      (TIJ):    0.300ns
    Discrete Jitter          (DJ):    0.000ns
    Phase Error              (PE):    0.000ns
  Timing Exception:       False Path

    Location             Delay type                Incr(ns)  Path(ns)    Netlist Resource(s)
  -------------------------------------------------------------------    -------------------
                         (clock clk_fpga_0 rise edge)
                                                      0.000     0.000 r  
    PS7_X0Y0             PS7                          0.000     0.000 r  gru_bin_version_i/processing_system7_0/inst/PS7_i/FCLKCLK[0]
                         net (fo=1, routed)           1.193     1.193    gru_bin_version_i/processing_system7_0/inst/FCLK_CLK_unbuffered[0]
    BUFGCTRL_X0Y16       BUFG (Prop_bufg_I_O)         0.101     1.294 r  gru_bin_version_i/processing_system7_0/inst/buffer_fclk_clk_0.FCLK_CLK_0_BUFG/O
                         net (fo=25495, routed)       1.902     3.196    gru_bin_version_i/rst_ps7_0_100M/U0/slowest_sync_clk
    SLICE_X54Y108        FDRE                                         r  gru_bin_version_i/rst_ps7_0_100M/U0/ACTIVE_LOW_PR_OUT_DFF[0].FDRE_PER_N/C
  -------------------------------------------------------------------    -------------------
    SLICE_X54Y108        FDRE (Prop_fdre_C_Q)         0.518     3.714 r  gru_bin_version_i/rst_ps7_0_100M/U0/ACTIVE_LOW_PR_OUT_DFF[0].FDRE_PER_N/Q
                         net (fo=26, routed)          2.976     6.690    gru_bin_version_i/axi_mem_intercon/s01_couplers/auto_pc/inst/gen_axi4_axi3.axi3_conv_inst/USE_WRITE.write_addr_inst/USE_BURSTS.cmd_queue/inst/aresetn
    SLICE_X29Y82         LUT1 (Prop_lut1_I0_O)        0.152     6.842 f  gru_bin_version_i/axi_mem_intercon/s01_couplers/auto_pc/inst/gen_axi4_axi3.axi3_conv_inst/USE_WRITE.write_addr_inst/USE_BURSTS.cmd_queue/inst/S_AXI_AREADY_I_i_1/O
                         net (fo=119, routed)         2.057     8.899    gru_bin_version_wrapper/gru_bin_version/gru_bin_version_axi_mem_intercon_0/s01_couplers_imp_NNMS53/gru_bin_version_axi_mem_intercon_imp_auto_pc_1/gru_bin_version_axi_mem_intercon_imp_auto_pc_1_axi_protocol_converter_v2_1_37_axi_protocol_converter/gru_bin_version_axi_mem_intercon_imp_auto_pc_1_axi_protocol_converter_v2_1_37_axi3_conv/gru_bin_version_axi_mem_intercon_imp_auto_pc_1_axi_protocol_converter_v2_1_37_a_axi3_conv/gru_bin_version_axi_mem_intercon_imp_auto_pc_1_axi_data_fifo_v2_1_36_axic_fifo_0/gru_bin_version_axi_mem_intercon_imp_auto_pc_1_axi_data_fifo_v2_1_36_fifo_gen/<hidden>/<hidden>/<hidden>/<hidden>/<hidden>/<hidden>
    SLICE_X39Y81         FDPE                                         f  gru_bin_version_wrapper/gru_bin_version/gru_bin_version_axi_mem_intercon_0/s01_couplers_imp_NNMS53/gru_bin_version_axi_mem_intercon_imp_auto_pc_1/gru_bin_version_axi_mem_intercon_imp_auto_pc_1_axi_protocol_converter_v2_1_37_axi_protocol_converter/gru_bin_version_axi_mem_intercon_imp_auto_pc_1_axi_protocol_converter_v2_1_37_axi3_conv/gru_bin_version_axi_mem_intercon_imp_auto_pc_1_axi_protocol_converter_v2_1_37_a_axi3_conv/gru_bin_version_axi_mem_intercon_imp_auto_pc_1_axi_data_fifo_v2_1_36_axic_fifo_0/gru_bin_version_axi_mem_intercon_imp_auto_pc_1_axi_data_fifo_v2_1_36_fifo_gen/<hidden>/<hidden>/<hidden>/<hidden>/<hidden>/<hidden>
  -------------------------------------------------------------------    -------------------

                         (clock clk_fpga_0 rise edge)
                                                      0.000     0.000 r  
    PS7_X0Y0             PS7                          0.000     0.000 r  gru_bin_version_i/processing_system7_0/inst/PS7_i/FCLKCLK[0]
                         net (fo=1, routed)           1.088     1.088    gru_bin_version_i/processing_system7_0/inst/FCLK_CLK_unbuffered[0]
    BUFGCTRL_X0Y16       BUFG (Prop_bufg_I_O)         0.091     1.179 r  gru_bin_version_i/processing_system7_0/inst/buffer_fclk_clk_0.FCLK_CLK_0_BUFG/O
                         net (fo=25495, routed)       1.469     2.648    gru_bin_version_wrapper/gru_bin_version/gru_bin_version_axi_mem_intercon_0/s01_couplers_imp_NNMS53/gru_bin_version_axi_mem_intercon_imp_auto_pc_1/gru_bin_version_axi_mem_intercon_imp_auto_pc_1_axi_protocol_converter_v2_1_37_axi_protocol_converter/gru_bin_version_axi_mem_intercon_imp_auto_pc_1_axi_protocol_converter_v2_1_37_axi3_conv/gru_bin_version_axi_mem_intercon_imp_auto_pc_1_axi_protocol_converter_v2_1_37_a_axi3_conv/gru_bin_version_axi_mem_intercon_imp_auto_pc_1_axi_data_fifo_v2_1_36_axic_fifo_0/gru_bin_version_axi_mem_intercon_imp_auto_pc_1_axi_data_fifo_v2_1_36_fifo_gen/<hidden>/<hidden>/<hidden>/<hidden>/<hidden>/<hidden>
    SLICE_X39Y81         FDPE                                         r  gru_bin_version_wrapper/gru_bin_version/gru_bin_version_axi_mem_intercon_0/s01_couplers_imp_NNMS53/gru_bin_version_axi_mem_intercon_imp_auto_pc_1/gru_bin_version_axi_mem_intercon_imp_auto_pc_1_axi_protocol_converter_v2_1_37_axi_protocol_converter/gru_bin_version_axi_mem_intercon_imp_auto_pc_1_axi_protocol_converter_v2_1_37_axi3_conv/gru_bin_version_axi_mem_intercon_imp_auto_pc_1_axi_protocol_converter_v2_1_37_a_axi3_conv/gru_bin_version_axi_mem_intercon_imp_auto_pc_1_axi_data_fifo_v2_1_36_axic_fifo_0/gru_bin_version_axi_mem_intercon_imp_auto_pc_1_axi_data_fifo_v2_1_36_fifo_gen/<hidden>/<hidden>/<hidden>/<hidden>/<hidden>/<hidden>

Slack:                    inf
  Source:                 gru_bin_version_i/rst_ps7_0_100M/U0/ACTIVE_LOW_PR_OUT_DFF[0].FDRE_PER_N/C
                            (rising edge-triggered cell FDRE clocked by clk_fpga_0  {rise@0.000ns fall@5.000ns period=10.000ns})
  Destination:            gru_bin_version_wrapper/gru_bin_version/gru_bin_version_axi_mem_intercon_0/s01_couplers_imp_NNMS53/gru_bin_version_axi_mem_intercon_imp_auto_pc_1/gru_bin_version_axi_mem_intercon_imp_auto_pc_1_axi_protocol_converter_v2_1_37_axi_protocol_converter/gru_bin_version_axi_mem_intercon_imp_auto_pc_1_axi_protocol_converter_v2_1_37_axi3_conv/gru_bin_version_axi_mem_intercon_imp_auto_pc_1_axi_protocol_converter_v2_1_37_a_axi3_conv/gru_bin_version_axi_mem_intercon_imp_auto_pc_1_axi_data_fifo_v2_1_36_axic_fifo_0/gru_bin_version_axi_mem_intercon_imp_auto_pc_1_axi_data_fifo_v2_1_36_fifo_gen/<hidden>/<hidden>/<hidden>/<hidden>/<hidden>/<hidden>
                            (recovery check against rising-edge clock clk_fpga_0  {rise@0.000ns fall@5.000ns period=10.000ns})
  Path Group:             (none)
  Path Type:              Recovery (Max at Slow Process Corner)
  Data Path Delay:        5.703ns  (logic 0.670ns (11.749%)  route 5.033ns (88.251%))
  Logic Levels:           1  (LUT1=1)
  Clock Path Skew:        -0.548ns (DCD - SCD + CPR)
    Destination Clock Delay (DCD):    2.648ns
    Source Clock Delay      (SCD):    3.196ns
    Clock Pessimism Removal (CPR):    0.000ns
  Clock Uncertainty:      0.154ns  ((TSJ^2 + TIJ^2)^1/2 + DJ) / 2 + PE
    Total System Jitter     (TSJ):    0.071ns
    Total Input Jitter      (TIJ):    0.300ns
    Discrete Jitter          (DJ):    0.000ns
    Phase Error              (PE):    0.000ns
  Timing Exception:       False Path

    Location             Delay type                Incr(ns)  Path(ns)    Netlist Resource(s)
  -------------------------------------------------------------------    -------------------
                         (clock clk_fpga_0 rise edge)
                                                      0.000     0.000 r  
    PS7_X0Y0             PS7                          0.000     0.000 r  gru_bin_version_i/processing_system7_0/inst/PS7_i/FCLKCLK[0]
                         net (fo=1, routed)           1.193     1.193    gru_bin_version_i/processing_system7_0/inst/FCLK_CLK_unbuffered[0]
    BUFGCTRL_X0Y16       BUFG (Prop_bufg_I_O)         0.101     1.294 r  gru_bin_version_i/processing_system7_0/inst/buffer_fclk_clk_0.FCLK_CLK_0_BUFG/O
                         net (fo=25495, routed)       1.902     3.196    gru_bin_version_i/rst_ps7_0_100M/U0/slowest_sync_clk
    SLICE_X54Y108        FDRE                                         r  gru_bin_version_i/rst_ps7_0_100M/U0/ACTIVE_LOW_PR_OUT_DFF[0].FDRE_PER_N/C
  -------------------------------------------------------------------    -------------------
    SLICE_X54Y108        FDRE (Prop_fdre_C_Q)         0.518     3.714 r  gru_bin_version_i/rst_ps7_0_100M/U0/ACTIVE_LOW_PR_OUT_DFF[0].FDRE_PER_N/Q
                         net (fo=26, routed)          2.976     6.690    gru_bin_version_i/axi_mem_intercon/s01_couplers/auto_pc/inst/gen_axi4_axi3.axi3_conv_inst/USE_WRITE.write_addr_inst/USE_BURSTS.cmd_queue/inst/aresetn
    SLICE_X29Y82         LUT1 (Prop_lut1_I0_O)        0.152     6.842 f  gru_bin_version_i/axi_mem_intercon/s01_couplers/auto_pc/inst/gen_axi4_axi3.axi3_conv_inst/USE_WRITE.write_addr_inst/USE_BURSTS.cmd_queue/inst/S_AXI_AREADY_I_i_1/O
                         net (fo=119, routed)         2.057     8.899    gru_bin_version_wrapper/gru_bin_version/gru_bin_version_axi_mem_intercon_0/s01_couplers_imp_NNMS53/gru_bin_version_axi_mem_intercon_imp_auto_pc_1/gru_bin_version_axi_mem_intercon_imp_auto_pc_1_axi_protocol_converter_v2_1_37_axi_protocol_converter/gru_bin_version_axi_mem_intercon_imp_auto_pc_1_axi_protocol_converter_v2_1_37_axi3_conv/gru_bin_version_axi_mem_intercon_imp_auto_pc_1_axi_protocol_converter_v2_1_37_a_axi3_conv/gru_bin_version_axi_mem_intercon_imp_auto_pc_1_axi_data_fifo_v2_1_36_axic_fifo_0/gru_bin_version_axi_mem_intercon_imp_auto_pc_1_axi_data_fifo_v2_1_36_fifo_gen/<hidden>/<hidden>/<hidden>/<hidden>/<hidden>/<hidden>
    SLICE_X39Y81         FDPE                                         f  gru_bin_version_wrapper/gru_bin_version/gru_bin_version_axi_mem_intercon_0/s01_couplers_imp_NNMS53/gru_bin_version_axi_mem_intercon_imp_auto_pc_1/gru_bin_version_axi_mem_intercon_imp_auto_pc_1_axi_protocol_converter_v2_1_37_axi_protocol_converter/gru_bin_version_axi_mem_intercon_imp_auto_pc_1_axi_protocol_converter_v2_1_37_axi3_conv/gru_bin_version_axi_mem_intercon_imp_auto_pc_1_axi_protocol_converter_v2_1_37_a_axi3_conv/gru_bin_version_axi_mem_intercon_imp_auto_pc_1_axi_data_fifo_v2_1_36_axic_fifo_0/gru_bin_version_axi_mem_intercon_imp_auto_pc_1_axi_data_fifo_v2_1_36_fifo_gen/<hidden>/<hidden>/<hidden>/<hidden>/<hidden>/<hidden>
  -------------------------------------------------------------------    -------------------

                         (clock clk_fpga_0 rise edge)
                                                      0.000     0.000 r  
    PS7_X0Y0             PS7                          0.000     0.000 r  gru_bin_version_i/processing_system7_0/inst/PS7_i/FCLKCLK[0]
                         net (fo=1, routed)           1.088     1.088    gru_bin_version_i/processing_system7_0/inst/FCLK_CLK_unbuffered[0]
    BUFGCTRL_X0Y16       BUFG (Prop_bufg_I_O)         0.091     1.179 r  gru_bin_version_i/processing_system7_0/inst/buffer_fclk_clk_0.FCLK_CLK_0_BUFG/O
                         net (fo=25495, routed)       1.469     2.648    gru_bin_version_wrapper/gru_bin_version/gru_bin_version_axi_mem_intercon_0/s01_couplers_imp_NNMS53/gru_bin_version_axi_mem_intercon_imp_auto_pc_1/gru_bin_version_axi_mem_intercon_imp_auto_pc_1_axi_protocol_converter_v2_1_37_axi_protocol_converter/gru_bin_version_axi_mem_intercon_imp_auto_pc_1_axi_protocol_converter_v2_1_37_axi3_conv/gru_bin_version_axi_mem_intercon_imp_auto_pc_1_axi_protocol_converter_v2_1_37_a_axi3_conv/gru_bin_version_axi_mem_intercon_imp_auto_pc_1_axi_data_fifo_v2_1_36_axic_fifo_0/gru_bin_version_axi_mem_intercon_imp_auto_pc_1_axi_data_fifo_v2_1_36_fifo_gen/<hidden>/<hidden>/<hidden>/<hidden>/<hidden>/<hidden>
    SLICE_X39Y81         FDPE                                         r  gru_bin_version_wrapper/gru_bin_version/gru_bin_version_axi_mem_intercon_0/s01_couplers_imp_NNMS53/gru_bin_version_axi_mem_intercon_imp_auto_pc_1/gru_bin_version_axi_mem_intercon_imp_auto_pc_1_axi_protocol_converter_v2_1_37_axi_protocol_converter/gru_bin_version_axi_mem_intercon_imp_auto_pc_1_axi_protocol_converter_v2_1_37_axi3_conv/gru_bin_version_axi_mem_intercon_imp_auto_pc_1_axi_protocol_converter_v2_1_37_a_axi3_conv/gru_bin_version_axi_mem_intercon_imp_auto_pc_1_axi_data_fifo_v2_1_36_axic_fifo_0/gru_bin_version_axi_mem_intercon_imp_auto_pc_1_axi_data_fifo_v2_1_36_fifo_gen/<hidden>/<hidden>/<hidden>/<hidden>/<hidden>/<hidden>

Slack:                    inf
  Source:                 gru_bin_version_i/rst_ps7_0_100M/U0/ACTIVE_LOW_PR_OUT_DFF[0].FDRE_PER_N/C
                            (rising edge-triggered cell FDRE clocked by clk_fpga_0  {rise@0.000ns fall@5.000ns period=10.000ns})
  Destination:            gru_bin_version_wrapper/gru_bin_version/gru_bin_version_axi_mem_intercon_0/s01_couplers_imp_NNMS53/gru_bin_version_axi_mem_intercon_imp_auto_pc_1/gru_bin_version_axi_mem_intercon_imp_auto_pc_1_axi_protocol_converter_v2_1_37_axi_protocol_converter/gru_bin_version_axi_mem_intercon_imp_auto_pc_1_axi_protocol_converter_v2_1_37_axi3_conv/gru_bin_version_axi_mem_intercon_imp_auto_pc_1_axi_protocol_converter_v2_1_37_a_axi3_conv/gru_bin_version_axi_mem_intercon_imp_auto_pc_1_axi_data_fifo_v2_1_36_axic_fifo/gru_bin_version_axi_mem_intercon_imp_auto_pc_1_axi_data_fifo_v2_1_36_fifo_gen_1/<hidden>/<hidden>/<hidden>/<hidden>/<hidden>/<hidden>
                            (recovery check against rising-edge clock clk_fpga_0  {rise@0.000ns fall@5.000ns period=10.000ns})
  Path Group:             (none)
  Path Type:              Recovery (Max at Slow Process Corner)
  Data Path Delay:        4.829ns  (logic 0.670ns (13.875%)  route 4.159ns (86.125%))
  Logic Levels:           1  (LUT1=1)
  Clock Path Skew:        -0.504ns (DCD - SCD + CPR)
    Destination Clock Delay (DCD):    2.692ns
    Source Clock Delay      (SCD):    3.196ns
    Clock Pessimism Removal (CPR):    0.000ns
  Clock Uncertainty:      0.154ns  ((TSJ^2 + TIJ^2)^1/2 + DJ) / 2 + PE
    Total System Jitter     (TSJ):    0.071ns
    Total Input Jitter      (TIJ):    0.300ns
    Discrete Jitter          (DJ):    0.000ns
    Phase Error              (PE):    0.000ns
  Timing Exception:       False Path

    Location             Delay type                Incr(ns)  Path(ns)    Netlist Resource(s)
  -------------------------------------------------------------------    -------------------
                         (clock clk_fpga_0 rise edge)
                                                      0.000     0.000 r  
    PS7_X0Y0             PS7                          0.000     0.000 r  gru_bin_version_i/processing_system7_0/inst/PS7_i/FCLKCLK[0]
                         net (fo=1, routed)           1.193     1.193    gru_bin_version_i/processing_system7_0/inst/FCLK_CLK_unbuffered[0]
    BUFGCTRL_X0Y16       BUFG (Prop_bufg_I_O)         0.101     1.294 r  gru_bin_version_i/processing_system7_0/inst/buffer_fclk_clk_0.FCLK_CLK_0_BUFG/O
                         net (fo=25495, routed)       1.902     3.196    gru_bin_version_i/rst_ps7_0_100M/U0/slowest_sync_clk
    SLICE_X54Y108        FDRE                                         r  gru_bin_version_i/rst_ps7_0_100M/U0/ACTIVE_LOW_PR_OUT_DFF[0].FDRE_PER_N/C
  -------------------------------------------------------------------    -------------------
    SLICE_X54Y108        FDRE (Prop_fdre_C_Q)         0.518     3.714 r  gru_bin_version_i/rst_ps7_0_100M/U0/ACTIVE_LOW_PR_OUT_DFF[0].FDRE_PER_N/Q
                         net (fo=26, routed)          2.976     6.690    gru_bin_version_i/axi_mem_intercon/s01_couplers/auto_pc/inst/gen_axi4_axi3.axi3_conv_inst/USE_WRITE.write_addr_inst/USE_BURSTS.cmd_queue/inst/aresetn
    SLICE_X29Y82         LUT1 (Prop_lut1_I0_O)        0.152     6.842 f  gru_bin_version_i/axi_mem_intercon/s01_couplers/auto_pc/inst/gen_axi4_axi3.axi3_conv_inst/USE_WRITE.write_addr_inst/USE_BURSTS.cmd_queue/inst/S_AXI_AREADY_I_i_1/O
                         net (fo=119, routed)         1.183     8.025    gru_bin_version_wrapper/gru_bin_version/gru_bin_version_axi_mem_intercon_0/s01_couplers_imp_NNMS53/gru_bin_version_axi_mem_intercon_imp_auto_pc_1/gru_bin_version_axi_mem_intercon_imp_auto_pc_1_axi_protocol_converter_v2_1_37_axi_protocol_converter/gru_bin_version_axi_mem_intercon_imp_auto_pc_1_axi_protocol_converter_v2_1_37_axi3_conv/gru_bin_version_axi_mem_intercon_imp_auto_pc_1_axi_protocol_converter_v2_1_37_a_axi3_conv/gru_bin_version_axi_mem_intercon_imp_auto_pc_1_axi_data_fifo_v2_1_36_axic_fifo/gru_bin_version_axi_mem_intercon_imp_auto_pc_1_axi_data_fifo_v2_1_36_fifo_gen_1/<hidden>/<hidden>/<hidden>/<hidden>/<hidden>/<hidden>
    SLICE_X30Y78         FDPE                                         f  gru_bin_version_wrapper/gru_bin_version/gru_bin_version_axi_mem_intercon_0/s01_couplers_imp_NNMS53/gru_bin_version_axi_mem_intercon_imp_auto_pc_1/gru_bin_version_axi_mem_intercon_imp_auto_pc_1_axi_protocol_converter_v2_1_37_axi_protocol_converter/gru_bin_version_axi_mem_intercon_imp_auto_pc_1_axi_protocol_converter_v2_1_37_axi3_conv/gru_bin_version_axi_mem_intercon_imp_auto_pc_1_axi_protocol_converter_v2_1_37_a_axi3_conv/gru_bin_version_axi_mem_intercon_imp_auto_pc_1_axi_data_fifo_v2_1_36_axic_fifo/gru_bin_version_axi_mem_intercon_imp_auto_pc_1_axi_data_fifo_v2_1_36_fifo_gen_1/<hidden>/<hidden>/<hidden>/<hidden>/<hidden>/<hidden>
  -------------------------------------------------------------------    -------------------

                         (clock clk_fpga_0 rise edge)
                                                      0.000     0.000 r  
    PS7_X0Y0             PS7                          0.000     0.000 r  gru_bin_version_i/processing_system7_0/inst/PS7_i/FCLKCLK[0]
                         net (fo=1, routed)           1.088     1.088    gru_bin_version_i/processing_system7_0/inst/FCLK_CLK_unbuffered[0]
    BUFGCTRL_X0Y16       BUFG (Prop_bufg_I_O)         0.091     1.179 r  gru_bin_version_i/processing_system7_0/inst/buffer_fclk_clk_0.FCLK_CLK_0_BUFG/O
                         net (fo=25495, routed)       1.513     2.692    gru_bin_version_wrapper/gru_bin_version/gru_bin_version_axi_mem_intercon_0/s01_couplers_imp_NNMS53/gru_bin_version_axi_mem_intercon_imp_auto_pc_1/gru_bin_version_axi_mem_intercon_imp_auto_pc_1_axi_protocol_converter_v2_1_37_axi_protocol_converter/gru_bin_version_axi_mem_intercon_imp_auto_pc_1_axi_protocol_converter_v2_1_37_axi3_conv/gru_bin_version_axi_mem_intercon_imp_auto_pc_1_axi_protocol_converter_v2_1_37_a_axi3_conv/gru_bin_version_axi_mem_intercon_imp_auto_pc_1_axi_data_fifo_v2_1_36_axic_fifo/gru_bin_version_axi_mem_intercon_imp_auto_pc_1_axi_data_fifo_v2_1_36_fifo_gen_1/<hidden>/<hidden>/<hidden>/<hidden>/<hidden>/<hidden>
    SLICE_X30Y78         FDPE                                         r  gru_bin_version_wrapper/gru_bin_version/gru_bin_version_axi_mem_intercon_0/s01_couplers_imp_NNMS53/gru_bin_version_axi_mem_intercon_imp_auto_pc_1/gru_bin_version_axi_mem_intercon_imp_auto_pc_1_axi_protocol_converter_v2_1_37_axi_protocol_converter/gru_bin_version_axi_mem_intercon_imp_auto_pc_1_axi_protocol_converter_v2_1_37_axi3_conv/gru_bin_version_axi_mem_intercon_imp_auto_pc_1_axi_protocol_converter_v2_1_37_a_axi3_conv/gru_bin_version_axi_mem_intercon_imp_auto_pc_1_axi_data_fifo_v2_1_36_axic_fifo/gru_bin_version_axi_mem_intercon_imp_auto_pc_1_axi_data_fifo_v2_1_36_fifo_gen_1/<hidden>/<hidden>/<hidden>/<hidden>/<hidden>/<hidden>

Slack:                    inf
  Source:                 gru_bin_version_i/rst_ps7_0_100M/U0/ACTIVE_LOW_PR_OUT_DFF[0].FDRE_PER_N/C
                            (rising edge-triggered cell FDRE clocked by clk_fpga_0  {rise@0.000ns fall@5.000ns period=10.000ns})
  Destination:            gru_bin_version_wrapper/gru_bin_version/gru_bin_version_axi_mem_intercon_0/s01_couplers_imp_NNMS53/gru_bin_version_axi_mem_intercon_imp_auto_pc_1/gru_bin_version_axi_mem_intercon_imp_auto_pc_1_axi_protocol_converter_v2_1_37_axi_protocol_converter/gru_bin_version_axi_mem_intercon_imp_auto_pc_1_axi_protocol_converter_v2_1_37_axi3_conv/gru_bin_version_axi_mem_intercon_imp_auto_pc_1_axi_protocol_converter_v2_1_37_a_axi3_conv/gru_bin_version_axi_mem_intercon_imp_auto_pc_1_axi_data_fifo_v2_1_36_axic_fifo/gru_bin_version_axi_mem_intercon_imp_auto_pc_1_axi_data_fifo_v2_1_36_fifo_gen_1/<hidden>/<hidden>/<hidden>/<hidden>/<hidden>/<hidden>
                            (recovery check against rising-edge clock clk_fpga_0  {rise@0.000ns fall@5.000ns period=10.000ns})
  Path Group:             (none)
  Path Type:              Recovery (Max at Slow Process Corner)
  Data Path Delay:        4.829ns  (logic 0.670ns (13.875%)  route 4.159ns (86.125%))
  Logic Levels:           1  (LUT1=1)
  Clock Path Skew:        -0.504ns (DCD - SCD + CPR)
    Destination Clock Delay (DCD):    2.692ns
    Source Clock Delay      (SCD):    3.196ns
    Clock Pessimism Removal (CPR):    0.000ns
  Clock Uncertainty:      0.154ns  ((TSJ^2 + TIJ^2)^1/2 + DJ) / 2 + PE
    Total System Jitter     (TSJ):    0.071ns
    Total Input Jitter      (TIJ):    0.300ns
    Discrete Jitter          (DJ):    0.000ns
    Phase Error              (PE):    0.000ns
  Timing Exception:       False Path

    Location             Delay type                Incr(ns)  Path(ns)    Netlist Resource(s)
  -------------------------------------------------------------------    -------------------
                         (clock clk_fpga_0 rise edge)
                                                      0.000     0.000 r  
    PS7_X0Y0             PS7                          0.000     0.000 r  gru_bin_version_i/processing_system7_0/inst/PS7_i/FCLKCLK[0]
                         net (fo=1, routed)           1.193     1.193    gru_bin_version_i/processing_system7_0/inst/FCLK_CLK_unbuffered[0]
    BUFGCTRL_X0Y16       BUFG (Prop_bufg_I_O)         0.101     1.294 r  gru_bin_version_i/processing_system7_0/inst/buffer_fclk_clk_0.FCLK_CLK_0_BUFG/O
                         net (fo=25495, routed)       1.902     3.196    gru_bin_version_i/rst_ps7_0_100M/U0/slowest_sync_clk
    SLICE_X54Y108        FDRE                                         r  gru_bin_version_i/rst_ps7_0_100M/U0/ACTIVE_LOW_PR_OUT_DFF[0].FDRE_PER_N/C
  -------------------------------------------------------------------    -------------------
    SLICE_X54Y108        FDRE (Prop_fdre_C_Q)         0.518     3.714 r  gru_bin_version_i/rst_ps7_0_100M/U0/ACTIVE_LOW_PR_OUT_DFF[0].FDRE_PER_N/Q
                         net (fo=26, routed)          2.976     6.690    gru_bin_version_i/axi_mem_intercon/s01_couplers/auto_pc/inst/gen_axi4_axi3.axi3_conv_inst/USE_WRITE.write_addr_inst/USE_BURSTS.cmd_queue/inst/aresetn
    SLICE_X29Y82         LUT1 (Prop_lut1_I0_O)        0.152     6.842 f  gru_bin_version_i/axi_mem_intercon/s01_couplers/auto_pc/inst/gen_axi4_axi3.axi3_conv_inst/USE_WRITE.write_addr_inst/USE_BURSTS.cmd_queue/inst/S_AXI_AREADY_I_i_1/O
                         net (fo=119, routed)         1.183     8.025    gru_bin_version_wrapper/gru_bin_version/gru_bin_version_axi_mem_intercon_0/s01_couplers_imp_NNMS53/gru_bin_version_axi_mem_intercon_imp_auto_pc_1/gru_bin_version_axi_mem_intercon_imp_auto_pc_1_axi_protocol_converter_v2_1_37_axi_protocol_converter/gru_bin_version_axi_mem_intercon_imp_auto_pc_1_axi_protocol_converter_v2_1_37_axi3_conv/gru_bin_version_axi_mem_intercon_imp_auto_pc_1_axi_protocol_converter_v2_1_37_a_axi3_conv/gru_bin_version_axi_mem_intercon_imp_auto_pc_1_axi_data_fifo_v2_1_36_axic_fifo/gru_bin_version_axi_mem_intercon_imp_auto_pc_1_axi_data_fifo_v2_1_36_fifo_gen_1/<hidden>/<hidden>/<hidden>/<hidden>/<hidden>/<hidden>
    SLICE_X30Y78         FDPE                                         f  gru_bin_version_wrapper/gru_bin_version/gru_bin_version_axi_mem_intercon_0/s01_couplers_imp_NNMS53/gru_bin_version_axi_mem_intercon_imp_auto_pc_1/gru_bin_version_axi_mem_intercon_imp_auto_pc_1_axi_protocol_converter_v2_1_37_axi_protocol_converter/gru_bin_version_axi_mem_intercon_imp_auto_pc_1_axi_protocol_converter_v2_1_37_axi3_conv/gru_bin_version_axi_mem_intercon_imp_auto_pc_1_axi_protocol_converter_v2_1_37_a_axi3_conv/gru_bin_version_axi_mem_intercon_imp_auto_pc_1_axi_data_fifo_v2_1_36_axic_fifo/gru_bin_version_axi_mem_intercon_imp_auto_pc_1_axi_data_fifo_v2_1_36_fifo_gen_1/<hidden>/<hidden>/<hidden>/<hidden>/<hidden>/<hidden>
  -------------------------------------------------------------------    -------------------

                         (clock clk_fpga_0 rise edge)
                                                      0.000     0.000 r  
    PS7_X0Y0             PS7                          0.000     0.000 r  gru_bin_version_i/processing_system7_0/inst/PS7_i/FCLKCLK[0]
                         net (fo=1, routed)           1.088     1.088    gru_bin_version_i/processing_system7_0/inst/FCLK_CLK_unbuffered[0]
    BUFGCTRL_X0Y16       BUFG (Prop_bufg_I_O)         0.091     1.179 r  gru_bin_version_i/processing_system7_0/inst/buffer_fclk_clk_0.FCLK_CLK_0_BUFG/O
                         net (fo=25495, routed)       1.513     2.692    gru_bin_version_wrapper/gru_bin_version/gru_bin_version_axi_mem_intercon_0/s01_couplers_imp_NNMS53/gru_bin_version_axi_mem_intercon_imp_auto_pc_1/gru_bin_version_axi_mem_intercon_imp_auto_pc_1_axi_protocol_converter_v2_1_37_axi_protocol_converter/gru_bin_version_axi_mem_intercon_imp_auto_pc_1_axi_protocol_converter_v2_1_37_axi3_conv/gru_bin_version_axi_mem_intercon_imp_auto_pc_1_axi_protocol_converter_v2_1_37_a_axi3_conv/gru_bin_version_axi_mem_intercon_imp_auto_pc_1_axi_data_fifo_v2_1_36_axic_fifo/gru_bin_version_axi_mem_intercon_imp_auto_pc_1_axi_data_fifo_v2_1_36_fifo_gen_1/<hidden>/<hidden>/<hidden>/<hidden>/<hidden>/<hidden>
    SLICE_X30Y78         FDPE                                         r  gru_bin_version_wrapper/gru_bin_version/gru_bin_version_axi_mem_intercon_0/s01_couplers_imp_NNMS53/gru_bin_version_axi_mem_intercon_imp_auto_pc_1/gru_bin_version_axi_mem_intercon_imp_auto_pc_1_axi_protocol_converter_v2_1_37_axi_protocol_converter/gru_bin_version_axi_mem_intercon_imp_auto_pc_1_axi_protocol_converter_v2_1_37_axi3_conv/gru_bin_version_axi_mem_intercon_imp_auto_pc_1_axi_protocol_converter_v2_1_37_a_axi3_conv/gru_bin_version_axi_mem_intercon_imp_auto_pc_1_axi_data_fifo_v2_1_36_axic_fifo/gru_bin_version_axi_mem_intercon_imp_auto_pc_1_axi_data_fifo_v2_1_36_fifo_gen_1/<hidden>/<hidden>/<hidden>/<hidden>/<hidden>/<hidden>

Slack:                    inf
  Source:                 gru_bin_version_i/rst_ps7_0_100M/U0/ACTIVE_LOW_PR_OUT_DFF[0].FDRE_PER_N/C
                            (rising edge-triggered cell FDRE clocked by clk_fpga_0  {rise@0.000ns fall@5.000ns period=10.000ns})
  Destination:            gru_bin_version_wrapper/gru_bin_version/gru_bin_version_axi_mem_intercon_0/s00_couplers_imp_1UT69KP/gru_bin_version_axi_mem_intercon_imp_auto_pc_0/gru_bin_version_axi_mem_intercon_imp_auto_pc_0_axi_protocol_converter_v2_1_37_axi_protocol_converter/gru_bin_version_axi_mem_intercon_imp_auto_pc_0_axi_protocol_converter_v2_1_37_axi3_conv/gru_bin_version_axi_mem_intercon_imp_auto_pc_0_axi_protocol_converter_v2_1_37_a_axi3_conv/gru_bin_version_axi_mem_intercon_imp_auto_pc_0_axi_data_fifo_v2_1_36_axic_fifo/gru_bin_version_axi_mem_intercon_imp_auto_pc_0_axi_data_fifo_v2_1_36_fifo_gen/<hidden>/<hidden>/<hidden>/<hidden>/<hidden>/<hidden>
                            (recovery check against rising-edge clock clk_fpga_0  {rise@0.000ns fall@5.000ns period=10.000ns})
  Path Group:             (none)
  Path Type:              Recovery (Max at Slow Process Corner)
  Data Path Delay:        4.597ns  (logic 0.642ns (13.966%)  route 3.955ns (86.034%))
  Logic Levels:           1  (LUT1=1)
  Clock Path Skew:        -0.553ns (DCD - SCD + CPR)
    Destination Clock Delay (DCD):    2.643ns
    Source Clock Delay      (SCD):    3.196ns
    Clock Pessimism Removal (CPR):    0.000ns
  Clock Uncertainty:      0.154ns  ((TSJ^2 + TIJ^2)^1/2 + DJ) / 2 + PE
    Total System Jitter     (TSJ):    0.071ns
    Total Input Jitter      (TIJ):    0.300ns
    Discrete Jitter          (DJ):    0.000ns
    Phase Error              (PE):    0.000ns
  Timing Exception:       False Path

    Location             Delay type                Incr(ns)  Path(ns)    Netlist Resource(s)
  -------------------------------------------------------------------    -------------------
                         (clock clk_fpga_0 rise edge)
                                                      0.000     0.000 r  
    PS7_X0Y0             PS7                          0.000     0.000 r  gru_bin_version_i/processing_system7_0/inst/PS7_i/FCLKCLK[0]
                         net (fo=1, routed)           1.193     1.193    gru_bin_version_i/processing_system7_0/inst/FCLK_CLK_unbuffered[0]
    BUFGCTRL_X0Y16       BUFG (Prop_bufg_I_O)         0.101     1.294 r  gru_bin_version_i/processing_system7_0/inst/buffer_fclk_clk_0.FCLK_CLK_0_BUFG/O
                         net (fo=25495, routed)       1.902     3.196    gru_bin_version_i/rst_ps7_0_100M/U0/slowest_sync_clk
    SLICE_X54Y108        FDRE                                         r  gru_bin_version_i/rst_ps7_0_100M/U0/ACTIVE_LOW_PR_OUT_DFF[0].FDRE_PER_N/C
  -------------------------------------------------------------------    -------------------
    SLICE_X54Y108        FDRE (Prop_fdre_C_Q)         0.518     3.714 r  gru_bin_version_i/rst_ps7_0_100M/U0/ACTIVE_LOW_PR_OUT_DFF[0].FDRE_PER_N/Q
                         net (fo=26, routed)          3.171     6.885    gru_bin_version_i/axi_mem_intercon/s00_couplers/auto_pc/inst/gen_axi4_axi3.axi3_conv_inst/USE_READ.USE_SPLIT_R.read_addr_inst/USE_R_CHANNEL.cmd_queue/inst/aresetn
    SLICE_X35Y74         LUT1 (Prop_lut1_I0_O)        0.124     7.009 f  gru_bin_version_i/axi_mem_intercon/s00_couplers/auto_pc/inst/gen_axi4_axi3.axi3_conv_inst/USE_READ.USE_SPLIT_R.read_addr_inst/USE_R_CHANNEL.cmd_queue/inst/S_AXI_ASIZE_Q[2]_i_1/O
                         net (fo=44, routed)          0.784     7.793    gru_bin_version_wrapper/gru_bin_version/gru_bin_version_axi_mem_intercon_0/s00_couplers_imp_1UT69KP/gru_bin_version_axi_mem_intercon_imp_auto_pc_0/gru_bin_version_axi_mem_intercon_imp_auto_pc_0_axi_protocol_converter_v2_1_37_axi_protocol_converter/gru_bin_version_axi_mem_intercon_imp_auto_pc_0_axi_protocol_converter_v2_1_37_axi3_conv/gru_bin_version_axi_mem_intercon_imp_auto_pc_0_axi_protocol_converter_v2_1_37_a_axi3_conv/gru_bin_version_axi_mem_intercon_imp_auto_pc_0_axi_data_fifo_v2_1_36_axic_fifo/gru_bin_version_axi_mem_intercon_imp_auto_pc_0_axi_data_fifo_v2_1_36_fifo_gen/<hidden>/<hidden>/<hidden>/<hidden>/<hidden>/<hidden>
    SLICE_X47Y77         FDPE                                         f  gru_bin_version_wrapper/gru_bin_version/gru_bin_version_axi_mem_intercon_0/s00_couplers_imp_1UT69KP/gru_bin_version_axi_mem_intercon_imp_auto_pc_0/gru_bin_version_axi_mem_intercon_imp_auto_pc_0_axi_protocol_converter_v2_1_37_axi_protocol_converter/gru_bin_version_axi_mem_intercon_imp_auto_pc_0_axi_protocol_converter_v2_1_37_axi3_conv/gru_bin_version_axi_mem_intercon_imp_auto_pc_0_axi_protocol_converter_v2_1_37_a_axi3_conv/gru_bin_version_axi_mem_intercon_imp_auto_pc_0_axi_data_fifo_v2_1_36_axic_fifo/gru_bin_version_axi_mem_intercon_imp_auto_pc_0_axi_data_fifo_v2_1_36_fifo_gen/<hidden>/<hidden>/<hidden>/<hidden>/<hidden>/<hidden>
  -------------------------------------------------------------------    -------------------

                         (clock clk_fpga_0 rise edge)
                                                      0.000     0.000 r  
    PS7_X0Y0             PS7                          0.000     0.000 r  gru_bin_version_i/processing_system7_0/inst/PS7_i/FCLKCLK[0]
                         net (fo=1, routed)           1.088     1.088    gru_bin_version_i/processing_system7_0/inst/FCLK_CLK_unbuffered[0]
    BUFGCTRL_X0Y16       BUFG (Prop_bufg_I_O)         0.091     1.179 r  gru_bin_version_i/processing_system7_0/inst/buffer_fclk_clk_0.FCLK_CLK_0_BUFG/O
                         net (fo=25495, routed)       1.464     2.643    gru_bin_version_wrapper/gru_bin_version/gru_bin_version_axi_mem_intercon_0/s00_couplers_imp_1UT69KP/gru_bin_version_axi_mem_intercon_imp_auto_pc_0/gru_bin_version_axi_mem_intercon_imp_auto_pc_0_axi_protocol_converter_v2_1_37_axi_protocol_converter/gru_bin_version_axi_mem_intercon_imp_auto_pc_0_axi_protocol_converter_v2_1_37_axi3_conv/gru_bin_version_axi_mem_intercon_imp_auto_pc_0_axi_protocol_converter_v2_1_37_a_axi3_conv/gru_bin_version_axi_mem_intercon_imp_auto_pc_0_axi_data_fifo_v2_1_36_axic_fifo/gru_bin_version_axi_mem_intercon_imp_auto_pc_0_axi_data_fifo_v2_1_36_fifo_gen/<hidden>/<hidden>/<hidden>/<hidden>/<hidden>/<hidden>
    SLICE_X47Y77         FDPE                                         r  gru_bin_version_wrapper/gru_bin_version/gru_bin_version_axi_mem_intercon_0/s00_couplers_imp_1UT69KP/gru_bin_version_axi_mem_intercon_imp_auto_pc_0/gru_bin_version_axi_mem_intercon_imp_auto_pc_0_axi_protocol_converter_v2_1_37_axi_protocol_converter/gru_bin_version_axi_mem_intercon_imp_auto_pc_0_axi_protocol_converter_v2_1_37_axi3_conv/gru_bin_version_axi_mem_intercon_imp_auto_pc_0_axi_protocol_converter_v2_1_37_a_axi3_conv/gru_bin_version_axi_mem_intercon_imp_auto_pc_0_axi_data_fifo_v2_1_36_axic_fifo/gru_bin_version_axi_mem_intercon_imp_auto_pc_0_axi_data_fifo_v2_1_36_fifo_gen/<hidden>/<hidden>/<hidden>/<hidden>/<hidden>/<hidden>

Slack:                    inf
  Source:                 gru_bin_version_i/rst_ps7_0_100M/U0/ACTIVE_LOW_PR_OUT_DFF[0].FDRE_PER_N/C
                            (rising edge-triggered cell FDRE clocked by clk_fpga_0  {rise@0.000ns fall@5.000ns period=10.000ns})
  Destination:            gru_bin_version_wrapper/gru_bin_version/gru_bin_version_axi_mem_intercon_0/s00_couplers_imp_1UT69KP/gru_bin_version_axi_mem_intercon_imp_auto_pc_0/gru_bin_version_axi_mem_intercon_imp_auto_pc_0_axi_protocol_converter_v2_1_37_axi_protocol_converter/gru_bin_version_axi_mem_intercon_imp_auto_pc_0_axi_protocol_converter_v2_1_37_axi3_conv/gru_bin_version_axi_mem_intercon_imp_auto_pc_0_axi_protocol_converter_v2_1_37_a_axi3_conv/gru_bin_version_axi_mem_intercon_imp_auto_pc_0_axi_data_fifo_v2_1_36_axic_fifo/gru_bin_version_axi_mem_intercon_imp_auto_pc_0_axi_data_fifo_v2_1_36_fifo_gen/<hidden>/<hidden>/<hidden>/<hidden>/<hidden>/<hidden>
                            (recovery check against rising-edge clock clk_fpga_0  {rise@0.000ns fall@5.000ns period=10.000ns})
  Path Group:             (none)
  Path Type:              Recovery (Max at Slow Process Corner)
  Data Path Delay:        4.597ns  (logic 0.642ns (13.966%)  route 3.955ns (86.034%))
  Logic Levels:           1  (LUT1=1)
  Clock Path Skew:        -0.553ns (DCD - SCD + CPR)
    Destination Clock Delay (DCD):    2.643ns
    Source Clock Delay      (SCD):    3.196ns
    Clock Pessimism Removal (CPR):    0.000ns
  Clock Uncertainty:      0.154ns  ((TSJ^2 + TIJ^2)^1/2 + DJ) / 2 + PE
    Total System Jitter     (TSJ):    0.071ns
    Total Input Jitter      (TIJ):    0.300ns
    Discrete Jitter          (DJ):    0.000ns
    Phase Error              (PE):    0.000ns
  Timing Exception:       False Path

    Location             Delay type                Incr(ns)  Path(ns)    Netlist Resource(s)
  -------------------------------------------------------------------    -------------------
                         (clock clk_fpga_0 rise edge)
                                                      0.000     0.000 r  
    PS7_X0Y0             PS7                          0.000     0.000 r  gru_bin_version_i/processing_system7_0/inst/PS7_i/FCLKCLK[0]
                         net (fo=1, routed)           1.193     1.193    gru_bin_version_i/processing_system7_0/inst/FCLK_CLK_unbuffered[0]
    BUFGCTRL_X0Y16       BUFG (Prop_bufg_I_O)         0.101     1.294 r  gru_bin_version_i/processing_system7_0/inst/buffer_fclk_clk_0.FCLK_CLK_0_BUFG/O
                         net (fo=25495, routed)       1.902     3.196    gru_bin_version_i/rst_ps7_0_100M/U0/slowest_sync_clk
    SLICE_X54Y108        FDRE                                         r  gru_bin_version_i/rst_ps7_0_100M/U0/ACTIVE_LOW_PR_OUT_DFF[0].FDRE_PER_N/C
  -------------------------------------------------------------------    -------------------
    SLICE_X54Y108        FDRE (Prop_fdre_C_Q)         0.518     3.714 r  gru_bin_version_i/rst_ps7_0_100M/U0/ACTIVE_LOW_PR_OUT_DFF[0].FDRE_PER_N/Q
                         net (fo=26, routed)          3.171     6.885    gru_bin_version_i/axi_mem_intercon/s00_couplers/auto_pc/inst/gen_axi4_axi3.axi3_conv_inst/USE_READ.USE_SPLIT_R.read_addr_inst/USE_R_CHANNEL.cmd_queue/inst/aresetn
    SLICE_X35Y74         LUT1 (Prop_lut1_I0_O)        0.124     7.009 f  gru_bin_version_i/axi_mem_intercon/s00_couplers/auto_pc/inst/gen_axi4_axi3.axi3_conv_inst/USE_READ.USE_SPLIT_R.read_addr_inst/USE_R_CHANNEL.cmd_queue/inst/S_AXI_ASIZE_Q[2]_i_1/O
                         net (fo=44, routed)          0.784     7.793    gru_bin_version_wrapper/gru_bin_version/gru_bin_version_axi_mem_intercon_0/s00_couplers_imp_1UT69KP/gru_bin_version_axi_mem_intercon_imp_auto_pc_0/gru_bin_version_axi_mem_intercon_imp_auto_pc_0_axi_protocol_converter_v2_1_37_axi_protocol_converter/gru_bin_version_axi_mem_intercon_imp_auto_pc_0_axi_protocol_converter_v2_1_37_axi3_conv/gru_bin_version_axi_mem_intercon_imp_auto_pc_0_axi_protocol_converter_v2_1_37_a_axi3_conv/gru_bin_version_axi_mem_intercon_imp_auto_pc_0_axi_data_fifo_v2_1_36_axic_fifo/gru_bin_version_axi_mem_intercon_imp_auto_pc_0_axi_data_fifo_v2_1_36_fifo_gen/<hidden>/<hidden>/<hidden>/<hidden>/<hidden>/<hidden>
    SLICE_X47Y77         FDPE                                         f  gru_bin_version_wrapper/gru_bin_version/gru_bin_version_axi_mem_intercon_0/s00_couplers_imp_1UT69KP/gru_bin_version_axi_mem_intercon_imp_auto_pc_0/gru_bin_version_axi_mem_intercon_imp_auto_pc_0_axi_protocol_converter_v2_1_37_axi_protocol_converter/gru_bin_version_axi_mem_intercon_imp_auto_pc_0_axi_protocol_converter_v2_1_37_axi3_conv/gru_bin_version_axi_mem_intercon_imp_auto_pc_0_axi_protocol_converter_v2_1_37_a_axi3_conv/gru_bin_version_axi_mem_intercon_imp_auto_pc_0_axi_data_fifo_v2_1_36_axic_fifo/gru_bin_version_axi_mem_intercon_imp_auto_pc_0_axi_data_fifo_v2_1_36_fifo_gen/<hidden>/<hidden>/<hidden>/<hidden>/<hidden>/<hidden>
  -------------------------------------------------------------------    -------------------

                         (clock clk_fpga_0 rise edge)
                                                      0.000     0.000 r  
    PS7_X0Y0             PS7                          0.000     0.000 r  gru_bin_version_i/processing_system7_0/inst/PS7_i/FCLKCLK[0]
                         net (fo=1, routed)           1.088     1.088    gru_bin_version_i/processing_system7_0/inst/FCLK_CLK_unbuffered[0]
    BUFGCTRL_X0Y16       BUFG (Prop_bufg_I_O)         0.091     1.179 r  gru_bin_version_i/processing_system7_0/inst/buffer_fclk_clk_0.FCLK_CLK_0_BUFG/O
                         net (fo=25495, routed)       1.464     2.643    gru_bin_version_wrapper/gru_bin_version/gru_bin_version_axi_mem_intercon_0/s00_couplers_imp_1UT69KP/gru_bin_version_axi_mem_intercon_imp_auto_pc_0/gru_bin_version_axi_mem_intercon_imp_auto_pc_0_axi_protocol_converter_v2_1_37_axi_protocol_converter/gru_bin_version_axi_mem_intercon_imp_auto_pc_0_axi_protocol_converter_v2_1_37_axi3_conv/gru_bin_version_axi_mem_intercon_imp_auto_pc_0_axi_protocol_converter_v2_1_37_a_axi3_conv/gru_bin_version_axi_mem_intercon_imp_auto_pc_0_axi_data_fifo_v2_1_36_axic_fifo/gru_bin_version_axi_mem_intercon_imp_auto_pc_0_axi_data_fifo_v2_1_36_fifo_gen/<hidden>/<hidden>/<hidden>/<hidden>/<hidden>/<hidden>
    SLICE_X47Y77         FDPE                                         r  gru_bin_version_wrapper/gru_bin_version/gru_bin_version_axi_mem_intercon_0/s00_couplers_imp_1UT69KP/gru_bin_version_axi_mem_intercon_imp_auto_pc_0/gru_bin_version_axi_mem_intercon_imp_auto_pc_0_axi_protocol_converter_v2_1_37_axi_protocol_converter/gru_bin_version_axi_mem_intercon_imp_auto_pc_0_axi_protocol_converter_v2_1_37_axi3_conv/gru_bin_version_axi_mem_intercon_imp_auto_pc_0_axi_protocol_converter_v2_1_37_a_axi3_conv/gru_bin_version_axi_mem_intercon_imp_auto_pc_0_axi_data_fifo_v2_1_36_axic_fifo/gru_bin_version_axi_mem_intercon_imp_auto_pc_0_axi_data_fifo_v2_1_36_fifo_gen/<hidden>/<hidden>/<hidden>/<hidden>/<hidden>/<hidden>

Slack:                    inf
  Source:                 gru_bin_version_i/axi_smc/inst/clk_map/psr_aclk/U0/ACTIVE_LOW_BSR_OUT_DFF[0].FDRE_BSR_N/C
                            (rising edge-triggered cell FDRE clocked by clk_fpga_0  {rise@0.000ns fall@5.000ns period=10.000ns})
  Destination:            gru_bin_version_i/axi_smc/inst/switchboards/i_nodes/i_r_node/inst/s_sc_xpm_cdc_async_rst_inst/arststages_ff_reg[0]/CLR
                            (recovery check against rising-edge clock clk_fpga_0  {rise@0.000ns fall@5.000ns period=10.000ns})
  Path Group:             (none)
  Path Type:              Recovery (Max at Slow Process Corner)
  Data Path Delay:        3.091ns  (logic 0.580ns (18.763%)  route 2.511ns (81.237%))
  Logic Levels:           1  (LUT1=1)
  Clock Path Skew:        -0.313ns (DCD - SCD + CPR)
    Destination Clock Delay (DCD):    2.819ns
    Source Clock Delay      (SCD):    3.132ns
    Clock Pessimism Removal (CPR):    0.000ns
  Clock Uncertainty:      0.154ns  ((TSJ^2 + TIJ^2)^1/2 + DJ) / 2 + PE
    Total System Jitter     (TSJ):    0.071ns
    Total Input Jitter      (TIJ):    0.300ns
    Discrete Jitter          (DJ):    0.000ns
    Phase Error              (PE):    0.000ns
  Timing Exception:       False Path

    Location             Delay type                Incr(ns)  Path(ns)    Netlist Resource(s)
  -------------------------------------------------------------------    -------------------
                         (clock clk_fpga_0 rise edge)
                                                      0.000     0.000 r  
    PS7_X0Y0             PS7                          0.000     0.000 r  gru_bin_version_i/processing_system7_0/inst/PS7_i/FCLKCLK[0]
                         net (fo=1, routed)           1.193     1.193    gru_bin_version_i/processing_system7_0/inst/FCLK_CLK_unbuffered[0]
    BUFGCTRL_X0Y16       BUFG (Prop_bufg_I_O)         0.101     1.294 r  gru_bin_version_i/processing_system7_0/inst/buffer_fclk_clk_0.FCLK_CLK_0_BUFG/O
                         net (fo=25495, routed)       1.838     3.132    gru_bin_version_i/axi_smc/inst/clk_map/psr_aclk/U0/aclk
    SLICE_X47Y114        FDRE                                         r  gru_bin_version_i/axi_smc/inst/clk_map/psr_aclk/U0/ACTIVE_LOW_BSR_OUT_DFF[0].FDRE_BSR_N/C
  -------------------------------------------------------------------    -------------------
    SLICE_X47Y114        FDRE (Prop_fdre_C_Q)         0.456     3.588 r  gru_bin_version_i/axi_smc/inst/clk_map/psr_aclk/U0/ACTIVE_LOW_BSR_OUT_DFF[0].FDRE_BSR_N/Q
                         net (fo=25, routed)          1.894     5.482    gru_bin_version_i/axi_smc/inst/switchboards/i_nodes/i_r_node/inst/s_sc_xpm_cdc_async_rst_inst/src_arst
    SLICE_X52Y104        LUT1 (Prop_lut1_I0_O)        0.124     5.606 f  gru_bin_version_i/axi_smc/inst/switchboards/i_nodes/i_r_node/inst/s_sc_xpm_cdc_async_rst_inst/arststages_ff[2]_i_1/O
                         net (fo=3, routed)           0.618     6.223    gru_bin_version_i/axi_smc/inst/switchboards/i_nodes/i_r_node/inst/s_sc_xpm_cdc_async_rst_inst/reset_pol
    SLICE_X52Y104        FDCE                                         f  gru_bin_version_i/axi_smc/inst/switchboards/i_nodes/i_r_node/inst/s_sc_xpm_cdc_async_rst_inst/arststages_ff_reg[0]/CLR
  -------------------------------------------------------------------    -------------------

                         (clock clk_fpga_0 rise edge)
                                                      0.000     0.000 r  
    PS7_X0Y0             PS7                          0.000     0.000 r  gru_bin_version_i/processing_system7_0/inst/PS7_i/FCLKCLK[0]
                         net (fo=1, routed)           1.088     1.088    gru_bin_version_i/processing_system7_0/inst/FCLK_CLK_unbuffered[0]
    BUFGCTRL_X0Y16       BUFG (Prop_bufg_I_O)         0.091     1.179 r  gru_bin_version_i/processing_system7_0/inst/buffer_fclk_clk_0.FCLK_CLK_0_BUFG/O
                         net (fo=25495, routed)       1.640     2.819    gru_bin_version_i/axi_smc/inst/switchboards/i_nodes/i_r_node/inst/s_sc_xpm_cdc_async_rst_inst/dest_clk
    SLICE_X52Y104        FDCE                                         r  gru_bin_version_i/axi_smc/inst/switchboards/i_nodes/i_r_node/inst/s_sc_xpm_cdc_async_rst_inst/arststages_ff_reg[0]/C

Slack:                    inf
  Source:                 gru_bin_version_i/axi_smc/inst/clk_map/psr_aclk/U0/ACTIVE_LOW_BSR_OUT_DFF[0].FDRE_BSR_N/C
                            (rising edge-triggered cell FDRE clocked by clk_fpga_0  {rise@0.000ns fall@5.000ns period=10.000ns})
  Destination:            gru_bin_version_i/axi_smc/inst/switchboards/i_nodes/i_r_node/inst/s_sc_xpm_cdc_async_rst_inst/arststages_ff_reg[1]/CLR
                            (recovery check against rising-edge clock clk_fpga_0  {rise@0.000ns fall@5.000ns period=10.000ns})
  Path Group:             (none)
  Path Type:              Recovery (Max at Slow Process Corner)
  Data Path Delay:        3.091ns  (logic 0.580ns (18.763%)  route 2.511ns (81.237%))
  Logic Levels:           1  (LUT1=1)
  Clock Path Skew:        -0.313ns (DCD - SCD + CPR)
    Destination Clock Delay (DCD):    2.819ns
    Source Clock Delay      (SCD):    3.132ns
    Clock Pessimism Removal (CPR):    0.000ns
  Clock Uncertainty:      0.154ns  ((TSJ^2 + TIJ^2)^1/2 + DJ) / 2 + PE
    Total System Jitter     (TSJ):    0.071ns
    Total Input Jitter      (TIJ):    0.300ns
    Discrete Jitter          (DJ):    0.000ns
    Phase Error              (PE):    0.000ns
  Timing Exception:       False Path

    Location             Delay type                Incr(ns)  Path(ns)    Netlist Resource(s)
  -------------------------------------------------------------------    -------------------
                         (clock clk_fpga_0 rise edge)
                                                      0.000     0.000 r  
    PS7_X0Y0             PS7                          0.000     0.000 r  gru_bin_version_i/processing_system7_0/inst/PS7_i/FCLKCLK[0]
                         net (fo=1, routed)           1.193     1.193    gru_bin_version_i/processing_system7_0/inst/FCLK_CLK_unbuffered[0]
    BUFGCTRL_X0Y16       BUFG (Prop_bufg_I_O)         0.101     1.294 r  gru_bin_version_i/processing_system7_0/inst/buffer_fclk_clk_0.FCLK_CLK_0_BUFG/O
                         net (fo=25495, routed)       1.838     3.132    gru_bin_version_i/axi_smc/inst/clk_map/psr_aclk/U0/aclk
    SLICE_X47Y114        FDRE                                         r  gru_bin_version_i/axi_smc/inst/clk_map/psr_aclk/U0/ACTIVE_LOW_BSR_OUT_DFF[0].FDRE_BSR_N/C
  -------------------------------------------------------------------    -------------------
    SLICE_X47Y114        FDRE (Prop_fdre_C_Q)         0.456     3.588 r  gru_bin_version_i/axi_smc/inst/clk_map/psr_aclk/U0/ACTIVE_LOW_BSR_OUT_DFF[0].FDRE_BSR_N/Q
                         net (fo=25, routed)          1.894     5.482    gru_bin_version_i/axi_smc/inst/switchboards/i_nodes/i_r_node/inst/s_sc_xpm_cdc_async_rst_inst/src_arst
    SLICE_X52Y104        LUT1 (Prop_lut1_I0_O)        0.124     5.606 f  gru_bin_version_i/axi_smc/inst/switchboards/i_nodes/i_r_node/inst/s_sc_xpm_cdc_async_rst_inst/arststages_ff[2]_i_1/O
                         net (fo=3, routed)           0.618     6.223    gru_bin_version_i/axi_smc/inst/switchboards/i_nodes/i_r_node/inst/s_sc_xpm_cdc_async_rst_inst/reset_pol
    SLICE_X52Y104        FDCE                                         f  gru_bin_version_i/axi_smc/inst/switchboards/i_nodes/i_r_node/inst/s_sc_xpm_cdc_async_rst_inst/arststages_ff_reg[1]/CLR
  -------------------------------------------------------------------    -------------------

                         (clock clk_fpga_0 rise edge)
                                                      0.000     0.000 r  
    PS7_X0Y0             PS7                          0.000     0.000 r  gru_bin_version_i/processing_system7_0/inst/PS7_i/FCLKCLK[0]
                         net (fo=1, routed)           1.088     1.088    gru_bin_version_i/processing_system7_0/inst/FCLK_CLK_unbuffered[0]
    BUFGCTRL_X0Y16       BUFG (Prop_bufg_I_O)         0.091     1.179 r  gru_bin_version_i/processing_system7_0/inst/buffer_fclk_clk_0.FCLK_CLK_0_BUFG/O
                         net (fo=25495, routed)       1.640     2.819    gru_bin_version_i/axi_smc/inst/switchboards/i_nodes/i_r_node/inst/s_sc_xpm_cdc_async_rst_inst/dest_clk
    SLICE_X52Y104        FDCE                                         r  gru_bin_version_i/axi_smc/inst/switchboards/i_nodes/i_r_node/inst/s_sc_xpm_cdc_async_rst_inst/arststages_ff_reg[1]/C

Slack:                    inf
  Source:                 gru_bin_version_i/axi_smc/inst/clk_map/psr_aclk/U0/ACTIVE_LOW_BSR_OUT_DFF[0].FDRE_BSR_N/C
                            (rising edge-triggered cell FDRE clocked by clk_fpga_0  {rise@0.000ns fall@5.000ns period=10.000ns})
  Destination:            gru_bin_version_i/axi_smc/inst/switchboards/i_nodes/i_r_node/inst/s_sc_xpm_cdc_async_rst_inst/arststages_ff_reg[2]/CLR
                            (recovery check against rising-edge clock clk_fpga_0  {rise@0.000ns fall@5.000ns period=10.000ns})
  Path Group:             (none)
  Path Type:              Recovery (Max at Slow Process Corner)
  Data Path Delay:        3.091ns  (logic 0.580ns (18.763%)  route 2.511ns (81.237%))
  Logic Levels:           1  (LUT1=1)
  Clock Path Skew:        -0.313ns (DCD - SCD + CPR)
    Destination Clock Delay (DCD):    2.819ns
    Source Clock Delay      (SCD):    3.132ns
    Clock Pessimism Removal (CPR):    0.000ns
  Clock Uncertainty:      0.154ns  ((TSJ^2 + TIJ^2)^1/2 + DJ) / 2 + PE
    Total System Jitter     (TSJ):    0.071ns
    Total Input Jitter      (TIJ):    0.300ns
    Discrete Jitter          (DJ):    0.000ns
    Phase Error              (PE):    0.000ns
  Timing Exception:       False Path

    Location             Delay type                Incr(ns)  Path(ns)    Netlist Resource(s)
  -------------------------------------------------------------------    -------------------
                         (clock clk_fpga_0 rise edge)
                                                      0.000     0.000 r  
    PS7_X0Y0             PS7                          0.000     0.000 r  gru_bin_version_i/processing_system7_0/inst/PS7_i/FCLKCLK[0]
                         net (fo=1, routed)           1.193     1.193    gru_bin_version_i/processing_system7_0/inst/FCLK_CLK_unbuffered[0]
    BUFGCTRL_X0Y16       BUFG (Prop_bufg_I_O)         0.101     1.294 r  gru_bin_version_i/processing_system7_0/inst/buffer_fclk_clk_0.FCLK_CLK_0_BUFG/O
                         net (fo=25495, routed)       1.838     3.132    gru_bin_version_i/axi_smc/inst/clk_map/psr_aclk/U0/aclk
    SLICE_X47Y114        FDRE                                         r  gru_bin_version_i/axi_smc/inst/clk_map/psr_aclk/U0/ACTIVE_LOW_BSR_OUT_DFF[0].FDRE_BSR_N/C
  -------------------------------------------------------------------    -------------------
    SLICE_X47Y114        FDRE (Prop_fdre_C_Q)         0.456     3.588 r  gru_bin_version_i/axi_smc/inst/clk_map/psr_aclk/U0/ACTIVE_LOW_BSR_OUT_DFF[0].FDRE_BSR_N/Q
                         net (fo=25, routed)          1.894     5.482    gru_bin_version_i/axi_smc/inst/switchboards/i_nodes/i_r_node/inst/s_sc_xpm_cdc_async_rst_inst/src_arst
    SLICE_X52Y104        LUT1 (Prop_lut1_I0_O)        0.124     5.606 f  gru_bin_version_i/axi_smc/inst/switchboards/i_nodes/i_r_node/inst/s_sc_xpm_cdc_async_rst_inst/arststages_ff[2]_i_1/O
                         net (fo=3, routed)           0.618     6.223    gru_bin_version_i/axi_smc/inst/switchboards/i_nodes/i_r_node/inst/s_sc_xpm_cdc_async_rst_inst/reset_pol
    SLICE_X52Y104        FDCE                                         f  gru_bin_version_i/axi_smc/inst/switchboards/i_nodes/i_r_node/inst/s_sc_xpm_cdc_async_rst_inst/arststages_ff_reg[2]/CLR
  -------------------------------------------------------------------    -------------------

                         (clock clk_fpga_0 rise edge)
                                                      0.000     0.000 r  
    PS7_X0Y0             PS7                          0.000     0.000 r  gru_bin_version_i/processing_system7_0/inst/PS7_i/FCLKCLK[0]
                         net (fo=1, routed)           1.088     1.088    gru_bin_version_i/processing_system7_0/inst/FCLK_CLK_unbuffered[0]
    BUFGCTRL_X0Y16       BUFG (Prop_bufg_I_O)         0.091     1.179 r  gru_bin_version_i/processing_system7_0/inst/buffer_fclk_clk_0.FCLK_CLK_0_BUFG/O
                         net (fo=25495, routed)       1.640     2.819    gru_bin_version_i/axi_smc/inst/switchboards/i_nodes/i_r_node/inst/s_sc_xpm_cdc_async_rst_inst/dest_clk
    SLICE_X52Y104        FDCE                                         r  gru_bin_version_i/axi_smc/inst/switchboards/i_nodes/i_r_node/inst/s_sc_xpm_cdc_async_rst_inst/arststages_ff_reg[2]/C

Slack:                    inf
  Source:                 gru_bin_version_i/axi_smc/inst/clk_map/psr_aclk/U0/ACTIVE_LOW_BSR_OUT_DFF[0].FDRE_BSR_N/C
                            (rising edge-triggered cell FDRE clocked by clk_fpga_0  {rise@0.000ns fall@5.000ns period=10.000ns})
  Destination:            gru_bin_version_i/axi_smc/inst/m01_nodes/m01_ar_node/inst/s_sc_xpm_cdc_async_rst_inst/arststages_ff_reg[0]/CLR
                            (recovery check against rising-edge clock clk_fpga_0  {rise@0.000ns fall@5.000ns period=10.000ns})
  Path Group:             (none)
  Path Type:              Recovery (Max at Slow Process Corner)
  Data Path Delay:        2.852ns  (logic 0.609ns (21.353%)  route 2.243ns (78.647%))
  Logic Levels:           1  (LUT1=1)
  Clock Path Skew:        -0.314ns (DCD - SCD + CPR)
    Destination Clock Delay (DCD):    2.818ns
    Source Clock Delay      (SCD):    3.132ns
    Clock Pessimism Removal (CPR):    0.000ns
  Clock Uncertainty:      0.154ns  ((TSJ^2 + TIJ^2)^1/2 + DJ) / 2 + PE
    Total System Jitter     (TSJ):    0.071ns
    Total Input Jitter      (TIJ):    0.300ns
    Discrete Jitter          (DJ):    0.000ns
    Phase Error              (PE):    0.000ns
  Timing Exception:       False Path

    Location             Delay type                Incr(ns)  Path(ns)    Netlist Resource(s)
  -------------------------------------------------------------------    -------------------
                         (clock clk_fpga_0 rise edge)
                                                      0.000     0.000 r  
    PS7_X0Y0             PS7                          0.000     0.000 r  gru_bin_version_i/processing_system7_0/inst/PS7_i/FCLKCLK[0]
                         net (fo=1, routed)           1.193     1.193    gru_bin_version_i/processing_system7_0/inst/FCLK_CLK_unbuffered[0]
    BUFGCTRL_X0Y16       BUFG (Prop_bufg_I_O)         0.101     1.294 r  gru_bin_version_i/processing_system7_0/inst/buffer_fclk_clk_0.FCLK_CLK_0_BUFG/O
                         net (fo=25495, routed)       1.838     3.132    gru_bin_version_i/axi_smc/inst/clk_map/psr_aclk/U0/aclk
    SLICE_X47Y114        FDRE                                         r  gru_bin_version_i/axi_smc/inst/clk_map/psr_aclk/U0/ACTIVE_LOW_BSR_OUT_DFF[0].FDRE_BSR_N/C
  -------------------------------------------------------------------    -------------------
    SLICE_X47Y114        FDRE (Prop_fdre_C_Q)         0.456     3.588 r  gru_bin_version_i/axi_smc/inst/clk_map/psr_aclk/U0/ACTIVE_LOW_BSR_OUT_DFF[0].FDRE_BSR_N/Q
                         net (fo=25, routed)          1.438     5.026    gru_bin_version_i/axi_smc/inst/m01_nodes/m01_ar_node/inst/s_sc_xpm_cdc_async_rst_inst/src_arst
    SLICE_X51Y107        LUT1 (Prop_lut1_I0_O)        0.153     5.179 f  gru_bin_version_i/axi_smc/inst/m01_nodes/m01_ar_node/inst/s_sc_xpm_cdc_async_rst_inst/arststages_ff[2]_i_1/O
                         net (fo=3, routed)           0.805     5.984    gru_bin_version_i/axi_smc/inst/m01_nodes/m01_ar_node/inst/s_sc_xpm_cdc_async_rst_inst/reset_pol
    SLICE_X52Y107        FDCE                                         f  gru_bin_version_i/axi_smc/inst/m01_nodes/m01_ar_node/inst/s_sc_xpm_cdc_async_rst_inst/arststages_ff_reg[0]/CLR
  -------------------------------------------------------------------    -------------------

                         (clock clk_fpga_0 rise edge)
                                                      0.000     0.000 r  
    PS7_X0Y0             PS7                          0.000     0.000 r  gru_bin_version_i/processing_system7_0/inst/PS7_i/FCLKCLK[0]
                         net (fo=1, routed)           1.088     1.088    gru_bin_version_i/processing_system7_0/inst/FCLK_CLK_unbuffered[0]
    BUFGCTRL_X0Y16       BUFG (Prop_bufg_I_O)         0.091     1.179 r  gru_bin_version_i/processing_system7_0/inst/buffer_fclk_clk_0.FCLK_CLK_0_BUFG/O
                         net (fo=25495, routed)       1.639     2.818    gru_bin_version_i/axi_smc/inst/m01_nodes/m01_ar_node/inst/s_sc_xpm_cdc_async_rst_inst/dest_clk
    SLICE_X52Y107        FDCE                                         r  gru_bin_version_i/axi_smc/inst/m01_nodes/m01_ar_node/inst/s_sc_xpm_cdc_async_rst_inst/arststages_ff_reg[0]/C





Min Delay Paths
--------------------------------------------------------------------------------------
Slack:                    inf
  Source:                 gru_bin_version_i/axi_smc/inst/clk_map/psr_aclk/U0/ACTIVE_LOW_BSR_OUT_DFF[0].FDRE_BSR_N/C
                            (rising edge-triggered cell FDRE clocked by clk_fpga_0  {rise@0.000ns fall@5.000ns period=10.000ns})
  Destination:            gru_bin_version_i/axi_smc/inst/m01_nodes/m01_b_node/inst/s_sc_xpm_cdc_async_rst_inst/arststages_ff_reg[0]/CLR
                            (removal check against rising-edge clock clk_fpga_0  {rise@0.000ns fall@5.000ns period=10.000ns})
  Path Group:             (none)
  Path Type:              Removal (Min at Fast Process Corner)
  Data Path Delay:        0.701ns  (logic 0.184ns (26.258%)  route 0.517ns (73.742%))
  Logic Levels:           1  (LUT1=1)
  Clock Path Skew:        0.302ns (DCD - SCD - CPR)
    Destination Clock Delay (DCD):    1.272ns
    Source Clock Delay      (SCD):    0.970ns
    Clock Pessimism Removal (CPR):    -0.000ns
  Clock Uncertainty:      0.154ns  ((TSJ^2 + TIJ^2)^1/2 + DJ) / 2 + PE
    Total System Jitter     (TSJ):    0.071ns
    Total Input Jitter      (TIJ):    0.300ns
    Discrete Jitter          (DJ):    0.000ns
    Phase Error              (PE):    0.000ns
  Timing Exception:       False Path

    Location             Delay type                Incr(ns)  Path(ns)    Netlist Resource(s)
  -------------------------------------------------------------------    -------------------
                         (clock clk_fpga_0 rise edge)
                                                      0.000     0.000 r  
    PS7_X0Y0             PS7                          0.000     0.000 r  gru_bin_version_i/processing_system7_0/inst/PS7_i/FCLKCLK[0]
                         net (fo=1, routed)           0.310     0.310    gru_bin_version_i/processing_system7_0/inst/FCLK_CLK_unbuffered[0]
    BUFGCTRL_X0Y16       BUFG (Prop_bufg_I_O)         0.026     0.336 r  gru_bin_version_i/processing_system7_0/inst/buffer_fclk_clk_0.FCLK_CLK_0_BUFG/O
                         net (fo=25495, routed)       0.634     0.970    gru_bin_version_i/axi_smc/inst/clk_map/psr_aclk/U0/aclk
    SLICE_X47Y114        FDRE                                         r  gru_bin_version_i/axi_smc/inst/clk_map/psr_aclk/U0/ACTIVE_LOW_BSR_OUT_DFF[0].FDRE_BSR_N/C
  -------------------------------------------------------------------    -------------------
    SLICE_X47Y114        FDRE (Prop_fdre_C_Q)         0.141     1.111 r  gru_bin_version_i/axi_smc/inst/clk_map/psr_aclk/U0/ACTIVE_LOW_BSR_OUT_DFF[0].FDRE_BSR_N/Q
                         net (fo=25, routed)          0.340     1.451    gru_bin_version_i/axi_smc/inst/m01_nodes/m01_b_node/inst/s_sc_xpm_cdc_async_rst_inst/src_arst
    SLICE_X42Y112        LUT1 (Prop_lut1_I0_O)        0.043     1.494 f  gru_bin_version_i/axi_smc/inst/m01_nodes/m01_b_node/inst/s_sc_xpm_cdc_async_rst_inst/arststages_ff[2]_i_1/O
                         net (fo=3, routed)           0.177     1.671    gru_bin_version_i/axi_smc/inst/m01_nodes/m01_b_node/inst/s_sc_xpm_cdc_async_rst_inst/reset_pol
    SLICE_X42Y112        FDCE                                         f  gru_bin_version_i/axi_smc/inst/m01_nodes/m01_b_node/inst/s_sc_xpm_cdc_async_rst_inst/arststages_ff_reg[0]/CLR
  -------------------------------------------------------------------    -------------------

                         (clock clk_fpga_0 rise edge)
                                                      0.000     0.000 r  
    PS7_X0Y0             PS7                          0.000     0.000 r  gru_bin_version_i/processing_system7_0/inst/PS7_i/FCLKCLK[0]
                         net (fo=1, routed)           0.337     0.337    gru_bin_version_i/processing_system7_0/inst/FCLK_CLK_unbuffered[0]
    BUFGCTRL_X0Y16       BUFG (Prop_bufg_I_O)         0.029     0.366 r  gru_bin_version_i/processing_system7_0/inst/buffer_fclk_clk_0.FCLK_CLK_0_BUFG/O
                         net (fo=25495, routed)       0.906     1.272    gru_bin_version_i/axi_smc/inst/m01_nodes/m01_b_node/inst/s_sc_xpm_cdc_async_rst_inst/dest_clk
    SLICE_X42Y112        FDCE                                         r  gru_bin_version_i/axi_smc/inst/m01_nodes/m01_b_node/inst/s_sc_xpm_cdc_async_rst_inst/arststages_ff_reg[0]/C

Slack:                    inf
  Source:                 gru_bin_version_i/axi_smc/inst/clk_map/psr_aclk/U0/ACTIVE_LOW_BSR_OUT_DFF[0].FDRE_BSR_N/C
                            (rising edge-triggered cell FDRE clocked by clk_fpga_0  {rise@0.000ns fall@5.000ns period=10.000ns})
  Destination:            gru_bin_version_i/axi_smc/inst/m01_nodes/m01_b_node/inst/s_sc_xpm_cdc_async_rst_inst/arststages_ff_reg[1]/CLR
                            (removal check against rising-edge clock clk_fpga_0  {rise@0.000ns fall@5.000ns period=10.000ns})
  Path Group:             (none)
  Path Type:              Removal (Min at Fast Process Corner)
  Data Path Delay:        0.701ns  (logic 0.184ns (26.258%)  route 0.517ns (73.742%))
  Logic Levels:           1  (LUT1=1)
  Clock Path Skew:        0.302ns (DCD - SCD - CPR)
    Destination Clock Delay (DCD):    1.272ns
    Source Clock Delay      (SCD):    0.970ns
    Clock Pessimism Removal (CPR):    -0.000ns
  Clock Uncertainty:      0.154ns  ((TSJ^2 + TIJ^2)^1/2 + DJ) / 2 + PE
    Total System Jitter     (TSJ):    0.071ns
    Total Input Jitter      (TIJ):    0.300ns
    Discrete Jitter          (DJ):    0.000ns
    Phase Error              (PE):    0.000ns
  Timing Exception:       False Path

    Location             Delay type                Incr(ns)  Path(ns)    Netlist Resource(s)
  -------------------------------------------------------------------    -------------------
                         (clock clk_fpga_0 rise edge)
                                                      0.000     0.000 r  
    PS7_X0Y0             PS7                          0.000     0.000 r  gru_bin_version_i/processing_system7_0/inst/PS7_i/FCLKCLK[0]
                         net (fo=1, routed)           0.310     0.310    gru_bin_version_i/processing_system7_0/inst/FCLK_CLK_unbuffered[0]
    BUFGCTRL_X0Y16       BUFG (Prop_bufg_I_O)         0.026     0.336 r  gru_bin_version_i/processing_system7_0/inst/buffer_fclk_clk_0.FCLK_CLK_0_BUFG/O
                         net (fo=25495, routed)       0.634     0.970    gru_bin_version_i/axi_smc/inst/clk_map/psr_aclk/U0/aclk
    SLICE_X47Y114        FDRE                                         r  gru_bin_version_i/axi_smc/inst/clk_map/psr_aclk/U0/ACTIVE_LOW_BSR_OUT_DFF[0].FDRE_BSR_N/C
  -------------------------------------------------------------------    -------------------
    SLICE_X47Y114        FDRE (Prop_fdre_C_Q)         0.141     1.111 r  gru_bin_version_i/axi_smc/inst/clk_map/psr_aclk/U0/ACTIVE_LOW_BSR_OUT_DFF[0].FDRE_BSR_N/Q
                         net (fo=25, routed)          0.340     1.451    gru_bin_version_i/axi_smc/inst/m01_nodes/m01_b_node/inst/s_sc_xpm_cdc_async_rst_inst/src_arst
    SLICE_X42Y112        LUT1 (Prop_lut1_I0_O)        0.043     1.494 f  gru_bin_version_i/axi_smc/inst/m01_nodes/m01_b_node/inst/s_sc_xpm_cdc_async_rst_inst/arststages_ff[2]_i_1/O
                         net (fo=3, routed)           0.177     1.671    gru_bin_version_i/axi_smc/inst/m01_nodes/m01_b_node/inst/s_sc_xpm_cdc_async_rst_inst/reset_pol
    SLICE_X42Y112        FDCE                                         f  gru_bin_version_i/axi_smc/inst/m01_nodes/m01_b_node/inst/s_sc_xpm_cdc_async_rst_inst/arststages_ff_reg[1]/CLR
  -------------------------------------------------------------------    -------------------

                         (clock clk_fpga_0 rise edge)
                                                      0.000     0.000 r  
    PS7_X0Y0             PS7                          0.000     0.000 r  gru_bin_version_i/processing_system7_0/inst/PS7_i/FCLKCLK[0]
                         net (fo=1, routed)           0.337     0.337    gru_bin_version_i/processing_system7_0/inst/FCLK_CLK_unbuffered[0]
    BUFGCTRL_X0Y16       BUFG (Prop_bufg_I_O)         0.029     0.366 r  gru_bin_version_i/processing_system7_0/inst/buffer_fclk_clk_0.FCLK_CLK_0_BUFG/O
                         net (fo=25495, routed)       0.906     1.272    gru_bin_version_i/axi_smc/inst/m01_nodes/m01_b_node/inst/s_sc_xpm_cdc_async_rst_inst/dest_clk
    SLICE_X42Y112        FDCE                                         r  gru_bin_version_i/axi_smc/inst/m01_nodes/m01_b_node/inst/s_sc_xpm_cdc_async_rst_inst/arststages_ff_reg[1]/C

Slack:                    inf
  Source:                 gru_bin_version_i/axi_smc/inst/clk_map/psr_aclk/U0/ACTIVE_LOW_BSR_OUT_DFF[0].FDRE_BSR_N/C
                            (rising edge-triggered cell FDRE clocked by clk_fpga_0  {rise@0.000ns fall@5.000ns period=10.000ns})
  Destination:            gru_bin_version_i/axi_smc/inst/m01_nodes/m01_b_node/inst/s_sc_xpm_cdc_async_rst_inst/arststages_ff_reg[2]/CLR
                            (removal check against rising-edge clock clk_fpga_0  {rise@0.000ns fall@5.000ns period=10.000ns})
  Path Group:             (none)
  Path Type:              Removal (Min at Fast Process Corner)
  Data Path Delay:        0.701ns  (logic 0.184ns (26.258%)  route 0.517ns (73.742%))
  Logic Levels:           1  (LUT1=1)
  Clock Path Skew:        0.302ns (DCD - SCD - CPR)
    Destination Clock Delay (DCD):    1.272ns
    Source Clock Delay      (SCD):    0.970ns
    Clock Pessimism Removal (CPR):    -0.000ns
  Clock Uncertainty:      0.154ns  ((TSJ^2 + TIJ^2)^1/2 + DJ) / 2 + PE
    Total System Jitter     (TSJ):    0.071ns
    Total Input Jitter      (TIJ):    0.300ns
    Discrete Jitter          (DJ):    0.000ns
    Phase Error              (PE):    0.000ns
  Timing Exception:       False Path

    Location             Delay type                Incr(ns)  Path(ns)    Netlist Resource(s)
  -------------------------------------------------------------------    -------------------
                         (clock clk_fpga_0 rise edge)
                                                      0.000     0.000 r  
    PS7_X0Y0             PS7                          0.000     0.000 r  gru_bin_version_i/processing_system7_0/inst/PS7_i/FCLKCLK[0]
                         net (fo=1, routed)           0.310     0.310    gru_bin_version_i/processing_system7_0/inst/FCLK_CLK_unbuffered[0]
    BUFGCTRL_X0Y16       BUFG (Prop_bufg_I_O)         0.026     0.336 r  gru_bin_version_i/processing_system7_0/inst/buffer_fclk_clk_0.FCLK_CLK_0_BUFG/O
                         net (fo=25495, routed)       0.634     0.970    gru_bin_version_i/axi_smc/inst/clk_map/psr_aclk/U0/aclk
    SLICE_X47Y114        FDRE                                         r  gru_bin_version_i/axi_smc/inst/clk_map/psr_aclk/U0/ACTIVE_LOW_BSR_OUT_DFF[0].FDRE_BSR_N/C
  -------------------------------------------------------------------    -------------------
    SLICE_X47Y114        FDRE (Prop_fdre_C_Q)         0.141     1.111 r  gru_bin_version_i/axi_smc/inst/clk_map/psr_aclk/U0/ACTIVE_LOW_BSR_OUT_DFF[0].FDRE_BSR_N/Q
                         net (fo=25, routed)          0.340     1.451    gru_bin_version_i/axi_smc/inst/m01_nodes/m01_b_node/inst/s_sc_xpm_cdc_async_rst_inst/src_arst
    SLICE_X42Y112        LUT1 (Prop_lut1_I0_O)        0.043     1.494 f  gru_bin_version_i/axi_smc/inst/m01_nodes/m01_b_node/inst/s_sc_xpm_cdc_async_rst_inst/arststages_ff[2]_i_1/O
                         net (fo=3, routed)           0.177     1.671    gru_bin_version_i/axi_smc/inst/m01_nodes/m01_b_node/inst/s_sc_xpm_cdc_async_rst_inst/reset_pol
    SLICE_X42Y112        FDCE                                         f  gru_bin_version_i/axi_smc/inst/m01_nodes/m01_b_node/inst/s_sc_xpm_cdc_async_rst_inst/arststages_ff_reg[2]/CLR
  -------------------------------------------------------------------    -------------------

                         (clock clk_fpga_0 rise edge)
                                                      0.000     0.000 r  
    PS7_X0Y0             PS7                          0.000     0.000 r  gru_bin_version_i/processing_system7_0/inst/PS7_i/FCLKCLK[0]
                         net (fo=1, routed)           0.337     0.337    gru_bin_version_i/processing_system7_0/inst/FCLK_CLK_unbuffered[0]
    BUFGCTRL_X0Y16       BUFG (Prop_bufg_I_O)         0.029     0.366 r  gru_bin_version_i/processing_system7_0/inst/buffer_fclk_clk_0.FCLK_CLK_0_BUFG/O
                         net (fo=25495, routed)       0.906     1.272    gru_bin_version_i/axi_smc/inst/m01_nodes/m01_b_node/inst/s_sc_xpm_cdc_async_rst_inst/dest_clk
    SLICE_X42Y112        FDCE                                         r  gru_bin_version_i/axi_smc/inst/m01_nodes/m01_b_node/inst/s_sc_xpm_cdc_async_rst_inst/arststages_ff_reg[2]/C

Slack:                    inf
  Source:                 gru_bin_version_i/axi_smc/inst/clk_map/psr_aclk/U0/ACTIVE_LOW_BSR_OUT_DFF[0].FDRE_BSR_N/C
                            (rising edge-triggered cell FDRE clocked by clk_fpga_0  {rise@0.000ns fall@5.000ns period=10.000ns})
  Destination:            gru_bin_version_i/axi_smc/inst/m01_nodes/m01_aw_node/inst/s_sc_xpm_cdc_async_rst_inst/arststages_ff_reg[0]/CLR
                            (removal check against rising-edge clock clk_fpga_0  {rise@0.000ns fall@5.000ns period=10.000ns})
  Path Group:             (none)
  Path Type:              Removal (Min at Fast Process Corner)
  Data Path Delay:        0.704ns  (logic 0.186ns (26.439%)  route 0.518ns (73.561%))
  Logic Levels:           1  (LUT1=1)
  Clock Path Skew:        0.302ns (DCD - SCD - CPR)
    Destination Clock Delay (DCD):    1.272ns
    Source Clock Delay      (SCD):    0.970ns
    Clock Pessimism Removal (CPR):    -0.000ns
  Clock Uncertainty:      0.154ns  ((TSJ^2 + TIJ^2)^1/2 + DJ) / 2 + PE
    Total System Jitter     (TSJ):    0.071ns
    Total Input Jitter      (TIJ):    0.300ns
    Discrete Jitter          (DJ):    0.000ns
    Phase Error              (PE):    0.000ns
  Timing Exception:       False Path

    Location             Delay type                Incr(ns)  Path(ns)    Netlist Resource(s)
  -------------------------------------------------------------------    -------------------
                         (clock clk_fpga_0 rise edge)
                                                      0.000     0.000 r  
    PS7_X0Y0             PS7                          0.000     0.000 r  gru_bin_version_i/processing_system7_0/inst/PS7_i/FCLKCLK[0]
                         net (fo=1, routed)           0.310     0.310    gru_bin_version_i/processing_system7_0/inst/FCLK_CLK_unbuffered[0]
    BUFGCTRL_X0Y16       BUFG (Prop_bufg_I_O)         0.026     0.336 r  gru_bin_version_i/processing_system7_0/inst/buffer_fclk_clk_0.FCLK_CLK_0_BUFG/O
                         net (fo=25495, routed)       0.634     0.970    gru_bin_version_i/axi_smc/inst/clk_map/psr_aclk/U0/aclk
    SLICE_X47Y114        FDRE                                         r  gru_bin_version_i/axi_smc/inst/clk_map/psr_aclk/U0/ACTIVE_LOW_BSR_OUT_DFF[0].FDRE_BSR_N/C
  -------------------------------------------------------------------    -------------------
    SLICE_X47Y114        FDRE (Prop_fdre_C_Q)         0.141     1.111 r  gru_bin_version_i/axi_smc/inst/clk_map/psr_aclk/U0/ACTIVE_LOW_BSR_OUT_DFF[0].FDRE_BSR_N/Q
                         net (fo=25, routed)          0.340     1.451    gru_bin_version_i/axi_smc/inst/m01_nodes/m01_aw_node/inst/s_sc_xpm_cdc_async_rst_inst/src_arst
    SLICE_X42Y112        LUT1 (Prop_lut1_I0_O)        0.045     1.496 f  gru_bin_version_i/axi_smc/inst/m01_nodes/m01_aw_node/inst/s_sc_xpm_cdc_async_rst_inst/arststages_ff[2]_i_1/O
                         net (fo=3, routed)           0.178     1.674    gru_bin_version_i/axi_smc/inst/m01_nodes/m01_aw_node/inst/s_sc_xpm_cdc_async_rst_inst/reset_pol
    SLICE_X44Y112        FDCE                                         f  gru_bin_version_i/axi_smc/inst/m01_nodes/m01_aw_node/inst/s_sc_xpm_cdc_async_rst_inst/arststages_ff_reg[0]/CLR
  -------------------------------------------------------------------    -------------------

                         (clock clk_fpga_0 rise edge)
                                                      0.000     0.000 r  
    PS7_X0Y0             PS7                          0.000     0.000 r  gru_bin_version_i/processing_system7_0/inst/PS7_i/FCLKCLK[0]
                         net (fo=1, routed)           0.337     0.337    gru_bin_version_i/processing_system7_0/inst/FCLK_CLK_unbuffered[0]
    BUFGCTRL_X0Y16       BUFG (Prop_bufg_I_O)         0.029     0.366 r  gru_bin_version_i/processing_system7_0/inst/buffer_fclk_clk_0.FCLK_CLK_0_BUFG/O
                         net (fo=25495, routed)       0.906     1.272    gru_bin_version_i/axi_smc/inst/m01_nodes/m01_aw_node/inst/s_sc_xpm_cdc_async_rst_inst/dest_clk
    SLICE_X44Y112        FDCE                                         r  gru_bin_version_i/axi_smc/inst/m01_nodes/m01_aw_node/inst/s_sc_xpm_cdc_async_rst_inst/arststages_ff_reg[0]/C

Slack:                    inf
  Source:                 gru_bin_version_i/axi_smc/inst/clk_map/psr_aclk/U0/ACTIVE_LOW_BSR_OUT_DFF[0].FDRE_BSR_N/C
                            (rising edge-triggered cell FDRE clocked by clk_fpga_0  {rise@0.000ns fall@5.000ns period=10.000ns})
  Destination:            gru_bin_version_i/axi_smc/inst/m01_nodes/m01_aw_node/inst/s_sc_xpm_cdc_async_rst_inst/arststages_ff_reg[1]/CLR
                            (removal check against rising-edge clock clk_fpga_0  {rise@0.000ns fall@5.000ns period=10.000ns})
  Path Group:             (none)
  Path Type:              Removal (Min at Fast Process Corner)
  Data Path Delay:        0.704ns  (logic 0.186ns (26.439%)  route 0.518ns (73.561%))
  Logic Levels:           1  (LUT1=1)
  Clock Path Skew:        0.302ns (DCD - SCD - CPR)
    Destination Clock Delay (DCD):    1.272ns
    Source Clock Delay      (SCD):    0.970ns
    Clock Pessimism Removal (CPR):    -0.000ns
  Clock Uncertainty:      0.154ns  ((TSJ^2 + TIJ^2)^1/2 + DJ) / 2 + PE
    Total System Jitter     (TSJ):    0.071ns
    Total Input Jitter      (TIJ):    0.300ns
    Discrete Jitter          (DJ):    0.000ns
    Phase Error              (PE):    0.000ns
  Timing Exception:       False Path

    Location             Delay type                Incr(ns)  Path(ns)    Netlist Resource(s)
  -------------------------------------------------------------------    -------------------
                         (clock clk_fpga_0 rise edge)
                                                      0.000     0.000 r  
    PS7_X0Y0             PS7                          0.000     0.000 r  gru_bin_version_i/processing_system7_0/inst/PS7_i/FCLKCLK[0]
                         net (fo=1, routed)           0.310     0.310    gru_bin_version_i/processing_system7_0/inst/FCLK_CLK_unbuffered[0]
    BUFGCTRL_X0Y16       BUFG (Prop_bufg_I_O)         0.026     0.336 r  gru_bin_version_i/processing_system7_0/inst/buffer_fclk_clk_0.FCLK_CLK_0_BUFG/O
                         net (fo=25495, routed)       0.634     0.970    gru_bin_version_i/axi_smc/inst/clk_map/psr_aclk/U0/aclk
    SLICE_X47Y114        FDRE                                         r  gru_bin_version_i/axi_smc/inst/clk_map/psr_aclk/U0/ACTIVE_LOW_BSR_OUT_DFF[0].FDRE_BSR_N/C
  -------------------------------------------------------------------    -------------------
    SLICE_X47Y114        FDRE (Prop_fdre_C_Q)         0.141     1.111 r  gru_bin_version_i/axi_smc/inst/clk_map/psr_aclk/U0/ACTIVE_LOW_BSR_OUT_DFF[0].FDRE_BSR_N/Q
                         net (fo=25, routed)          0.340     1.451    gru_bin_version_i/axi_smc/inst/m01_nodes/m01_aw_node/inst/s_sc_xpm_cdc_async_rst_inst/src_arst
    SLICE_X42Y112        LUT1 (Prop_lut1_I0_O)        0.045     1.496 f  gru_bin_version_i/axi_smc/inst/m01_nodes/m01_aw_node/inst/s_sc_xpm_cdc_async_rst_inst/arststages_ff[2]_i_1/O
                         net (fo=3, routed)           0.178     1.674    gru_bin_version_i/axi_smc/inst/m01_nodes/m01_aw_node/inst/s_sc_xpm_cdc_async_rst_inst/reset_pol
    SLICE_X44Y112        FDCE                                         f  gru_bin_version_i/axi_smc/inst/m01_nodes/m01_aw_node/inst/s_sc_xpm_cdc_async_rst_inst/arststages_ff_reg[1]/CLR
  -------------------------------------------------------------------    -------------------

                         (clock clk_fpga_0 rise edge)
                                                      0.000     0.000 r  
    PS7_X0Y0             PS7                          0.000     0.000 r  gru_bin_version_i/processing_system7_0/inst/PS7_i/FCLKCLK[0]
                         net (fo=1, routed)           0.337     0.337    gru_bin_version_i/processing_system7_0/inst/FCLK_CLK_unbuffered[0]
    BUFGCTRL_X0Y16       BUFG (Prop_bufg_I_O)         0.029     0.366 r  gru_bin_version_i/processing_system7_0/inst/buffer_fclk_clk_0.FCLK_CLK_0_BUFG/O
                         net (fo=25495, routed)       0.906     1.272    gru_bin_version_i/axi_smc/inst/m01_nodes/m01_aw_node/inst/s_sc_xpm_cdc_async_rst_inst/dest_clk
    SLICE_X44Y112        FDCE                                         r  gru_bin_version_i/axi_smc/inst/m01_nodes/m01_aw_node/inst/s_sc_xpm_cdc_async_rst_inst/arststages_ff_reg[1]/C

Slack:                    inf
  Source:                 gru_bin_version_i/axi_smc/inst/clk_map/psr_aclk/U0/ACTIVE_LOW_BSR_OUT_DFF[0].FDRE_BSR_N/C
                            (rising edge-triggered cell FDRE clocked by clk_fpga_0  {rise@0.000ns fall@5.000ns period=10.000ns})
  Destination:            gru_bin_version_i/axi_smc/inst/m01_nodes/m01_aw_node/inst/s_sc_xpm_cdc_async_rst_inst/arststages_ff_reg[2]/CLR
                            (removal check against rising-edge clock clk_fpga_0  {rise@0.000ns fall@5.000ns period=10.000ns})
  Path Group:             (none)
  Path Type:              Removal (Min at Fast Process Corner)
  Data Path Delay:        0.704ns  (logic 0.186ns (26.439%)  route 0.518ns (73.561%))
  Logic Levels:           1  (LUT1=1)
  Clock Path Skew:        0.302ns (DCD - SCD - CPR)
    Destination Clock Delay (DCD):    1.272ns
    Source Clock Delay      (SCD):    0.970ns
    Clock Pessimism Removal (CPR):    -0.000ns
  Clock Uncertainty:      0.154ns  ((TSJ^2 + TIJ^2)^1/2 + DJ) / 2 + PE
    Total System Jitter     (TSJ):    0.071ns
    Total Input Jitter      (TIJ):    0.300ns
    Discrete Jitter          (DJ):    0.000ns
    Phase Error              (PE):    0.000ns
  Timing Exception:       False Path

    Location             Delay type                Incr(ns)  Path(ns)    Netlist Resource(s)
  -------------------------------------------------------------------    -------------------
                         (clock clk_fpga_0 rise edge)
                                                      0.000     0.000 r  
    PS7_X0Y0             PS7                          0.000     0.000 r  gru_bin_version_i/processing_system7_0/inst/PS7_i/FCLKCLK[0]
                         net (fo=1, routed)           0.310     0.310    gru_bin_version_i/processing_system7_0/inst/FCLK_CLK_unbuffered[0]
    BUFGCTRL_X0Y16       BUFG (Prop_bufg_I_O)         0.026     0.336 r  gru_bin_version_i/processing_system7_0/inst/buffer_fclk_clk_0.FCLK_CLK_0_BUFG/O
                         net (fo=25495, routed)       0.634     0.970    gru_bin_version_i/axi_smc/inst/clk_map/psr_aclk/U0/aclk
    SLICE_X47Y114        FDRE                                         r  gru_bin_version_i/axi_smc/inst/clk_map/psr_aclk/U0/ACTIVE_LOW_BSR_OUT_DFF[0].FDRE_BSR_N/C
  -------------------------------------------------------------------    -------------------
    SLICE_X47Y114        FDRE (Prop_fdre_C_Q)         0.141     1.111 r  gru_bin_version_i/axi_smc/inst/clk_map/psr_aclk/U0/ACTIVE_LOW_BSR_OUT_DFF[0].FDRE_BSR_N/Q
                         net (fo=25, routed)          0.340     1.451    gru_bin_version_i/axi_smc/inst/m01_nodes/m01_aw_node/inst/s_sc_xpm_cdc_async_rst_inst/src_arst
    SLICE_X42Y112        LUT1 (Prop_lut1_I0_O)        0.045     1.496 f  gru_bin_version_i/axi_smc/inst/m01_nodes/m01_aw_node/inst/s_sc_xpm_cdc_async_rst_inst/arststages_ff[2]_i_1/O
                         net (fo=3, routed)           0.178     1.674    gru_bin_version_i/axi_smc/inst/m01_nodes/m01_aw_node/inst/s_sc_xpm_cdc_async_rst_inst/reset_pol
    SLICE_X44Y112        FDCE                                         f  gru_bin_version_i/axi_smc/inst/m01_nodes/m01_aw_node/inst/s_sc_xpm_cdc_async_rst_inst/arststages_ff_reg[2]/CLR
  -------------------------------------------------------------------    -------------------

                         (clock clk_fpga_0 rise edge)
                                                      0.000     0.000 r  
    PS7_X0Y0             PS7                          0.000     0.000 r  gru_bin_version_i/processing_system7_0/inst/PS7_i/FCLKCLK[0]
                         net (fo=1, routed)           0.337     0.337    gru_bin_version_i/processing_system7_0/inst/FCLK_CLK_unbuffered[0]
    BUFGCTRL_X0Y16       BUFG (Prop_bufg_I_O)         0.029     0.366 r  gru_bin_version_i/processing_system7_0/inst/buffer_fclk_clk_0.FCLK_CLK_0_BUFG/O
                         net (fo=25495, routed)       0.906     1.272    gru_bin_version_i/axi_smc/inst/m01_nodes/m01_aw_node/inst/s_sc_xpm_cdc_async_rst_inst/dest_clk
    SLICE_X44Y112        FDCE                                         r  gru_bin_version_i/axi_smc/inst/m01_nodes/m01_aw_node/inst/s_sc_xpm_cdc_async_rst_inst/arststages_ff_reg[2]/C

Slack:                    inf
  Source:                 gru_bin_version_i/axi_smc/inst/clk_map/psr_aclk/U0/ACTIVE_LOW_BSR_OUT_DFF[0].FDRE_BSR_N/C
                            (rising edge-triggered cell FDRE clocked by clk_fpga_0  {rise@0.000ns fall@5.000ns period=10.000ns})
  Destination:            gru_bin_version_i/axi_smc/inst/m00_nodes/m00_aw_node/inst/s_sc_xpm_cdc_async_rst_inst/arststages_ff_reg[0]/CLR
                            (removal check against rising-edge clock clk_fpga_0  {rise@0.000ns fall@5.000ns period=10.000ns})
  Path Group:             (none)
  Path Type:              Removal (Min at Fast Process Corner)
  Data Path Delay:        0.725ns  (logic 0.186ns (25.667%)  route 0.539ns (74.333%))
  Logic Levels:           1  (LUT1=1)
  Clock Path Skew:        0.304ns (DCD - SCD - CPR)
    Destination Clock Delay (DCD):    1.274ns
    Source Clock Delay      (SCD):    0.970ns
    Clock Pessimism Removal (CPR):    -0.000ns
  Clock Uncertainty:      0.154ns  ((TSJ^2 + TIJ^2)^1/2 + DJ) / 2 + PE
    Total System Jitter     (TSJ):    0.071ns
    Total Input Jitter      (TIJ):    0.300ns
    Discrete Jitter          (DJ):    0.000ns
    Phase Error              (PE):    0.000ns
  Timing Exception:       False Path

    Location             Delay type                Incr(ns)  Path(ns)    Netlist Resource(s)
  -------------------------------------------------------------------    -------------------
                         (clock clk_fpga_0 rise edge)
                                                      0.000     0.000 r  
    PS7_X0Y0             PS7                          0.000     0.000 r  gru_bin_version_i/processing_system7_0/inst/PS7_i/FCLKCLK[0]
                         net (fo=1, routed)           0.310     0.310    gru_bin_version_i/processing_system7_0/inst/FCLK_CLK_unbuffered[0]
    BUFGCTRL_X0Y16       BUFG (Prop_bufg_I_O)         0.026     0.336 r  gru_bin_version_i/processing_system7_0/inst/buffer_fclk_clk_0.FCLK_CLK_0_BUFG/O
                         net (fo=25495, routed)       0.634     0.970    gru_bin_version_i/axi_smc/inst/clk_map/psr_aclk/U0/aclk
    SLICE_X47Y114        FDRE                                         r  gru_bin_version_i/axi_smc/inst/clk_map/psr_aclk/U0/ACTIVE_LOW_BSR_OUT_DFF[0].FDRE_BSR_N/C
  -------------------------------------------------------------------    -------------------
    SLICE_X47Y114        FDRE (Prop_fdre_C_Q)         0.141     1.111 r  gru_bin_version_i/axi_smc/inst/clk_map/psr_aclk/U0/ACTIVE_LOW_BSR_OUT_DFF[0].FDRE_BSR_N/Q
                         net (fo=25, routed)          0.359     1.470    gru_bin_version_i/axi_smc/inst/m00_nodes/m00_aw_node/inst/s_sc_xpm_cdc_async_rst_inst/src_arst
    SLICE_X46Y111        LUT1 (Prop_lut1_I0_O)        0.045     1.515 f  gru_bin_version_i/axi_smc/inst/m00_nodes/m00_aw_node/inst/s_sc_xpm_cdc_async_rst_inst/arststages_ff[2]_i_1/O
                         net (fo=3, routed)           0.179     1.695    gru_bin_version_i/axi_smc/inst/m00_nodes/m00_aw_node/inst/s_sc_xpm_cdc_async_rst_inst/reset_pol
    SLICE_X46Y111        FDCE                                         f  gru_bin_version_i/axi_smc/inst/m00_nodes/m00_aw_node/inst/s_sc_xpm_cdc_async_rst_inst/arststages_ff_reg[0]/CLR
  -------------------------------------------------------------------    -------------------

                         (clock clk_fpga_0 rise edge)
                                                      0.000     0.000 r  
    PS7_X0Y0             PS7                          0.000     0.000 r  gru_bin_version_i/processing_system7_0/inst/PS7_i/FCLKCLK[0]
                         net (fo=1, routed)           0.337     0.337    gru_bin_version_i/processing_system7_0/inst/FCLK_CLK_unbuffered[0]
    BUFGCTRL_X0Y16       BUFG (Prop_bufg_I_O)         0.029     0.366 r  gru_bin_version_i/processing_system7_0/inst/buffer_fclk_clk_0.FCLK_CLK_0_BUFG/O
                         net (fo=25495, routed)       0.908     1.274    gru_bin_version_i/axi_smc/inst/m00_nodes/m00_aw_node/inst/s_sc_xpm_cdc_async_rst_inst/dest_clk
    SLICE_X46Y111        FDCE                                         r  gru_bin_version_i/axi_smc/inst/m00_nodes/m00_aw_node/inst/s_sc_xpm_cdc_async_rst_inst/arststages_ff_reg[0]/C

Slack:                    inf
  Source:                 gru_bin_version_i/axi_smc/inst/clk_map/psr_aclk/U0/ACTIVE_LOW_BSR_OUT_DFF[0].FDRE_BSR_N/C
                            (rising edge-triggered cell FDRE clocked by clk_fpga_0  {rise@0.000ns fall@5.000ns period=10.000ns})
  Destination:            gru_bin_version_i/axi_smc/inst/m00_nodes/m00_aw_node/inst/s_sc_xpm_cdc_async_rst_inst/arststages_ff_reg[1]/CLR
                            (removal check against rising-edge clock clk_fpga_0  {rise@0.000ns fall@5.000ns period=10.000ns})
  Path Group:             (none)
  Path Type:              Removal (Min at Fast Process Corner)
  Data Path Delay:        0.725ns  (logic 0.186ns (25.667%)  route 0.539ns (74.333%))
  Logic Levels:           1  (LUT1=1)
  Clock Path Skew:        0.304ns (DCD - SCD - CPR)
    Destination Clock Delay (DCD):    1.274ns
    Source Clock Delay      (SCD):    0.970ns
    Clock Pessimism Removal (CPR):    -0.000ns
  Clock Uncertainty:      0.154ns  ((TSJ^2 + TIJ^2)^1/2 + DJ) / 2 + PE
    Total System Jitter     (TSJ):    0.071ns
    Total Input Jitter      (TIJ):    0.300ns
    Discrete Jitter          (DJ):    0.000ns
    Phase Error              (PE):    0.000ns
  Timing Exception:       False Path

    Location             Delay type                Incr(ns)  Path(ns)    Netlist Resource(s)
  -------------------------------------------------------------------    -------------------
                         (clock clk_fpga_0 rise edge)
                                                      0.000     0.000 r  
    PS7_X0Y0             PS7                          0.000     0.000 r  gru_bin_version_i/processing_system7_0/inst/PS7_i/FCLKCLK[0]
                         net (fo=1, routed)           0.310     0.310    gru_bin_version_i/processing_system7_0/inst/FCLK_CLK_unbuffered[0]
    BUFGCTRL_X0Y16       BUFG (Prop_bufg_I_O)         0.026     0.336 r  gru_bin_version_i/processing_system7_0/inst/buffer_fclk_clk_0.FCLK_CLK_0_BUFG/O
                         net (fo=25495, routed)       0.634     0.970    gru_bin_version_i/axi_smc/inst/clk_map/psr_aclk/U0/aclk
    SLICE_X47Y114        FDRE                                         r  gru_bin_version_i/axi_smc/inst/clk_map/psr_aclk/U0/ACTIVE_LOW_BSR_OUT_DFF[0].FDRE_BSR_N/C
  -------------------------------------------------------------------    -------------------
    SLICE_X47Y114        FDRE (Prop_fdre_C_Q)         0.141     1.111 r  gru_bin_version_i/axi_smc/inst/clk_map/psr_aclk/U0/ACTIVE_LOW_BSR_OUT_DFF[0].FDRE_BSR_N/Q
                         net (fo=25, routed)          0.359     1.470    gru_bin_version_i/axi_smc/inst/m00_nodes/m00_aw_node/inst/s_sc_xpm_cdc_async_rst_inst/src_arst
    SLICE_X46Y111        LUT1 (Prop_lut1_I0_O)        0.045     1.515 f  gru_bin_version_i/axi_smc/inst/m00_nodes/m00_aw_node/inst/s_sc_xpm_cdc_async_rst_inst/arststages_ff[2]_i_1/O
                         net (fo=3, routed)           0.179     1.695    gru_bin_version_i/axi_smc/inst/m00_nodes/m00_aw_node/inst/s_sc_xpm_cdc_async_rst_inst/reset_pol
    SLICE_X46Y111        FDCE                                         f  gru_bin_version_i/axi_smc/inst/m00_nodes/m00_aw_node/inst/s_sc_xpm_cdc_async_rst_inst/arststages_ff_reg[1]/CLR
  -------------------------------------------------------------------    -------------------

                         (clock clk_fpga_0 rise edge)
                                                      0.000     0.000 r  
    PS7_X0Y0             PS7                          0.000     0.000 r  gru_bin_version_i/processing_system7_0/inst/PS7_i/FCLKCLK[0]
                         net (fo=1, routed)           0.337     0.337    gru_bin_version_i/processing_system7_0/inst/FCLK_CLK_unbuffered[0]
    BUFGCTRL_X0Y16       BUFG (Prop_bufg_I_O)         0.029     0.366 r  gru_bin_version_i/processing_system7_0/inst/buffer_fclk_clk_0.FCLK_CLK_0_BUFG/O
                         net (fo=25495, routed)       0.908     1.274    gru_bin_version_i/axi_smc/inst/m00_nodes/m00_aw_node/inst/s_sc_xpm_cdc_async_rst_inst/dest_clk
    SLICE_X46Y111        FDCE                                         r  gru_bin_version_i/axi_smc/inst/m00_nodes/m00_aw_node/inst/s_sc_xpm_cdc_async_rst_inst/arststages_ff_reg[1]/C

Slack:                    inf
  Source:                 gru_bin_version_i/axi_smc/inst/clk_map/psr_aclk/U0/ACTIVE_LOW_BSR_OUT_DFF[0].FDRE_BSR_N/C
                            (rising edge-triggered cell FDRE clocked by clk_fpga_0  {rise@0.000ns fall@5.000ns period=10.000ns})
  Destination:            gru_bin_version_i/axi_smc/inst/m00_nodes/m00_aw_node/inst/s_sc_xpm_cdc_async_rst_inst/arststages_ff_reg[2]/CLR
                            (removal check against rising-edge clock clk_fpga_0  {rise@0.000ns fall@5.000ns period=10.000ns})
  Path Group:             (none)
  Path Type:              Removal (Min at Fast Process Corner)
  Data Path Delay:        0.725ns  (logic 0.186ns (25.667%)  route 0.539ns (74.333%))
  Logic Levels:           1  (LUT1=1)
  Clock Path Skew:        0.304ns (DCD - SCD - CPR)
    Destination Clock Delay (DCD):    1.274ns
    Source Clock Delay      (SCD):    0.970ns
    Clock Pessimism Removal (CPR):    -0.000ns
  Clock Uncertainty:      0.154ns  ((TSJ^2 + TIJ^2)^1/2 + DJ) / 2 + PE
    Total System Jitter     (TSJ):    0.071ns
    Total Input Jitter      (TIJ):    0.300ns
    Discrete Jitter          (DJ):    0.000ns
    Phase Error              (PE):    0.000ns
  Timing Exception:       False Path

    Location             Delay type                Incr(ns)  Path(ns)    Netlist Resource(s)
  -------------------------------------------------------------------    -------------------
                         (clock clk_fpga_0 rise edge)
                                                      0.000     0.000 r  
    PS7_X0Y0             PS7                          0.000     0.000 r  gru_bin_version_i/processing_system7_0/inst/PS7_i/FCLKCLK[0]
                         net (fo=1, routed)           0.310     0.310    gru_bin_version_i/processing_system7_0/inst/FCLK_CLK_unbuffered[0]
    BUFGCTRL_X0Y16       BUFG (Prop_bufg_I_O)         0.026     0.336 r  gru_bin_version_i/processing_system7_0/inst/buffer_fclk_clk_0.FCLK_CLK_0_BUFG/O
                         net (fo=25495, routed)       0.634     0.970    gru_bin_version_i/axi_smc/inst/clk_map/psr_aclk/U0/aclk
    SLICE_X47Y114        FDRE                                         r  gru_bin_version_i/axi_smc/inst/clk_map/psr_aclk/U0/ACTIVE_LOW_BSR_OUT_DFF[0].FDRE_BSR_N/C
  -------------------------------------------------------------------    -------------------
    SLICE_X47Y114        FDRE (Prop_fdre_C_Q)         0.141     1.111 r  gru_bin_version_i/axi_smc/inst/clk_map/psr_aclk/U0/ACTIVE_LOW_BSR_OUT_DFF[0].FDRE_BSR_N/Q
                         net (fo=25, routed)          0.359     1.470    gru_bin_version_i/axi_smc/inst/m00_nodes/m00_aw_node/inst/s_sc_xpm_cdc_async_rst_inst/src_arst
    SLICE_X46Y111        LUT1 (Prop_lut1_I0_O)        0.045     1.515 f  gru_bin_version_i/axi_smc/inst/m00_nodes/m00_aw_node/inst/s_sc_xpm_cdc_async_rst_inst/arststages_ff[2]_i_1/O
                         net (fo=3, routed)           0.179     1.695    gru_bin_version_i/axi_smc/inst/m00_nodes/m00_aw_node/inst/s_sc_xpm_cdc_async_rst_inst/reset_pol
    SLICE_X46Y111        FDCE                                         f  gru_bin_version_i/axi_smc/inst/m00_nodes/m00_aw_node/inst/s_sc_xpm_cdc_async_rst_inst/arststages_ff_reg[2]/CLR
  -------------------------------------------------------------------    -------------------

                         (clock clk_fpga_0 rise edge)
                                                      0.000     0.000 r  
    PS7_X0Y0             PS7                          0.000     0.000 r  gru_bin_version_i/processing_system7_0/inst/PS7_i/FCLKCLK[0]
                         net (fo=1, routed)           0.337     0.337    gru_bin_version_i/processing_system7_0/inst/FCLK_CLK_unbuffered[0]
    BUFGCTRL_X0Y16       BUFG (Prop_bufg_I_O)         0.029     0.366 r  gru_bin_version_i/processing_system7_0/inst/buffer_fclk_clk_0.FCLK_CLK_0_BUFG/O
                         net (fo=25495, routed)       0.908     1.274    gru_bin_version_i/axi_smc/inst/m00_nodes/m00_aw_node/inst/s_sc_xpm_cdc_async_rst_inst/dest_clk
    SLICE_X46Y111        FDCE                                         r  gru_bin_version_i/axi_smc/inst/m00_nodes/m00_aw_node/inst/s_sc_xpm_cdc_async_rst_inst/arststages_ff_reg[2]/C

Slack:                    inf
  Source:                 gru_bin_version_i/rst_ps7_0_100M/U0/ACTIVE_LOW_PR_OUT_DFF[0].FDRE_PER_N/C
                            (rising edge-triggered cell FDRE clocked by clk_fpga_0  {rise@0.000ns fall@5.000ns period=10.000ns})
  Destination:            gru_bin_version_i/axi_dma_0/U0/I_RST_MODULE/REG_HRD_RST_OUT/syncstages_ff_reg[0]/D
                            (rising edge-triggered cell FDRE clocked by clk_fpga_0  {rise@0.000ns fall@5.000ns period=10.000ns})
  Path Group:             (none)
  Path Type:              Hold (Min at Fast Process Corner)
  Data Path Delay:        0.703ns  (logic 0.164ns (23.333%)  route 0.539ns (76.667%))
  Logic Levels:           0  
  Clock Path Skew:        0.282ns (DCD - SCD - CPR)
    Destination Clock Delay (DCD):    1.275ns
    Source Clock Delay      (SCD):    0.993ns
    Clock Pessimism Removal (CPR):    -0.000ns
  Clock Uncertainty:      0.154ns  ((TSJ^2 + TIJ^2)^1/2 + DJ) / 2 + PE
    Total System Jitter     (TSJ):    0.071ns
    Total Input Jitter      (TIJ):    0.300ns
    Discrete Jitter          (DJ):    0.000ns
    Phase Error              (PE):    0.000ns
  Timing Exception:       False Path

    Location             Delay type                Incr(ns)  Path(ns)    Netlist Resource(s)
  -------------------------------------------------------------------    -------------------
                         (clock clk_fpga_0 rise edge)
                                                      0.000     0.000 r  
    PS7_X0Y0             PS7                          0.000     0.000 r  gru_bin_version_i/processing_system7_0/inst/PS7_i/FCLKCLK[0]
                         net (fo=1, routed)           0.310     0.310    gru_bin_version_i/processing_system7_0/inst/FCLK_CLK_unbuffered[0]
    BUFGCTRL_X0Y16       BUFG (Prop_bufg_I_O)         0.026     0.336 r  gru_bin_version_i/processing_system7_0/inst/buffer_fclk_clk_0.FCLK_CLK_0_BUFG/O
                         net (fo=25495, routed)       0.657     0.993    gru_bin_version_i/rst_ps7_0_100M/U0/slowest_sync_clk
    SLICE_X54Y108        FDRE                                         r  gru_bin_version_i/rst_ps7_0_100M/U0/ACTIVE_LOW_PR_OUT_DFF[0].FDRE_PER_N/C
  -------------------------------------------------------------------    -------------------
    SLICE_X54Y108        FDRE (Prop_fdre_C_Q)         0.164     1.157 r  gru_bin_version_i/rst_ps7_0_100M/U0/ACTIVE_LOW_PR_OUT_DFF[0].FDRE_PER_N/Q
                         net (fo=26, routed)          0.539     1.696    gru_bin_version_i/axi_dma_0/U0/I_RST_MODULE/REG_HRD_RST_OUT/src_rst
    SLICE_X41Y107        FDRE                                         r  gru_bin_version_i/axi_dma_0/U0/I_RST_MODULE/REG_HRD_RST_OUT/syncstages_ff_reg[0]/D
  -------------------------------------------------------------------    -------------------

                         (clock clk_fpga_0 rise edge)
                                                      0.000     0.000 r  
    PS7_X0Y0             PS7                          0.000     0.000 r  gru_bin_version_i/processing_system7_0/inst/PS7_i/FCLKCLK[0]
                         net (fo=1, routed)           0.337     0.337    gru_bin_version_i/processing_system7_0/inst/FCLK_CLK_unbuffered[0]
    BUFGCTRL_X0Y16       BUFG (Prop_bufg_I_O)         0.029     0.366 r  gru_bin_version_i/processing_system7_0/inst/buffer_fclk_clk_0.FCLK_CLK_0_BUFG/O
                         net (fo=25495, routed)       0.909     1.275    gru_bin_version_i/axi_dma_0/U0/I_RST_MODULE/REG_HRD_RST_OUT/dest_clk
    SLICE_X41Y107        FDRE                                         r  gru_bin_version_i/axi_dma_0/U0/I_RST_MODULE/REG_HRD_RST_OUT/syncstages_ff_reg[0]/C





--------------------------------------------------------------------------------------
Path Group:  (none)
From Clock:  
  To Clock:  clk_fpga_0

Max Delay          1857 Endpoints
Min Delay          1857 Endpoints
--------------------------------------------------------------------------------------


Max Delay Paths
--------------------------------------------------------------------------------------
Slack:                    inf
  Source:                 gru_bin_version_i/gru_va_0/inst/grp_gru_va_Pipeline_HIDDEN_LOOP_fu_804/mul_22s_20ns_42_1_1_U12/tmp_product/ACOUT[19]
                            (internal pin)
  Destination:            gru_bin_version_i/gru_va_0/inst/grp_gru_va_Pipeline_HIDDEN_LOOP_fu_804/reg_6057_reg[30]/D
                            (rising edge-triggered cell FDRE clocked by clk_fpga_0  {rise@0.000ns fall@5.000ns period=10.000ns})
  Path Group:             (none)
  Path Type:              Setup (Max at Slow Process Corner)
  Data Path Delay:        4.467ns  (logic 3.639ns (81.458%)  route 0.828ns (18.542%))
  Logic Levels:           1  (DSP48E1=1)
  Clock Uncertainty:      0.152ns  ((TSJ^2 + TIJ^2)^1/2 + DJ) / 2 + PE
    Total System Jitter     (TSJ):    0.050ns
    Total Input Jitter      (TIJ):    0.300ns
    Discrete Jitter          (DJ):    0.000ns
    Phase Error              (PE):    0.000ns

    Location             Delay type                Incr(ns)  Path(ns)    Netlist Resource(s)
  -------------------------------------------------------------------    -------------------
    DSP48_X1Y6           DSP48E1                      0.000     0.000 r  gru_bin_version_i/gru_va_0/inst/grp_gru_va_Pipeline_HIDDEN_LOOP_fu_804/mul_22s_20ns_42_1_1_U12/tmp_product/ACOUT[19]
                         net (fo=1, routed)           0.002     0.002    gru_bin_version_i/gru_va_0/inst/grp_gru_va_Pipeline_HIDDEN_LOOP_fu_804/mul_22s_20ns_42_1_1_U12/tmp_product_n_37
    DSP48_X1Y7           DSP48E1 (Prop_dsp48e1_ACIN[19]_P[13])
                                                      3.639     3.641 r  gru_bin_version_i/gru_va_0/inst/grp_gru_va_Pipeline_HIDDEN_LOOP_fu_804/mul_22s_20ns_42_1_1_U12/tmp_product__0/P[13]
                         net (fo=1, routed)           0.826     4.467    gru_bin_version_i/gru_va_0/inst/grp_gru_va_Pipeline_HIDDEN_LOOP_fu_804/grp_fu_5797_p2[30]
    SLICE_X21Y18         FDRE                                         r  gru_bin_version_i/gru_va_0/inst/grp_gru_va_Pipeline_HIDDEN_LOOP_fu_804/reg_6057_reg[30]/D
  -------------------------------------------------------------------    -------------------

                         (clock clk_fpga_0 rise edge)
                                                      0.000     0.000 r  
    PS7_X0Y0             PS7                          0.000     0.000 r  gru_bin_version_i/processing_system7_0/inst/PS7_i/FCLKCLK[0]
                         net (fo=1, routed)           1.088     1.088    gru_bin_version_i/processing_system7_0/inst/FCLK_CLK_unbuffered[0]
    BUFGCTRL_X0Y16       BUFG (Prop_bufg_I_O)         0.091     1.179 r  gru_bin_version_i/processing_system7_0/inst/buffer_fclk_clk_0.FCLK_CLK_0_BUFG/O
                         net (fo=25495, routed)       1.569     2.748    gru_bin_version_i/gru_va_0/inst/grp_gru_va_Pipeline_HIDDEN_LOOP_fu_804/ap_clk
    SLICE_X21Y18         FDRE                                         r  gru_bin_version_i/gru_va_0/inst/grp_gru_va_Pipeline_HIDDEN_LOOP_fu_804/reg_6057_reg[30]/C

Slack:                    inf
  Source:                 gru_bin_version_i/gru_va_0/inst/grp_gru_va_Pipeline_HIDDEN_LOOP_fu_804/mul_22s_20ns_42_1_1_U12/tmp_product/ACOUT[19]
                            (internal pin)
  Destination:            gru_bin_version_i/gru_va_0/inst/grp_gru_va_Pipeline_HIDDEN_LOOP_fu_804/reg_6057_reg[39]/D
                            (rising edge-triggered cell FDRE clocked by clk_fpga_0  {rise@0.000ns fall@5.000ns period=10.000ns})
  Path Group:             (none)
  Path Type:              Setup (Max at Slow Process Corner)
  Data Path Delay:        4.465ns  (logic 3.639ns (81.494%)  route 0.826ns (18.506%))
  Logic Levels:           1  (DSP48E1=1)
  Clock Uncertainty:      0.152ns  ((TSJ^2 + TIJ^2)^1/2 + DJ) / 2 + PE
    Total System Jitter     (TSJ):    0.050ns
    Total Input Jitter      (TIJ):    0.300ns
    Discrete Jitter          (DJ):    0.000ns
    Phase Error              (PE):    0.000ns

    Location             Delay type                Incr(ns)  Path(ns)    Netlist Resource(s)
  -------------------------------------------------------------------    -------------------
    DSP48_X1Y6           DSP48E1                      0.000     0.000 r  gru_bin_version_i/gru_va_0/inst/grp_gru_va_Pipeline_HIDDEN_LOOP_fu_804/mul_22s_20ns_42_1_1_U12/tmp_product/ACOUT[19]
                         net (fo=1, routed)           0.002     0.002    gru_bin_version_i/gru_va_0/inst/grp_gru_va_Pipeline_HIDDEN_LOOP_fu_804/mul_22s_20ns_42_1_1_U12/tmp_product_n_37
    DSP48_X1Y7           DSP48E1 (Prop_dsp48e1_ACIN[19]_P[22])
                                                      3.639     3.641 r  gru_bin_version_i/gru_va_0/inst/grp_gru_va_Pipeline_HIDDEN_LOOP_fu_804/mul_22s_20ns_42_1_1_U12/tmp_product__0/P[22]
                         net (fo=1, routed)           0.824     4.465    gru_bin_version_i/gru_va_0/inst/grp_gru_va_Pipeline_HIDDEN_LOOP_fu_804/grp_fu_5797_p2[39]
    SLICE_X21Y16         FDRE                                         r  gru_bin_version_i/gru_va_0/inst/grp_gru_va_Pipeline_HIDDEN_LOOP_fu_804/reg_6057_reg[39]/D
  -------------------------------------------------------------------    -------------------

                         (clock clk_fpga_0 rise edge)
                                                      0.000     0.000 r  
    PS7_X0Y0             PS7                          0.000     0.000 r  gru_bin_version_i/processing_system7_0/inst/PS7_i/FCLKCLK[0]
                         net (fo=1, routed)           1.088     1.088    gru_bin_version_i/processing_system7_0/inst/FCLK_CLK_unbuffered[0]
    BUFGCTRL_X0Y16       BUFG (Prop_bufg_I_O)         0.091     1.179 r  gru_bin_version_i/processing_system7_0/inst/buffer_fclk_clk_0.FCLK_CLK_0_BUFG/O
                         net (fo=25495, routed)       1.572     2.751    gru_bin_version_i/gru_va_0/inst/grp_gru_va_Pipeline_HIDDEN_LOOP_fu_804/ap_clk
    SLICE_X21Y16         FDRE                                         r  gru_bin_version_i/gru_va_0/inst/grp_gru_va_Pipeline_HIDDEN_LOOP_fu_804/reg_6057_reg[39]/C

Slack:                    inf
  Source:                 gru_bin_version_i/gru_va_0/inst/grp_gru_va_Pipeline_HIDDEN_LOOP_fu_804/mul_22s_20ns_42_1_1_U12/tmp_product/ACOUT[19]
                            (internal pin)
  Destination:            gru_bin_version_i/gru_va_0/inst/grp_gru_va_Pipeline_HIDDEN_LOOP_fu_804/reg_6057_reg[21]/D
                            (rising edge-triggered cell FDRE clocked by clk_fpga_0  {rise@0.000ns fall@5.000ns period=10.000ns})
  Path Group:             (none)
  Path Type:              Setup (Max at Slow Process Corner)
  Data Path Delay:        4.419ns  (logic 3.639ns (82.355%)  route 0.780ns (17.645%))
  Logic Levels:           1  (DSP48E1=1)
  Clock Uncertainty:      0.152ns  ((TSJ^2 + TIJ^2)^1/2 + DJ) / 2 + PE
    Total System Jitter     (TSJ):    0.050ns
    Total Input Jitter      (TIJ):    0.300ns
    Discrete Jitter          (DJ):    0.000ns
    Phase Error              (PE):    0.000ns

    Location             Delay type                Incr(ns)  Path(ns)    Netlist Resource(s)
  -------------------------------------------------------------------    -------------------
    DSP48_X1Y6           DSP48E1                      0.000     0.000 r  gru_bin_version_i/gru_va_0/inst/grp_gru_va_Pipeline_HIDDEN_LOOP_fu_804/mul_22s_20ns_42_1_1_U12/tmp_product/ACOUT[19]
                         net (fo=1, routed)           0.002     0.002    gru_bin_version_i/gru_va_0/inst/grp_gru_va_Pipeline_HIDDEN_LOOP_fu_804/mul_22s_20ns_42_1_1_U12/tmp_product_n_37
    DSP48_X1Y7           DSP48E1 (Prop_dsp48e1_ACIN[19]_P[4])
                                                      3.639     3.641 r  gru_bin_version_i/gru_va_0/inst/grp_gru_va_Pipeline_HIDDEN_LOOP_fu_804/mul_22s_20ns_42_1_1_U12/tmp_product__0/P[4]
                         net (fo=1, routed)           0.778     4.419    gru_bin_version_i/gru_va_0/inst/grp_gru_va_Pipeline_HIDDEN_LOOP_fu_804/grp_fu_5797_p2[21]
    SLICE_X21Y16         FDRE                                         r  gru_bin_version_i/gru_va_0/inst/grp_gru_va_Pipeline_HIDDEN_LOOP_fu_804/reg_6057_reg[21]/D
  -------------------------------------------------------------------    -------------------

                         (clock clk_fpga_0 rise edge)
                                                      0.000     0.000 r  
    PS7_X0Y0             PS7                          0.000     0.000 r  gru_bin_version_i/processing_system7_0/inst/PS7_i/FCLKCLK[0]
                         net (fo=1, routed)           1.088     1.088    gru_bin_version_i/processing_system7_0/inst/FCLK_CLK_unbuffered[0]
    BUFGCTRL_X0Y16       BUFG (Prop_bufg_I_O)         0.091     1.179 r  gru_bin_version_i/processing_system7_0/inst/buffer_fclk_clk_0.FCLK_CLK_0_BUFG/O
                         net (fo=25495, routed)       1.572     2.751    gru_bin_version_i/gru_va_0/inst/grp_gru_va_Pipeline_HIDDEN_LOOP_fu_804/ap_clk
    SLICE_X21Y16         FDRE                                         r  gru_bin_version_i/gru_va_0/inst/grp_gru_va_Pipeline_HIDDEN_LOOP_fu_804/reg_6057_reg[21]/C

Slack:                    inf
  Source:                 gru_bin_version_i/gru_va_0/inst/grp_gru_va_Pipeline_HIDDEN_LOOP_fu_804/mul_22s_20ns_42_1_1_U12/tmp_product/ACOUT[19]
                            (internal pin)
  Destination:            gru_bin_version_i/gru_va_0/inst/grp_gru_va_Pipeline_HIDDEN_LOOP_fu_804/reg_6057_reg[38]/D
                            (rising edge-triggered cell FDRE clocked by clk_fpga_0  {rise@0.000ns fall@5.000ns period=10.000ns})
  Path Group:             (none)
  Path Type:              Setup (Max at Slow Process Corner)
  Data Path Delay:        4.416ns  (logic 3.639ns (82.398%)  route 0.777ns (17.602%))
  Logic Levels:           1  (DSP48E1=1)
  Clock Uncertainty:      0.152ns  ((TSJ^2 + TIJ^2)^1/2 + DJ) / 2 + PE
    Total System Jitter     (TSJ):    0.050ns
    Total Input Jitter      (TIJ):    0.300ns
    Discrete Jitter          (DJ):    0.000ns
    Phase Error              (PE):    0.000ns

    Location             Delay type                Incr(ns)  Path(ns)    Netlist Resource(s)
  -------------------------------------------------------------------    -------------------
    DSP48_X1Y6           DSP48E1                      0.000     0.000 r  gru_bin_version_i/gru_va_0/inst/grp_gru_va_Pipeline_HIDDEN_LOOP_fu_804/mul_22s_20ns_42_1_1_U12/tmp_product/ACOUT[19]
                         net (fo=1, routed)           0.002     0.002    gru_bin_version_i/gru_va_0/inst/grp_gru_va_Pipeline_HIDDEN_LOOP_fu_804/mul_22s_20ns_42_1_1_U12/tmp_product_n_37
    DSP48_X1Y7           DSP48E1 (Prop_dsp48e1_ACIN[19]_P[21])
                                                      3.639     3.641 r  gru_bin_version_i/gru_va_0/inst/grp_gru_va_Pipeline_HIDDEN_LOOP_fu_804/mul_22s_20ns_42_1_1_U12/tmp_product__0/P[21]
                         net (fo=1, routed)           0.775     4.416    gru_bin_version_i/gru_va_0/inst/grp_gru_va_Pipeline_HIDDEN_LOOP_fu_804/grp_fu_5797_p2[38]
    SLICE_X20Y15         FDRE                                         r  gru_bin_version_i/gru_va_0/inst/grp_gru_va_Pipeline_HIDDEN_LOOP_fu_804/reg_6057_reg[38]/D
  -------------------------------------------------------------------    -------------------

                         (clock clk_fpga_0 rise edge)
                                                      0.000     0.000 r  
    PS7_X0Y0             PS7                          0.000     0.000 r  gru_bin_version_i/processing_system7_0/inst/PS7_i/FCLKCLK[0]
                         net (fo=1, routed)           1.088     1.088    gru_bin_version_i/processing_system7_0/inst/FCLK_CLK_unbuffered[0]
    BUFGCTRL_X0Y16       BUFG (Prop_bufg_I_O)         0.091     1.179 r  gru_bin_version_i/processing_system7_0/inst/buffer_fclk_clk_0.FCLK_CLK_0_BUFG/O
                         net (fo=25495, routed)       1.573     2.752    gru_bin_version_i/gru_va_0/inst/grp_gru_va_Pipeline_HIDDEN_LOOP_fu_804/ap_clk
    SLICE_X20Y15         FDRE                                         r  gru_bin_version_i/gru_va_0/inst/grp_gru_va_Pipeline_HIDDEN_LOOP_fu_804/reg_6057_reg[38]/C

Slack:                    inf
  Source:                 gru_bin_version_i/gru_va_0/inst/grp_gru_va_Pipeline_HIDDEN_LOOP_fu_804/mul_22s_20ns_42_1_1_U12/tmp_product/ACOUT[19]
                            (internal pin)
  Destination:            gru_bin_version_i/gru_va_0/inst/grp_gru_va_Pipeline_HIDDEN_LOOP_fu_804/trunc_ln170_reg_21549_reg[17]/D
                            (rising edge-triggered cell FDRE clocked by clk_fpga_0  {rise@0.000ns fall@5.000ns period=10.000ns})
  Path Group:             (none)
  Path Type:              Setup (Max at Slow Process Corner)
  Data Path Delay:        4.386ns  (logic 3.639ns (82.959%)  route 0.747ns (17.041%))
  Logic Levels:           1  (DSP48E1=1)
  Clock Uncertainty:      0.152ns  ((TSJ^2 + TIJ^2)^1/2 + DJ) / 2 + PE
    Total System Jitter     (TSJ):    0.050ns
    Total Input Jitter      (TIJ):    0.300ns
    Discrete Jitter          (DJ):    0.000ns
    Phase Error              (PE):    0.000ns

    Location             Delay type                Incr(ns)  Path(ns)    Netlist Resource(s)
  -------------------------------------------------------------------    -------------------
    DSP48_X1Y6           DSP48E1                      0.000     0.000 r  gru_bin_version_i/gru_va_0/inst/grp_gru_va_Pipeline_HIDDEN_LOOP_fu_804/mul_22s_20ns_42_1_1_U12/tmp_product/ACOUT[19]
                         net (fo=1, routed)           0.002     0.002    gru_bin_version_i/gru_va_0/inst/grp_gru_va_Pipeline_HIDDEN_LOOP_fu_804/mul_22s_20ns_42_1_1_U12/tmp_product_n_37
    DSP48_X1Y7           DSP48E1 (Prop_dsp48e1_ACIN[19]_P[0])
                                                      3.639     3.641 r  gru_bin_version_i/gru_va_0/inst/grp_gru_va_Pipeline_HIDDEN_LOOP_fu_804/mul_22s_20ns_42_1_1_U12/tmp_product__0/P[0]
                         net (fo=2, routed)           0.745     4.386    gru_bin_version_i/gru_va_0/inst/grp_gru_va_Pipeline_HIDDEN_LOOP_fu_804/grp_fu_5797_p2[17]
    SLICE_X21Y15         FDRE                                         r  gru_bin_version_i/gru_va_0/inst/grp_gru_va_Pipeline_HIDDEN_LOOP_fu_804/trunc_ln170_reg_21549_reg[17]/D
  -------------------------------------------------------------------    -------------------

                         (clock clk_fpga_0 rise edge)
                                                      0.000     0.000 r  
    PS7_X0Y0             PS7                          0.000     0.000 r  gru_bin_version_i/processing_system7_0/inst/PS7_i/FCLKCLK[0]
                         net (fo=1, routed)           1.088     1.088    gru_bin_version_i/processing_system7_0/inst/FCLK_CLK_unbuffered[0]
    BUFGCTRL_X0Y16       BUFG (Prop_bufg_I_O)         0.091     1.179 r  gru_bin_version_i/processing_system7_0/inst/buffer_fclk_clk_0.FCLK_CLK_0_BUFG/O
                         net (fo=25495, routed)       1.573     2.752    gru_bin_version_i/gru_va_0/inst/grp_gru_va_Pipeline_HIDDEN_LOOP_fu_804/ap_clk
    SLICE_X21Y15         FDRE                                         r  gru_bin_version_i/gru_va_0/inst/grp_gru_va_Pipeline_HIDDEN_LOOP_fu_804/trunc_ln170_reg_21549_reg[17]/C

Slack:                    inf
  Source:                 gru_bin_version_i/gru_va_0/inst/grp_gru_va_Pipeline_HIDDEN_LOOP_fu_804/mul_22s_20ns_42_1_1_U12/tmp_product/ACOUT[19]
                            (internal pin)
  Destination:            gru_bin_version_i/gru_va_0/inst/grp_gru_va_Pipeline_HIDDEN_LOOP_fu_804/trunc_ln170_reg_21549_reg[18]/D
                            (rising edge-triggered cell FDRE clocked by clk_fpga_0  {rise@0.000ns fall@5.000ns period=10.000ns})
  Path Group:             (none)
  Path Type:              Setup (Max at Slow Process Corner)
  Data Path Delay:        4.383ns  (logic 3.639ns (83.034%)  route 0.744ns (16.966%))
  Logic Levels:           1  (DSP48E1=1)
  Clock Uncertainty:      0.152ns  ((TSJ^2 + TIJ^2)^1/2 + DJ) / 2 + PE
    Total System Jitter     (TSJ):    0.050ns
    Total Input Jitter      (TIJ):    0.300ns
    Discrete Jitter          (DJ):    0.000ns
    Phase Error              (PE):    0.000ns

    Location             Delay type                Incr(ns)  Path(ns)    Netlist Resource(s)
  -------------------------------------------------------------------    -------------------
    DSP48_X1Y6           DSP48E1                      0.000     0.000 r  gru_bin_version_i/gru_va_0/inst/grp_gru_va_Pipeline_HIDDEN_LOOP_fu_804/mul_22s_20ns_42_1_1_U12/tmp_product/ACOUT[19]
                         net (fo=1, routed)           0.002     0.002    gru_bin_version_i/gru_va_0/inst/grp_gru_va_Pipeline_HIDDEN_LOOP_fu_804/mul_22s_20ns_42_1_1_U12/tmp_product_n_37
    DSP48_X1Y7           DSP48E1 (Prop_dsp48e1_ACIN[19]_P[1])
                                                      3.639     3.641 r  gru_bin_version_i/gru_va_0/inst/grp_gru_va_Pipeline_HIDDEN_LOOP_fu_804/mul_22s_20ns_42_1_1_U12/tmp_product__0/P[1]
                         net (fo=2, routed)           0.742     4.383    gru_bin_version_i/gru_va_0/inst/grp_gru_va_Pipeline_HIDDEN_LOOP_fu_804/grp_fu_5797_p2[18]
    SLICE_X21Y15         FDRE                                         r  gru_bin_version_i/gru_va_0/inst/grp_gru_va_Pipeline_HIDDEN_LOOP_fu_804/trunc_ln170_reg_21549_reg[18]/D
  -------------------------------------------------------------------    -------------------

                         (clock clk_fpga_0 rise edge)
                                                      0.000     0.000 r  
    PS7_X0Y0             PS7                          0.000     0.000 r  gru_bin_version_i/processing_system7_0/inst/PS7_i/FCLKCLK[0]
                         net (fo=1, routed)           1.088     1.088    gru_bin_version_i/processing_system7_0/inst/FCLK_CLK_unbuffered[0]
    BUFGCTRL_X0Y16       BUFG (Prop_bufg_I_O)         0.091     1.179 r  gru_bin_version_i/processing_system7_0/inst/buffer_fclk_clk_0.FCLK_CLK_0_BUFG/O
                         net (fo=25495, routed)       1.573     2.752    gru_bin_version_i/gru_va_0/inst/grp_gru_va_Pipeline_HIDDEN_LOOP_fu_804/ap_clk
    SLICE_X21Y15         FDRE                                         r  gru_bin_version_i/gru_va_0/inst/grp_gru_va_Pipeline_HIDDEN_LOOP_fu_804/trunc_ln170_reg_21549_reg[18]/C

Slack:                    inf
  Source:                 gru_bin_version_i/gru_va_0/inst/grp_gru_va_Pipeline_HIDDEN_LOOP_fu_804/mul_22s_20ns_42_1_1_U12/tmp_product/ACOUT[19]
                            (internal pin)
  Destination:            gru_bin_version_i/gru_va_0/inst/grp_gru_va_Pipeline_HIDDEN_LOOP_fu_804/reg_6057_reg[28]/D
                            (rising edge-triggered cell FDRE clocked by clk_fpga_0  {rise@0.000ns fall@5.000ns period=10.000ns})
  Path Group:             (none)
  Path Type:              Setup (Max at Slow Process Corner)
  Data Path Delay:        4.373ns  (logic 3.639ns (83.211%)  route 0.734ns (16.789%))
  Logic Levels:           1  (DSP48E1=1)
  Clock Uncertainty:      0.152ns  ((TSJ^2 + TIJ^2)^1/2 + DJ) / 2 + PE
    Total System Jitter     (TSJ):    0.050ns
    Total Input Jitter      (TIJ):    0.300ns
    Discrete Jitter          (DJ):    0.000ns
    Phase Error              (PE):    0.000ns

    Location             Delay type                Incr(ns)  Path(ns)    Netlist Resource(s)
  -------------------------------------------------------------------    -------------------
    DSP48_X1Y6           DSP48E1                      0.000     0.000 r  gru_bin_version_i/gru_va_0/inst/grp_gru_va_Pipeline_HIDDEN_LOOP_fu_804/mul_22s_20ns_42_1_1_U12/tmp_product/ACOUT[19]
                         net (fo=1, routed)           0.002     0.002    gru_bin_version_i/gru_va_0/inst/grp_gru_va_Pipeline_HIDDEN_LOOP_fu_804/mul_22s_20ns_42_1_1_U12/tmp_product_n_37
    DSP48_X1Y7           DSP48E1 (Prop_dsp48e1_ACIN[19]_P[11])
                                                      3.639     3.641 r  gru_bin_version_i/gru_va_0/inst/grp_gru_va_Pipeline_HIDDEN_LOOP_fu_804/mul_22s_20ns_42_1_1_U12/tmp_product__0/P[11]
                         net (fo=1, routed)           0.732     4.373    gru_bin_version_i/gru_va_0/inst/grp_gru_va_Pipeline_HIDDEN_LOOP_fu_804/grp_fu_5797_p2[28]
    SLICE_X21Y17         FDRE                                         r  gru_bin_version_i/gru_va_0/inst/grp_gru_va_Pipeline_HIDDEN_LOOP_fu_804/reg_6057_reg[28]/D
  -------------------------------------------------------------------    -------------------

                         (clock clk_fpga_0 rise edge)
                                                      0.000     0.000 r  
    PS7_X0Y0             PS7                          0.000     0.000 r  gru_bin_version_i/processing_system7_0/inst/PS7_i/FCLKCLK[0]
                         net (fo=1, routed)           1.088     1.088    gru_bin_version_i/processing_system7_0/inst/FCLK_CLK_unbuffered[0]
    BUFGCTRL_X0Y16       BUFG (Prop_bufg_I_O)         0.091     1.179 r  gru_bin_version_i/processing_system7_0/inst/buffer_fclk_clk_0.FCLK_CLK_0_BUFG/O
                         net (fo=25495, routed)       1.571     2.750    gru_bin_version_i/gru_va_0/inst/grp_gru_va_Pipeline_HIDDEN_LOOP_fu_804/ap_clk
    SLICE_X21Y17         FDRE                                         r  gru_bin_version_i/gru_va_0/inst/grp_gru_va_Pipeline_HIDDEN_LOOP_fu_804/reg_6057_reg[28]/C

Slack:                    inf
  Source:                 gru_bin_version_i/gru_va_0/inst/grp_gru_va_Pipeline_HIDDEN_LOOP_fu_804/mul_22s_20ns_42_1_1_U12/tmp_product/ACOUT[19]
                            (internal pin)
  Destination:            gru_bin_version_i/gru_va_0/inst/grp_gru_va_Pipeline_HIDDEN_LOOP_fu_804/reg_6057_reg[32]/D
                            (rising edge-triggered cell FDRE clocked by clk_fpga_0  {rise@0.000ns fall@5.000ns period=10.000ns})
  Path Group:             (none)
  Path Type:              Setup (Max at Slow Process Corner)
  Data Path Delay:        4.372ns  (logic 3.639ns (83.230%)  route 0.733ns (16.770%))
  Logic Levels:           1  (DSP48E1=1)
  Clock Uncertainty:      0.152ns  ((TSJ^2 + TIJ^2)^1/2 + DJ) / 2 + PE
    Total System Jitter     (TSJ):    0.050ns
    Total Input Jitter      (TIJ):    0.300ns
    Discrete Jitter          (DJ):    0.000ns
    Phase Error              (PE):    0.000ns

    Location             Delay type                Incr(ns)  Path(ns)    Netlist Resource(s)
  -------------------------------------------------------------------    -------------------
    DSP48_X1Y6           DSP48E1                      0.000     0.000 r  gru_bin_version_i/gru_va_0/inst/grp_gru_va_Pipeline_HIDDEN_LOOP_fu_804/mul_22s_20ns_42_1_1_U12/tmp_product/ACOUT[19]
                         net (fo=1, routed)           0.002     0.002    gru_bin_version_i/gru_va_0/inst/grp_gru_va_Pipeline_HIDDEN_LOOP_fu_804/mul_22s_20ns_42_1_1_U12/tmp_product_n_37
    DSP48_X1Y7           DSP48E1 (Prop_dsp48e1_ACIN[19]_P[15])
                                                      3.639     3.641 r  gru_bin_version_i/gru_va_0/inst/grp_gru_va_Pipeline_HIDDEN_LOOP_fu_804/mul_22s_20ns_42_1_1_U12/tmp_product__0/P[15]
                         net (fo=1, routed)           0.731     4.372    gru_bin_version_i/gru_va_0/inst/grp_gru_va_Pipeline_HIDDEN_LOOP_fu_804/grp_fu_5797_p2[32]
    SLICE_X21Y18         FDRE                                         r  gru_bin_version_i/gru_va_0/inst/grp_gru_va_Pipeline_HIDDEN_LOOP_fu_804/reg_6057_reg[32]/D
  -------------------------------------------------------------------    -------------------

                         (clock clk_fpga_0 rise edge)
                                                      0.000     0.000 r  
    PS7_X0Y0             PS7                          0.000     0.000 r  gru_bin_version_i/processing_system7_0/inst/PS7_i/FCLKCLK[0]
                         net (fo=1, routed)           1.088     1.088    gru_bin_version_i/processing_system7_0/inst/FCLK_CLK_unbuffered[0]
    BUFGCTRL_X0Y16       BUFG (Prop_bufg_I_O)         0.091     1.179 r  gru_bin_version_i/processing_system7_0/inst/buffer_fclk_clk_0.FCLK_CLK_0_BUFG/O
                         net (fo=25495, routed)       1.569     2.748    gru_bin_version_i/gru_va_0/inst/grp_gru_va_Pipeline_HIDDEN_LOOP_fu_804/ap_clk
    SLICE_X21Y18         FDRE                                         r  gru_bin_version_i/gru_va_0/inst/grp_gru_va_Pipeline_HIDDEN_LOOP_fu_804/reg_6057_reg[32]/C

Slack:                    inf
  Source:                 gru_bin_version_i/gru_va_0/inst/grp_gru_va_Pipeline_HIDDEN_LOOP_fu_804/mul_22s_20ns_42_1_1_U12/tmp_product/ACOUT[19]
                            (internal pin)
  Destination:            gru_bin_version_i/gru_va_0/inst/grp_gru_va_Pipeline_HIDDEN_LOOP_fu_804/reg_6057_reg[25]/D
                            (rising edge-triggered cell FDRE clocked by clk_fpga_0  {rise@0.000ns fall@5.000ns period=10.000ns})
  Path Group:             (none)
  Path Type:              Setup (Max at Slow Process Corner)
  Data Path Delay:        4.371ns  (logic 3.639ns (83.249%)  route 0.732ns (16.751%))
  Logic Levels:           1  (DSP48E1=1)
  Clock Uncertainty:      0.152ns  ((TSJ^2 + TIJ^2)^1/2 + DJ) / 2 + PE
    Total System Jitter     (TSJ):    0.050ns
    Total Input Jitter      (TIJ):    0.300ns
    Discrete Jitter          (DJ):    0.000ns
    Phase Error              (PE):    0.000ns

    Location             Delay type                Incr(ns)  Path(ns)    Netlist Resource(s)
  -------------------------------------------------------------------    -------------------
    DSP48_X1Y6           DSP48E1                      0.000     0.000 r  gru_bin_version_i/gru_va_0/inst/grp_gru_va_Pipeline_HIDDEN_LOOP_fu_804/mul_22s_20ns_42_1_1_U12/tmp_product/ACOUT[19]
                         net (fo=1, routed)           0.002     0.002    gru_bin_version_i/gru_va_0/inst/grp_gru_va_Pipeline_HIDDEN_LOOP_fu_804/mul_22s_20ns_42_1_1_U12/tmp_product_n_37
    DSP48_X1Y7           DSP48E1 (Prop_dsp48e1_ACIN[19]_P[8])
                                                      3.639     3.641 r  gru_bin_version_i/gru_va_0/inst/grp_gru_va_Pipeline_HIDDEN_LOOP_fu_804/mul_22s_20ns_42_1_1_U12/tmp_product__0/P[8]
                         net (fo=1, routed)           0.730     4.371    gru_bin_version_i/gru_va_0/inst/grp_gru_va_Pipeline_HIDDEN_LOOP_fu_804/grp_fu_5797_p2[25]
    SLICE_X21Y17         FDRE                                         r  gru_bin_version_i/gru_va_0/inst/grp_gru_va_Pipeline_HIDDEN_LOOP_fu_804/reg_6057_reg[25]/D
  -------------------------------------------------------------------    -------------------

                         (clock clk_fpga_0 rise edge)
                                                      0.000     0.000 r  
    PS7_X0Y0             PS7                          0.000     0.000 r  gru_bin_version_i/processing_system7_0/inst/PS7_i/FCLKCLK[0]
                         net (fo=1, routed)           1.088     1.088    gru_bin_version_i/processing_system7_0/inst/FCLK_CLK_unbuffered[0]
    BUFGCTRL_X0Y16       BUFG (Prop_bufg_I_O)         0.091     1.179 r  gru_bin_version_i/processing_system7_0/inst/buffer_fclk_clk_0.FCLK_CLK_0_BUFG/O
                         net (fo=25495, routed)       1.571     2.750    gru_bin_version_i/gru_va_0/inst/grp_gru_va_Pipeline_HIDDEN_LOOP_fu_804/ap_clk
    SLICE_X21Y17         FDRE                                         r  gru_bin_version_i/gru_va_0/inst/grp_gru_va_Pipeline_HIDDEN_LOOP_fu_804/reg_6057_reg[25]/C

Slack:                    inf
  Source:                 gru_bin_version_i/gru_va_0/inst/grp_gru_va_Pipeline_HIDDEN_LOOP_fu_804/mul_22s_20ns_42_1_1_U12/tmp_product/ACOUT[19]
                            (internal pin)
  Destination:            gru_bin_version_i/gru_va_0/inst/grp_gru_va_Pipeline_HIDDEN_LOOP_fu_804/reg_6057_reg[29]/D
                            (rising edge-triggered cell FDRE clocked by clk_fpga_0  {rise@0.000ns fall@5.000ns period=10.000ns})
  Path Group:             (none)
  Path Type:              Setup (Max at Slow Process Corner)
  Data Path Delay:        4.371ns  (logic 3.639ns (83.249%)  route 0.732ns (16.751%))
  Logic Levels:           1  (DSP48E1=1)
  Clock Uncertainty:      0.152ns  ((TSJ^2 + TIJ^2)^1/2 + DJ) / 2 + PE
    Total System Jitter     (TSJ):    0.050ns
    Total Input Jitter      (TIJ):    0.300ns
    Discrete Jitter          (DJ):    0.000ns
    Phase Error              (PE):    0.000ns

    Location             Delay type                Incr(ns)  Path(ns)    Netlist Resource(s)
  -------------------------------------------------------------------    -------------------
    DSP48_X1Y6           DSP48E1                      0.000     0.000 r  gru_bin_version_i/gru_va_0/inst/grp_gru_va_Pipeline_HIDDEN_LOOP_fu_804/mul_22s_20ns_42_1_1_U12/tmp_product/ACOUT[19]
                         net (fo=1, routed)           0.002     0.002    gru_bin_version_i/gru_va_0/inst/grp_gru_va_Pipeline_HIDDEN_LOOP_fu_804/mul_22s_20ns_42_1_1_U12/tmp_product_n_37
    DSP48_X1Y7           DSP48E1 (Prop_dsp48e1_ACIN[19]_P[12])
                                                      3.639     3.641 r  gru_bin_version_i/gru_va_0/inst/grp_gru_va_Pipeline_HIDDEN_LOOP_fu_804/mul_22s_20ns_42_1_1_U12/tmp_product__0/P[12]
                         net (fo=1, routed)           0.730     4.371    gru_bin_version_i/gru_va_0/inst/grp_gru_va_Pipeline_HIDDEN_LOOP_fu_804/grp_fu_5797_p2[29]
    SLICE_X21Y18         FDRE                                         r  gru_bin_version_i/gru_va_0/inst/grp_gru_va_Pipeline_HIDDEN_LOOP_fu_804/reg_6057_reg[29]/D
  -------------------------------------------------------------------    -------------------

                         (clock clk_fpga_0 rise edge)
                                                      0.000     0.000 r  
    PS7_X0Y0             PS7                          0.000     0.000 r  gru_bin_version_i/processing_system7_0/inst/PS7_i/FCLKCLK[0]
                         net (fo=1, routed)           1.088     1.088    gru_bin_version_i/processing_system7_0/inst/FCLK_CLK_unbuffered[0]
    BUFGCTRL_X0Y16       BUFG (Prop_bufg_I_O)         0.091     1.179 r  gru_bin_version_i/processing_system7_0/inst/buffer_fclk_clk_0.FCLK_CLK_0_BUFG/O
                         net (fo=25495, routed)       1.569     2.748    gru_bin_version_i/gru_va_0/inst/grp_gru_va_Pipeline_HIDDEN_LOOP_fu_804/ap_clk
    SLICE_X21Y18         FDRE                                         r  gru_bin_version_i/gru_va_0/inst/grp_gru_va_Pipeline_HIDDEN_LOOP_fu_804/reg_6057_reg[29]/C





Min Delay Paths
--------------------------------------------------------------------------------------
Slack:                    inf
  Source:                 gru_bin_version_i/gru_va_0/inst/grp_gru_va_Pipeline_HIDDEN_LOOP_fu_804/grp_mac3_fu_2708/mul_22s_22s_42_1_1_U1/tmp_product/ACOUT[0]
                            (internal pin)
  Destination:            gru_bin_version_i/gru_va_0/inst/grp_gru_va_Pipeline_HIDDEN_LOOP_fu_804/grp_mac3_fu_2708/mul_22s_22s_42_1_1_U1/tmp_product__0/ACIN[0]
                            (rising edge-triggered cell DSP48E1 clocked by clk_fpga_0  {rise@0.000ns fall@5.000ns period=10.000ns})
  Path Group:             (none)
  Path Type:              Hold (Min at Slow Process Corner)
  Data Path Delay:        0.002ns  (logic 0.000ns (0.000%)  route 0.002ns (100.000%))
  Logic Levels:           0  
  Clock Uncertainty:      0.152ns  ((TSJ^2 + TIJ^2)^1/2 + DJ) / 2 + PE
    Total System Jitter     (TSJ):    0.050ns
    Total Input Jitter      (TIJ):    0.300ns
    Discrete Jitter          (DJ):    0.000ns
    Phase Error              (PE):    0.000ns

    Location             Delay type                Incr(ns)  Path(ns)    Netlist Resource(s)
  -------------------------------------------------------------------    -------------------
    DSP48_X4Y26          DSP48E1                      0.000     0.000 r  gru_bin_version_i/gru_va_0/inst/grp_gru_va_Pipeline_HIDDEN_LOOP_fu_804/grp_mac3_fu_2708/mul_22s_22s_42_1_1_U1/tmp_product/ACOUT[0]
                         net (fo=1, routed)           0.002     0.002    gru_bin_version_i/gru_va_0/inst/grp_gru_va_Pipeline_HIDDEN_LOOP_fu_804/grp_mac3_fu_2708/mul_22s_22s_42_1_1_U1/tmp_product_n_56
    DSP48_X4Y27          DSP48E1                                      r  gru_bin_version_i/gru_va_0/inst/grp_gru_va_Pipeline_HIDDEN_LOOP_fu_804/grp_mac3_fu_2708/mul_22s_22s_42_1_1_U1/tmp_product__0/ACIN[0]
  -------------------------------------------------------------------    -------------------

                         (clock clk_fpga_0 rise edge)
                                                      0.000     0.000 r  
    PS7_X0Y0             PS7                          0.000     0.000 r  gru_bin_version_i/processing_system7_0/inst/PS7_i/FCLKCLK[0]
                         net (fo=1, routed)           1.193     1.193    gru_bin_version_i/processing_system7_0/inst/FCLK_CLK_unbuffered[0]
    BUFGCTRL_X0Y16       BUFG (Prop_bufg_I_O)         0.101     1.294 r  gru_bin_version_i/processing_system7_0/inst/buffer_fclk_clk_0.FCLK_CLK_0_BUFG/O
                         net (fo=25495, routed)       1.864     3.158    gru_bin_version_i/gru_va_0/inst/grp_gru_va_Pipeline_HIDDEN_LOOP_fu_804/grp_mac3_fu_2708/mul_22s_22s_42_1_1_U1/ap_clk
    DSP48_X4Y27          DSP48E1                                      r  gru_bin_version_i/gru_va_0/inst/grp_gru_va_Pipeline_HIDDEN_LOOP_fu_804/grp_mac3_fu_2708/mul_22s_22s_42_1_1_U1/tmp_product__0/CLK

Slack:                    inf
  Source:                 gru_bin_version_i/gru_va_0/inst/grp_gru_va_Pipeline_HIDDEN_LOOP_fu_804/grp_mac3_fu_2708/mul_22s_22s_42_1_1_U1/tmp_product/ACOUT[10]
                            (internal pin)
  Destination:            gru_bin_version_i/gru_va_0/inst/grp_gru_va_Pipeline_HIDDEN_LOOP_fu_804/grp_mac3_fu_2708/mul_22s_22s_42_1_1_U1/tmp_product__0/ACIN[10]
                            (rising edge-triggered cell DSP48E1 clocked by clk_fpga_0  {rise@0.000ns fall@5.000ns period=10.000ns})
  Path Group:             (none)
  Path Type:              Hold (Min at Slow Process Corner)
  Data Path Delay:        0.002ns  (logic 0.000ns (0.000%)  route 0.002ns (100.000%))
  Logic Levels:           0  
  Clock Uncertainty:      0.152ns  ((TSJ^2 + TIJ^2)^1/2 + DJ) / 2 + PE
    Total System Jitter     (TSJ):    0.050ns
    Total Input Jitter      (TIJ):    0.300ns
    Discrete Jitter          (DJ):    0.000ns
    Phase Error              (PE):    0.000ns

    Location             Delay type                Incr(ns)  Path(ns)    Netlist Resource(s)
  -------------------------------------------------------------------    -------------------
    DSP48_X4Y26          DSP48E1                      0.000     0.000 r  gru_bin_version_i/gru_va_0/inst/grp_gru_va_Pipeline_HIDDEN_LOOP_fu_804/grp_mac3_fu_2708/mul_22s_22s_42_1_1_U1/tmp_product/ACOUT[10]
                         net (fo=1, routed)           0.002     0.002    gru_bin_version_i/gru_va_0/inst/grp_gru_va_Pipeline_HIDDEN_LOOP_fu_804/grp_mac3_fu_2708/mul_22s_22s_42_1_1_U1/tmp_product_n_46
    DSP48_X4Y27          DSP48E1                                      r  gru_bin_version_i/gru_va_0/inst/grp_gru_va_Pipeline_HIDDEN_LOOP_fu_804/grp_mac3_fu_2708/mul_22s_22s_42_1_1_U1/tmp_product__0/ACIN[10]
  -------------------------------------------------------------------    -------------------

                         (clock clk_fpga_0 rise edge)
                                                      0.000     0.000 r  
    PS7_X0Y0             PS7                          0.000     0.000 r  gru_bin_version_i/processing_system7_0/inst/PS7_i/FCLKCLK[0]
                         net (fo=1, routed)           1.193     1.193    gru_bin_version_i/processing_system7_0/inst/FCLK_CLK_unbuffered[0]
    BUFGCTRL_X0Y16       BUFG (Prop_bufg_I_O)         0.101     1.294 r  gru_bin_version_i/processing_system7_0/inst/buffer_fclk_clk_0.FCLK_CLK_0_BUFG/O
                         net (fo=25495, routed)       1.864     3.158    gru_bin_version_i/gru_va_0/inst/grp_gru_va_Pipeline_HIDDEN_LOOP_fu_804/grp_mac3_fu_2708/mul_22s_22s_42_1_1_U1/ap_clk
    DSP48_X4Y27          DSP48E1                                      r  gru_bin_version_i/gru_va_0/inst/grp_gru_va_Pipeline_HIDDEN_LOOP_fu_804/grp_mac3_fu_2708/mul_22s_22s_42_1_1_U1/tmp_product__0/CLK

Slack:                    inf
  Source:                 gru_bin_version_i/gru_va_0/inst/grp_gru_va_Pipeline_HIDDEN_LOOP_fu_804/grp_mac3_fu_2708/mul_22s_22s_42_1_1_U1/tmp_product/ACOUT[11]
                            (internal pin)
  Destination:            gru_bin_version_i/gru_va_0/inst/grp_gru_va_Pipeline_HIDDEN_LOOP_fu_804/grp_mac3_fu_2708/mul_22s_22s_42_1_1_U1/tmp_product__0/ACIN[11]
                            (rising edge-triggered cell DSP48E1 clocked by clk_fpga_0  {rise@0.000ns fall@5.000ns period=10.000ns})
  Path Group:             (none)
  Path Type:              Hold (Min at Slow Process Corner)
  Data Path Delay:        0.002ns  (logic 0.000ns (0.000%)  route 0.002ns (100.000%))
  Logic Levels:           0  
  Clock Uncertainty:      0.152ns  ((TSJ^2 + TIJ^2)^1/2 + DJ) / 2 + PE
    Total System Jitter     (TSJ):    0.050ns
    Total Input Jitter      (TIJ):    0.300ns
    Discrete Jitter          (DJ):    0.000ns
    Phase Error              (PE):    0.000ns

    Location             Delay type                Incr(ns)  Path(ns)    Netlist Resource(s)
  -------------------------------------------------------------------    -------------------
    DSP48_X4Y26          DSP48E1                      0.000     0.000 r  gru_bin_version_i/gru_va_0/inst/grp_gru_va_Pipeline_HIDDEN_LOOP_fu_804/grp_mac3_fu_2708/mul_22s_22s_42_1_1_U1/tmp_product/ACOUT[11]
                         net (fo=1, routed)           0.002     0.002    gru_bin_version_i/gru_va_0/inst/grp_gru_va_Pipeline_HIDDEN_LOOP_fu_804/grp_mac3_fu_2708/mul_22s_22s_42_1_1_U1/tmp_product_n_45
    DSP48_X4Y27          DSP48E1                                      r  gru_bin_version_i/gru_va_0/inst/grp_gru_va_Pipeline_HIDDEN_LOOP_fu_804/grp_mac3_fu_2708/mul_22s_22s_42_1_1_U1/tmp_product__0/ACIN[11]
  -------------------------------------------------------------------    -------------------

                         (clock clk_fpga_0 rise edge)
                                                      0.000     0.000 r  
    PS7_X0Y0             PS7                          0.000     0.000 r  gru_bin_version_i/processing_system7_0/inst/PS7_i/FCLKCLK[0]
                         net (fo=1, routed)           1.193     1.193    gru_bin_version_i/processing_system7_0/inst/FCLK_CLK_unbuffered[0]
    BUFGCTRL_X0Y16       BUFG (Prop_bufg_I_O)         0.101     1.294 r  gru_bin_version_i/processing_system7_0/inst/buffer_fclk_clk_0.FCLK_CLK_0_BUFG/O
                         net (fo=25495, routed)       1.864     3.158    gru_bin_version_i/gru_va_0/inst/grp_gru_va_Pipeline_HIDDEN_LOOP_fu_804/grp_mac3_fu_2708/mul_22s_22s_42_1_1_U1/ap_clk
    DSP48_X4Y27          DSP48E1                                      r  gru_bin_version_i/gru_va_0/inst/grp_gru_va_Pipeline_HIDDEN_LOOP_fu_804/grp_mac3_fu_2708/mul_22s_22s_42_1_1_U1/tmp_product__0/CLK

Slack:                    inf
  Source:                 gru_bin_version_i/gru_va_0/inst/grp_gru_va_Pipeline_HIDDEN_LOOP_fu_804/grp_mac3_fu_2708/mul_22s_22s_42_1_1_U1/tmp_product/ACOUT[12]
                            (internal pin)
  Destination:            gru_bin_version_i/gru_va_0/inst/grp_gru_va_Pipeline_HIDDEN_LOOP_fu_804/grp_mac3_fu_2708/mul_22s_22s_42_1_1_U1/tmp_product__0/ACIN[12]
                            (rising edge-triggered cell DSP48E1 clocked by clk_fpga_0  {rise@0.000ns fall@5.000ns period=10.000ns})
  Path Group:             (none)
  Path Type:              Hold (Min at Slow Process Corner)
  Data Path Delay:        0.002ns  (logic 0.000ns (0.000%)  route 0.002ns (100.000%))
  Logic Levels:           0  
  Clock Uncertainty:      0.152ns  ((TSJ^2 + TIJ^2)^1/2 + DJ) / 2 + PE
    Total System Jitter     (TSJ):    0.050ns
    Total Input Jitter      (TIJ):    0.300ns
    Discrete Jitter          (DJ):    0.000ns
    Phase Error              (PE):    0.000ns

    Location             Delay type                Incr(ns)  Path(ns)    Netlist Resource(s)
  -------------------------------------------------------------------    -------------------
    DSP48_X4Y26          DSP48E1                      0.000     0.000 r  gru_bin_version_i/gru_va_0/inst/grp_gru_va_Pipeline_HIDDEN_LOOP_fu_804/grp_mac3_fu_2708/mul_22s_22s_42_1_1_U1/tmp_product/ACOUT[12]
                         net (fo=1, routed)           0.002     0.002    gru_bin_version_i/gru_va_0/inst/grp_gru_va_Pipeline_HIDDEN_LOOP_fu_804/grp_mac3_fu_2708/mul_22s_22s_42_1_1_U1/tmp_product_n_44
    DSP48_X4Y27          DSP48E1                                      r  gru_bin_version_i/gru_va_0/inst/grp_gru_va_Pipeline_HIDDEN_LOOP_fu_804/grp_mac3_fu_2708/mul_22s_22s_42_1_1_U1/tmp_product__0/ACIN[12]
  -------------------------------------------------------------------    -------------------

                         (clock clk_fpga_0 rise edge)
                                                      0.000     0.000 r  
    PS7_X0Y0             PS7                          0.000     0.000 r  gru_bin_version_i/processing_system7_0/inst/PS7_i/FCLKCLK[0]
                         net (fo=1, routed)           1.193     1.193    gru_bin_version_i/processing_system7_0/inst/FCLK_CLK_unbuffered[0]
    BUFGCTRL_X0Y16       BUFG (Prop_bufg_I_O)         0.101     1.294 r  gru_bin_version_i/processing_system7_0/inst/buffer_fclk_clk_0.FCLK_CLK_0_BUFG/O
                         net (fo=25495, routed)       1.864     3.158    gru_bin_version_i/gru_va_0/inst/grp_gru_va_Pipeline_HIDDEN_LOOP_fu_804/grp_mac3_fu_2708/mul_22s_22s_42_1_1_U1/ap_clk
    DSP48_X4Y27          DSP48E1                                      r  gru_bin_version_i/gru_va_0/inst/grp_gru_va_Pipeline_HIDDEN_LOOP_fu_804/grp_mac3_fu_2708/mul_22s_22s_42_1_1_U1/tmp_product__0/CLK

Slack:                    inf
  Source:                 gru_bin_version_i/gru_va_0/inst/grp_gru_va_Pipeline_HIDDEN_LOOP_fu_804/grp_mac3_fu_2708/mul_22s_22s_42_1_1_U1/tmp_product/ACOUT[13]
                            (internal pin)
  Destination:            gru_bin_version_i/gru_va_0/inst/grp_gru_va_Pipeline_HIDDEN_LOOP_fu_804/grp_mac3_fu_2708/mul_22s_22s_42_1_1_U1/tmp_product__0/ACIN[13]
                            (rising edge-triggered cell DSP48E1 clocked by clk_fpga_0  {rise@0.000ns fall@5.000ns period=10.000ns})
  Path Group:             (none)
  Path Type:              Hold (Min at Slow Process Corner)
  Data Path Delay:        0.002ns  (logic 0.000ns (0.000%)  route 0.002ns (100.000%))
  Logic Levels:           0  
  Clock Uncertainty:      0.152ns  ((TSJ^2 + TIJ^2)^1/2 + DJ) / 2 + PE
    Total System Jitter     (TSJ):    0.050ns
    Total Input Jitter      (TIJ):    0.300ns
    Discrete Jitter          (DJ):    0.000ns
    Phase Error              (PE):    0.000ns

    Location             Delay type                Incr(ns)  Path(ns)    Netlist Resource(s)
  -------------------------------------------------------------------    -------------------
    DSP48_X4Y26          DSP48E1                      0.000     0.000 r  gru_bin_version_i/gru_va_0/inst/grp_gru_va_Pipeline_HIDDEN_LOOP_fu_804/grp_mac3_fu_2708/mul_22s_22s_42_1_1_U1/tmp_product/ACOUT[13]
                         net (fo=1, routed)           0.002     0.002    gru_bin_version_i/gru_va_0/inst/grp_gru_va_Pipeline_HIDDEN_LOOP_fu_804/grp_mac3_fu_2708/mul_22s_22s_42_1_1_U1/tmp_product_n_43
    DSP48_X4Y27          DSP48E1                                      r  gru_bin_version_i/gru_va_0/inst/grp_gru_va_Pipeline_HIDDEN_LOOP_fu_804/grp_mac3_fu_2708/mul_22s_22s_42_1_1_U1/tmp_product__0/ACIN[13]
  -------------------------------------------------------------------    -------------------

                         (clock clk_fpga_0 rise edge)
                                                      0.000     0.000 r  
    PS7_X0Y0             PS7                          0.000     0.000 r  gru_bin_version_i/processing_system7_0/inst/PS7_i/FCLKCLK[0]
                         net (fo=1, routed)           1.193     1.193    gru_bin_version_i/processing_system7_0/inst/FCLK_CLK_unbuffered[0]
    BUFGCTRL_X0Y16       BUFG (Prop_bufg_I_O)         0.101     1.294 r  gru_bin_version_i/processing_system7_0/inst/buffer_fclk_clk_0.FCLK_CLK_0_BUFG/O
                         net (fo=25495, routed)       1.864     3.158    gru_bin_version_i/gru_va_0/inst/grp_gru_va_Pipeline_HIDDEN_LOOP_fu_804/grp_mac3_fu_2708/mul_22s_22s_42_1_1_U1/ap_clk
    DSP48_X4Y27          DSP48E1                                      r  gru_bin_version_i/gru_va_0/inst/grp_gru_va_Pipeline_HIDDEN_LOOP_fu_804/grp_mac3_fu_2708/mul_22s_22s_42_1_1_U1/tmp_product__0/CLK

Slack:                    inf
  Source:                 gru_bin_version_i/gru_va_0/inst/grp_gru_va_Pipeline_HIDDEN_LOOP_fu_804/grp_mac3_fu_2708/mul_22s_22s_42_1_1_U1/tmp_product/ACOUT[14]
                            (internal pin)
  Destination:            gru_bin_version_i/gru_va_0/inst/grp_gru_va_Pipeline_HIDDEN_LOOP_fu_804/grp_mac3_fu_2708/mul_22s_22s_42_1_1_U1/tmp_product__0/ACIN[14]
                            (rising edge-triggered cell DSP48E1 clocked by clk_fpga_0  {rise@0.000ns fall@5.000ns period=10.000ns})
  Path Group:             (none)
  Path Type:              Hold (Min at Slow Process Corner)
  Data Path Delay:        0.002ns  (logic 0.000ns (0.000%)  route 0.002ns (100.000%))
  Logic Levels:           0  
  Clock Uncertainty:      0.152ns  ((TSJ^2 + TIJ^2)^1/2 + DJ) / 2 + PE
    Total System Jitter     (TSJ):    0.050ns
    Total Input Jitter      (TIJ):    0.300ns
    Discrete Jitter          (DJ):    0.000ns
    Phase Error              (PE):    0.000ns

    Location             Delay type                Incr(ns)  Path(ns)    Netlist Resource(s)
  -------------------------------------------------------------------    -------------------
    DSP48_X4Y26          DSP48E1                      0.000     0.000 r  gru_bin_version_i/gru_va_0/inst/grp_gru_va_Pipeline_HIDDEN_LOOP_fu_804/grp_mac3_fu_2708/mul_22s_22s_42_1_1_U1/tmp_product/ACOUT[14]
                         net (fo=1, routed)           0.002     0.002    gru_bin_version_i/gru_va_0/inst/grp_gru_va_Pipeline_HIDDEN_LOOP_fu_804/grp_mac3_fu_2708/mul_22s_22s_42_1_1_U1/tmp_product_n_42
    DSP48_X4Y27          DSP48E1                                      r  gru_bin_version_i/gru_va_0/inst/grp_gru_va_Pipeline_HIDDEN_LOOP_fu_804/grp_mac3_fu_2708/mul_22s_22s_42_1_1_U1/tmp_product__0/ACIN[14]
  -------------------------------------------------------------------    -------------------

                         (clock clk_fpga_0 rise edge)
                                                      0.000     0.000 r  
    PS7_X0Y0             PS7                          0.000     0.000 r  gru_bin_version_i/processing_system7_0/inst/PS7_i/FCLKCLK[0]
                         net (fo=1, routed)           1.193     1.193    gru_bin_version_i/processing_system7_0/inst/FCLK_CLK_unbuffered[0]
    BUFGCTRL_X0Y16       BUFG (Prop_bufg_I_O)         0.101     1.294 r  gru_bin_version_i/processing_system7_0/inst/buffer_fclk_clk_0.FCLK_CLK_0_BUFG/O
                         net (fo=25495, routed)       1.864     3.158    gru_bin_version_i/gru_va_0/inst/grp_gru_va_Pipeline_HIDDEN_LOOP_fu_804/grp_mac3_fu_2708/mul_22s_22s_42_1_1_U1/ap_clk
    DSP48_X4Y27          DSP48E1                                      r  gru_bin_version_i/gru_va_0/inst/grp_gru_va_Pipeline_HIDDEN_LOOP_fu_804/grp_mac3_fu_2708/mul_22s_22s_42_1_1_U1/tmp_product__0/CLK

Slack:                    inf
  Source:                 gru_bin_version_i/gru_va_0/inst/grp_gru_va_Pipeline_HIDDEN_LOOP_fu_804/grp_mac3_fu_2708/mul_22s_22s_42_1_1_U1/tmp_product/ACOUT[15]
                            (internal pin)
  Destination:            gru_bin_version_i/gru_va_0/inst/grp_gru_va_Pipeline_HIDDEN_LOOP_fu_804/grp_mac3_fu_2708/mul_22s_22s_42_1_1_U1/tmp_product__0/ACIN[15]
                            (rising edge-triggered cell DSP48E1 clocked by clk_fpga_0  {rise@0.000ns fall@5.000ns period=10.000ns})
  Path Group:             (none)
  Path Type:              Hold (Min at Slow Process Corner)
  Data Path Delay:        0.002ns  (logic 0.000ns (0.000%)  route 0.002ns (100.000%))
  Logic Levels:           0  
  Clock Uncertainty:      0.152ns  ((TSJ^2 + TIJ^2)^1/2 + DJ) / 2 + PE
    Total System Jitter     (TSJ):    0.050ns
    Total Input Jitter      (TIJ):    0.300ns
    Discrete Jitter          (DJ):    0.000ns
    Phase Error              (PE):    0.000ns

    Location             Delay type                Incr(ns)  Path(ns)    Netlist Resource(s)
  -------------------------------------------------------------------    -------------------
    DSP48_X4Y26          DSP48E1                      0.000     0.000 r  gru_bin_version_i/gru_va_0/inst/grp_gru_va_Pipeline_HIDDEN_LOOP_fu_804/grp_mac3_fu_2708/mul_22s_22s_42_1_1_U1/tmp_product/ACOUT[15]
                         net (fo=1, routed)           0.002     0.002    gru_bin_version_i/gru_va_0/inst/grp_gru_va_Pipeline_HIDDEN_LOOP_fu_804/grp_mac3_fu_2708/mul_22s_22s_42_1_1_U1/tmp_product_n_41
    DSP48_X4Y27          DSP48E1                                      r  gru_bin_version_i/gru_va_0/inst/grp_gru_va_Pipeline_HIDDEN_LOOP_fu_804/grp_mac3_fu_2708/mul_22s_22s_42_1_1_U1/tmp_product__0/ACIN[15]
  -------------------------------------------------------------------    -------------------

                         (clock clk_fpga_0 rise edge)
                                                      0.000     0.000 r  
    PS7_X0Y0             PS7                          0.000     0.000 r  gru_bin_version_i/processing_system7_0/inst/PS7_i/FCLKCLK[0]
                         net (fo=1, routed)           1.193     1.193    gru_bin_version_i/processing_system7_0/inst/FCLK_CLK_unbuffered[0]
    BUFGCTRL_X0Y16       BUFG (Prop_bufg_I_O)         0.101     1.294 r  gru_bin_version_i/processing_system7_0/inst/buffer_fclk_clk_0.FCLK_CLK_0_BUFG/O
                         net (fo=25495, routed)       1.864     3.158    gru_bin_version_i/gru_va_0/inst/grp_gru_va_Pipeline_HIDDEN_LOOP_fu_804/grp_mac3_fu_2708/mul_22s_22s_42_1_1_U1/ap_clk
    DSP48_X4Y27          DSP48E1                                      r  gru_bin_version_i/gru_va_0/inst/grp_gru_va_Pipeline_HIDDEN_LOOP_fu_804/grp_mac3_fu_2708/mul_22s_22s_42_1_1_U1/tmp_product__0/CLK

Slack:                    inf
  Source:                 gru_bin_version_i/gru_va_0/inst/grp_gru_va_Pipeline_HIDDEN_LOOP_fu_804/grp_mac3_fu_2708/mul_22s_22s_42_1_1_U1/tmp_product/ACOUT[16]
                            (internal pin)
  Destination:            gru_bin_version_i/gru_va_0/inst/grp_gru_va_Pipeline_HIDDEN_LOOP_fu_804/grp_mac3_fu_2708/mul_22s_22s_42_1_1_U1/tmp_product__0/ACIN[16]
                            (rising edge-triggered cell DSP48E1 clocked by clk_fpga_0  {rise@0.000ns fall@5.000ns period=10.000ns})
  Path Group:             (none)
  Path Type:              Hold (Min at Slow Process Corner)
  Data Path Delay:        0.002ns  (logic 0.000ns (0.000%)  route 0.002ns (100.000%))
  Logic Levels:           0  
  Clock Uncertainty:      0.152ns  ((TSJ^2 + TIJ^2)^1/2 + DJ) / 2 + PE
    Total System Jitter     (TSJ):    0.050ns
    Total Input Jitter      (TIJ):    0.300ns
    Discrete Jitter          (DJ):    0.000ns
    Phase Error              (PE):    0.000ns

    Location             Delay type                Incr(ns)  Path(ns)    Netlist Resource(s)
  -------------------------------------------------------------------    -------------------
    DSP48_X4Y26          DSP48E1                      0.000     0.000 r  gru_bin_version_i/gru_va_0/inst/grp_gru_va_Pipeline_HIDDEN_LOOP_fu_804/grp_mac3_fu_2708/mul_22s_22s_42_1_1_U1/tmp_product/ACOUT[16]
                         net (fo=1, routed)           0.002     0.002    gru_bin_version_i/gru_va_0/inst/grp_gru_va_Pipeline_HIDDEN_LOOP_fu_804/grp_mac3_fu_2708/mul_22s_22s_42_1_1_U1/tmp_product_n_40
    DSP48_X4Y27          DSP48E1                                      r  gru_bin_version_i/gru_va_0/inst/grp_gru_va_Pipeline_HIDDEN_LOOP_fu_804/grp_mac3_fu_2708/mul_22s_22s_42_1_1_U1/tmp_product__0/ACIN[16]
  -------------------------------------------------------------------    -------------------

                         (clock clk_fpga_0 rise edge)
                                                      0.000     0.000 r  
    PS7_X0Y0             PS7                          0.000     0.000 r  gru_bin_version_i/processing_system7_0/inst/PS7_i/FCLKCLK[0]
                         net (fo=1, routed)           1.193     1.193    gru_bin_version_i/processing_system7_0/inst/FCLK_CLK_unbuffered[0]
    BUFGCTRL_X0Y16       BUFG (Prop_bufg_I_O)         0.101     1.294 r  gru_bin_version_i/processing_system7_0/inst/buffer_fclk_clk_0.FCLK_CLK_0_BUFG/O
                         net (fo=25495, routed)       1.864     3.158    gru_bin_version_i/gru_va_0/inst/grp_gru_va_Pipeline_HIDDEN_LOOP_fu_804/grp_mac3_fu_2708/mul_22s_22s_42_1_1_U1/ap_clk
    DSP48_X4Y27          DSP48E1                                      r  gru_bin_version_i/gru_va_0/inst/grp_gru_va_Pipeline_HIDDEN_LOOP_fu_804/grp_mac3_fu_2708/mul_22s_22s_42_1_1_U1/tmp_product__0/CLK

Slack:                    inf
  Source:                 gru_bin_version_i/gru_va_0/inst/grp_gru_va_Pipeline_HIDDEN_LOOP_fu_804/grp_mac3_fu_2708/mul_22s_22s_42_1_1_U1/tmp_product/ACOUT[17]
                            (internal pin)
  Destination:            gru_bin_version_i/gru_va_0/inst/grp_gru_va_Pipeline_HIDDEN_LOOP_fu_804/grp_mac3_fu_2708/mul_22s_22s_42_1_1_U1/tmp_product__0/ACIN[17]
                            (rising edge-triggered cell DSP48E1 clocked by clk_fpga_0  {rise@0.000ns fall@5.000ns period=10.000ns})
  Path Group:             (none)
  Path Type:              Hold (Min at Slow Process Corner)
  Data Path Delay:        0.002ns  (logic 0.000ns (0.000%)  route 0.002ns (100.000%))
  Logic Levels:           0  
  Clock Uncertainty:      0.152ns  ((TSJ^2 + TIJ^2)^1/2 + DJ) / 2 + PE
    Total System Jitter     (TSJ):    0.050ns
    Total Input Jitter      (TIJ):    0.300ns
    Discrete Jitter          (DJ):    0.000ns
    Phase Error              (PE):    0.000ns

    Location             Delay type                Incr(ns)  Path(ns)    Netlist Resource(s)
  -------------------------------------------------------------------    -------------------
    DSP48_X4Y26          DSP48E1                      0.000     0.000 r  gru_bin_version_i/gru_va_0/inst/grp_gru_va_Pipeline_HIDDEN_LOOP_fu_804/grp_mac3_fu_2708/mul_22s_22s_42_1_1_U1/tmp_product/ACOUT[17]
                         net (fo=1, routed)           0.002     0.002    gru_bin_version_i/gru_va_0/inst/grp_gru_va_Pipeline_HIDDEN_LOOP_fu_804/grp_mac3_fu_2708/mul_22s_22s_42_1_1_U1/tmp_product_n_39
    DSP48_X4Y27          DSP48E1                                      r  gru_bin_version_i/gru_va_0/inst/grp_gru_va_Pipeline_HIDDEN_LOOP_fu_804/grp_mac3_fu_2708/mul_22s_22s_42_1_1_U1/tmp_product__0/ACIN[17]
  -------------------------------------------------------------------    -------------------

                         (clock clk_fpga_0 rise edge)
                                                      0.000     0.000 r  
    PS7_X0Y0             PS7                          0.000     0.000 r  gru_bin_version_i/processing_system7_0/inst/PS7_i/FCLKCLK[0]
                         net (fo=1, routed)           1.193     1.193    gru_bin_version_i/processing_system7_0/inst/FCLK_CLK_unbuffered[0]
    BUFGCTRL_X0Y16       BUFG (Prop_bufg_I_O)         0.101     1.294 r  gru_bin_version_i/processing_system7_0/inst/buffer_fclk_clk_0.FCLK_CLK_0_BUFG/O
                         net (fo=25495, routed)       1.864     3.158    gru_bin_version_i/gru_va_0/inst/grp_gru_va_Pipeline_HIDDEN_LOOP_fu_804/grp_mac3_fu_2708/mul_22s_22s_42_1_1_U1/ap_clk
    DSP48_X4Y27          DSP48E1                                      r  gru_bin_version_i/gru_va_0/inst/grp_gru_va_Pipeline_HIDDEN_LOOP_fu_804/grp_mac3_fu_2708/mul_22s_22s_42_1_1_U1/tmp_product__0/CLK

Slack:                    inf
  Source:                 gru_bin_version_i/gru_va_0/inst/grp_gru_va_Pipeline_HIDDEN_LOOP_fu_804/grp_mac3_fu_2708/mul_22s_22s_42_1_1_U1/tmp_product/ACOUT[18]
                            (internal pin)
  Destination:            gru_bin_version_i/gru_va_0/inst/grp_gru_va_Pipeline_HIDDEN_LOOP_fu_804/grp_mac3_fu_2708/mul_22s_22s_42_1_1_U1/tmp_product__0/ACIN[18]
                            (rising edge-triggered cell DSP48E1 clocked by clk_fpga_0  {rise@0.000ns fall@5.000ns period=10.000ns})
  Path Group:             (none)
  Path Type:              Hold (Min at Slow Process Corner)
  Data Path Delay:        0.002ns  (logic 0.000ns (0.000%)  route 0.002ns (100.000%))
  Logic Levels:           0  
  Clock Uncertainty:      0.152ns  ((TSJ^2 + TIJ^2)^1/2 + DJ) / 2 + PE
    Total System Jitter     (TSJ):    0.050ns
    Total Input Jitter      (TIJ):    0.300ns
    Discrete Jitter          (DJ):    0.000ns
    Phase Error              (PE):    0.000ns

    Location             Delay type                Incr(ns)  Path(ns)    Netlist Resource(s)
  -------------------------------------------------------------------    -------------------
    DSP48_X4Y26          DSP48E1                      0.000     0.000 r  gru_bin_version_i/gru_va_0/inst/grp_gru_va_Pipeline_HIDDEN_LOOP_fu_804/grp_mac3_fu_2708/mul_22s_22s_42_1_1_U1/tmp_product/ACOUT[18]
                         net (fo=1, routed)           0.002     0.002    gru_bin_version_i/gru_va_0/inst/grp_gru_va_Pipeline_HIDDEN_LOOP_fu_804/grp_mac3_fu_2708/mul_22s_22s_42_1_1_U1/tmp_product_n_38
    DSP48_X4Y27          DSP48E1                                      r  gru_bin_version_i/gru_va_0/inst/grp_gru_va_Pipeline_HIDDEN_LOOP_fu_804/grp_mac3_fu_2708/mul_22s_22s_42_1_1_U1/tmp_product__0/ACIN[18]
  -------------------------------------------------------------------    -------------------

                         (clock clk_fpga_0 rise edge)
                                                      0.000     0.000 r  
    PS7_X0Y0             PS7                          0.000     0.000 r  gru_bin_version_i/processing_system7_0/inst/PS7_i/FCLKCLK[0]
                         net (fo=1, routed)           1.193     1.193    gru_bin_version_i/processing_system7_0/inst/FCLK_CLK_unbuffered[0]
    BUFGCTRL_X0Y16       BUFG (Prop_bufg_I_O)         0.101     1.294 r  gru_bin_version_i/processing_system7_0/inst/buffer_fclk_clk_0.FCLK_CLK_0_BUFG/O
                         net (fo=25495, routed)       1.864     3.158    gru_bin_version_i/gru_va_0/inst/grp_gru_va_Pipeline_HIDDEN_LOOP_fu_804/grp_mac3_fu_2708/mul_22s_22s_42_1_1_U1/ap_clk
    DSP48_X4Y27          DSP48E1                                      r  gru_bin_version_i/gru_va_0/inst/grp_gru_va_Pipeline_HIDDEN_LOOP_fu_804/grp_mac3_fu_2708/mul_22s_22s_42_1_1_U1/tmp_product__0/CLK





