Copyright 1986-2022 Xilinx, Inc. All Rights Reserved. Copyright 2022-2025 Advanced Micro Devices, Inc. All Rights Reserved.
---------------------------------------------------------------------------------------------------------------------------------------------------------------------------------------------------------------------------------------------------------------------------------
| Tool Version : Vivado v.2025.2 (win64) Build 6299465 Fri Nov 14 19:35:11 GMT 2025
| Date         : Sat Aug  8 15:25:30 2026
| Host         : Lenny_Lenovo running 64-bit major release  (build 9200)
| Command      : report_timing_summary -max_paths 10 -routable_nets -report_unconstrained -file gru_bin_version_wrapper_timing_summary_routed.rpt -pb gru_bin_version_wrapper_timing_summary_routed.pb -rpx gru_bin_version_wrapper_timing_summary_routed.rpx -warn_on_violation
| Design       : gru_bin_version_wrapper
| Device       : 7z020-clg400
| Speed File   : -1  PRODUCTION 1.12 2019-11-22
| Design State : Routed
---------------------------------------------------------------------------------------------------------------------------------------------------------------------------------------------------------------------------------------------------------------------------------

Timing Summary Report

------------------------------------------------------------------------------------------------
| Timer Settings
| --------------
------------------------------------------------------------------------------------------------

  Enable Multi Corner Analysis               :  Yes
  Enable Pessimism Removal                   :  Yes
  Pessimism Removal Resolution               :  Nearest Common Node
  Enable Input Delay Default Clock           :  No
  Enable Preset / Clear Arcs                 :  No
  Disable Flight Delays                      :  No
  Ignore I/O Paths                           :  No
  Timing Early Launch at Borrowing Latches   :  No
  Borrow Time for Max Delay Exceptions       :  Yes
  Merge Timing Exceptions                    :  Yes
  Inter-SLR Compensation                     :  Conservative

  Corner  Analyze    Analyze    
  Name    Max Paths  Min Paths  
  ------  ---------  ---------  
  Slow    Yes        Yes        
  Fast    Yes        Yes        


------------------------------------------------------------------------------------------------
| Report Methodology
| ------------------
------------------------------------------------------------------------------------------------

Rule     Severity  Description                   Violations  
-------  --------  ----------------------------  ----------  
LUTAR-1  Warning   LUT drives async reset alert  4           

Note: This report is based on the most recent report_methodology run and may not be up-to-date. Run report_methodology on the current design for the latest report.



check_timing report

Table of Contents
-----------------
1. checking no_clock (0)
2. checking constant_clock (0)
3. checking pulse_width_clock (0)
4. checking unconstrained_internal_endpoints (0)
5. checking no_input_delay (0)
6. checking no_output_delay (0)
7. checking multiple_clock (0)
8. checking generated_clocks (0)
9. checking loops (0)
10. checking partial_input_delay (0)
11. checking partial_output_delay (0)
12. checking latch_loops (0)

1. checking no_clock (0)
------------------------
 There are 0 register/latch pins with no clock.


2. checking constant_clock (0)
------------------------------
 There are 0 register/latch pins with constant_clock.


3. checking pulse_width_clock (0)
---------------------------------
 There are 0 register/latch pins which need pulse_width check


4. checking unconstrained_internal_endpoints (0)
------------------------------------------------
 There are 0 pins that are not constrained for maximum delay.

 There are 0 pins that are not constrained for maximum delay due to constant clock.


5. checking no_input_delay (0)
------------------------------
 There are 0 input ports with no input delay specified.

 There are 0 input ports with no input delay but user has a false path constraint.


6. checking no_output_delay (0)
-------------------------------
 There are 0 ports with no output delay specified.

 There are 0 ports with no output delay but user has a false path constraint

 There are 0 ports with no output delay but with a timing clock defined on it or propagating through it


7. checking multiple_clock (0)
------------------------------
 There are 0 register/latch pins with multiple clocks.


8. checking generated_clocks (0)
--------------------------------
 There are 0 generated clocks that are not connected to a clock source.


9. checking loops (0)
---------------------
 There are 0 combinational loops in the design.


10. checking partial_input_delay (0)
------------------------------------
 There are 0 input ports with partial input delay specified.


11. checking partial_output_delay (0)
-------------------------------------
 There are 0 ports with partial output delay specified.


12. checking latch_loops (0)
----------------------------
 There are 0 combinational latch loops in the design through latch input



------------------------------------------------------------------------------------------------
| Design Timing Summary
| ---------------------
------------------------------------------------------------------------------------------------

    WNS(ns)      TNS(ns)  TNS Failing Endpoints  TNS Total Endpoints      WHS(ns)      THS(ns)  THS Failing Endpoints  THS Total Endpoints     WPWS(ns)     TPWS(ns)  TPWS Failing Endpoints  TPWS Total Endpoints  
    -------      -------  ---------------------  -------------------      -------      -------  ---------------------  -------------------     --------     --------  ----------------------  --------------------  
     -0.044       -0.048                      2                32933        0.033        0.000                      0                32933        3.750        0.000                       0                 14565  


Timing constraints are not met.


------------------------------------------------------------------------------------------------
| Clock Summary
| -------------
------------------------------------------------------------------------------------------------

Clock       Waveform(ns)       Period(ns)      Frequency(MHz)
-----       ------------       ----------      --------------
clk_fpga_0  {0.000 5.000}      10.000          100.000         


------------------------------------------------------------------------------------------------
| Intra Clock Table
| -----------------
------------------------------------------------------------------------------------------------

Clock             WNS(ns)      TNS(ns)  TNS Failing Endpoints  TNS Total Endpoints      WHS(ns)      THS(ns)  THS Failing Endpoints  THS Total Endpoints     WPWS(ns)     TPWS(ns)  TPWS Failing Endpoints  TPWS Total Endpoints  
-----             -------      -------  ---------------------  -------------------      -------      -------  ---------------------  -------------------     --------     --------  ----------------------  --------------------  
clk_fpga_0         -0.044       -0.048                      2                32805        0.033        0.000                      0                32805        3.750        0.000                       0                 14565  


------------------------------------------------------------------------------------------------
| Inter Clock Table
| -----------------
------------------------------------------------------------------------------------------------

From Clock    To Clock          WNS(ns)      TNS(ns)  TNS Failing Endpoints  TNS Total Endpoints      WHS(ns)      THS(ns)  THS Failing Endpoints  THS Total Endpoints  
----------    --------          -------      -------  ---------------------  -------------------      -------      -------  ---------------------  -------------------  


------------------------------------------------------------------------------------------------
| Other Path Groups Table
| -----------------------
------------------------------------------------------------------------------------------------

Path Group         From Clock         To Clock               WNS(ns)      TNS(ns)  TNS Failing Endpoints  TNS Total Endpoints      WHS(ns)      THS(ns)  THS Failing Endpoints  THS Total Endpoints  
----------         ----------         --------               -------      -------  ---------------------  -------------------      -------      -------  ---------------------  -------------------  
**async_default**  clk_fpga_0         clk_fpga_0               6.583        0.000                      0                  128        0.505        0.000                      0                  128  


------------------------------------------------------------------------------------------------
| User Ignored Path Table
| -----------------------
------------------------------------------------------------------------------------------------

Path Group    From Clock    To Clock    
----------    ----------    --------    
(none)                      clk_fpga_0    
(none)        clk_fpga_0    clk_fpga_0    


------------------------------------------------------------------------------------------------
| Unconstrained Path Table
| ------------------------
------------------------------------------------------------------------------------------------

Path Group    From Clock    To Clock    
----------    ----------    --------    


------------------------------------------------------------------------------------------------
| Timing Details
| --------------
------------------------------------------------------------------------------------------------


---------------------------------------------------------------------------------------------------
From Clock:  clk_fpga_0
  To Clock:  clk_fpga_0

Setup :            2  Failing Endpoints,  Worst Slack       -0.044ns,  Total Violation       -0.048ns
Hold  :            0  Failing Endpoints,  Worst Slack        0.033ns,  Total Violation        0.000ns
PW    :            0  Failing Endpoints,  Worst Slack        3.750ns,  Total Violation        0.000ns
---------------------------------------------------------------------------------------------------


Max Delay Paths
--------------------------------------------------------------------------------------
Slack (VIOLATED) :        -0.044ns  (required time - arrival time)
  Source:                 gru_bin_version_i/gru_va_0/inst/grp_gru_va_Pipeline_HIDDEN_LOOP_fu_808/ap_enable_reg_pp0_iter1_reg/C
                            (rising edge-triggered cell FDRE clocked by clk_fpga_0  {rise@0.000ns fall@5.000ns period=10.000ns})
  Destination:            gru_bin_version_i/gru_va_0/inst/grp_gru_va_Pipeline_HIDDEN_LOOP_fu_808/acc_z_32_reg_20988_reg[24]/D
                            (rising edge-triggered cell FDRE clocked by clk_fpga_0  {rise@0.000ns fall@5.000ns period=10.000ns})
  Path Group:             clk_fpga_0
  Path Type:              Setup (Max at Slow Process Corner)
  Requirement:            10.000ns  (clk_fpga_0 rise@10.000ns - clk_fpga_0 rise@0.000ns)
  Data Path Delay:        9.689ns  (logic 3.124ns (32.243%)  route 6.565ns (67.757%))
  Logic Levels:           10  (CARRY4=4 LUT2=1 LUT3=2 LUT4=1 LUT6=2)
  Clock Path Skew:        0.036ns (DCD - SCD + CPR)
    Destination Clock Delay (DCD):    2.739ns = ( 12.740 - 10.000 ) 
    Source Clock Delay      (SCD):    2.933ns
    Clock Pessimism Removal (CPR):    0.230ns
  Clock Uncertainty:      0.154ns  ((TSJ^2 + TIJ^2)^1/2 + DJ) / 2 + PE
    Total System Jitter     (TSJ):    0.071ns
    Total Input Jitter      (TIJ):    0.300ns
    Discrete Jitter          (DJ):    0.000ns
    Phase Error              (PE):    0.000ns

    Location             Delay type                Incr(ns)  Path(ns)    Netlist Resource(s)
  -------------------------------------------------------------------    -------------------
                         (clock clk_fpga_0 rise edge)
                                                      0.000     0.000 r  
    PS7_X0Y0             PS7                          0.000     0.000 r  gru_bin_version_i/processing_system7_0/inst/PS7_i/FCLKCLK[0]
                         net (fo=1, routed)           1.193     1.193    gru_bin_version_i/processing_system7_0/inst/FCLK_CLK_unbuffered[0]
    BUFGCTRL_X0Y16       BUFG (Prop_bufg_I_O)         0.101     1.294 r  gru_bin_version_i/processing_system7_0/inst/buffer_fclk_clk_0.FCLK_CLK_0_BUFG/O
                         net (fo=14567, routed)       1.639     2.933    gru_bin_version_i/gru_va_0/inst/grp_gru_va_Pipeline_HIDDEN_LOOP_fu_808/ap_clk
    SLICE_X51Y22         FDRE                                         r  gru_bin_version_i/gru_va_0/inst/grp_gru_va_Pipeline_HIDDEN_LOOP_fu_808/ap_enable_reg_pp0_iter1_reg/C
  -------------------------------------------------------------------    -------------------
    SLICE_X51Y22         FDRE (Prop_fdre_C_Q)         0.456     3.389 r  gru_bin_version_i/gru_va_0/inst/grp_gru_va_Pipeline_HIDDEN_LOOP_fu_808/ap_enable_reg_pp0_iter1_reg/Q
                         net (fo=7, routed)           0.854     4.243    gru_bin_version_i/gru_va_0/inst/grp_gru_va_Pipeline_HIDDEN_LOOP_fu_808/grp_mac3_fu_2726/mul_8s_8s_14_1_1_U1/ap_enable_reg_pp0_iter1
    SLICE_X56Y21         LUT2 (Prop_lut2_I0_O)        0.124     4.367 r  gru_bin_version_i/gru_va_0/inst/grp_gru_va_Pipeline_HIDDEN_LOOP_fu_808/grp_mac3_fu_2726/mul_8s_8s_14_1_1_U1/tmp_product__30_carry_i_8__54/O
                         net (fo=897, routed)         2.039     6.406    gru_bin_version_i/gru_va_0/inst/grp_gru_va_Pipeline_HIDDEN_LOOP_fu_808/grp_mac3_fu_2717/mul_8s_8s_15_1_1_U2/tmp_product__0_carry__0_i_5__45_0
    SLICE_X81Y39         LUT3 (Prop_lut3_I1_O)        0.124     6.530 r  gru_bin_version_i/gru_va_0/inst/grp_gru_va_Pipeline_HIDDEN_LOOP_fu_808/grp_mac3_fu_2717/mul_8s_8s_15_1_1_U2/tmp_product__0_carry__0_i_10__30/O
                         net (fo=43, routed)          1.131     7.661    gru_bin_version_i/gru_va_0/inst/grp_gru_va_Pipeline_HIDDEN_LOOP_fu_808/U_z_12_U/tmp_product__0_carry__0_1
    SLICE_X77Y37         LUT6 (Prop_lut6_I3_O)        0.124     7.785 r  gru_bin_version_i/gru_va_0/inst/grp_gru_va_Pipeline_HIDDEN_LOOP_fu_808/U_z_12_U/tmp_product__0_carry__0_i_1__46/O
                         net (fo=2, routed)           0.617     8.402    gru_bin_version_i/gru_va_0/inst/grp_gru_va_Pipeline_HIDDEN_LOOP_fu_808/U_z_12_U/U_z_32_load_reg_20606_reg[2][3]
    SLICE_X77Y35         LUT6 (Prop_lut6_I0_O)        0.124     8.526 r  gru_bin_version_i/gru_va_0/inst/grp_gru_va_Pipeline_HIDDEN_LOOP_fu_808/U_z_12_U/tmp_product__0_carry__0_i_5__46/O
                         net (fo=1, routed)           0.000     8.526    gru_bin_version_i/gru_va_0/inst/grp_gru_va_Pipeline_HIDDEN_LOOP_fu_808/grp_mac3_fu_2717/mul_8s_8s_15_1_1_U2/tmp_product__83_carry_i_8__14_1[3]
    SLICE_X77Y35         CARRY4 (Prop_carry4_S[3]_CO[3])
                                                      0.401     8.927 r  gru_bin_version_i/gru_va_0/inst/grp_gru_va_Pipeline_HIDDEN_LOOP_fu_808/grp_mac3_fu_2717/mul_8s_8s_15_1_1_U2/tmp_product__0_carry__0/CO[3]
                         net (fo=1, routed)           0.000     8.927    gru_bin_version_i/gru_va_0/inst/grp_gru_va_Pipeline_HIDDEN_LOOP_fu_808/grp_mac3_fu_2717/mul_8s_8s_15_1_1_U2/tmp_product__0_carry__0_n_3
    SLICE_X77Y36         CARRY4 (Prop_carry4_CI_O[0])
                                                      0.222     9.149 r  gru_bin_version_i/gru_va_0/inst/grp_gru_va_Pipeline_HIDDEN_LOOP_fu_808/grp_mac3_fu_2717/mul_8s_8s_15_1_1_U2/tmp_product__0_carry__1/O[0]
                         net (fo=2, routed)           0.927    10.076    gru_bin_version_i/gru_va_0/inst/grp_gru_va_Pipeline_HIDDEN_LOOP_fu_808/grp_mac3_fu_2717/mul_8s_8s_15_1_1_U2/tmp_product__0_carry__1_n_10
    SLICE_X78Y39         LUT3 (Prop_lut3_I2_O)        0.325    10.401 r  gru_bin_version_i/gru_va_0/inst/grp_gru_va_Pipeline_HIDDEN_LOOP_fu_808/grp_mac3_fu_2717/mul_8s_8s_15_1_1_U2/tmp_product__83_carry__0_i_3__14/O
                         net (fo=2, routed)           0.484    10.884    gru_bin_version_i/gru_va_0/inst/grp_gru_va_Pipeline_HIDDEN_LOOP_fu_808/grp_mac3_fu_2717/mul_8s_8s_15_1_1_U2/tmp_product__83_carry__0_i_3__14_n_3
    SLICE_X78Y39         LUT4 (Prop_lut4_I3_O)        0.326    11.210 r  gru_bin_version_i/gru_va_0/inst/grp_gru_va_Pipeline_HIDDEN_LOOP_fu_808/grp_mac3_fu_2717/mul_8s_8s_15_1_1_U2/tmp_product__83_carry__0_i_7__14/O
                         net (fo=1, routed)           0.000    11.210    gru_bin_version_i/gru_va_0/inst/grp_gru_va_Pipeline_HIDDEN_LOOP_fu_808/grp_mac3_fu_2717/mul_8s_8s_15_1_1_U2/tmp_product__83_carry__0_i_7__14_n_3
    SLICE_X78Y39         CARRY4 (Prop_carry4_S[1]_CO[3])
                                                      0.550    11.760 r  gru_bin_version_i/gru_va_0/inst/grp_gru_va_Pipeline_HIDDEN_LOOP_fu_808/grp_mac3_fu_2717/mul_8s_8s_15_1_1_U2/tmp_product__83_carry__0/CO[3]
                         net (fo=1, routed)           0.000    11.760    gru_bin_version_i/gru_va_0/inst/grp_gru_va_Pipeline_HIDDEN_LOOP_fu_808/grp_mac3_fu_2717/mul_8s_8s_15_1_1_U2/tmp_product__83_carry__0_n_3
    SLICE_X78Y40         CARRY4 (Prop_carry4_CI_O[1])
                                                      0.348    12.108 r  gru_bin_version_i/gru_va_0/inst/grp_gru_va_Pipeline_HIDDEN_LOOP_fu_808/grp_mac3_fu_2717/mul_8s_8s_15_1_1_U2/tmp_product__83_carry__1/O[1]
                         net (fo=2, routed)           0.514    12.622    gru_bin_version_i/gru_va_0/inst/grp_gru_va_Pipeline_HIDDEN_LOOP_fu_808/grp_mac3_fu_2717_n_47
    SLICE_X80Y40         FDRE                                         r  gru_bin_version_i/gru_va_0/inst/grp_gru_va_Pipeline_HIDDEN_LOOP_fu_808/acc_z_32_reg_20988_reg[24]/D
  -------------------------------------------------------------------    -------------------

                         (clock clk_fpga_0 rise edge)
                                                     10.000    10.000 r  
    PS7_X0Y0             PS7                          0.000    10.000 r  gru_bin_version_i/processing_system7_0/inst/PS7_i/FCLKCLK[0]
                         net (fo=1, routed)           1.088    11.088    gru_bin_version_i/processing_system7_0/inst/FCLK_CLK_unbuffered[0]
    BUFGCTRL_X0Y16       BUFG (Prop_bufg_I_O)         0.091    11.179 r  gru_bin_version_i/processing_system7_0/inst/buffer_fclk_clk_0.FCLK_CLK_0_BUFG/O
                         net (fo=14567, routed)       1.560    12.740    gru_bin_version_i/gru_va_0/inst/grp_gru_va_Pipeline_HIDDEN_LOOP_fu_808/ap_clk
    SLICE_X80Y40         FDRE                                         r  gru_bin_version_i/gru_va_0/inst/grp_gru_va_Pipeline_HIDDEN_LOOP_fu_808/acc_z_32_reg_20988_reg[24]/C
                         clock pessimism              0.230    12.969    
                         clock uncertainty           -0.154    12.815    
    SLICE_X80Y40         FDRE (Setup_fdre_C_D)       -0.237    12.578    gru_bin_version_i/gru_va_0/inst/grp_gru_va_Pipeline_HIDDEN_LOOP_fu_808/acc_z_32_reg_20988_reg[24]
  -------------------------------------------------------------------
                         required time                         12.578    
                         arrival time                         -12.622    
  -------------------------------------------------------------------
                         slack                                 -0.044    

Slack (VIOLATED) :        -0.004ns  (required time - arrival time)
  Source:                 gru_bin_version_i/gru_va_0/inst/grp_gru_va_Pipeline_HIDDEN_LOOP_fu_808/ap_enable_reg_pp0_iter1_reg/C
                            (rising edge-triggered cell FDRE clocked by clk_fpga_0  {rise@0.000ns fall@5.000ns period=10.000ns})
  Destination:            gru_bin_version_i/gru_va_0/inst/grp_gru_va_Pipeline_HIDDEN_LOOP_fu_808/acc_r_5_reg_20151_reg[22]/D
                            (rising edge-triggered cell FDRE clocked by clk_fpga_0  {rise@0.000ns fall@5.000ns period=10.000ns})
  Path Group:             clk_fpga_0
  Path Type:              Setup (Max at Slow Process Corner)
  Requirement:            10.000ns  (clk_fpga_0 rise@10.000ns - clk_fpga_0 rise@0.000ns)
  Data Path Delay:        9.565ns  (logic 3.245ns (33.927%)  route 6.320ns (66.073%))
  Logic Levels:           9  (CARRY4=3 LUT2=1 LUT3=2 LUT4=1 LUT6=2)
  Clock Path Skew:        -0.063ns (DCD - SCD + CPR)
    Destination Clock Delay (DCD):    2.741ns = ( 12.741 - 10.000 ) 
    Source Clock Delay      (SCD):    2.933ns
    Clock Pessimism Removal (CPR):    0.129ns
  Clock Uncertainty:      0.154ns  ((TSJ^2 + TIJ^2)^1/2 + DJ) / 2 + PE
    Total System Jitter     (TSJ):    0.071ns
    Total Input Jitter      (TIJ):    0.300ns
    Discrete Jitter          (DJ):    0.000ns
    Phase Error              (PE):    0.000ns

    Location             Delay type                Incr(ns)  Path(ns)    Netlist Resource(s)
  -------------------------------------------------------------------    -------------------
                         (clock clk_fpga_0 rise edge)
                                                      0.000     0.000 r  
    PS7_X0Y0             PS7                          0.000     0.000 r  gru_bin_version_i/processing_system7_0/inst/PS7_i/FCLKCLK[0]
                         net (fo=1, routed)           1.193     1.193    gru_bin_version_i/processing_system7_0/inst/FCLK_CLK_unbuffered[0]
    BUFGCTRL_X0Y16       BUFG (Prop_bufg_I_O)         0.101     1.294 r  gru_bin_version_i/processing_system7_0/inst/buffer_fclk_clk_0.FCLK_CLK_0_BUFG/O
                         net (fo=14567, routed)       1.639     2.933    gru_bin_version_i/gru_va_0/inst/grp_gru_va_Pipeline_HIDDEN_LOOP_fu_808/ap_clk
    SLICE_X51Y22         FDRE                                         r  gru_bin_version_i/gru_va_0/inst/grp_gru_va_Pipeline_HIDDEN_LOOP_fu_808/ap_enable_reg_pp0_iter1_reg/C
  -------------------------------------------------------------------    -------------------
    SLICE_X51Y22         FDRE (Prop_fdre_C_Q)         0.456     3.389 r  gru_bin_version_i/gru_va_0/inst/grp_gru_va_Pipeline_HIDDEN_LOOP_fu_808/ap_enable_reg_pp0_iter1_reg/Q
                         net (fo=7, routed)           0.702     4.091    gru_bin_version_i/gru_va_0/inst/grp_gru_va_Pipeline_HIDDEN_LOOP_fu_808/grp_mac3_fu_2730/mul_8s_8s_13_1_1_U3/ap_enable_reg_pp0_iter1
    SLICE_X50Y29         LUT2 (Prop_lut2_I0_O)        0.124     4.215 r  gru_bin_version_i/gru_va_0/inst/grp_gru_va_Pipeline_HIDDEN_LOOP_fu_808/grp_mac3_fu_2730/mul_8s_8s_13_1_1_U3/tmp_product__0_carry_i_14__18/O
                         net (fo=895, routed)         1.401     5.617    gru_bin_version_i/gru_va_0/inst/grp_gru_va_Pipeline_HIDDEN_LOOP_fu_808/U_r_5_U/acc_r_25_reg_20856_reg[13]
    SLICE_X38Y30         LUT3 (Prop_lut3_I1_O)        0.148     5.765 r  gru_bin_version_i/gru_va_0/inst/grp_gru_va_Pipeline_HIDDEN_LOOP_fu_808/U_r_5_U/tmp_product__0_carry_i_10__56/O
                         net (fo=12, routed)          0.873     6.638    gru_bin_version_i/gru_va_0/inst/grp_gru_va_Pipeline_HIDDEN_LOOP_fu_808/U_r_5_U/tmp_product__0_carry_i_10__56_n_3
    SLICE_X37Y29         LUT6 (Prop_lut6_I0_O)        0.328     6.966 r  gru_bin_version_i/gru_va_0/inst/grp_gru_va_Pipeline_HIDDEN_LOOP_fu_808/U_r_5_U/tmp_product__0_carry__0_i_3__57/O
                         net (fo=2, routed)           0.600     7.566    gru_bin_version_i/gru_va_0/inst/grp_gru_va_Pipeline_HIDDEN_LOOP_fu_808/U_r_5_U/U_r_25_load_reg_20496_reg[2][1]
    SLICE_X33Y28         LUT6 (Prop_lut6_I0_O)        0.124     7.690 r  gru_bin_version_i/gru_va_0/inst/grp_gru_va_Pipeline_HIDDEN_LOOP_fu_808/U_r_5_U/tmp_product__0_carry__0_i_7__57/O
                         net (fo=1, routed)           0.000     7.690    gru_bin_version_i/gru_va_0/inst/grp_gru_va_Pipeline_HIDDEN_LOOP_fu_808/grp_mac3_fu_2725/mul_8s_8s_14_1_1_U1/tmp_product__80_carry_i_8__17_1[1]
    SLICE_X33Y28         CARRY4 (Prop_carry4_S[1]_CO[3])
                                                      0.550     8.240 r  gru_bin_version_i/gru_va_0/inst/grp_gru_va_Pipeline_HIDDEN_LOOP_fu_808/grp_mac3_fu_2725/mul_8s_8s_14_1_1_U1/tmp_product__0_carry__0/CO[3]
                         net (fo=1, routed)           0.000     8.240    gru_bin_version_i/gru_va_0/inst/grp_gru_va_Pipeline_HIDDEN_LOOP_fu_808/grp_mac3_fu_2725/mul_8s_8s_14_1_1_U1/tmp_product__0_carry__0_n_3
    SLICE_X33Y29         CARRY4 (Prop_carry4_CI_O[0])
                                                      0.222     8.462 r  gru_bin_version_i/gru_va_0/inst/grp_gru_va_Pipeline_HIDDEN_LOOP_fu_808/grp_mac3_fu_2725/mul_8s_8s_14_1_1_U1/tmp_product__0_carry__1/O[0]
                         net (fo=2, routed)           1.355     9.818    gru_bin_version_i/gru_va_0/inst/grp_gru_va_Pipeline_HIDDEN_LOOP_fu_808/grp_mac3_fu_2725/mul_8s_8s_14_1_1_U1/tmp_product__0_carry__1_n_10
    SLICE_X23Y32         LUT3 (Prop_lut3_I2_O)        0.327    10.145 r  gru_bin_version_i/gru_va_0/inst/grp_gru_va_Pipeline_HIDDEN_LOOP_fu_808/grp_mac3_fu_2725/mul_8s_8s_14_1_1_U1/tmp_product__80_carry__0_i_3__17/O
                         net (fo=2, routed)           0.666    10.811    gru_bin_version_i/gru_va_0/inst/grp_gru_va_Pipeline_HIDDEN_LOOP_fu_808/grp_mac3_fu_2725/mul_8s_8s_14_1_1_U1/tmp_product__80_carry__0_i_3__17_n_3
    SLICE_X23Y32         LUT4 (Prop_lut4_I3_O)        0.326    11.137 r  gru_bin_version_i/gru_va_0/inst/grp_gru_va_Pipeline_HIDDEN_LOOP_fu_808/grp_mac3_fu_2725/mul_8s_8s_14_1_1_U1/tmp_product__80_carry__0_i_7__17/O
                         net (fo=1, routed)           0.000    11.137    gru_bin_version_i/gru_va_0/inst/grp_gru_va_Pipeline_HIDDEN_LOOP_fu_808/grp_mac3_fu_2725/mul_8s_8s_14_1_1_U1/tmp_product__80_carry__0_i_7__17_n_3
    SLICE_X23Y32         CARRY4 (Prop_carry4_S[1]_O[3])
                                                      0.640    11.777 r  gru_bin_version_i/gru_va_0/inst/grp_gru_va_Pipeline_HIDDEN_LOOP_fu_808/grp_mac3_fu_2725/mul_8s_8s_14_1_1_U1/tmp_product__80_carry__0/O[3]
                         net (fo=2, routed)           0.721    12.498    gru_bin_version_i/gru_va_0/inst/grp_gru_va_Pipeline_HIDDEN_LOOP_fu_808/grp_mac3_fu_2725_n_5
    SLICE_X25Y31         FDRE                                         r  gru_bin_version_i/gru_va_0/inst/grp_gru_va_Pipeline_HIDDEN_LOOP_fu_808/acc_r_5_reg_20151_reg[22]/D
  -------------------------------------------------------------------    -------------------

                         (clock clk_fpga_0 rise edge)
                                                     10.000    10.000 r  
    PS7_X0Y0             PS7                          0.000    10.000 r  gru_bin_version_i/processing_system7_0/inst/PS7_i/FCLKCLK[0]
                         net (fo=1, routed)           1.088    11.088    gru_bin_version_i/processing_system7_0/inst/FCLK_CLK_unbuffered[0]
    BUFGCTRL_X0Y16       BUFG (Prop_bufg_I_O)         0.091    11.179 r  gru_bin_version_i/processing_system7_0/inst/buffer_fclk_clk_0.FCLK_CLK_0_BUFG/O
                         net (fo=14567, routed)       1.562    12.741    gru_bin_version_i/gru_va_0/inst/grp_gru_va_Pipeline_HIDDEN_LOOP_fu_808/ap_clk
    SLICE_X25Y31         FDRE                                         r  gru_bin_version_i/gru_va_0/inst/grp_gru_va_Pipeline_HIDDEN_LOOP_fu_808/acc_r_5_reg_20151_reg[22]/C
                         clock pessimism              0.129    12.870    
                         clock uncertainty           -0.154    12.716    
    SLICE_X25Y31         FDRE (Setup_fdre_C_D)       -0.222    12.494    gru_bin_version_i/gru_va_0/inst/grp_gru_va_Pipeline_HIDDEN_LOOP_fu_808/acc_r_5_reg_20151_reg[22]
  -------------------------------------------------------------------
                         required time                         12.494    
                         arrival time                         -12.498    
  -------------------------------------------------------------------
                         slack                                 -0.004    

Slack (MET) :             0.020ns  (required time - arrival time)
  Source:                 gru_bin_version_i/gru_va_0/inst/grp_gru_va_Pipeline_HIDDEN_LOOP_fu_808/ap_CS_fsm_reg[0]_replica/C
                            (rising edge-triggered cell FDSE clocked by clk_fpga_0  {rise@0.000ns fall@5.000ns period=10.000ns})
  Destination:            gru_bin_version_i/gru_va_0/inst/grp_gru_va_Pipeline_HIDDEN_LOOP_fu_808/acc_n_2_reg_20109_reg[29]/D
                            (rising edge-triggered cell FDRE clocked by clk_fpga_0  {rise@0.000ns fall@5.000ns period=10.000ns})
  Path Group:             clk_fpga_0
  Path Type:              Setup (Max at Slow Process Corner)
  Requirement:            10.000ns  (clk_fpga_0 rise@10.000ns - clk_fpga_0 rise@0.000ns)
  Data Path Delay:        9.515ns  (logic 3.165ns (33.263%)  route 6.350ns (66.737%))
  Logic Levels:           9  (CARRY4=4 LUT2=1 LUT3=2 LUT4=1 LUT5=1)
  Clock Path Skew:        -0.059ns (DCD - SCD + CPR)
    Destination Clock Delay (DCD):    2.748ns = ( 12.748 - 10.000 ) 
    Source Clock Delay      (SCD):    2.936ns
    Clock Pessimism Removal (CPR):    0.129ns
  Clock Uncertainty:      0.154ns  ((TSJ^2 + TIJ^2)^1/2 + DJ) / 2 + PE
    Total System Jitter     (TSJ):    0.071ns
    Total Input Jitter      (TIJ):    0.300ns
    Discrete Jitter          (DJ):    0.000ns
    Phase Error              (PE):    0.000ns

    Location             Delay type                Incr(ns)  Path(ns)    Netlist Resource(s)
  -------------------------------------------------------------------    -------------------
                         (clock clk_fpga_0 rise edge)
                                                      0.000     0.000 r  
    PS7_X0Y0             PS7                          0.000     0.000 r  gru_bin_version_i/processing_system7_0/inst/PS7_i/FCLKCLK[0]
                         net (fo=1, routed)           1.193     1.193    gru_bin_version_i/processing_system7_0/inst/FCLK_CLK_unbuffered[0]
    BUFGCTRL_X0Y16       BUFG (Prop_bufg_I_O)         0.101     1.294 r  gru_bin_version_i/processing_system7_0/inst/buffer_fclk_clk_0.FCLK_CLK_0_BUFG/O
                         net (fo=14567, routed)       1.642     2.936    gru_bin_version_i/gru_va_0/inst/grp_gru_va_Pipeline_HIDDEN_LOOP_fu_808/ap_clk
    SLICE_X52Y21         FDSE                                         r  gru_bin_version_i/gru_va_0/inst/grp_gru_va_Pipeline_HIDDEN_LOOP_fu_808/ap_CS_fsm_reg[0]_replica/C
  -------------------------------------------------------------------    -------------------
    SLICE_X52Y21         FDSE (Prop_fdse_C_Q)         0.456     3.392 r  gru_bin_version_i/gru_va_0/inst/grp_gru_va_Pipeline_HIDDEN_LOOP_fu_808/ap_CS_fsm_reg[0]_replica/Q
                         net (fo=136, routed)         0.528     3.920    gru_bin_version_i/gru_va_0/inst/grp_gru_va_Pipeline_HIDDEN_LOOP_fu_808/grp_mac3_fu_2728/mul_8s_8s_13_1_1_U3/ap_CS_fsm_pp0_stage0_repN_alias
    SLICE_X51Y20         LUT2 (Prop_lut2_I1_O)        0.124     4.044 r  gru_bin_version_i/gru_va_0/inst/grp_gru_va_Pipeline_HIDDEN_LOOP_fu_808/grp_mac3_fu_2728/mul_8s_8s_13_1_1_U3/tmp_product__0_carry_i_14__17/O
                         net (fo=897, routed)         1.759     5.803    gru_bin_version_i/gru_va_0/inst/grp_gru_va_Pipeline_HIDDEN_LOOP_fu_808/U_n_2_U/acc_n_22_reg_20814_reg[13]_0
    SLICE_X29Y11         LUT3 (Prop_lut3_I1_O)        0.118     5.921 r  gru_bin_version_i/gru_va_0/inst/grp_gru_va_Pipeline_HIDDEN_LOOP_fu_808/U_n_2_U/tmp_product__30_carry_i_9__7/O
                         net (fo=14, routed)          1.123     7.044    gru_bin_version_i/gru_va_0/inst/grp_gru_va_Pipeline_HIDDEN_LOOP_fu_808/U_n_2_U/tmp_product__30_carry_i_9__7_n_3
    SLICE_X30Y11         LUT5 (Prop_lut5_I2_O)        0.326     7.370 r  gru_bin_version_i/gru_va_0/inst/grp_gru_va_Pipeline_HIDDEN_LOOP_fu_808/U_n_2_U/tmp_product__30_carry_i_1__18/O
                         net (fo=1, routed)           0.648     8.018    gru_bin_version_i/gru_va_0/inst/grp_gru_va_Pipeline_HIDDEN_LOOP_fu_808/grp_mac3_fu_2727/mul_8s_8s_13_1_1_U3/DI[2]
    SLICE_X28Y11         CARRY4 (Prop_carry4_DI[3]_CO[3])
                                                      0.385     8.403 r  gru_bin_version_i/gru_va_0/inst/grp_gru_va_Pipeline_HIDDEN_LOOP_fu_808/grp_mac3_fu_2727/mul_8s_8s_13_1_1_U3/tmp_product__30_carry/CO[3]
                         net (fo=1, routed)           0.000     8.403    gru_bin_version_i/gru_va_0/inst/grp_gru_va_Pipeline_HIDDEN_LOOP_fu_808/grp_mac3_fu_2727/mul_8s_8s_13_1_1_U3/tmp_product__30_carry_n_3
    SLICE_X28Y12         CARRY4 (Prop_carry4_CI_O[1])
                                                      0.334     8.737 r  gru_bin_version_i/gru_va_0/inst/grp_gru_va_Pipeline_HIDDEN_LOOP_fu_808/grp_mac3_fu_2727/mul_8s_8s_13_1_1_U3/tmp_product__30_carry__0/O[1]
                         net (fo=2, routed)           1.184     9.921    gru_bin_version_i/gru_va_0/inst/grp_gru_va_Pipeline_HIDDEN_LOOP_fu_808/grp_mac3_fu_2727/mul_8s_8s_13_1_1_U3/tmp_product__30_carry__0_n_9
    SLICE_X30Y8          LUT3 (Prop_lut3_I2_O)        0.329    10.250 r  gru_bin_version_i/gru_va_0/inst/grp_gru_va_Pipeline_HIDDEN_LOOP_fu_808/grp_mac3_fu_2727/mul_8s_8s_13_1_1_U3/tmp_product__75_carry__0_i_3__5/O
                         net (fo=2, routed)           0.490    10.740    gru_bin_version_i/gru_va_0/inst/grp_gru_va_Pipeline_HIDDEN_LOOP_fu_808/grp_mac3_fu_2727/mul_8s_8s_13_1_1_U3/tmp_product__75_carry__0_i_3__5_n_3
    SLICE_X30Y8          LUT4 (Prop_lut4_I3_O)        0.328    11.068 r  gru_bin_version_i/gru_va_0/inst/grp_gru_va_Pipeline_HIDDEN_LOOP_fu_808/grp_mac3_fu_2727/mul_8s_8s_13_1_1_U3/tmp_product__75_carry__0_i_7__5/O
                         net (fo=1, routed)           0.000    11.068    gru_bin_version_i/gru_va_0/inst/grp_gru_va_Pipeline_HIDDEN_LOOP_fu_808/grp_mac3_fu_2727/mul_8s_8s_13_1_1_U3/tmp_product__75_carry__0_i_7__5_n_3
    SLICE_X30Y8          CARRY4 (Prop_carry4_S[1]_CO[3])
                                                      0.533    11.601 r  gru_bin_version_i/gru_va_0/inst/grp_gru_va_Pipeline_HIDDEN_LOOP_fu_808/grp_mac3_fu_2727/mul_8s_8s_13_1_1_U3/tmp_product__75_carry__0/CO[3]
                         net (fo=1, routed)           0.000    11.601    gru_bin_version_i/gru_va_0/inst/grp_gru_va_Pipeline_HIDDEN_LOOP_fu_808/grp_mac3_fu_2727/mul_8s_8s_13_1_1_U3/tmp_product__75_carry__0_n_3
    SLICE_X30Y9          CARRY4 (Prop_carry4_CI_O[0])
                                                      0.232    11.833 r  gru_bin_version_i/gru_va_0/inst/grp_gru_va_Pipeline_HIDDEN_LOOP_fu_808/grp_mac3_fu_2727/mul_8s_8s_13_1_1_U3/tmp_product__75_carry__1/O[0]
                         net (fo=2, routed)           0.618    12.451    gru_bin_version_i/gru_va_0/inst/grp_gru_va_Pipeline_HIDDEN_LOOP_fu_808/grp_mac3_fu_2727_ap_return_20
    SLICE_X31Y9          FDRE                                         r  gru_bin_version_i/gru_va_0/inst/grp_gru_va_Pipeline_HIDDEN_LOOP_fu_808/acc_n_2_reg_20109_reg[29]/D
  -------------------------------------------------------------------    -------------------

                         (clock clk_fpga_0 rise edge)
                                                     10.000    10.000 r  
    PS7_X0Y0             PS7                          0.000    10.000 r  gru_bin_version_i/processing_system7_0/inst/PS7_i/FCLKCLK[0]
                         net (fo=1, routed)           1.088    11.088    gru_bin_version_i/processing_system7_0/inst/FCLK_CLK_unbuffered[0]
    BUFGCTRL_X0Y16       BUFG (Prop_bufg_I_O)         0.091    11.179 r  gru_bin_version_i/processing_system7_0/inst/buffer_fclk_clk_0.FCLK_CLK_0_BUFG/O
                         net (fo=14567, routed)       1.569    12.748    gru_bin_version_i/gru_va_0/inst/grp_gru_va_Pipeline_HIDDEN_LOOP_fu_808/ap_clk
    SLICE_X31Y9          FDRE                                         r  gru_bin_version_i/gru_va_0/inst/grp_gru_va_Pipeline_HIDDEN_LOOP_fu_808/acc_n_2_reg_20109_reg[29]/C
                         clock pessimism              0.129    12.877    
                         clock uncertainty           -0.154    12.723    
    SLICE_X31Y9          FDRE (Setup_fdre_C_D)       -0.252    12.471    gru_bin_version_i/gru_va_0/inst/grp_gru_va_Pipeline_HIDDEN_LOOP_fu_808/acc_n_2_reg_20109_reg[29]
  -------------------------------------------------------------------
                         required time                         12.471    
                         arrival time                         -12.451    
  -------------------------------------------------------------------
                         slack                                  0.020    

Slack (MET) :             0.028ns  (required time - arrival time)
  Source:                 gru_bin_version_i/gru_va_0/inst/grp_gru_va_Pipeline_HIDDEN_LOOP_fu_808/ap_enable_reg_pp0_iter1_reg/C
                            (rising edge-triggered cell FDRE clocked by clk_fpga_0  {rise@0.000ns fall@5.000ns period=10.000ns})
  Destination:            gru_bin_version_i/gru_va_0/inst/grp_gru_va_Pipeline_HIDDEN_LOOP_fu_808/acc_n_33_reg_21012_reg[30]/D
                            (rising edge-triggered cell FDRE clocked by clk_fpga_0  {rise@0.000ns fall@5.000ns period=10.000ns})
  Path Group:             clk_fpga_0
  Path Type:              Setup (Max at Slow Process Corner)
  Requirement:            10.000ns  (clk_fpga_0 rise@10.000ns - clk_fpga_0 rise@0.000ns)
  Data Path Delay:        9.618ns  (logic 3.160ns (32.855%)  route 6.458ns (67.145%))
  Logic Levels:           10  (CARRY4=4 LUT2=1 LUT3=2 LUT4=1 LUT6=2)
  Clock Path Skew:        0.033ns (DCD - SCD + CPR)
    Destination Clock Delay (DCD):    2.736ns = ( 12.736 - 10.000 ) 
    Source Clock Delay      (SCD):    2.933ns
    Clock Pessimism Removal (CPR):    0.230ns
  Clock Uncertainty:      0.154ns  ((TSJ^2 + TIJ^2)^1/2 + DJ) / 2 + PE
    Total System Jitter     (TSJ):    0.071ns
    Total Input Jitter      (TIJ):    0.300ns
    Discrete Jitter          (DJ):    0.000ns
    Phase Error              (PE):    0.000ns

    Location             Delay type                Incr(ns)  Path(ns)    Netlist Resource(s)
  -------------------------------------------------------------------    -------------------
                         (clock clk_fpga_0 rise edge)
                                                      0.000     0.000 r  
    PS7_X0Y0             PS7                          0.000     0.000 r  gru_bin_version_i/processing_system7_0/inst/PS7_i/FCLKCLK[0]
                         net (fo=1, routed)           1.193     1.193    gru_bin_version_i/processing_system7_0/inst/FCLK_CLK_unbuffered[0]
    BUFGCTRL_X0Y16       BUFG (Prop_bufg_I_O)         0.101     1.294 r  gru_bin_version_i/processing_system7_0/inst/buffer_fclk_clk_0.FCLK_CLK_0_BUFG/O
                         net (fo=14567, routed)       1.639     2.933    gru_bin_version_i/gru_va_0/inst/grp_gru_va_Pipeline_HIDDEN_LOOP_fu_808/ap_clk
    SLICE_X51Y22         FDRE                                         r  gru_bin_version_i/gru_va_0/inst/grp_gru_va_Pipeline_HIDDEN_LOOP_fu_808/ap_enable_reg_pp0_iter1_reg/C
  -------------------------------------------------------------------    -------------------
    SLICE_X51Y22         FDRE (Prop_fdre_C_Q)         0.456     3.389 r  gru_bin_version_i/gru_va_0/inst/grp_gru_va_Pipeline_HIDDEN_LOOP_fu_808/ap_enable_reg_pp0_iter1_reg/Q
                         net (fo=7, routed)           0.854     4.243    gru_bin_version_i/gru_va_0/inst/grp_gru_va_Pipeline_HIDDEN_LOOP_fu_808/grp_mac3_fu_2726/mul_8s_8s_14_1_1_U1/ap_enable_reg_pp0_iter1
    SLICE_X56Y21         LUT2 (Prop_lut2_I0_O)        0.124     4.367 r  gru_bin_version_i/gru_va_0/inst/grp_gru_va_Pipeline_HIDDEN_LOOP_fu_808/grp_mac3_fu_2726/mul_8s_8s_14_1_1_U1/tmp_product__30_carry_i_8__54/O
                         net (fo=897, routed)         1.479     5.845    gru_bin_version_i/gru_va_0/inst/grp_gru_va_Pipeline_HIDDEN_LOOP_fu_808/grp_mac3_fu_2712/mul_8s_8s_13_1_1_U3/acc_n_33_reg_21012_reg[18]
    SLICE_X80Y26         LUT3 (Prop_lut3_I1_O)        0.124     5.969 r  gru_bin_version_i/gru_va_0/inst/grp_gru_va_Pipeline_HIDDEN_LOOP_fu_808/grp_mac3_fu_2712/mul_8s_8s_13_1_1_U3/tmp_product__0_carry_i_12__9/O
                         net (fo=46, routed)          1.320     7.289    gru_bin_version_i/gru_va_0/inst/grp_gru_va_Pipeline_HIDDEN_LOOP_fu_808/U_n_13_U/acc_n_33_reg_21012_reg[13]_0
    SLICE_X78Y34         LUT6 (Prop_lut6_I3_O)        0.124     7.413 r  gru_bin_version_i/gru_va_0/inst/grp_gru_va_Pipeline_HIDDEN_LOOP_fu_808/U_n_13_U/tmp_product__0_carry__0_i_3__42/O
                         net (fo=2, routed)           0.661     8.074    gru_bin_version_i/gru_va_0/inst/grp_gru_va_Pipeline_HIDDEN_LOOP_fu_808/U_n_13_U/U_n_33_load_reg_20626_reg[2][1]
    SLICE_X79Y34         LUT6 (Prop_lut6_I0_O)        0.124     8.198 r  gru_bin_version_i/gru_va_0/inst/grp_gru_va_Pipeline_HIDDEN_LOOP_fu_808/U_n_13_U/tmp_product__0_carry__0_i_7__33/O
                         net (fo=1, routed)           0.000     8.198    gru_bin_version_i/gru_va_0/inst/grp_gru_va_Pipeline_HIDDEN_LOOP_fu_808/grp_mac3_fu_2712/mul_8s_8s_13_1_1_U3/tmp_product__75_carry_i_8__15_1[1]
    SLICE_X79Y34         CARRY4 (Prop_carry4_S[1]_CO[3])
                                                      0.550     8.748 r  gru_bin_version_i/gru_va_0/inst/grp_gru_va_Pipeline_HIDDEN_LOOP_fu_808/grp_mac3_fu_2712/mul_8s_8s_13_1_1_U3/tmp_product__0_carry__0/CO[3]
                         net (fo=1, routed)           0.000     8.748    gru_bin_version_i/gru_va_0/inst/grp_gru_va_Pipeline_HIDDEN_LOOP_fu_808/grp_mac3_fu_2712/mul_8s_8s_13_1_1_U3/tmp_product__0_carry__0_n_3
    SLICE_X79Y35         CARRY4 (Prop_carry4_CI_O[0])
                                                      0.222     8.970 r  gru_bin_version_i/gru_va_0/inst/grp_gru_va_Pipeline_HIDDEN_LOOP_fu_808/grp_mac3_fu_2712/mul_8s_8s_13_1_1_U3/tmp_product__0_carry__1/O[0]
                         net (fo=2, routed)           0.778     9.748    gru_bin_version_i/gru_va_0/inst/grp_gru_va_Pipeline_HIDDEN_LOOP_fu_808/grp_mac3_fu_2712/mul_8s_8s_13_1_1_U3/tmp_product__0_carry__1_n_10
    SLICE_X81Y35         LUT3 (Prop_lut3_I2_O)        0.325    10.073 r  gru_bin_version_i/gru_va_0/inst/grp_gru_va_Pipeline_HIDDEN_LOOP_fu_808/grp_mac3_fu_2712/mul_8s_8s_13_1_1_U3/tmp_product__75_carry__0_i_3__15/O
                         net (fo=2, routed)           0.891    10.964    gru_bin_version_i/gru_va_0/inst/grp_gru_va_Pipeline_HIDDEN_LOOP_fu_808/grp_mac3_fu_2712/mul_8s_8s_13_1_1_U3/tmp_product__75_carry__0_i_3__15_n_3
    SLICE_X81Y35         LUT4 (Prop_lut4_I3_O)        0.326    11.290 r  gru_bin_version_i/gru_va_0/inst/grp_gru_va_Pipeline_HIDDEN_LOOP_fu_808/grp_mac3_fu_2712/mul_8s_8s_13_1_1_U3/tmp_product__75_carry__0_i_7__15/O
                         net (fo=1, routed)           0.000    11.290    gru_bin_version_i/gru_va_0/inst/grp_gru_va_Pipeline_HIDDEN_LOOP_fu_808/grp_mac3_fu_2712/mul_8s_8s_13_1_1_U3/tmp_product__75_carry__0_i_7__15_n_3
    SLICE_X81Y35         CARRY4 (Prop_carry4_S[1]_CO[3])
                                                      0.550    11.840 r  gru_bin_version_i/gru_va_0/inst/grp_gru_va_Pipeline_HIDDEN_LOOP_fu_808/grp_mac3_fu_2712/mul_8s_8s_13_1_1_U3/tmp_product__75_carry__0/CO[3]
                         net (fo=1, routed)           0.000    11.840    gru_bin_version_i/gru_va_0/inst/grp_gru_va_Pipeline_HIDDEN_LOOP_fu_808/grp_mac3_fu_2712/mul_8s_8s_13_1_1_U3/tmp_product__75_carry__0_n_3
    SLICE_X81Y36         CARRY4 (Prop_carry4_CI_O[0])
                                                      0.235    12.075 r  gru_bin_version_i/gru_va_0/inst/grp_gru_va_Pipeline_HIDDEN_LOOP_fu_808/grp_mac3_fu_2712/mul_8s_8s_13_1_1_U3/tmp_product__75_carry__1/O[0]
                         net (fo=2, routed)           0.476    12.551    gru_bin_version_i/gru_va_0/inst/grp_gru_va_Pipeline_HIDDEN_LOOP_fu_808/grp_mac3_fu_2712_ap_return_2[31]
    SLICE_X80Y35         FDRE                                         r  gru_bin_version_i/gru_va_0/inst/grp_gru_va_Pipeline_HIDDEN_LOOP_fu_808/acc_n_33_reg_21012_reg[30]/D
  -------------------------------------------------------------------    -------------------

                         (clock clk_fpga_0 rise edge)
                                                     10.000    10.000 r  
    PS7_X0Y0             PS7                          0.000    10.000 r  gru_bin_version_i/processing_system7_0/inst/PS7_i/FCLKCLK[0]
                         net (fo=1, routed)           1.088    11.088    gru_bin_version_i/processing_system7_0/inst/FCLK_CLK_unbuffered[0]
    BUFGCTRL_X0Y16       BUFG (Prop_bufg_I_O)         0.091    11.179 r  gru_bin_version_i/processing_system7_0/inst/buffer_fclk_clk_0.FCLK_CLK_0_BUFG/O
                         net (fo=14567, routed)       1.557    12.736    gru_bin_version_i/gru_va_0/inst/grp_gru_va_Pipeline_HIDDEN_LOOP_fu_808/ap_clk
    SLICE_X80Y35         FDRE                                         r  gru_bin_version_i/gru_va_0/inst/grp_gru_va_Pipeline_HIDDEN_LOOP_fu_808/acc_n_33_reg_21012_reg[30]/C
                         clock pessimism              0.230    12.966    
                         clock uncertainty           -0.154    12.812    
    SLICE_X80Y35         FDRE (Setup_fdre_C_D)       -0.233    12.579    gru_bin_version_i/gru_va_0/inst/grp_gru_va_Pipeline_HIDDEN_LOOP_fu_808/acc_n_33_reg_21012_reg[30]
  -------------------------------------------------------------------
                         required time                         12.579    
                         arrival time                         -12.551    
  -------------------------------------------------------------------
                         slack                                  0.028    

Slack (MET) :             0.037ns  (required time - arrival time)
  Source:                 gru_bin_version_i/gru_va_0/inst/grp_gru_va_Pipeline_HIDDEN_LOOP_fu_808/ap_enable_reg_pp0_iter1_reg/C
                            (rising edge-triggered cell FDRE clocked by clk_fpga_0  {rise@0.000ns fall@5.000ns period=10.000ns})
  Destination:            gru_bin_version_i/gru_va_0/inst/grp_gru_va_Pipeline_HIDDEN_LOOP_fu_808/acc_r_7_reg_20187_reg[22]/D
                            (rising edge-triggered cell FDRE clocked by clk_fpga_0  {rise@0.000ns fall@5.000ns period=10.000ns})
  Path Group:             clk_fpga_0
  Path Type:              Setup (Max at Slow Process Corner)
  Requirement:            10.000ns  (clk_fpga_0 rise@10.000ns - clk_fpga_0 rise@0.000ns)
  Data Path Delay:        9.427ns  (logic 3.154ns (33.458%)  route 6.273ns (66.542%))
  Logic Levels:           8  (CARRY4=2 LUT2=1 LUT3=2 LUT4=1 LUT5=1 LUT6=1)
  Clock Path Skew:        -0.131ns (DCD - SCD + CPR)
    Destination Clock Delay (DCD):    2.673ns = ( 12.674 - 10.000 ) 
    Source Clock Delay      (SCD):    2.933ns
    Clock Pessimism Removal (CPR):    0.129ns
  Clock Uncertainty:      0.154ns  ((TSJ^2 + TIJ^2)^1/2 + DJ) / 2 + PE
    Total System Jitter     (TSJ):    0.071ns
    Total Input Jitter      (TIJ):    0.300ns
    Discrete Jitter          (DJ):    0.000ns
    Phase Error              (PE):    0.000ns

    Location             Delay type                Incr(ns)  Path(ns)    Netlist Resource(s)
  -------------------------------------------------------------------    -------------------
                         (clock clk_fpga_0 rise edge)
                                                      0.000     0.000 r  
    PS7_X0Y0             PS7                          0.000     0.000 r  gru_bin_version_i/processing_system7_0/inst/PS7_i/FCLKCLK[0]
                         net (fo=1, routed)           1.193     1.193    gru_bin_version_i/processing_system7_0/inst/FCLK_CLK_unbuffered[0]
    BUFGCTRL_X0Y16       BUFG (Prop_bufg_I_O)         0.101     1.294 r  gru_bin_version_i/processing_system7_0/inst/buffer_fclk_clk_0.FCLK_CLK_0_BUFG/O
                         net (fo=14567, routed)       1.639     2.933    gru_bin_version_i/gru_va_0/inst/grp_gru_va_Pipeline_HIDDEN_LOOP_fu_808/ap_clk
    SLICE_X51Y22         FDRE                                         r  gru_bin_version_i/gru_va_0/inst/grp_gru_va_Pipeline_HIDDEN_LOOP_fu_808/ap_enable_reg_pp0_iter1_reg/C
  -------------------------------------------------------------------    -------------------
    SLICE_X51Y22         FDRE (Prop_fdre_C_Q)         0.456     3.389 r  gru_bin_version_i/gru_va_0/inst/grp_gru_va_Pipeline_HIDDEN_LOOP_fu_808/ap_enable_reg_pp0_iter1_reg/Q
                         net (fo=7, routed)           0.702     4.091    gru_bin_version_i/gru_va_0/inst/grp_gru_va_Pipeline_HIDDEN_LOOP_fu_808/grp_mac3_fu_2730/mul_8s_8s_13_1_1_U3/ap_enable_reg_pp0_iter1
    SLICE_X50Y29         LUT2 (Prop_lut2_I0_O)        0.124     4.215 r  gru_bin_version_i/gru_va_0/inst/grp_gru_va_Pipeline_HIDDEN_LOOP_fu_808/grp_mac3_fu_2730/mul_8s_8s_13_1_1_U3/tmp_product__0_carry_i_14__18/O
                         net (fo=895, routed)         2.109     6.324    gru_bin_version_i/gru_va_0/inst/grp_gru_va_Pipeline_HIDDEN_LOOP_fu_808/U_r_7_U/acc_r_27_reg_20892_reg[13]
    SLICE_X32Y42         LUT3 (Prop_lut3_I1_O)        0.148     6.472 r  gru_bin_version_i/gru_va_0/inst/grp_gru_va_Pipeline_HIDDEN_LOOP_fu_808/U_r_7_U/tmp_product__30_carry_i_9__29/O
                         net (fo=13, routed)          0.894     7.366    gru_bin_version_i/gru_va_0/inst/grp_gru_va_Pipeline_HIDDEN_LOOP_fu_808/U_r_7_U/tmp_product__30_carry_i_9__29_n_3
    SLICE_X32Y43         LUT5 (Prop_lut5_I3_O)        0.356     7.722 r  gru_bin_version_i/gru_va_0/inst/grp_gru_va_Pipeline_HIDDEN_LOOP_fu_808/U_r_7_U/tmp_product__30_carry__0_i_4__35/O
                         net (fo=2, routed)           0.363     8.085    gru_bin_version_i/gru_va_0/inst/grp_gru_va_Pipeline_HIDDEN_LOOP_fu_808/U_r_7_U/h_new_7_1_lcssa127_load_reg_4239_reg[4][0]
    SLICE_X33Y43         LUT6 (Prop_lut6_I0_O)        0.348     8.433 r  gru_bin_version_i/gru_va_0/inst/grp_gru_va_Pipeline_HIDDEN_LOOP_fu_808/U_r_7_U/tmp_product__30_carry__0_i_8__50/O
                         net (fo=1, routed)           0.000     8.433    gru_bin_version_i/gru_va_0/inst/grp_gru_va_Pipeline_HIDDEN_LOOP_fu_808/grp_mac3_fu_2718/mul_8s_8s_14_1_1_U1/tmp_product__80_carry__0_i_4__9_1[0]
    SLICE_X33Y43         CARRY4 (Prop_carry4_S[0]_O[1])
                                                      0.424     8.857 r  gru_bin_version_i/gru_va_0/inst/grp_gru_va_Pipeline_HIDDEN_LOOP_fu_808/grp_mac3_fu_2718/mul_8s_8s_14_1_1_U1/tmp_product__30_carry__0/O[1]
                         net (fo=2, routed)           0.980     9.837    gru_bin_version_i/gru_va_0/inst/grp_gru_va_Pipeline_HIDDEN_LOOP_fu_808/grp_mac3_fu_2718/mul_8s_8s_14_1_1_U1/tmp_product__30_carry__0_n_9
    SLICE_X36Y42         LUT3 (Prop_lut3_I1_O)        0.327    10.164 r  gru_bin_version_i/gru_va_0/inst/grp_gru_va_Pipeline_HIDDEN_LOOP_fu_808/grp_mac3_fu_2718/mul_8s_8s_14_1_1_U1/tmp_product__80_carry__0_i_3__9/O
                         net (fo=2, routed)           0.490    10.654    gru_bin_version_i/gru_va_0/inst/grp_gru_va_Pipeline_HIDDEN_LOOP_fu_808/grp_mac3_fu_2718/mul_8s_8s_14_1_1_U1/tmp_product__80_carry__0_i_3__9_n_3
    SLICE_X36Y42         LUT4 (Prop_lut4_I3_O)        0.328    10.982 r  gru_bin_version_i/gru_va_0/inst/grp_gru_va_Pipeline_HIDDEN_LOOP_fu_808/grp_mac3_fu_2718/mul_8s_8s_14_1_1_U1/tmp_product__80_carry__0_i_7__9/O
                         net (fo=1, routed)           0.000    10.982    gru_bin_version_i/gru_va_0/inst/grp_gru_va_Pipeline_HIDDEN_LOOP_fu_808/grp_mac3_fu_2718/mul_8s_8s_14_1_1_U1/tmp_product__80_carry__0_i_7__9_n_3
    SLICE_X36Y42         CARRY4 (Prop_carry4_S[1]_O[3])
                                                      0.643    11.625 r  gru_bin_version_i/gru_va_0/inst/grp_gru_va_Pipeline_HIDDEN_LOOP_fu_808/grp_mac3_fu_2718/mul_8s_8s_14_1_1_U1/tmp_product__80_carry__0/O[3]
                         net (fo=2, routed)           0.735    12.360    gru_bin_version_i/gru_va_0/inst/grp_gru_va_Pipeline_HIDDEN_LOOP_fu_808/grp_mac3_fu_2718_n_25
    SLICE_X37Y42         FDRE                                         r  gru_bin_version_i/gru_va_0/inst/grp_gru_va_Pipeline_HIDDEN_LOOP_fu_808/acc_r_7_reg_20187_reg[22]/D
  -------------------------------------------------------------------    -------------------

                         (clock clk_fpga_0 rise edge)
                                                     10.000    10.000 r  
    PS7_X0Y0             PS7                          0.000    10.000 r  gru_bin_version_i/processing_system7_0/inst/PS7_i/FCLKCLK[0]
                         net (fo=1, routed)           1.088    11.088    gru_bin_version_i/processing_system7_0/inst/FCLK_CLK_unbuffered[0]
    BUFGCTRL_X0Y16       BUFG (Prop_bufg_I_O)         0.091    11.179 r  gru_bin_version_i/processing_system7_0/inst/buffer_fclk_clk_0.FCLK_CLK_0_BUFG/O
                         net (fo=14567, routed)       1.494    12.674    gru_bin_version_i/gru_va_0/inst/grp_gru_va_Pipeline_HIDDEN_LOOP_fu_808/ap_clk
    SLICE_X37Y42         FDRE                                         r  gru_bin_version_i/gru_va_0/inst/grp_gru_va_Pipeline_HIDDEN_LOOP_fu_808/acc_r_7_reg_20187_reg[22]/C
                         clock pessimism              0.129    12.802    
                         clock uncertainty           -0.154    12.648    
    SLICE_X37Y42         FDRE (Setup_fdre_C_D)       -0.252    12.396    gru_bin_version_i/gru_va_0/inst/grp_gru_va_Pipeline_HIDDEN_LOOP_fu_808/acc_r_7_reg_20187_reg[22]
  -------------------------------------------------------------------
                         required time                         12.396    
                         arrival time                         -12.360    
  -------------------------------------------------------------------
                         slack                                  0.037    

Slack (MET) :             0.044ns  (required time - arrival time)
  Source:                 gru_bin_version_i/gru_va_0/inst/grp_gru_va_Pipeline_HIDDEN_LOOP_fu_808/ap_enable_reg_pp0_iter1_reg/C
                            (rising edge-triggered cell FDRE clocked by clk_fpga_0  {rise@0.000ns fall@5.000ns period=10.000ns})
  Destination:            gru_bin_version_i/gru_va_0/inst/grp_gru_va_Pipeline_HIDDEN_LOOP_fu_808/acc_r_34_reg_21018_reg[30]/D
                            (rising edge-triggered cell FDRE clocked by clk_fpga_0  {rise@0.000ns fall@5.000ns period=10.000ns})
  Path Group:             clk_fpga_0
  Path Type:              Setup (Max at Slow Process Corner)
  Requirement:            10.000ns  (clk_fpga_0 rise@10.000ns - clk_fpga_0 rise@0.000ns)
  Data Path Delay:        9.602ns  (logic 3.198ns (33.307%)  route 6.404ns (66.693%))
  Logic Levels:           9  (CARRY4=4 LUT2=1 LUT3=2 LUT4=1 LUT6=1)
  Clock Path Skew:        0.022ns (DCD - SCD + CPR)
    Destination Clock Delay (DCD):    2.725ns = ( 12.726 - 10.000 ) 
    Source Clock Delay      (SCD):    2.933ns
    Clock Pessimism Removal (CPR):    0.230ns
  Clock Uncertainty:      0.154ns  ((TSJ^2 + TIJ^2)^1/2 + DJ) / 2 + PE
    Total System Jitter     (TSJ):    0.071ns
    Total Input Jitter      (TIJ):    0.300ns
    Discrete Jitter          (DJ):    0.000ns
    Phase Error              (PE):    0.000ns

    Location             Delay type                Incr(ns)  Path(ns)    Netlist Resource(s)
  -------------------------------------------------------------------    -------------------
                         (clock clk_fpga_0 rise edge)
                                                      0.000     0.000 r  
    PS7_X0Y0             PS7                          0.000     0.000 r  gru_bin_version_i/processing_system7_0/inst/PS7_i/FCLKCLK[0]
                         net (fo=1, routed)           1.193     1.193    gru_bin_version_i/processing_system7_0/inst/FCLK_CLK_unbuffered[0]
    BUFGCTRL_X0Y16       BUFG (Prop_bufg_I_O)         0.101     1.294 r  gru_bin_version_i/processing_system7_0/inst/buffer_fclk_clk_0.FCLK_CLK_0_BUFG/O
                         net (fo=14567, routed)       1.639     2.933    gru_bin_version_i/gru_va_0/inst/grp_gru_va_Pipeline_HIDDEN_LOOP_fu_808/ap_clk
    SLICE_X51Y22         FDRE                                         r  gru_bin_version_i/gru_va_0/inst/grp_gru_va_Pipeline_HIDDEN_LOOP_fu_808/ap_enable_reg_pp0_iter1_reg/C
  -------------------------------------------------------------------    -------------------
    SLICE_X51Y22         FDRE (Prop_fdre_C_Q)         0.456     3.389 r  gru_bin_version_i/gru_va_0/inst/grp_gru_va_Pipeline_HIDDEN_LOOP_fu_808/ap_enable_reg_pp0_iter1_reg/Q
                         net (fo=7, routed)           0.854     4.243    gru_bin_version_i/gru_va_0/inst/grp_gru_va_Pipeline_HIDDEN_LOOP_fu_808/grp_mac3_fu_2726/mul_8s_8s_14_1_1_U1/ap_enable_reg_pp0_iter1
    SLICE_X56Y21         LUT2 (Prop_lut2_I0_O)        0.124     4.367 r  gru_bin_version_i/gru_va_0/inst/grp_gru_va_Pipeline_HIDDEN_LOOP_fu_808/grp_mac3_fu_2726/mul_8s_8s_14_1_1_U1/tmp_product__30_carry_i_8__54/O
                         net (fo=897, routed)         1.550     5.917    gru_bin_version_i/gru_va_0/inst/grp_gru_va_Pipeline_HIDDEN_LOOP_fu_808/grp_mac3_fu_2713/mul_8s_8s_13_1_1_U3/tmp_product__0_carry_i_1__39_0
    SLICE_X74Y23         LUT3 (Prop_lut3_I1_O)        0.150     6.067 r  gru_bin_version_i/gru_va_0/inst/grp_gru_va_Pipeline_HIDDEN_LOOP_fu_808/grp_mac3_fu_2713/mul_8s_8s_13_1_1_U3/tmp_product__0_carry_i_12__8/O
                         net (fo=43, routed)          1.385     7.452    gru_bin_version_i/gru_va_0/inst/grp_gru_va_Pipeline_HIDDEN_LOOP_fu_808/U_r_14_U/acc_r_14_reg_20313_reg[13]_0
    SLICE_X94Y24         LUT6 (Prop_lut6_I2_O)        0.332     7.784 r  gru_bin_version_i/gru_va_0/inst/grp_gru_va_Pipeline_HIDDEN_LOOP_fu_808/U_r_14_U/tmp_product__30_carry_i_1__35/O
                         net (fo=1, routed)           0.481     8.265    gru_bin_version_i/gru_va_0/inst/grp_gru_va_Pipeline_HIDDEN_LOOP_fu_808/grp_mac3_fu_2713/mul_8s_8s_14_1_1_U1/acc_r_14_reg_20313_reg[14][2]
    SLICE_X95Y22         CARRY4 (Prop_carry4_DI[3]_CO[3])
                                                      0.385     8.650 r  gru_bin_version_i/gru_va_0/inst/grp_gru_va_Pipeline_HIDDEN_LOOP_fu_808/grp_mac3_fu_2713/mul_8s_8s_14_1_1_U1/tmp_product__30_carry/CO[3]
                         net (fo=1, routed)           0.000     8.650    gru_bin_version_i/gru_va_0/inst/grp_gru_va_Pipeline_HIDDEN_LOOP_fu_808/grp_mac3_fu_2713/mul_8s_8s_14_1_1_U1/tmp_product__30_carry_n_3
    SLICE_X95Y23         CARRY4 (Prop_carry4_CI_O[0])
                                                      0.222     8.872 r  gru_bin_version_i/gru_va_0/inst/grp_gru_va_Pipeline_HIDDEN_LOOP_fu_808/grp_mac3_fu_2713/mul_8s_8s_14_1_1_U1/tmp_product__30_carry__0/O[0]
                         net (fo=2, routed)           1.041     9.913    gru_bin_version_i/gru_va_0/inst/grp_gru_va_Pipeline_HIDDEN_LOOP_fu_808/grp_mac3_fu_2713/mul_8s_8s_14_1_1_U1/tmp_product__30_carry__0_n_10
    SLICE_X86Y22         LUT3 (Prop_lut3_I1_O)        0.324    10.237 r  gru_bin_version_i/gru_va_0/inst/grp_gru_va_Pipeline_HIDDEN_LOOP_fu_808/grp_mac3_fu_2713/mul_8s_8s_14_1_1_U1/tmp_product__80_carry__0_i_4__16/O
                         net (fo=2, routed)           0.607    10.844    gru_bin_version_i/gru_va_0/inst/grp_gru_va_Pipeline_HIDDEN_LOOP_fu_808/grp_mac3_fu_2713/mul_8s_8s_14_1_1_U1/tmp_product__80_carry__0_i_4__16_n_3
    SLICE_X86Y23         LUT4 (Prop_lut4_I3_O)        0.355    11.199 r  gru_bin_version_i/gru_va_0/inst/grp_gru_va_Pipeline_HIDDEN_LOOP_fu_808/grp_mac3_fu_2713/mul_8s_8s_14_1_1_U1/tmp_product__80_carry__0_i_8__16/O
                         net (fo=1, routed)           0.000    11.199    gru_bin_version_i/gru_va_0/inst/grp_gru_va_Pipeline_HIDDEN_LOOP_fu_808/grp_mac3_fu_2713/mul_8s_8s_14_1_1_U1/tmp_product__80_carry__0_i_8__16_n_3
    SLICE_X86Y23         CARRY4 (Prop_carry4_S[0]_CO[3])
                                                      0.513    11.712 r  gru_bin_version_i/gru_va_0/inst/grp_gru_va_Pipeline_HIDDEN_LOOP_fu_808/grp_mac3_fu_2713/mul_8s_8s_14_1_1_U1/tmp_product__80_carry__0/CO[3]
                         net (fo=1, routed)           0.000    11.712    gru_bin_version_i/gru_va_0/inst/grp_gru_va_Pipeline_HIDDEN_LOOP_fu_808/grp_mac3_fu_2713/mul_8s_8s_14_1_1_U1/tmp_product__80_carry__0_n_3
    SLICE_X86Y24         CARRY4 (Prop_carry4_CI_O[1])
                                                      0.337    12.049 r  gru_bin_version_i/gru_va_0/inst/grp_gru_va_Pipeline_HIDDEN_LOOP_fu_808/grp_mac3_fu_2713/mul_8s_8s_14_1_1_U1/tmp_product__80_carry__1/O[1]
                         net (fo=2, routed)           0.486    12.535    gru_bin_version_i/gru_va_0/inst/grp_gru_va_Pipeline_HIDDEN_LOOP_fu_808/grp_mac3_fu_2713_ap_return_00
    SLICE_X88Y24         FDRE                                         r  gru_bin_version_i/gru_va_0/inst/grp_gru_va_Pipeline_HIDDEN_LOOP_fu_808/acc_r_34_reg_21018_reg[30]/D
  -------------------------------------------------------------------    -------------------

                         (clock clk_fpga_0 rise edge)
                                                     10.000    10.000 r  
    PS7_X0Y0             PS7                          0.000    10.000 r  gru_bin_version_i/processing_system7_0/inst/PS7_i/FCLKCLK[0]
                         net (fo=1, routed)           1.088    11.088    gru_bin_version_i/processing_system7_0/inst/FCLK_CLK_unbuffered[0]
    BUFGCTRL_X0Y16       BUFG (Prop_bufg_I_O)         0.091    11.179 r  gru_bin_version_i/processing_system7_0/inst/buffer_fclk_clk_0.FCLK_CLK_0_BUFG/O
                         net (fo=14567, routed)       1.546    12.726    gru_bin_version_i/gru_va_0/inst/grp_gru_va_Pipeline_HIDDEN_LOOP_fu_808/ap_clk
    SLICE_X88Y24         FDRE                                         r  gru_bin_version_i/gru_va_0/inst/grp_gru_va_Pipeline_HIDDEN_LOOP_fu_808/acc_r_34_reg_21018_reg[30]/C
                         clock pessimism              0.230    12.955    
                         clock uncertainty           -0.154    12.801    
    SLICE_X88Y24         FDRE (Setup_fdre_C_D)       -0.222    12.579    gru_bin_version_i/gru_va_0/inst/grp_gru_va_Pipeline_HIDDEN_LOOP_fu_808/acc_r_34_reg_21018_reg[30]
  -------------------------------------------------------------------
                         required time                         12.579    
                         arrival time                         -12.535    
  -------------------------------------------------------------------
                         slack                                  0.044    

Slack (MET) :             0.045ns  (required time - arrival time)
  Source:                 gru_bin_version_i/gru_va_0/inst/grp_gru_va_Pipeline_HIDDEN_LOOP_fu_808/ap_enable_reg_pp0_iter1_reg/C
                            (rising edge-triggered cell FDRE clocked by clk_fpga_0  {rise@0.000ns fall@5.000ns period=10.000ns})
  Destination:            gru_bin_version_i/gru_va_0/inst/grp_gru_va_Pipeline_HIDDEN_LOOP_fu_808/acc_z_32_reg_20988_reg[20]/D
                            (rising edge-triggered cell FDRE clocked by clk_fpga_0  {rise@0.000ns fall@5.000ns period=10.000ns})
  Path Group:             clk_fpga_0
  Path Type:              Setup (Max at Slow Process Corner)
  Requirement:            10.000ns  (clk_fpga_0 rise@10.000ns - clk_fpga_0 rise@0.000ns)
  Data Path Delay:        9.576ns  (logic 2.859ns (29.854%)  route 6.717ns (70.146%))
  Logic Levels:           9  (CARRY4=4 LUT2=1 LUT3=2 LUT4=1 LUT6=1)
  Clock Path Skew:        0.036ns (DCD - SCD + CPR)
    Destination Clock Delay (DCD):    2.739ns = ( 12.740 - 10.000 ) 
    Source Clock Delay      (SCD):    2.933ns
    Clock Pessimism Removal (CPR):    0.230ns
  Clock Uncertainty:      0.154ns  ((TSJ^2 + TIJ^2)^1/2 + DJ) / 2 + PE
    Total System Jitter     (TSJ):    0.071ns
    Total Input Jitter      (TIJ):    0.300ns
    Discrete Jitter          (DJ):    0.000ns
    Phase Error              (PE):    0.000ns

    Location             Delay type                Incr(ns)  Path(ns)    Netlist Resource(s)
  -------------------------------------------------------------------    -------------------
                         (clock clk_fpga_0 rise edge)
                                                      0.000     0.000 r  
    PS7_X0Y0             PS7                          0.000     0.000 r  gru_bin_version_i/processing_system7_0/inst/PS7_i/FCLKCLK[0]
                         net (fo=1, routed)           1.193     1.193    gru_bin_version_i/processing_system7_0/inst/FCLK_CLK_unbuffered[0]
    BUFGCTRL_X0Y16       BUFG (Prop_bufg_I_O)         0.101     1.294 r  gru_bin_version_i/processing_system7_0/inst/buffer_fclk_clk_0.FCLK_CLK_0_BUFG/O
                         net (fo=14567, routed)       1.639     2.933    gru_bin_version_i/gru_va_0/inst/grp_gru_va_Pipeline_HIDDEN_LOOP_fu_808/ap_clk
    SLICE_X51Y22         FDRE                                         r  gru_bin_version_i/gru_va_0/inst/grp_gru_va_Pipeline_HIDDEN_LOOP_fu_808/ap_enable_reg_pp0_iter1_reg/C
  -------------------------------------------------------------------    -------------------
    SLICE_X51Y22         FDRE (Prop_fdre_C_Q)         0.456     3.389 r  gru_bin_version_i/gru_va_0/inst/grp_gru_va_Pipeline_HIDDEN_LOOP_fu_808/ap_enable_reg_pp0_iter1_reg/Q
                         net (fo=7, routed)           0.854     4.243    gru_bin_version_i/gru_va_0/inst/grp_gru_va_Pipeline_HIDDEN_LOOP_fu_808/grp_mac3_fu_2726/mul_8s_8s_14_1_1_U1/ap_enable_reg_pp0_iter1
    SLICE_X56Y21         LUT2 (Prop_lut2_I0_O)        0.124     4.367 r  gru_bin_version_i/gru_va_0/inst/grp_gru_va_Pipeline_HIDDEN_LOOP_fu_808/grp_mac3_fu_2726/mul_8s_8s_14_1_1_U1/tmp_product__30_carry_i_8__54/O
                         net (fo=897, routed)         1.801     6.168    gru_bin_version_i/gru_va_0/inst/grp_gru_va_Pipeline_HIDDEN_LOOP_fu_808/grp_mac3_fu_2717/mul_8s_8s_15_1_1_U2/tmp_product__0_carry__0_i_5__45_0
    SLICE_X78Y36         LUT3 (Prop_lut3_I1_O)        0.124     6.292 r  gru_bin_version_i/gru_va_0/inst/grp_gru_va_Pipeline_HIDDEN_LOOP_fu_808/grp_mac3_fu_2717/mul_8s_8s_15_1_1_U2/tmp_product__0_carry_i_11__30/O
                         net (fo=33, routed)          1.086     7.378    gru_bin_version_i/gru_va_0/inst/grp_gru_va_Pipeline_HIDDEN_LOOP_fu_808/U_z_12_U/acc_z_12_reg_20283_reg[13]_2
    SLICE_X77Y38         LUT6 (Prop_lut6_I3_O)        0.124     7.502 r  gru_bin_version_i/gru_va_0/inst/grp_gru_va_Pipeline_HIDDEN_LOOP_fu_808/U_z_12_U/tmp_product__0_carry_i_2__46/O
                         net (fo=1, routed)           0.676     8.178    gru_bin_version_i/gru_va_0/inst/grp_gru_va_Pipeline_HIDDEN_LOOP_fu_808/grp_mac3_fu_2717/mul_8s_8s_15_1_1_U2/acc_z_12_reg_20283_reg[13][1]
    SLICE_X77Y34         CARRY4 (Prop_carry4_DI[2]_CO[3])
                                                      0.398     8.576 r  gru_bin_version_i/gru_va_0/inst/grp_gru_va_Pipeline_HIDDEN_LOOP_fu_808/grp_mac3_fu_2717/mul_8s_8s_15_1_1_U2/tmp_product__0_carry/CO[3]
                         net (fo=1, routed)           0.000     8.576    gru_bin_version_i/gru_va_0/inst/grp_gru_va_Pipeline_HIDDEN_LOOP_fu_808/grp_mac3_fu_2717/mul_8s_8s_15_1_1_U2/tmp_product__0_carry_n_3
    SLICE_X77Y35         CARRY4 (Prop_carry4_CI_O[2])
                                                      0.239     8.815 r  gru_bin_version_i/gru_va_0/inst/grp_gru_va_Pipeline_HIDDEN_LOOP_fu_808/grp_mac3_fu_2717/mul_8s_8s_15_1_1_U2/tmp_product__0_carry__0/O[2]
                         net (fo=2, routed)           0.960     9.775    gru_bin_version_i/gru_va_0/inst/grp_gru_va_Pipeline_HIDDEN_LOOP_fu_808/grp_mac3_fu_2717/mul_8s_8s_15_1_1_U2/tmp_product__0_carry__0_n_8
    SLICE_X78Y38         LUT3 (Prop_lut3_I2_O)        0.332    10.107 r  gru_bin_version_i/gru_va_0/inst/grp_gru_va_Pipeline_HIDDEN_LOOP_fu_808/grp_mac3_fu_2717/mul_8s_8s_15_1_1_U2/tmp_product__83_carry_i_1__14/O
                         net (fo=2, routed)           0.690    10.797    gru_bin_version_i/gru_va_0/inst/grp_gru_va_Pipeline_HIDDEN_LOOP_fu_808/grp_mac3_fu_2717/mul_8s_8s_15_1_1_U2/tmp_product__83_carry_i_1__14_n_3
    SLICE_X78Y38         LUT4 (Prop_lut4_I3_O)        0.327    11.124 r  gru_bin_version_i/gru_va_0/inst/grp_gru_va_Pipeline_HIDDEN_LOOP_fu_808/grp_mac3_fu_2717/mul_8s_8s_15_1_1_U2/tmp_product__83_carry_i_5__14/O
                         net (fo=1, routed)           0.000    11.124    gru_bin_version_i/gru_va_0/inst/grp_gru_va_Pipeline_HIDDEN_LOOP_fu_808/grp_mac3_fu_2717/mul_8s_8s_15_1_1_U2/tmp_product__83_carry_i_5__14_n_3
    SLICE_X78Y38         CARRY4 (Prop_carry4_S[3]_CO[3])
                                                      0.401    11.525 r  gru_bin_version_i/gru_va_0/inst/grp_gru_va_Pipeline_HIDDEN_LOOP_fu_808/grp_mac3_fu_2717/mul_8s_8s_15_1_1_U2/tmp_product__83_carry/CO[3]
                         net (fo=1, routed)           0.000    11.525    gru_bin_version_i/gru_va_0/inst/grp_gru_va_Pipeline_HIDDEN_LOOP_fu_808/grp_mac3_fu_2717/mul_8s_8s_15_1_1_U2/tmp_product__83_carry_n_3
    SLICE_X78Y39         CARRY4 (Prop_carry4_CI_O[1])
                                                      0.334    11.859 r  gru_bin_version_i/gru_va_0/inst/grp_gru_va_Pipeline_HIDDEN_LOOP_fu_808/grp_mac3_fu_2717/mul_8s_8s_15_1_1_U2/tmp_product__83_carry__0/O[1]
                         net (fo=2, routed)           0.651    12.509    gru_bin_version_i/gru_va_0/inst/grp_gru_va_Pipeline_HIDDEN_LOOP_fu_808/grp_mac3_fu_2717_n_51
    SLICE_X80Y40         FDRE                                         r  gru_bin_version_i/gru_va_0/inst/grp_gru_va_Pipeline_HIDDEN_LOOP_fu_808/acc_z_32_reg_20988_reg[20]/D
  -------------------------------------------------------------------    -------------------

                         (clock clk_fpga_0 rise edge)
                                                     10.000    10.000 r  
    PS7_X0Y0             PS7                          0.000    10.000 r  gru_bin_version_i/processing_system7_0/inst/PS7_i/FCLKCLK[0]
                         net (fo=1, routed)           1.088    11.088    gru_bin_version_i/processing_system7_0/inst/FCLK_CLK_unbuffered[0]
    BUFGCTRL_X0Y16       BUFG (Prop_bufg_I_O)         0.091    11.179 r  gru_bin_version_i/processing_system7_0/inst/buffer_fclk_clk_0.FCLK_CLK_0_BUFG/O
                         net (fo=14567, routed)       1.560    12.740    gru_bin_version_i/gru_va_0/inst/grp_gru_va_Pipeline_HIDDEN_LOOP_fu_808/ap_clk
    SLICE_X80Y40         FDRE                                         r  gru_bin_version_i/gru_va_0/inst/grp_gru_va_Pipeline_HIDDEN_LOOP_fu_808/acc_z_32_reg_20988_reg[20]/C
                         clock pessimism              0.230    12.969    
                         clock uncertainty           -0.154    12.815    
    SLICE_X80Y40         FDRE (Setup_fdre_C_D)       -0.260    12.555    gru_bin_version_i/gru_va_0/inst/grp_gru_va_Pipeline_HIDDEN_LOOP_fu_808/acc_z_32_reg_20988_reg[20]
  -------------------------------------------------------------------
                         required time                         12.555    
                         arrival time                         -12.509    
  -------------------------------------------------------------------
                         slack                                  0.045    

Slack (MET) :             0.048ns  (required time - arrival time)
  Source:                 gru_bin_version_i/gru_va_0/inst/grp_gru_va_Pipeline_HIDDEN_LOOP_fu_808/ap_enable_reg_pp0_iter1_reg/C
                            (rising edge-triggered cell FDRE clocked by clk_fpga_0  {rise@0.000ns fall@5.000ns period=10.000ns})
  Destination:            gru_bin_version_i/gru_va_0/inst/grp_gru_va_Pipeline_HIDDEN_LOOP_fu_808/acc_n_31_reg_20976_reg[30]/D
                            (rising edge-triggered cell FDRE clocked by clk_fpga_0  {rise@0.000ns fall@5.000ns period=10.000ns})
  Path Group:             clk_fpga_0
  Path Type:              Setup (Max at Slow Process Corner)
  Requirement:            10.000ns  (clk_fpga_0 rise@10.000ns - clk_fpga_0 rise@0.000ns)
  Data Path Delay:        9.564ns  (logic 3.084ns (32.245%)  route 6.480ns (67.755%))
  Logic Levels:           9  (CARRY4=4 LUT2=1 LUT3=2 LUT4=1 LUT6=1)
  Clock Path Skew:        0.033ns (DCD - SCD + CPR)
    Destination Clock Delay (DCD):    2.737ns = ( 12.736 - 10.000 ) 
    Source Clock Delay      (SCD):    2.933ns
    Clock Pessimism Removal (CPR):    0.230ns
  Clock Uncertainty:      0.154ns  ((TSJ^2 + TIJ^2)^1/2 + DJ) / 2 + PE
    Total System Jitter     (TSJ):    0.071ns
    Total Input Jitter      (TIJ):    0.300ns
    Discrete Jitter          (DJ):    0.000ns
    Phase Error              (PE):    0.000ns

    Location             Delay type                Incr(ns)  Path(ns)    Netlist Resource(s)
  -------------------------------------------------------------------    -------------------
                         (clock clk_fpga_0 rise edge)
                                                      0.000     0.000 r  
    PS7_X0Y0             PS7                          0.000     0.000 r  gru_bin_version_i/processing_system7_0/inst/PS7_i/FCLKCLK[0]
                         net (fo=1, routed)           1.193     1.193    gru_bin_version_i/processing_system7_0/inst/FCLK_CLK_unbuffered[0]
    BUFGCTRL_X0Y16       BUFG (Prop_bufg_I_O)         0.101     1.294 r  gru_bin_version_i/processing_system7_0/inst/buffer_fclk_clk_0.FCLK_CLK_0_BUFG/O
                         net (fo=14567, routed)       1.639     2.933    gru_bin_version_i/gru_va_0/inst/grp_gru_va_Pipeline_HIDDEN_LOOP_fu_808/ap_clk
    SLICE_X51Y22         FDRE                                         r  gru_bin_version_i/gru_va_0/inst/grp_gru_va_Pipeline_HIDDEN_LOOP_fu_808/ap_enable_reg_pp0_iter1_reg/C
  -------------------------------------------------------------------    -------------------
    SLICE_X51Y22         FDRE (Prop_fdre_C_Q)         0.456     3.389 r  gru_bin_version_i/gru_va_0/inst/grp_gru_va_Pipeline_HIDDEN_LOOP_fu_808/ap_enable_reg_pp0_iter1_reg/Q
                         net (fo=7, routed)           0.854     4.243    gru_bin_version_i/gru_va_0/inst/grp_gru_va_Pipeline_HIDDEN_LOOP_fu_808/grp_mac3_fu_2726/mul_8s_8s_14_1_1_U1/ap_enable_reg_pp0_iter1
    SLICE_X56Y21         LUT2 (Prop_lut2_I0_O)        0.124     4.367 r  gru_bin_version_i/gru_va_0/inst/grp_gru_va_Pipeline_HIDDEN_LOOP_fu_808/grp_mac3_fu_2726/mul_8s_8s_14_1_1_U1/tmp_product__30_carry_i_8__54/O
                         net (fo=897, routed)         1.388     5.755    gru_bin_version_i/gru_va_0/inst/grp_gru_va_Pipeline_HIDDEN_LOOP_fu_808/grp_mac3_fu_2715/mul_8s_8s_13_1_1_U3/acc_n_31_reg_20976_reg[18]
    SLICE_X71Y26         LUT3 (Prop_lut3_I1_O)        0.150     5.905 r  gru_bin_version_i/gru_va_0/inst/grp_gru_va_Pipeline_HIDDEN_LOOP_fu_808/grp_mac3_fu_2715/mul_8s_8s_13_1_1_U3/tmp_product__0_carry_i_12__11/O
                         net (fo=45, routed)          1.188     7.093    gru_bin_version_i/gru_va_0/inst/grp_gru_va_Pipeline_HIDDEN_LOOP_fu_808/U_n_11_U/acc_n_31_reg_20976_reg[13]_0
    SLICE_X71Y31         LUT6 (Prop_lut6_I1_O)        0.326     7.419 r  gru_bin_version_i/gru_va_0/inst/grp_gru_va_Pipeline_HIDDEN_LOOP_fu_808/U_n_11_U/tmp_product__0_carry__0_i_2__48/O
                         net (fo=2, routed)           0.623     8.041    gru_bin_version_i/gru_va_0/inst/grp_gru_va_Pipeline_HIDDEN_LOOP_fu_808/grp_mac3_fu_2715/mul_8s_8s_13_1_1_U3/tmp_product__75_carry_i_8__13_0[2]
    SLICE_X72Y33         CARRY4 (Prop_carry4_DI[2]_CO[3])
                                                      0.398     8.439 r  gru_bin_version_i/gru_va_0/inst/grp_gru_va_Pipeline_HIDDEN_LOOP_fu_808/grp_mac3_fu_2715/mul_8s_8s_13_1_1_U3/tmp_product__0_carry__0/CO[3]
                         net (fo=1, routed)           0.000     8.439    gru_bin_version_i/gru_va_0/inst/grp_gru_va_Pipeline_HIDDEN_LOOP_fu_808/grp_mac3_fu_2715/mul_8s_8s_13_1_1_U3/tmp_product__0_carry__0_n_3
    SLICE_X72Y34         CARRY4 (Prop_carry4_CI_O[1])
                                                      0.334     8.773 r  gru_bin_version_i/gru_va_0/inst/grp_gru_va_Pipeline_HIDDEN_LOOP_fu_808/grp_mac3_fu_2715/mul_8s_8s_13_1_1_U3/tmp_product__0_carry__1/O[1]
                         net (fo=2, routed)           1.069     9.843    gru_bin_version_i/gru_va_0/inst/grp_gru_va_Pipeline_HIDDEN_LOOP_fu_808/grp_mac3_fu_2715/mul_8s_8s_13_1_1_U3/tmp_product__0_carry__1_n_9
    SLICE_X72Y39         LUT3 (Prop_lut3_I2_O)        0.331    10.174 r  gru_bin_version_i/gru_va_0/inst/grp_gru_va_Pipeline_HIDDEN_LOOP_fu_808/grp_mac3_fu_2715/mul_8s_8s_13_1_1_U3/tmp_product__75_carry__0_i_2__13/O
                         net (fo=2, routed)           0.872    11.046    gru_bin_version_i/gru_va_0/inst/grp_gru_va_Pipeline_HIDDEN_LOOP_fu_808/grp_mac3_fu_2715/mul_8s_8s_13_1_1_U3/tmp_product__75_carry__0_i_2__13_n_3
    SLICE_X72Y39         LUT4 (Prop_lut4_I0_O)        0.332    11.378 r  gru_bin_version_i/gru_va_0/inst/grp_gru_va_Pipeline_HIDDEN_LOOP_fu_808/grp_mac3_fu_2715/mul_8s_8s_13_1_1_U3/tmp_product__75_carry__0_i_6__13/O
                         net (fo=1, routed)           0.000    11.378    gru_bin_version_i/gru_va_0/inst/grp_gru_va_Pipeline_HIDDEN_LOOP_fu_808/grp_mac3_fu_2715/mul_8s_8s_13_1_1_U3/tmp_product__75_carry__0_i_6__13_n_3
    SLICE_X72Y39         CARRY4 (Prop_carry4_S[2]_CO[3])
                                                      0.398    11.776 r  gru_bin_version_i/gru_va_0/inst/grp_gru_va_Pipeline_HIDDEN_LOOP_fu_808/grp_mac3_fu_2715/mul_8s_8s_13_1_1_U3/tmp_product__75_carry__0/CO[3]
                         net (fo=1, routed)           0.000    11.776    gru_bin_version_i/gru_va_0/inst/grp_gru_va_Pipeline_HIDDEN_LOOP_fu_808/grp_mac3_fu_2715/mul_8s_8s_13_1_1_U3/tmp_product__75_carry__0_n_3
    SLICE_X72Y40         CARRY4 (Prop_carry4_CI_O[0])
                                                      0.235    12.011 r  gru_bin_version_i/gru_va_0/inst/grp_gru_va_Pipeline_HIDDEN_LOOP_fu_808/grp_mac3_fu_2715/mul_8s_8s_13_1_1_U3/tmp_product__75_carry__1/O[0]
                         net (fo=2, routed)           0.486    12.497    gru_bin_version_i/gru_va_0/inst/grp_gru_va_Pipeline_HIDDEN_LOOP_fu_808/grp_mac3_fu_2715_ap_return_2[31]
    SLICE_X74Y40         FDRE                                         r  gru_bin_version_i/gru_va_0/inst/grp_gru_va_Pipeline_HIDDEN_LOOP_fu_808/acc_n_31_reg_20976_reg[30]/D
  -------------------------------------------------------------------    -------------------

                         (clock clk_fpga_0 rise edge)
                                                     10.000    10.000 r  
    PS7_X0Y0             PS7                          0.000    10.000 r  gru_bin_version_i/processing_system7_0/inst/PS7_i/FCLKCLK[0]
                         net (fo=1, routed)           1.088    11.088    gru_bin_version_i/processing_system7_0/inst/FCLK_CLK_unbuffered[0]
    BUFGCTRL_X0Y16       BUFG (Prop_bufg_I_O)         0.091    11.179 r  gru_bin_version_i/processing_system7_0/inst/buffer_fclk_clk_0.FCLK_CLK_0_BUFG/O
                         net (fo=14567, routed)       1.557    12.736    gru_bin_version_i/gru_va_0/inst/grp_gru_va_Pipeline_HIDDEN_LOOP_fu_808/ap_clk
    SLICE_X74Y40         FDRE                                         r  gru_bin_version_i/gru_va_0/inst/grp_gru_va_Pipeline_HIDDEN_LOOP_fu_808/acc_n_31_reg_20976_reg[30]/C
                         clock pessimism              0.230    12.966    
                         clock uncertainty           -0.154    12.812    
    SLICE_X74Y40         FDRE (Setup_fdre_C_D)       -0.267    12.545    gru_bin_version_i/gru_va_0/inst/grp_gru_va_Pipeline_HIDDEN_LOOP_fu_808/acc_n_31_reg_20976_reg[30]
  -------------------------------------------------------------------
                         required time                         12.545    
                         arrival time                         -12.497    
  -------------------------------------------------------------------
                         slack                                  0.048    

Slack (MET) :             0.055ns  (required time - arrival time)
  Source:                 gru_bin_version_i/gru_va_0/inst/grp_gru_va_Pipeline_HIDDEN_LOOP_fu_808/ap_enable_reg_pp0_iter1_reg/C
                            (rising edge-triggered cell FDRE clocked by clk_fpga_0  {rise@0.000ns fall@5.000ns period=10.000ns})
  Destination:            gru_bin_version_i/gru_va_0/inst/grp_gru_va_Pipeline_HIDDEN_LOOP_fu_808/acc_r_reg_20061_reg[22]/D
                            (rising edge-triggered cell FDRE clocked by clk_fpga_0  {rise@0.000ns fall@5.000ns period=10.000ns})
  Path Group:             clk_fpga_0
  Path Type:              Setup (Max at Slow Process Corner)
  Requirement:            10.000ns  (clk_fpga_0 rise@10.000ns - clk_fpga_0 rise@0.000ns)
  Data Path Delay:        9.421ns  (logic 2.737ns (29.053%)  route 6.684ns (70.947%))
  Logic Levels:           8  (CARRY4=3 LUT2=1 LUT3=2 LUT4=1 LUT6=1)
  Clock Path Skew:        -0.130ns (DCD - SCD + CPR)
    Destination Clock Delay (DCD):    2.674ns = ( 12.674 - 10.000 ) 
    Source Clock Delay      (SCD):    2.933ns
    Clock Pessimism Removal (CPR):    0.129ns
  Clock Uncertainty:      0.154ns  ((TSJ^2 + TIJ^2)^1/2 + DJ) / 2 + PE
    Total System Jitter     (TSJ):    0.071ns
    Total Input Jitter      (TIJ):    0.300ns
    Discrete Jitter          (DJ):    0.000ns
    Phase Error              (PE):    0.000ns

    Location             Delay type                Incr(ns)  Path(ns)    Netlist Resource(s)
  -------------------------------------------------------------------    -------------------
                         (clock clk_fpga_0 rise edge)
                                                      0.000     0.000 r  
    PS7_X0Y0             PS7                          0.000     0.000 r  gru_bin_version_i/processing_system7_0/inst/PS7_i/FCLKCLK[0]
                         net (fo=1, routed)           1.193     1.193    gru_bin_version_i/processing_system7_0/inst/FCLK_CLK_unbuffered[0]
    BUFGCTRL_X0Y16       BUFG (Prop_bufg_I_O)         0.101     1.294 r  gru_bin_version_i/processing_system7_0/inst/buffer_fclk_clk_0.FCLK_CLK_0_BUFG/O
                         net (fo=14567, routed)       1.639     2.933    gru_bin_version_i/gru_va_0/inst/grp_gru_va_Pipeline_HIDDEN_LOOP_fu_808/ap_clk
    SLICE_X51Y22         FDRE                                         r  gru_bin_version_i/gru_va_0/inst/grp_gru_va_Pipeline_HIDDEN_LOOP_fu_808/ap_enable_reg_pp0_iter1_reg/C
  -------------------------------------------------------------------    -------------------
    SLICE_X51Y22         FDRE (Prop_fdre_C_Q)         0.456     3.389 r  gru_bin_version_i/gru_va_0/inst/grp_gru_va_Pipeline_HIDDEN_LOOP_fu_808/ap_enable_reg_pp0_iter1_reg/Q
                         net (fo=7, routed)           0.854     4.243    gru_bin_version_i/gru_va_0/inst/grp_gru_va_Pipeline_HIDDEN_LOOP_fu_808/grp_mac3_fu_2726/mul_8s_8s_14_1_1_U1/ap_enable_reg_pp0_iter1
    SLICE_X56Y21         LUT2 (Prop_lut2_I0_O)        0.124     4.367 r  gru_bin_version_i/gru_va_0/inst/grp_gru_va_Pipeline_HIDDEN_LOOP_fu_808/grp_mac3_fu_2726/mul_8s_8s_14_1_1_U1/tmp_product__30_carry_i_8__54/O
                         net (fo=897, routed)         1.645     6.012    gru_bin_version_i/gru_va_0/inst/grp_gru_va_Pipeline_HIDDEN_LOOP_fu_808/U_r_0_U/tmp_product__30_carry_i_5__21_0
    SLICE_X47Y9          LUT3 (Prop_lut3_I1_O)        0.124     6.136 r  gru_bin_version_i/gru_va_0/inst/grp_gru_va_Pipeline_HIDDEN_LOOP_fu_808/U_r_0_U/tmp_product__0_carry_i_9__19/O
                         net (fo=15, routed)          1.128     7.264    gru_bin_version_i/gru_va_0/inst/grp_gru_va_Pipeline_HIDDEN_LOOP_fu_808/U_r_0_U/tmp_product__0_carry_i_9__19_n_3
    SLICE_X43Y6          LUT6 (Prop_lut6_I0_O)        0.124     7.388 r  gru_bin_version_i/gru_va_0/inst/grp_gru_va_Pipeline_HIDDEN_LOOP_fu_808/U_r_0_U/tmp_product__0_carry__0_i_4__11/O
                         net (fo=2, routed)           0.700     8.088    gru_bin_version_i/gru_va_0/inst/grp_gru_va_Pipeline_HIDDEN_LOOP_fu_808/grp_mac3_fu_2724/mul_8s_8s_14_1_1_U1/tmp_product__80_carry_i_8__5_0[0]
    SLICE_X44Y3          CARRY4 (Prop_carry4_DI[0]_O[2])
                                                      0.556     8.644 r  gru_bin_version_i/gru_va_0/inst/grp_gru_va_Pipeline_HIDDEN_LOOP_fu_808/grp_mac3_fu_2724/mul_8s_8s_14_1_1_U1/tmp_product__0_carry__0/O[2]
                         net (fo=2, routed)           0.989     9.633    gru_bin_version_i/gru_va_0/inst/grp_gru_va_Pipeline_HIDDEN_LOOP_fu_808/grp_mac3_fu_2724/mul_8s_8s_14_1_1_U1/tmp_product__0_carry__0_n_8
    SLICE_X38Y4          LUT3 (Prop_lut3_I1_O)        0.331     9.964 r  gru_bin_version_i/gru_va_0/inst/grp_gru_va_Pipeline_HIDDEN_LOOP_fu_808/grp_mac3_fu_2724/mul_8s_8s_14_1_1_U1/tmp_product__80_carry_i_1__6/O
                         net (fo=2, routed)           0.708    10.672    gru_bin_version_i/gru_va_0/inst/grp_gru_va_Pipeline_HIDDEN_LOOP_fu_808/grp_mac3_fu_2724/mul_8s_8s_14_1_1_U1/tmp_product__80_carry_i_1__6_n_3
    SLICE_X38Y4          LUT4 (Prop_lut4_I3_O)        0.331    11.003 r  gru_bin_version_i/gru_va_0/inst/grp_gru_va_Pipeline_HIDDEN_LOOP_fu_808/grp_mac3_fu_2724/mul_8s_8s_14_1_1_U1/tmp_product__80_carry_i_5__6/O
                         net (fo=1, routed)           0.000    11.003    gru_bin_version_i/gru_va_0/inst/grp_gru_va_Pipeline_HIDDEN_LOOP_fu_808/grp_mac3_fu_2724/mul_8s_8s_14_1_1_U1/tmp_product__80_carry_i_5__6_n_3
    SLICE_X38Y4          CARRY4 (Prop_carry4_S[3]_CO[3])
                                                      0.376    11.379 r  gru_bin_version_i/gru_va_0/inst/grp_gru_va_Pipeline_HIDDEN_LOOP_fu_808/grp_mac3_fu_2724/mul_8s_8s_14_1_1_U1/tmp_product__80_carry/CO[3]
                         net (fo=1, routed)           0.000    11.379    gru_bin_version_i/gru_va_0/inst/grp_gru_va_Pipeline_HIDDEN_LOOP_fu_808/grp_mac3_fu_2724/mul_8s_8s_14_1_1_U1/tmp_product__80_carry_n_3
    SLICE_X38Y5          CARRY4 (Prop_carry4_CI_O[3])
                                                      0.315    11.694 r  gru_bin_version_i/gru_va_0/inst/grp_gru_va_Pipeline_HIDDEN_LOOP_fu_808/grp_mac3_fu_2724/mul_8s_8s_14_1_1_U1/tmp_product__80_carry__0/O[3]
                         net (fo=2, routed)           0.660    12.354    gru_bin_version_i/gru_va_0/inst/grp_gru_va_Pipeline_HIDDEN_LOOP_fu_808/grp_mac3_fu_2724_ap_return_0[22]
    SLICE_X39Y4          FDRE                                         r  gru_bin_version_i/gru_va_0/inst/grp_gru_va_Pipeline_HIDDEN_LOOP_fu_808/acc_r_reg_20061_reg[22]/D
  -------------------------------------------------------------------    -------------------

                         (clock clk_fpga_0 rise edge)
                                                     10.000    10.000 r  
    PS7_X0Y0             PS7                          0.000    10.000 r  gru_bin_version_i/processing_system7_0/inst/PS7_i/FCLKCLK[0]
                         net (fo=1, routed)           1.088    11.088    gru_bin_version_i/processing_system7_0/inst/FCLK_CLK_unbuffered[0]
    BUFGCTRL_X0Y16       BUFG (Prop_bufg_I_O)         0.091    11.179 r  gru_bin_version_i/processing_system7_0/inst/buffer_fclk_clk_0.FCLK_CLK_0_BUFG/O
                         net (fo=14567, routed)       1.495    12.674    gru_bin_version_i/gru_va_0/inst/grp_gru_va_Pipeline_HIDDEN_LOOP_fu_808/ap_clk
    SLICE_X39Y4          FDRE                                         r  gru_bin_version_i/gru_va_0/inst/grp_gru_va_Pipeline_HIDDEN_LOOP_fu_808/acc_r_reg_20061_reg[22]/C
                         clock pessimism              0.129    12.803    
                         clock uncertainty           -0.154    12.649    
    SLICE_X39Y4          FDRE (Setup_fdre_C_D)       -0.241    12.408    gru_bin_version_i/gru_va_0/inst/grp_gru_va_Pipeline_HIDDEN_LOOP_fu_808/acc_r_reg_20061_reg[22]
  -------------------------------------------------------------------
                         required time                         12.408    
                         arrival time                         -12.354    
  -------------------------------------------------------------------
                         slack                                  0.055    

Slack (MET) :             0.066ns  (required time - arrival time)
  Source:                 gru_bin_version_i/gru_va_0/inst/grp_gru_va_Pipeline_HIDDEN_LOOP_fu_808/ap_enable_reg_pp0_iter1_reg/C
                            (rising edge-triggered cell FDRE clocked by clk_fpga_0  {rise@0.000ns fall@5.000ns period=10.000ns})
  Destination:            gru_bin_version_i/gru_va_0/inst/grp_gru_va_Pipeline_HIDDEN_LOOP_fu_808/acc_z_21_reg_20790_reg[21]/D
                            (rising edge-triggered cell FDRE clocked by clk_fpga_0  {rise@0.000ns fall@5.000ns period=10.000ns})
  Path Group:             clk_fpga_0
  Path Type:              Setup (Max at Slow Process Corner)
  Requirement:            10.000ns  (clk_fpga_0 rise@10.000ns - clk_fpga_0 rise@0.000ns)
  Data Path Delay:        9.363ns  (logic 3.019ns (32.244%)  route 6.344ns (67.756%))
  Logic Levels:           9  (CARRY4=4 LUT2=1 LUT3=2 LUT4=1 LUT6=1)
  Clock Path Skew:        -0.131ns (DCD - SCD + CPR)
    Destination Clock Delay (DCD):    2.673ns = ( 12.674 - 10.000 ) 
    Source Clock Delay      (SCD):    2.933ns
    Clock Pessimism Removal (CPR):    0.129ns
  Clock Uncertainty:      0.154ns  ((TSJ^2 + TIJ^2)^1/2 + DJ) / 2 + PE
    Total System Jitter     (TSJ):    0.071ns
    Total Input Jitter      (TIJ):    0.300ns
    Discrete Jitter          (DJ):    0.000ns
    Phase Error              (PE):    0.000ns

    Location             Delay type                Incr(ns)  Path(ns)    Netlist Resource(s)
  -------------------------------------------------------------------    -------------------
                         (clock clk_fpga_0 rise edge)
                                                      0.000     0.000 r  
    PS7_X0Y0             PS7                          0.000     0.000 r  gru_bin_version_i/processing_system7_0/inst/PS7_i/FCLKCLK[0]
                         net (fo=1, routed)           1.193     1.193    gru_bin_version_i/processing_system7_0/inst/FCLK_CLK_unbuffered[0]
    BUFGCTRL_X0Y16       BUFG (Prop_bufg_I_O)         0.101     1.294 r  gru_bin_version_i/processing_system7_0/inst/buffer_fclk_clk_0.FCLK_CLK_0_BUFG/O
                         net (fo=14567, routed)       1.639     2.933    gru_bin_version_i/gru_va_0/inst/grp_gru_va_Pipeline_HIDDEN_LOOP_fu_808/ap_clk
    SLICE_X51Y22         FDRE                                         r  gru_bin_version_i/gru_va_0/inst/grp_gru_va_Pipeline_HIDDEN_LOOP_fu_808/ap_enable_reg_pp0_iter1_reg/C
  -------------------------------------------------------------------    -------------------
    SLICE_X51Y22         FDRE (Prop_fdre_C_Q)         0.456     3.389 r  gru_bin_version_i/gru_va_0/inst/grp_gru_va_Pipeline_HIDDEN_LOOP_fu_808/ap_enable_reg_pp0_iter1_reg/Q
                         net (fo=7, routed)           0.854     4.243    gru_bin_version_i/gru_va_0/inst/grp_gru_va_Pipeline_HIDDEN_LOOP_fu_808/grp_mac3_fu_2726/mul_8s_8s_14_1_1_U1/ap_enable_reg_pp0_iter1
    SLICE_X56Y21         LUT2 (Prop_lut2_I0_O)        0.124     4.367 r  gru_bin_version_i/gru_va_0/inst/grp_gru_va_Pipeline_HIDDEN_LOOP_fu_808/grp_mac3_fu_2726/mul_8s_8s_14_1_1_U1/tmp_product__30_carry_i_8__54/O
                         net (fo=897, routed)         1.184     5.551    gru_bin_version_i/gru_va_0/inst/grp_gru_va_Pipeline_HIDDEN_LOOP_fu_808/U_z_1_U/tmp_product__30_carry_i_5__13_0
    SLICE_X46Y20         LUT3 (Prop_lut3_I1_O)        0.150     5.701 r  gru_bin_version_i/gru_va_0/inst/grp_gru_va_Pipeline_HIDDEN_LOOP_fu_808/U_z_1_U/tmp_product__0_carry_i_8__13/O
                         net (fo=9, routed)           0.996     6.697    gru_bin_version_i/gru_va_0/inst/grp_gru_va_Pipeline_HIDDEN_LOOP_fu_808/U_z_1_U/tmp_product__0_carry_i_8__13_n_3
    SLICE_X47Y16         LUT6 (Prop_lut6_I0_O)        0.328     7.025 r  gru_bin_version_i/gru_va_0/inst/grp_gru_va_Pipeline_HIDDEN_LOOP_fu_808/U_z_1_U/tmp_product__0_carry_i_1__15/O
                         net (fo=1, routed)           0.596     7.620    gru_bin_version_i/gru_va_0/inst/grp_gru_va_Pipeline_HIDDEN_LOOP_fu_808/grp_mac3_fu_2716/mul_8s_8s_15_1_1_U2/acc_z_1_reg_20085_reg[13][2]
    SLICE_X46Y16         CARRY4 (Prop_carry4_DI[3]_CO[3])
                                                      0.396     8.016 r  gru_bin_version_i/gru_va_0/inst/grp_gru_va_Pipeline_HIDDEN_LOOP_fu_808/grp_mac3_fu_2716/mul_8s_8s_15_1_1_U2/tmp_product__0_carry/CO[3]
                         net (fo=1, routed)           0.000     8.016    gru_bin_version_i/gru_va_0/inst/grp_gru_va_Pipeline_HIDDEN_LOOP_fu_808/grp_mac3_fu_2716/mul_8s_8s_15_1_1_U2/tmp_product__0_carry_n_3
    SLICE_X46Y17         CARRY4 (Prop_carry4_CI_CO[3])
                                                      0.117     8.133 r  gru_bin_version_i/gru_va_0/inst/grp_gru_va_Pipeline_HIDDEN_LOOP_fu_808/grp_mac3_fu_2716/mul_8s_8s_15_1_1_U2/tmp_product__0_carry__0/CO[3]
                         net (fo=1, routed)           0.000     8.133    gru_bin_version_i/gru_va_0/inst/grp_gru_va_Pipeline_HIDDEN_LOOP_fu_808/grp_mac3_fu_2716/mul_8s_8s_15_1_1_U2/tmp_product__0_carry__0_n_3
    SLICE_X46Y18         CARRY4 (Prop_carry4_CI_O[0])
                                                      0.219     8.352 r  gru_bin_version_i/gru_va_0/inst/grp_gru_va_Pipeline_HIDDEN_LOOP_fu_808/grp_mac3_fu_2716/mul_8s_8s_15_1_1_U2/tmp_product__0_carry__1/O[0]
                         net (fo=2, routed)           1.194     9.546    gru_bin_version_i/gru_va_0/inst/grp_gru_va_Pipeline_HIDDEN_LOOP_fu_808/grp_mac3_fu_2716/mul_8s_8s_15_1_1_U2/tmp_product__0_carry__1_n_10
    SLICE_X41Y8          LUT3 (Prop_lut3_I1_O)        0.323     9.869 r  gru_bin_version_i/gru_va_0/inst/grp_gru_va_Pipeline_HIDDEN_LOOP_fu_808/grp_mac3_fu_2716/mul_8s_8s_15_1_1_U2/tmp_product__83_carry__0_i_3__3/O
                         net (fo=2, routed)           0.859    10.728    gru_bin_version_i/gru_va_0/inst/grp_gru_va_Pipeline_HIDDEN_LOOP_fu_808/grp_mac3_fu_2716/mul_8s_8s_15_1_1_U2/tmp_product__83_carry__0_i_3__3_n_3
    SLICE_X41Y8          LUT4 (Prop_lut4_I3_O)        0.326    11.054 r  gru_bin_version_i/gru_va_0/inst/grp_gru_va_Pipeline_HIDDEN_LOOP_fu_808/grp_mac3_fu_2716/mul_8s_8s_15_1_1_U2/tmp_product__83_carry__0_i_7__3/O
                         net (fo=1, routed)           0.000    11.054    gru_bin_version_i/gru_va_0/inst/grp_gru_va_Pipeline_HIDDEN_LOOP_fu_808/grp_mac3_fu_2716/mul_8s_8s_15_1_1_U2/tmp_product__83_carry__0_i_7__3_n_3
    SLICE_X41Y8          CARRY4 (Prop_carry4_S[1]_O[2])
                                                      0.580    11.634 r  gru_bin_version_i/gru_va_0/inst/grp_gru_va_Pipeline_HIDDEN_LOOP_fu_808/grp_mac3_fu_2716/mul_8s_8s_15_1_1_U2/tmp_product__83_carry__0/O[2]
                         net (fo=2, routed)           0.662    12.296    gru_bin_version_i/gru_va_0/inst/grp_gru_va_Pipeline_HIDDEN_LOOP_fu_808/grp_mac3_fu_2716_n_27
    SLICE_X40Y8          FDRE                                         r  gru_bin_version_i/gru_va_0/inst/grp_gru_va_Pipeline_HIDDEN_LOOP_fu_808/acc_z_21_reg_20790_reg[21]/D
  -------------------------------------------------------------------    -------------------

                         (clock clk_fpga_0 rise edge)
                                                     10.000    10.000 r  
    PS7_X0Y0             PS7                          0.000    10.000 r  gru_bin_version_i/processing_system7_0/inst/PS7_i/FCLKCLK[0]
                         net (fo=1, routed)           1.088    11.088    gru_bin_version_i/processing_system7_0/inst/FCLK_CLK_unbuffered[0]
    BUFGCTRL_X0Y16       BUFG (Prop_bufg_I_O)         0.091    11.179 r  gru_bin_version_i/processing_system7_0/inst/buffer_fclk_clk_0.FCLK_CLK_0_BUFG/O
                         net (fo=14567, routed)       1.494    12.674    gru_bin_version_i/gru_va_0/inst/grp_gru_va_Pipeline_HIDDEN_LOOP_fu_808/ap_clk
    SLICE_X40Y8          FDRE                                         r  gru_bin_version_i/gru_va_0/inst/grp_gru_va_Pipeline_HIDDEN_LOOP_fu_808/acc_z_21_reg_20790_reg[21]/C
                         clock pessimism              0.129    12.802    
                         clock uncertainty           -0.154    12.648    
    SLICE_X40Y8          FDRE (Setup_fdre_C_D)       -0.286    12.362    gru_bin_version_i/gru_va_0/inst/grp_gru_va_Pipeline_HIDDEN_LOOP_fu_808/acc_z_21_reg_20790_reg[21]
  -------------------------------------------------------------------
                         required time                         12.362    
                         arrival time                         -12.296    
  -------------------------------------------------------------------
                         slack                                  0.066    





Min Delay Paths
--------------------------------------------------------------------------------------
Slack (MET) :             0.033ns  (arrival time - required time)
  Source:                 gru_bin_version_wrapper/gru_bin_version/gru_bin_version_axi_mem_intercon_0/s02_couplers_imp_QTS1PG/gru_bin_version_axi_mem_intercon_imp_auto_pc_2/gru_bin_version_axi_mem_intercon_imp_auto_pc_2_axi_protocol_converter_v2_1_37_axi_protocol_converter/gru_bin_version_axi_mem_intercon_imp_auto_pc_2_axi_protocol_converter_v2_1_37_axi3_conv/gru_bin_version_axi_mem_intercon_imp_auto_pc_2_axi_protocol_converter_v2_1_37_a_axi3_conv/gru_bin_version_axi_mem_intercon_imp_auto_pc_2_axi_data_fifo_v2_1_36_axic_fifo/gru_bin_version_axi_mem_intercon_imp_auto_pc_2_axi_data_fifo_v2_1_36_fifo_gen/<hidden>/<hidden>/<hidden>/<hidden>/<hidden>/<hidden>
                            (rising edge-triggered cell FDCE clocked by clk_fpga_0  {rise@0.000ns fall@5.000ns period=10.000ns})
  Destination:            gru_bin_version_wrapper/gru_bin_version/gru_bin_version_axi_mem_intercon_0/s02_couplers_imp_QTS1PG/gru_bin_version_axi_mem_intercon_imp_auto_pc_2/gru_bin_version_axi_mem_intercon_imp_auto_pc_2_axi_protocol_converter_v2_1_37_axi_protocol_converter/gru_bin_version_axi_mem_intercon_imp_auto_pc_2_axi_protocol_converter_v2_1_37_axi3_conv/gru_bin_version_axi_mem_intercon_imp_auto_pc_2_axi_protocol_converter_v2_1_37_a_axi3_conv/gru_bin_version_axi_mem_intercon_imp_auto_pc_2_axi_data_fifo_v2_1_36_axic_fifo/gru_bin_version_axi_mem_intercon_imp_auto_pc_2_axi_data_fifo_v2_1_36_fifo_gen/<hidden>/<hidden>/<hidden>/<hidden>/<hidden>/<hidden>/<hidden>
                            (rising edge-triggered cell RAMD32 clocked by clk_fpga_0  {rise@0.000ns fall@5.000ns period=10.000ns})
  Path Group:             clk_fpga_0
  Path Type:              Hold (Min at Fast Process Corner)
  Requirement:            0.000ns  (clk_fpga_0 rise@0.000ns - clk_fpga_0 rise@0.000ns)
  Data Path Delay:        0.286ns  (logic 0.141ns (49.231%)  route 0.145ns (50.769%))
  Logic Levels:           0  
  Clock Path Skew:        0.013ns (DCD - SCD - CPR)
    Destination Clock Delay (DCD):    1.214ns
    Source Clock Delay      (SCD):    0.914ns
    Clock Pessimism Removal (CPR):    0.287ns

    Location             Delay type                Incr(ns)  Path(ns)    Netlist Resource(s)
  -------------------------------------------------------------------    -------------------
                         (clock clk_fpga_0 rise edge)
                                                      0.000     0.000 r  
    PS7_X0Y0             PS7                          0.000     0.000 r  gru_bin_version_i/processing_system7_0/inst/PS7_i/FCLKCLK[0]
                         net (fo=1, routed)           0.310     0.310    gru_bin_version_i/processing_system7_0/inst/FCLK_CLK_unbuffered[0]
    BUFGCTRL_X0Y16       BUFG (Prop_bufg_I_O)         0.026     0.336 r  gru_bin_version_i/processing_system7_0/inst/buffer_fclk_clk_0.FCLK_CLK_0_BUFG/O
                         net (fo=14567, routed)       0.578     0.914    gru_bin_version_wrapper/gru_bin_version/gru_bin_version_axi_mem_intercon_0/s02_couplers_imp_QTS1PG/gru_bin_version_axi_mem_intercon_imp_auto_pc_2/gru_bin_version_axi_mem_intercon_imp_auto_pc_2_axi_protocol_converter_v2_1_37_axi_protocol_converter/gru_bin_version_axi_mem_intercon_imp_auto_pc_2_axi_protocol_converter_v2_1_37_axi3_conv/gru_bin_version_axi_mem_intercon_imp_auto_pc_2_axi_protocol_converter_v2_1_37_a_axi3_conv/gru_bin_version_axi_mem_intercon_imp_auto_pc_2_axi_data_fifo_v2_1_36_axic_fifo/gru_bin_version_axi_mem_intercon_imp_auto_pc_2_axi_data_fifo_v2_1_36_fifo_gen/<hidden>/<hidden>/<hidden>/<hidden>/<hidden>/<hidden>
    SLICE_X59Y52         FDCE                                         r  gru_bin_version_wrapper/gru_bin_version/gru_bin_version_axi_mem_intercon_0/s02_couplers_imp_QTS1PG/gru_bin_version_axi_mem_intercon_imp_auto_pc_2/gru_bin_version_axi_mem_intercon_imp_auto_pc_2_axi_protocol_converter_v2_1_37_axi_protocol_converter/gru_bin_version_axi_mem_intercon_imp_auto_pc_2_axi_protocol_converter_v2_1_37_axi3_conv/gru_bin_version_axi_mem_intercon_imp_auto_pc_2_axi_protocol_converter_v2_1_37_a_axi3_conv/gru_bin_version_axi_mem_intercon_imp_auto_pc_2_axi_data_fifo_v2_1_36_axic_fifo/gru_bin_version_axi_mem_intercon_imp_auto_pc_2_axi_data_fifo_v2_1_36_fifo_gen/<hidden>/<hidden>/<hidden>/<hidden>/<hidden>/<hidden>
  -------------------------------------------------------------------    -------------------
    SLICE_X59Y52         FDCE (Prop_fdce_C_Q)         0.141     1.055 r  gru_bin_version_wrapper/gru_bin_version/gru_bin_version_axi_mem_intercon_0/s02_couplers_imp_QTS1PG/gru_bin_version_axi_mem_intercon_imp_auto_pc_2/gru_bin_version_axi_mem_intercon_imp_auto_pc_2_axi_protocol_converter_v2_1_37_axi_protocol_converter/gru_bin_version_axi_mem_intercon_imp_auto_pc_2_axi_protocol_converter_v2_1_37_axi3_conv/gru_bin_version_axi_mem_intercon_imp_auto_pc_2_axi_protocol_converter_v2_1_37_a_axi3_conv/gru_bin_version_axi_mem_intercon_imp_auto_pc_2_axi_data_fifo_v2_1_36_axic_fifo/gru_bin_version_axi_mem_intercon_imp_auto_pc_2_axi_data_fifo_v2_1_36_fifo_gen/<hidden>/<hidden>/<hidden>/<hidden>/<hidden>/<hidden>
                         net (fo=5, routed)           0.145     1.200    gru_bin_version_wrapper/gru_bin_version/gru_bin_version_axi_mem_intercon_0/s02_couplers_imp_QTS1PG/gru_bin_version_axi_mem_intercon_imp_auto_pc_2/gru_bin_version_axi_mem_intercon_imp_auto_pc_2_axi_protocol_converter_v2_1_37_axi_protocol_converter/gru_bin_version_axi_mem_intercon_imp_auto_pc_2_axi_protocol_converter_v2_1_37_axi3_conv/gru_bin_version_axi_mem_intercon_imp_auto_pc_2_axi_protocol_converter_v2_1_37_a_axi3_conv/gru_bin_version_axi_mem_intercon_imp_auto_pc_2_axi_data_fifo_v2_1_36_axic_fifo/gru_bin_version_axi_mem_intercon_imp_auto_pc_2_axi_data_fifo_v2_1_36_fifo_gen/<hidden>/<hidden>/<hidden>/<hidden>/<hidden>/<hidden>/<hidden>
    SLICE_X58Y52         RAMD32                                       r  gru_bin_version_wrapper/gru_bin_version/gru_bin_version_axi_mem_intercon_0/s02_couplers_imp_QTS1PG/gru_bin_version_axi_mem_intercon_imp_auto_pc_2/gru_bin_version_axi_mem_intercon_imp_auto_pc_2_axi_protocol_converter_v2_1_37_axi_protocol_converter/gru_bin_version_axi_mem_intercon_imp_auto_pc_2_axi_protocol_converter_v2_1_37_axi3_conv/gru_bin_version_axi_mem_intercon_imp_auto_pc_2_axi_protocol_converter_v2_1_37_a_axi3_conv/gru_bin_version_axi_mem_intercon_imp_auto_pc_2_axi_data_fifo_v2_1_36_axic_fifo/gru_bin_version_axi_mem_intercon_imp_auto_pc_2_axi_data_fifo_v2_1_36_fifo_gen/<hidden>/<hidden>/<hidden>/<hidden>/<hidden>/<hidden>/<hidden>
  -------------------------------------------------------------------    -------------------

                         (clock clk_fpga_0 rise edge)
                                                      0.000     0.000 r  
    PS7_X0Y0             PS7                          0.000     0.000 r  gru_bin_version_i/processing_system7_0/inst/PS7_i/FCLKCLK[0]
                         net (fo=1, routed)           0.337     0.337    gru_bin_version_i/processing_system7_0/inst/FCLK_CLK_unbuffered[0]
    BUFGCTRL_X0Y16       BUFG (Prop_bufg_I_O)         0.029     0.366 r  gru_bin_version_i/processing_system7_0/inst/buffer_fclk_clk_0.FCLK_CLK_0_BUFG/O
                         net (fo=14567, routed)       0.848     1.214    gru_bin_version_wrapper/gru_bin_version/gru_bin_version_axi_mem_intercon_0/s02_couplers_imp_QTS1PG/gru_bin_version_axi_mem_intercon_imp_auto_pc_2/gru_bin_version_axi_mem_intercon_imp_auto_pc_2_axi_protocol_converter_v2_1_37_axi_protocol_converter/gru_bin_version_axi_mem_intercon_imp_auto_pc_2_axi_protocol_converter_v2_1_37_axi3_conv/gru_bin_version_axi_mem_intercon_imp_auto_pc_2_axi_protocol_converter_v2_1_37_a_axi3_conv/gru_bin_version_axi_mem_intercon_imp_auto_pc_2_axi_data_fifo_v2_1_36_axic_fifo/gru_bin_version_axi_mem_intercon_imp_auto_pc_2_axi_data_fifo_v2_1_36_fifo_gen/<hidden>/<hidden>/<hidden>/<hidden>/<hidden>/<hidden>/<hidden>
    SLICE_X58Y52         RAMD32                                       r  gru_bin_version_wrapper/gru_bin_version/gru_bin_version_axi_mem_intercon_0/s02_couplers_imp_QTS1PG/gru_bin_version_axi_mem_intercon_imp_auto_pc_2/gru_bin_version_axi_mem_intercon_imp_auto_pc_2_axi_protocol_converter_v2_1_37_axi_protocol_converter/gru_bin_version_axi_mem_intercon_imp_auto_pc_2_axi_protocol_converter_v2_1_37_axi3_conv/gru_bin_version_axi_mem_intercon_imp_auto_pc_2_axi_protocol_converter_v2_1_37_a_axi3_conv/gru_bin_version_axi_mem_intercon_imp_auto_pc_2_axi_data_fifo_v2_1_36_axic_fifo/gru_bin_version_axi_mem_intercon_imp_auto_pc_2_axi_data_fifo_v2_1_36_fifo_gen/<hidden>/<hidden>/<hidden>/<hidden>/<hidden>/<hidden>/<hidden>
                         clock pessimism             -0.287     0.927    
    SLICE_X58Y52         RAMD32 (Hold_ramd32_CLK_WADR3)
                                                      0.240     1.167    gru_bin_version_wrapper/gru_bin_version/gru_bin_version_axi_mem_intercon_0/s02_couplers_imp_QTS1PG/gru_bin_version_axi_mem_intercon_imp_auto_pc_2/gru_bin_version_axi_mem_intercon_imp_auto_pc_2_axi_protocol_converter_v2_1_37_axi_protocol_converter/gru_bin_version_axi_mem_intercon_imp_auto_pc_2_axi_protocol_converter_v2_1_37_axi3_conv/gru_bin_version_axi_mem_intercon_imp_auto_pc_2_axi_protocol_converter_v2_1_37_a_axi3_conv/gru_bin_version_axi_mem_intercon_imp_auto_pc_2_axi_data_fifo_v2_1_36_axic_fifo/gru_bin_version_axi_mem_intercon_imp_auto_pc_2_axi_data_fifo_v2_1_36_fifo_gen/<hidden>/<hidden>/<hidden>/<hidden>/<hidden>/<hidden>/<hidden>
  -------------------------------------------------------------------
                         required time                         -1.167    
                         arrival time                           1.200    
  -------------------------------------------------------------------
                         slack                                  0.033    

Slack (MET) :             0.033ns  (arrival time - required time)
  Source:                 gru_bin_version_wrapper/gru_bin_version/gru_bin_version_axi_mem_intercon_0/s02_couplers_imp_QTS1PG/gru_bin_version_axi_mem_intercon_imp_auto_pc_2/gru_bin_version_axi_mem_intercon_imp_auto_pc_2_axi_protocol_converter_v2_1_37_axi_protocol_converter/gru_bin_version_axi_mem_intercon_imp_auto_pc_2_axi_protocol_converter_v2_1_37_axi3_conv/gru_bin_version_axi_mem_intercon_imp_auto_pc_2_axi_protocol_converter_v2_1_37_a_axi3_conv/gru_bin_version_axi_mem_intercon_imp_auto_pc_2_axi_data_fifo_v2_1_36_axic_fifo/gru_bin_version_axi_mem_intercon_imp_auto_pc_2_axi_data_fifo_v2_1_36_fifo_gen/<hidden>/<hidden>/<hidden>/<hidden>/<hidden>/<hidden>
                            (rising edge-triggered cell FDCE clocked by clk_fpga_0  {rise@0.000ns fall@5.000ns period=10.000ns})
  Destination:            gru_bin_version_wrapper/gru_bin_version/gru_bin_version_axi_mem_intercon_0/s02_couplers_imp_QTS1PG/gru_bin_version_axi_mem_intercon_imp_auto_pc_2/gru_bin_version_axi_mem_intercon_imp_auto_pc_2_axi_protocol_converter_v2_1_37_axi_protocol_converter/gru_bin_version_axi_mem_intercon_imp_auto_pc_2_axi_protocol_converter_v2_1_37_axi3_conv/gru_bin_version_axi_mem_intercon_imp_auto_pc_2_axi_protocol_converter_v2_1_37_a_axi3_conv/gru_bin_version_axi_mem_intercon_imp_auto_pc_2_axi_data_fifo_v2_1_36_axic_fifo/gru_bin_version_axi_mem_intercon_imp_auto_pc_2_axi_data_fifo_v2_1_36_fifo_gen/<hidden>/<hidden>/<hidden>/<hidden>/<hidden>/<hidden>/<hidden>
                            (rising edge-triggered cell RAMD32 clocked by clk_fpga_0  {rise@0.000ns fall@5.000ns period=10.000ns})
  Path Group:             clk_fpga_0
  Path Type:              Hold (Min at Fast Process Corner)
  Requirement:            0.000ns  (clk_fpga_0 rise@0.000ns - clk_fpga_0 rise@0.000ns)
  Data Path Delay:        0.286ns  (logic 0.141ns (49.231%)  route 0.145ns (50.769%))
  Logic Levels:           0  
  Clock Path Skew:        0.013ns (DCD - SCD - CPR)
    Destination Clock Delay (DCD):    1.214ns
    Source Clock Delay      (SCD):    0.914ns
    Clock Pessimism Removal (CPR):    0.287ns

    Location             Delay type                Incr(ns)  Path(ns)    Netlist Resource(s)
  -------------------------------------------------------------------    -------------------
                         (clock clk_fpga_0 rise edge)
                                                      0.000     0.000 r  
    PS7_X0Y0             PS7                          0.000     0.000 r  gru_bin_version_i/processing_system7_0/inst/PS7_i/FCLKCLK[0]
                         net (fo=1, routed)           0.310     0.310    gru_bin_version_i/processing_system7_0/inst/FCLK_CLK_unbuffered[0]
    BUFGCTRL_X0Y16       BUFG (Prop_bufg_I_O)         0.026     0.336 r  gru_bin_version_i/processing_system7_0/inst/buffer_fclk_clk_0.FCLK_CLK_0_BUFG/O
                         net (fo=14567, routed)       0.578     0.914    gru_bin_version_wrapper/gru_bin_version/gru_bin_version_axi_mem_intercon_0/s02_couplers_imp_QTS1PG/gru_bin_version_axi_mem_intercon_imp_auto_pc_2/gru_bin_version_axi_mem_intercon_imp_auto_pc_2_axi_protocol_converter_v2_1_37_axi_protocol_converter/gru_bin_version_axi_mem_intercon_imp_auto_pc_2_axi_protocol_converter_v2_1_37_axi3_conv/gru_bin_version_axi_mem_intercon_imp_auto_pc_2_axi_protocol_converter_v2_1_37_a_axi3_conv/gru_bin_version_axi_mem_intercon_imp_auto_pc_2_axi_data_fifo_v2_1_36_axic_fifo/gru_bin_version_axi_mem_intercon_imp_auto_pc_2_axi_data_fifo_v2_1_36_fifo_gen/<hidden>/<hidden>/<hidden>/<hidden>/<hidden>/<hidden>
    SLICE_X59Y52         FDCE                                         r  gru_bin_version_wrapper/gru_bin_version/gru_bin_version_axi_mem_intercon_0/s02_couplers_imp_QTS1PG/gru_bin_version_axi_mem_intercon_imp_auto_pc_2/gru_bin_version_axi_mem_intercon_imp_auto_pc_2_axi_protocol_converter_v2_1_37_axi_protocol_converter/gru_bin_version_axi_mem_intercon_imp_auto_pc_2_axi_protocol_converter_v2_1_37_axi3_conv/gru_bin_version_axi_mem_intercon_imp_auto_pc_2_axi_protocol_converter_v2_1_37_a_axi3_conv/gru_bin_version_axi_mem_intercon_imp_auto_pc_2_axi_data_fifo_v2_1_36_axic_fifo/gru_bin_version_axi_mem_intercon_imp_auto_pc_2_axi_data_fifo_v2_1_36_fifo_gen/<hidden>/<hidden>/<hidden>/<hidden>/<hidden>/<hidden>
  -------------------------------------------------------------------    -------------------
    SLICE_X59Y52         FDCE (Prop_fdce_C_Q)         0.141     1.055 r  gru_bin_version_wrapper/gru_bin_version/gru_bin_version_axi_mem_intercon_0/s02_couplers_imp_QTS1PG/gru_bin_version_axi_mem_intercon_imp_auto_pc_2/gru_bin_version_axi_mem_intercon_imp_auto_pc_2_axi_protocol_converter_v2_1_37_axi_protocol_converter/gru_bin_version_axi_mem_intercon_imp_auto_pc_2_axi_protocol_converter_v2_1_37_axi3_conv/gru_bin_version_axi_mem_intercon_imp_auto_pc_2_axi_protocol_converter_v2_1_37_a_axi3_conv/gru_bin_version_axi_mem_intercon_imp_auto_pc_2_axi_data_fifo_v2_1_36_axic_fifo/gru_bin_version_axi_mem_intercon_imp_auto_pc_2_axi_data_fifo_v2_1_36_fifo_gen/<hidden>/<hidden>/<hidden>/<hidden>/<hidden>/<hidden>
                         net (fo=5, routed)           0.145     1.200    gru_bin_version_wrapper/gru_bin_version/gru_bin_version_axi_mem_intercon_0/s02_couplers_imp_QTS1PG/gru_bin_version_axi_mem_intercon_imp_auto_pc_2/gru_bin_version_axi_mem_intercon_imp_auto_pc_2_axi_protocol_converter_v2_1_37_axi_protocol_converter/gru_bin_version_axi_mem_intercon_imp_auto_pc_2_axi_protocol_converter_v2_1_37_axi3_conv/gru_bin_version_axi_mem_intercon_imp_auto_pc_2_axi_protocol_converter_v2_1_37_a_axi3_conv/gru_bin_version_axi_mem_intercon_imp_auto_pc_2_axi_data_fifo_v2_1_36_axic_fifo/gru_bin_version_axi_mem_intercon_imp_auto_pc_2_axi_data_fifo_v2_1_36_fifo_gen/<hidden>/<hidden>/<hidden>/<hidden>/<hidden>/<hidden>/<hidden>
    SLICE_X58Y52         RAMD32                                       r  gru_bin_version_wrapper/gru_bin_version/gru_bin_version_axi_mem_intercon_0/s02_couplers_imp_QTS1PG/gru_bin_version_axi_mem_intercon_imp_auto_pc_2/gru_bin_version_axi_mem_intercon_imp_auto_pc_2_axi_protocol_converter_v2_1_37_axi_protocol_converter/gru_bin_version_axi_mem_intercon_imp_auto_pc_2_axi_protocol_converter_v2_1_37_axi3_conv/gru_bin_version_axi_mem_intercon_imp_auto_pc_2_axi_protocol_converter_v2_1_37_a_axi3_conv/gru_bin_version_axi_mem_intercon_imp_auto_pc_2_axi_data_fifo_v2_1_36_axic_fifo/gru_bin_version_axi_mem_intercon_imp_auto_pc_2_axi_data_fifo_v2_1_36_fifo_gen/<hidden>/<hidden>/<hidden>/<hidden>/<hidden>/<hidden>/<hidden>
  -------------------------------------------------------------------    -------------------

                         (clock clk_fpga_0 rise edge)
                                                      0.000     0.000 r  
    PS7_X0Y0             PS7                          0.000     0.000 r  gru_bin_version_i/processing_system7_0/inst/PS7_i/FCLKCLK[0]
                         net (fo=1, routed)           0.337     0.337    gru_bin_version_i/processing_system7_0/inst/FCLK_CLK_unbuffered[0]
    BUFGCTRL_X0Y16       BUFG (Prop_bufg_I_O)         0.029     0.366 r  gru_bin_version_i/processing_system7_0/inst/buffer_fclk_clk_0.FCLK_CLK_0_BUFG/O
                         net (fo=14567, routed)       0.848     1.214    gru_bin_version_wrapper/gru_bin_version/gru_bin_version_axi_mem_intercon_0/s02_couplers_imp_QTS1PG/gru_bin_version_axi_mem_intercon_imp_auto_pc_2/gru_bin_version_axi_mem_intercon_imp_auto_pc_2_axi_protocol_converter_v2_1_37_axi_protocol_converter/gru_bin_version_axi_mem_intercon_imp_auto_pc_2_axi_protocol_converter_v2_1_37_axi3_conv/gru_bin_version_axi_mem_intercon_imp_auto_pc_2_axi_protocol_converter_v2_1_37_a_axi3_conv/gru_bin_version_axi_mem_intercon_imp_auto_pc_2_axi_data_fifo_v2_1_36_axic_fifo/gru_bin_version_axi_mem_intercon_imp_auto_pc_2_axi_data_fifo_v2_1_36_fifo_gen/<hidden>/<hidden>/<hidden>/<hidden>/<hidden>/<hidden>/<hidden>
    SLICE_X58Y52         RAMD32                                       r  gru_bin_version_wrapper/gru_bin_version/gru_bin_version_axi_mem_intercon_0/s02_couplers_imp_QTS1PG/gru_bin_version_axi_mem_intercon_imp_auto_pc_2/gru_bin_version_axi_mem_intercon_imp_auto_pc_2_axi_protocol_converter_v2_1_37_axi_protocol_converter/gru_bin_version_axi_mem_intercon_imp_auto_pc_2_axi_protocol_converter_v2_1_37_axi3_conv/gru_bin_version_axi_mem_intercon_imp_auto_pc_2_axi_protocol_converter_v2_1_37_a_axi3_conv/gru_bin_version_axi_mem_intercon_imp_auto_pc_2_axi_data_fifo_v2_1_36_axic_fifo/gru_bin_version_axi_mem_intercon_imp_auto_pc_2_axi_data_fifo_v2_1_36_fifo_gen/<hidden>/<hidden>/<hidden>/<hidden>/<hidden>/<hidden>/<hidden>
                         clock pessimism             -0.287     0.927    
    SLICE_X58Y52         RAMD32 (Hold_ramd32_CLK_WADR3)
                                                      0.240     1.167    gru_bin_version_wrapper/gru_bin_version/gru_bin_version_axi_mem_intercon_0/s02_couplers_imp_QTS1PG/gru_bin_version_axi_mem_intercon_imp_auto_pc_2/gru_bin_version_axi_mem_intercon_imp_auto_pc_2_axi_protocol_converter_v2_1_37_axi_protocol_converter/gru_bin_version_axi_mem_intercon_imp_auto_pc_2_axi_protocol_converter_v2_1_37_axi3_conv/gru_bin_version_axi_mem_intercon_imp_auto_pc_2_axi_protocol_converter_v2_1_37_a_axi3_conv/gru_bin_version_axi_mem_intercon_imp_auto_pc_2_axi_data_fifo_v2_1_36_axic_fifo/gru_bin_version_axi_mem_intercon_imp_auto_pc_2_axi_data_fifo_v2_1_36_fifo_gen/<hidden>/<hidden>/<hidden>/<hidden>/<hidden>/<hidden>/<hidden>
  -------------------------------------------------------------------
                         required time                         -1.167    
                         arrival time                           1.200    
  -------------------------------------------------------------------
                         slack                                  0.033    

Slack (MET) :             0.035ns  (arrival time - required time)
  Source:                 gru_bin_version_wrapper/gru_bin_version/gru_bin_version_axi_mem_intercon_0/s02_couplers_imp_QTS1PG/gru_bin_version_axi_mem_intercon_imp_auto_pc_2/gru_bin_version_axi_mem_intercon_imp_auto_pc_2_axi_protocol_converter_v2_1_37_axi_protocol_converter/gru_bin_version_axi_mem_intercon_imp_auto_pc_2_axi_protocol_converter_v2_1_37_axi3_conv/gru_bin_version_axi_mem_intercon_imp_auto_pc_2_axi_protocol_converter_v2_1_37_a_axi3_conv/gru_bin_version_axi_mem_intercon_imp_auto_pc_2_axi_data_fifo_v2_1_36_axic_fifo/gru_bin_version_axi_mem_intercon_imp_auto_pc_2_axi_data_fifo_v2_1_36_fifo_gen/<hidden>/<hidden>/<hidden>/<hidden>/<hidden>/<hidden>
                            (rising edge-triggered cell FDCE clocked by clk_fpga_0  {rise@0.000ns fall@5.000ns period=10.000ns})
  Destination:            gru_bin_version_wrapper/gru_bin_version/gru_bin_version_axi_mem_intercon_0/s02_couplers_imp_QTS1PG/gru_bin_version_axi_mem_intercon_imp_auto_pc_2/gru_bin_version_axi_mem_intercon_imp_auto_pc_2_axi_protocol_converter_v2_1_37_axi_protocol_converter/gru_bin_version_axi_mem_intercon_imp_auto_pc_2_axi_protocol_converter_v2_1_37_axi3_conv/gru_bin_version_axi_mem_intercon_imp_auto_pc_2_axi_protocol_converter_v2_1_37_a_axi3_conv/gru_bin_version_axi_mem_intercon_imp_auto_pc_2_axi_data_fifo_v2_1_36_axic_fifo/gru_bin_version_axi_mem_intercon_imp_auto_pc_2_axi_data_fifo_v2_1_36_fifo_gen/<hidden>/<hidden>/<hidden>/<hidden>/<hidden>/<hidden>/<hidden>
                            (rising edge-triggered cell RAMD32 clocked by clk_fpga_0  {rise@0.000ns fall@5.000ns period=10.000ns})
  Path Group:             clk_fpga_0
  Path Type:              Hold (Min at Fast Process Corner)
  Requirement:            0.000ns  (clk_fpga_0 rise@0.000ns - clk_fpga_0 rise@0.000ns)
  Data Path Delay:        0.358ns  (logic 0.141ns (39.341%)  route 0.217ns (60.659%))
  Logic Levels:           0  
  Clock Path Skew:        0.013ns (DCD - SCD - CPR)
    Destination Clock Delay (DCD):    1.214ns
    Source Clock Delay      (SCD):    0.914ns
    Clock Pessimism Removal (CPR):    0.287ns

    Location             Delay type                Incr(ns)  Path(ns)    Netlist Resource(s)
  -------------------------------------------------------------------    -------------------
                         (clock clk_fpga_0 rise edge)
                                                      0.000     0.000 r  
    PS7_X0Y0             PS7                          0.000     0.000 r  gru_bin_version_i/processing_system7_0/inst/PS7_i/FCLKCLK[0]
                         net (fo=1, routed)           0.310     0.310    gru_bin_version_i/processing_system7_0/inst/FCLK_CLK_unbuffered[0]
    BUFGCTRL_X0Y16       BUFG (Prop_bufg_I_O)         0.026     0.336 r  gru_bin_version_i/processing_system7_0/inst/buffer_fclk_clk_0.FCLK_CLK_0_BUFG/O
                         net (fo=14567, routed)       0.578     0.914    gru_bin_version_wrapper/gru_bin_version/gru_bin_version_axi_mem_intercon_0/s02_couplers_imp_QTS1PG/gru_bin_version_axi_mem_intercon_imp_auto_pc_2/gru_bin_version_axi_mem_intercon_imp_auto_pc_2_axi_protocol_converter_v2_1_37_axi_protocol_converter/gru_bin_version_axi_mem_intercon_imp_auto_pc_2_axi_protocol_converter_v2_1_37_axi3_conv/gru_bin_version_axi_mem_intercon_imp_auto_pc_2_axi_protocol_converter_v2_1_37_a_axi3_conv/gru_bin_version_axi_mem_intercon_imp_auto_pc_2_axi_data_fifo_v2_1_36_axic_fifo/gru_bin_version_axi_mem_intercon_imp_auto_pc_2_axi_data_fifo_v2_1_36_fifo_gen/<hidden>/<hidden>/<hidden>/<hidden>/<hidden>/<hidden>
    SLICE_X59Y52         FDCE                                         r  gru_bin_version_wrapper/gru_bin_version/gru_bin_version_axi_mem_intercon_0/s02_couplers_imp_QTS1PG/gru_bin_version_axi_mem_intercon_imp_auto_pc_2/gru_bin_version_axi_mem_intercon_imp_auto_pc_2_axi_protocol_converter_v2_1_37_axi_protocol_converter/gru_bin_version_axi_mem_intercon_imp_auto_pc_2_axi_protocol_converter_v2_1_37_axi3_conv/gru_bin_version_axi_mem_intercon_imp_auto_pc_2_axi_protocol_converter_v2_1_37_a_axi3_conv/gru_bin_version_axi_mem_intercon_imp_auto_pc_2_axi_data_fifo_v2_1_36_axic_fifo/gru_bin_version_axi_mem_intercon_imp_auto_pc_2_axi_data_fifo_v2_1_36_fifo_gen/<hidden>/<hidden>/<hidden>/<hidden>/<hidden>/<hidden>
  -------------------------------------------------------------------    -------------------
    SLICE_X59Y52         FDCE (Prop_fdce_C_Q)         0.141     1.055 r  gru_bin_version_wrapper/gru_bin_version/gru_bin_version_axi_mem_intercon_0/s02_couplers_imp_QTS1PG/gru_bin_version_axi_mem_intercon_imp_auto_pc_2/gru_bin_version_axi_mem_intercon_imp_auto_pc_2_axi_protocol_converter_v2_1_37_axi_protocol_converter/gru_bin_version_axi_mem_intercon_imp_auto_pc_2_axi_protocol_converter_v2_1_37_axi3_conv/gru_bin_version_axi_mem_intercon_imp_auto_pc_2_axi_protocol_converter_v2_1_37_a_axi3_conv/gru_bin_version_axi_mem_intercon_imp_auto_pc_2_axi_data_fifo_v2_1_36_axic_fifo/gru_bin_version_axi_mem_intercon_imp_auto_pc_2_axi_data_fifo_v2_1_36_fifo_gen/<hidden>/<hidden>/<hidden>/<hidden>/<hidden>/<hidden>
                         net (fo=5, routed)           0.217     1.272    gru_bin_version_wrapper/gru_bin_version/gru_bin_version_axi_mem_intercon_0/s02_couplers_imp_QTS1PG/gru_bin_version_axi_mem_intercon_imp_auto_pc_2/gru_bin_version_axi_mem_intercon_imp_auto_pc_2_axi_protocol_converter_v2_1_37_axi_protocol_converter/gru_bin_version_axi_mem_intercon_imp_auto_pc_2_axi_protocol_converter_v2_1_37_axi3_conv/gru_bin_version_axi_mem_intercon_imp_auto_pc_2_axi_protocol_converter_v2_1_37_a_axi3_conv/gru_bin_version_axi_mem_intercon_imp_auto_pc_2_axi_data_fifo_v2_1_36_axic_fifo/gru_bin_version_axi_mem_intercon_imp_auto_pc_2_axi_data_fifo_v2_1_36_fifo_gen/<hidden>/<hidden>/<hidden>/<hidden>/<hidden>/<hidden>/<hidden>
    SLICE_X58Y52         RAMD32                                       r  gru_bin_version_wrapper/gru_bin_version/gru_bin_version_axi_mem_intercon_0/s02_couplers_imp_QTS1PG/gru_bin_version_axi_mem_intercon_imp_auto_pc_2/gru_bin_version_axi_mem_intercon_imp_auto_pc_2_axi_protocol_converter_v2_1_37_axi_protocol_converter/gru_bin_version_axi_mem_intercon_imp_auto_pc_2_axi_protocol_converter_v2_1_37_axi3_conv/gru_bin_version_axi_mem_intercon_imp_auto_pc_2_axi_protocol_converter_v2_1_37_a_axi3_conv/gru_bin_version_axi_mem_intercon_imp_auto_pc_2_axi_data_fifo_v2_1_36_axic_fifo/gru_bin_version_axi_mem_intercon_imp_auto_pc_2_axi_data_fifo_v2_1_36_fifo_gen/<hidden>/<hidden>/<hidden>/<hidden>/<hidden>/<hidden>/<hidden>
  -------------------------------------------------------------------    -------------------

                         (clock clk_fpga_0 rise edge)
                                                      0.000     0.000 r  
    PS7_X0Y0             PS7                          0.000     0.000 r  gru_bin_version_i/processing_system7_0/inst/PS7_i/FCLKCLK[0]
                         net (fo=1, routed)           0.337     0.337    gru_bin_version_i/processing_system7_0/inst/FCLK_CLK_unbuffered[0]
    BUFGCTRL_X0Y16       BUFG (Prop_bufg_I_O)         0.029     0.366 r  gru_bin_version_i/processing_system7_0/inst/buffer_fclk_clk_0.FCLK_CLK_0_BUFG/O
                         net (fo=14567, routed)       0.848     1.214    gru_bin_version_wrapper/gru_bin_version/gru_bin_version_axi_mem_intercon_0/s02_couplers_imp_QTS1PG/gru_bin_version_axi_mem_intercon_imp_auto_pc_2/gru_bin_version_axi_mem_intercon_imp_auto_pc_2_axi_protocol_converter_v2_1_37_axi_protocol_converter/gru_bin_version_axi_mem_intercon_imp_auto_pc_2_axi_protocol_converter_v2_1_37_axi3_conv/gru_bin_version_axi_mem_intercon_imp_auto_pc_2_axi_protocol_converter_v2_1_37_a_axi3_conv/gru_bin_version_axi_mem_intercon_imp_auto_pc_2_axi_data_fifo_v2_1_36_axic_fifo/gru_bin_version_axi_mem_intercon_imp_auto_pc_2_axi_data_fifo_v2_1_36_fifo_gen/<hidden>/<hidden>/<hidden>/<hidden>/<hidden>/<hidden>/<hidden>
    SLICE_X58Y52         RAMD32                                       r  gru_bin_version_wrapper/gru_bin_version/gru_bin_version_axi_mem_intercon_0/s02_couplers_imp_QTS1PG/gru_bin_version_axi_mem_intercon_imp_auto_pc_2/gru_bin_version_axi_mem_intercon_imp_auto_pc_2_axi_protocol_converter_v2_1_37_axi_protocol_converter/gru_bin_version_axi_mem_intercon_imp_auto_pc_2_axi_protocol_converter_v2_1_37_axi3_conv/gru_bin_version_axi_mem_intercon_imp_auto_pc_2_axi_protocol_converter_v2_1_37_a_axi3_conv/gru_bin_version_axi_mem_intercon_imp_auto_pc_2_axi_data_fifo_v2_1_36_axic_fifo/gru_bin_version_axi_mem_intercon_imp_auto_pc_2_axi_data_fifo_v2_1_36_fifo_gen/<hidden>/<hidden>/<hidden>/<hidden>/<hidden>/<hidden>/<hidden>
                         clock pessimism             -0.287     0.927    
    SLICE_X58Y52         RAMD32 (Hold_ramd32_CLK_WADR0)
                                                      0.310     1.237    gru_bin_version_wrapper/gru_bin_version/gru_bin_version_axi_mem_intercon_0/s02_couplers_imp_QTS1PG/gru_bin_version_axi_mem_intercon_imp_auto_pc_2/gru_bin_version_axi_mem_intercon_imp_auto_pc_2_axi_protocol_converter_v2_1_37_axi_protocol_converter/gru_bin_version_axi_mem_intercon_imp_auto_pc_2_axi_protocol_converter_v2_1_37_axi3_conv/gru_bin_version_axi_mem_intercon_imp_auto_pc_2_axi_protocol_converter_v2_1_37_a_axi3_conv/gru_bin_version_axi_mem_intercon_imp_auto_pc_2_axi_data_fifo_v2_1_36_axic_fifo/gru_bin_version_axi_mem_intercon_imp_auto_pc_2_axi_data_fifo_v2_1_36_fifo_gen/<hidden>/<hidden>/<hidden>/<hidden>/<hidden>/<hidden>/<hidden>
  -------------------------------------------------------------------
                         required time                         -1.237    
                         arrival time                           1.272    
  -------------------------------------------------------------------
                         slack                                  0.035    

Slack (MET) :             0.035ns  (arrival time - required time)
  Source:                 gru_bin_version_wrapper/gru_bin_version/gru_bin_version_axi_mem_intercon_0/s02_couplers_imp_QTS1PG/gru_bin_version_axi_mem_intercon_imp_auto_pc_2/gru_bin_version_axi_mem_intercon_imp_auto_pc_2_axi_protocol_converter_v2_1_37_axi_protocol_converter/gru_bin_version_axi_mem_intercon_imp_auto_pc_2_axi_protocol_converter_v2_1_37_axi3_conv/gru_bin_version_axi_mem_intercon_imp_auto_pc_2_axi_protocol_converter_v2_1_37_a_axi3_conv/gru_bin_version_axi_mem_intercon_imp_auto_pc_2_axi_data_fifo_v2_1_36_axic_fifo/gru_bin_version_axi_mem_intercon_imp_auto_pc_2_axi_data_fifo_v2_1_36_fifo_gen/<hidden>/<hidden>/<hidden>/<hidden>/<hidden>/<hidden>
                            (rising edge-triggered cell FDCE clocked by clk_fpga_0  {rise@0.000ns fall@5.000ns period=10.000ns})
  Destination:            gru_bin_version_wrapper/gru_bin_version/gru_bin_version_axi_mem_intercon_0/s02_couplers_imp_QTS1PG/gru_bin_version_axi_mem_intercon_imp_auto_pc_2/gru_bin_version_axi_mem_intercon_imp_auto_pc_2_axi_protocol_converter_v2_1_37_axi_protocol_converter/gru_bin_version_axi_mem_intercon_imp_auto_pc_2_axi_protocol_converter_v2_1_37_axi3_conv/gru_bin_version_axi_mem_intercon_imp_auto_pc_2_axi_protocol_converter_v2_1_37_a_axi3_conv/gru_bin_version_axi_mem_intercon_imp_auto_pc_2_axi_data_fifo_v2_1_36_axic_fifo/gru_bin_version_axi_mem_intercon_imp_auto_pc_2_axi_data_fifo_v2_1_36_fifo_gen/<hidden>/<hidden>/<hidden>/<hidden>/<hidden>/<hidden>/<hidden>
                            (rising edge-triggered cell RAMD32 clocked by clk_fpga_0  {rise@0.000ns fall@5.000ns period=10.000ns})
  Path Group:             clk_fpga_0
  Path Type:              Hold (Min at Fast Process Corner)
  Requirement:            0.000ns  (clk_fpga_0 rise@0.000ns - clk_fpga_0 rise@0.000ns)
  Data Path Delay:        0.358ns  (logic 0.141ns (39.341%)  route 0.217ns (60.659%))
  Logic Levels:           0  
  Clock Path Skew:        0.013ns (DCD - SCD - CPR)
    Destination Clock Delay (DCD):    1.214ns
    Source Clock Delay      (SCD):    0.914ns
    Clock Pessimism Removal (CPR):    0.287ns

    Location             Delay type                Incr(ns)  Path(ns)    Netlist Resource(s)
  -------------------------------------------------------------------    -------------------
                         (clock clk_fpga_0 rise edge)
                                                      0.000     0.000 r  
    PS7_X0Y0             PS7                          0.000     0.000 r  gru_bin_version_i/processing_system7_0/inst/PS7_i/FCLKCLK[0]
                         net (fo=1, routed)           0.310     0.310    gru_bin_version_i/processing_system7_0/inst/FCLK_CLK_unbuffered[0]
    BUFGCTRL_X0Y16       BUFG (Prop_bufg_I_O)         0.026     0.336 r  gru_bin_version_i/processing_system7_0/inst/buffer_fclk_clk_0.FCLK_CLK_0_BUFG/O
                         net (fo=14567, routed)       0.578     0.914    gru_bin_version_wrapper/gru_bin_version/gru_bin_version_axi_mem_intercon_0/s02_couplers_imp_QTS1PG/gru_bin_version_axi_mem_intercon_imp_auto_pc_2/gru_bin_version_axi_mem_intercon_imp_auto_pc_2_axi_protocol_converter_v2_1_37_axi_protocol_converter/gru_bin_version_axi_mem_intercon_imp_auto_pc_2_axi_protocol_converter_v2_1_37_axi3_conv/gru_bin_version_axi_mem_intercon_imp_auto_pc_2_axi_protocol_converter_v2_1_37_a_axi3_conv/gru_bin_version_axi_mem_intercon_imp_auto_pc_2_axi_data_fifo_v2_1_36_axic_fifo/gru_bin_version_axi_mem_intercon_imp_auto_pc_2_axi_data_fifo_v2_1_36_fifo_gen/<hidden>/<hidden>/<hidden>/<hidden>/<hidden>/<hidden>
    SLICE_X59Y52         FDCE                                         r  gru_bin_version_wrapper/gru_bin_version/gru_bin_version_axi_mem_intercon_0/s02_couplers_imp_QTS1PG/gru_bin_version_axi_mem_intercon_imp_auto_pc_2/gru_bin_version_axi_mem_intercon_imp_auto_pc_2_axi_protocol_converter_v2_1_37_axi_protocol_converter/gru_bin_version_axi_mem_intercon_imp_auto_pc_2_axi_protocol_converter_v2_1_37_axi3_conv/gru_bin_version_axi_mem_intercon_imp_auto_pc_2_axi_protocol_converter_v2_1_37_a_axi3_conv/gru_bin_version_axi_mem_intercon_imp_auto_pc_2_axi_data_fifo_v2_1_36_axic_fifo/gru_bin_version_axi_mem_intercon_imp_auto_pc_2_axi_data_fifo_v2_1_36_fifo_gen/<hidden>/<hidden>/<hidden>/<hidden>/<hidden>/<hidden>
  -------------------------------------------------------------------    -------------------
    SLICE_X59Y52         FDCE (Prop_fdce_C_Q)         0.141     1.055 r  gru_bin_version_wrapper/gru_bin_version/gru_bin_version_axi_mem_intercon_0/s02_couplers_imp_QTS1PG/gru_bin_version_axi_mem_intercon_imp_auto_pc_2/gru_bin_version_axi_mem_intercon_imp_auto_pc_2_axi_protocol_converter_v2_1_37_axi_protocol_converter/gru_bin_version_axi_mem_intercon_imp_auto_pc_2_axi_protocol_converter_v2_1_37_axi3_conv/gru_bin_version_axi_mem_intercon_imp_auto_pc_2_axi_protocol_converter_v2_1_37_a_axi3_conv/gru_bin_version_axi_mem_intercon_imp_auto_pc_2_axi_data_fifo_v2_1_36_axic_fifo/gru_bin_version_axi_mem_intercon_imp_auto_pc_2_axi_data_fifo_v2_1_36_fifo_gen/<hidden>/<hidden>/<hidden>/<hidden>/<hidden>/<hidden>
                         net (fo=5, routed)           0.217     1.272    gru_bin_version_wrapper/gru_bin_version/gru_bin_version_axi_mem_intercon_0/s02_couplers_imp_QTS1PG/gru_bin_version_axi_mem_intercon_imp_auto_pc_2/gru_bin_version_axi_mem_intercon_imp_auto_pc_2_axi_protocol_converter_v2_1_37_axi_protocol_converter/gru_bin_version_axi_mem_intercon_imp_auto_pc_2_axi_protocol_converter_v2_1_37_axi3_conv/gru_bin_version_axi_mem_intercon_imp_auto_pc_2_axi_protocol_converter_v2_1_37_a_axi3_conv/gru_bin_version_axi_mem_intercon_imp_auto_pc_2_axi_data_fifo_v2_1_36_axic_fifo/gru_bin_version_axi_mem_intercon_imp_auto_pc_2_axi_data_fifo_v2_1_36_fifo_gen/<hidden>/<hidden>/<hidden>/<hidden>/<hidden>/<hidden>/<hidden>
    SLICE_X58Y52         RAMD32                                       r  gru_bin_version_wrapper/gru_bin_version/gru_bin_version_axi_mem_intercon_0/s02_couplers_imp_QTS1PG/gru_bin_version_axi_mem_intercon_imp_auto_pc_2/gru_bin_version_axi_mem_intercon_imp_auto_pc_2_axi_protocol_converter_v2_1_37_axi_protocol_converter/gru_bin_version_axi_mem_intercon_imp_auto_pc_2_axi_protocol_converter_v2_1_37_axi3_conv/gru_bin_version_axi_mem_intercon_imp_auto_pc_2_axi_protocol_converter_v2_1_37_a_axi3_conv/gru_bin_version_axi_mem_intercon_imp_auto_pc_2_axi_data_fifo_v2_1_36_axic_fifo/gru_bin_version_axi_mem_intercon_imp_auto_pc_2_axi_data_fifo_v2_1_36_fifo_gen/<hidden>/<hidden>/<hidden>/<hidden>/<hidden>/<hidden>/<hidden>
  -------------------------------------------------------------------    -------------------

                         (clock clk_fpga_0 rise edge)
                                                      0.000     0.000 r  
    PS7_X0Y0             PS7                          0.000     0.000 r  gru_bin_version_i/processing_system7_0/inst/PS7_i/FCLKCLK[0]
                         net (fo=1, routed)           0.337     0.337    gru_bin_version_i/processing_system7_0/inst/FCLK_CLK_unbuffered[0]
    BUFGCTRL_X0Y16       BUFG (Prop_bufg_I_O)         0.029     0.366 r  gru_bin_version_i/processing_system7_0/inst/buffer_fclk_clk_0.FCLK_CLK_0_BUFG/O
                         net (fo=14567, routed)       0.848     1.214    gru_bin_version_wrapper/gru_bin_version/gru_bin_version_axi_mem_intercon_0/s02_couplers_imp_QTS1PG/gru_bin_version_axi_mem_intercon_imp_auto_pc_2/gru_bin_version_axi_mem_intercon_imp_auto_pc_2_axi_protocol_converter_v2_1_37_axi_protocol_converter/gru_bin_version_axi_mem_intercon_imp_auto_pc_2_axi_protocol_converter_v2_1_37_axi3_conv/gru_bin_version_axi_mem_intercon_imp_auto_pc_2_axi_protocol_converter_v2_1_37_a_axi3_conv/gru_bin_version_axi_mem_intercon_imp_auto_pc_2_axi_data_fifo_v2_1_36_axic_fifo/gru_bin_version_axi_mem_intercon_imp_auto_pc_2_axi_data_fifo_v2_1_36_fifo_gen/<hidden>/<hidden>/<hidden>/<hidden>/<hidden>/<hidden>/<hidden>
    SLICE_X58Y52         RAMD32                                       r  gru_bin_version_wrapper/gru_bin_version/gru_bin_version_axi_mem_intercon_0/s02_couplers_imp_QTS1PG/gru_bin_version_axi_mem_intercon_imp_auto_pc_2/gru_bin_version_axi_mem_intercon_imp_auto_pc_2_axi_protocol_converter_v2_1_37_axi_protocol_converter/gru_bin_version_axi_mem_intercon_imp_auto_pc_2_axi_protocol_converter_v2_1_37_axi3_conv/gru_bin_version_axi_mem_intercon_imp_auto_pc_2_axi_protocol_converter_v2_1_37_a_axi3_conv/gru_bin_version_axi_mem_intercon_imp_auto_pc_2_axi_data_fifo_v2_1_36_axic_fifo/gru_bin_version_axi_mem_intercon_imp_auto_pc_2_axi_data_fifo_v2_1_36_fifo_gen/<hidden>/<hidden>/<hidden>/<hidden>/<hidden>/<hidden>/<hidden>
                         clock pessimism             -0.287     0.927    
    SLICE_X58Y52         RAMD32 (Hold_ramd32_CLK_WADR0)
                                                      0.310     1.237    gru_bin_version_wrapper/gru_bin_version/gru_bin_version_axi_mem_intercon_0/s02_couplers_imp_QTS1PG/gru_bin_version_axi_mem_intercon_imp_auto_pc_2/gru_bin_version_axi_mem_intercon_imp_auto_pc_2_axi_protocol_converter_v2_1_37_axi_protocol_converter/gru_bin_version_axi_mem_intercon_imp_auto_pc_2_axi_protocol_converter_v2_1_37_axi3_conv/gru_bin_version_axi_mem_intercon_imp_auto_pc_2_axi_protocol_converter_v2_1_37_a_axi3_conv/gru_bin_version_axi_mem_intercon_imp_auto_pc_2_axi_data_fifo_v2_1_36_axic_fifo/gru_bin_version_axi_mem_intercon_imp_auto_pc_2_axi_data_fifo_v2_1_36_fifo_gen/<hidden>/<hidden>/<hidden>/<hidden>/<hidden>/<hidden>/<hidden>
  -------------------------------------------------------------------
                         required time                         -1.237    
                         arrival time                           1.272    
  -------------------------------------------------------------------
                         slack                                  0.035    

Slack (MET) :             0.041ns  (arrival time - required time)
  Source:                 gru_bin_version_i/gru_va_0/inst/grp_gru_va_Pipeline_HIDDEN_LOOP_fu_808/acc_z_7_reg_20193_reg[18]/C
                            (rising edge-triggered cell FDRE clocked by clk_fpga_0  {rise@0.000ns fall@5.000ns period=10.000ns})
  Destination:            gru_bin_version_i/gru_va_0/inst/grp_gru_va_Pipeline_HIDDEN_LOOP_fu_808/acc_z_7_reg_20193_pp0_iter2_reg_reg[18]_srl2/D
                            (rising edge-triggered cell SRL16E clocked by clk_fpga_0  {rise@0.000ns fall@5.000ns period=10.000ns})
  Path Group:             clk_fpga_0
  Path Type:              Hold (Min at Fast Process Corner)
  Requirement:            0.000ns  (clk_fpga_0 rise@0.000ns - clk_fpga_0 rise@0.000ns)
  Data Path Delay:        0.257ns  (logic 0.141ns (54.785%)  route 0.116ns (45.215%))
  Logic Levels:           0  
  Clock Path Skew:        0.033ns (DCD - SCD - CPR)
    Destination Clock Delay (DCD):    1.190ns
    Source Clock Delay      (SCD):    0.894ns
    Clock Pessimism Removal (CPR):    0.263ns

    Location             Delay type                Incr(ns)  Path(ns)    Netlist Resource(s)
  -------------------------------------------------------------------    -------------------
                         (clock clk_fpga_0 rise edge)
                                                      0.000     0.000 r  
    PS7_X0Y0             PS7                          0.000     0.000 r  gru_bin_version_i/processing_system7_0/inst/PS7_i/FCLKCLK[0]
                         net (fo=1, routed)           0.310     0.310    gru_bin_version_i/processing_system7_0/inst/FCLK_CLK_unbuffered[0]
    BUFGCTRL_X0Y16       BUFG (Prop_bufg_I_O)         0.026     0.336 r  gru_bin_version_i/processing_system7_0/inst/buffer_fclk_clk_0.FCLK_CLK_0_BUFG/O
                         net (fo=14567, routed)       0.558     0.894    gru_bin_version_i/gru_va_0/inst/grp_gru_va_Pipeline_HIDDEN_LOOP_fu_808/ap_clk
    SLICE_X45Y36         FDRE                                         r  gru_bin_version_i/gru_va_0/inst/grp_gru_va_Pipeline_HIDDEN_LOOP_fu_808/acc_z_7_reg_20193_reg[18]/C
  -------------------------------------------------------------------    -------------------
    SLICE_X45Y36         FDRE (Prop_fdre_C_Q)         0.141     1.035 r  gru_bin_version_i/gru_va_0/inst/grp_gru_va_Pipeline_HIDDEN_LOOP_fu_808/acc_z_7_reg_20193_reg[18]/Q
                         net (fo=1, routed)           0.116     1.151    gru_bin_version_i/gru_va_0/inst/grp_gru_va_Pipeline_HIDDEN_LOOP_fu_808/acc_z_7_reg_20193[18]
    SLICE_X42Y36         SRL16E                                       r  gru_bin_version_i/gru_va_0/inst/grp_gru_va_Pipeline_HIDDEN_LOOP_fu_808/acc_z_7_reg_20193_pp0_iter2_reg_reg[18]_srl2/D
  -------------------------------------------------------------------    -------------------

                         (clock clk_fpga_0 rise edge)
                                                      0.000     0.000 r  
    PS7_X0Y0             PS7                          0.000     0.000 r  gru_bin_version_i/processing_system7_0/inst/PS7_i/FCLKCLK[0]
                         net (fo=1, routed)           0.337     0.337    gru_bin_version_i/processing_system7_0/inst/FCLK_CLK_unbuffered[0]
    BUFGCTRL_X0Y16       BUFG (Prop_bufg_I_O)         0.029     0.366 r  gru_bin_version_i/processing_system7_0/inst/buffer_fclk_clk_0.FCLK_CLK_0_BUFG/O
                         net (fo=14567, routed)       0.824     1.190    gru_bin_version_i/gru_va_0/inst/grp_gru_va_Pipeline_HIDDEN_LOOP_fu_808/ap_clk
    SLICE_X42Y36         SRL16E                                       r  gru_bin_version_i/gru_va_0/inst/grp_gru_va_Pipeline_HIDDEN_LOOP_fu_808/acc_z_7_reg_20193_pp0_iter2_reg_reg[18]_srl2/CLK
                         clock pessimism             -0.263     0.927    
    SLICE_X42Y36         SRL16E (Hold_srl16e_CLK_D)
                                                      0.183     1.110    gru_bin_version_i/gru_va_0/inst/grp_gru_va_Pipeline_HIDDEN_LOOP_fu_808/acc_z_7_reg_20193_pp0_iter2_reg_reg[18]_srl2
  -------------------------------------------------------------------
                         required time                         -1.110    
                         arrival time                           1.151    
  -------------------------------------------------------------------
                         slack                                  0.041    

Slack (MET) :             0.042ns  (arrival time - required time)
  Source:                 gru_bin_version_i/gru_va_0/inst/grp_gru_va_Pipeline_HIDDEN_LOOP_fu_808/U_r_39_U/q0_reg[2]/C
                            (rising edge-triggered cell FDRE clocked by clk_fpga_0  {rise@0.000ns fall@5.000ns period=10.000ns})
  Destination:            gru_bin_version_i/gru_va_0/inst/grp_gru_va_Pipeline_HIDDEN_LOOP_fu_808/U_r_39_load_reg_20706_reg[2]/D
                            (rising edge-triggered cell FDRE clocked by clk_fpga_0  {rise@0.000ns fall@5.000ns period=10.000ns})
  Path Group:             clk_fpga_0
  Path Type:              Hold (Min at Fast Process Corner)
  Requirement:            0.000ns  (clk_fpga_0 rise@0.000ns - clk_fpga_0 rise@0.000ns)
  Data Path Delay:        0.368ns  (logic 0.141ns (38.277%)  route 0.227ns (61.723%))
  Logic Levels:           0  
  Clock Path Skew:        0.256ns (DCD - SCD - CPR)
    Destination Clock Delay (DCD):    1.186ns
    Source Clock Delay      (SCD):    0.895ns
    Clock Pessimism Removal (CPR):    0.035ns

    Location             Delay type                Incr(ns)  Path(ns)    Netlist Resource(s)
  -------------------------------------------------------------------    -------------------
                         (clock clk_fpga_0 rise edge)
                                                      0.000     0.000 r  
    PS7_X0Y0             PS7                          0.000     0.000 r  gru_bin_version_i/processing_system7_0/inst/PS7_i/FCLKCLK[0]
                         net (fo=1, routed)           0.310     0.310    gru_bin_version_i/processing_system7_0/inst/FCLK_CLK_unbuffered[0]
    BUFGCTRL_X0Y16       BUFG (Prop_bufg_I_O)         0.026     0.336 r  gru_bin_version_i/processing_system7_0/inst/buffer_fclk_clk_0.FCLK_CLK_0_BUFG/O
                         net (fo=14567, routed)       0.559     0.895    gru_bin_version_i/gru_va_0/inst/grp_gru_va_Pipeline_HIDDEN_LOOP_fu_808/U_r_39_U/ap_clk
    SLICE_X49Y11         FDRE                                         r  gru_bin_version_i/gru_va_0/inst/grp_gru_va_Pipeline_HIDDEN_LOOP_fu_808/U_r_39_U/q0_reg[2]/C
  -------------------------------------------------------------------    -------------------
    SLICE_X49Y11         FDRE (Prop_fdre_C_Q)         0.141     1.036 r  gru_bin_version_i/gru_va_0/inst/grp_gru_va_Pipeline_HIDDEN_LOOP_fu_808/U_r_39_U/q0_reg[2]/Q
                         net (fo=1, routed)           0.227     1.263    gru_bin_version_i/gru_va_0/inst/grp_gru_va_Pipeline_HIDDEN_LOOP_fu_808/U_r_39_q0[2]
    SLICE_X52Y14         FDRE                                         r  gru_bin_version_i/gru_va_0/inst/grp_gru_va_Pipeline_HIDDEN_LOOP_fu_808/U_r_39_load_reg_20706_reg[2]/D
  -------------------------------------------------------------------    -------------------

                         (clock clk_fpga_0 rise edge)
                                                      0.000     0.000 r  
    PS7_X0Y0             PS7                          0.000     0.000 r  gru_bin_version_i/processing_system7_0/inst/PS7_i/FCLKCLK[0]
                         net (fo=1, routed)           0.337     0.337    gru_bin_version_i/processing_system7_0/inst/FCLK_CLK_unbuffered[0]
    BUFGCTRL_X0Y16       BUFG (Prop_bufg_I_O)         0.029     0.366 r  gru_bin_version_i/processing_system7_0/inst/buffer_fclk_clk_0.FCLK_CLK_0_BUFG/O
                         net (fo=14567, routed)       0.820     1.186    gru_bin_version_i/gru_va_0/inst/grp_gru_va_Pipeline_HIDDEN_LOOP_fu_808/ap_clk
    SLICE_X52Y14         FDRE                                         r  gru_bin_version_i/gru_va_0/inst/grp_gru_va_Pipeline_HIDDEN_LOOP_fu_808/U_r_39_load_reg_20706_reg[2]/C
                         clock pessimism             -0.035     1.151    
    SLICE_X52Y14         FDRE (Hold_fdre_C_D)         0.070     1.221    gru_bin_version_i/gru_va_0/inst/grp_gru_va_Pipeline_HIDDEN_LOOP_fu_808/U_r_39_load_reg_20706_reg[2]
  -------------------------------------------------------------------
                         required time                         -1.221    
                         arrival time                           1.263    
  -------------------------------------------------------------------
                         slack                                  0.042    

Slack (MET) :             0.042ns  (arrival time - required time)
  Source:                 gru_bin_version_i/gru_va_0/inst/grp_gru_va_Pipeline_HIDDEN_LOOP_fu_808/acc_r_20_reg_20766_reg[18]/C
                            (rising edge-triggered cell FDRE clocked by clk_fpga_0  {rise@0.000ns fall@5.000ns period=10.000ns})
  Destination:            gru_bin_version_i/gru_va_0/inst/grp_gru_va_Pipeline_HIDDEN_LOOP_fu_808/acc_r_20_reg_20766_pp0_iter5_reg_reg[18]_srl4/D
                            (rising edge-triggered cell SRL16E clocked by clk_fpga_0  {rise@0.000ns fall@5.000ns period=10.000ns})
  Path Group:             clk_fpga_0
  Path Type:              Hold (Min at Fast Process Corner)
  Requirement:            0.000ns  (clk_fpga_0 rise@0.000ns - clk_fpga_0 rise@0.000ns)
  Data Path Delay:        0.241ns  (logic 0.141ns (58.447%)  route 0.100ns (41.553%))
  Logic Levels:           0  
  Clock Path Skew:        0.016ns (DCD - SCD - CPR)
    Destination Clock Delay (DCD):    1.195ns
    Source Clock Delay      (SCD):    0.898ns
    Clock Pessimism Removal (CPR):    0.281ns

    Location             Delay type                Incr(ns)  Path(ns)    Netlist Resource(s)
  -------------------------------------------------------------------    -------------------
                         (clock clk_fpga_0 rise edge)
                                                      0.000     0.000 r  
    PS7_X0Y0             PS7                          0.000     0.000 r  gru_bin_version_i/processing_system7_0/inst/PS7_i/FCLKCLK[0]
                         net (fo=1, routed)           0.310     0.310    gru_bin_version_i/processing_system7_0/inst/FCLK_CLK_unbuffered[0]
    BUFGCTRL_X0Y16       BUFG (Prop_bufg_I_O)         0.026     0.336 r  gru_bin_version_i/processing_system7_0/inst/buffer_fclk_clk_0.FCLK_CLK_0_BUFG/O
                         net (fo=14567, routed)       0.562     0.898    gru_bin_version_i/gru_va_0/inst/grp_gru_va_Pipeline_HIDDEN_LOOP_fu_808/ap_clk
    SLICE_X41Y3          FDRE                                         r  gru_bin_version_i/gru_va_0/inst/grp_gru_va_Pipeline_HIDDEN_LOOP_fu_808/acc_r_20_reg_20766_reg[18]/C
  -------------------------------------------------------------------    -------------------
    SLICE_X41Y3          FDRE (Prop_fdre_C_Q)         0.141     1.039 r  gru_bin_version_i/gru_va_0/inst/grp_gru_va_Pipeline_HIDDEN_LOOP_fu_808/acc_r_20_reg_20766_reg[18]/Q
                         net (fo=1, routed)           0.100     1.139    gru_bin_version_i/gru_va_0/inst/grp_gru_va_Pipeline_HIDDEN_LOOP_fu_808/acc_r_20_reg_20766[18]
    SLICE_X42Y4          SRL16E                                       r  gru_bin_version_i/gru_va_0/inst/grp_gru_va_Pipeline_HIDDEN_LOOP_fu_808/acc_r_20_reg_20766_pp0_iter5_reg_reg[18]_srl4/D
  -------------------------------------------------------------------    -------------------

                         (clock clk_fpga_0 rise edge)
                                                      0.000     0.000 r  
    PS7_X0Y0             PS7                          0.000     0.000 r  gru_bin_version_i/processing_system7_0/inst/PS7_i/FCLKCLK[0]
                         net (fo=1, routed)           0.337     0.337    gru_bin_version_i/processing_system7_0/inst/FCLK_CLK_unbuffered[0]
    BUFGCTRL_X0Y16       BUFG (Prop_bufg_I_O)         0.029     0.366 r  gru_bin_version_i/processing_system7_0/inst/buffer_fclk_clk_0.FCLK_CLK_0_BUFG/O
                         net (fo=14567, routed)       0.829     1.195    gru_bin_version_i/gru_va_0/inst/grp_gru_va_Pipeline_HIDDEN_LOOP_fu_808/ap_clk
    SLICE_X42Y4          SRL16E                                       r  gru_bin_version_i/gru_va_0/inst/grp_gru_va_Pipeline_HIDDEN_LOOP_fu_808/acc_r_20_reg_20766_pp0_iter5_reg_reg[18]_srl4/CLK
                         clock pessimism             -0.281     0.914    
    SLICE_X42Y4          SRL16E (Hold_srl16e_CLK_D)
                                                      0.183     1.097    gru_bin_version_i/gru_va_0/inst/grp_gru_va_Pipeline_HIDDEN_LOOP_fu_808/acc_r_20_reg_20766_pp0_iter5_reg_reg[18]_srl4
  -------------------------------------------------------------------
                         required time                         -1.097    
                         arrival time                           1.139    
  -------------------------------------------------------------------
                         slack                                  0.042    

Slack (MET) :             0.043ns  (arrival time - required time)
  Source:                 gru_bin_version_i/gru_va_0/inst/grp_gru_va_Pipeline_HIDDEN_LOOP_fu_808/val_n_rec_80_reg_21481_reg[15]/C
                            (rising edge-triggered cell FDSE clocked by clk_fpga_0  {rise@0.000ns fall@5.000ns period=10.000ns})
  Destination:            gru_bin_version_i/gru_va_0/inst/grp_gru_va_Pipeline_HIDDEN_LOOP_fu_808/val_n_rec_80_reg_21481_pp0_iter13_reg_reg[15]_srl3/D
                            (rising edge-triggered cell SRL16E clocked by clk_fpga_0  {rise@0.000ns fall@5.000ns period=10.000ns})
  Path Group:             clk_fpga_0
  Path Type:              Hold (Min at Fast Process Corner)
  Requirement:            0.000ns  (clk_fpga_0 rise@0.000ns - clk_fpga_0 rise@0.000ns)
  Data Path Delay:        0.242ns  (logic 0.141ns (58.263%)  route 0.101ns (41.737%))
  Logic Levels:           0  
  Clock Path Skew:        0.016ns (DCD - SCD - CPR)
    Destination Clock Delay (DCD):    1.248ns
    Source Clock Delay      (SCD):    0.948ns
    Clock Pessimism Removal (CPR):    0.284ns

    Location             Delay type                Incr(ns)  Path(ns)    Netlist Resource(s)
  -------------------------------------------------------------------    -------------------
                         (clock clk_fpga_0 rise edge)
                                                      0.000     0.000 r  
    PS7_X0Y0             PS7                          0.000     0.000 r  gru_bin_version_i/processing_system7_0/inst/PS7_i/FCLKCLK[0]
                         net (fo=1, routed)           0.310     0.310    gru_bin_version_i/processing_system7_0/inst/FCLK_CLK_unbuffered[0]
    BUFGCTRL_X0Y16       BUFG (Prop_bufg_I_O)         0.026     0.336 r  gru_bin_version_i/processing_system7_0/inst/buffer_fclk_clk_0.FCLK_CLK_0_BUFG/O
                         net (fo=14567, routed)       0.612     0.948    gru_bin_version_i/gru_va_0/inst/grp_gru_va_Pipeline_HIDDEN_LOOP_fu_808/ap_clk
    SLICE_X95Y8          FDSE                                         r  gru_bin_version_i/gru_va_0/inst/grp_gru_va_Pipeline_HIDDEN_LOOP_fu_808/val_n_rec_80_reg_21481_reg[15]/C
  -------------------------------------------------------------------    -------------------
    SLICE_X95Y8          FDSE (Prop_fdse_C_Q)         0.141     1.089 r  gru_bin_version_i/gru_va_0/inst/grp_gru_va_Pipeline_HIDDEN_LOOP_fu_808/val_n_rec_80_reg_21481_reg[15]/Q
                         net (fo=1, routed)           0.101     1.190    gru_bin_version_i/gru_va_0/inst/grp_gru_va_Pipeline_HIDDEN_LOOP_fu_808/val_n_rec_80_reg_21481_reg_n_3_[15]
    SLICE_X96Y7          SRL16E                                       r  gru_bin_version_i/gru_va_0/inst/grp_gru_va_Pipeline_HIDDEN_LOOP_fu_808/val_n_rec_80_reg_21481_pp0_iter13_reg_reg[15]_srl3/D
  -------------------------------------------------------------------    -------------------

                         (clock clk_fpga_0 rise edge)
                                                      0.000     0.000 r  
    PS7_X0Y0             PS7                          0.000     0.000 r  gru_bin_version_i/processing_system7_0/inst/PS7_i/FCLKCLK[0]
                         net (fo=1, routed)           0.337     0.337    gru_bin_version_i/processing_system7_0/inst/FCLK_CLK_unbuffered[0]
    BUFGCTRL_X0Y16       BUFG (Prop_bufg_I_O)         0.029     0.366 r  gru_bin_version_i/processing_system7_0/inst/buffer_fclk_clk_0.FCLK_CLK_0_BUFG/O
                         net (fo=14567, routed)       0.882     1.248    gru_bin_version_i/gru_va_0/inst/grp_gru_va_Pipeline_HIDDEN_LOOP_fu_808/ap_clk
    SLICE_X96Y7          SRL16E                                       r  gru_bin_version_i/gru_va_0/inst/grp_gru_va_Pipeline_HIDDEN_LOOP_fu_808/val_n_rec_80_reg_21481_pp0_iter13_reg_reg[15]_srl3/CLK
                         clock pessimism             -0.284     0.964    
    SLICE_X96Y7          SRL16E (Hold_srl16e_CLK_D)
                                                      0.183     1.146    gru_bin_version_i/gru_va_0/inst/grp_gru_va_Pipeline_HIDDEN_LOOP_fu_808/val_n_rec_80_reg_21481_pp0_iter13_reg_reg[15]_srl3
  -------------------------------------------------------------------
                         required time                         -1.146    
                         arrival time                           1.190    
  -------------------------------------------------------------------
                         slack                                  0.043    

Slack (MET) :             0.043ns  (arrival time - required time)
  Source:                 gru_bin_version_i/gru_va_0/inst/grp_gru_va_Pipeline_HIDDEN_LOOP_fu_808/val_n_rec_80_reg_21481_reg[31]/C
                            (rising edge-triggered cell FDRE clocked by clk_fpga_0  {rise@0.000ns fall@5.000ns period=10.000ns})
  Destination:            gru_bin_version_i/gru_va_0/inst/grp_gru_va_Pipeline_HIDDEN_LOOP_fu_808/val_n_rec_80_reg_21481_pp0_iter13_reg_reg[31]_srl3/D
                            (rising edge-triggered cell SRL16E clocked by clk_fpga_0  {rise@0.000ns fall@5.000ns period=10.000ns})
  Path Group:             clk_fpga_0
  Path Type:              Hold (Min at Fast Process Corner)
  Requirement:            0.000ns  (clk_fpga_0 rise@0.000ns - clk_fpga_0 rise@0.000ns)
  Data Path Delay:        0.242ns  (logic 0.141ns (58.263%)  route 0.101ns (41.737%))
  Logic Levels:           0  
  Clock Path Skew:        0.016ns (DCD - SCD - CPR)
    Destination Clock Delay (DCD):    1.248ns
    Source Clock Delay      (SCD):    0.948ns
    Clock Pessimism Removal (CPR):    0.284ns

    Location             Delay type                Incr(ns)  Path(ns)    Netlist Resource(s)
  -------------------------------------------------------------------    -------------------
                         (clock clk_fpga_0 rise edge)
                                                      0.000     0.000 r  
    PS7_X0Y0             PS7                          0.000     0.000 r  gru_bin_version_i/processing_system7_0/inst/PS7_i/FCLKCLK[0]
                         net (fo=1, routed)           0.310     0.310    gru_bin_version_i/processing_system7_0/inst/FCLK_CLK_unbuffered[0]
    BUFGCTRL_X0Y16       BUFG (Prop_bufg_I_O)         0.026     0.336 r  gru_bin_version_i/processing_system7_0/inst/buffer_fclk_clk_0.FCLK_CLK_0_BUFG/O
                         net (fo=14567, routed)       0.612     0.948    gru_bin_version_i/gru_va_0/inst/grp_gru_va_Pipeline_HIDDEN_LOOP_fu_808/ap_clk
    SLICE_X97Y9          FDRE                                         r  gru_bin_version_i/gru_va_0/inst/grp_gru_va_Pipeline_HIDDEN_LOOP_fu_808/val_n_rec_80_reg_21481_reg[31]/C
  -------------------------------------------------------------------    -------------------
    SLICE_X97Y9          FDRE (Prop_fdre_C_Q)         0.141     1.089 r  gru_bin_version_i/gru_va_0/inst/grp_gru_va_Pipeline_HIDDEN_LOOP_fu_808/val_n_rec_80_reg_21481_reg[31]/Q
                         net (fo=1, routed)           0.101     1.190    gru_bin_version_i/gru_va_0/inst/grp_gru_va_Pipeline_HIDDEN_LOOP_fu_808/val_n_rec_80_reg_21481_reg_n_3_[31]
    SLICE_X94Y9          SRL16E                                       r  gru_bin_version_i/gru_va_0/inst/grp_gru_va_Pipeline_HIDDEN_LOOP_fu_808/val_n_rec_80_reg_21481_pp0_iter13_reg_reg[31]_srl3/D
  -------------------------------------------------------------------    -------------------

                         (clock clk_fpga_0 rise edge)
                                                      0.000     0.000 r  
    PS7_X0Y0             PS7                          0.000     0.000 r  gru_bin_version_i/processing_system7_0/inst/PS7_i/FCLKCLK[0]
                         net (fo=1, routed)           0.337     0.337    gru_bin_version_i/processing_system7_0/inst/FCLK_CLK_unbuffered[0]
    BUFGCTRL_X0Y16       BUFG (Prop_bufg_I_O)         0.029     0.366 r  gru_bin_version_i/processing_system7_0/inst/buffer_fclk_clk_0.FCLK_CLK_0_BUFG/O
                         net (fo=14567, routed)       0.882     1.248    gru_bin_version_i/gru_va_0/inst/grp_gru_va_Pipeline_HIDDEN_LOOP_fu_808/ap_clk
    SLICE_X94Y9          SRL16E                                       r  gru_bin_version_i/gru_va_0/inst/grp_gru_va_Pipeline_HIDDEN_LOOP_fu_808/val_n_rec_80_reg_21481_pp0_iter13_reg_reg[31]_srl3/CLK
                         clock pessimism             -0.284     0.964    
    SLICE_X94Y9          SRL16E (Hold_srl16e_CLK_D)
                                                      0.183     1.146    gru_bin_version_i/gru_va_0/inst/grp_gru_va_Pipeline_HIDDEN_LOOP_fu_808/val_n_rec_80_reg_21481_pp0_iter13_reg_reg[31]_srl3
  -------------------------------------------------------------------
                         required time                         -1.146    
                         arrival time                           1.190    
  -------------------------------------------------------------------
                         slack                                  0.043    

Slack (MET) :             0.044ns  (arrival time - required time)
  Source:                 gru_bin_version_i/gru_va_0/inst/grp_gru_va_Pipeline_HIDDEN_LOOP_fu_808/acc_z_36_reg_21060_reg[18]/C
                            (rising edge-triggered cell FDRE clocked by clk_fpga_0  {rise@0.000ns fall@5.000ns period=10.000ns})
  Destination:            gru_bin_version_i/gru_va_0/inst/grp_gru_va_Pipeline_HIDDEN_LOOP_fu_808/acc_z_36_reg_21060_pp0_iter9_reg_reg[18]_srl8/D
                            (rising edge-triggered cell SRL16E clocked by clk_fpga_0  {rise@0.000ns fall@5.000ns period=10.000ns})
  Path Group:             clk_fpga_0
  Path Type:              Hold (Min at Fast Process Corner)
  Requirement:            0.000ns  (clk_fpga_0 rise@0.000ns - clk_fpga_0 rise@0.000ns)
  Data Path Delay:        0.261ns  (logic 0.141ns (54.015%)  route 0.120ns (45.985%))
  Logic Levels:           0  
  Clock Path Skew:        0.034ns (DCD - SCD - CPR)
    Destination Clock Delay (DCD):    1.217ns
    Source Clock Delay      (SCD):    0.920ns
    Clock Pessimism Removal (CPR):    0.263ns

    Location             Delay type                Incr(ns)  Path(ns)    Netlist Resource(s)
  -------------------------------------------------------------------    -------------------
                         (clock clk_fpga_0 rise edge)
                                                      0.000     0.000 r  
    PS7_X0Y0             PS7                          0.000     0.000 r  gru_bin_version_i/processing_system7_0/inst/PS7_i/FCLKCLK[0]
                         net (fo=1, routed)           0.310     0.310    gru_bin_version_i/processing_system7_0/inst/FCLK_CLK_unbuffered[0]
    BUFGCTRL_X0Y16       BUFG (Prop_bufg_I_O)         0.026     0.336 r  gru_bin_version_i/processing_system7_0/inst/buffer_fclk_clk_0.FCLK_CLK_0_BUFG/O
                         net (fo=14567, routed)       0.584     0.920    gru_bin_version_i/gru_va_0/inst/grp_gru_va_Pipeline_HIDDEN_LOOP_fu_808/ap_clk
    SLICE_X68Y12         FDRE                                         r  gru_bin_version_i/gru_va_0/inst/grp_gru_va_Pipeline_HIDDEN_LOOP_fu_808/acc_z_36_reg_21060_reg[18]/C
  -------------------------------------------------------------------    -------------------
    SLICE_X68Y12         FDRE (Prop_fdre_C_Q)         0.141     1.061 r  gru_bin_version_i/gru_va_0/inst/grp_gru_va_Pipeline_HIDDEN_LOOP_fu_808/acc_z_36_reg_21060_reg[18]/Q
                         net (fo=1, routed)           0.120     1.181    gru_bin_version_i/gru_va_0/inst/grp_gru_va_Pipeline_HIDDEN_LOOP_fu_808/acc_z_36_reg_21060[18]
    SLICE_X66Y11         SRL16E                                       r  gru_bin_version_i/gru_va_0/inst/grp_gru_va_Pipeline_HIDDEN_LOOP_fu_808/acc_z_36_reg_21060_pp0_iter9_reg_reg[18]_srl8/D
  -------------------------------------------------------------------    -------------------

                         (clock clk_fpga_0 rise edge)
                                                      0.000     0.000 r  
    PS7_X0Y0             PS7                          0.000     0.000 r  gru_bin_version_i/processing_system7_0/inst/PS7_i/FCLKCLK[0]
                         net (fo=1, routed)           0.337     0.337    gru_bin_version_i/processing_system7_0/inst/FCLK_CLK_unbuffered[0]
    BUFGCTRL_X0Y16       BUFG (Prop_bufg_I_O)         0.029     0.366 r  gru_bin_version_i/processing_system7_0/inst/buffer_fclk_clk_0.FCLK_CLK_0_BUFG/O
                         net (fo=14567, routed)       0.851     1.217    gru_bin_version_i/gru_va_0/inst/grp_gru_va_Pipeline_HIDDEN_LOOP_fu_808/ap_clk
    SLICE_X66Y11         SRL16E                                       r  gru_bin_version_i/gru_va_0/inst/grp_gru_va_Pipeline_HIDDEN_LOOP_fu_808/acc_z_36_reg_21060_pp0_iter9_reg_reg[18]_srl8/CLK
                         clock pessimism             -0.263     0.954    
    SLICE_X66Y11         SRL16E (Hold_srl16e_CLK_D)
                                                      0.183     1.137    gru_bin_version_i/gru_va_0/inst/grp_gru_va_Pipeline_HIDDEN_LOOP_fu_808/acc_z_36_reg_21060_pp0_iter9_reg_reg[18]_srl8
  -------------------------------------------------------------------
                         required time                         -1.137    
                         arrival time                           1.181    
  -------------------------------------------------------------------
                         slack                                  0.044    





Pulse Width Checks
--------------------------------------------------------------------------------------
Clock Name:         clk_fpga_0
Waveform(ns):       { 0.000 5.000 }
Period(ns):         10.000
Sources:            { gru_bin_version_i/processing_system7_0/inst/PS7_i/FCLKCLK[0] }

Check Type        Corner  Lib Pin             Reference Pin  Required(ns)  Actual(ns)  Slack(ns)  Location      Pin
Min Period        n/a     DSP48E1/CLK         n/a            3.884         10.000      6.116      DSP48_X3Y3    gru_bin_version_i/gru_va_0/inst/grp_gru_va_Pipeline_HIDDEN_LOOP_fu_808/mul_32s_8s_40_2_1_U14/buff0_reg/CLK
Min Period        n/a     RAMB36E1/CLKARDCLK  n/a            2.576         10.000      7.424      RAMB36_X2Y10  gru_bin_version_i/axi_dma_0/U0/I_PRMRY_DATAMOVER/GEN_MM2S_FULL.I_MM2S_FULL_WRAPPER/GEN_INCLUDE_MM2S_SF.I_RD_SF/I_DATA_FIFO/BLK_MEM.I_SYNC_FIFOGEN_FIFO/xpm_fifo_base_inst/gen_sdpram.xpm_memory_base_inst/gen_wr_a.gen_word_narrow.mem_reg_0/CLKARDCLK
Min Period        n/a     RAMB36E1/CLKBWRCLK  n/a            2.576         10.000      7.424      RAMB36_X2Y10  gru_bin_version_i/axi_dma_0/U0/I_PRMRY_DATAMOVER/GEN_MM2S_FULL.I_MM2S_FULL_WRAPPER/GEN_INCLUDE_MM2S_SF.I_RD_SF/I_DATA_FIFO/BLK_MEM.I_SYNC_FIFOGEN_FIFO/xpm_fifo_base_inst/gen_sdpram.xpm_memory_base_inst/gen_wr_a.gen_word_narrow.mem_reg_0/CLKBWRCLK
Min Period        n/a     RAMB18E1/CLKARDCLK  n/a            2.576         10.000      7.424      RAMB18_X2Y22  gru_bin_version_i/axi_dma_0/U0/I_PRMRY_DATAMOVER/GEN_MM2S_FULL.I_MM2S_FULL_WRAPPER/GEN_INCLUDE_MM2S_SF.I_RD_SF/I_DATA_FIFO/BLK_MEM.I_SYNC_FIFOGEN_FIFO/xpm_fifo_base_inst/gen_sdpram.xpm_memory_base_inst/gen_wr_a.gen_word_narrow.mem_reg_1/CLKARDCLK
Min Period        n/a     RAMB18E1/CLKBWRCLK  n/a            2.576         10.000      7.424      RAMB18_X2Y22  gru_bin_version_i/axi_dma_0/U0/I_PRMRY_DATAMOVER/GEN_MM2S_FULL.I_MM2S_FULL_WRAPPER/GEN_INCLUDE_MM2S_SF.I_RD_SF/I_DATA_FIFO/BLK_MEM.I_SYNC_FIFOGEN_FIFO/xpm_fifo_base_inst/gen_sdpram.xpm_memory_base_inst/gen_wr_a.gen_word_narrow.mem_reg_1/CLKBWRCLK
Min Period        n/a     RAMB36E1/CLKARDCLK  n/a            2.576         10.000      7.424      RAMB36_X3Y11  gru_bin_version_i/axi_dma_0/U0/I_PRMRY_DATAMOVER/GEN_S2MM_FULL.I_S2MM_FULL_WRAPPER/GEN_ENABLE_INDET_BTT_SF.I_INDET_BTT/I_DATA_FIFO/BLK_MEM.I_SYNC_FIFOGEN_FIFO/xpm_fifo_base_inst/gen_sdpram.xpm_memory_base_inst/gen_wr_a.gen_word_narrow.mem_reg_0/CLKARDCLK
Min Period        n/a     RAMB36E1/CLKBWRCLK  n/a            2.576         10.000      7.424      RAMB36_X3Y11  gru_bin_version_i/axi_dma_0/U0/I_PRMRY_DATAMOVER/GEN_S2MM_FULL.I_S2MM_FULL_WRAPPER/GEN_ENABLE_INDET_BTT_SF.I_INDET_BTT/I_DATA_FIFO/BLK_MEM.I_SYNC_FIFOGEN_FIFO/xpm_fifo_base_inst/gen_sdpram.xpm_memory_base_inst/gen_wr_a.gen_word_narrow.mem_reg_0/CLKBWRCLK
Min Period        n/a     RAMB18E1/CLKARDCLK  n/a            2.576         10.000      7.424      RAMB18_X3Y24  gru_bin_version_i/axi_dma_0/U0/I_PRMRY_DATAMOVER/GEN_S2MM_FULL.I_S2MM_FULL_WRAPPER/GEN_ENABLE_INDET_BTT_SF.I_INDET_BTT/I_DATA_FIFO/BLK_MEM.I_SYNC_FIFOGEN_FIFO/xpm_fifo_base_inst/gen_sdpram.xpm_memory_base_inst/gen_wr_a.gen_word_narrow.mem_reg_1/CLKARDCLK
Min Period        n/a     RAMB18E1/CLKBWRCLK  n/a            2.576         10.000      7.424      RAMB18_X3Y24  gru_bin_version_i/axi_dma_0/U0/I_PRMRY_DATAMOVER/GEN_S2MM_FULL.I_S2MM_FULL_WRAPPER/GEN_ENABLE_INDET_BTT_SF.I_INDET_BTT/I_DATA_FIFO/BLK_MEM.I_SYNC_FIFOGEN_FIFO/xpm_fifo_base_inst/gen_sdpram.xpm_memory_base_inst/gen_wr_a.gen_word_narrow.mem_reg_1/CLKBWRCLK
Min Period        n/a     RAMB18E1/CLKARDCLK  n/a            2.576         10.000      7.424      RAMB18_X5Y2   gru_bin_version_i/gru_va_0/inst/grp_gru_va_Pipeline_HIDDEN_LOOP_fu_808/TANH_TABLE_U/q0_reg/CLKARDCLK
Low Pulse Width   Slow    RAMD32/CLK          n/a            1.250         5.000       3.750      SLICE_X42Y64  gru_bin_version_i/axi_dma_0/U0/I_PRMRY_DATAMOVER/GEN_S2MM_FULL.I_S2MM_FULL_WRAPPER/GEN_ENABLE_INDET_BTT_SF.I_INDET_BTT/I_XD_FIFO/NON_BLK_MEM.I_SYNC_FIFOGEN_FIFO/xpm_fifo_base_inst/gen_sdpram.xpm_memory_base_inst/gen_wr_a.gen_word_narrow.mem_reg_0_15_0_5/RAMA/CLK
Low Pulse Width   Fast    RAMD32/CLK          n/a            1.250         5.000       3.750      SLICE_X42Y64  gru_bin_version_i/axi_dma_0/U0/I_PRMRY_DATAMOVER/GEN_S2MM_FULL.I_S2MM_FULL_WRAPPER/GEN_ENABLE_INDET_BTT_SF.I_INDET_BTT/I_XD_FIFO/NON_BLK_MEM.I_SYNC_FIFOGEN_FIFO/xpm_fifo_base_inst/gen_sdpram.xpm_memory_base_inst/gen_wr_a.gen_word_narrow.mem_reg_0_15_0_5/RAMA/CLK
Low Pulse Width   Slow    RAMD32/CLK          n/a            1.250         5.000       3.750      SLICE_X42Y64  gru_bin_version_i/axi_dma_0/U0/I_PRMRY_DATAMOVER/GEN_S2MM_FULL.I_S2MM_FULL_WRAPPER/GEN_ENABLE_INDET_BTT_SF.I_INDET_BTT/I_XD_FIFO/NON_BLK_MEM.I_SYNC_FIFOGEN_FIFO/xpm_fifo_base_inst/gen_sdpram.xpm_memory_base_inst/gen_wr_a.gen_word_narrow.mem_reg_0_15_0_5/RAMA_D1/CLK
Low Pulse Width   Fast    RAMD32/CLK          n/a            1.250         5.000       3.750      SLICE_X42Y64  gru_bin_version_i/axi_dma_0/U0/I_PRMRY_DATAMOVER/GEN_S2MM_FULL.I_S2MM_FULL_WRAPPER/GEN_ENABLE_INDET_BTT_SF.I_INDET_BTT/I_XD_FIFO/NON_BLK_MEM.I_SYNC_FIFOGEN_FIFO/xpm_fifo_base_inst/gen_sdpram.xpm_memory_base_inst/gen_wr_a.gen_word_narrow.mem_reg_0_15_0_5/RAMA_D1/CLK
Low Pulse Width   Slow    RAMD32/CLK          n/a            1.250         5.000       3.750      SLICE_X42Y64  gru_bin_version_i/axi_dma_0/U0/I_PRMRY_DATAMOVER/GEN_S2MM_FULL.I_S2MM_FULL_WRAPPER/GEN_ENABLE_INDET_BTT_SF.I_INDET_BTT/I_XD_FIFO/NON_BLK_MEM.I_SYNC_FIFOGEN_FIFO/xpm_fifo_base_inst/gen_sdpram.xpm_memory_base_inst/gen_wr_a.gen_word_narrow.mem_reg_0_15_0_5/RAMB/CLK
Low Pulse Width   Fast    RAMD32/CLK          n/a            1.250         5.000       3.750      SLICE_X42Y64  gru_bin_version_i/axi_dma_0/U0/I_PRMRY_DATAMOVER/GEN_S2MM_FULL.I_S2MM_FULL_WRAPPER/GEN_ENABLE_INDET_BTT_SF.I_INDET_BTT/I_XD_FIFO/NON_BLK_MEM.I_SYNC_FIFOGEN_FIFO/xpm_fifo_base_inst/gen_sdpram.xpm_memory_base_inst/gen_wr_a.gen_word_narrow.mem_reg_0_15_0_5/RAMB/CLK
Low Pulse Width   Slow    RAMD32/CLK          n/a            1.250         5.000       3.750      SLICE_X42Y64  gru_bin_version_i/axi_dma_0/U0/I_PRMRY_DATAMOVER/GEN_S2MM_FULL.I_S2MM_FULL_WRAPPER/GEN_ENABLE_INDET_BTT_SF.I_INDET_BTT/I_XD_FIFO/NON_BLK_MEM.I_SYNC_FIFOGEN_FIFO/xpm_fifo_base_inst/gen_sdpram.xpm_memory_base_inst/gen_wr_a.gen_word_narrow.mem_reg_0_15_0_5/RAMB_D1/CLK
Low Pulse Width   Fast    RAMD32/CLK          n/a            1.250         5.000       3.750      SLICE_X42Y64  gru_bin_version_i/axi_dma_0/U0/I_PRMRY_DATAMOVER/GEN_S2MM_FULL.I_S2MM_FULL_WRAPPER/GEN_ENABLE_INDET_BTT_SF.I_INDET_BTT/I_XD_FIFO/NON_BLK_MEM.I_SYNC_FIFOGEN_FIFO/xpm_fifo_base_inst/gen_sdpram.xpm_memory_base_inst/gen_wr_a.gen_word_narrow.mem_reg_0_15_0_5/RAMB_D1/CLK
Low Pulse Width   Slow    RAMD32/CLK          n/a            1.250         5.000       3.750      SLICE_X42Y64  gru_bin_version_i/axi_dma_0/U0/I_PRMRY_DATAMOVER/GEN_S2MM_FULL.I_S2MM_FULL_WRAPPER/GEN_ENABLE_INDET_BTT_SF.I_INDET_BTT/I_XD_FIFO/NON_BLK_MEM.I_SYNC_FIFOGEN_FIFO/xpm_fifo_base_inst/gen_sdpram.xpm_memory_base_inst/gen_wr_a.gen_word_narrow.mem_reg_0_15_0_5/RAMC/CLK
Low Pulse Width   Fast    RAMD32/CLK          n/a            1.250         5.000       3.750      SLICE_X42Y64  gru_bin_version_i/axi_dma_0/U0/I_PRMRY_DATAMOVER/GEN_S2MM_FULL.I_S2MM_FULL_WRAPPER/GEN_ENABLE_INDET_BTT_SF.I_INDET_BTT/I_XD_FIFO/NON_BLK_MEM.I_SYNC_FIFOGEN_FIFO/xpm_fifo_base_inst/gen_sdpram.xpm_memory_base_inst/gen_wr_a.gen_word_narrow.mem_reg_0_15_0_5/RAMC/CLK
High Pulse Width  Slow    RAMD32/CLK          n/a            1.250         5.000       3.750      SLICE_X42Y64  gru_bin_version_i/axi_dma_0/U0/I_PRMRY_DATAMOVER/GEN_S2MM_FULL.I_S2MM_FULL_WRAPPER/GEN_ENABLE_INDET_BTT_SF.I_INDET_BTT/I_XD_FIFO/NON_BLK_MEM.I_SYNC_FIFOGEN_FIFO/xpm_fifo_base_inst/gen_sdpram.xpm_memory_base_inst/gen_wr_a.gen_word_narrow.mem_reg_0_15_0_5/RAMA/CLK
High Pulse Width  Fast    RAMD32/CLK          n/a            1.250         5.000       3.750      SLICE_X42Y64  gru_bin_version_i/axi_dma_0/U0/I_PRMRY_DATAMOVER/GEN_S2MM_FULL.I_S2MM_FULL_WRAPPER/GEN_ENABLE_INDET_BTT_SF.I_INDET_BTT/I_XD_FIFO/NON_BLK_MEM.I_SYNC_FIFOGEN_FIFO/xpm_fifo_base_inst/gen_sdpram.xpm_memory_base_inst/gen_wr_a.gen_word_narrow.mem_reg_0_15_0_5/RAMA/CLK
High Pulse Width  Slow    RAMD32/CLK          n/a            1.250         5.000       3.750      SLICE_X42Y64  gru_bin_version_i/axi_dma_0/U0/I_PRMRY_DATAMOVER/GEN_S2MM_FULL.I_S2MM_FULL_WRAPPER/GEN_ENABLE_INDET_BTT_SF.I_INDET_BTT/I_XD_FIFO/NON_BLK_MEM.I_SYNC_FIFOGEN_FIFO/xpm_fifo_base_inst/gen_sdpram.xpm_memory_base_inst/gen_wr_a.gen_word_narrow.mem_reg_0_15_0_5/RAMA_D1/CLK
High Pulse Width  Fast    RAMD32/CLK          n/a            1.250         5.000       3.750      SLICE_X42Y64  gru_bin_version_i/axi_dma_0/U0/I_PRMRY_DATAMOVER/GEN_S2MM_FULL.I_S2MM_FULL_WRAPPER/GEN_ENABLE_INDET_BTT_SF.I_INDET_BTT/I_XD_FIFO/NON_BLK_MEM.I_SYNC_FIFOGEN_FIFO/xpm_fifo_base_inst/gen_sdpram.xpm_memory_base_inst/gen_wr_a.gen_word_narrow.mem_reg_0_15_0_5/RAMA_D1/CLK
High Pulse Width  Slow    RAMD32/CLK          n/a            1.250         5.000       3.750      SLICE_X42Y64  gru_bin_version_i/axi_dma_0/U0/I_PRMRY_DATAMOVER/GEN_S2MM_FULL.I_S2MM_FULL_WRAPPER/GEN_ENABLE_INDET_BTT_SF.I_INDET_BTT/I_XD_FIFO/NON_BLK_MEM.I_SYNC_FIFOGEN_FIFO/xpm_fifo_base_inst/gen_sdpram.xpm_memory_base_inst/gen_wr_a.gen_word_narrow.mem_reg_0_15_0_5/RAMB/CLK
High Pulse Width  Fast    RAMD32/CLK          n/a            1.250         5.000       3.750      SLICE_X42Y64  gru_bin_version_i/axi_dma_0/U0/I_PRMRY_DATAMOVER/GEN_S2MM_FULL.I_S2MM_FULL_WRAPPER/GEN_ENABLE_INDET_BTT_SF.I_INDET_BTT/I_XD_FIFO/NON_BLK_MEM.I_SYNC_FIFOGEN_FIFO/xpm_fifo_base_inst/gen_sdpram.xpm_memory_base_inst/gen_wr_a.gen_word_narrow.mem_reg_0_15_0_5/RAMB/CLK
High Pulse Width  Slow    RAMD32/CLK          n/a            1.250         5.000       3.750      SLICE_X42Y64  gru_bin_version_i/axi_dma_0/U0/I_PRMRY_DATAMOVER/GEN_S2MM_FULL.I_S2MM_FULL_WRAPPER/GEN_ENABLE_INDET_BTT_SF.I_INDET_BTT/I_XD_FIFO/NON_BLK_MEM.I_SYNC_FIFOGEN_FIFO/xpm_fifo_base_inst/gen_sdpram.xpm_memory_base_inst/gen_wr_a.gen_word_narrow.mem_reg_0_15_0_5/RAMB_D1/CLK
High Pulse Width  Fast    RAMD32/CLK          n/a            1.250         5.000       3.750      SLICE_X42Y64  gru_bin_version_i/axi_dma_0/U0/I_PRMRY_DATAMOVER/GEN_S2MM_FULL.I_S2MM_FULL_WRAPPER/GEN_ENABLE_INDET_BTT_SF.I_INDET_BTT/I_XD_FIFO/NON_BLK_MEM.I_SYNC_FIFOGEN_FIFO/xpm_fifo_base_inst/gen_sdpram.xpm_memory_base_inst/gen_wr_a.gen_word_narrow.mem_reg_0_15_0_5/RAMB_D1/CLK
High Pulse Width  Slow    RAMD32/CLK          n/a            1.250         5.000       3.750      SLICE_X42Y64  gru_bin_version_i/axi_dma_0/U0/I_PRMRY_DATAMOVER/GEN_S2MM_FULL.I_S2MM_FULL_WRAPPER/GEN_ENABLE_INDET_BTT_SF.I_INDET_BTT/I_XD_FIFO/NON_BLK_MEM.I_SYNC_FIFOGEN_FIFO/xpm_fifo_base_inst/gen_sdpram.xpm_memory_base_inst/gen_wr_a.gen_word_narrow.mem_reg_0_15_0_5/RAMC/CLK
High Pulse Width  Fast    RAMD32/CLK          n/a            1.250         5.000       3.750      SLICE_X42Y64  gru_bin_version_i/axi_dma_0/U0/I_PRMRY_DATAMOVER/GEN_S2MM_FULL.I_S2MM_FULL_WRAPPER/GEN_ENABLE_INDET_BTT_SF.I_INDET_BTT/I_XD_FIFO/NON_BLK_MEM.I_SYNC_FIFOGEN_FIFO/xpm_fifo_base_inst/gen_sdpram.xpm_memory_base_inst/gen_wr_a.gen_word_narrow.mem_reg_0_15_0_5/RAMC/CLK



---------------------------------------------------------------------------------------------------
Path Group:  **async_default**
From Clock:  clk_fpga_0
  To Clock:  clk_fpga_0

Setup :            0  Failing Endpoints,  Worst Slack        6.583ns,  Total Violation        0.000ns
Hold  :            0  Failing Endpoints,  Worst Slack        0.505ns,  Total Violation        0.000ns
---------------------------------------------------------------------------------------------------


Max Delay Paths
--------------------------------------------------------------------------------------
Slack (MET) :             6.583ns  (required time - arrival time)
  Source:                 gru_bin_version_wrapper/gru_bin_version/gru_bin_version_axi_mem_intercon_0/s00_couplers_imp_1UT69KP/gru_bin_version_axi_mem_intercon_imp_auto_pc_0/gru_bin_version_axi_mem_intercon_imp_auto_pc_0_axi_protocol_converter_v2_1_37_axi_protocol_converter/gru_bin_version_axi_mem_intercon_imp_auto_pc_0_axi_protocol_converter_v2_1_37_axi3_conv/gru_bin_version_axi_mem_intercon_imp_auto_pc_0_axi_protocol_converter_v2_1_37_a_axi3_conv/gru_bin_version_axi_mem_intercon_imp_auto_pc_0_axi_data_fifo_v2_1_36_axic_fifo/gru_bin_version_axi_mem_intercon_imp_auto_pc_0_axi_data_fifo_v2_1_36_fifo_gen/<hidden>/<hidden>/<hidden>/<hidden>/<hidden>/<hidden>
                            (rising edge-triggered cell FDPE clocked by clk_fpga_0  {rise@0.000ns fall@5.000ns period=10.000ns})
  Destination:            gru_bin_version_wrapper/gru_bin_version/gru_bin_version_axi_mem_intercon_0/s00_couplers_imp_1UT69KP/gru_bin_version_axi_mem_intercon_imp_auto_pc_0/gru_bin_version_axi_mem_intercon_imp_auto_pc_0_axi_protocol_converter_v2_1_37_axi_protocol_converter/gru_bin_version_axi_mem_intercon_imp_auto_pc_0_axi_protocol_converter_v2_1_37_axi3_conv/gru_bin_version_axi_mem_intercon_imp_auto_pc_0_axi_protocol_converter_v2_1_37_a_axi3_conv/gru_bin_version_axi_mem_intercon_imp_auto_pc_0_axi_data_fifo_v2_1_36_axic_fifo/gru_bin_version_axi_mem_intercon_imp_auto_pc_0_axi_data_fifo_v2_1_36_fifo_gen/<hidden>/<hidden>/<hidden>/<hidden>/<hidden>/<hidden>
                            (recovery check against rising-edge clock clk_fpga_0  {rise@0.000ns fall@5.000ns period=10.000ns})
  Path Group:             **async_default**
  Path Type:              Recovery (Max at Slow Process Corner)
  Requirement:            10.000ns  (clk_fpga_0 rise@10.000ns - clk_fpga_0 rise@0.000ns)
  Data Path Delay:        2.829ns  (logic 0.773ns (27.320%)  route 2.056ns (72.680%))
  Logic Levels:           1  (LUT3=1)
  Clock Path Skew:        -0.028ns (DCD - SCD + CPR)
    Destination Clock Delay (DCD):    2.653ns = ( 12.653 - 10.000 ) 
    Source Clock Delay      (SCD):    2.944ns
    Clock Pessimism Removal (CPR):    0.263ns
  Clock Uncertainty:      0.154ns  ((TSJ^2 + TIJ^2)^1/2 + DJ) / 2 + PE
    Total System Jitter     (TSJ):    0.071ns
    Total Input Jitter      (TIJ):    0.300ns
    Discrete Jitter          (DJ):    0.000ns
    Phase Error              (PE):    0.000ns

    Location             Delay type                Incr(ns)  Path(ns)    Netlist Resource(s)
  -------------------------------------------------------------------    -------------------
                         (clock clk_fpga_0 rise edge)
                                                      0.000     0.000 r  
    PS7_X0Y0             PS7                          0.000     0.000 r  gru_bin_version_i/processing_system7_0/inst/PS7_i/FCLKCLK[0]
                         net (fo=1, routed)           1.193     1.193    gru_bin_version_i/processing_system7_0/inst/FCLK_CLK_unbuffered[0]
    BUFGCTRL_X0Y16       BUFG (Prop_bufg_I_O)         0.101     1.294 r  gru_bin_version_i/processing_system7_0/inst/buffer_fclk_clk_0.FCLK_CLK_0_BUFG/O
                         net (fo=14567, routed)       1.650     2.944    gru_bin_version_wrapper/gru_bin_version/gru_bin_version_axi_mem_intercon_0/s00_couplers_imp_1UT69KP/gru_bin_version_axi_mem_intercon_imp_auto_pc_0/gru_bin_version_axi_mem_intercon_imp_auto_pc_0_axi_protocol_converter_v2_1_37_axi_protocol_converter/gru_bin_version_axi_mem_intercon_imp_auto_pc_0_axi_protocol_converter_v2_1_37_axi3_conv/gru_bin_version_axi_mem_intercon_imp_auto_pc_0_axi_protocol_converter_v2_1_37_a_axi3_conv/gru_bin_version_axi_mem_intercon_imp_auto_pc_0_axi_data_fifo_v2_1_36_axic_fifo/gru_bin_version_axi_mem_intercon_imp_auto_pc_0_axi_data_fifo_v2_1_36_fifo_gen/<hidden>/<hidden>/<hidden>/<hidden>/<hidden>/<hidden>
    SLICE_X36Y59         FDPE                                         r  gru_bin_version_wrapper/gru_bin_version/gru_bin_version_axi_mem_intercon_0/s00_couplers_imp_1UT69KP/gru_bin_version_axi_mem_intercon_imp_auto_pc_0/gru_bin_version_axi_mem_intercon_imp_auto_pc_0_axi_protocol_converter_v2_1_37_axi_protocol_converter/gru_bin_version_axi_mem_intercon_imp_auto_pc_0_axi_protocol_converter_v2_1_37_axi3_conv/gru_bin_version_axi_mem_intercon_imp_auto_pc_0_axi_protocol_converter_v2_1_37_a_axi3_conv/gru_bin_version_axi_mem_intercon_imp_auto_pc_0_axi_data_fifo_v2_1_36_axic_fifo/gru_bin_version_axi_mem_intercon_imp_auto_pc_0_axi_data_fifo_v2_1_36_fifo_gen/<hidden>/<hidden>/<hidden>/<hidden>/<hidden>/<hidden>
  -------------------------------------------------------------------    -------------------
    SLICE_X36Y59         FDPE (Prop_fdpe_C_Q)         0.478     3.422 f  gru_bin_version_wrapper/gru_bin_version/gru_bin_version_axi_mem_intercon_0/s00_couplers_imp_1UT69KP/gru_bin_version_axi_mem_intercon_imp_auto_pc_0/gru_bin_version_axi_mem_intercon_imp_auto_pc_0_axi_protocol_converter_v2_1_37_axi_protocol_converter/gru_bin_version_axi_mem_intercon_imp_auto_pc_0_axi_protocol_converter_v2_1_37_axi3_conv/gru_bin_version_axi_mem_intercon_imp_auto_pc_0_axi_protocol_converter_v2_1_37_a_axi3_conv/gru_bin_version_axi_mem_intercon_imp_auto_pc_0_axi_data_fifo_v2_1_36_axic_fifo/gru_bin_version_axi_mem_intercon_imp_auto_pc_0_axi_data_fifo_v2_1_36_fifo_gen/<hidden>/<hidden>/<hidden>/<hidden>/<hidden>/<hidden>
                         net (fo=2, routed)           0.825     4.247    gru_bin_version_wrapper/gru_bin_version/gru_bin_version_axi_mem_intercon_0/s00_couplers_imp_1UT69KP/gru_bin_version_axi_mem_intercon_imp_auto_pc_0/gru_bin_version_axi_mem_intercon_imp_auto_pc_0_axi_protocol_converter_v2_1_37_axi_protocol_converter/gru_bin_version_axi_mem_intercon_imp_auto_pc_0_axi_protocol_converter_v2_1_37_axi3_conv/gru_bin_version_axi_mem_intercon_imp_auto_pc_0_axi_protocol_converter_v2_1_37_a_axi3_conv/gru_bin_version_axi_mem_intercon_imp_auto_pc_0_axi_data_fifo_v2_1_36_axic_fifo/gru_bin_version_axi_mem_intercon_imp_auto_pc_0_axi_data_fifo_v2_1_36_fifo_gen/<hidden>/<hidden>/<hidden>/<hidden>/<hidden>
    SLICE_X37Y60         LUT3 (Prop_lut3_I2_O)        0.295     4.542 f  gru_bin_version_wrapper/gru_bin_version/gru_bin_version_axi_mem_intercon_0/s00_couplers_imp_1UT69KP/gru_bin_version_axi_mem_intercon_imp_auto_pc_0/gru_bin_version_axi_mem_intercon_imp_auto_pc_0_axi_protocol_converter_v2_1_37_axi_protocol_converter/gru_bin_version_axi_mem_intercon_imp_auto_pc_0_axi_protocol_converter_v2_1_37_axi3_conv/gru_bin_version_axi_mem_intercon_imp_auto_pc_0_axi_protocol_converter_v2_1_37_a_axi3_conv/gru_bin_version_axi_mem_intercon_imp_auto_pc_0_axi_data_fifo_v2_1_36_axic_fifo/gru_bin_version_axi_mem_intercon_imp_auto_pc_0_axi_data_fifo_v2_1_36_fifo_gen/<hidden>/<hidden>/<hidden>/<hidden>/<hidden>
                         net (fo=33, routed)          1.231     5.773    gru_bin_version_wrapper/gru_bin_version/gru_bin_version_axi_mem_intercon_0/s00_couplers_imp_1UT69KP/gru_bin_version_axi_mem_intercon_imp_auto_pc_0/gru_bin_version_axi_mem_intercon_imp_auto_pc_0_axi_protocol_converter_v2_1_37_axi_protocol_converter/gru_bin_version_axi_mem_intercon_imp_auto_pc_0_axi_protocol_converter_v2_1_37_axi3_conv/gru_bin_version_axi_mem_intercon_imp_auto_pc_0_axi_protocol_converter_v2_1_37_a_axi3_conv/gru_bin_version_axi_mem_intercon_imp_auto_pc_0_axi_data_fifo_v2_1_36_axic_fifo/gru_bin_version_axi_mem_intercon_imp_auto_pc_0_axi_data_fifo_v2_1_36_fifo_gen/<hidden>/<hidden>/<hidden>/<hidden>/<hidden>/<hidden>
    SLICE_X39Y63         FDCE                                         f  gru_bin_version_wrapper/gru_bin_version/gru_bin_version_axi_mem_intercon_0/s00_couplers_imp_1UT69KP/gru_bin_version_axi_mem_intercon_imp_auto_pc_0/gru_bin_version_axi_mem_intercon_imp_auto_pc_0_axi_protocol_converter_v2_1_37_axi_protocol_converter/gru_bin_version_axi_mem_intercon_imp_auto_pc_0_axi_protocol_converter_v2_1_37_axi3_conv/gru_bin_version_axi_mem_intercon_imp_auto_pc_0_axi_protocol_converter_v2_1_37_a_axi3_conv/gru_bin_version_axi_mem_intercon_imp_auto_pc_0_axi_data_fifo_v2_1_36_axic_fifo/gru_bin_version_axi_mem_intercon_imp_auto_pc_0_axi_data_fifo_v2_1_36_fifo_gen/<hidden>/<hidden>/<hidden>/<hidden>/<hidden>/<hidden>
  -------------------------------------------------------------------    -------------------

                         (clock clk_fpga_0 rise edge)
                                                     10.000    10.000 r  
    PS7_X0Y0             PS7                          0.000    10.000 r  gru_bin_version_i/processing_system7_0/inst/PS7_i/FCLKCLK[0]
                         net (fo=1, routed)           1.088    11.088    gru_bin_version_i/processing_system7_0/inst/FCLK_CLK_unbuffered[0]
    BUFGCTRL_X0Y16       BUFG (Prop_bufg_I_O)         0.091    11.179 r  gru_bin_version_i/processing_system7_0/inst/buffer_fclk_clk_0.FCLK_CLK_0_BUFG/O
                         net (fo=14567, routed)       1.474    12.653    gru_bin_version_wrapper/gru_bin_version/gru_bin_version_axi_mem_intercon_0/s00_couplers_imp_1UT69KP/gru_bin_version_axi_mem_intercon_imp_auto_pc_0/gru_bin_version_axi_mem_intercon_imp_auto_pc_0_axi_protocol_converter_v2_1_37_axi_protocol_converter/gru_bin_version_axi_mem_intercon_imp_auto_pc_0_axi_protocol_converter_v2_1_37_axi3_conv/gru_bin_version_axi_mem_intercon_imp_auto_pc_0_axi_protocol_converter_v2_1_37_a_axi3_conv/gru_bin_version_axi_mem_intercon_imp_auto_pc_0_axi_data_fifo_v2_1_36_axic_fifo/gru_bin_version_axi_mem_intercon_imp_auto_pc_0_axi_data_fifo_v2_1_36_fifo_gen/<hidden>/<hidden>/<hidden>/<hidden>/<hidden>/<hidden>
    SLICE_X39Y63         FDCE                                         r  gru_bin_version_wrapper/gru_bin_version/gru_bin_version_axi_mem_intercon_0/s00_couplers_imp_1UT69KP/gru_bin_version_axi_mem_intercon_imp_auto_pc_0/gru_bin_version_axi_mem_intercon_imp_auto_pc_0_axi_protocol_converter_v2_1_37_axi_protocol_converter/gru_bin_version_axi_mem_intercon_imp_auto_pc_0_axi_protocol_converter_v2_1_37_axi3_conv/gru_bin_version_axi_mem_intercon_imp_auto_pc_0_axi_protocol_converter_v2_1_37_a_axi3_conv/gru_bin_version_axi_mem_intercon_imp_auto_pc_0_axi_data_fifo_v2_1_36_axic_fifo/gru_bin_version_axi_mem_intercon_imp_auto_pc_0_axi_data_fifo_v2_1_36_fifo_gen/<hidden>/<hidden>/<hidden>/<hidden>/<hidden>/<hidden>
                         clock pessimism              0.263    12.916    
                         clock uncertainty           -0.154    12.762    
    SLICE_X39Y63         FDCE (Recov_fdce_C_CLR)     -0.405    12.357    gru_bin_version_wrapper/gru_bin_version/gru_bin_version_axi_mem_intercon_0/s00_couplers_imp_1UT69KP/gru_bin_version_axi_mem_intercon_imp_auto_pc_0/gru_bin_version_axi_mem_intercon_imp_auto_pc_0_axi_protocol_converter_v2_1_37_axi_protocol_converter/gru_bin_version_axi_mem_intercon_imp_auto_pc_0_axi_protocol_converter_v2_1_37_axi3_conv/gru_bin_version_axi_mem_intercon_imp_auto_pc_0_axi_protocol_converter_v2_1_37_a_axi3_conv/gru_bin_version_axi_mem_intercon_imp_auto_pc_0_axi_data_fifo_v2_1_36_axic_fifo/gru_bin_version_axi_mem_intercon_imp_auto_pc_0_axi_data_fifo_v2_1_36_fifo_gen/<hidden>/<hidden>/<hidden>/<hidden>/<hidden>/<hidden>
  -------------------------------------------------------------------
                         required time                         12.357    
                         arrival time                          -5.773    
  -------------------------------------------------------------------
                         slack                                  6.583    

Slack (MET) :             6.583ns  (required time - arrival time)
  Source:                 gru_bin_version_wrapper/gru_bin_version/gru_bin_version_axi_mem_intercon_0/s00_couplers_imp_1UT69KP/gru_bin_version_axi_mem_intercon_imp_auto_pc_0/gru_bin_version_axi_mem_intercon_imp_auto_pc_0_axi_protocol_converter_v2_1_37_axi_protocol_converter/gru_bin_version_axi_mem_intercon_imp_auto_pc_0_axi_protocol_converter_v2_1_37_axi3_conv/gru_bin_version_axi_mem_intercon_imp_auto_pc_0_axi_protocol_converter_v2_1_37_a_axi3_conv/gru_bin_version_axi_mem_intercon_imp_auto_pc_0_axi_data_fifo_v2_1_36_axic_fifo/gru_bin_version_axi_mem_intercon_imp_auto_pc_0_axi_data_fifo_v2_1_36_fifo_gen/<hidden>/<hidden>/<hidden>/<hidden>/<hidden>/<hidden>
                            (rising edge-triggered cell FDPE clocked by clk_fpga_0  {rise@0.000ns fall@5.000ns period=10.000ns})
  Destination:            gru_bin_version_wrapper/gru_bin_version/gru_bin_version_axi_mem_intercon_0/s00_couplers_imp_1UT69KP/gru_bin_version_axi_mem_intercon_imp_auto_pc_0/gru_bin_version_axi_mem_intercon_imp_auto_pc_0_axi_protocol_converter_v2_1_37_axi_protocol_converter/gru_bin_version_axi_mem_intercon_imp_auto_pc_0_axi_protocol_converter_v2_1_37_axi3_conv/gru_bin_version_axi_mem_intercon_imp_auto_pc_0_axi_protocol_converter_v2_1_37_a_axi3_conv/gru_bin_version_axi_mem_intercon_imp_auto_pc_0_axi_data_fifo_v2_1_36_axic_fifo/gru_bin_version_axi_mem_intercon_imp_auto_pc_0_axi_data_fifo_v2_1_36_fifo_gen/<hidden>/<hidden>/<hidden>/<hidden>/<hidden>/<hidden>
                            (recovery check against rising-edge clock clk_fpga_0  {rise@0.000ns fall@5.000ns period=10.000ns})
  Path Group:             **async_default**
  Path Type:              Recovery (Max at Slow Process Corner)
  Requirement:            10.000ns  (clk_fpga_0 rise@10.000ns - clk_fpga_0 rise@0.000ns)
  Data Path Delay:        2.829ns  (logic 0.773ns (27.320%)  route 2.056ns (72.680%))
  Logic Levels:           1  (LUT3=1)
  Clock Path Skew:        -0.028ns (DCD - SCD + CPR)
    Destination Clock Delay (DCD):    2.653ns = ( 12.653 - 10.000 ) 
    Source Clock Delay      (SCD):    2.944ns
    Clock Pessimism Removal (CPR):    0.263ns
  Clock Uncertainty:      0.154ns  ((TSJ^2 + TIJ^2)^1/2 + DJ) / 2 + PE
    Total System Jitter     (TSJ):    0.071ns
    Total Input Jitter      (TIJ):    0.300ns
    Discrete Jitter          (DJ):    0.000ns
    Phase Error              (PE):    0.000ns

    Location             Delay type                Incr(ns)  Path(ns)    Netlist Resource(s)
  -------------------------------------------------------------------    -------------------
                         (clock clk_fpga_0 rise edge)
                                                      0.000     0.000 r  
    PS7_X0Y0             PS7                          0.000     0.000 r  gru_bin_version_i/processing_system7_0/inst/PS7_i/FCLKCLK[0]
                         net (fo=1, routed)           1.193     1.193    gru_bin_version_i/processing_system7_0/inst/FCLK_CLK_unbuffered[0]
    BUFGCTRL_X0Y16       BUFG (Prop_bufg_I_O)         0.101     1.294 r  gru_bin_version_i/processing_system7_0/inst/buffer_fclk_clk_0.FCLK_CLK_0_BUFG/O
                         net (fo=14567, routed)       1.650     2.944    gru_bin_version_wrapper/gru_bin_version/gru_bin_version_axi_mem_intercon_0/s00_couplers_imp_1UT69KP/gru_bin_version_axi_mem_intercon_imp_auto_pc_0/gru_bin_version_axi_mem_intercon_imp_auto_pc_0_axi_protocol_converter_v2_1_37_axi_protocol_converter/gru_bin_version_axi_mem_intercon_imp_auto_pc_0_axi_protocol_converter_v2_1_37_axi3_conv/gru_bin_version_axi_mem_intercon_imp_auto_pc_0_axi_protocol_converter_v2_1_37_a_axi3_conv/gru_bin_version_axi_mem_intercon_imp_auto_pc_0_axi_data_fifo_v2_1_36_axic_fifo/gru_bin_version_axi_mem_intercon_imp_auto_pc_0_axi_data_fifo_v2_1_36_fifo_gen/<hidden>/<hidden>/<hidden>/<hidden>/<hidden>/<hidden>
    SLICE_X36Y59         FDPE                                         r  gru_bin_version_wrapper/gru_bin_version/gru_bin_version_axi_mem_intercon_0/s00_couplers_imp_1UT69KP/gru_bin_version_axi_mem_intercon_imp_auto_pc_0/gru_bin_version_axi_mem_intercon_imp_auto_pc_0_axi_protocol_converter_v2_1_37_axi_protocol_converter/gru_bin_version_axi_mem_intercon_imp_auto_pc_0_axi_protocol_converter_v2_1_37_axi3_conv/gru_bin_version_axi_mem_intercon_imp_auto_pc_0_axi_protocol_converter_v2_1_37_a_axi3_conv/gru_bin_version_axi_mem_intercon_imp_auto_pc_0_axi_data_fifo_v2_1_36_axic_fifo/gru_bin_version_axi_mem_intercon_imp_auto_pc_0_axi_data_fifo_v2_1_36_fifo_gen/<hidden>/<hidden>/<hidden>/<hidden>/<hidden>/<hidden>
  -------------------------------------------------------------------    -------------------
    SLICE_X36Y59         FDPE (Prop_fdpe_C_Q)         0.478     3.422 f  gru_bin_version_wrapper/gru_bin_version/gru_bin_version_axi_mem_intercon_0/s00_couplers_imp_1UT69KP/gru_bin_version_axi_mem_intercon_imp_auto_pc_0/gru_bin_version_axi_mem_intercon_imp_auto_pc_0_axi_protocol_converter_v2_1_37_axi_protocol_converter/gru_bin_version_axi_mem_intercon_imp_auto_pc_0_axi_protocol_converter_v2_1_37_axi3_conv/gru_bin_version_axi_mem_intercon_imp_auto_pc_0_axi_protocol_converter_v2_1_37_a_axi3_conv/gru_bin_version_axi_mem_intercon_imp_auto_pc_0_axi_data_fifo_v2_1_36_axic_fifo/gru_bin_version_axi_mem_intercon_imp_auto_pc_0_axi_data_fifo_v2_1_36_fifo_gen/<hidden>/<hidden>/<hidden>/<hidden>/<hidden>/<hidden>
                         net (fo=2, routed)           0.825     4.247    gru_bin_version_wrapper/gru_bin_version/gru_bin_version_axi_mem_intercon_0/s00_couplers_imp_1UT69KP/gru_bin_version_axi_mem_intercon_imp_auto_pc_0/gru_bin_version_axi_mem_intercon_imp_auto_pc_0_axi_protocol_converter_v2_1_37_axi_protocol_converter/gru_bin_version_axi_mem_intercon_imp_auto_pc_0_axi_protocol_converter_v2_1_37_axi3_conv/gru_bin_version_axi_mem_intercon_imp_auto_pc_0_axi_protocol_converter_v2_1_37_a_axi3_conv/gru_bin_version_axi_mem_intercon_imp_auto_pc_0_axi_data_fifo_v2_1_36_axic_fifo/gru_bin_version_axi_mem_intercon_imp_auto_pc_0_axi_data_fifo_v2_1_36_fifo_gen/<hidden>/<hidden>/<hidden>/<hidden>/<hidden>
    SLICE_X37Y60         LUT3 (Prop_lut3_I2_O)        0.295     4.542 f  gru_bin_version_wrapper/gru_bin_version/gru_bin_version_axi_mem_intercon_0/s00_couplers_imp_1UT69KP/gru_bin_version_axi_mem_intercon_imp_auto_pc_0/gru_bin_version_axi_mem_intercon_imp_auto_pc_0_axi_protocol_converter_v2_1_37_axi_protocol_converter/gru_bin_version_axi_mem_intercon_imp_auto_pc_0_axi_protocol_converter_v2_1_37_axi3_conv/gru_bin_version_axi_mem_intercon_imp_auto_pc_0_axi_protocol_converter_v2_1_37_a_axi3_conv/gru_bin_version_axi_mem_intercon_imp_auto_pc_0_axi_data_fifo_v2_1_36_axic_fifo/gru_bin_version_axi_mem_intercon_imp_auto_pc_0_axi_data_fifo_v2_1_36_fifo_gen/<hidden>/<hidden>/<hidden>/<hidden>/<hidden>
                         net (fo=33, routed)          1.231     5.773    gru_bin_version_wrapper/gru_bin_version/gru_bin_version_axi_mem_intercon_0/s00_couplers_imp_1UT69KP/gru_bin_version_axi_mem_intercon_imp_auto_pc_0/gru_bin_version_axi_mem_intercon_imp_auto_pc_0_axi_protocol_converter_v2_1_37_axi_protocol_converter/gru_bin_version_axi_mem_intercon_imp_auto_pc_0_axi_protocol_converter_v2_1_37_axi3_conv/gru_bin_version_axi_mem_intercon_imp_auto_pc_0_axi_protocol_converter_v2_1_37_a_axi3_conv/gru_bin_version_axi_mem_intercon_imp_auto_pc_0_axi_data_fifo_v2_1_36_axic_fifo/gru_bin_version_axi_mem_intercon_imp_auto_pc_0_axi_data_fifo_v2_1_36_fifo_gen/<hidden>/<hidden>/<hidden>/<hidden>/<hidden>/<hidden>
    SLICE_X39Y63         FDCE                                         f  gru_bin_version_wrapper/gru_bin_version/gru_bin_version_axi_mem_intercon_0/s00_couplers_imp_1UT69KP/gru_bin_version_axi_mem_intercon_imp_auto_pc_0/gru_bin_version_axi_mem_intercon_imp_auto_pc_0_axi_protocol_converter_v2_1_37_axi_protocol_converter/gru_bin_version_axi_mem_intercon_imp_auto_pc_0_axi_protocol_converter_v2_1_37_axi3_conv/gru_bin_version_axi_mem_intercon_imp_auto_pc_0_axi_protocol_converter_v2_1_37_a_axi3_conv/gru_bin_version_axi_mem_intercon_imp_auto_pc_0_axi_data_fifo_v2_1_36_axic_fifo/gru_bin_version_axi_mem_intercon_imp_auto_pc_0_axi_data_fifo_v2_1_36_fifo_gen/<hidden>/<hidden>/<hidden>/<hidden>/<hidden>/<hidden>
  -------------------------------------------------------------------    -------------------

                         (clock clk_fpga_0 rise edge)
                                                     10.000    10.000 r  
    PS7_X0Y0             PS7                          0.000    10.000 r  gru_bin_version_i/processing_system7_0/inst/PS7_i/FCLKCLK[0]
                         net (fo=1, routed)           1.088    11.088    gru_bin_version_i/processing_system7_0/inst/FCLK_CLK_unbuffered[0]
    BUFGCTRL_X0Y16       BUFG (Prop_bufg_I_O)         0.091    11.179 r  gru_bin_version_i/processing_system7_0/inst/buffer_fclk_clk_0.FCLK_CLK_0_BUFG/O
                         net (fo=14567, routed)       1.474    12.653    gru_bin_version_wrapper/gru_bin_version/gru_bin_version_axi_mem_intercon_0/s00_couplers_imp_1UT69KP/gru_bin_version_axi_mem_intercon_imp_auto_pc_0/gru_bin_version_axi_mem_intercon_imp_auto_pc_0_axi_protocol_converter_v2_1_37_axi_protocol_converter/gru_bin_version_axi_mem_intercon_imp_auto_pc_0_axi_protocol_converter_v2_1_37_axi3_conv/gru_bin_version_axi_mem_intercon_imp_auto_pc_0_axi_protocol_converter_v2_1_37_a_axi3_conv/gru_bin_version_axi_mem_intercon_imp_auto_pc_0_axi_data_fifo_v2_1_36_axic_fifo/gru_bin_version_axi_mem_intercon_imp_auto_pc_0_axi_data_fifo_v2_1_36_fifo_gen/<hidden>/<hidden>/<hidden>/<hidden>/<hidden>/<hidden>
    SLICE_X39Y63         FDCE                                         r  gru_bin_version_wrapper/gru_bin_version/gru_bin_version_axi_mem_intercon_0/s00_couplers_imp_1UT69KP/gru_bin_version_axi_mem_intercon_imp_auto_pc_0/gru_bin_version_axi_mem_intercon_imp_auto_pc_0_axi_protocol_converter_v2_1_37_axi_protocol_converter/gru_bin_version_axi_mem_intercon_imp_auto_pc_0_axi_protocol_converter_v2_1_37_axi3_conv/gru_bin_version_axi_mem_intercon_imp_auto_pc_0_axi_protocol_converter_v2_1_37_a_axi3_conv/gru_bin_version_axi_mem_intercon_imp_auto_pc_0_axi_data_fifo_v2_1_36_axic_fifo/gru_bin_version_axi_mem_intercon_imp_auto_pc_0_axi_data_fifo_v2_1_36_fifo_gen/<hidden>/<hidden>/<hidden>/<hidden>/<hidden>/<hidden>
                         clock pessimism              0.263    12.916    
                         clock uncertainty           -0.154    12.762    
    SLICE_X39Y63         FDCE (Recov_fdce_C_CLR)     -0.405    12.357    gru_bin_version_wrapper/gru_bin_version/gru_bin_version_axi_mem_intercon_0/s00_couplers_imp_1UT69KP/gru_bin_version_axi_mem_intercon_imp_auto_pc_0/gru_bin_version_axi_mem_intercon_imp_auto_pc_0_axi_protocol_converter_v2_1_37_axi_protocol_converter/gru_bin_version_axi_mem_intercon_imp_auto_pc_0_axi_protocol_converter_v2_1_37_axi3_conv/gru_bin_version_axi_mem_intercon_imp_auto_pc_0_axi_protocol_converter_v2_1_37_a_axi3_conv/gru_bin_version_axi_mem_intercon_imp_auto_pc_0_axi_data_fifo_v2_1_36_axic_fifo/gru_bin_version_axi_mem_intercon_imp_auto_pc_0_axi_data_fifo_v2_1_36_fifo_gen/<hidden>/<hidden>/<hidden>/<hidden>/<hidden>/<hidden>
  -------------------------------------------------------------------
                         required time                         12.357    
                         arrival time                          -5.773    
  -------------------------------------------------------------------
                         slack                                  6.583    

Slack (MET) :             6.583ns  (required time - arrival time)
  Source:                 gru_bin_version_wrapper/gru_bin_version/gru_bin_version_axi_mem_intercon_0/s00_couplers_imp_1UT69KP/gru_bin_version_axi_mem_intercon_imp_auto_pc_0/gru_bin_version_axi_mem_intercon_imp_auto_pc_0_axi_protocol_converter_v2_1_37_axi_protocol_converter/gru_bin_version_axi_mem_intercon_imp_auto_pc_0_axi_protocol_converter_v2_1_37_axi3_conv/gru_bin_version_axi_mem_intercon_imp_auto_pc_0_axi_protocol_converter_v2_1_37_a_axi3_conv/gru_bin_version_axi_mem_intercon_imp_auto_pc_0_axi_data_fifo_v2_1_36_axic_fifo/gru_bin_version_axi_mem_intercon_imp_auto_pc_0_axi_data_fifo_v2_1_36_fifo_gen/<hidden>/<hidden>/<hidden>/<hidden>/<hidden>/<hidden>
                            (rising edge-triggered cell FDPE clocked by clk_fpga_0  {rise@0.000ns fall@5.000ns period=10.000ns})
  Destination:            gru_bin_version_wrapper/gru_bin_version/gru_bin_version_axi_mem_intercon_0/s00_couplers_imp_1UT69KP/gru_bin_version_axi_mem_intercon_imp_auto_pc_0/gru_bin_version_axi_mem_intercon_imp_auto_pc_0_axi_protocol_converter_v2_1_37_axi_protocol_converter/gru_bin_version_axi_mem_intercon_imp_auto_pc_0_axi_protocol_converter_v2_1_37_axi3_conv/gru_bin_version_axi_mem_intercon_imp_auto_pc_0_axi_protocol_converter_v2_1_37_a_axi3_conv/gru_bin_version_axi_mem_intercon_imp_auto_pc_0_axi_data_fifo_v2_1_36_axic_fifo/gru_bin_version_axi_mem_intercon_imp_auto_pc_0_axi_data_fifo_v2_1_36_fifo_gen/<hidden>/<hidden>/<hidden>/<hidden>/<hidden>/<hidden>
                            (recovery check against rising-edge clock clk_fpga_0  {rise@0.000ns fall@5.000ns period=10.000ns})
  Path Group:             **async_default**
  Path Type:              Recovery (Max at Slow Process Corner)
  Requirement:            10.000ns  (clk_fpga_0 rise@10.000ns - clk_fpga_0 rise@0.000ns)
  Data Path Delay:        2.829ns  (logic 0.773ns (27.320%)  route 2.056ns (72.680%))
  Logic Levels:           1  (LUT3=1)
  Clock Path Skew:        -0.028ns (DCD - SCD + CPR)
    Destination Clock Delay (DCD):    2.653ns = ( 12.653 - 10.000 ) 
    Source Clock Delay      (SCD):    2.944ns
    Clock Pessimism Removal (CPR):    0.263ns
  Clock Uncertainty:      0.154ns  ((TSJ^2 + TIJ^2)^1/2 + DJ) / 2 + PE
    Total System Jitter     (TSJ):    0.071ns
    Total Input Jitter      (TIJ):    0.300ns
    Discrete Jitter          (DJ):    0.000ns
    Phase Error              (PE):    0.000ns

    Location             Delay type                Incr(ns)  Path(ns)    Netlist Resource(s)
  -------------------------------------------------------------------    -------------------
                         (clock clk_fpga_0 rise edge)
                                                      0.000     0.000 r  
    PS7_X0Y0             PS7                          0.000     0.000 r  gru_bin_version_i/processing_system7_0/inst/PS7_i/FCLKCLK[0]
                         net (fo=1, routed)           1.193     1.193    gru_bin_version_i/processing_system7_0/inst/FCLK_CLK_unbuffered[0]
    BUFGCTRL_X0Y16       BUFG (Prop_bufg_I_O)         0.101     1.294 r  gru_bin_version_i/processing_system7_0/inst/buffer_fclk_clk_0.FCLK_CLK_0_BUFG/O
                         net (fo=14567, routed)       1.650     2.944    gru_bin_version_wrapper/gru_bin_version/gru_bin_version_axi_mem_intercon_0/s00_couplers_imp_1UT69KP/gru_bin_version_axi_mem_intercon_imp_auto_pc_0/gru_bin_version_axi_mem_intercon_imp_auto_pc_0_axi_protocol_converter_v2_1_37_axi_protocol_converter/gru_bin_version_axi_mem_intercon_imp_auto_pc_0_axi_protocol_converter_v2_1_37_axi3_conv/gru_bin_version_axi_mem_intercon_imp_auto_pc_0_axi_protocol_converter_v2_1_37_a_axi3_conv/gru_bin_version_axi_mem_intercon_imp_auto_pc_0_axi_data_fifo_v2_1_36_axic_fifo/gru_bin_version_axi_mem_intercon_imp_auto_pc_0_axi_data_fifo_v2_1_36_fifo_gen/<hidden>/<hidden>/<hidden>/<hidden>/<hidden>/<hidden>
    SLICE_X36Y59         FDPE                                         r  gru_bin_version_wrapper/gru_bin_version/gru_bin_version_axi_mem_intercon_0/s00_couplers_imp_1UT69KP/gru_bin_version_axi_mem_intercon_imp_auto_pc_0/gru_bin_version_axi_mem_intercon_imp_auto_pc_0_axi_protocol_converter_v2_1_37_axi_protocol_converter/gru_bin_version_axi_mem_intercon_imp_auto_pc_0_axi_protocol_converter_v2_1_37_axi3_conv/gru_bin_version_axi_mem_intercon_imp_auto_pc_0_axi_protocol_converter_v2_1_37_a_axi3_conv/gru_bin_version_axi_mem_intercon_imp_auto_pc_0_axi_data_fifo_v2_1_36_axic_fifo/gru_bin_version_axi_mem_intercon_imp_auto_pc_0_axi_data_fifo_v2_1_36_fifo_gen/<hidden>/<hidden>/<hidden>/<hidden>/<hidden>/<hidden>
  -------------------------------------------------------------------    -------------------
    SLICE_X36Y59         FDPE (Prop_fdpe_C_Q)         0.478     3.422 f  gru_bin_version_wrapper/gru_bin_version/gru_bin_version_axi_mem_intercon_0/s00_couplers_imp_1UT69KP/gru_bin_version_axi_mem_intercon_imp_auto_pc_0/gru_bin_version_axi_mem_intercon_imp_auto_pc_0_axi_protocol_converter_v2_1_37_axi_protocol_converter/gru_bin_version_axi_mem_intercon_imp_auto_pc_0_axi_protocol_converter_v2_1_37_axi3_conv/gru_bin_version_axi_mem_intercon_imp_auto_pc_0_axi_protocol_converter_v2_1_37_a_axi3_conv/gru_bin_version_axi_mem_intercon_imp_auto_pc_0_axi_data_fifo_v2_1_36_axic_fifo/gru_bin_version_axi_mem_intercon_imp_auto_pc_0_axi_data_fifo_v2_1_36_fifo_gen/<hidden>/<hidden>/<hidden>/<hidden>/<hidden>/<hidden>
                         net (fo=2, routed)           0.825     4.247    gru_bin_version_wrapper/gru_bin_version/gru_bin_version_axi_mem_intercon_0/s00_couplers_imp_1UT69KP/gru_bin_version_axi_mem_intercon_imp_auto_pc_0/gru_bin_version_axi_mem_intercon_imp_auto_pc_0_axi_protocol_converter_v2_1_37_axi_protocol_converter/gru_bin_version_axi_mem_intercon_imp_auto_pc_0_axi_protocol_converter_v2_1_37_axi3_conv/gru_bin_version_axi_mem_intercon_imp_auto_pc_0_axi_protocol_converter_v2_1_37_a_axi3_conv/gru_bin_version_axi_mem_intercon_imp_auto_pc_0_axi_data_fifo_v2_1_36_axic_fifo/gru_bin_version_axi_mem_intercon_imp_auto_pc_0_axi_data_fifo_v2_1_36_fifo_gen/<hidden>/<hidden>/<hidden>/<hidden>/<hidden>
    SLICE_X37Y60         LUT3 (Prop_lut3_I2_O)        0.295     4.542 f  gru_bin_version_wrapper/gru_bin_version/gru_bin_version_axi_mem_intercon_0/s00_couplers_imp_1UT69KP/gru_bin_version_axi_mem_intercon_imp_auto_pc_0/gru_bin_version_axi_mem_intercon_imp_auto_pc_0_axi_protocol_converter_v2_1_37_axi_protocol_converter/gru_bin_version_axi_mem_intercon_imp_auto_pc_0_axi_protocol_converter_v2_1_37_axi3_conv/gru_bin_version_axi_mem_intercon_imp_auto_pc_0_axi_protocol_converter_v2_1_37_a_axi3_conv/gru_bin_version_axi_mem_intercon_imp_auto_pc_0_axi_data_fifo_v2_1_36_axic_fifo/gru_bin_version_axi_mem_intercon_imp_auto_pc_0_axi_data_fifo_v2_1_36_fifo_gen/<hidden>/<hidden>/<hidden>/<hidden>/<hidden>
                         net (fo=33, routed)          1.231     5.773    gru_bin_version_wrapper/gru_bin_version/gru_bin_version_axi_mem_intercon_0/s00_couplers_imp_1UT69KP/gru_bin_version_axi_mem_intercon_imp_auto_pc_0/gru_bin_version_axi_mem_intercon_imp_auto_pc_0_axi_protocol_converter_v2_1_37_axi_protocol_converter/gru_bin_version_axi_mem_intercon_imp_auto_pc_0_axi_protocol_converter_v2_1_37_axi3_conv/gru_bin_version_axi_mem_intercon_imp_auto_pc_0_axi_protocol_converter_v2_1_37_a_axi3_conv/gru_bin_version_axi_mem_intercon_imp_auto_pc_0_axi_data_fifo_v2_1_36_axic_fifo/gru_bin_version_axi_mem_intercon_imp_auto_pc_0_axi_data_fifo_v2_1_36_fifo_gen/<hidden>/<hidden>/<hidden>/<hidden>/<hidden>/<hidden>
    SLICE_X39Y63         FDCE                                         f  gru_bin_version_wrapper/gru_bin_version/gru_bin_version_axi_mem_intercon_0/s00_couplers_imp_1UT69KP/gru_bin_version_axi_mem_intercon_imp_auto_pc_0/gru_bin_version_axi_mem_intercon_imp_auto_pc_0_axi_protocol_converter_v2_1_37_axi_protocol_converter/gru_bin_version_axi_mem_intercon_imp_auto_pc_0_axi_protocol_converter_v2_1_37_axi3_conv/gru_bin_version_axi_mem_intercon_imp_auto_pc_0_axi_protocol_converter_v2_1_37_a_axi3_conv/gru_bin_version_axi_mem_intercon_imp_auto_pc_0_axi_data_fifo_v2_1_36_axic_fifo/gru_bin_version_axi_mem_intercon_imp_auto_pc_0_axi_data_fifo_v2_1_36_fifo_gen/<hidden>/<hidden>/<hidden>/<hidden>/<hidden>/<hidden>
  -------------------------------------------------------------------    -------------------

                         (clock clk_fpga_0 rise edge)
                                                     10.000    10.000 r  
    PS7_X0Y0             PS7                          0.000    10.000 r  gru_bin_version_i/processing_system7_0/inst/PS7_i/FCLKCLK[0]
                         net (fo=1, routed)           1.088    11.088    gru_bin_version_i/processing_system7_0/inst/FCLK_CLK_unbuffered[0]
    BUFGCTRL_X0Y16       BUFG (Prop_bufg_I_O)         0.091    11.179 r  gru_bin_version_i/processing_system7_0/inst/buffer_fclk_clk_0.FCLK_CLK_0_BUFG/O
                         net (fo=14567, routed)       1.474    12.653    gru_bin_version_wrapper/gru_bin_version/gru_bin_version_axi_mem_intercon_0/s00_couplers_imp_1UT69KP/gru_bin_version_axi_mem_intercon_imp_auto_pc_0/gru_bin_version_axi_mem_intercon_imp_auto_pc_0_axi_protocol_converter_v2_1_37_axi_protocol_converter/gru_bin_version_axi_mem_intercon_imp_auto_pc_0_axi_protocol_converter_v2_1_37_axi3_conv/gru_bin_version_axi_mem_intercon_imp_auto_pc_0_axi_protocol_converter_v2_1_37_a_axi3_conv/gru_bin_version_axi_mem_intercon_imp_auto_pc_0_axi_data_fifo_v2_1_36_axic_fifo/gru_bin_version_axi_mem_intercon_imp_auto_pc_0_axi_data_fifo_v2_1_36_fifo_gen/<hidden>/<hidden>/<hidden>/<hidden>/<hidden>/<hidden>
    SLICE_X39Y63         FDCE                                         r  gru_bin_version_wrapper/gru_bin_version/gru_bin_version_axi_mem_intercon_0/s00_couplers_imp_1UT69KP/gru_bin_version_axi_mem_intercon_imp_auto_pc_0/gru_bin_version_axi_mem_intercon_imp_auto_pc_0_axi_protocol_converter_v2_1_37_axi_protocol_converter/gru_bin_version_axi_mem_intercon_imp_auto_pc_0_axi_protocol_converter_v2_1_37_axi3_conv/gru_bin_version_axi_mem_intercon_imp_auto_pc_0_axi_protocol_converter_v2_1_37_a_axi3_conv/gru_bin_version_axi_mem_intercon_imp_auto_pc_0_axi_data_fifo_v2_1_36_axic_fifo/gru_bin_version_axi_mem_intercon_imp_auto_pc_0_axi_data_fifo_v2_1_36_fifo_gen/<hidden>/<hidden>/<hidden>/<hidden>/<hidden>/<hidden>
                         clock pessimism              0.263    12.916    
                         clock uncertainty           -0.154    12.762    
    SLICE_X39Y63         FDCE (Recov_fdce_C_CLR)     -0.405    12.357    gru_bin_version_wrapper/gru_bin_version/gru_bin_version_axi_mem_intercon_0/s00_couplers_imp_1UT69KP/gru_bin_version_axi_mem_intercon_imp_auto_pc_0/gru_bin_version_axi_mem_intercon_imp_auto_pc_0_axi_protocol_converter_v2_1_37_axi_protocol_converter/gru_bin_version_axi_mem_intercon_imp_auto_pc_0_axi_protocol_converter_v2_1_37_axi3_conv/gru_bin_version_axi_mem_intercon_imp_auto_pc_0_axi_protocol_converter_v2_1_37_a_axi3_conv/gru_bin_version_axi_mem_intercon_imp_auto_pc_0_axi_data_fifo_v2_1_36_axic_fifo/gru_bin_version_axi_mem_intercon_imp_auto_pc_0_axi_data_fifo_v2_1_36_fifo_gen/<hidden>/<hidden>/<hidden>/<hidden>/<hidden>/<hidden>
  -------------------------------------------------------------------
                         required time                         12.357    
                         arrival time                          -5.773    
  -------------------------------------------------------------------
                         slack                                  6.583    

Slack (MET) :             6.583ns  (required time - arrival time)
  Source:                 gru_bin_version_wrapper/gru_bin_version/gru_bin_version_axi_mem_intercon_0/s00_couplers_imp_1UT69KP/gru_bin_version_axi_mem_intercon_imp_auto_pc_0/gru_bin_version_axi_mem_intercon_imp_auto_pc_0_axi_protocol_converter_v2_1_37_axi_protocol_converter/gru_bin_version_axi_mem_intercon_imp_auto_pc_0_axi_protocol_converter_v2_1_37_axi3_conv/gru_bin_version_axi_mem_intercon_imp_auto_pc_0_axi_protocol_converter_v2_1_37_a_axi3_conv/gru_bin_version_axi_mem_intercon_imp_auto_pc_0_axi_data_fifo_v2_1_36_axic_fifo/gru_bin_version_axi_mem_intercon_imp_auto_pc_0_axi_data_fifo_v2_1_36_fifo_gen/<hidden>/<hidden>/<hidden>/<hidden>/<hidden>/<hidden>
                            (rising edge-triggered cell FDPE clocked by clk_fpga_0  {rise@0.000ns fall@5.000ns period=10.000ns})
  Destination:            gru_bin_version_wrapper/gru_bin_version/gru_bin_version_axi_mem_intercon_0/s00_couplers_imp_1UT69KP/gru_bin_version_axi_mem_intercon_imp_auto_pc_0/gru_bin_version_axi_mem_intercon_imp_auto_pc_0_axi_protocol_converter_v2_1_37_axi_protocol_converter/gru_bin_version_axi_mem_intercon_imp_auto_pc_0_axi_protocol_converter_v2_1_37_axi3_conv/gru_bin_version_axi_mem_intercon_imp_auto_pc_0_axi_protocol_converter_v2_1_37_a_axi3_conv/gru_bin_version_axi_mem_intercon_imp_auto_pc_0_axi_data_fifo_v2_1_36_axic_fifo/gru_bin_version_axi_mem_intercon_imp_auto_pc_0_axi_data_fifo_v2_1_36_fifo_gen/<hidden>/<hidden>/<hidden>/<hidden>/<hidden>/<hidden>
                            (recovery check against rising-edge clock clk_fpga_0  {rise@0.000ns fall@5.000ns period=10.000ns})
  Path Group:             **async_default**
  Path Type:              Recovery (Max at Slow Process Corner)
  Requirement:            10.000ns  (clk_fpga_0 rise@10.000ns - clk_fpga_0 rise@0.000ns)
  Data Path Delay:        2.829ns  (logic 0.773ns (27.320%)  route 2.056ns (72.680%))
  Logic Levels:           1  (LUT3=1)
  Clock Path Skew:        -0.028ns (DCD - SCD + CPR)
    Destination Clock Delay (DCD):    2.653ns = ( 12.653 - 10.000 ) 
    Source Clock Delay      (SCD):    2.944ns
    Clock Pessimism Removal (CPR):    0.263ns
  Clock Uncertainty:      0.154ns  ((TSJ^2 + TIJ^2)^1/2 + DJ) / 2 + PE
    Total System Jitter     (TSJ):    0.071ns
    Total Input Jitter      (TIJ):    0.300ns
    Discrete Jitter          (DJ):    0.000ns
    Phase Error              (PE):    0.000ns

    Location             Delay type                Incr(ns)  Path(ns)    Netlist Resource(s)
  -------------------------------------------------------------------    -------------------
                         (clock clk_fpga_0 rise edge)
                                                      0.000     0.000 r  
    PS7_X0Y0             PS7                          0.000     0.000 r  gru_bin_version_i/processing_system7_0/inst/PS7_i/FCLKCLK[0]
                         net (fo=1, routed)           1.193     1.193    gru_bin_version_i/processing_system7_0/inst/FCLK_CLK_unbuffered[0]
    BUFGCTRL_X0Y16       BUFG (Prop_bufg_I_O)         0.101     1.294 r  gru_bin_version_i/processing_system7_0/inst/buffer_fclk_clk_0.FCLK_CLK_0_BUFG/O
                         net (fo=14567, routed)       1.650     2.944    gru_bin_version_wrapper/gru_bin_version/gru_bin_version_axi_mem_intercon_0/s00_couplers_imp_1UT69KP/gru_bin_version_axi_mem_intercon_imp_auto_pc_0/gru_bin_version_axi_mem_intercon_imp_auto_pc_0_axi_protocol_converter_v2_1_37_axi_protocol_converter/gru_bin_version_axi_mem_intercon_imp_auto_pc_0_axi_protocol_converter_v2_1_37_axi3_conv/gru_bin_version_axi_mem_intercon_imp_auto_pc_0_axi_protocol_converter_v2_1_37_a_axi3_conv/gru_bin_version_axi_mem_intercon_imp_auto_pc_0_axi_data_fifo_v2_1_36_axic_fifo/gru_bin_version_axi_mem_intercon_imp_auto_pc_0_axi_data_fifo_v2_1_36_fifo_gen/<hidden>/<hidden>/<hidden>/<hidden>/<hidden>/<hidden>
    SLICE_X36Y59         FDPE                                         r  gru_bin_version_wrapper/gru_bin_version/gru_bin_version_axi_mem_intercon_0/s00_couplers_imp_1UT69KP/gru_bin_version_axi_mem_intercon_imp_auto_pc_0/gru_bin_version_axi_mem_intercon_imp_auto_pc_0_axi_protocol_converter_v2_1_37_axi_protocol_converter/gru_bin_version_axi_mem_intercon_imp_auto_pc_0_axi_protocol_converter_v2_1_37_axi3_conv/gru_bin_version_axi_mem_intercon_imp_auto_pc_0_axi_protocol_converter_v2_1_37_a_axi3_conv/gru_bin_version_axi_mem_intercon_imp_auto_pc_0_axi_data_fifo_v2_1_36_axic_fifo/gru_bin_version_axi_mem_intercon_imp_auto_pc_0_axi_data_fifo_v2_1_36_fifo_gen/<hidden>/<hidden>/<hidden>/<hidden>/<hidden>/<hidden>
  -------------------------------------------------------------------    -------------------
    SLICE_X36Y59         FDPE (Prop_fdpe_C_Q)         0.478     3.422 f  gru_bin_version_wrapper/gru_bin_version/gru_bin_version_axi_mem_intercon_0/s00_couplers_imp_1UT69KP/gru_bin_version_axi_mem_intercon_imp_auto_pc_0/gru_bin_version_axi_mem_intercon_imp_auto_pc_0_axi_protocol_converter_v2_1_37_axi_protocol_converter/gru_bin_version_axi_mem_intercon_imp_auto_pc_0_axi_protocol_converter_v2_1_37_axi3_conv/gru_bin_version_axi_mem_intercon_imp_auto_pc_0_axi_protocol_converter_v2_1_37_a_axi3_conv/gru_bin_version_axi_mem_intercon_imp_auto_pc_0_axi_data_fifo_v2_1_36_axic_fifo/gru_bin_version_axi_mem_intercon_imp_auto_pc_0_axi_data_fifo_v2_1_36_fifo_gen/<hidden>/<hidden>/<hidden>/<hidden>/<hidden>/<hidden>
                         net (fo=2, routed)           0.825     4.247    gru_bin_version_wrapper/gru_bin_version/gru_bin_version_axi_mem_intercon_0/s00_couplers_imp_1UT69KP/gru_bin_version_axi_mem_intercon_imp_auto_pc_0/gru_bin_version_axi_mem_intercon_imp_auto_pc_0_axi_protocol_converter_v2_1_37_axi_protocol_converter/gru_bin_version_axi_mem_intercon_imp_auto_pc_0_axi_protocol_converter_v2_1_37_axi3_conv/gru_bin_version_axi_mem_intercon_imp_auto_pc_0_axi_protocol_converter_v2_1_37_a_axi3_conv/gru_bin_version_axi_mem_intercon_imp_auto_pc_0_axi_data_fifo_v2_1_36_axic_fifo/gru_bin_version_axi_mem_intercon_imp_auto_pc_0_axi_data_fifo_v2_1_36_fifo_gen/<hidden>/<hidden>/<hidden>/<hidden>/<hidden>
    SLICE_X37Y60         LUT3 (Prop_lut3_I2_O)        0.295     4.542 f  gru_bin_version_wrapper/gru_bin_version/gru_bin_version_axi_mem_intercon_0/s00_couplers_imp_1UT69KP/gru_bin_version_axi_mem_intercon_imp_auto_pc_0/gru_bin_version_axi_mem_intercon_imp_auto_pc_0_axi_protocol_converter_v2_1_37_axi_protocol_converter/gru_bin_version_axi_mem_intercon_imp_auto_pc_0_axi_protocol_converter_v2_1_37_axi3_conv/gru_bin_version_axi_mem_intercon_imp_auto_pc_0_axi_protocol_converter_v2_1_37_a_axi3_conv/gru_bin_version_axi_mem_intercon_imp_auto_pc_0_axi_data_fifo_v2_1_36_axic_fifo/gru_bin_version_axi_mem_intercon_imp_auto_pc_0_axi_data_fifo_v2_1_36_fifo_gen/<hidden>/<hidden>/<hidden>/<hidden>/<hidden>
                         net (fo=33, routed)          1.231     5.773    gru_bin_version_wrapper/gru_bin_version/gru_bin_version_axi_mem_intercon_0/s00_couplers_imp_1UT69KP/gru_bin_version_axi_mem_intercon_imp_auto_pc_0/gru_bin_version_axi_mem_intercon_imp_auto_pc_0_axi_protocol_converter_v2_1_37_axi_protocol_converter/gru_bin_version_axi_mem_intercon_imp_auto_pc_0_axi_protocol_converter_v2_1_37_axi3_conv/gru_bin_version_axi_mem_intercon_imp_auto_pc_0_axi_protocol_converter_v2_1_37_a_axi3_conv/gru_bin_version_axi_mem_intercon_imp_auto_pc_0_axi_data_fifo_v2_1_36_axic_fifo/gru_bin_version_axi_mem_intercon_imp_auto_pc_0_axi_data_fifo_v2_1_36_fifo_gen/<hidden>/<hidden>/<hidden>/<hidden>/<hidden>/<hidden>
    SLICE_X39Y63         FDCE                                         f  gru_bin_version_wrapper/gru_bin_version/gru_bin_version_axi_mem_intercon_0/s00_couplers_imp_1UT69KP/gru_bin_version_axi_mem_intercon_imp_auto_pc_0/gru_bin_version_axi_mem_intercon_imp_auto_pc_0_axi_protocol_converter_v2_1_37_axi_protocol_converter/gru_bin_version_axi_mem_intercon_imp_auto_pc_0_axi_protocol_converter_v2_1_37_axi3_conv/gru_bin_version_axi_mem_intercon_imp_auto_pc_0_axi_protocol_converter_v2_1_37_a_axi3_conv/gru_bin_version_axi_mem_intercon_imp_auto_pc_0_axi_data_fifo_v2_1_36_axic_fifo/gru_bin_version_axi_mem_intercon_imp_auto_pc_0_axi_data_fifo_v2_1_36_fifo_gen/<hidden>/<hidden>/<hidden>/<hidden>/<hidden>/<hidden>
  -------------------------------------------------------------------    -------------------

                         (clock clk_fpga_0 rise edge)
                                                     10.000    10.000 r  
    PS7_X0Y0             PS7                          0.000    10.000 r  gru_bin_version_i/processing_system7_0/inst/PS7_i/FCLKCLK[0]
                         net (fo=1, routed)           1.088    11.088    gru_bin_version_i/processing_system7_0/inst/FCLK_CLK_unbuffered[0]
    BUFGCTRL_X0Y16       BUFG (Prop_bufg_I_O)         0.091    11.179 r  gru_bin_version_i/processing_system7_0/inst/buffer_fclk_clk_0.FCLK_CLK_0_BUFG/O
                         net (fo=14567, routed)       1.474    12.653    gru_bin_version_wrapper/gru_bin_version/gru_bin_version_axi_mem_intercon_0/s00_couplers_imp_1UT69KP/gru_bin_version_axi_mem_intercon_imp_auto_pc_0/gru_bin_version_axi_mem_intercon_imp_auto_pc_0_axi_protocol_converter_v2_1_37_axi_protocol_converter/gru_bin_version_axi_mem_intercon_imp_auto_pc_0_axi_protocol_converter_v2_1_37_axi3_conv/gru_bin_version_axi_mem_intercon_imp_auto_pc_0_axi_protocol_converter_v2_1_37_a_axi3_conv/gru_bin_version_axi_mem_intercon_imp_auto_pc_0_axi_data_fifo_v2_1_36_axic_fifo/gru_bin_version_axi_mem_intercon_imp_auto_pc_0_axi_data_fifo_v2_1_36_fifo_gen/<hidden>/<hidden>/<hidden>/<hidden>/<hidden>/<hidden>
    SLICE_X39Y63         FDCE                                         r  gru_bin_version_wrapper/gru_bin_version/gru_bin_version_axi_mem_intercon_0/s00_couplers_imp_1UT69KP/gru_bin_version_axi_mem_intercon_imp_auto_pc_0/gru_bin_version_axi_mem_intercon_imp_auto_pc_0_axi_protocol_converter_v2_1_37_axi_protocol_converter/gru_bin_version_axi_mem_intercon_imp_auto_pc_0_axi_protocol_converter_v2_1_37_axi3_conv/gru_bin_version_axi_mem_intercon_imp_auto_pc_0_axi_protocol_converter_v2_1_37_a_axi3_conv/gru_bin_version_axi_mem_intercon_imp_auto_pc_0_axi_data_fifo_v2_1_36_axic_fifo/gru_bin_version_axi_mem_intercon_imp_auto_pc_0_axi_data_fifo_v2_1_36_fifo_gen/<hidden>/<hidden>/<hidden>/<hidden>/<hidden>/<hidden>
                         clock pessimism              0.263    12.916    
                         clock uncertainty           -0.154    12.762    
    SLICE_X39Y63         FDCE (Recov_fdce_C_CLR)     -0.405    12.357    gru_bin_version_wrapper/gru_bin_version/gru_bin_version_axi_mem_intercon_0/s00_couplers_imp_1UT69KP/gru_bin_version_axi_mem_intercon_imp_auto_pc_0/gru_bin_version_axi_mem_intercon_imp_auto_pc_0_axi_protocol_converter_v2_1_37_axi_protocol_converter/gru_bin_version_axi_mem_intercon_imp_auto_pc_0_axi_protocol_converter_v2_1_37_axi3_conv/gru_bin_version_axi_mem_intercon_imp_auto_pc_0_axi_protocol_converter_v2_1_37_a_axi3_conv/gru_bin_version_axi_mem_intercon_imp_auto_pc_0_axi_data_fifo_v2_1_36_axic_fifo/gru_bin_version_axi_mem_intercon_imp_auto_pc_0_axi_data_fifo_v2_1_36_fifo_gen/<hidden>/<hidden>/<hidden>/<hidden>/<hidden>/<hidden>
  -------------------------------------------------------------------
                         required time                         12.357    
                         arrival time                          -5.773    
  -------------------------------------------------------------------
                         slack                                  6.583    

Slack (MET) :             6.629ns  (required time - arrival time)
  Source:                 gru_bin_version_wrapper/gru_bin_version/gru_bin_version_axi_mem_intercon_0/s00_couplers_imp_1UT69KP/gru_bin_version_axi_mem_intercon_imp_auto_pc_0/gru_bin_version_axi_mem_intercon_imp_auto_pc_0_axi_protocol_converter_v2_1_37_axi_protocol_converter/gru_bin_version_axi_mem_intercon_imp_auto_pc_0_axi_protocol_converter_v2_1_37_axi3_conv/gru_bin_version_axi_mem_intercon_imp_auto_pc_0_axi_protocol_converter_v2_1_37_a_axi3_conv/gru_bin_version_axi_mem_intercon_imp_auto_pc_0_axi_data_fifo_v2_1_36_axic_fifo/gru_bin_version_axi_mem_intercon_imp_auto_pc_0_axi_data_fifo_v2_1_36_fifo_gen/<hidden>/<hidden>/<hidden>/<hidden>/<hidden>/<hidden>
                            (rising edge-triggered cell FDPE clocked by clk_fpga_0  {rise@0.000ns fall@5.000ns period=10.000ns})
  Destination:            gru_bin_version_wrapper/gru_bin_version/gru_bin_version_axi_mem_intercon_0/s00_couplers_imp_1UT69KP/gru_bin_version_axi_mem_intercon_imp_auto_pc_0/gru_bin_version_axi_mem_intercon_imp_auto_pc_0_axi_protocol_converter_v2_1_37_axi_protocol_converter/gru_bin_version_axi_mem_intercon_imp_auto_pc_0_axi_protocol_converter_v2_1_37_axi3_conv/gru_bin_version_axi_mem_intercon_imp_auto_pc_0_axi_protocol_converter_v2_1_37_a_axi3_conv/gru_bin_version_axi_mem_intercon_imp_auto_pc_0_axi_data_fifo_v2_1_36_axic_fifo/gru_bin_version_axi_mem_intercon_imp_auto_pc_0_axi_data_fifo_v2_1_36_fifo_gen/<hidden>/<hidden>/<hidden>/<hidden>/<hidden>/<hidden>
                            (recovery check against rising-edge clock clk_fpga_0  {rise@0.000ns fall@5.000ns period=10.000ns})
  Path Group:             **async_default**
  Path Type:              Recovery (Max at Slow Process Corner)
  Requirement:            10.000ns  (clk_fpga_0 rise@10.000ns - clk_fpga_0 rise@0.000ns)
  Data Path Delay:        2.829ns  (logic 0.773ns (27.320%)  route 2.056ns (72.680%))
  Logic Levels:           1  (LUT3=1)
  Clock Path Skew:        -0.028ns (DCD - SCD + CPR)
    Destination Clock Delay (DCD):    2.653ns = ( 12.653 - 10.000 ) 
    Source Clock Delay      (SCD):    2.944ns
    Clock Pessimism Removal (CPR):    0.263ns
  Clock Uncertainty:      0.154ns  ((TSJ^2 + TIJ^2)^1/2 + DJ) / 2 + PE
    Total System Jitter     (TSJ):    0.071ns
    Total Input Jitter      (TIJ):    0.300ns
    Discrete Jitter          (DJ):    0.000ns
    Phase Error              (PE):    0.000ns

    Location             Delay type                Incr(ns)  Path(ns)    Netlist Resource(s)
  -------------------------------------------------------------------    -------------------
                         (clock clk_fpga_0 rise edge)
                                                      0.000     0.000 r  
    PS7_X0Y0             PS7                          0.000     0.000 r  gru_bin_version_i/processing_system7_0/inst/PS7_i/FCLKCLK[0]
                         net (fo=1, routed)           1.193     1.193    gru_bin_version_i/processing_system7_0/inst/FCLK_CLK_unbuffered[0]
    BUFGCTRL_X0Y16       BUFG (Prop_bufg_I_O)         0.101     1.294 r  gru_bin_version_i/processing_system7_0/inst/buffer_fclk_clk_0.FCLK_CLK_0_BUFG/O
                         net (fo=14567, routed)       1.650     2.944    gru_bin_version_wrapper/gru_bin_version/gru_bin_version_axi_mem_intercon_0/s00_couplers_imp_1UT69KP/gru_bin_version_axi_mem_intercon_imp_auto_pc_0/gru_bin_version_axi_mem_intercon_imp_auto_pc_0_axi_protocol_converter_v2_1_37_axi_protocol_converter/gru_bin_version_axi_mem_intercon_imp_auto_pc_0_axi_protocol_converter_v2_1_37_axi3_conv/gru_bin_version_axi_mem_intercon_imp_auto_pc_0_axi_protocol_converter_v2_1_37_a_axi3_conv/gru_bin_version_axi_mem_intercon_imp_auto_pc_0_axi_data_fifo_v2_1_36_axic_fifo/gru_bin_version_axi_mem_intercon_imp_auto_pc_0_axi_data_fifo_v2_1_36_fifo_gen/<hidden>/<hidden>/<hidden>/<hidden>/<hidden>/<hidden>
    SLICE_X36Y59         FDPE                                         r  gru_bin_version_wrapper/gru_bin_version/gru_bin_version_axi_mem_intercon_0/s00_couplers_imp_1UT69KP/gru_bin_version_axi_mem_intercon_imp_auto_pc_0/gru_bin_version_axi_mem_intercon_imp_auto_pc_0_axi_protocol_converter_v2_1_37_axi_protocol_converter/gru_bin_version_axi_mem_intercon_imp_auto_pc_0_axi_protocol_converter_v2_1_37_axi3_conv/gru_bin_version_axi_mem_intercon_imp_auto_pc_0_axi_protocol_converter_v2_1_37_a_axi3_conv/gru_bin_version_axi_mem_intercon_imp_auto_pc_0_axi_data_fifo_v2_1_36_axic_fifo/gru_bin_version_axi_mem_intercon_imp_auto_pc_0_axi_data_fifo_v2_1_36_fifo_gen/<hidden>/<hidden>/<hidden>/<hidden>/<hidden>/<hidden>
  -------------------------------------------------------------------    -------------------
    SLICE_X36Y59         FDPE (Prop_fdpe_C_Q)         0.478     3.422 f  gru_bin_version_wrapper/gru_bin_version/gru_bin_version_axi_mem_intercon_0/s00_couplers_imp_1UT69KP/gru_bin_version_axi_mem_intercon_imp_auto_pc_0/gru_bin_version_axi_mem_intercon_imp_auto_pc_0_axi_protocol_converter_v2_1_37_axi_protocol_converter/gru_bin_version_axi_mem_intercon_imp_auto_pc_0_axi_protocol_converter_v2_1_37_axi3_conv/gru_bin_version_axi_mem_intercon_imp_auto_pc_0_axi_protocol_converter_v2_1_37_a_axi3_conv/gru_bin_version_axi_mem_intercon_imp_auto_pc_0_axi_data_fifo_v2_1_36_axic_fifo/gru_bin_version_axi_mem_intercon_imp_auto_pc_0_axi_data_fifo_v2_1_36_fifo_gen/<hidden>/<hidden>/<hidden>/<hidden>/<hidden>/<hidden>
                         net (fo=2, routed)           0.825     4.247    gru_bin_version_wrapper/gru_bin_version/gru_bin_version_axi_mem_intercon_0/s00_couplers_imp_1UT69KP/gru_bin_version_axi_mem_intercon_imp_auto_pc_0/gru_bin_version_axi_mem_intercon_imp_auto_pc_0_axi_protocol_converter_v2_1_37_axi_protocol_converter/gru_bin_version_axi_mem_intercon_imp_auto_pc_0_axi_protocol_converter_v2_1_37_axi3_conv/gru_bin_version_axi_mem_intercon_imp_auto_pc_0_axi_protocol_converter_v2_1_37_a_axi3_conv/gru_bin_version_axi_mem_intercon_imp_auto_pc_0_axi_data_fifo_v2_1_36_axic_fifo/gru_bin_version_axi_mem_intercon_imp_auto_pc_0_axi_data_fifo_v2_1_36_fifo_gen/<hidden>/<hidden>/<hidden>/<hidden>/<hidden>
    SLICE_X37Y60         LUT3 (Prop_lut3_I2_O)        0.295     4.542 f  gru_bin_version_wrapper/gru_bin_version/gru_bin_version_axi_mem_intercon_0/s00_couplers_imp_1UT69KP/gru_bin_version_axi_mem_intercon_imp_auto_pc_0/gru_bin_version_axi_mem_intercon_imp_auto_pc_0_axi_protocol_converter_v2_1_37_axi_protocol_converter/gru_bin_version_axi_mem_intercon_imp_auto_pc_0_axi_protocol_converter_v2_1_37_axi3_conv/gru_bin_version_axi_mem_intercon_imp_auto_pc_0_axi_protocol_converter_v2_1_37_a_axi3_conv/gru_bin_version_axi_mem_intercon_imp_auto_pc_0_axi_data_fifo_v2_1_36_axic_fifo/gru_bin_version_axi_mem_intercon_imp_auto_pc_0_axi_data_fifo_v2_1_36_fifo_gen/<hidden>/<hidden>/<hidden>/<hidden>/<hidden>
                         net (fo=33, routed)          1.231     5.773    gru_bin_version_wrapper/gru_bin_version/gru_bin_version_axi_mem_intercon_0/s00_couplers_imp_1UT69KP/gru_bin_version_axi_mem_intercon_imp_auto_pc_0/gru_bin_version_axi_mem_intercon_imp_auto_pc_0_axi_protocol_converter_v2_1_37_axi_protocol_converter/gru_bin_version_axi_mem_intercon_imp_auto_pc_0_axi_protocol_converter_v2_1_37_axi3_conv/gru_bin_version_axi_mem_intercon_imp_auto_pc_0_axi_protocol_converter_v2_1_37_a_axi3_conv/gru_bin_version_axi_mem_intercon_imp_auto_pc_0_axi_data_fifo_v2_1_36_axic_fifo/gru_bin_version_axi_mem_intercon_imp_auto_pc_0_axi_data_fifo_v2_1_36_fifo_gen/<hidden>/<hidden>/<hidden>/<hidden>/<hidden>/<hidden>
    SLICE_X39Y63         FDPE                                         f  gru_bin_version_wrapper/gru_bin_version/gru_bin_version_axi_mem_intercon_0/s00_couplers_imp_1UT69KP/gru_bin_version_axi_mem_intercon_imp_auto_pc_0/gru_bin_version_axi_mem_intercon_imp_auto_pc_0_axi_protocol_converter_v2_1_37_axi_protocol_converter/gru_bin_version_axi_mem_intercon_imp_auto_pc_0_axi_protocol_converter_v2_1_37_axi3_conv/gru_bin_version_axi_mem_intercon_imp_auto_pc_0_axi_protocol_converter_v2_1_37_a_axi3_conv/gru_bin_version_axi_mem_intercon_imp_auto_pc_0_axi_data_fifo_v2_1_36_axic_fifo/gru_bin_version_axi_mem_intercon_imp_auto_pc_0_axi_data_fifo_v2_1_36_fifo_gen/<hidden>/<hidden>/<hidden>/<hidden>/<hidden>/<hidden>
  -------------------------------------------------------------------    -------------------

                         (clock clk_fpga_0 rise edge)
                                                     10.000    10.000 r  
    PS7_X0Y0             PS7                          0.000    10.000 r  gru_bin_version_i/processing_system7_0/inst/PS7_i/FCLKCLK[0]
                         net (fo=1, routed)           1.088    11.088    gru_bin_version_i/processing_system7_0/inst/FCLK_CLK_unbuffered[0]
    BUFGCTRL_X0Y16       BUFG (Prop_bufg_I_O)         0.091    11.179 r  gru_bin_version_i/processing_system7_0/inst/buffer_fclk_clk_0.FCLK_CLK_0_BUFG/O
                         net (fo=14567, routed)       1.474    12.653    gru_bin_version_wrapper/gru_bin_version/gru_bin_version_axi_mem_intercon_0/s00_couplers_imp_1UT69KP/gru_bin_version_axi_mem_intercon_imp_auto_pc_0/gru_bin_version_axi_mem_intercon_imp_auto_pc_0_axi_protocol_converter_v2_1_37_axi_protocol_converter/gru_bin_version_axi_mem_intercon_imp_auto_pc_0_axi_protocol_converter_v2_1_37_axi3_conv/gru_bin_version_axi_mem_intercon_imp_auto_pc_0_axi_protocol_converter_v2_1_37_a_axi3_conv/gru_bin_version_axi_mem_intercon_imp_auto_pc_0_axi_data_fifo_v2_1_36_axic_fifo/gru_bin_version_axi_mem_intercon_imp_auto_pc_0_axi_data_fifo_v2_1_36_fifo_gen/<hidden>/<hidden>/<hidden>/<hidden>/<hidden>/<hidden>
    SLICE_X39Y63         FDPE                                         r  gru_bin_version_wrapper/gru_bin_version/gru_bin_version_axi_mem_intercon_0/s00_couplers_imp_1UT69KP/gru_bin_version_axi_mem_intercon_imp_auto_pc_0/gru_bin_version_axi_mem_intercon_imp_auto_pc_0_axi_protocol_converter_v2_1_37_axi_protocol_converter/gru_bin_version_axi_mem_intercon_imp_auto_pc_0_axi_protocol_converter_v2_1_37_axi3_conv/gru_bin_version_axi_mem_intercon_imp_auto_pc_0_axi_protocol_converter_v2_1_37_a_axi3_conv/gru_bin_version_axi_mem_intercon_imp_auto_pc_0_axi_data_fifo_v2_1_36_axic_fifo/gru_bin_version_axi_mem_intercon_imp_auto_pc_0_axi_data_fifo_v2_1_36_fifo_gen/<hidden>/<hidden>/<hidden>/<hidden>/<hidden>/<hidden>
                         clock pessimism              0.263    12.916    
                         clock uncertainty           -0.154    12.762    
    SLICE_X39Y63         FDPE (Recov_fdpe_C_PRE)     -0.359    12.403    gru_bin_version_wrapper/gru_bin_version/gru_bin_version_axi_mem_intercon_0/s00_couplers_imp_1UT69KP/gru_bin_version_axi_mem_intercon_imp_auto_pc_0/gru_bin_version_axi_mem_intercon_imp_auto_pc_0_axi_protocol_converter_v2_1_37_axi_protocol_converter/gru_bin_version_axi_mem_intercon_imp_auto_pc_0_axi_protocol_converter_v2_1_37_axi3_conv/gru_bin_version_axi_mem_intercon_imp_auto_pc_0_axi_protocol_converter_v2_1_37_a_axi3_conv/gru_bin_version_axi_mem_intercon_imp_auto_pc_0_axi_data_fifo_v2_1_36_axic_fifo/gru_bin_version_axi_mem_intercon_imp_auto_pc_0_axi_data_fifo_v2_1_36_fifo_gen/<hidden>/<hidden>/<hidden>/<hidden>/<hidden>/<hidden>
  -------------------------------------------------------------------
                         required time                         12.403    
                         arrival time                          -5.773    
  -------------------------------------------------------------------
                         slack                                  6.629    

Slack (MET) :             6.832ns  (required time - arrival time)
  Source:                 gru_bin_version_wrapper/gru_bin_version/gru_bin_version_axi_mem_intercon_0/s00_couplers_imp_1UT69KP/gru_bin_version_axi_mem_intercon_imp_auto_pc_0/gru_bin_version_axi_mem_intercon_imp_auto_pc_0_axi_protocol_converter_v2_1_37_axi_protocol_converter/gru_bin_version_axi_mem_intercon_imp_auto_pc_0_axi_protocol_converter_v2_1_37_axi3_conv/gru_bin_version_axi_mem_intercon_imp_auto_pc_0_axi_protocol_converter_v2_1_37_a_axi3_conv/gru_bin_version_axi_mem_intercon_imp_auto_pc_0_axi_data_fifo_v2_1_36_axic_fifo/gru_bin_version_axi_mem_intercon_imp_auto_pc_0_axi_data_fifo_v2_1_36_fifo_gen/<hidden>/<hidden>/<hidden>/<hidden>/<hidden>/<hidden>
                            (rising edge-triggered cell FDPE clocked by clk_fpga_0  {rise@0.000ns fall@5.000ns period=10.000ns})
  Destination:            gru_bin_version_wrapper/gru_bin_version/gru_bin_version_axi_mem_intercon_0/s00_couplers_imp_1UT69KP/gru_bin_version_axi_mem_intercon_imp_auto_pc_0/gru_bin_version_axi_mem_intercon_imp_auto_pc_0_axi_protocol_converter_v2_1_37_axi_protocol_converter/gru_bin_version_axi_mem_intercon_imp_auto_pc_0_axi_protocol_converter_v2_1_37_axi3_conv/gru_bin_version_axi_mem_intercon_imp_auto_pc_0_axi_protocol_converter_v2_1_37_a_axi3_conv/gru_bin_version_axi_mem_intercon_imp_auto_pc_0_axi_data_fifo_v2_1_36_axic_fifo/gru_bin_version_axi_mem_intercon_imp_auto_pc_0_axi_data_fifo_v2_1_36_fifo_gen/<hidden>/<hidden>/<hidden>/<hidden>/<hidden>/<hidden>
                            (recovery check against rising-edge clock clk_fpga_0  {rise@0.000ns fall@5.000ns period=10.000ns})
  Path Group:             **async_default**
  Path Type:              Recovery (Max at Slow Process Corner)
  Requirement:            10.000ns  (clk_fpga_0 rise@10.000ns - clk_fpga_0 rise@0.000ns)
  Data Path Delay:        2.548ns  (logic 0.773ns (30.335%)  route 1.775ns (69.665%))
  Logic Levels:           1  (LUT3=1)
  Clock Path Skew:        -0.061ns (DCD - SCD + CPR)
    Destination Clock Delay (DCD):    2.654ns = ( 12.654 - 10.000 ) 
    Source Clock Delay      (SCD):    2.944ns
    Clock Pessimism Removal (CPR):    0.229ns
  Clock Uncertainty:      0.154ns  ((TSJ^2 + TIJ^2)^1/2 + DJ) / 2 + PE
    Total System Jitter     (TSJ):    0.071ns
    Total Input Jitter      (TIJ):    0.300ns
    Discrete Jitter          (DJ):    0.000ns
    Phase Error              (PE):    0.000ns

    Location             Delay type                Incr(ns)  Path(ns)    Netlist Resource(s)
  -------------------------------------------------------------------    -------------------
                         (clock clk_fpga_0 rise edge)
                                                      0.000     0.000 r  
    PS7_X0Y0             PS7                          0.000     0.000 r  gru_bin_version_i/processing_system7_0/inst/PS7_i/FCLKCLK[0]
                         net (fo=1, routed)           1.193     1.193    gru_bin_version_i/processing_system7_0/inst/FCLK_CLK_unbuffered[0]
    BUFGCTRL_X0Y16       BUFG (Prop_bufg_I_O)         0.101     1.294 r  gru_bin_version_i/processing_system7_0/inst/buffer_fclk_clk_0.FCLK_CLK_0_BUFG/O
                         net (fo=14567, routed)       1.650     2.944    gru_bin_version_wrapper/gru_bin_version/gru_bin_version_axi_mem_intercon_0/s00_couplers_imp_1UT69KP/gru_bin_version_axi_mem_intercon_imp_auto_pc_0/gru_bin_version_axi_mem_intercon_imp_auto_pc_0_axi_protocol_converter_v2_1_37_axi_protocol_converter/gru_bin_version_axi_mem_intercon_imp_auto_pc_0_axi_protocol_converter_v2_1_37_axi3_conv/gru_bin_version_axi_mem_intercon_imp_auto_pc_0_axi_protocol_converter_v2_1_37_a_axi3_conv/gru_bin_version_axi_mem_intercon_imp_auto_pc_0_axi_data_fifo_v2_1_36_axic_fifo/gru_bin_version_axi_mem_intercon_imp_auto_pc_0_axi_data_fifo_v2_1_36_fifo_gen/<hidden>/<hidden>/<hidden>/<hidden>/<hidden>/<hidden>
    SLICE_X36Y59         FDPE                                         r  gru_bin_version_wrapper/gru_bin_version/gru_bin_version_axi_mem_intercon_0/s00_couplers_imp_1UT69KP/gru_bin_version_axi_mem_intercon_imp_auto_pc_0/gru_bin_version_axi_mem_intercon_imp_auto_pc_0_axi_protocol_converter_v2_1_37_axi_protocol_converter/gru_bin_version_axi_mem_intercon_imp_auto_pc_0_axi_protocol_converter_v2_1_37_axi3_conv/gru_bin_version_axi_mem_intercon_imp_auto_pc_0_axi_protocol_converter_v2_1_37_a_axi3_conv/gru_bin_version_axi_mem_intercon_imp_auto_pc_0_axi_data_fifo_v2_1_36_axic_fifo/gru_bin_version_axi_mem_intercon_imp_auto_pc_0_axi_data_fifo_v2_1_36_fifo_gen/<hidden>/<hidden>/<hidden>/<hidden>/<hidden>/<hidden>
  -------------------------------------------------------------------    -------------------
    SLICE_X36Y59         FDPE (Prop_fdpe_C_Q)         0.478     3.422 f  gru_bin_version_wrapper/gru_bin_version/gru_bin_version_axi_mem_intercon_0/s00_couplers_imp_1UT69KP/gru_bin_version_axi_mem_intercon_imp_auto_pc_0/gru_bin_version_axi_mem_intercon_imp_auto_pc_0_axi_protocol_converter_v2_1_37_axi_protocol_converter/gru_bin_version_axi_mem_intercon_imp_auto_pc_0_axi_protocol_converter_v2_1_37_axi3_conv/gru_bin_version_axi_mem_intercon_imp_auto_pc_0_axi_protocol_converter_v2_1_37_a_axi3_conv/gru_bin_version_axi_mem_intercon_imp_auto_pc_0_axi_data_fifo_v2_1_36_axic_fifo/gru_bin_version_axi_mem_intercon_imp_auto_pc_0_axi_data_fifo_v2_1_36_fifo_gen/<hidden>/<hidden>/<hidden>/<hidden>/<hidden>/<hidden>
                         net (fo=2, routed)           0.825     4.247    gru_bin_version_wrapper/gru_bin_version/gru_bin_version_axi_mem_intercon_0/s00_couplers_imp_1UT69KP/gru_bin_version_axi_mem_intercon_imp_auto_pc_0/gru_bin_version_axi_mem_intercon_imp_auto_pc_0_axi_protocol_converter_v2_1_37_axi_protocol_converter/gru_bin_version_axi_mem_intercon_imp_auto_pc_0_axi_protocol_converter_v2_1_37_axi3_conv/gru_bin_version_axi_mem_intercon_imp_auto_pc_0_axi_protocol_converter_v2_1_37_a_axi3_conv/gru_bin_version_axi_mem_intercon_imp_auto_pc_0_axi_data_fifo_v2_1_36_axic_fifo/gru_bin_version_axi_mem_intercon_imp_auto_pc_0_axi_data_fifo_v2_1_36_fifo_gen/<hidden>/<hidden>/<hidden>/<hidden>/<hidden>
    SLICE_X37Y60         LUT3 (Prop_lut3_I2_O)        0.295     4.542 f  gru_bin_version_wrapper/gru_bin_version/gru_bin_version_axi_mem_intercon_0/s00_couplers_imp_1UT69KP/gru_bin_version_axi_mem_intercon_imp_auto_pc_0/gru_bin_version_axi_mem_intercon_imp_auto_pc_0_axi_protocol_converter_v2_1_37_axi_protocol_converter/gru_bin_version_axi_mem_intercon_imp_auto_pc_0_axi_protocol_converter_v2_1_37_axi3_conv/gru_bin_version_axi_mem_intercon_imp_auto_pc_0_axi_protocol_converter_v2_1_37_a_axi3_conv/gru_bin_version_axi_mem_intercon_imp_auto_pc_0_axi_data_fifo_v2_1_36_axic_fifo/gru_bin_version_axi_mem_intercon_imp_auto_pc_0_axi_data_fifo_v2_1_36_fifo_gen/<hidden>/<hidden>/<hidden>/<hidden>/<hidden>
                         net (fo=33, routed)          0.950     5.492    gru_bin_version_wrapper/gru_bin_version/gru_bin_version_axi_mem_intercon_0/s00_couplers_imp_1UT69KP/gru_bin_version_axi_mem_intercon_imp_auto_pc_0/gru_bin_version_axi_mem_intercon_imp_auto_pc_0_axi_protocol_converter_v2_1_37_axi_protocol_converter/gru_bin_version_axi_mem_intercon_imp_auto_pc_0_axi_protocol_converter_v2_1_37_axi3_conv/gru_bin_version_axi_mem_intercon_imp_auto_pc_0_axi_protocol_converter_v2_1_37_a_axi3_conv/gru_bin_version_axi_mem_intercon_imp_auto_pc_0_axi_data_fifo_v2_1_36_axic_fifo/gru_bin_version_axi_mem_intercon_imp_auto_pc_0_axi_data_fifo_v2_1_36_fifo_gen/<hidden>/<hidden>/<hidden>/<hidden>/<hidden>/<hidden>
    SLICE_X40Y62         FDCE                                         f  gru_bin_version_wrapper/gru_bin_version/gru_bin_version_axi_mem_intercon_0/s00_couplers_imp_1UT69KP/gru_bin_version_axi_mem_intercon_imp_auto_pc_0/gru_bin_version_axi_mem_intercon_imp_auto_pc_0_axi_protocol_converter_v2_1_37_axi_protocol_converter/gru_bin_version_axi_mem_intercon_imp_auto_pc_0_axi_protocol_converter_v2_1_37_axi3_conv/gru_bin_version_axi_mem_intercon_imp_auto_pc_0_axi_protocol_converter_v2_1_37_a_axi3_conv/gru_bin_version_axi_mem_intercon_imp_auto_pc_0_axi_data_fifo_v2_1_36_axic_fifo/gru_bin_version_axi_mem_intercon_imp_auto_pc_0_axi_data_fifo_v2_1_36_fifo_gen/<hidden>/<hidden>/<hidden>/<hidden>/<hidden>/<hidden>
  -------------------------------------------------------------------    -------------------

                         (clock clk_fpga_0 rise edge)
                                                     10.000    10.000 r  
    PS7_X0Y0             PS7                          0.000    10.000 r  gru_bin_version_i/processing_system7_0/inst/PS7_i/FCLKCLK[0]
                         net (fo=1, routed)           1.088    11.088    gru_bin_version_i/processing_system7_0/inst/FCLK_CLK_unbuffered[0]
    BUFGCTRL_X0Y16       BUFG (Prop_bufg_I_O)         0.091    11.179 r  gru_bin_version_i/processing_system7_0/inst/buffer_fclk_clk_0.FCLK_CLK_0_BUFG/O
                         net (fo=14567, routed)       1.475    12.654    gru_bin_version_wrapper/gru_bin_version/gru_bin_version_axi_mem_intercon_0/s00_couplers_imp_1UT69KP/gru_bin_version_axi_mem_intercon_imp_auto_pc_0/gru_bin_version_axi_mem_intercon_imp_auto_pc_0_axi_protocol_converter_v2_1_37_axi_protocol_converter/gru_bin_version_axi_mem_intercon_imp_auto_pc_0_axi_protocol_converter_v2_1_37_axi3_conv/gru_bin_version_axi_mem_intercon_imp_auto_pc_0_axi_protocol_converter_v2_1_37_a_axi3_conv/gru_bin_version_axi_mem_intercon_imp_auto_pc_0_axi_data_fifo_v2_1_36_axic_fifo/gru_bin_version_axi_mem_intercon_imp_auto_pc_0_axi_data_fifo_v2_1_36_fifo_gen/<hidden>/<hidden>/<hidden>/<hidden>/<hidden>/<hidden>
    SLICE_X40Y62         FDCE                                         r  gru_bin_version_wrapper/gru_bin_version/gru_bin_version_axi_mem_intercon_0/s00_couplers_imp_1UT69KP/gru_bin_version_axi_mem_intercon_imp_auto_pc_0/gru_bin_version_axi_mem_intercon_imp_auto_pc_0_axi_protocol_converter_v2_1_37_axi_protocol_converter/gru_bin_version_axi_mem_intercon_imp_auto_pc_0_axi_protocol_converter_v2_1_37_axi3_conv/gru_bin_version_axi_mem_intercon_imp_auto_pc_0_axi_protocol_converter_v2_1_37_a_axi3_conv/gru_bin_version_axi_mem_intercon_imp_auto_pc_0_axi_data_fifo_v2_1_36_axic_fifo/gru_bin_version_axi_mem_intercon_imp_auto_pc_0_axi_data_fifo_v2_1_36_fifo_gen/<hidden>/<hidden>/<hidden>/<hidden>/<hidden>/<hidden>
                         clock pessimism              0.229    12.883    
                         clock uncertainty           -0.154    12.729    
    SLICE_X40Y62         FDCE (Recov_fdce_C_CLR)     -0.405    12.324    gru_bin_version_wrapper/gru_bin_version/gru_bin_version_axi_mem_intercon_0/s00_couplers_imp_1UT69KP/gru_bin_version_axi_mem_intercon_imp_auto_pc_0/gru_bin_version_axi_mem_intercon_imp_auto_pc_0_axi_protocol_converter_v2_1_37_axi_protocol_converter/gru_bin_version_axi_mem_intercon_imp_auto_pc_0_axi_protocol_converter_v2_1_37_axi3_conv/gru_bin_version_axi_mem_intercon_imp_auto_pc_0_axi_protocol_converter_v2_1_37_a_axi3_conv/gru_bin_version_axi_mem_intercon_imp_auto_pc_0_axi_data_fifo_v2_1_36_axic_fifo/gru_bin_version_axi_mem_intercon_imp_auto_pc_0_axi_data_fifo_v2_1_36_fifo_gen/<hidden>/<hidden>/<hidden>/<hidden>/<hidden>/<hidden>
  -------------------------------------------------------------------
                         required time                         12.324    
                         arrival time                          -5.492    
  -------------------------------------------------------------------
                         slack                                  6.832    

Slack (MET) :             6.832ns  (required time - arrival time)
  Source:                 gru_bin_version_wrapper/gru_bin_version/gru_bin_version_axi_mem_intercon_0/s00_couplers_imp_1UT69KP/gru_bin_version_axi_mem_intercon_imp_auto_pc_0/gru_bin_version_axi_mem_intercon_imp_auto_pc_0_axi_protocol_converter_v2_1_37_axi_protocol_converter/gru_bin_version_axi_mem_intercon_imp_auto_pc_0_axi_protocol_converter_v2_1_37_axi3_conv/gru_bin_version_axi_mem_intercon_imp_auto_pc_0_axi_protocol_converter_v2_1_37_a_axi3_conv/gru_bin_version_axi_mem_intercon_imp_auto_pc_0_axi_data_fifo_v2_1_36_axic_fifo/gru_bin_version_axi_mem_intercon_imp_auto_pc_0_axi_data_fifo_v2_1_36_fifo_gen/<hidden>/<hidden>/<hidden>/<hidden>/<hidden>/<hidden>
                            (rising edge-triggered cell FDPE clocked by clk_fpga_0  {rise@0.000ns fall@5.000ns period=10.000ns})
  Destination:            gru_bin_version_wrapper/gru_bin_version/gru_bin_version_axi_mem_intercon_0/s00_couplers_imp_1UT69KP/gru_bin_version_axi_mem_intercon_imp_auto_pc_0/gru_bin_version_axi_mem_intercon_imp_auto_pc_0_axi_protocol_converter_v2_1_37_axi_protocol_converter/gru_bin_version_axi_mem_intercon_imp_auto_pc_0_axi_protocol_converter_v2_1_37_axi3_conv/gru_bin_version_axi_mem_intercon_imp_auto_pc_0_axi_protocol_converter_v2_1_37_a_axi3_conv/gru_bin_version_axi_mem_intercon_imp_auto_pc_0_axi_data_fifo_v2_1_36_axic_fifo/gru_bin_version_axi_mem_intercon_imp_auto_pc_0_axi_data_fifo_v2_1_36_fifo_gen/<hidden>/<hidden>/<hidden>/<hidden>/<hidden>/<hidden>
                            (recovery check against rising-edge clock clk_fpga_0  {rise@0.000ns fall@5.000ns period=10.000ns})
  Path Group:             **async_default**
  Path Type:              Recovery (Max at Slow Process Corner)
  Requirement:            10.000ns  (clk_fpga_0 rise@10.000ns - clk_fpga_0 rise@0.000ns)
  Data Path Delay:        2.548ns  (logic 0.773ns (30.335%)  route 1.775ns (69.665%))
  Logic Levels:           1  (LUT3=1)
  Clock Path Skew:        -0.061ns (DCD - SCD + CPR)
    Destination Clock Delay (DCD):    2.654ns = ( 12.654 - 10.000 ) 
    Source Clock Delay      (SCD):    2.944ns
    Clock Pessimism Removal (CPR):    0.229ns
  Clock Uncertainty:      0.154ns  ((TSJ^2 + TIJ^2)^1/2 + DJ) / 2 + PE
    Total System Jitter     (TSJ):    0.071ns
    Total Input Jitter      (TIJ):    0.300ns
    Discrete Jitter          (DJ):    0.000ns
    Phase Error              (PE):    0.000ns

    Location             Delay type                Incr(ns)  Path(ns)    Netlist Resource(s)
  -------------------------------------------------------------------    -------------------
                         (clock clk_fpga_0 rise edge)
                                                      0.000     0.000 r  
    PS7_X0Y0             PS7                          0.000     0.000 r  gru_bin_version_i/processing_system7_0/inst/PS7_i/FCLKCLK[0]
                         net (fo=1, routed)           1.193     1.193    gru_bin_version_i/processing_system7_0/inst/FCLK_CLK_unbuffered[0]
    BUFGCTRL_X0Y16       BUFG (Prop_bufg_I_O)         0.101     1.294 r  gru_bin_version_i/processing_system7_0/inst/buffer_fclk_clk_0.FCLK_CLK_0_BUFG/O
                         net (fo=14567, routed)       1.650     2.944    gru_bin_version_wrapper/gru_bin_version/gru_bin_version_axi_mem_intercon_0/s00_couplers_imp_1UT69KP/gru_bin_version_axi_mem_intercon_imp_auto_pc_0/gru_bin_version_axi_mem_intercon_imp_auto_pc_0_axi_protocol_converter_v2_1_37_axi_protocol_converter/gru_bin_version_axi_mem_intercon_imp_auto_pc_0_axi_protocol_converter_v2_1_37_axi3_conv/gru_bin_version_axi_mem_intercon_imp_auto_pc_0_axi_protocol_converter_v2_1_37_a_axi3_conv/gru_bin_version_axi_mem_intercon_imp_auto_pc_0_axi_data_fifo_v2_1_36_axic_fifo/gru_bin_version_axi_mem_intercon_imp_auto_pc_0_axi_data_fifo_v2_1_36_fifo_gen/<hidden>/<hidden>/<hidden>/<hidden>/<hidden>/<hidden>
    SLICE_X36Y59         FDPE                                         r  gru_bin_version_wrapper/gru_bin_version/gru_bin_version_axi_mem_intercon_0/s00_couplers_imp_1UT69KP/gru_bin_version_axi_mem_intercon_imp_auto_pc_0/gru_bin_version_axi_mem_intercon_imp_auto_pc_0_axi_protocol_converter_v2_1_37_axi_protocol_converter/gru_bin_version_axi_mem_intercon_imp_auto_pc_0_axi_protocol_converter_v2_1_37_axi3_conv/gru_bin_version_axi_mem_intercon_imp_auto_pc_0_axi_protocol_converter_v2_1_37_a_axi3_conv/gru_bin_version_axi_mem_intercon_imp_auto_pc_0_axi_data_fifo_v2_1_36_axic_fifo/gru_bin_version_axi_mem_intercon_imp_auto_pc_0_axi_data_fifo_v2_1_36_fifo_gen/<hidden>/<hidden>/<hidden>/<hidden>/<hidden>/<hidden>
  -------------------------------------------------------------------    -------------------
    SLICE_X36Y59         FDPE (Prop_fdpe_C_Q)         0.478     3.422 f  gru_bin_version_wrapper/gru_bin_version/gru_bin_version_axi_mem_intercon_0/s00_couplers_imp_1UT69KP/gru_bin_version_axi_mem_intercon_imp_auto_pc_0/gru_bin_version_axi_mem_intercon_imp_auto_pc_0_axi_protocol_converter_v2_1_37_axi_protocol_converter/gru_bin_version_axi_mem_intercon_imp_auto_pc_0_axi_protocol_converter_v2_1_37_axi3_conv/gru_bin_version_axi_mem_intercon_imp_auto_pc_0_axi_protocol_converter_v2_1_37_a_axi3_conv/gru_bin_version_axi_mem_intercon_imp_auto_pc_0_axi_data_fifo_v2_1_36_axic_fifo/gru_bin_version_axi_mem_intercon_imp_auto_pc_0_axi_data_fifo_v2_1_36_fifo_gen/<hidden>/<hidden>/<hidden>/<hidden>/<hidden>/<hidden>
                         net (fo=2, routed)           0.825     4.247    gru_bin_version_wrapper/gru_bin_version/gru_bin_version_axi_mem_intercon_0/s00_couplers_imp_1UT69KP/gru_bin_version_axi_mem_intercon_imp_auto_pc_0/gru_bin_version_axi_mem_intercon_imp_auto_pc_0_axi_protocol_converter_v2_1_37_axi_protocol_converter/gru_bin_version_axi_mem_intercon_imp_auto_pc_0_axi_protocol_converter_v2_1_37_axi3_conv/gru_bin_version_axi_mem_intercon_imp_auto_pc_0_axi_protocol_converter_v2_1_37_a_axi3_conv/gru_bin_version_axi_mem_intercon_imp_auto_pc_0_axi_data_fifo_v2_1_36_axic_fifo/gru_bin_version_axi_mem_intercon_imp_auto_pc_0_axi_data_fifo_v2_1_36_fifo_gen/<hidden>/<hidden>/<hidden>/<hidden>/<hidden>
    SLICE_X37Y60         LUT3 (Prop_lut3_I2_O)        0.295     4.542 f  gru_bin_version_wrapper/gru_bin_version/gru_bin_version_axi_mem_intercon_0/s00_couplers_imp_1UT69KP/gru_bin_version_axi_mem_intercon_imp_auto_pc_0/gru_bin_version_axi_mem_intercon_imp_auto_pc_0_axi_protocol_converter_v2_1_37_axi_protocol_converter/gru_bin_version_axi_mem_intercon_imp_auto_pc_0_axi_protocol_converter_v2_1_37_axi3_conv/gru_bin_version_axi_mem_intercon_imp_auto_pc_0_axi_protocol_converter_v2_1_37_a_axi3_conv/gru_bin_version_axi_mem_intercon_imp_auto_pc_0_axi_data_fifo_v2_1_36_axic_fifo/gru_bin_version_axi_mem_intercon_imp_auto_pc_0_axi_data_fifo_v2_1_36_fifo_gen/<hidden>/<hidden>/<hidden>/<hidden>/<hidden>
                         net (fo=33, routed)          0.950     5.492    gru_bin_version_wrapper/gru_bin_version/gru_bin_version_axi_mem_intercon_0/s00_couplers_imp_1UT69KP/gru_bin_version_axi_mem_intercon_imp_auto_pc_0/gru_bin_version_axi_mem_intercon_imp_auto_pc_0_axi_protocol_converter_v2_1_37_axi_protocol_converter/gru_bin_version_axi_mem_intercon_imp_auto_pc_0_axi_protocol_converter_v2_1_37_axi3_conv/gru_bin_version_axi_mem_intercon_imp_auto_pc_0_axi_protocol_converter_v2_1_37_a_axi3_conv/gru_bin_version_axi_mem_intercon_imp_auto_pc_0_axi_data_fifo_v2_1_36_axic_fifo/gru_bin_version_axi_mem_intercon_imp_auto_pc_0_axi_data_fifo_v2_1_36_fifo_gen/<hidden>/<hidden>/<hidden>/<hidden>/<hidden>/<hidden>
    SLICE_X40Y62         FDCE                                         f  gru_bin_version_wrapper/gru_bin_version/gru_bin_version_axi_mem_intercon_0/s00_couplers_imp_1UT69KP/gru_bin_version_axi_mem_intercon_imp_auto_pc_0/gru_bin_version_axi_mem_intercon_imp_auto_pc_0_axi_protocol_converter_v2_1_37_axi_protocol_converter/gru_bin_version_axi_mem_intercon_imp_auto_pc_0_axi_protocol_converter_v2_1_37_axi3_conv/gru_bin_version_axi_mem_intercon_imp_auto_pc_0_axi_protocol_converter_v2_1_37_a_axi3_conv/gru_bin_version_axi_mem_intercon_imp_auto_pc_0_axi_data_fifo_v2_1_36_axic_fifo/gru_bin_version_axi_mem_intercon_imp_auto_pc_0_axi_data_fifo_v2_1_36_fifo_gen/<hidden>/<hidden>/<hidden>/<hidden>/<hidden>/<hidden>
  -------------------------------------------------------------------    -------------------

                         (clock clk_fpga_0 rise edge)
                                                     10.000    10.000 r  
    PS7_X0Y0             PS7                          0.000    10.000 r  gru_bin_version_i/processing_system7_0/inst/PS7_i/FCLKCLK[0]
                         net (fo=1, routed)           1.088    11.088    gru_bin_version_i/processing_system7_0/inst/FCLK_CLK_unbuffered[0]
    BUFGCTRL_X0Y16       BUFG (Prop_bufg_I_O)         0.091    11.179 r  gru_bin_version_i/processing_system7_0/inst/buffer_fclk_clk_0.FCLK_CLK_0_BUFG/O
                         net (fo=14567, routed)       1.475    12.654    gru_bin_version_wrapper/gru_bin_version/gru_bin_version_axi_mem_intercon_0/s00_couplers_imp_1UT69KP/gru_bin_version_axi_mem_intercon_imp_auto_pc_0/gru_bin_version_axi_mem_intercon_imp_auto_pc_0_axi_protocol_converter_v2_1_37_axi_protocol_converter/gru_bin_version_axi_mem_intercon_imp_auto_pc_0_axi_protocol_converter_v2_1_37_axi3_conv/gru_bin_version_axi_mem_intercon_imp_auto_pc_0_axi_protocol_converter_v2_1_37_a_axi3_conv/gru_bin_version_axi_mem_intercon_imp_auto_pc_0_axi_data_fifo_v2_1_36_axic_fifo/gru_bin_version_axi_mem_intercon_imp_auto_pc_0_axi_data_fifo_v2_1_36_fifo_gen/<hidden>/<hidden>/<hidden>/<hidden>/<hidden>/<hidden>
    SLICE_X40Y62         FDCE                                         r  gru_bin_version_wrapper/gru_bin_version/gru_bin_version_axi_mem_intercon_0/s00_couplers_imp_1UT69KP/gru_bin_version_axi_mem_intercon_imp_auto_pc_0/gru_bin_version_axi_mem_intercon_imp_auto_pc_0_axi_protocol_converter_v2_1_37_axi_protocol_converter/gru_bin_version_axi_mem_intercon_imp_auto_pc_0_axi_protocol_converter_v2_1_37_axi3_conv/gru_bin_version_axi_mem_intercon_imp_auto_pc_0_axi_protocol_converter_v2_1_37_a_axi3_conv/gru_bin_version_axi_mem_intercon_imp_auto_pc_0_axi_data_fifo_v2_1_36_axic_fifo/gru_bin_version_axi_mem_intercon_imp_auto_pc_0_axi_data_fifo_v2_1_36_fifo_gen/<hidden>/<hidden>/<hidden>/<hidden>/<hidden>/<hidden>
                         clock pessimism              0.229    12.883    
                         clock uncertainty           -0.154    12.729    
    SLICE_X40Y62         FDCE (Recov_fdce_C_CLR)     -0.405    12.324    gru_bin_version_wrapper/gru_bin_version/gru_bin_version_axi_mem_intercon_0/s00_couplers_imp_1UT69KP/gru_bin_version_axi_mem_intercon_imp_auto_pc_0/gru_bin_version_axi_mem_intercon_imp_auto_pc_0_axi_protocol_converter_v2_1_37_axi_protocol_converter/gru_bin_version_axi_mem_intercon_imp_auto_pc_0_axi_protocol_converter_v2_1_37_axi3_conv/gru_bin_version_axi_mem_intercon_imp_auto_pc_0_axi_protocol_converter_v2_1_37_a_axi3_conv/gru_bin_version_axi_mem_intercon_imp_auto_pc_0_axi_data_fifo_v2_1_36_axic_fifo/gru_bin_version_axi_mem_intercon_imp_auto_pc_0_axi_data_fifo_v2_1_36_fifo_gen/<hidden>/<hidden>/<hidden>/<hidden>/<hidden>/<hidden>
  -------------------------------------------------------------------
                         required time                         12.324    
                         arrival time                          -5.492    
  -------------------------------------------------------------------
                         slack                                  6.832    

Slack (MET) :             6.832ns  (required time - arrival time)
  Source:                 gru_bin_version_wrapper/gru_bin_version/gru_bin_version_axi_mem_intercon_0/s00_couplers_imp_1UT69KP/gru_bin_version_axi_mem_intercon_imp_auto_pc_0/gru_bin_version_axi_mem_intercon_imp_auto_pc_0_axi_protocol_converter_v2_1_37_axi_protocol_converter/gru_bin_version_axi_mem_intercon_imp_auto_pc_0_axi_protocol_converter_v2_1_37_axi3_conv/gru_bin_version_axi_mem_intercon_imp_auto_pc_0_axi_protocol_converter_v2_1_37_a_axi3_conv/gru_bin_version_axi_mem_intercon_imp_auto_pc_0_axi_data_fifo_v2_1_36_axic_fifo/gru_bin_version_axi_mem_intercon_imp_auto_pc_0_axi_data_fifo_v2_1_36_fifo_gen/<hidden>/<hidden>/<hidden>/<hidden>/<hidden>/<hidden>
                            (rising edge-triggered cell FDPE clocked by clk_fpga_0  {rise@0.000ns fall@5.000ns period=10.000ns})
  Destination:            gru_bin_version_wrapper/gru_bin_version/gru_bin_version_axi_mem_intercon_0/s00_couplers_imp_1UT69KP/gru_bin_version_axi_mem_intercon_imp_auto_pc_0/gru_bin_version_axi_mem_intercon_imp_auto_pc_0_axi_protocol_converter_v2_1_37_axi_protocol_converter/gru_bin_version_axi_mem_intercon_imp_auto_pc_0_axi_protocol_converter_v2_1_37_axi3_conv/gru_bin_version_axi_mem_intercon_imp_auto_pc_0_axi_protocol_converter_v2_1_37_a_axi3_conv/gru_bin_version_axi_mem_intercon_imp_auto_pc_0_axi_data_fifo_v2_1_36_axic_fifo/gru_bin_version_axi_mem_intercon_imp_auto_pc_0_axi_data_fifo_v2_1_36_fifo_gen/<hidden>/<hidden>/<hidden>/<hidden>/<hidden>/<hidden>
                            (recovery check against rising-edge clock clk_fpga_0  {rise@0.000ns fall@5.000ns period=10.000ns})
  Path Group:             **async_default**
  Path Type:              Recovery (Max at Slow Process Corner)
  Requirement:            10.000ns  (clk_fpga_0 rise@10.000ns - clk_fpga_0 rise@0.000ns)
  Data Path Delay:        2.548ns  (logic 0.773ns (30.335%)  route 1.775ns (69.665%))
  Logic Levels:           1  (LUT3=1)
  Clock Path Skew:        -0.061ns (DCD - SCD + CPR)
    Destination Clock Delay (DCD):    2.654ns = ( 12.654 - 10.000 ) 
    Source Clock Delay      (SCD):    2.944ns
    Clock Pessimism Removal (CPR):    0.229ns
  Clock Uncertainty:      0.154ns  ((TSJ^2 + TIJ^2)^1/2 + DJ) / 2 + PE
    Total System Jitter     (TSJ):    0.071ns
    Total Input Jitter      (TIJ):    0.300ns
    Discrete Jitter          (DJ):    0.000ns
    Phase Error              (PE):    0.000ns

    Location             Delay type                Incr(ns)  Path(ns)    Netlist Resource(s)
  -------------------------------------------------------------------    -------------------
                         (clock clk_fpga_0 rise edge)
                                                      0.000     0.000 r  
    PS7_X0Y0             PS7                          0.000     0.000 r  gru_bin_version_i/processing_system7_0/inst/PS7_i/FCLKCLK[0]
                         net (fo=1, routed)           1.193     1.193    gru_bin_version_i/processing_system7_0/inst/FCLK_CLK_unbuffered[0]
    BUFGCTRL_X0Y16       BUFG (Prop_bufg_I_O)         0.101     1.294 r  gru_bin_version_i/processing_system7_0/inst/buffer_fclk_clk_0.FCLK_CLK_0_BUFG/O
                         net (fo=14567, routed)       1.650     2.944    gru_bin_version_wrapper/gru_bin_version/gru_bin_version_axi_mem_intercon_0/s00_couplers_imp_1UT69KP/gru_bin_version_axi_mem_intercon_imp_auto_pc_0/gru_bin_version_axi_mem_intercon_imp_auto_pc_0_axi_protocol_converter_v2_1_37_axi_protocol_converter/gru_bin_version_axi_mem_intercon_imp_auto_pc_0_axi_protocol_converter_v2_1_37_axi3_conv/gru_bin_version_axi_mem_intercon_imp_auto_pc_0_axi_protocol_converter_v2_1_37_a_axi3_conv/gru_bin_version_axi_mem_intercon_imp_auto_pc_0_axi_data_fifo_v2_1_36_axic_fifo/gru_bin_version_axi_mem_intercon_imp_auto_pc_0_axi_data_fifo_v2_1_36_fifo_gen/<hidden>/<hidden>/<hidden>/<hidden>/<hidden>/<hidden>
    SLICE_X36Y59         FDPE                                         r  gru_bin_version_wrapper/gru_bin_version/gru_bin_version_axi_mem_intercon_0/s00_couplers_imp_1UT69KP/gru_bin_version_axi_mem_intercon_imp_auto_pc_0/gru_bin_version_axi_mem_intercon_imp_auto_pc_0_axi_protocol_converter_v2_1_37_axi_protocol_converter/gru_bin_version_axi_mem_intercon_imp_auto_pc_0_axi_protocol_converter_v2_1_37_axi3_conv/gru_bin_version_axi_mem_intercon_imp_auto_pc_0_axi_protocol_converter_v2_1_37_a_axi3_conv/gru_bin_version_axi_mem_intercon_imp_auto_pc_0_axi_data_fifo_v2_1_36_axic_fifo/gru_bin_version_axi_mem_intercon_imp_auto_pc_0_axi_data_fifo_v2_1_36_fifo_gen/<hidden>/<hidden>/<hidden>/<hidden>/<hidden>/<hidden>
  -------------------------------------------------------------------    -------------------
    SLICE_X36Y59         FDPE (Prop_fdpe_C_Q)         0.478     3.422 f  gru_bin_version_wrapper/gru_bin_version/gru_bin_version_axi_mem_intercon_0/s00_couplers_imp_1UT69KP/gru_bin_version_axi_mem_intercon_imp_auto_pc_0/gru_bin_version_axi_mem_intercon_imp_auto_pc_0_axi_protocol_converter_v2_1_37_axi_protocol_converter/gru_bin_version_axi_mem_intercon_imp_auto_pc_0_axi_protocol_converter_v2_1_37_axi3_conv/gru_bin_version_axi_mem_intercon_imp_auto_pc_0_axi_protocol_converter_v2_1_37_a_axi3_conv/gru_bin_version_axi_mem_intercon_imp_auto_pc_0_axi_data_fifo_v2_1_36_axic_fifo/gru_bin_version_axi_mem_intercon_imp_auto_pc_0_axi_data_fifo_v2_1_36_fifo_gen/<hidden>/<hidden>/<hidden>/<hidden>/<hidden>/<hidden>
                         net (fo=2, routed)           0.825     4.247    gru_bin_version_wrapper/gru_bin_version/gru_bin_version_axi_mem_intercon_0/s00_couplers_imp_1UT69KP/gru_bin_version_axi_mem_intercon_imp_auto_pc_0/gru_bin_version_axi_mem_intercon_imp_auto_pc_0_axi_protocol_converter_v2_1_37_axi_protocol_converter/gru_bin_version_axi_mem_intercon_imp_auto_pc_0_axi_protocol_converter_v2_1_37_axi3_conv/gru_bin_version_axi_mem_intercon_imp_auto_pc_0_axi_protocol_converter_v2_1_37_a_axi3_conv/gru_bin_version_axi_mem_intercon_imp_auto_pc_0_axi_data_fifo_v2_1_36_axic_fifo/gru_bin_version_axi_mem_intercon_imp_auto_pc_0_axi_data_fifo_v2_1_36_fifo_gen/<hidden>/<hidden>/<hidden>/<hidden>/<hidden>
    SLICE_X37Y60         LUT3 (Prop_lut3_I2_O)        0.295     4.542 f  gru_bin_version_wrapper/gru_bin_version/gru_bin_version_axi_mem_intercon_0/s00_couplers_imp_1UT69KP/gru_bin_version_axi_mem_intercon_imp_auto_pc_0/gru_bin_version_axi_mem_intercon_imp_auto_pc_0_axi_protocol_converter_v2_1_37_axi_protocol_converter/gru_bin_version_axi_mem_intercon_imp_auto_pc_0_axi_protocol_converter_v2_1_37_axi3_conv/gru_bin_version_axi_mem_intercon_imp_auto_pc_0_axi_protocol_converter_v2_1_37_a_axi3_conv/gru_bin_version_axi_mem_intercon_imp_auto_pc_0_axi_data_fifo_v2_1_36_axic_fifo/gru_bin_version_axi_mem_intercon_imp_auto_pc_0_axi_data_fifo_v2_1_36_fifo_gen/<hidden>/<hidden>/<hidden>/<hidden>/<hidden>
                         net (fo=33, routed)          0.950     5.492    gru_bin_version_wrapper/gru_bin_version/gru_bin_version_axi_mem_intercon_0/s00_couplers_imp_1UT69KP/gru_bin_version_axi_mem_intercon_imp_auto_pc_0/gru_bin_version_axi_mem_intercon_imp_auto_pc_0_axi_protocol_converter_v2_1_37_axi_protocol_converter/gru_bin_version_axi_mem_intercon_imp_auto_pc_0_axi_protocol_converter_v2_1_37_axi3_conv/gru_bin_version_axi_mem_intercon_imp_auto_pc_0_axi_protocol_converter_v2_1_37_a_axi3_conv/gru_bin_version_axi_mem_intercon_imp_auto_pc_0_axi_data_fifo_v2_1_36_axic_fifo/gru_bin_version_axi_mem_intercon_imp_auto_pc_0_axi_data_fifo_v2_1_36_fifo_gen/<hidden>/<hidden>/<hidden>/<hidden>/<hidden>/<hidden>
    SLICE_X40Y62         FDCE                                         f  gru_bin_version_wrapper/gru_bin_version/gru_bin_version_axi_mem_intercon_0/s00_couplers_imp_1UT69KP/gru_bin_version_axi_mem_intercon_imp_auto_pc_0/gru_bin_version_axi_mem_intercon_imp_auto_pc_0_axi_protocol_converter_v2_1_37_axi_protocol_converter/gru_bin_version_axi_mem_intercon_imp_auto_pc_0_axi_protocol_converter_v2_1_37_axi3_conv/gru_bin_version_axi_mem_intercon_imp_auto_pc_0_axi_protocol_converter_v2_1_37_a_axi3_conv/gru_bin_version_axi_mem_intercon_imp_auto_pc_0_axi_data_fifo_v2_1_36_axic_fifo/gru_bin_version_axi_mem_intercon_imp_auto_pc_0_axi_data_fifo_v2_1_36_fifo_gen/<hidden>/<hidden>/<hidden>/<hidden>/<hidden>/<hidden>
  -------------------------------------------------------------------    -------------------

                         (clock clk_fpga_0 rise edge)
                                                     10.000    10.000 r  
    PS7_X0Y0             PS7                          0.000    10.000 r  gru_bin_version_i/processing_system7_0/inst/PS7_i/FCLKCLK[0]
                         net (fo=1, routed)           1.088    11.088    gru_bin_version_i/processing_system7_0/inst/FCLK_CLK_unbuffered[0]
    BUFGCTRL_X0Y16       BUFG (Prop_bufg_I_O)         0.091    11.179 r  gru_bin_version_i/processing_system7_0/inst/buffer_fclk_clk_0.FCLK_CLK_0_BUFG/O
                         net (fo=14567, routed)       1.475    12.654    gru_bin_version_wrapper/gru_bin_version/gru_bin_version_axi_mem_intercon_0/s00_couplers_imp_1UT69KP/gru_bin_version_axi_mem_intercon_imp_auto_pc_0/gru_bin_version_axi_mem_intercon_imp_auto_pc_0_axi_protocol_converter_v2_1_37_axi_protocol_converter/gru_bin_version_axi_mem_intercon_imp_auto_pc_0_axi_protocol_converter_v2_1_37_axi3_conv/gru_bin_version_axi_mem_intercon_imp_auto_pc_0_axi_protocol_converter_v2_1_37_a_axi3_conv/gru_bin_version_axi_mem_intercon_imp_auto_pc_0_axi_data_fifo_v2_1_36_axic_fifo/gru_bin_version_axi_mem_intercon_imp_auto_pc_0_axi_data_fifo_v2_1_36_fifo_gen/<hidden>/<hidden>/<hidden>/<hidden>/<hidden>/<hidden>
    SLICE_X40Y62         FDCE                                         r  gru_bin_version_wrapper/gru_bin_version/gru_bin_version_axi_mem_intercon_0/s00_couplers_imp_1UT69KP/gru_bin_version_axi_mem_intercon_imp_auto_pc_0/gru_bin_version_axi_mem_intercon_imp_auto_pc_0_axi_protocol_converter_v2_1_37_axi_protocol_converter/gru_bin_version_axi_mem_intercon_imp_auto_pc_0_axi_protocol_converter_v2_1_37_axi3_conv/gru_bin_version_axi_mem_intercon_imp_auto_pc_0_axi_protocol_converter_v2_1_37_a_axi3_conv/gru_bin_version_axi_mem_intercon_imp_auto_pc_0_axi_data_fifo_v2_1_36_axic_fifo/gru_bin_version_axi_mem_intercon_imp_auto_pc_0_axi_data_fifo_v2_1_36_fifo_gen/<hidden>/<hidden>/<hidden>/<hidden>/<hidden>/<hidden>
                         clock pessimism              0.229    12.883    
                         clock uncertainty           -0.154    12.729    
    SLICE_X40Y62         FDCE (Recov_fdce_C_CLR)     -0.405    12.324    gru_bin_version_wrapper/gru_bin_version/gru_bin_version_axi_mem_intercon_0/s00_couplers_imp_1UT69KP/gru_bin_version_axi_mem_intercon_imp_auto_pc_0/gru_bin_version_axi_mem_intercon_imp_auto_pc_0_axi_protocol_converter_v2_1_37_axi_protocol_converter/gru_bin_version_axi_mem_intercon_imp_auto_pc_0_axi_protocol_converter_v2_1_37_axi3_conv/gru_bin_version_axi_mem_intercon_imp_auto_pc_0_axi_protocol_converter_v2_1_37_a_axi3_conv/gru_bin_version_axi_mem_intercon_imp_auto_pc_0_axi_data_fifo_v2_1_36_axic_fifo/gru_bin_version_axi_mem_intercon_imp_auto_pc_0_axi_data_fifo_v2_1_36_fifo_gen/<hidden>/<hidden>/<hidden>/<hidden>/<hidden>/<hidden>
  -------------------------------------------------------------------
                         required time                         12.324    
                         arrival time                          -5.492    
  -------------------------------------------------------------------
                         slack                                  6.832    

Slack (MET) :             6.832ns  (required time - arrival time)
  Source:                 gru_bin_version_wrapper/gru_bin_version/gru_bin_version_axi_mem_intercon_0/s00_couplers_imp_1UT69KP/gru_bin_version_axi_mem_intercon_imp_auto_pc_0/gru_bin_version_axi_mem_intercon_imp_auto_pc_0_axi_protocol_converter_v2_1_37_axi_protocol_converter/gru_bin_version_axi_mem_intercon_imp_auto_pc_0_axi_protocol_converter_v2_1_37_axi3_conv/gru_bin_version_axi_mem_intercon_imp_auto_pc_0_axi_protocol_converter_v2_1_37_a_axi3_conv/gru_bin_version_axi_mem_intercon_imp_auto_pc_0_axi_data_fifo_v2_1_36_axic_fifo/gru_bin_version_axi_mem_intercon_imp_auto_pc_0_axi_data_fifo_v2_1_36_fifo_gen/<hidden>/<hidden>/<hidden>/<hidden>/<hidden>/<hidden>
                            (rising edge-triggered cell FDPE clocked by clk_fpga_0  {rise@0.000ns fall@5.000ns period=10.000ns})
  Destination:            gru_bin_version_wrapper/gru_bin_version/gru_bin_version_axi_mem_intercon_0/s00_couplers_imp_1UT69KP/gru_bin_version_axi_mem_intercon_imp_auto_pc_0/gru_bin_version_axi_mem_intercon_imp_auto_pc_0_axi_protocol_converter_v2_1_37_axi_protocol_converter/gru_bin_version_axi_mem_intercon_imp_auto_pc_0_axi_protocol_converter_v2_1_37_axi3_conv/gru_bin_version_axi_mem_intercon_imp_auto_pc_0_axi_protocol_converter_v2_1_37_a_axi3_conv/gru_bin_version_axi_mem_intercon_imp_auto_pc_0_axi_data_fifo_v2_1_36_axic_fifo/gru_bin_version_axi_mem_intercon_imp_auto_pc_0_axi_data_fifo_v2_1_36_fifo_gen/<hidden>/<hidden>/<hidden>/<hidden>/<hidden>/<hidden>
                            (recovery check against rising-edge clock clk_fpga_0  {rise@0.000ns fall@5.000ns period=10.000ns})
  Path Group:             **async_default**
  Path Type:              Recovery (Max at Slow Process Corner)
  Requirement:            10.000ns  (clk_fpga_0 rise@10.000ns - clk_fpga_0 rise@0.000ns)
  Data Path Delay:        2.548ns  (logic 0.773ns (30.335%)  route 1.775ns (69.665%))
  Logic Levels:           1  (LUT3=1)
  Clock Path Skew:        -0.061ns (DCD - SCD + CPR)
    Destination Clock Delay (DCD):    2.654ns = ( 12.654 - 10.000 ) 
    Source Clock Delay      (SCD):    2.944ns
    Clock Pessimism Removal (CPR):    0.229ns
  Clock Uncertainty:      0.154ns  ((TSJ^2 + TIJ^2)^1/2 + DJ) / 2 + PE
    Total System Jitter     (TSJ):    0.071ns
    Total Input Jitter      (TIJ):    0.300ns
    Discrete Jitter          (DJ):    0.000ns
    Phase Error              (PE):    0.000ns

    Location             Delay type                Incr(ns)  Path(ns)    Netlist Resource(s)
  -------------------------------------------------------------------    -------------------
                         (clock clk_fpga_0 rise edge)
                                                      0.000     0.000 r  
    PS7_X0Y0             PS7                          0.000     0.000 r  gru_bin_version_i/processing_system7_0/inst/PS7_i/FCLKCLK[0]
                         net (fo=1, routed)           1.193     1.193    gru_bin_version_i/processing_system7_0/inst/FCLK_CLK_unbuffered[0]
    BUFGCTRL_X0Y16       BUFG (Prop_bufg_I_O)         0.101     1.294 r  gru_bin_version_i/processing_system7_0/inst/buffer_fclk_clk_0.FCLK_CLK_0_BUFG/O
                         net (fo=14567, routed)       1.650     2.944    gru_bin_version_wrapper/gru_bin_version/gru_bin_version_axi_mem_intercon_0/s00_couplers_imp_1UT69KP/gru_bin_version_axi_mem_intercon_imp_auto_pc_0/gru_bin_version_axi_mem_intercon_imp_auto_pc_0_axi_protocol_converter_v2_1_37_axi_protocol_converter/gru_bin_version_axi_mem_intercon_imp_auto_pc_0_axi_protocol_converter_v2_1_37_axi3_conv/gru_bin_version_axi_mem_intercon_imp_auto_pc_0_axi_protocol_converter_v2_1_37_a_axi3_conv/gru_bin_version_axi_mem_intercon_imp_auto_pc_0_axi_data_fifo_v2_1_36_axic_fifo/gru_bin_version_axi_mem_intercon_imp_auto_pc_0_axi_data_fifo_v2_1_36_fifo_gen/<hidden>/<hidden>/<hidden>/<hidden>/<hidden>/<hidden>
    SLICE_X36Y59         FDPE                                         r  gru_bin_version_wrapper/gru_bin_version/gru_bin_version_axi_mem_intercon_0/s00_couplers_imp_1UT69KP/gru_bin_version_axi_mem_intercon_imp_auto_pc_0/gru_bin_version_axi_mem_intercon_imp_auto_pc_0_axi_protocol_converter_v2_1_37_axi_protocol_converter/gru_bin_version_axi_mem_intercon_imp_auto_pc_0_axi_protocol_converter_v2_1_37_axi3_conv/gru_bin_version_axi_mem_intercon_imp_auto_pc_0_axi_protocol_converter_v2_1_37_a_axi3_conv/gru_bin_version_axi_mem_intercon_imp_auto_pc_0_axi_data_fifo_v2_1_36_axic_fifo/gru_bin_version_axi_mem_intercon_imp_auto_pc_0_axi_data_fifo_v2_1_36_fifo_gen/<hidden>/<hidden>/<hidden>/<hidden>/<hidden>/<hidden>
  -------------------------------------------------------------------    -------------------
    SLICE_X36Y59         FDPE (Prop_fdpe_C_Q)         0.478     3.422 f  gru_bin_version_wrapper/gru_bin_version/gru_bin_version_axi_mem_intercon_0/s00_couplers_imp_1UT69KP/gru_bin_version_axi_mem_intercon_imp_auto_pc_0/gru_bin_version_axi_mem_intercon_imp_auto_pc_0_axi_protocol_converter_v2_1_37_axi_protocol_converter/gru_bin_version_axi_mem_intercon_imp_auto_pc_0_axi_protocol_converter_v2_1_37_axi3_conv/gru_bin_version_axi_mem_intercon_imp_auto_pc_0_axi_protocol_converter_v2_1_37_a_axi3_conv/gru_bin_version_axi_mem_intercon_imp_auto_pc_0_axi_data_fifo_v2_1_36_axic_fifo/gru_bin_version_axi_mem_intercon_imp_auto_pc_0_axi_data_fifo_v2_1_36_fifo_gen/<hidden>/<hidden>/<hidden>/<hidden>/<hidden>/<hidden>
                         net (fo=2, routed)           0.825     4.247    gru_bin_version_wrapper/gru_bin_version/gru_bin_version_axi_mem_intercon_0/s00_couplers_imp_1UT69KP/gru_bin_version_axi_mem_intercon_imp_auto_pc_0/gru_bin_version_axi_mem_intercon_imp_auto_pc_0_axi_protocol_converter_v2_1_37_axi_protocol_converter/gru_bin_version_axi_mem_intercon_imp_auto_pc_0_axi_protocol_converter_v2_1_37_axi3_conv/gru_bin_version_axi_mem_intercon_imp_auto_pc_0_axi_protocol_converter_v2_1_37_a_axi3_conv/gru_bin_version_axi_mem_intercon_imp_auto_pc_0_axi_data_fifo_v2_1_36_axic_fifo/gru_bin_version_axi_mem_intercon_imp_auto_pc_0_axi_data_fifo_v2_1_36_fifo_gen/<hidden>/<hidden>/<hidden>/<hidden>/<hidden>
    SLICE_X37Y60         LUT3 (Prop_lut3_I2_O)        0.295     4.542 f  gru_bin_version_wrapper/gru_bin_version/gru_bin_version_axi_mem_intercon_0/s00_couplers_imp_1UT69KP/gru_bin_version_axi_mem_intercon_imp_auto_pc_0/gru_bin_version_axi_mem_intercon_imp_auto_pc_0_axi_protocol_converter_v2_1_37_axi_protocol_converter/gru_bin_version_axi_mem_intercon_imp_auto_pc_0_axi_protocol_converter_v2_1_37_axi3_conv/gru_bin_version_axi_mem_intercon_imp_auto_pc_0_axi_protocol_converter_v2_1_37_a_axi3_conv/gru_bin_version_axi_mem_intercon_imp_auto_pc_0_axi_data_fifo_v2_1_36_axic_fifo/gru_bin_version_axi_mem_intercon_imp_auto_pc_0_axi_data_fifo_v2_1_36_fifo_gen/<hidden>/<hidden>/<hidden>/<hidden>/<hidden>
                         net (fo=33, routed)          0.950     5.492    gru_bin_version_wrapper/gru_bin_version/gru_bin_version_axi_mem_intercon_0/s00_couplers_imp_1UT69KP/gru_bin_version_axi_mem_intercon_imp_auto_pc_0/gru_bin_version_axi_mem_intercon_imp_auto_pc_0_axi_protocol_converter_v2_1_37_axi_protocol_converter/gru_bin_version_axi_mem_intercon_imp_auto_pc_0_axi_protocol_converter_v2_1_37_axi3_conv/gru_bin_version_axi_mem_intercon_imp_auto_pc_0_axi_protocol_converter_v2_1_37_a_axi3_conv/gru_bin_version_axi_mem_intercon_imp_auto_pc_0_axi_data_fifo_v2_1_36_axic_fifo/gru_bin_version_axi_mem_intercon_imp_auto_pc_0_axi_data_fifo_v2_1_36_fifo_gen/<hidden>/<hidden>/<hidden>/<hidden>/<hidden>/<hidden>
    SLICE_X40Y62         FDCE                                         f  gru_bin_version_wrapper/gru_bin_version/gru_bin_version_axi_mem_intercon_0/s00_couplers_imp_1UT69KP/gru_bin_version_axi_mem_intercon_imp_auto_pc_0/gru_bin_version_axi_mem_intercon_imp_auto_pc_0_axi_protocol_converter_v2_1_37_axi_protocol_converter/gru_bin_version_axi_mem_intercon_imp_auto_pc_0_axi_protocol_converter_v2_1_37_axi3_conv/gru_bin_version_axi_mem_intercon_imp_auto_pc_0_axi_protocol_converter_v2_1_37_a_axi3_conv/gru_bin_version_axi_mem_intercon_imp_auto_pc_0_axi_data_fifo_v2_1_36_axic_fifo/gru_bin_version_axi_mem_intercon_imp_auto_pc_0_axi_data_fifo_v2_1_36_fifo_gen/<hidden>/<hidden>/<hidden>/<hidden>/<hidden>/<hidden>
  -------------------------------------------------------------------    -------------------

                         (clock clk_fpga_0 rise edge)
                                                     10.000    10.000 r  
    PS7_X0Y0             PS7                          0.000    10.000 r  gru_bin_version_i/processing_system7_0/inst/PS7_i/FCLKCLK[0]
                         net (fo=1, routed)           1.088    11.088    gru_bin_version_i/processing_system7_0/inst/FCLK_CLK_unbuffered[0]
    BUFGCTRL_X0Y16       BUFG (Prop_bufg_I_O)         0.091    11.179 r  gru_bin_version_i/processing_system7_0/inst/buffer_fclk_clk_0.FCLK_CLK_0_BUFG/O
                         net (fo=14567, routed)       1.475    12.654    gru_bin_version_wrapper/gru_bin_version/gru_bin_version_axi_mem_intercon_0/s00_couplers_imp_1UT69KP/gru_bin_version_axi_mem_intercon_imp_auto_pc_0/gru_bin_version_axi_mem_intercon_imp_auto_pc_0_axi_protocol_converter_v2_1_37_axi_protocol_converter/gru_bin_version_axi_mem_intercon_imp_auto_pc_0_axi_protocol_converter_v2_1_37_axi3_conv/gru_bin_version_axi_mem_intercon_imp_auto_pc_0_axi_protocol_converter_v2_1_37_a_axi3_conv/gru_bin_version_axi_mem_intercon_imp_auto_pc_0_axi_data_fifo_v2_1_36_axic_fifo/gru_bin_version_axi_mem_intercon_imp_auto_pc_0_axi_data_fifo_v2_1_36_fifo_gen/<hidden>/<hidden>/<hidden>/<hidden>/<hidden>/<hidden>
    SLICE_X40Y62         FDCE                                         r  gru_bin_version_wrapper/gru_bin_version/gru_bin_version_axi_mem_intercon_0/s00_couplers_imp_1UT69KP/gru_bin_version_axi_mem_intercon_imp_auto_pc_0/gru_bin_version_axi_mem_intercon_imp_auto_pc_0_axi_protocol_converter_v2_1_37_axi_protocol_converter/gru_bin_version_axi_mem_intercon_imp_auto_pc_0_axi_protocol_converter_v2_1_37_axi3_conv/gru_bin_version_axi_mem_intercon_imp_auto_pc_0_axi_protocol_converter_v2_1_37_a_axi3_conv/gru_bin_version_axi_mem_intercon_imp_auto_pc_0_axi_data_fifo_v2_1_36_axic_fifo/gru_bin_version_axi_mem_intercon_imp_auto_pc_0_axi_data_fifo_v2_1_36_fifo_gen/<hidden>/<hidden>/<hidden>/<hidden>/<hidden>/<hidden>
                         clock pessimism              0.229    12.883    
                         clock uncertainty           -0.154    12.729    
    SLICE_X40Y62         FDCE (Recov_fdce_C_CLR)     -0.405    12.324    gru_bin_version_wrapper/gru_bin_version/gru_bin_version_axi_mem_intercon_0/s00_couplers_imp_1UT69KP/gru_bin_version_axi_mem_intercon_imp_auto_pc_0/gru_bin_version_axi_mem_intercon_imp_auto_pc_0_axi_protocol_converter_v2_1_37_axi_protocol_converter/gru_bin_version_axi_mem_intercon_imp_auto_pc_0_axi_protocol_converter_v2_1_37_axi3_conv/gru_bin_version_axi_mem_intercon_imp_auto_pc_0_axi_protocol_converter_v2_1_37_a_axi3_conv/gru_bin_version_axi_mem_intercon_imp_auto_pc_0_axi_data_fifo_v2_1_36_axic_fifo/gru_bin_version_axi_mem_intercon_imp_auto_pc_0_axi_data_fifo_v2_1_36_fifo_gen/<hidden>/<hidden>/<hidden>/<hidden>/<hidden>/<hidden>
  -------------------------------------------------------------------
                         required time                         12.324    
                         arrival time                          -5.492    
  -------------------------------------------------------------------
                         slack                                  6.832    

Slack (MET) :             6.832ns  (required time - arrival time)
  Source:                 gru_bin_version_wrapper/gru_bin_version/gru_bin_version_axi_mem_intercon_0/s00_couplers_imp_1UT69KP/gru_bin_version_axi_mem_intercon_imp_auto_pc_0/gru_bin_version_axi_mem_intercon_imp_auto_pc_0_axi_protocol_converter_v2_1_37_axi_protocol_converter/gru_bin_version_axi_mem_intercon_imp_auto_pc_0_axi_protocol_converter_v2_1_37_axi3_conv/gru_bin_version_axi_mem_intercon_imp_auto_pc_0_axi_protocol_converter_v2_1_37_a_axi3_conv/gru_bin_version_axi_mem_intercon_imp_auto_pc_0_axi_data_fifo_v2_1_36_axic_fifo/gru_bin_version_axi_mem_intercon_imp_auto_pc_0_axi_data_fifo_v2_1_36_fifo_gen/<hidden>/<hidden>/<hidden>/<hidden>/<hidden>/<hidden>
                            (rising edge-triggered cell FDPE clocked by clk_fpga_0  {rise@0.000ns fall@5.000ns period=10.000ns})
  Destination:            gru_bin_version_wrapper/gru_bin_version/gru_bin_version_axi_mem_intercon_0/s00_couplers_imp_1UT69KP/gru_bin_version_axi_mem_intercon_imp_auto_pc_0/gru_bin_version_axi_mem_intercon_imp_auto_pc_0_axi_protocol_converter_v2_1_37_axi_protocol_converter/gru_bin_version_axi_mem_intercon_imp_auto_pc_0_axi_protocol_converter_v2_1_37_axi3_conv/gru_bin_version_axi_mem_intercon_imp_auto_pc_0_axi_protocol_converter_v2_1_37_a_axi3_conv/gru_bin_version_axi_mem_intercon_imp_auto_pc_0_axi_data_fifo_v2_1_36_axic_fifo/gru_bin_version_axi_mem_intercon_imp_auto_pc_0_axi_data_fifo_v2_1_36_fifo_gen/<hidden>/<hidden>/<hidden>/<hidden>/<hidden>/<hidden>
                            (recovery check against rising-edge clock clk_fpga_0  {rise@0.000ns fall@5.000ns period=10.000ns})
  Path Group:             **async_default**
  Path Type:              Recovery (Max at Slow Process Corner)
  Requirement:            10.000ns  (clk_fpga_0 rise@10.000ns - clk_fpga_0 rise@0.000ns)
  Data Path Delay:        2.548ns  (logic 0.773ns (30.335%)  route 1.775ns (69.665%))
  Logic Levels:           1  (LUT3=1)
  Clock Path Skew:        -0.061ns (DCD - SCD + CPR)
    Destination Clock Delay (DCD):    2.654ns = ( 12.654 - 10.000 ) 
    Source Clock Delay      (SCD):    2.944ns
    Clock Pessimism Removal (CPR):    0.229ns
  Clock Uncertainty:      0.154ns  ((TSJ^2 + TIJ^2)^1/2 + DJ) / 2 + PE
    Total System Jitter     (TSJ):    0.071ns
    Total Input Jitter      (TIJ):    0.300ns
    Discrete Jitter          (DJ):    0.000ns
    Phase Error              (PE):    0.000ns

    Location             Delay type                Incr(ns)  Path(ns)    Netlist Resource(s)
  -------------------------------------------------------------------    -------------------
                         (clock clk_fpga_0 rise edge)
                                                      0.000     0.000 r  
    PS7_X0Y0             PS7                          0.000     0.000 r  gru_bin_version_i/processing_system7_0/inst/PS7_i/FCLKCLK[0]
                         net (fo=1, routed)           1.193     1.193    gru_bin_version_i/processing_system7_0/inst/FCLK_CLK_unbuffered[0]
    BUFGCTRL_X0Y16       BUFG (Prop_bufg_I_O)         0.101     1.294 r  gru_bin_version_i/processing_system7_0/inst/buffer_fclk_clk_0.FCLK_CLK_0_BUFG/O
                         net (fo=14567, routed)       1.650     2.944    gru_bin_version_wrapper/gru_bin_version/gru_bin_version_axi_mem_intercon_0/s00_couplers_imp_1UT69KP/gru_bin_version_axi_mem_intercon_imp_auto_pc_0/gru_bin_version_axi_mem_intercon_imp_auto_pc_0_axi_protocol_converter_v2_1_37_axi_protocol_converter/gru_bin_version_axi_mem_intercon_imp_auto_pc_0_axi_protocol_converter_v2_1_37_axi3_conv/gru_bin_version_axi_mem_intercon_imp_auto_pc_0_axi_protocol_converter_v2_1_37_a_axi3_conv/gru_bin_version_axi_mem_intercon_imp_auto_pc_0_axi_data_fifo_v2_1_36_axic_fifo/gru_bin_version_axi_mem_intercon_imp_auto_pc_0_axi_data_fifo_v2_1_36_fifo_gen/<hidden>/<hidden>/<hidden>/<hidden>/<hidden>/<hidden>
    SLICE_X36Y59         FDPE                                         r  gru_bin_version_wrapper/gru_bin_version/gru_bin_version_axi_mem_intercon_0/s00_couplers_imp_1UT69KP/gru_bin_version_axi_mem_intercon_imp_auto_pc_0/gru_bin_version_axi_mem_intercon_imp_auto_pc_0_axi_protocol_converter_v2_1_37_axi_protocol_converter/gru_bin_version_axi_mem_intercon_imp_auto_pc_0_axi_protocol_converter_v2_1_37_axi3_conv/gru_bin_version_axi_mem_intercon_imp_auto_pc_0_axi_protocol_converter_v2_1_37_a_axi3_conv/gru_bin_version_axi_mem_intercon_imp_auto_pc_0_axi_data_fifo_v2_1_36_axic_fifo/gru_bin_version_axi_mem_intercon_imp_auto_pc_0_axi_data_fifo_v2_1_36_fifo_gen/<hidden>/<hidden>/<hidden>/<hidden>/<hidden>/<hidden>
  -------------------------------------------------------------------    -------------------
    SLICE_X36Y59         FDPE (Prop_fdpe_C_Q)         0.478     3.422 f  gru_bin_version_wrapper/gru_bin_version/gru_bin_version_axi_mem_intercon_0/s00_couplers_imp_1UT69KP/gru_bin_version_axi_mem_intercon_imp_auto_pc_0/gru_bin_version_axi_mem_intercon_imp_auto_pc_0_axi_protocol_converter_v2_1_37_axi_protocol_converter/gru_bin_version_axi_mem_intercon_imp_auto_pc_0_axi_protocol_converter_v2_1_37_axi3_conv/gru_bin_version_axi_mem_intercon_imp_auto_pc_0_axi_protocol_converter_v2_1_37_a_axi3_conv/gru_bin_version_axi_mem_intercon_imp_auto_pc_0_axi_data_fifo_v2_1_36_axic_fifo/gru_bin_version_axi_mem_intercon_imp_auto_pc_0_axi_data_fifo_v2_1_36_fifo_gen/<hidden>/<hidden>/<hidden>/<hidden>/<hidden>/<hidden>
                         net (fo=2, routed)           0.825     4.247    gru_bin_version_wrapper/gru_bin_version/gru_bin_version_axi_mem_intercon_0/s00_couplers_imp_1UT69KP/gru_bin_version_axi_mem_intercon_imp_auto_pc_0/gru_bin_version_axi_mem_intercon_imp_auto_pc_0_axi_protocol_converter_v2_1_37_axi_protocol_converter/gru_bin_version_axi_mem_intercon_imp_auto_pc_0_axi_protocol_converter_v2_1_37_axi3_conv/gru_bin_version_axi_mem_intercon_imp_auto_pc_0_axi_protocol_converter_v2_1_37_a_axi3_conv/gru_bin_version_axi_mem_intercon_imp_auto_pc_0_axi_data_fifo_v2_1_36_axic_fifo/gru_bin_version_axi_mem_intercon_imp_auto_pc_0_axi_data_fifo_v2_1_36_fifo_gen/<hidden>/<hidden>/<hidden>/<hidden>/<hidden>
    SLICE_X37Y60         LUT3 (Prop_lut3_I2_O)        0.295     4.542 f  gru_bin_version_wrapper/gru_bin_version/gru_bin_version_axi_mem_intercon_0/s00_couplers_imp_1UT69KP/gru_bin_version_axi_mem_intercon_imp_auto_pc_0/gru_bin_version_axi_mem_intercon_imp_auto_pc_0_axi_protocol_converter_v2_1_37_axi_protocol_converter/gru_bin_version_axi_mem_intercon_imp_auto_pc_0_axi_protocol_converter_v2_1_37_axi3_conv/gru_bin_version_axi_mem_intercon_imp_auto_pc_0_axi_protocol_converter_v2_1_37_a_axi3_conv/gru_bin_version_axi_mem_intercon_imp_auto_pc_0_axi_data_fifo_v2_1_36_axic_fifo/gru_bin_version_axi_mem_intercon_imp_auto_pc_0_axi_data_fifo_v2_1_36_fifo_gen/<hidden>/<hidden>/<hidden>/<hidden>/<hidden>
                         net (fo=33, routed)          0.950     5.492    gru_bin_version_wrapper/gru_bin_version/gru_bin_version_axi_mem_intercon_0/s00_couplers_imp_1UT69KP/gru_bin_version_axi_mem_intercon_imp_auto_pc_0/gru_bin_version_axi_mem_intercon_imp_auto_pc_0_axi_protocol_converter_v2_1_37_axi_protocol_converter/gru_bin_version_axi_mem_intercon_imp_auto_pc_0_axi_protocol_converter_v2_1_37_axi3_conv/gru_bin_version_axi_mem_intercon_imp_auto_pc_0_axi_protocol_converter_v2_1_37_a_axi3_conv/gru_bin_version_axi_mem_intercon_imp_auto_pc_0_axi_data_fifo_v2_1_36_axic_fifo/gru_bin_version_axi_mem_intercon_imp_auto_pc_0_axi_data_fifo_v2_1_36_fifo_gen/<hidden>/<hidden>/<hidden>/<hidden>/<hidden>/<hidden>
    SLICE_X40Y62         FDCE                                         f  gru_bin_version_wrapper/gru_bin_version/gru_bin_version_axi_mem_intercon_0/s00_couplers_imp_1UT69KP/gru_bin_version_axi_mem_intercon_imp_auto_pc_0/gru_bin_version_axi_mem_intercon_imp_auto_pc_0_axi_protocol_converter_v2_1_37_axi_protocol_converter/gru_bin_version_axi_mem_intercon_imp_auto_pc_0_axi_protocol_converter_v2_1_37_axi3_conv/gru_bin_version_axi_mem_intercon_imp_auto_pc_0_axi_protocol_converter_v2_1_37_a_axi3_conv/gru_bin_version_axi_mem_intercon_imp_auto_pc_0_axi_data_fifo_v2_1_36_axic_fifo/gru_bin_version_axi_mem_intercon_imp_auto_pc_0_axi_data_fifo_v2_1_36_fifo_gen/<hidden>/<hidden>/<hidden>/<hidden>/<hidden>/<hidden>
  -------------------------------------------------------------------    -------------------

                         (clock clk_fpga_0 rise edge)
                                                     10.000    10.000 r  
    PS7_X0Y0             PS7                          0.000    10.000 r  gru_bin_version_i/processing_system7_0/inst/PS7_i/FCLKCLK[0]
                         net (fo=1, routed)           1.088    11.088    gru_bin_version_i/processing_system7_0/inst/FCLK_CLK_unbuffered[0]
    BUFGCTRL_X0Y16       BUFG (Prop_bufg_I_O)         0.091    11.179 r  gru_bin_version_i/processing_system7_0/inst/buffer_fclk_clk_0.FCLK_CLK_0_BUFG/O
                         net (fo=14567, routed)       1.475    12.654    gru_bin_version_wrapper/gru_bin_version/gru_bin_version_axi_mem_intercon_0/s00_couplers_imp_1UT69KP/gru_bin_version_axi_mem_intercon_imp_auto_pc_0/gru_bin_version_axi_mem_intercon_imp_auto_pc_0_axi_protocol_converter_v2_1_37_axi_protocol_converter/gru_bin_version_axi_mem_intercon_imp_auto_pc_0_axi_protocol_converter_v2_1_37_axi3_conv/gru_bin_version_axi_mem_intercon_imp_auto_pc_0_axi_protocol_converter_v2_1_37_a_axi3_conv/gru_bin_version_axi_mem_intercon_imp_auto_pc_0_axi_data_fifo_v2_1_36_axic_fifo/gru_bin_version_axi_mem_intercon_imp_auto_pc_0_axi_data_fifo_v2_1_36_fifo_gen/<hidden>/<hidden>/<hidden>/<hidden>/<hidden>/<hidden>
    SLICE_X40Y62         FDCE                                         r  gru_bin_version_wrapper/gru_bin_version/gru_bin_version_axi_mem_intercon_0/s00_couplers_imp_1UT69KP/gru_bin_version_axi_mem_intercon_imp_auto_pc_0/gru_bin_version_axi_mem_intercon_imp_auto_pc_0_axi_protocol_converter_v2_1_37_axi_protocol_converter/gru_bin_version_axi_mem_intercon_imp_auto_pc_0_axi_protocol_converter_v2_1_37_axi3_conv/gru_bin_version_axi_mem_intercon_imp_auto_pc_0_axi_protocol_converter_v2_1_37_a_axi3_conv/gru_bin_version_axi_mem_intercon_imp_auto_pc_0_axi_data_fifo_v2_1_36_axic_fifo/gru_bin_version_axi_mem_intercon_imp_auto_pc_0_axi_data_fifo_v2_1_36_fifo_gen/<hidden>/<hidden>/<hidden>/<hidden>/<hidden>/<hidden>
                         clock pessimism              0.229    12.883    
                         clock uncertainty           -0.154    12.729    
    SLICE_X40Y62         FDCE (Recov_fdce_C_CLR)     -0.405    12.324    gru_bin_version_wrapper/gru_bin_version/gru_bin_version_axi_mem_intercon_0/s00_couplers_imp_1UT69KP/gru_bin_version_axi_mem_intercon_imp_auto_pc_0/gru_bin_version_axi_mem_intercon_imp_auto_pc_0_axi_protocol_converter_v2_1_37_axi_protocol_converter/gru_bin_version_axi_mem_intercon_imp_auto_pc_0_axi_protocol_converter_v2_1_37_axi3_conv/gru_bin_version_axi_mem_intercon_imp_auto_pc_0_axi_protocol_converter_v2_1_37_a_axi3_conv/gru_bin_version_axi_mem_intercon_imp_auto_pc_0_axi_data_fifo_v2_1_36_axic_fifo/gru_bin_version_axi_mem_intercon_imp_auto_pc_0_axi_data_fifo_v2_1_36_fifo_gen/<hidden>/<hidden>/<hidden>/<hidden>/<hidden>/<hidden>
  -------------------------------------------------------------------
                         required time                         12.324    
                         arrival time                          -5.492    
  -------------------------------------------------------------------
                         slack                                  6.832    





Min Delay Paths
--------------------------------------------------------------------------------------
Slack (MET) :             0.505ns  (arrival time - required time)
  Source:                 gru_bin_version_wrapper/gru_bin_version/gru_bin_version_axi_mem_intercon_0/s01_couplers_imp_NNMS53/gru_bin_version_axi_mem_intercon_imp_auto_pc_1/gru_bin_version_axi_mem_intercon_imp_auto_pc_1_axi_protocol_converter_v2_1_37_axi_protocol_converter/gru_bin_version_axi_mem_intercon_imp_auto_pc_1_axi_protocol_converter_v2_1_37_axi3_conv/gru_bin_version_axi_mem_intercon_imp_auto_pc_1_axi_protocol_converter_v2_1_37_a_axi3_conv/gru_bin_version_axi_mem_intercon_imp_auto_pc_1_axi_data_fifo_v2_1_36_axic_fifo/gru_bin_version_axi_mem_intercon_imp_auto_pc_1_axi_data_fifo_v2_1_36_fifo_gen_1/<hidden>/<hidden>/<hidden>/<hidden>/<hidden>
                            (rising edge-triggered cell FDRE clocked by clk_fpga_0  {rise@0.000ns fall@5.000ns period=10.000ns})
  Destination:            gru_bin_version_wrapper/gru_bin_version/gru_bin_version_axi_mem_intercon_0/s01_couplers_imp_NNMS53/gru_bin_version_axi_mem_intercon_imp_auto_pc_1/gru_bin_version_axi_mem_intercon_imp_auto_pc_1_axi_protocol_converter_v2_1_37_axi_protocol_converter/gru_bin_version_axi_mem_intercon_imp_auto_pc_1_axi_protocol_converter_v2_1_37_axi3_conv/gru_bin_version_axi_mem_intercon_imp_auto_pc_1_axi_protocol_converter_v2_1_37_a_axi3_conv/gru_bin_version_axi_mem_intercon_imp_auto_pc_1_axi_data_fifo_v2_1_36_axic_fifo/gru_bin_version_axi_mem_intercon_imp_auto_pc_1_axi_data_fifo_v2_1_36_fifo_gen_1/<hidden>/<hidden>/<hidden>/<hidden>/<hidden>/<hidden>
                            (removal check against rising-edge clock clk_fpga_0  {rise@0.000ns fall@5.000ns period=10.000ns})
  Path Group:             **async_default**
  Path Type:              Removal (Min at Fast Process Corner)
  Requirement:            0.000ns  (clk_fpga_0 rise@0.000ns - clk_fpga_0 rise@0.000ns)
  Data Path Delay:        0.428ns  (logic 0.186ns (43.425%)  route 0.242ns (56.575%))
  Logic Levels:           1  (LUT3=1)
  Clock Path Skew:        0.015ns (DCD - SCD - CPR)
    Destination Clock Delay (DCD):    1.190ns
    Source Clock Delay      (SCD):    0.894ns
    Clock Pessimism Removal (CPR):    0.281ns

    Location             Delay type                Incr(ns)  Path(ns)    Netlist Resource(s)
  -------------------------------------------------------------------    -------------------
                         (clock clk_fpga_0 rise edge)
                                                      0.000     0.000 r  
    PS7_X0Y0             PS7                          0.000     0.000 r  gru_bin_version_i/processing_system7_0/inst/PS7_i/FCLKCLK[0]
                         net (fo=1, routed)           0.310     0.310    gru_bin_version_i/processing_system7_0/inst/FCLK_CLK_unbuffered[0]
    BUFGCTRL_X0Y16       BUFG (Prop_bufg_I_O)         0.026     0.336 r  gru_bin_version_i/processing_system7_0/inst/buffer_fclk_clk_0.FCLK_CLK_0_BUFG/O
                         net (fo=14567, routed)       0.558     0.894    gru_bin_version_wrapper/gru_bin_version/gru_bin_version_axi_mem_intercon_0/s01_couplers_imp_NNMS53/gru_bin_version_axi_mem_intercon_imp_auto_pc_1/gru_bin_version_axi_mem_intercon_imp_auto_pc_1_axi_protocol_converter_v2_1_37_axi_protocol_converter/gru_bin_version_axi_mem_intercon_imp_auto_pc_1_axi_protocol_converter_v2_1_37_axi3_conv/gru_bin_version_axi_mem_intercon_imp_auto_pc_1_axi_protocol_converter_v2_1_37_a_axi3_conv/gru_bin_version_axi_mem_intercon_imp_auto_pc_1_axi_data_fifo_v2_1_36_axic_fifo/gru_bin_version_axi_mem_intercon_imp_auto_pc_1_axi_data_fifo_v2_1_36_fifo_gen_1/<hidden>/<hidden>/<hidden>/<hidden>/<hidden>
    SLICE_X35Y56         FDRE                                         r  gru_bin_version_wrapper/gru_bin_version/gru_bin_version_axi_mem_intercon_0/s01_couplers_imp_NNMS53/gru_bin_version_axi_mem_intercon_imp_auto_pc_1/gru_bin_version_axi_mem_intercon_imp_auto_pc_1_axi_protocol_converter_v2_1_37_axi_protocol_converter/gru_bin_version_axi_mem_intercon_imp_auto_pc_1_axi_protocol_converter_v2_1_37_axi3_conv/gru_bin_version_axi_mem_intercon_imp_auto_pc_1_axi_protocol_converter_v2_1_37_a_axi3_conv/gru_bin_version_axi_mem_intercon_imp_auto_pc_1_axi_data_fifo_v2_1_36_axic_fifo/gru_bin_version_axi_mem_intercon_imp_auto_pc_1_axi_data_fifo_v2_1_36_fifo_gen_1/<hidden>/<hidden>/<hidden>/<hidden>/<hidden>
  -------------------------------------------------------------------    -------------------
    SLICE_X35Y56         FDRE (Prop_fdre_C_Q)         0.141     1.035 f  gru_bin_version_wrapper/gru_bin_version/gru_bin_version_axi_mem_intercon_0/s01_couplers_imp_NNMS53/gru_bin_version_axi_mem_intercon_imp_auto_pc_1/gru_bin_version_axi_mem_intercon_imp_auto_pc_1_axi_protocol_converter_v2_1_37_axi_protocol_converter/gru_bin_version_axi_mem_intercon_imp_auto_pc_1_axi_protocol_converter_v2_1_37_axi3_conv/gru_bin_version_axi_mem_intercon_imp_auto_pc_1_axi_protocol_converter_v2_1_37_a_axi3_conv/gru_bin_version_axi_mem_intercon_imp_auto_pc_1_axi_data_fifo_v2_1_36_axic_fifo/gru_bin_version_axi_mem_intercon_imp_auto_pc_1_axi_data_fifo_v2_1_36_fifo_gen_1/<hidden>/<hidden>/<hidden>/<hidden>/<hidden>
                         net (fo=2, routed)           0.114     1.149    gru_bin_version_wrapper/gru_bin_version/gru_bin_version_axi_mem_intercon_0/s01_couplers_imp_NNMS53/gru_bin_version_axi_mem_intercon_imp_auto_pc_1/gru_bin_version_axi_mem_intercon_imp_auto_pc_1_axi_protocol_converter_v2_1_37_axi_protocol_converter/gru_bin_version_axi_mem_intercon_imp_auto_pc_1_axi_protocol_converter_v2_1_37_axi3_conv/gru_bin_version_axi_mem_intercon_imp_auto_pc_1_axi_protocol_converter_v2_1_37_a_axi3_conv/gru_bin_version_axi_mem_intercon_imp_auto_pc_1_axi_data_fifo_v2_1_36_axic_fifo/gru_bin_version_axi_mem_intercon_imp_auto_pc_1_axi_data_fifo_v2_1_36_fifo_gen_1/<hidden>/<hidden>/<hidden>/<hidden>/<hidden>
    SLICE_X35Y57         LUT3 (Prop_lut3_I0_O)        0.045     1.194 f  gru_bin_version_wrapper/gru_bin_version/gru_bin_version_axi_mem_intercon_0/s01_couplers_imp_NNMS53/gru_bin_version_axi_mem_intercon_imp_auto_pc_1/gru_bin_version_axi_mem_intercon_imp_auto_pc_1_axi_protocol_converter_v2_1_37_axi_protocol_converter/gru_bin_version_axi_mem_intercon_imp_auto_pc_1_axi_protocol_converter_v2_1_37_axi3_conv/gru_bin_version_axi_mem_intercon_imp_auto_pc_1_axi_protocol_converter_v2_1_37_a_axi3_conv/gru_bin_version_axi_mem_intercon_imp_auto_pc_1_axi_data_fifo_v2_1_36_axic_fifo/gru_bin_version_axi_mem_intercon_imp_auto_pc_1_axi_data_fifo_v2_1_36_fifo_gen_1/<hidden>/<hidden>/<hidden>/<hidden>/<hidden>
                         net (fo=32, routed)          0.128     1.322    gru_bin_version_wrapper/gru_bin_version/gru_bin_version_axi_mem_intercon_0/s01_couplers_imp_NNMS53/gru_bin_version_axi_mem_intercon_imp_auto_pc_1/gru_bin_version_axi_mem_intercon_imp_auto_pc_1_axi_protocol_converter_v2_1_37_axi_protocol_converter/gru_bin_version_axi_mem_intercon_imp_auto_pc_1_axi_protocol_converter_v2_1_37_axi3_conv/gru_bin_version_axi_mem_intercon_imp_auto_pc_1_axi_protocol_converter_v2_1_37_a_axi3_conv/gru_bin_version_axi_mem_intercon_imp_auto_pc_1_axi_data_fifo_v2_1_36_axic_fifo/gru_bin_version_axi_mem_intercon_imp_auto_pc_1_axi_data_fifo_v2_1_36_fifo_gen_1/<hidden>/<hidden>/<hidden>/<hidden>/<hidden>/<hidden>
    SLICE_X35Y58         FDCE                                         f  gru_bin_version_wrapper/gru_bin_version/gru_bin_version_axi_mem_intercon_0/s01_couplers_imp_NNMS53/gru_bin_version_axi_mem_intercon_imp_auto_pc_1/gru_bin_version_axi_mem_intercon_imp_auto_pc_1_axi_protocol_converter_v2_1_37_axi_protocol_converter/gru_bin_version_axi_mem_intercon_imp_auto_pc_1_axi_protocol_converter_v2_1_37_axi3_conv/gru_bin_version_axi_mem_intercon_imp_auto_pc_1_axi_protocol_converter_v2_1_37_a_axi3_conv/gru_bin_version_axi_mem_intercon_imp_auto_pc_1_axi_data_fifo_v2_1_36_axic_fifo/gru_bin_version_axi_mem_intercon_imp_auto_pc_1_axi_data_fifo_v2_1_36_fifo_gen_1/<hidden>/<hidden>/<hidden>/<hidden>/<hidden>/<hidden>
  -------------------------------------------------------------------    -------------------

                         (clock clk_fpga_0 rise edge)
                                                      0.000     0.000 r  
    PS7_X0Y0             PS7                          0.000     0.000 r  gru_bin_version_i/processing_system7_0/inst/PS7_i/FCLKCLK[0]
                         net (fo=1, routed)           0.337     0.337    gru_bin_version_i/processing_system7_0/inst/FCLK_CLK_unbuffered[0]
    BUFGCTRL_X0Y16       BUFG (Prop_bufg_I_O)         0.029     0.366 r  gru_bin_version_i/processing_system7_0/inst/buffer_fclk_clk_0.FCLK_CLK_0_BUFG/O
                         net (fo=14567, routed)       0.824     1.190    gru_bin_version_wrapper/gru_bin_version/gru_bin_version_axi_mem_intercon_0/s01_couplers_imp_NNMS53/gru_bin_version_axi_mem_intercon_imp_auto_pc_1/gru_bin_version_axi_mem_intercon_imp_auto_pc_1_axi_protocol_converter_v2_1_37_axi_protocol_converter/gru_bin_version_axi_mem_intercon_imp_auto_pc_1_axi_protocol_converter_v2_1_37_axi3_conv/gru_bin_version_axi_mem_intercon_imp_auto_pc_1_axi_protocol_converter_v2_1_37_a_axi3_conv/gru_bin_version_axi_mem_intercon_imp_auto_pc_1_axi_data_fifo_v2_1_36_axic_fifo/gru_bin_version_axi_mem_intercon_imp_auto_pc_1_axi_data_fifo_v2_1_36_fifo_gen_1/<hidden>/<hidden>/<hidden>/<hidden>/<hidden>/<hidden>
    SLICE_X35Y58         FDCE                                         r  gru_bin_version_wrapper/gru_bin_version/gru_bin_version_axi_mem_intercon_0/s01_couplers_imp_NNMS53/gru_bin_version_axi_mem_intercon_imp_auto_pc_1/gru_bin_version_axi_mem_intercon_imp_auto_pc_1_axi_protocol_converter_v2_1_37_axi_protocol_converter/gru_bin_version_axi_mem_intercon_imp_auto_pc_1_axi_protocol_converter_v2_1_37_axi3_conv/gru_bin_version_axi_mem_intercon_imp_auto_pc_1_axi_protocol_converter_v2_1_37_a_axi3_conv/gru_bin_version_axi_mem_intercon_imp_auto_pc_1_axi_data_fifo_v2_1_36_axic_fifo/gru_bin_version_axi_mem_intercon_imp_auto_pc_1_axi_data_fifo_v2_1_36_fifo_gen_1/<hidden>/<hidden>/<hidden>/<hidden>/<hidden>/<hidden>
                         clock pessimism             -0.281     0.909    
    SLICE_X35Y58         FDCE (Remov_fdce_C_CLR)     -0.092     0.817    gru_bin_version_wrapper/gru_bin_version/gru_bin_version_axi_mem_intercon_0/s01_couplers_imp_NNMS53/gru_bin_version_axi_mem_intercon_imp_auto_pc_1/gru_bin_version_axi_mem_intercon_imp_auto_pc_1_axi_protocol_converter_v2_1_37_axi_protocol_converter/gru_bin_version_axi_mem_intercon_imp_auto_pc_1_axi_protocol_converter_v2_1_37_axi3_conv/gru_bin_version_axi_mem_intercon_imp_auto_pc_1_axi_protocol_converter_v2_1_37_a_axi3_conv/gru_bin_version_axi_mem_intercon_imp_auto_pc_1_axi_data_fifo_v2_1_36_axic_fifo/gru_bin_version_axi_mem_intercon_imp_auto_pc_1_axi_data_fifo_v2_1_36_fifo_gen_1/<hidden>/<hidden>/<hidden>/<hidden>/<hidden>/<hidden>
  -------------------------------------------------------------------
                         required time                         -0.817    
                         arrival time                           1.322    
  -------------------------------------------------------------------
                         slack                                  0.505    

Slack (MET) :             0.505ns  (arrival time - required time)
  Source:                 gru_bin_version_wrapper/gru_bin_version/gru_bin_version_axi_mem_intercon_0/s01_couplers_imp_NNMS53/gru_bin_version_axi_mem_intercon_imp_auto_pc_1/gru_bin_version_axi_mem_intercon_imp_auto_pc_1_axi_protocol_converter_v2_1_37_axi_protocol_converter/gru_bin_version_axi_mem_intercon_imp_auto_pc_1_axi_protocol_converter_v2_1_37_axi3_conv/gru_bin_version_axi_mem_intercon_imp_auto_pc_1_axi_protocol_converter_v2_1_37_a_axi3_conv/gru_bin_version_axi_mem_intercon_imp_auto_pc_1_axi_data_fifo_v2_1_36_axic_fifo/gru_bin_version_axi_mem_intercon_imp_auto_pc_1_axi_data_fifo_v2_1_36_fifo_gen_1/<hidden>/<hidden>/<hidden>/<hidden>/<hidden>
                            (rising edge-triggered cell FDRE clocked by clk_fpga_0  {rise@0.000ns fall@5.000ns period=10.000ns})
  Destination:            gru_bin_version_wrapper/gru_bin_version/gru_bin_version_axi_mem_intercon_0/s01_couplers_imp_NNMS53/gru_bin_version_axi_mem_intercon_imp_auto_pc_1/gru_bin_version_axi_mem_intercon_imp_auto_pc_1_axi_protocol_converter_v2_1_37_axi_protocol_converter/gru_bin_version_axi_mem_intercon_imp_auto_pc_1_axi_protocol_converter_v2_1_37_axi3_conv/gru_bin_version_axi_mem_intercon_imp_auto_pc_1_axi_protocol_converter_v2_1_37_a_axi3_conv/gru_bin_version_axi_mem_intercon_imp_auto_pc_1_axi_data_fifo_v2_1_36_axic_fifo/gru_bin_version_axi_mem_intercon_imp_auto_pc_1_axi_data_fifo_v2_1_36_fifo_gen_1/<hidden>/<hidden>/<hidden>/<hidden>/<hidden>/<hidden>
                            (removal check against rising-edge clock clk_fpga_0  {rise@0.000ns fall@5.000ns period=10.000ns})
  Path Group:             **async_default**
  Path Type:              Removal (Min at Fast Process Corner)
  Requirement:            0.000ns  (clk_fpga_0 rise@0.000ns - clk_fpga_0 rise@0.000ns)
  Data Path Delay:        0.428ns  (logic 0.186ns (43.425%)  route 0.242ns (56.575%))
  Logic Levels:           1  (LUT3=1)
  Clock Path Skew:        0.015ns (DCD - SCD - CPR)
    Destination Clock Delay (DCD):    1.190ns
    Source Clock Delay      (SCD):    0.894ns
    Clock Pessimism Removal (CPR):    0.281ns

    Location             Delay type                Incr(ns)  Path(ns)    Netlist Resource(s)
  -------------------------------------------------------------------    -------------------
                         (clock clk_fpga_0 rise edge)
                                                      0.000     0.000 r  
    PS7_X0Y0             PS7                          0.000     0.000 r  gru_bin_version_i/processing_system7_0/inst/PS7_i/FCLKCLK[0]
                         net (fo=1, routed)           0.310     0.310    gru_bin_version_i/processing_system7_0/inst/FCLK_CLK_unbuffered[0]
    BUFGCTRL_X0Y16       BUFG (Prop_bufg_I_O)         0.026     0.336 r  gru_bin_version_i/processing_system7_0/inst/buffer_fclk_clk_0.FCLK_CLK_0_BUFG/O
                         net (fo=14567, routed)       0.558     0.894    gru_bin_version_wrapper/gru_bin_version/gru_bin_version_axi_mem_intercon_0/s01_couplers_imp_NNMS53/gru_bin_version_axi_mem_intercon_imp_auto_pc_1/gru_bin_version_axi_mem_intercon_imp_auto_pc_1_axi_protocol_converter_v2_1_37_axi_protocol_converter/gru_bin_version_axi_mem_intercon_imp_auto_pc_1_axi_protocol_converter_v2_1_37_axi3_conv/gru_bin_version_axi_mem_intercon_imp_auto_pc_1_axi_protocol_converter_v2_1_37_a_axi3_conv/gru_bin_version_axi_mem_intercon_imp_auto_pc_1_axi_data_fifo_v2_1_36_axic_fifo/gru_bin_version_axi_mem_intercon_imp_auto_pc_1_axi_data_fifo_v2_1_36_fifo_gen_1/<hidden>/<hidden>/<hidden>/<hidden>/<hidden>
    SLICE_X35Y56         FDRE                                         r  gru_bin_version_wrapper/gru_bin_version/gru_bin_version_axi_mem_intercon_0/s01_couplers_imp_NNMS53/gru_bin_version_axi_mem_intercon_imp_auto_pc_1/gru_bin_version_axi_mem_intercon_imp_auto_pc_1_axi_protocol_converter_v2_1_37_axi_protocol_converter/gru_bin_version_axi_mem_intercon_imp_auto_pc_1_axi_protocol_converter_v2_1_37_axi3_conv/gru_bin_version_axi_mem_intercon_imp_auto_pc_1_axi_protocol_converter_v2_1_37_a_axi3_conv/gru_bin_version_axi_mem_intercon_imp_auto_pc_1_axi_data_fifo_v2_1_36_axic_fifo/gru_bin_version_axi_mem_intercon_imp_auto_pc_1_axi_data_fifo_v2_1_36_fifo_gen_1/<hidden>/<hidden>/<hidden>/<hidden>/<hidden>
  -------------------------------------------------------------------    -------------------
    SLICE_X35Y56         FDRE (Prop_fdre_C_Q)         0.141     1.035 f  gru_bin_version_wrapper/gru_bin_version/gru_bin_version_axi_mem_intercon_0/s01_couplers_imp_NNMS53/gru_bin_version_axi_mem_intercon_imp_auto_pc_1/gru_bin_version_axi_mem_intercon_imp_auto_pc_1_axi_protocol_converter_v2_1_37_axi_protocol_converter/gru_bin_version_axi_mem_intercon_imp_auto_pc_1_axi_protocol_converter_v2_1_37_axi3_conv/gru_bin_version_axi_mem_intercon_imp_auto_pc_1_axi_protocol_converter_v2_1_37_a_axi3_conv/gru_bin_version_axi_mem_intercon_imp_auto_pc_1_axi_data_fifo_v2_1_36_axic_fifo/gru_bin_version_axi_mem_intercon_imp_auto_pc_1_axi_data_fifo_v2_1_36_fifo_gen_1/<hidden>/<hidden>/<hidden>/<hidden>/<hidden>
                         net (fo=2, routed)           0.114     1.149    gru_bin_version_wrapper/gru_bin_version/gru_bin_version_axi_mem_intercon_0/s01_couplers_imp_NNMS53/gru_bin_version_axi_mem_intercon_imp_auto_pc_1/gru_bin_version_axi_mem_intercon_imp_auto_pc_1_axi_protocol_converter_v2_1_37_axi_protocol_converter/gru_bin_version_axi_mem_intercon_imp_auto_pc_1_axi_protocol_converter_v2_1_37_axi3_conv/gru_bin_version_axi_mem_intercon_imp_auto_pc_1_axi_protocol_converter_v2_1_37_a_axi3_conv/gru_bin_version_axi_mem_intercon_imp_auto_pc_1_axi_data_fifo_v2_1_36_axic_fifo/gru_bin_version_axi_mem_intercon_imp_auto_pc_1_axi_data_fifo_v2_1_36_fifo_gen_1/<hidden>/<hidden>/<hidden>/<hidden>/<hidden>
    SLICE_X35Y57         LUT3 (Prop_lut3_I0_O)        0.045     1.194 f  gru_bin_version_wrapper/gru_bin_version/gru_bin_version_axi_mem_intercon_0/s01_couplers_imp_NNMS53/gru_bin_version_axi_mem_intercon_imp_auto_pc_1/gru_bin_version_axi_mem_intercon_imp_auto_pc_1_axi_protocol_converter_v2_1_37_axi_protocol_converter/gru_bin_version_axi_mem_intercon_imp_auto_pc_1_axi_protocol_converter_v2_1_37_axi3_conv/gru_bin_version_axi_mem_intercon_imp_auto_pc_1_axi_protocol_converter_v2_1_37_a_axi3_conv/gru_bin_version_axi_mem_intercon_imp_auto_pc_1_axi_data_fifo_v2_1_36_axic_fifo/gru_bin_version_axi_mem_intercon_imp_auto_pc_1_axi_data_fifo_v2_1_36_fifo_gen_1/<hidden>/<hidden>/<hidden>/<hidden>/<hidden>
                         net (fo=32, routed)          0.128     1.322    gru_bin_version_wrapper/gru_bin_version/gru_bin_version_axi_mem_intercon_0/s01_couplers_imp_NNMS53/gru_bin_version_axi_mem_intercon_imp_auto_pc_1/gru_bin_version_axi_mem_intercon_imp_auto_pc_1_axi_protocol_converter_v2_1_37_axi_protocol_converter/gru_bin_version_axi_mem_intercon_imp_auto_pc_1_axi_protocol_converter_v2_1_37_axi3_conv/gru_bin_version_axi_mem_intercon_imp_auto_pc_1_axi_protocol_converter_v2_1_37_a_axi3_conv/gru_bin_version_axi_mem_intercon_imp_auto_pc_1_axi_data_fifo_v2_1_36_axic_fifo/gru_bin_version_axi_mem_intercon_imp_auto_pc_1_axi_data_fifo_v2_1_36_fifo_gen_1/<hidden>/<hidden>/<hidden>/<hidden>/<hidden>/<hidden>
    SLICE_X35Y58         FDCE                                         f  gru_bin_version_wrapper/gru_bin_version/gru_bin_version_axi_mem_intercon_0/s01_couplers_imp_NNMS53/gru_bin_version_axi_mem_intercon_imp_auto_pc_1/gru_bin_version_axi_mem_intercon_imp_auto_pc_1_axi_protocol_converter_v2_1_37_axi_protocol_converter/gru_bin_version_axi_mem_intercon_imp_auto_pc_1_axi_protocol_converter_v2_1_37_axi3_conv/gru_bin_version_axi_mem_intercon_imp_auto_pc_1_axi_protocol_converter_v2_1_37_a_axi3_conv/gru_bin_version_axi_mem_intercon_imp_auto_pc_1_axi_data_fifo_v2_1_36_axic_fifo/gru_bin_version_axi_mem_intercon_imp_auto_pc_1_axi_data_fifo_v2_1_36_fifo_gen_1/<hidden>/<hidden>/<hidden>/<hidden>/<hidden>/<hidden>
  -------------------------------------------------------------------    -------------------

                         (clock clk_fpga_0 rise edge)
                                                      0.000     0.000 r  
    PS7_X0Y0             PS7                          0.000     0.000 r  gru_bin_version_i/processing_system7_0/inst/PS7_i/FCLKCLK[0]
                         net (fo=1, routed)           0.337     0.337    gru_bin_version_i/processing_system7_0/inst/FCLK_CLK_unbuffered[0]
    BUFGCTRL_X0Y16       BUFG (Prop_bufg_I_O)         0.029     0.366 r  gru_bin_version_i/processing_system7_0/inst/buffer_fclk_clk_0.FCLK_CLK_0_BUFG/O
                         net (fo=14567, routed)       0.824     1.190    gru_bin_version_wrapper/gru_bin_version/gru_bin_version_axi_mem_intercon_0/s01_couplers_imp_NNMS53/gru_bin_version_axi_mem_intercon_imp_auto_pc_1/gru_bin_version_axi_mem_intercon_imp_auto_pc_1_axi_protocol_converter_v2_1_37_axi_protocol_converter/gru_bin_version_axi_mem_intercon_imp_auto_pc_1_axi_protocol_converter_v2_1_37_axi3_conv/gru_bin_version_axi_mem_intercon_imp_auto_pc_1_axi_protocol_converter_v2_1_37_a_axi3_conv/gru_bin_version_axi_mem_intercon_imp_auto_pc_1_axi_data_fifo_v2_1_36_axic_fifo/gru_bin_version_axi_mem_intercon_imp_auto_pc_1_axi_data_fifo_v2_1_36_fifo_gen_1/<hidden>/<hidden>/<hidden>/<hidden>/<hidden>/<hidden>
    SLICE_X35Y58         FDCE                                         r  gru_bin_version_wrapper/gru_bin_version/gru_bin_version_axi_mem_intercon_0/s01_couplers_imp_NNMS53/gru_bin_version_axi_mem_intercon_imp_auto_pc_1/gru_bin_version_axi_mem_intercon_imp_auto_pc_1_axi_protocol_converter_v2_1_37_axi_protocol_converter/gru_bin_version_axi_mem_intercon_imp_auto_pc_1_axi_protocol_converter_v2_1_37_axi3_conv/gru_bin_version_axi_mem_intercon_imp_auto_pc_1_axi_protocol_converter_v2_1_37_a_axi3_conv/gru_bin_version_axi_mem_intercon_imp_auto_pc_1_axi_data_fifo_v2_1_36_axic_fifo/gru_bin_version_axi_mem_intercon_imp_auto_pc_1_axi_data_fifo_v2_1_36_fifo_gen_1/<hidden>/<hidden>/<hidden>/<hidden>/<hidden>/<hidden>
                         clock pessimism             -0.281     0.909    
    SLICE_X35Y58         FDCE (Remov_fdce_C_CLR)     -0.092     0.817    gru_bin_version_wrapper/gru_bin_version/gru_bin_version_axi_mem_intercon_0/s01_couplers_imp_NNMS53/gru_bin_version_axi_mem_intercon_imp_auto_pc_1/gru_bin_version_axi_mem_intercon_imp_auto_pc_1_axi_protocol_converter_v2_1_37_axi_protocol_converter/gru_bin_version_axi_mem_intercon_imp_auto_pc_1_axi_protocol_converter_v2_1_37_axi3_conv/gru_bin_version_axi_mem_intercon_imp_auto_pc_1_axi_protocol_converter_v2_1_37_a_axi3_conv/gru_bin_version_axi_mem_intercon_imp_auto_pc_1_axi_data_fifo_v2_1_36_axic_fifo/gru_bin_version_axi_mem_intercon_imp_auto_pc_1_axi_data_fifo_v2_1_36_fifo_gen_1/<hidden>/<hidden>/<hidden>/<hidden>/<hidden>/<hidden>
  -------------------------------------------------------------------
                         required time                         -0.817    
                         arrival time                           1.322    
  -------------------------------------------------------------------
                         slack                                  0.505    

Slack (MET) :             0.508ns  (arrival time - required time)
  Source:                 gru_bin_version_wrapper/gru_bin_version/gru_bin_version_axi_mem_intercon_0/s01_couplers_imp_NNMS53/gru_bin_version_axi_mem_intercon_imp_auto_pc_1/gru_bin_version_axi_mem_intercon_imp_auto_pc_1_axi_protocol_converter_v2_1_37_axi_protocol_converter/gru_bin_version_axi_mem_intercon_imp_auto_pc_1_axi_protocol_converter_v2_1_37_axi3_conv/gru_bin_version_axi_mem_intercon_imp_auto_pc_1_axi_protocol_converter_v2_1_37_a_axi3_conv/gru_bin_version_axi_mem_intercon_imp_auto_pc_1_axi_data_fifo_v2_1_36_axic_fifo/gru_bin_version_axi_mem_intercon_imp_auto_pc_1_axi_data_fifo_v2_1_36_fifo_gen_1/<hidden>/<hidden>/<hidden>/<hidden>/<hidden>
                            (rising edge-triggered cell FDRE clocked by clk_fpga_0  {rise@0.000ns fall@5.000ns period=10.000ns})
  Destination:            gru_bin_version_wrapper/gru_bin_version/gru_bin_version_axi_mem_intercon_0/s01_couplers_imp_NNMS53/gru_bin_version_axi_mem_intercon_imp_auto_pc_1/gru_bin_version_axi_mem_intercon_imp_auto_pc_1_axi_protocol_converter_v2_1_37_axi_protocol_converter/gru_bin_version_axi_mem_intercon_imp_auto_pc_1_axi_protocol_converter_v2_1_37_axi3_conv/gru_bin_version_axi_mem_intercon_imp_auto_pc_1_axi_protocol_converter_v2_1_37_a_axi3_conv/gru_bin_version_axi_mem_intercon_imp_auto_pc_1_axi_data_fifo_v2_1_36_axic_fifo/gru_bin_version_axi_mem_intercon_imp_auto_pc_1_axi_data_fifo_v2_1_36_fifo_gen_1/<hidden>/<hidden>/<hidden>/<hidden>/<hidden>/<hidden>
                            (removal check against rising-edge clock clk_fpga_0  {rise@0.000ns fall@5.000ns period=10.000ns})
  Path Group:             **async_default**
  Path Type:              Removal (Min at Fast Process Corner)
  Requirement:            0.000ns  (clk_fpga_0 rise@0.000ns - clk_fpga_0 rise@0.000ns)
  Data Path Delay:        0.428ns  (logic 0.186ns (43.425%)  route 0.242ns (56.575%))
  Logic Levels:           1  (LUT3=1)
  Clock Path Skew:        0.015ns (DCD - SCD - CPR)
    Destination Clock Delay (DCD):    1.190ns
    Source Clock Delay      (SCD):    0.894ns
    Clock Pessimism Removal (CPR):    0.281ns

    Location             Delay type                Incr(ns)  Path(ns)    Netlist Resource(s)
  -------------------------------------------------------------------    -------------------
                         (clock clk_fpga_0 rise edge)
                                                      0.000     0.000 r  
    PS7_X0Y0             PS7                          0.000     0.000 r  gru_bin_version_i/processing_system7_0/inst/PS7_i/FCLKCLK[0]
                         net (fo=1, routed)           0.310     0.310    gru_bin_version_i/processing_system7_0/inst/FCLK_CLK_unbuffered[0]
    BUFGCTRL_X0Y16       BUFG (Prop_bufg_I_O)         0.026     0.336 r  gru_bin_version_i/processing_system7_0/inst/buffer_fclk_clk_0.FCLK_CLK_0_BUFG/O
                         net (fo=14567, routed)       0.558     0.894    gru_bin_version_wrapper/gru_bin_version/gru_bin_version_axi_mem_intercon_0/s01_couplers_imp_NNMS53/gru_bin_version_axi_mem_intercon_imp_auto_pc_1/gru_bin_version_axi_mem_intercon_imp_auto_pc_1_axi_protocol_converter_v2_1_37_axi_protocol_converter/gru_bin_version_axi_mem_intercon_imp_auto_pc_1_axi_protocol_converter_v2_1_37_axi3_conv/gru_bin_version_axi_mem_intercon_imp_auto_pc_1_axi_protocol_converter_v2_1_37_a_axi3_conv/gru_bin_version_axi_mem_intercon_imp_auto_pc_1_axi_data_fifo_v2_1_36_axic_fifo/gru_bin_version_axi_mem_intercon_imp_auto_pc_1_axi_data_fifo_v2_1_36_fifo_gen_1/<hidden>/<hidden>/<hidden>/<hidden>/<hidden>
    SLICE_X35Y56         FDRE                                         r  gru_bin_version_wrapper/gru_bin_version/gru_bin_version_axi_mem_intercon_0/s01_couplers_imp_NNMS53/gru_bin_version_axi_mem_intercon_imp_auto_pc_1/gru_bin_version_axi_mem_intercon_imp_auto_pc_1_axi_protocol_converter_v2_1_37_axi_protocol_converter/gru_bin_version_axi_mem_intercon_imp_auto_pc_1_axi_protocol_converter_v2_1_37_axi3_conv/gru_bin_version_axi_mem_intercon_imp_auto_pc_1_axi_protocol_converter_v2_1_37_a_axi3_conv/gru_bin_version_axi_mem_intercon_imp_auto_pc_1_axi_data_fifo_v2_1_36_axic_fifo/gru_bin_version_axi_mem_intercon_imp_auto_pc_1_axi_data_fifo_v2_1_36_fifo_gen_1/<hidden>/<hidden>/<hidden>/<hidden>/<hidden>
  -------------------------------------------------------------------    -------------------
    SLICE_X35Y56         FDRE (Prop_fdre_C_Q)         0.141     1.035 f  gru_bin_version_wrapper/gru_bin_version/gru_bin_version_axi_mem_intercon_0/s01_couplers_imp_NNMS53/gru_bin_version_axi_mem_intercon_imp_auto_pc_1/gru_bin_version_axi_mem_intercon_imp_auto_pc_1_axi_protocol_converter_v2_1_37_axi_protocol_converter/gru_bin_version_axi_mem_intercon_imp_auto_pc_1_axi_protocol_converter_v2_1_37_axi3_conv/gru_bin_version_axi_mem_intercon_imp_auto_pc_1_axi_protocol_converter_v2_1_37_a_axi3_conv/gru_bin_version_axi_mem_intercon_imp_auto_pc_1_axi_data_fifo_v2_1_36_axic_fifo/gru_bin_version_axi_mem_intercon_imp_auto_pc_1_axi_data_fifo_v2_1_36_fifo_gen_1/<hidden>/<hidden>/<hidden>/<hidden>/<hidden>
                         net (fo=2, routed)           0.114     1.149    gru_bin_version_wrapper/gru_bin_version/gru_bin_version_axi_mem_intercon_0/s01_couplers_imp_NNMS53/gru_bin_version_axi_mem_intercon_imp_auto_pc_1/gru_bin_version_axi_mem_intercon_imp_auto_pc_1_axi_protocol_converter_v2_1_37_axi_protocol_converter/gru_bin_version_axi_mem_intercon_imp_auto_pc_1_axi_protocol_converter_v2_1_37_axi3_conv/gru_bin_version_axi_mem_intercon_imp_auto_pc_1_axi_protocol_converter_v2_1_37_a_axi3_conv/gru_bin_version_axi_mem_intercon_imp_auto_pc_1_axi_data_fifo_v2_1_36_axic_fifo/gru_bin_version_axi_mem_intercon_imp_auto_pc_1_axi_data_fifo_v2_1_36_fifo_gen_1/<hidden>/<hidden>/<hidden>/<hidden>/<hidden>
    SLICE_X35Y57         LUT3 (Prop_lut3_I0_O)        0.045     1.194 f  gru_bin_version_wrapper/gru_bin_version/gru_bin_version_axi_mem_intercon_0/s01_couplers_imp_NNMS53/gru_bin_version_axi_mem_intercon_imp_auto_pc_1/gru_bin_version_axi_mem_intercon_imp_auto_pc_1_axi_protocol_converter_v2_1_37_axi_protocol_converter/gru_bin_version_axi_mem_intercon_imp_auto_pc_1_axi_protocol_converter_v2_1_37_axi3_conv/gru_bin_version_axi_mem_intercon_imp_auto_pc_1_axi_protocol_converter_v2_1_37_a_axi3_conv/gru_bin_version_axi_mem_intercon_imp_auto_pc_1_axi_data_fifo_v2_1_36_axic_fifo/gru_bin_version_axi_mem_intercon_imp_auto_pc_1_axi_data_fifo_v2_1_36_fifo_gen_1/<hidden>/<hidden>/<hidden>/<hidden>/<hidden>
                         net (fo=32, routed)          0.128     1.322    gru_bin_version_wrapper/gru_bin_version/gru_bin_version_axi_mem_intercon_0/s01_couplers_imp_NNMS53/gru_bin_version_axi_mem_intercon_imp_auto_pc_1/gru_bin_version_axi_mem_intercon_imp_auto_pc_1_axi_protocol_converter_v2_1_37_axi_protocol_converter/gru_bin_version_axi_mem_intercon_imp_auto_pc_1_axi_protocol_converter_v2_1_37_axi3_conv/gru_bin_version_axi_mem_intercon_imp_auto_pc_1_axi_protocol_converter_v2_1_37_a_axi3_conv/gru_bin_version_axi_mem_intercon_imp_auto_pc_1_axi_data_fifo_v2_1_36_axic_fifo/gru_bin_version_axi_mem_intercon_imp_auto_pc_1_axi_data_fifo_v2_1_36_fifo_gen_1/<hidden>/<hidden>/<hidden>/<hidden>/<hidden>/<hidden>
    SLICE_X35Y58         FDPE                                         f  gru_bin_version_wrapper/gru_bin_version/gru_bin_version_axi_mem_intercon_0/s01_couplers_imp_NNMS53/gru_bin_version_axi_mem_intercon_imp_auto_pc_1/gru_bin_version_axi_mem_intercon_imp_auto_pc_1_axi_protocol_converter_v2_1_37_axi_protocol_converter/gru_bin_version_axi_mem_intercon_imp_auto_pc_1_axi_protocol_converter_v2_1_37_axi3_conv/gru_bin_version_axi_mem_intercon_imp_auto_pc_1_axi_protocol_converter_v2_1_37_a_axi3_conv/gru_bin_version_axi_mem_intercon_imp_auto_pc_1_axi_data_fifo_v2_1_36_axic_fifo/gru_bin_version_axi_mem_intercon_imp_auto_pc_1_axi_data_fifo_v2_1_36_fifo_gen_1/<hidden>/<hidden>/<hidden>/<hidden>/<hidden>/<hidden>
  -------------------------------------------------------------------    -------------------

                         (clock clk_fpga_0 rise edge)
                                                      0.000     0.000 r  
    PS7_X0Y0             PS7                          0.000     0.000 r  gru_bin_version_i/processing_system7_0/inst/PS7_i/FCLKCLK[0]
                         net (fo=1, routed)           0.337     0.337    gru_bin_version_i/processing_system7_0/inst/FCLK_CLK_unbuffered[0]
    BUFGCTRL_X0Y16       BUFG (Prop_bufg_I_O)         0.029     0.366 r  gru_bin_version_i/processing_system7_0/inst/buffer_fclk_clk_0.FCLK_CLK_0_BUFG/O
                         net (fo=14567, routed)       0.824     1.190    gru_bin_version_wrapper/gru_bin_version/gru_bin_version_axi_mem_intercon_0/s01_couplers_imp_NNMS53/gru_bin_version_axi_mem_intercon_imp_auto_pc_1/gru_bin_version_axi_mem_intercon_imp_auto_pc_1_axi_protocol_converter_v2_1_37_axi_protocol_converter/gru_bin_version_axi_mem_intercon_imp_auto_pc_1_axi_protocol_converter_v2_1_37_axi3_conv/gru_bin_version_axi_mem_intercon_imp_auto_pc_1_axi_protocol_converter_v2_1_37_a_axi3_conv/gru_bin_version_axi_mem_intercon_imp_auto_pc_1_axi_data_fifo_v2_1_36_axic_fifo/gru_bin_version_axi_mem_intercon_imp_auto_pc_1_axi_data_fifo_v2_1_36_fifo_gen_1/<hidden>/<hidden>/<hidden>/<hidden>/<hidden>/<hidden>
    SLICE_X35Y58         FDPE                                         r  gru_bin_version_wrapper/gru_bin_version/gru_bin_version_axi_mem_intercon_0/s01_couplers_imp_NNMS53/gru_bin_version_axi_mem_intercon_imp_auto_pc_1/gru_bin_version_axi_mem_intercon_imp_auto_pc_1_axi_protocol_converter_v2_1_37_axi_protocol_converter/gru_bin_version_axi_mem_intercon_imp_auto_pc_1_axi_protocol_converter_v2_1_37_axi3_conv/gru_bin_version_axi_mem_intercon_imp_auto_pc_1_axi_protocol_converter_v2_1_37_a_axi3_conv/gru_bin_version_axi_mem_intercon_imp_auto_pc_1_axi_data_fifo_v2_1_36_axic_fifo/gru_bin_version_axi_mem_intercon_imp_auto_pc_1_axi_data_fifo_v2_1_36_fifo_gen_1/<hidden>/<hidden>/<hidden>/<hidden>/<hidden>/<hidden>
                         clock pessimism             -0.281     0.909    
    SLICE_X35Y58         FDPE (Remov_fdpe_C_PRE)     -0.095     0.814    gru_bin_version_wrapper/gru_bin_version/gru_bin_version_axi_mem_intercon_0/s01_couplers_imp_NNMS53/gru_bin_version_axi_mem_intercon_imp_auto_pc_1/gru_bin_version_axi_mem_intercon_imp_auto_pc_1_axi_protocol_converter_v2_1_37_axi_protocol_converter/gru_bin_version_axi_mem_intercon_imp_auto_pc_1_axi_protocol_converter_v2_1_37_axi3_conv/gru_bin_version_axi_mem_intercon_imp_auto_pc_1_axi_protocol_converter_v2_1_37_a_axi3_conv/gru_bin_version_axi_mem_intercon_imp_auto_pc_1_axi_data_fifo_v2_1_36_axic_fifo/gru_bin_version_axi_mem_intercon_imp_auto_pc_1_axi_data_fifo_v2_1_36_fifo_gen_1/<hidden>/<hidden>/<hidden>/<hidden>/<hidden>/<hidden>
  -------------------------------------------------------------------
                         required time                         -0.814    
                         arrival time                           1.322    
  -------------------------------------------------------------------
                         slack                                  0.508    

Slack (MET) :             0.508ns  (arrival time - required time)
  Source:                 gru_bin_version_wrapper/gru_bin_version/gru_bin_version_axi_mem_intercon_0/s01_couplers_imp_NNMS53/gru_bin_version_axi_mem_intercon_imp_auto_pc_1/gru_bin_version_axi_mem_intercon_imp_auto_pc_1_axi_protocol_converter_v2_1_37_axi_protocol_converter/gru_bin_version_axi_mem_intercon_imp_auto_pc_1_axi_protocol_converter_v2_1_37_axi3_conv/gru_bin_version_axi_mem_intercon_imp_auto_pc_1_axi_protocol_converter_v2_1_37_a_axi3_conv/gru_bin_version_axi_mem_intercon_imp_auto_pc_1_axi_data_fifo_v2_1_36_axic_fifo/gru_bin_version_axi_mem_intercon_imp_auto_pc_1_axi_data_fifo_v2_1_36_fifo_gen_1/<hidden>/<hidden>/<hidden>/<hidden>/<hidden>
                            (rising edge-triggered cell FDRE clocked by clk_fpga_0  {rise@0.000ns fall@5.000ns period=10.000ns})
  Destination:            gru_bin_version_wrapper/gru_bin_version/gru_bin_version_axi_mem_intercon_0/s01_couplers_imp_NNMS53/gru_bin_version_axi_mem_intercon_imp_auto_pc_1/gru_bin_version_axi_mem_intercon_imp_auto_pc_1_axi_protocol_converter_v2_1_37_axi_protocol_converter/gru_bin_version_axi_mem_intercon_imp_auto_pc_1_axi_protocol_converter_v2_1_37_axi3_conv/gru_bin_version_axi_mem_intercon_imp_auto_pc_1_axi_protocol_converter_v2_1_37_a_axi3_conv/gru_bin_version_axi_mem_intercon_imp_auto_pc_1_axi_data_fifo_v2_1_36_axic_fifo/gru_bin_version_axi_mem_intercon_imp_auto_pc_1_axi_data_fifo_v2_1_36_fifo_gen_1/<hidden>/<hidden>/<hidden>/<hidden>/<hidden>/<hidden>
                            (removal check against rising-edge clock clk_fpga_0  {rise@0.000ns fall@5.000ns period=10.000ns})
  Path Group:             **async_default**
  Path Type:              Removal (Min at Fast Process Corner)
  Requirement:            0.000ns  (clk_fpga_0 rise@0.000ns - clk_fpga_0 rise@0.000ns)
  Data Path Delay:        0.428ns  (logic 0.186ns (43.425%)  route 0.242ns (56.575%))
  Logic Levels:           1  (LUT3=1)
  Clock Path Skew:        0.015ns (DCD - SCD - CPR)
    Destination Clock Delay (DCD):    1.190ns
    Source Clock Delay      (SCD):    0.894ns
    Clock Pessimism Removal (CPR):    0.281ns

    Location             Delay type                Incr(ns)  Path(ns)    Netlist Resource(s)
  -------------------------------------------------------------------    -------------------
                         (clock clk_fpga_0 rise edge)
                                                      0.000     0.000 r  
    PS7_X0Y0             PS7                          0.000     0.000 r  gru_bin_version_i/processing_system7_0/inst/PS7_i/FCLKCLK[0]
                         net (fo=1, routed)           0.310     0.310    gru_bin_version_i/processing_system7_0/inst/FCLK_CLK_unbuffered[0]
    BUFGCTRL_X0Y16       BUFG (Prop_bufg_I_O)         0.026     0.336 r  gru_bin_version_i/processing_system7_0/inst/buffer_fclk_clk_0.FCLK_CLK_0_BUFG/O
                         net (fo=14567, routed)       0.558     0.894    gru_bin_version_wrapper/gru_bin_version/gru_bin_version_axi_mem_intercon_0/s01_couplers_imp_NNMS53/gru_bin_version_axi_mem_intercon_imp_auto_pc_1/gru_bin_version_axi_mem_intercon_imp_auto_pc_1_axi_protocol_converter_v2_1_37_axi_protocol_converter/gru_bin_version_axi_mem_intercon_imp_auto_pc_1_axi_protocol_converter_v2_1_37_axi3_conv/gru_bin_version_axi_mem_intercon_imp_auto_pc_1_axi_protocol_converter_v2_1_37_a_axi3_conv/gru_bin_version_axi_mem_intercon_imp_auto_pc_1_axi_data_fifo_v2_1_36_axic_fifo/gru_bin_version_axi_mem_intercon_imp_auto_pc_1_axi_data_fifo_v2_1_36_fifo_gen_1/<hidden>/<hidden>/<hidden>/<hidden>/<hidden>
    SLICE_X35Y56         FDRE                                         r  gru_bin_version_wrapper/gru_bin_version/gru_bin_version_axi_mem_intercon_0/s01_couplers_imp_NNMS53/gru_bin_version_axi_mem_intercon_imp_auto_pc_1/gru_bin_version_axi_mem_intercon_imp_auto_pc_1_axi_protocol_converter_v2_1_37_axi_protocol_converter/gru_bin_version_axi_mem_intercon_imp_auto_pc_1_axi_protocol_converter_v2_1_37_axi3_conv/gru_bin_version_axi_mem_intercon_imp_auto_pc_1_axi_protocol_converter_v2_1_37_a_axi3_conv/gru_bin_version_axi_mem_intercon_imp_auto_pc_1_axi_data_fifo_v2_1_36_axic_fifo/gru_bin_version_axi_mem_intercon_imp_auto_pc_1_axi_data_fifo_v2_1_36_fifo_gen_1/<hidden>/<hidden>/<hidden>/<hidden>/<hidden>
  -------------------------------------------------------------------    -------------------
    SLICE_X35Y56         FDRE (Prop_fdre_C_Q)         0.141     1.035 f  gru_bin_version_wrapper/gru_bin_version/gru_bin_version_axi_mem_intercon_0/s01_couplers_imp_NNMS53/gru_bin_version_axi_mem_intercon_imp_auto_pc_1/gru_bin_version_axi_mem_intercon_imp_auto_pc_1_axi_protocol_converter_v2_1_37_axi_protocol_converter/gru_bin_version_axi_mem_intercon_imp_auto_pc_1_axi_protocol_converter_v2_1_37_axi3_conv/gru_bin_version_axi_mem_intercon_imp_auto_pc_1_axi_protocol_converter_v2_1_37_a_axi3_conv/gru_bin_version_axi_mem_intercon_imp_auto_pc_1_axi_data_fifo_v2_1_36_axic_fifo/gru_bin_version_axi_mem_intercon_imp_auto_pc_1_axi_data_fifo_v2_1_36_fifo_gen_1/<hidden>/<hidden>/<hidden>/<hidden>/<hidden>
                         net (fo=2, routed)           0.114     1.149    gru_bin_version_wrapper/gru_bin_version/gru_bin_version_axi_mem_intercon_0/s01_couplers_imp_NNMS53/gru_bin_version_axi_mem_intercon_imp_auto_pc_1/gru_bin_version_axi_mem_intercon_imp_auto_pc_1_axi_protocol_converter_v2_1_37_axi_protocol_converter/gru_bin_version_axi_mem_intercon_imp_auto_pc_1_axi_protocol_converter_v2_1_37_axi3_conv/gru_bin_version_axi_mem_intercon_imp_auto_pc_1_axi_protocol_converter_v2_1_37_a_axi3_conv/gru_bin_version_axi_mem_intercon_imp_auto_pc_1_axi_data_fifo_v2_1_36_axic_fifo/gru_bin_version_axi_mem_intercon_imp_auto_pc_1_axi_data_fifo_v2_1_36_fifo_gen_1/<hidden>/<hidden>/<hidden>/<hidden>/<hidden>
    SLICE_X35Y57         LUT3 (Prop_lut3_I0_O)        0.045     1.194 f  gru_bin_version_wrapper/gru_bin_version/gru_bin_version_axi_mem_intercon_0/s01_couplers_imp_NNMS53/gru_bin_version_axi_mem_intercon_imp_auto_pc_1/gru_bin_version_axi_mem_intercon_imp_auto_pc_1_axi_protocol_converter_v2_1_37_axi_protocol_converter/gru_bin_version_axi_mem_intercon_imp_auto_pc_1_axi_protocol_converter_v2_1_37_axi3_conv/gru_bin_version_axi_mem_intercon_imp_auto_pc_1_axi_protocol_converter_v2_1_37_a_axi3_conv/gru_bin_version_axi_mem_intercon_imp_auto_pc_1_axi_data_fifo_v2_1_36_axic_fifo/gru_bin_version_axi_mem_intercon_imp_auto_pc_1_axi_data_fifo_v2_1_36_fifo_gen_1/<hidden>/<hidden>/<hidden>/<hidden>/<hidden>
                         net (fo=32, routed)          0.128     1.322    gru_bin_version_wrapper/gru_bin_version/gru_bin_version_axi_mem_intercon_0/s01_couplers_imp_NNMS53/gru_bin_version_axi_mem_intercon_imp_auto_pc_1/gru_bin_version_axi_mem_intercon_imp_auto_pc_1_axi_protocol_converter_v2_1_37_axi_protocol_converter/gru_bin_version_axi_mem_intercon_imp_auto_pc_1_axi_protocol_converter_v2_1_37_axi3_conv/gru_bin_version_axi_mem_intercon_imp_auto_pc_1_axi_protocol_converter_v2_1_37_a_axi3_conv/gru_bin_version_axi_mem_intercon_imp_auto_pc_1_axi_data_fifo_v2_1_36_axic_fifo/gru_bin_version_axi_mem_intercon_imp_auto_pc_1_axi_data_fifo_v2_1_36_fifo_gen_1/<hidden>/<hidden>/<hidden>/<hidden>/<hidden>/<hidden>
    SLICE_X35Y58         FDPE                                         f  gru_bin_version_wrapper/gru_bin_version/gru_bin_version_axi_mem_intercon_0/s01_couplers_imp_NNMS53/gru_bin_version_axi_mem_intercon_imp_auto_pc_1/gru_bin_version_axi_mem_intercon_imp_auto_pc_1_axi_protocol_converter_v2_1_37_axi_protocol_converter/gru_bin_version_axi_mem_intercon_imp_auto_pc_1_axi_protocol_converter_v2_1_37_axi3_conv/gru_bin_version_axi_mem_intercon_imp_auto_pc_1_axi_protocol_converter_v2_1_37_a_axi3_conv/gru_bin_version_axi_mem_intercon_imp_auto_pc_1_axi_data_fifo_v2_1_36_axic_fifo/gru_bin_version_axi_mem_intercon_imp_auto_pc_1_axi_data_fifo_v2_1_36_fifo_gen_1/<hidden>/<hidden>/<hidden>/<hidden>/<hidden>/<hidden>
  -------------------------------------------------------------------    -------------------

                         (clock clk_fpga_0 rise edge)
                                                      0.000     0.000 r  
    PS7_X0Y0             PS7                          0.000     0.000 r  gru_bin_version_i/processing_system7_0/inst/PS7_i/FCLKCLK[0]
                         net (fo=1, routed)           0.337     0.337    gru_bin_version_i/processing_system7_0/inst/FCLK_CLK_unbuffered[0]
    BUFGCTRL_X0Y16       BUFG (Prop_bufg_I_O)         0.029     0.366 r  gru_bin_version_i/processing_system7_0/inst/buffer_fclk_clk_0.FCLK_CLK_0_BUFG/O
                         net (fo=14567, routed)       0.824     1.190    gru_bin_version_wrapper/gru_bin_version/gru_bin_version_axi_mem_intercon_0/s01_couplers_imp_NNMS53/gru_bin_version_axi_mem_intercon_imp_auto_pc_1/gru_bin_version_axi_mem_intercon_imp_auto_pc_1_axi_protocol_converter_v2_1_37_axi_protocol_converter/gru_bin_version_axi_mem_intercon_imp_auto_pc_1_axi_protocol_converter_v2_1_37_axi3_conv/gru_bin_version_axi_mem_intercon_imp_auto_pc_1_axi_protocol_converter_v2_1_37_a_axi3_conv/gru_bin_version_axi_mem_intercon_imp_auto_pc_1_axi_data_fifo_v2_1_36_axic_fifo/gru_bin_version_axi_mem_intercon_imp_auto_pc_1_axi_data_fifo_v2_1_36_fifo_gen_1/<hidden>/<hidden>/<hidden>/<hidden>/<hidden>/<hidden>
    SLICE_X35Y58         FDPE                                         r  gru_bin_version_wrapper/gru_bin_version/gru_bin_version_axi_mem_intercon_0/s01_couplers_imp_NNMS53/gru_bin_version_axi_mem_intercon_imp_auto_pc_1/gru_bin_version_axi_mem_intercon_imp_auto_pc_1_axi_protocol_converter_v2_1_37_axi_protocol_converter/gru_bin_version_axi_mem_intercon_imp_auto_pc_1_axi_protocol_converter_v2_1_37_axi3_conv/gru_bin_version_axi_mem_intercon_imp_auto_pc_1_axi_protocol_converter_v2_1_37_a_axi3_conv/gru_bin_version_axi_mem_intercon_imp_auto_pc_1_axi_data_fifo_v2_1_36_axic_fifo/gru_bin_version_axi_mem_intercon_imp_auto_pc_1_axi_data_fifo_v2_1_36_fifo_gen_1/<hidden>/<hidden>/<hidden>/<hidden>/<hidden>/<hidden>
                         clock pessimism             -0.281     0.909    
    SLICE_X35Y58         FDPE (Remov_fdpe_C_PRE)     -0.095     0.814    gru_bin_version_wrapper/gru_bin_version/gru_bin_version_axi_mem_intercon_0/s01_couplers_imp_NNMS53/gru_bin_version_axi_mem_intercon_imp_auto_pc_1/gru_bin_version_axi_mem_intercon_imp_auto_pc_1_axi_protocol_converter_v2_1_37_axi_protocol_converter/gru_bin_version_axi_mem_intercon_imp_auto_pc_1_axi_protocol_converter_v2_1_37_axi3_conv/gru_bin_version_axi_mem_intercon_imp_auto_pc_1_axi_protocol_converter_v2_1_37_a_axi3_conv/gru_bin_version_axi_mem_intercon_imp_auto_pc_1_axi_data_fifo_v2_1_36_axic_fifo/gru_bin_version_axi_mem_intercon_imp_auto_pc_1_axi_data_fifo_v2_1_36_fifo_gen_1/<hidden>/<hidden>/<hidden>/<hidden>/<hidden>/<hidden>
  -------------------------------------------------------------------
                         required time                         -0.814    
                         arrival time                           1.322    
  -------------------------------------------------------------------
                         slack                                  0.508    

Slack (MET) :             0.530ns  (arrival time - required time)
  Source:                 gru_bin_version_wrapper/gru_bin_version/gru_bin_version_axi_mem_intercon_0/s00_couplers_imp_1UT69KP/gru_bin_version_axi_mem_intercon_imp_auto_pc_0/gru_bin_version_axi_mem_intercon_imp_auto_pc_0_axi_protocol_converter_v2_1_37_axi_protocol_converter/gru_bin_version_axi_mem_intercon_imp_auto_pc_0_axi_protocol_converter_v2_1_37_axi3_conv/gru_bin_version_axi_mem_intercon_imp_auto_pc_0_axi_protocol_converter_v2_1_37_a_axi3_conv/gru_bin_version_axi_mem_intercon_imp_auto_pc_0_axi_data_fifo_v2_1_36_axic_fifo/gru_bin_version_axi_mem_intercon_imp_auto_pc_0_axi_data_fifo_v2_1_36_fifo_gen/<hidden>/<hidden>/<hidden>/<hidden>/<hidden>
                            (rising edge-triggered cell FDRE clocked by clk_fpga_0  {rise@0.000ns fall@5.000ns period=10.000ns})
  Destination:            gru_bin_version_wrapper/gru_bin_version/gru_bin_version_axi_mem_intercon_0/s00_couplers_imp_1UT69KP/gru_bin_version_axi_mem_intercon_imp_auto_pc_0/gru_bin_version_axi_mem_intercon_imp_auto_pc_0_axi_protocol_converter_v2_1_37_axi_protocol_converter/gru_bin_version_axi_mem_intercon_imp_auto_pc_0_axi_protocol_converter_v2_1_37_axi3_conv/gru_bin_version_axi_mem_intercon_imp_auto_pc_0_axi_protocol_converter_v2_1_37_a_axi3_conv/gru_bin_version_axi_mem_intercon_imp_auto_pc_0_axi_data_fifo_v2_1_36_axic_fifo/gru_bin_version_axi_mem_intercon_imp_auto_pc_0_axi_data_fifo_v2_1_36_fifo_gen/<hidden>/<hidden>/<hidden>/<hidden>/<hidden>/<hidden>
                            (removal check against rising-edge clock clk_fpga_0  {rise@0.000ns fall@5.000ns period=10.000ns})
  Path Group:             **async_default**
  Path Type:              Removal (Min at Fast Process Corner)
  Requirement:            0.000ns  (clk_fpga_0 rise@0.000ns - clk_fpga_0 rise@0.000ns)
  Data Path Delay:        0.454ns  (logic 0.226ns (49.789%)  route 0.228ns (50.211%))
  Logic Levels:           1  (LUT3=1)
  Clock Path Skew:        0.016ns (DCD - SCD - CPR)
    Destination Clock Delay (DCD):    1.188ns
    Source Clock Delay      (SCD):    0.890ns
    Clock Pessimism Removal (CPR):    0.282ns

    Location             Delay type                Incr(ns)  Path(ns)    Netlist Resource(s)
  -------------------------------------------------------------------    -------------------
                         (clock clk_fpga_0 rise edge)
                                                      0.000     0.000 r  
    PS7_X0Y0             PS7                          0.000     0.000 r  gru_bin_version_i/processing_system7_0/inst/PS7_i/FCLKCLK[0]
                         net (fo=1, routed)           0.310     0.310    gru_bin_version_i/processing_system7_0/inst/FCLK_CLK_unbuffered[0]
    BUFGCTRL_X0Y16       BUFG (Prop_bufg_I_O)         0.026     0.336 r  gru_bin_version_i/processing_system7_0/inst/buffer_fclk_clk_0.FCLK_CLK_0_BUFG/O
                         net (fo=14567, routed)       0.554     0.890    gru_bin_version_wrapper/gru_bin_version/gru_bin_version_axi_mem_intercon_0/s00_couplers_imp_1UT69KP/gru_bin_version_axi_mem_intercon_imp_auto_pc_0/gru_bin_version_axi_mem_intercon_imp_auto_pc_0_axi_protocol_converter_v2_1_37_axi_protocol_converter/gru_bin_version_axi_mem_intercon_imp_auto_pc_0_axi_protocol_converter_v2_1_37_axi3_conv/gru_bin_version_axi_mem_intercon_imp_auto_pc_0_axi_protocol_converter_v2_1_37_a_axi3_conv/gru_bin_version_axi_mem_intercon_imp_auto_pc_0_axi_data_fifo_v2_1_36_axic_fifo/gru_bin_version_axi_mem_intercon_imp_auto_pc_0_axi_data_fifo_v2_1_36_fifo_gen/<hidden>/<hidden>/<hidden>/<hidden>/<hidden>
    SLICE_X37Y60         FDRE                                         r  gru_bin_version_wrapper/gru_bin_version/gru_bin_version_axi_mem_intercon_0/s00_couplers_imp_1UT69KP/gru_bin_version_axi_mem_intercon_imp_auto_pc_0/gru_bin_version_axi_mem_intercon_imp_auto_pc_0_axi_protocol_converter_v2_1_37_axi_protocol_converter/gru_bin_version_axi_mem_intercon_imp_auto_pc_0_axi_protocol_converter_v2_1_37_axi3_conv/gru_bin_version_axi_mem_intercon_imp_auto_pc_0_axi_protocol_converter_v2_1_37_a_axi3_conv/gru_bin_version_axi_mem_intercon_imp_auto_pc_0_axi_data_fifo_v2_1_36_axic_fifo/gru_bin_version_axi_mem_intercon_imp_auto_pc_0_axi_data_fifo_v2_1_36_fifo_gen/<hidden>/<hidden>/<hidden>/<hidden>/<hidden>
  -------------------------------------------------------------------    -------------------
    SLICE_X37Y60         FDRE (Prop_fdre_C_Q)         0.128     1.018 f  gru_bin_version_wrapper/gru_bin_version/gru_bin_version_axi_mem_intercon_0/s00_couplers_imp_1UT69KP/gru_bin_version_axi_mem_intercon_imp_auto_pc_0/gru_bin_version_axi_mem_intercon_imp_auto_pc_0_axi_protocol_converter_v2_1_37_axi_protocol_converter/gru_bin_version_axi_mem_intercon_imp_auto_pc_0_axi_protocol_converter_v2_1_37_axi3_conv/gru_bin_version_axi_mem_intercon_imp_auto_pc_0_axi_protocol_converter_v2_1_37_a_axi3_conv/gru_bin_version_axi_mem_intercon_imp_auto_pc_0_axi_data_fifo_v2_1_36_axic_fifo/gru_bin_version_axi_mem_intercon_imp_auto_pc_0_axi_data_fifo_v2_1_36_fifo_gen/<hidden>/<hidden>/<hidden>/<hidden>/<hidden>
                         net (fo=2, routed)           0.100     1.117    gru_bin_version_wrapper/gru_bin_version/gru_bin_version_axi_mem_intercon_0/s00_couplers_imp_1UT69KP/gru_bin_version_axi_mem_intercon_imp_auto_pc_0/gru_bin_version_axi_mem_intercon_imp_auto_pc_0_axi_protocol_converter_v2_1_37_axi_protocol_converter/gru_bin_version_axi_mem_intercon_imp_auto_pc_0_axi_protocol_converter_v2_1_37_axi3_conv/gru_bin_version_axi_mem_intercon_imp_auto_pc_0_axi_protocol_converter_v2_1_37_a_axi3_conv/gru_bin_version_axi_mem_intercon_imp_auto_pc_0_axi_data_fifo_v2_1_36_axic_fifo/gru_bin_version_axi_mem_intercon_imp_auto_pc_0_axi_data_fifo_v2_1_36_fifo_gen/<hidden>/<hidden>/<hidden>/<hidden>/<hidden>
    SLICE_X37Y60         LUT3 (Prop_lut3_I1_O)        0.098     1.215 f  gru_bin_version_wrapper/gru_bin_version/gru_bin_version_axi_mem_intercon_0/s00_couplers_imp_1UT69KP/gru_bin_version_axi_mem_intercon_imp_auto_pc_0/gru_bin_version_axi_mem_intercon_imp_auto_pc_0_axi_protocol_converter_v2_1_37_axi_protocol_converter/gru_bin_version_axi_mem_intercon_imp_auto_pc_0_axi_protocol_converter_v2_1_37_axi3_conv/gru_bin_version_axi_mem_intercon_imp_auto_pc_0_axi_protocol_converter_v2_1_37_a_axi3_conv/gru_bin_version_axi_mem_intercon_imp_auto_pc_0_axi_data_fifo_v2_1_36_axic_fifo/gru_bin_version_axi_mem_intercon_imp_auto_pc_0_axi_data_fifo_v2_1_36_fifo_gen/<hidden>/<hidden>/<hidden>/<hidden>/<hidden>
                         net (fo=33, routed)          0.128     1.344    gru_bin_version_wrapper/gru_bin_version/gru_bin_version_axi_mem_intercon_0/s00_couplers_imp_1UT69KP/gru_bin_version_axi_mem_intercon_imp_auto_pc_0/gru_bin_version_axi_mem_intercon_imp_auto_pc_0_axi_protocol_converter_v2_1_37_axi_protocol_converter/gru_bin_version_axi_mem_intercon_imp_auto_pc_0_axi_protocol_converter_v2_1_37_axi3_conv/gru_bin_version_axi_mem_intercon_imp_auto_pc_0_axi_protocol_converter_v2_1_37_a_axi3_conv/gru_bin_version_axi_mem_intercon_imp_auto_pc_0_axi_data_fifo_v2_1_36_axic_fifo/gru_bin_version_axi_mem_intercon_imp_auto_pc_0_axi_data_fifo_v2_1_36_fifo_gen/<hidden>/<hidden>/<hidden>/<hidden>/<hidden>/<hidden>
    SLICE_X37Y61         FDCE                                         f  gru_bin_version_wrapper/gru_bin_version/gru_bin_version_axi_mem_intercon_0/s00_couplers_imp_1UT69KP/gru_bin_version_axi_mem_intercon_imp_auto_pc_0/gru_bin_version_axi_mem_intercon_imp_auto_pc_0_axi_protocol_converter_v2_1_37_axi_protocol_converter/gru_bin_version_axi_mem_intercon_imp_auto_pc_0_axi_protocol_converter_v2_1_37_axi3_conv/gru_bin_version_axi_mem_intercon_imp_auto_pc_0_axi_protocol_converter_v2_1_37_a_axi3_conv/gru_bin_version_axi_mem_intercon_imp_auto_pc_0_axi_data_fifo_v2_1_36_axic_fifo/gru_bin_version_axi_mem_intercon_imp_auto_pc_0_axi_data_fifo_v2_1_36_fifo_gen/<hidden>/<hidden>/<hidden>/<hidden>/<hidden>/<hidden>
  -------------------------------------------------------------------    -------------------

                         (clock clk_fpga_0 rise edge)
                                                      0.000     0.000 r  
    PS7_X0Y0             PS7                          0.000     0.000 r  gru_bin_version_i/processing_system7_0/inst/PS7_i/FCLKCLK[0]
                         net (fo=1, routed)           0.337     0.337    gru_bin_version_i/processing_system7_0/inst/FCLK_CLK_unbuffered[0]
    BUFGCTRL_X0Y16       BUFG (Prop_bufg_I_O)         0.029     0.366 r  gru_bin_version_i/processing_system7_0/inst/buffer_fclk_clk_0.FCLK_CLK_0_BUFG/O
                         net (fo=14567, routed)       0.822     1.188    gru_bin_version_wrapper/gru_bin_version/gru_bin_version_axi_mem_intercon_0/s00_couplers_imp_1UT69KP/gru_bin_version_axi_mem_intercon_imp_auto_pc_0/gru_bin_version_axi_mem_intercon_imp_auto_pc_0_axi_protocol_converter_v2_1_37_axi_protocol_converter/gru_bin_version_axi_mem_intercon_imp_auto_pc_0_axi_protocol_converter_v2_1_37_axi3_conv/gru_bin_version_axi_mem_intercon_imp_auto_pc_0_axi_protocol_converter_v2_1_37_a_axi3_conv/gru_bin_version_axi_mem_intercon_imp_auto_pc_0_axi_data_fifo_v2_1_36_axic_fifo/gru_bin_version_axi_mem_intercon_imp_auto_pc_0_axi_data_fifo_v2_1_36_fifo_gen/<hidden>/<hidden>/<hidden>/<hidden>/<hidden>/<hidden>
    SLICE_X37Y61         FDCE                                         r  gru_bin_version_wrapper/gru_bin_version/gru_bin_version_axi_mem_intercon_0/s00_couplers_imp_1UT69KP/gru_bin_version_axi_mem_intercon_imp_auto_pc_0/gru_bin_version_axi_mem_intercon_imp_auto_pc_0_axi_protocol_converter_v2_1_37_axi_protocol_converter/gru_bin_version_axi_mem_intercon_imp_auto_pc_0_axi_protocol_converter_v2_1_37_axi3_conv/gru_bin_version_axi_mem_intercon_imp_auto_pc_0_axi_protocol_converter_v2_1_37_a_axi3_conv/gru_bin_version_axi_mem_intercon_imp_auto_pc_0_axi_data_fifo_v2_1_36_axic_fifo/gru_bin_version_axi_mem_intercon_imp_auto_pc_0_axi_data_fifo_v2_1_36_fifo_gen/<hidden>/<hidden>/<hidden>/<hidden>/<hidden>/<hidden>
                         clock pessimism             -0.282     0.906    
    SLICE_X37Y61         FDCE (Remov_fdce_C_CLR)     -0.092     0.814    gru_bin_version_wrapper/gru_bin_version/gru_bin_version_axi_mem_intercon_0/s00_couplers_imp_1UT69KP/gru_bin_version_axi_mem_intercon_imp_auto_pc_0/gru_bin_version_axi_mem_intercon_imp_auto_pc_0_axi_protocol_converter_v2_1_37_axi_protocol_converter/gru_bin_version_axi_mem_intercon_imp_auto_pc_0_axi_protocol_converter_v2_1_37_axi3_conv/gru_bin_version_axi_mem_intercon_imp_auto_pc_0_axi_protocol_converter_v2_1_37_a_axi3_conv/gru_bin_version_axi_mem_intercon_imp_auto_pc_0_axi_data_fifo_v2_1_36_axic_fifo/gru_bin_version_axi_mem_intercon_imp_auto_pc_0_axi_data_fifo_v2_1_36_fifo_gen/<hidden>/<hidden>/<hidden>/<hidden>/<hidden>/<hidden>
  -------------------------------------------------------------------
                         required time                         -0.814    
                         arrival time                           1.344    
  -------------------------------------------------------------------
                         slack                                  0.530    

Slack (MET) :             0.530ns  (arrival time - required time)
  Source:                 gru_bin_version_wrapper/gru_bin_version/gru_bin_version_axi_mem_intercon_0/s00_couplers_imp_1UT69KP/gru_bin_version_axi_mem_intercon_imp_auto_pc_0/gru_bin_version_axi_mem_intercon_imp_auto_pc_0_axi_protocol_converter_v2_1_37_axi_protocol_converter/gru_bin_version_axi_mem_intercon_imp_auto_pc_0_axi_protocol_converter_v2_1_37_axi3_conv/gru_bin_version_axi_mem_intercon_imp_auto_pc_0_axi_protocol_converter_v2_1_37_a_axi3_conv/gru_bin_version_axi_mem_intercon_imp_auto_pc_0_axi_data_fifo_v2_1_36_axic_fifo/gru_bin_version_axi_mem_intercon_imp_auto_pc_0_axi_data_fifo_v2_1_36_fifo_gen/<hidden>/<hidden>/<hidden>/<hidden>/<hidden>
                            (rising edge-triggered cell FDRE clocked by clk_fpga_0  {rise@0.000ns fall@5.000ns period=10.000ns})
  Destination:            gru_bin_version_wrapper/gru_bin_version/gru_bin_version_axi_mem_intercon_0/s00_couplers_imp_1UT69KP/gru_bin_version_axi_mem_intercon_imp_auto_pc_0/gru_bin_version_axi_mem_intercon_imp_auto_pc_0_axi_protocol_converter_v2_1_37_axi_protocol_converter/gru_bin_version_axi_mem_intercon_imp_auto_pc_0_axi_protocol_converter_v2_1_37_axi3_conv/gru_bin_version_axi_mem_intercon_imp_auto_pc_0_axi_protocol_converter_v2_1_37_a_axi3_conv/gru_bin_version_axi_mem_intercon_imp_auto_pc_0_axi_data_fifo_v2_1_36_axic_fifo/gru_bin_version_axi_mem_intercon_imp_auto_pc_0_axi_data_fifo_v2_1_36_fifo_gen/<hidden>/<hidden>/<hidden>/<hidden>/<hidden>/<hidden>
                            (removal check against rising-edge clock clk_fpga_0  {rise@0.000ns fall@5.000ns period=10.000ns})
  Path Group:             **async_default**
  Path Type:              Removal (Min at Fast Process Corner)
  Requirement:            0.000ns  (clk_fpga_0 rise@0.000ns - clk_fpga_0 rise@0.000ns)
  Data Path Delay:        0.454ns  (logic 0.226ns (49.789%)  route 0.228ns (50.211%))
  Logic Levels:           1  (LUT3=1)
  Clock Path Skew:        0.016ns (DCD - SCD - CPR)
    Destination Clock Delay (DCD):    1.188ns
    Source Clock Delay      (SCD):    0.890ns
    Clock Pessimism Removal (CPR):    0.282ns

    Location             Delay type                Incr(ns)  Path(ns)    Netlist Resource(s)
  -------------------------------------------------------------------    -------------------
                         (clock clk_fpga_0 rise edge)
                                                      0.000     0.000 r  
    PS7_X0Y0             PS7                          0.000     0.000 r  gru_bin_version_i/processing_system7_0/inst/PS7_i/FCLKCLK[0]
                         net (fo=1, routed)           0.310     0.310    gru_bin_version_i/processing_system7_0/inst/FCLK_CLK_unbuffered[0]
    BUFGCTRL_X0Y16       BUFG (Prop_bufg_I_O)         0.026     0.336 r  gru_bin_version_i/processing_system7_0/inst/buffer_fclk_clk_0.FCLK_CLK_0_BUFG/O
                         net (fo=14567, routed)       0.554     0.890    gru_bin_version_wrapper/gru_bin_version/gru_bin_version_axi_mem_intercon_0/s00_couplers_imp_1UT69KP/gru_bin_version_axi_mem_intercon_imp_auto_pc_0/gru_bin_version_axi_mem_intercon_imp_auto_pc_0_axi_protocol_converter_v2_1_37_axi_protocol_converter/gru_bin_version_axi_mem_intercon_imp_auto_pc_0_axi_protocol_converter_v2_1_37_axi3_conv/gru_bin_version_axi_mem_intercon_imp_auto_pc_0_axi_protocol_converter_v2_1_37_a_axi3_conv/gru_bin_version_axi_mem_intercon_imp_auto_pc_0_axi_data_fifo_v2_1_36_axic_fifo/gru_bin_version_axi_mem_intercon_imp_auto_pc_0_axi_data_fifo_v2_1_36_fifo_gen/<hidden>/<hidden>/<hidden>/<hidden>/<hidden>
    SLICE_X37Y60         FDRE                                         r  gru_bin_version_wrapper/gru_bin_version/gru_bin_version_axi_mem_intercon_0/s00_couplers_imp_1UT69KP/gru_bin_version_axi_mem_intercon_imp_auto_pc_0/gru_bin_version_axi_mem_intercon_imp_auto_pc_0_axi_protocol_converter_v2_1_37_axi_protocol_converter/gru_bin_version_axi_mem_intercon_imp_auto_pc_0_axi_protocol_converter_v2_1_37_axi3_conv/gru_bin_version_axi_mem_intercon_imp_auto_pc_0_axi_protocol_converter_v2_1_37_a_axi3_conv/gru_bin_version_axi_mem_intercon_imp_auto_pc_0_axi_data_fifo_v2_1_36_axic_fifo/gru_bin_version_axi_mem_intercon_imp_auto_pc_0_axi_data_fifo_v2_1_36_fifo_gen/<hidden>/<hidden>/<hidden>/<hidden>/<hidden>
  -------------------------------------------------------------------    -------------------
    SLICE_X37Y60         FDRE (Prop_fdre_C_Q)         0.128     1.018 f  gru_bin_version_wrapper/gru_bin_version/gru_bin_version_axi_mem_intercon_0/s00_couplers_imp_1UT69KP/gru_bin_version_axi_mem_intercon_imp_auto_pc_0/gru_bin_version_axi_mem_intercon_imp_auto_pc_0_axi_protocol_converter_v2_1_37_axi_protocol_converter/gru_bin_version_axi_mem_intercon_imp_auto_pc_0_axi_protocol_converter_v2_1_37_axi3_conv/gru_bin_version_axi_mem_intercon_imp_auto_pc_0_axi_protocol_converter_v2_1_37_a_axi3_conv/gru_bin_version_axi_mem_intercon_imp_auto_pc_0_axi_data_fifo_v2_1_36_axic_fifo/gru_bin_version_axi_mem_intercon_imp_auto_pc_0_axi_data_fifo_v2_1_36_fifo_gen/<hidden>/<hidden>/<hidden>/<hidden>/<hidden>
                         net (fo=2, routed)           0.100     1.117    gru_bin_version_wrapper/gru_bin_version/gru_bin_version_axi_mem_intercon_0/s00_couplers_imp_1UT69KP/gru_bin_version_axi_mem_intercon_imp_auto_pc_0/gru_bin_version_axi_mem_intercon_imp_auto_pc_0_axi_protocol_converter_v2_1_37_axi_protocol_converter/gru_bin_version_axi_mem_intercon_imp_auto_pc_0_axi_protocol_converter_v2_1_37_axi3_conv/gru_bin_version_axi_mem_intercon_imp_auto_pc_0_axi_protocol_converter_v2_1_37_a_axi3_conv/gru_bin_version_axi_mem_intercon_imp_auto_pc_0_axi_data_fifo_v2_1_36_axic_fifo/gru_bin_version_axi_mem_intercon_imp_auto_pc_0_axi_data_fifo_v2_1_36_fifo_gen/<hidden>/<hidden>/<hidden>/<hidden>/<hidden>
    SLICE_X37Y60         LUT3 (Prop_lut3_I1_O)        0.098     1.215 f  gru_bin_version_wrapper/gru_bin_version/gru_bin_version_axi_mem_intercon_0/s00_couplers_imp_1UT69KP/gru_bin_version_axi_mem_intercon_imp_auto_pc_0/gru_bin_version_axi_mem_intercon_imp_auto_pc_0_axi_protocol_converter_v2_1_37_axi_protocol_converter/gru_bin_version_axi_mem_intercon_imp_auto_pc_0_axi_protocol_converter_v2_1_37_axi3_conv/gru_bin_version_axi_mem_intercon_imp_auto_pc_0_axi_protocol_converter_v2_1_37_a_axi3_conv/gru_bin_version_axi_mem_intercon_imp_auto_pc_0_axi_data_fifo_v2_1_36_axic_fifo/gru_bin_version_axi_mem_intercon_imp_auto_pc_0_axi_data_fifo_v2_1_36_fifo_gen/<hidden>/<hidden>/<hidden>/<hidden>/<hidden>
                         net (fo=33, routed)          0.128     1.344    gru_bin_version_wrapper/gru_bin_version/gru_bin_version_axi_mem_intercon_0/s00_couplers_imp_1UT69KP/gru_bin_version_axi_mem_intercon_imp_auto_pc_0/gru_bin_version_axi_mem_intercon_imp_auto_pc_0_axi_protocol_converter_v2_1_37_axi_protocol_converter/gru_bin_version_axi_mem_intercon_imp_auto_pc_0_axi_protocol_converter_v2_1_37_axi3_conv/gru_bin_version_axi_mem_intercon_imp_auto_pc_0_axi_protocol_converter_v2_1_37_a_axi3_conv/gru_bin_version_axi_mem_intercon_imp_auto_pc_0_axi_data_fifo_v2_1_36_axic_fifo/gru_bin_version_axi_mem_intercon_imp_auto_pc_0_axi_data_fifo_v2_1_36_fifo_gen/<hidden>/<hidden>/<hidden>/<hidden>/<hidden>/<hidden>
    SLICE_X37Y61         FDCE                                         f  gru_bin_version_wrapper/gru_bin_version/gru_bin_version_axi_mem_intercon_0/s00_couplers_imp_1UT69KP/gru_bin_version_axi_mem_intercon_imp_auto_pc_0/gru_bin_version_axi_mem_intercon_imp_auto_pc_0_axi_protocol_converter_v2_1_37_axi_protocol_converter/gru_bin_version_axi_mem_intercon_imp_auto_pc_0_axi_protocol_converter_v2_1_37_axi3_conv/gru_bin_version_axi_mem_intercon_imp_auto_pc_0_axi_protocol_converter_v2_1_37_a_axi3_conv/gru_bin_version_axi_mem_intercon_imp_auto_pc_0_axi_data_fifo_v2_1_36_axic_fifo/gru_bin_version_axi_mem_intercon_imp_auto_pc_0_axi_data_fifo_v2_1_36_fifo_gen/<hidden>/<hidden>/<hidden>/<hidden>/<hidden>/<hidden>
  -------------------------------------------------------------------    -------------------

                         (clock clk_fpga_0 rise edge)
                                                      0.000     0.000 r  
    PS7_X0Y0             PS7                          0.000     0.000 r  gru_bin_version_i/processing_system7_0/inst/PS7_i/FCLKCLK[0]
                         net (fo=1, routed)           0.337     0.337    gru_bin_version_i/processing_system7_0/inst/FCLK_CLK_unbuffered[0]
    BUFGCTRL_X0Y16       BUFG (Prop_bufg_I_O)         0.029     0.366 r  gru_bin_version_i/processing_system7_0/inst/buffer_fclk_clk_0.FCLK_CLK_0_BUFG/O
                         net (fo=14567, routed)       0.822     1.188    gru_bin_version_wrapper/gru_bin_version/gru_bin_version_axi_mem_intercon_0/s00_couplers_imp_1UT69KP/gru_bin_version_axi_mem_intercon_imp_auto_pc_0/gru_bin_version_axi_mem_intercon_imp_auto_pc_0_axi_protocol_converter_v2_1_37_axi_protocol_converter/gru_bin_version_axi_mem_intercon_imp_auto_pc_0_axi_protocol_converter_v2_1_37_axi3_conv/gru_bin_version_axi_mem_intercon_imp_auto_pc_0_axi_protocol_converter_v2_1_37_a_axi3_conv/gru_bin_version_axi_mem_intercon_imp_auto_pc_0_axi_data_fifo_v2_1_36_axic_fifo/gru_bin_version_axi_mem_intercon_imp_auto_pc_0_axi_data_fifo_v2_1_36_fifo_gen/<hidden>/<hidden>/<hidden>/<hidden>/<hidden>/<hidden>
    SLICE_X37Y61         FDCE                                         r  gru_bin_version_wrapper/gru_bin_version/gru_bin_version_axi_mem_intercon_0/s00_couplers_imp_1UT69KP/gru_bin_version_axi_mem_intercon_imp_auto_pc_0/gru_bin_version_axi_mem_intercon_imp_auto_pc_0_axi_protocol_converter_v2_1_37_axi_protocol_converter/gru_bin_version_axi_mem_intercon_imp_auto_pc_0_axi_protocol_converter_v2_1_37_axi3_conv/gru_bin_version_axi_mem_intercon_imp_auto_pc_0_axi_protocol_converter_v2_1_37_a_axi3_conv/gru_bin_version_axi_mem_intercon_imp_auto_pc_0_axi_data_fifo_v2_1_36_axic_fifo/gru_bin_version_axi_mem_intercon_imp_auto_pc_0_axi_data_fifo_v2_1_36_fifo_gen/<hidden>/<hidden>/<hidden>/<hidden>/<hidden>/<hidden>
                         clock pessimism             -0.282     0.906    
    SLICE_X37Y61         FDCE (Remov_fdce_C_CLR)     -0.092     0.814    gru_bin_version_wrapper/gru_bin_version/gru_bin_version_axi_mem_intercon_0/s00_couplers_imp_1UT69KP/gru_bin_version_axi_mem_intercon_imp_auto_pc_0/gru_bin_version_axi_mem_intercon_imp_auto_pc_0_axi_protocol_converter_v2_1_37_axi_protocol_converter/gru_bin_version_axi_mem_intercon_imp_auto_pc_0_axi_protocol_converter_v2_1_37_axi3_conv/gru_bin_version_axi_mem_intercon_imp_auto_pc_0_axi_protocol_converter_v2_1_37_a_axi3_conv/gru_bin_version_axi_mem_intercon_imp_auto_pc_0_axi_data_fifo_v2_1_36_axic_fifo/gru_bin_version_axi_mem_intercon_imp_auto_pc_0_axi_data_fifo_v2_1_36_fifo_gen/<hidden>/<hidden>/<hidden>/<hidden>/<hidden>/<hidden>
  -------------------------------------------------------------------
                         required time                         -0.814    
                         arrival time                           1.344    
  -------------------------------------------------------------------
                         slack                                  0.530    

Slack (MET) :             0.530ns  (arrival time - required time)
  Source:                 gru_bin_version_wrapper/gru_bin_version/gru_bin_version_axi_mem_intercon_0/s00_couplers_imp_1UT69KP/gru_bin_version_axi_mem_intercon_imp_auto_pc_0/gru_bin_version_axi_mem_intercon_imp_auto_pc_0_axi_protocol_converter_v2_1_37_axi_protocol_converter/gru_bin_version_axi_mem_intercon_imp_auto_pc_0_axi_protocol_converter_v2_1_37_axi3_conv/gru_bin_version_axi_mem_intercon_imp_auto_pc_0_axi_protocol_converter_v2_1_37_a_axi3_conv/gru_bin_version_axi_mem_intercon_imp_auto_pc_0_axi_data_fifo_v2_1_36_axic_fifo/gru_bin_version_axi_mem_intercon_imp_auto_pc_0_axi_data_fifo_v2_1_36_fifo_gen/<hidden>/<hidden>/<hidden>/<hidden>/<hidden>
                            (rising edge-triggered cell FDRE clocked by clk_fpga_0  {rise@0.000ns fall@5.000ns period=10.000ns})
  Destination:            gru_bin_version_wrapper/gru_bin_version/gru_bin_version_axi_mem_intercon_0/s00_couplers_imp_1UT69KP/gru_bin_version_axi_mem_intercon_imp_auto_pc_0/gru_bin_version_axi_mem_intercon_imp_auto_pc_0_axi_protocol_converter_v2_1_37_axi_protocol_converter/gru_bin_version_axi_mem_intercon_imp_auto_pc_0_axi_protocol_converter_v2_1_37_axi3_conv/gru_bin_version_axi_mem_intercon_imp_auto_pc_0_axi_protocol_converter_v2_1_37_a_axi3_conv/gru_bin_version_axi_mem_intercon_imp_auto_pc_0_axi_data_fifo_v2_1_36_axic_fifo/gru_bin_version_axi_mem_intercon_imp_auto_pc_0_axi_data_fifo_v2_1_36_fifo_gen/<hidden>/<hidden>/<hidden>/<hidden>/<hidden>/<hidden>
                            (removal check against rising-edge clock clk_fpga_0  {rise@0.000ns fall@5.000ns period=10.000ns})
  Path Group:             **async_default**
  Path Type:              Removal (Min at Fast Process Corner)
  Requirement:            0.000ns  (clk_fpga_0 rise@0.000ns - clk_fpga_0 rise@0.000ns)
  Data Path Delay:        0.454ns  (logic 0.226ns (49.789%)  route 0.228ns (50.211%))
  Logic Levels:           1  (LUT3=1)
  Clock Path Skew:        0.016ns (DCD - SCD - CPR)
    Destination Clock Delay (DCD):    1.188ns
    Source Clock Delay      (SCD):    0.890ns
    Clock Pessimism Removal (CPR):    0.282ns

    Location             Delay type                Incr(ns)  Path(ns)    Netlist Resource(s)
  -------------------------------------------------------------------    -------------------
                         (clock clk_fpga_0 rise edge)
                                                      0.000     0.000 r  
    PS7_X0Y0             PS7                          0.000     0.000 r  gru_bin_version_i/processing_system7_0/inst/PS7_i/FCLKCLK[0]
                         net (fo=1, routed)           0.310     0.310    gru_bin_version_i/processing_system7_0/inst/FCLK_CLK_unbuffered[0]
    BUFGCTRL_X0Y16       BUFG (Prop_bufg_I_O)         0.026     0.336 r  gru_bin_version_i/processing_system7_0/inst/buffer_fclk_clk_0.FCLK_CLK_0_BUFG/O
                         net (fo=14567, routed)       0.554     0.890    gru_bin_version_wrapper/gru_bin_version/gru_bin_version_axi_mem_intercon_0/s00_couplers_imp_1UT69KP/gru_bin_version_axi_mem_intercon_imp_auto_pc_0/gru_bin_version_axi_mem_intercon_imp_auto_pc_0_axi_protocol_converter_v2_1_37_axi_protocol_converter/gru_bin_version_axi_mem_intercon_imp_auto_pc_0_axi_protocol_converter_v2_1_37_axi3_conv/gru_bin_version_axi_mem_intercon_imp_auto_pc_0_axi_protocol_converter_v2_1_37_a_axi3_conv/gru_bin_version_axi_mem_intercon_imp_auto_pc_0_axi_data_fifo_v2_1_36_axic_fifo/gru_bin_version_axi_mem_intercon_imp_auto_pc_0_axi_data_fifo_v2_1_36_fifo_gen/<hidden>/<hidden>/<hidden>/<hidden>/<hidden>
    SLICE_X37Y60         FDRE                                         r  gru_bin_version_wrapper/gru_bin_version/gru_bin_version_axi_mem_intercon_0/s00_couplers_imp_1UT69KP/gru_bin_version_axi_mem_intercon_imp_auto_pc_0/gru_bin_version_axi_mem_intercon_imp_auto_pc_0_axi_protocol_converter_v2_1_37_axi_protocol_converter/gru_bin_version_axi_mem_intercon_imp_auto_pc_0_axi_protocol_converter_v2_1_37_axi3_conv/gru_bin_version_axi_mem_intercon_imp_auto_pc_0_axi_protocol_converter_v2_1_37_a_axi3_conv/gru_bin_version_axi_mem_intercon_imp_auto_pc_0_axi_data_fifo_v2_1_36_axic_fifo/gru_bin_version_axi_mem_intercon_imp_auto_pc_0_axi_data_fifo_v2_1_36_fifo_gen/<hidden>/<hidden>/<hidden>/<hidden>/<hidden>
  -------------------------------------------------------------------    -------------------
    SLICE_X37Y60         FDRE (Prop_fdre_C_Q)         0.128     1.018 f  gru_bin_version_wrapper/gru_bin_version/gru_bin_version_axi_mem_intercon_0/s00_couplers_imp_1UT69KP/gru_bin_version_axi_mem_intercon_imp_auto_pc_0/gru_bin_version_axi_mem_intercon_imp_auto_pc_0_axi_protocol_converter_v2_1_37_axi_protocol_converter/gru_bin_version_axi_mem_intercon_imp_auto_pc_0_axi_protocol_converter_v2_1_37_axi3_conv/gru_bin_version_axi_mem_intercon_imp_auto_pc_0_axi_protocol_converter_v2_1_37_a_axi3_conv/gru_bin_version_axi_mem_intercon_imp_auto_pc_0_axi_data_fifo_v2_1_36_axic_fifo/gru_bin_version_axi_mem_intercon_imp_auto_pc_0_axi_data_fifo_v2_1_36_fifo_gen/<hidden>/<hidden>/<hidden>/<hidden>/<hidden>
                         net (fo=2, routed)           0.100     1.117    gru_bin_version_wrapper/gru_bin_version/gru_bin_version_axi_mem_intercon_0/s00_couplers_imp_1UT69KP/gru_bin_version_axi_mem_intercon_imp_auto_pc_0/gru_bin_version_axi_mem_intercon_imp_auto_pc_0_axi_protocol_converter_v2_1_37_axi_protocol_converter/gru_bin_version_axi_mem_intercon_imp_auto_pc_0_axi_protocol_converter_v2_1_37_axi3_conv/gru_bin_version_axi_mem_intercon_imp_auto_pc_0_axi_protocol_converter_v2_1_37_a_axi3_conv/gru_bin_version_axi_mem_intercon_imp_auto_pc_0_axi_data_fifo_v2_1_36_axic_fifo/gru_bin_version_axi_mem_intercon_imp_auto_pc_0_axi_data_fifo_v2_1_36_fifo_gen/<hidden>/<hidden>/<hidden>/<hidden>/<hidden>
    SLICE_X37Y60         LUT3 (Prop_lut3_I1_O)        0.098     1.215 f  gru_bin_version_wrapper/gru_bin_version/gru_bin_version_axi_mem_intercon_0/s00_couplers_imp_1UT69KP/gru_bin_version_axi_mem_intercon_imp_auto_pc_0/gru_bin_version_axi_mem_intercon_imp_auto_pc_0_axi_protocol_converter_v2_1_37_axi_protocol_converter/gru_bin_version_axi_mem_intercon_imp_auto_pc_0_axi_protocol_converter_v2_1_37_axi3_conv/gru_bin_version_axi_mem_intercon_imp_auto_pc_0_axi_protocol_converter_v2_1_37_a_axi3_conv/gru_bin_version_axi_mem_intercon_imp_auto_pc_0_axi_data_fifo_v2_1_36_axic_fifo/gru_bin_version_axi_mem_intercon_imp_auto_pc_0_axi_data_fifo_v2_1_36_fifo_gen/<hidden>/<hidden>/<hidden>/<hidden>/<hidden>
                         net (fo=33, routed)          0.128     1.344    gru_bin_version_wrapper/gru_bin_version/gru_bin_version_axi_mem_intercon_0/s00_couplers_imp_1UT69KP/gru_bin_version_axi_mem_intercon_imp_auto_pc_0/gru_bin_version_axi_mem_intercon_imp_auto_pc_0_axi_protocol_converter_v2_1_37_axi_protocol_converter/gru_bin_version_axi_mem_intercon_imp_auto_pc_0_axi_protocol_converter_v2_1_37_axi3_conv/gru_bin_version_axi_mem_intercon_imp_auto_pc_0_axi_protocol_converter_v2_1_37_a_axi3_conv/gru_bin_version_axi_mem_intercon_imp_auto_pc_0_axi_data_fifo_v2_1_36_axic_fifo/gru_bin_version_axi_mem_intercon_imp_auto_pc_0_axi_data_fifo_v2_1_36_fifo_gen/<hidden>/<hidden>/<hidden>/<hidden>/<hidden>/<hidden>
    SLICE_X37Y61         FDCE                                         f  gru_bin_version_wrapper/gru_bin_version/gru_bin_version_axi_mem_intercon_0/s00_couplers_imp_1UT69KP/gru_bin_version_axi_mem_intercon_imp_auto_pc_0/gru_bin_version_axi_mem_intercon_imp_auto_pc_0_axi_protocol_converter_v2_1_37_axi_protocol_converter/gru_bin_version_axi_mem_intercon_imp_auto_pc_0_axi_protocol_converter_v2_1_37_axi3_conv/gru_bin_version_axi_mem_intercon_imp_auto_pc_0_axi_protocol_converter_v2_1_37_a_axi3_conv/gru_bin_version_axi_mem_intercon_imp_auto_pc_0_axi_data_fifo_v2_1_36_axic_fifo/gru_bin_version_axi_mem_intercon_imp_auto_pc_0_axi_data_fifo_v2_1_36_fifo_gen/<hidden>/<hidden>/<hidden>/<hidden>/<hidden>/<hidden>
  -------------------------------------------------------------------    -------------------

                         (clock clk_fpga_0 rise edge)
                                                      0.000     0.000 r  
    PS7_X0Y0             PS7                          0.000     0.000 r  gru_bin_version_i/processing_system7_0/inst/PS7_i/FCLKCLK[0]
                         net (fo=1, routed)           0.337     0.337    gru_bin_version_i/processing_system7_0/inst/FCLK_CLK_unbuffered[0]
    BUFGCTRL_X0Y16       BUFG (Prop_bufg_I_O)         0.029     0.366 r  gru_bin_version_i/processing_system7_0/inst/buffer_fclk_clk_0.FCLK_CLK_0_BUFG/O
                         net (fo=14567, routed)       0.822     1.188    gru_bin_version_wrapper/gru_bin_version/gru_bin_version_axi_mem_intercon_0/s00_couplers_imp_1UT69KP/gru_bin_version_axi_mem_intercon_imp_auto_pc_0/gru_bin_version_axi_mem_intercon_imp_auto_pc_0_axi_protocol_converter_v2_1_37_axi_protocol_converter/gru_bin_version_axi_mem_intercon_imp_auto_pc_0_axi_protocol_converter_v2_1_37_axi3_conv/gru_bin_version_axi_mem_intercon_imp_auto_pc_0_axi_protocol_converter_v2_1_37_a_axi3_conv/gru_bin_version_axi_mem_intercon_imp_auto_pc_0_axi_data_fifo_v2_1_36_axic_fifo/gru_bin_version_axi_mem_intercon_imp_auto_pc_0_axi_data_fifo_v2_1_36_fifo_gen/<hidden>/<hidden>/<hidden>/<hidden>/<hidden>/<hidden>
    SLICE_X37Y61         FDCE                                         r  gru_bin_version_wrapper/gru_bin_version/gru_bin_version_axi_mem_intercon_0/s00_couplers_imp_1UT69KP/gru_bin_version_axi_mem_intercon_imp_auto_pc_0/gru_bin_version_axi_mem_intercon_imp_auto_pc_0_axi_protocol_converter_v2_1_37_axi_protocol_converter/gru_bin_version_axi_mem_intercon_imp_auto_pc_0_axi_protocol_converter_v2_1_37_axi3_conv/gru_bin_version_axi_mem_intercon_imp_auto_pc_0_axi_protocol_converter_v2_1_37_a_axi3_conv/gru_bin_version_axi_mem_intercon_imp_auto_pc_0_axi_data_fifo_v2_1_36_axic_fifo/gru_bin_version_axi_mem_intercon_imp_auto_pc_0_axi_data_fifo_v2_1_36_fifo_gen/<hidden>/<hidden>/<hidden>/<hidden>/<hidden>/<hidden>
                         clock pessimism             -0.282     0.906    
    SLICE_X37Y61         FDCE (Remov_fdce_C_CLR)     -0.092     0.814    gru_bin_version_wrapper/gru_bin_version/gru_bin_version_axi_mem_intercon_0/s00_couplers_imp_1UT69KP/gru_bin_version_axi_mem_intercon_imp_auto_pc_0/gru_bin_version_axi_mem_intercon_imp_auto_pc_0_axi_protocol_converter_v2_1_37_axi_protocol_converter/gru_bin_version_axi_mem_intercon_imp_auto_pc_0_axi_protocol_converter_v2_1_37_axi3_conv/gru_bin_version_axi_mem_intercon_imp_auto_pc_0_axi_protocol_converter_v2_1_37_a_axi3_conv/gru_bin_version_axi_mem_intercon_imp_auto_pc_0_axi_data_fifo_v2_1_36_axic_fifo/gru_bin_version_axi_mem_intercon_imp_auto_pc_0_axi_data_fifo_v2_1_36_fifo_gen/<hidden>/<hidden>/<hidden>/<hidden>/<hidden>/<hidden>
  -------------------------------------------------------------------
                         required time                         -0.814    
                         arrival time                           1.344    
  -------------------------------------------------------------------
                         slack                                  0.530    

Slack (MET) :             0.533ns  (arrival time - required time)
  Source:                 gru_bin_version_wrapper/gru_bin_version/gru_bin_version_axi_mem_intercon_0/s00_couplers_imp_1UT69KP/gru_bin_version_axi_mem_intercon_imp_auto_pc_0/gru_bin_version_axi_mem_intercon_imp_auto_pc_0_axi_protocol_converter_v2_1_37_axi_protocol_converter/gru_bin_version_axi_mem_intercon_imp_auto_pc_0_axi_protocol_converter_v2_1_37_axi3_conv/gru_bin_version_axi_mem_intercon_imp_auto_pc_0_axi_protocol_converter_v2_1_37_a_axi3_conv/gru_bin_version_axi_mem_intercon_imp_auto_pc_0_axi_data_fifo_v2_1_36_axic_fifo/gru_bin_version_axi_mem_intercon_imp_auto_pc_0_axi_data_fifo_v2_1_36_fifo_gen/<hidden>/<hidden>/<hidden>/<hidden>/<hidden>
                            (rising edge-triggered cell FDRE clocked by clk_fpga_0  {rise@0.000ns fall@5.000ns period=10.000ns})
  Destination:            gru_bin_version_wrapper/gru_bin_version/gru_bin_version_axi_mem_intercon_0/s00_couplers_imp_1UT69KP/gru_bin_version_axi_mem_intercon_imp_auto_pc_0/gru_bin_version_axi_mem_intercon_imp_auto_pc_0_axi_protocol_converter_v2_1_37_axi_protocol_converter/gru_bin_version_axi_mem_intercon_imp_auto_pc_0_axi_protocol_converter_v2_1_37_axi3_conv/gru_bin_version_axi_mem_intercon_imp_auto_pc_0_axi_protocol_converter_v2_1_37_a_axi3_conv/gru_bin_version_axi_mem_intercon_imp_auto_pc_0_axi_data_fifo_v2_1_36_axic_fifo/gru_bin_version_axi_mem_intercon_imp_auto_pc_0_axi_data_fifo_v2_1_36_fifo_gen/<hidden>/<hidden>/<hidden>/<hidden>/<hidden>/<hidden>
                            (removal check against rising-edge clock clk_fpga_0  {rise@0.000ns fall@5.000ns period=10.000ns})
  Path Group:             **async_default**
  Path Type:              Removal (Min at Fast Process Corner)
  Requirement:            0.000ns  (clk_fpga_0 rise@0.000ns - clk_fpga_0 rise@0.000ns)
  Data Path Delay:        0.454ns  (logic 0.226ns (49.789%)  route 0.228ns (50.211%))
  Logic Levels:           1  (LUT3=1)
  Clock Path Skew:        0.016ns (DCD - SCD - CPR)
    Destination Clock Delay (DCD):    1.188ns
    Source Clock Delay      (SCD):    0.890ns
    Clock Pessimism Removal (CPR):    0.282ns

    Location             Delay type                Incr(ns)  Path(ns)    Netlist Resource(s)
  -------------------------------------------------------------------    -------------------
                         (clock clk_fpga_0 rise edge)
                                                      0.000     0.000 r  
    PS7_X0Y0             PS7                          0.000     0.000 r  gru_bin_version_i/processing_system7_0/inst/PS7_i/FCLKCLK[0]
                         net (fo=1, routed)           0.310     0.310    gru_bin_version_i/processing_system7_0/inst/FCLK_CLK_unbuffered[0]
    BUFGCTRL_X0Y16       BUFG (Prop_bufg_I_O)         0.026     0.336 r  gru_bin_version_i/processing_system7_0/inst/buffer_fclk_clk_0.FCLK_CLK_0_BUFG/O
                         net (fo=14567, routed)       0.554     0.890    gru_bin_version_wrapper/gru_bin_version/gru_bin_version_axi_mem_intercon_0/s00_couplers_imp_1UT69KP/gru_bin_version_axi_mem_intercon_imp_auto_pc_0/gru_bin_version_axi_mem_intercon_imp_auto_pc_0_axi_protocol_converter_v2_1_37_axi_protocol_converter/gru_bin_version_axi_mem_intercon_imp_auto_pc_0_axi_protocol_converter_v2_1_37_axi3_conv/gru_bin_version_axi_mem_intercon_imp_auto_pc_0_axi_protocol_converter_v2_1_37_a_axi3_conv/gru_bin_version_axi_mem_intercon_imp_auto_pc_0_axi_data_fifo_v2_1_36_axic_fifo/gru_bin_version_axi_mem_intercon_imp_auto_pc_0_axi_data_fifo_v2_1_36_fifo_gen/<hidden>/<hidden>/<hidden>/<hidden>/<hidden>
    SLICE_X37Y60         FDRE                                         r  gru_bin_version_wrapper/gru_bin_version/gru_bin_version_axi_mem_intercon_0/s00_couplers_imp_1UT69KP/gru_bin_version_axi_mem_intercon_imp_auto_pc_0/gru_bin_version_axi_mem_intercon_imp_auto_pc_0_axi_protocol_converter_v2_1_37_axi_protocol_converter/gru_bin_version_axi_mem_intercon_imp_auto_pc_0_axi_protocol_converter_v2_1_37_axi3_conv/gru_bin_version_axi_mem_intercon_imp_auto_pc_0_axi_protocol_converter_v2_1_37_a_axi3_conv/gru_bin_version_axi_mem_intercon_imp_auto_pc_0_axi_data_fifo_v2_1_36_axic_fifo/gru_bin_version_axi_mem_intercon_imp_auto_pc_0_axi_data_fifo_v2_1_36_fifo_gen/<hidden>/<hidden>/<hidden>/<hidden>/<hidden>
  -------------------------------------------------------------------    -------------------
    SLICE_X37Y60         FDRE (Prop_fdre_C_Q)         0.128     1.018 f  gru_bin_version_wrapper/gru_bin_version/gru_bin_version_axi_mem_intercon_0/s00_couplers_imp_1UT69KP/gru_bin_version_axi_mem_intercon_imp_auto_pc_0/gru_bin_version_axi_mem_intercon_imp_auto_pc_0_axi_protocol_converter_v2_1_37_axi_protocol_converter/gru_bin_version_axi_mem_intercon_imp_auto_pc_0_axi_protocol_converter_v2_1_37_axi3_conv/gru_bin_version_axi_mem_intercon_imp_auto_pc_0_axi_protocol_converter_v2_1_37_a_axi3_conv/gru_bin_version_axi_mem_intercon_imp_auto_pc_0_axi_data_fifo_v2_1_36_axic_fifo/gru_bin_version_axi_mem_intercon_imp_auto_pc_0_axi_data_fifo_v2_1_36_fifo_gen/<hidden>/<hidden>/<hidden>/<hidden>/<hidden>
                         net (fo=2, routed)           0.100     1.117    gru_bin_version_wrapper/gru_bin_version/gru_bin_version_axi_mem_intercon_0/s00_couplers_imp_1UT69KP/gru_bin_version_axi_mem_intercon_imp_auto_pc_0/gru_bin_version_axi_mem_intercon_imp_auto_pc_0_axi_protocol_converter_v2_1_37_axi_protocol_converter/gru_bin_version_axi_mem_intercon_imp_auto_pc_0_axi_protocol_converter_v2_1_37_axi3_conv/gru_bin_version_axi_mem_intercon_imp_auto_pc_0_axi_protocol_converter_v2_1_37_a_axi3_conv/gru_bin_version_axi_mem_intercon_imp_auto_pc_0_axi_data_fifo_v2_1_36_axic_fifo/gru_bin_version_axi_mem_intercon_imp_auto_pc_0_axi_data_fifo_v2_1_36_fifo_gen/<hidden>/<hidden>/<hidden>/<hidden>/<hidden>
    SLICE_X37Y60         LUT3 (Prop_lut3_I1_O)        0.098     1.215 f  gru_bin_version_wrapper/gru_bin_version/gru_bin_version_axi_mem_intercon_0/s00_couplers_imp_1UT69KP/gru_bin_version_axi_mem_intercon_imp_auto_pc_0/gru_bin_version_axi_mem_intercon_imp_auto_pc_0_axi_protocol_converter_v2_1_37_axi_protocol_converter/gru_bin_version_axi_mem_intercon_imp_auto_pc_0_axi_protocol_converter_v2_1_37_axi3_conv/gru_bin_version_axi_mem_intercon_imp_auto_pc_0_axi_protocol_converter_v2_1_37_a_axi3_conv/gru_bin_version_axi_mem_intercon_imp_auto_pc_0_axi_data_fifo_v2_1_36_axic_fifo/gru_bin_version_axi_mem_intercon_imp_auto_pc_0_axi_data_fifo_v2_1_36_fifo_gen/<hidden>/<hidden>/<hidden>/<hidden>/<hidden>
                         net (fo=33, routed)          0.128     1.344    gru_bin_version_wrapper/gru_bin_version/gru_bin_version_axi_mem_intercon_0/s00_couplers_imp_1UT69KP/gru_bin_version_axi_mem_intercon_imp_auto_pc_0/gru_bin_version_axi_mem_intercon_imp_auto_pc_0_axi_protocol_converter_v2_1_37_axi_protocol_converter/gru_bin_version_axi_mem_intercon_imp_auto_pc_0_axi_protocol_converter_v2_1_37_axi3_conv/gru_bin_version_axi_mem_intercon_imp_auto_pc_0_axi_protocol_converter_v2_1_37_a_axi3_conv/gru_bin_version_axi_mem_intercon_imp_auto_pc_0_axi_data_fifo_v2_1_36_axic_fifo/gru_bin_version_axi_mem_intercon_imp_auto_pc_0_axi_data_fifo_v2_1_36_fifo_gen/<hidden>/<hidden>/<hidden>/<hidden>/<hidden>/<hidden>
    SLICE_X37Y61         FDPE                                         f  gru_bin_version_wrapper/gru_bin_version/gru_bin_version_axi_mem_intercon_0/s00_couplers_imp_1UT69KP/gru_bin_version_axi_mem_intercon_imp_auto_pc_0/gru_bin_version_axi_mem_intercon_imp_auto_pc_0_axi_protocol_converter_v2_1_37_axi_protocol_converter/gru_bin_version_axi_mem_intercon_imp_auto_pc_0_axi_protocol_converter_v2_1_37_axi3_conv/gru_bin_version_axi_mem_intercon_imp_auto_pc_0_axi_protocol_converter_v2_1_37_a_axi3_conv/gru_bin_version_axi_mem_intercon_imp_auto_pc_0_axi_data_fifo_v2_1_36_axic_fifo/gru_bin_version_axi_mem_intercon_imp_auto_pc_0_axi_data_fifo_v2_1_36_fifo_gen/<hidden>/<hidden>/<hidden>/<hidden>/<hidden>/<hidden>
  -------------------------------------------------------------------    -------------------

                         (clock clk_fpga_0 rise edge)
                                                      0.000     0.000 r  
    PS7_X0Y0             PS7                          0.000     0.000 r  gru_bin_version_i/processing_system7_0/inst/PS7_i/FCLKCLK[0]
                         net (fo=1, routed)           0.337     0.337    gru_bin_version_i/processing_system7_0/inst/FCLK_CLK_unbuffered[0]
    BUFGCTRL_X0Y16       BUFG (Prop_bufg_I_O)         0.029     0.366 r  gru_bin_version_i/processing_system7_0/inst/buffer_fclk_clk_0.FCLK_CLK_0_BUFG/O
                         net (fo=14567, routed)       0.822     1.188    gru_bin_version_wrapper/gru_bin_version/gru_bin_version_axi_mem_intercon_0/s00_couplers_imp_1UT69KP/gru_bin_version_axi_mem_intercon_imp_auto_pc_0/gru_bin_version_axi_mem_intercon_imp_auto_pc_0_axi_protocol_converter_v2_1_37_axi_protocol_converter/gru_bin_version_axi_mem_intercon_imp_auto_pc_0_axi_protocol_converter_v2_1_37_axi3_conv/gru_bin_version_axi_mem_intercon_imp_auto_pc_0_axi_protocol_converter_v2_1_37_a_axi3_conv/gru_bin_version_axi_mem_intercon_imp_auto_pc_0_axi_data_fifo_v2_1_36_axic_fifo/gru_bin_version_axi_mem_intercon_imp_auto_pc_0_axi_data_fifo_v2_1_36_fifo_gen/<hidden>/<hidden>/<hidden>/<hidden>/<hidden>/<hidden>
    SLICE_X37Y61         FDPE                                         r  gru_bin_version_wrapper/gru_bin_version/gru_bin_version_axi_mem_intercon_0/s00_couplers_imp_1UT69KP/gru_bin_version_axi_mem_intercon_imp_auto_pc_0/gru_bin_version_axi_mem_intercon_imp_auto_pc_0_axi_protocol_converter_v2_1_37_axi_protocol_converter/gru_bin_version_axi_mem_intercon_imp_auto_pc_0_axi_protocol_converter_v2_1_37_axi3_conv/gru_bin_version_axi_mem_intercon_imp_auto_pc_0_axi_protocol_converter_v2_1_37_a_axi3_conv/gru_bin_version_axi_mem_intercon_imp_auto_pc_0_axi_data_fifo_v2_1_36_axic_fifo/gru_bin_version_axi_mem_intercon_imp_auto_pc_0_axi_data_fifo_v2_1_36_fifo_gen/<hidden>/<hidden>/<hidden>/<hidden>/<hidden>/<hidden>
                         clock pessimism             -0.282     0.906    
    SLICE_X37Y61         FDPE (Remov_fdpe_C_PRE)     -0.095     0.811    gru_bin_version_wrapper/gru_bin_version/gru_bin_version_axi_mem_intercon_0/s00_couplers_imp_1UT69KP/gru_bin_version_axi_mem_intercon_imp_auto_pc_0/gru_bin_version_axi_mem_intercon_imp_auto_pc_0_axi_protocol_converter_v2_1_37_axi_protocol_converter/gru_bin_version_axi_mem_intercon_imp_auto_pc_0_axi_protocol_converter_v2_1_37_axi3_conv/gru_bin_version_axi_mem_intercon_imp_auto_pc_0_axi_protocol_converter_v2_1_37_a_axi3_conv/gru_bin_version_axi_mem_intercon_imp_auto_pc_0_axi_data_fifo_v2_1_36_axic_fifo/gru_bin_version_axi_mem_intercon_imp_auto_pc_0_axi_data_fifo_v2_1_36_fifo_gen/<hidden>/<hidden>/<hidden>/<hidden>/<hidden>/<hidden>
  -------------------------------------------------------------------
                         required time                         -0.811    
                         arrival time                           1.344    
  -------------------------------------------------------------------
                         slack                                  0.533    

Slack (MET) :             0.533ns  (arrival time - required time)
  Source:                 gru_bin_version_wrapper/gru_bin_version/gru_bin_version_axi_mem_intercon_0/s00_couplers_imp_1UT69KP/gru_bin_version_axi_mem_intercon_imp_auto_pc_0/gru_bin_version_axi_mem_intercon_imp_auto_pc_0_axi_protocol_converter_v2_1_37_axi_protocol_converter/gru_bin_version_axi_mem_intercon_imp_auto_pc_0_axi_protocol_converter_v2_1_37_axi3_conv/gru_bin_version_axi_mem_intercon_imp_auto_pc_0_axi_protocol_converter_v2_1_37_a_axi3_conv/gru_bin_version_axi_mem_intercon_imp_auto_pc_0_axi_data_fifo_v2_1_36_axic_fifo/gru_bin_version_axi_mem_intercon_imp_auto_pc_0_axi_data_fifo_v2_1_36_fifo_gen/<hidden>/<hidden>/<hidden>/<hidden>/<hidden>
                            (rising edge-triggered cell FDRE clocked by clk_fpga_0  {rise@0.000ns fall@5.000ns period=10.000ns})
  Destination:            gru_bin_version_wrapper/gru_bin_version/gru_bin_version_axi_mem_intercon_0/s00_couplers_imp_1UT69KP/gru_bin_version_axi_mem_intercon_imp_auto_pc_0/gru_bin_version_axi_mem_intercon_imp_auto_pc_0_axi_protocol_converter_v2_1_37_axi_protocol_converter/gru_bin_version_axi_mem_intercon_imp_auto_pc_0_axi_protocol_converter_v2_1_37_axi3_conv/gru_bin_version_axi_mem_intercon_imp_auto_pc_0_axi_protocol_converter_v2_1_37_a_axi3_conv/gru_bin_version_axi_mem_intercon_imp_auto_pc_0_axi_data_fifo_v2_1_36_axic_fifo/gru_bin_version_axi_mem_intercon_imp_auto_pc_0_axi_data_fifo_v2_1_36_fifo_gen/<hidden>/<hidden>/<hidden>/<hidden>/<hidden>/<hidden>
                            (removal check against rising-edge clock clk_fpga_0  {rise@0.000ns fall@5.000ns period=10.000ns})
  Path Group:             **async_default**
  Path Type:              Removal (Min at Fast Process Corner)
  Requirement:            0.000ns  (clk_fpga_0 rise@0.000ns - clk_fpga_0 rise@0.000ns)
  Data Path Delay:        0.454ns  (logic 0.226ns (49.789%)  route 0.228ns (50.211%))
  Logic Levels:           1  (LUT3=1)
  Clock Path Skew:        0.016ns (DCD - SCD - CPR)
    Destination Clock Delay (DCD):    1.188ns
    Source Clock Delay      (SCD):    0.890ns
    Clock Pessimism Removal (CPR):    0.282ns

    Location             Delay type                Incr(ns)  Path(ns)    Netlist Resource(s)
  -------------------------------------------------------------------    -------------------
                         (clock clk_fpga_0 rise edge)
                                                      0.000     0.000 r  
    PS7_X0Y0             PS7                          0.000     0.000 r  gru_bin_version_i/processing_system7_0/inst/PS7_i/FCLKCLK[0]
                         net (fo=1, routed)           0.310     0.310    gru_bin_version_i/processing_system7_0/inst/FCLK_CLK_unbuffered[0]
    BUFGCTRL_X0Y16       BUFG (Prop_bufg_I_O)         0.026     0.336 r  gru_bin_version_i/processing_system7_0/inst/buffer_fclk_clk_0.FCLK_CLK_0_BUFG/O
                         net (fo=14567, routed)       0.554     0.890    gru_bin_version_wrapper/gru_bin_version/gru_bin_version_axi_mem_intercon_0/s00_couplers_imp_1UT69KP/gru_bin_version_axi_mem_intercon_imp_auto_pc_0/gru_bin_version_axi_mem_intercon_imp_auto_pc_0_axi_protocol_converter_v2_1_37_axi_protocol_converter/gru_bin_version_axi_mem_intercon_imp_auto_pc_0_axi_protocol_converter_v2_1_37_axi3_conv/gru_bin_version_axi_mem_intercon_imp_auto_pc_0_axi_protocol_converter_v2_1_37_a_axi3_conv/gru_bin_version_axi_mem_intercon_imp_auto_pc_0_axi_data_fifo_v2_1_36_axic_fifo/gru_bin_version_axi_mem_intercon_imp_auto_pc_0_axi_data_fifo_v2_1_36_fifo_gen/<hidden>/<hidden>/<hidden>/<hidden>/<hidden>
    SLICE_X37Y60         FDRE                                         r  gru_bin_version_wrapper/gru_bin_version/gru_bin_version_axi_mem_intercon_0/s00_couplers_imp_1UT69KP/gru_bin_version_axi_mem_intercon_imp_auto_pc_0/gru_bin_version_axi_mem_intercon_imp_auto_pc_0_axi_protocol_converter_v2_1_37_axi_protocol_converter/gru_bin_version_axi_mem_intercon_imp_auto_pc_0_axi_protocol_converter_v2_1_37_axi3_conv/gru_bin_version_axi_mem_intercon_imp_auto_pc_0_axi_protocol_converter_v2_1_37_a_axi3_conv/gru_bin_version_axi_mem_intercon_imp_auto_pc_0_axi_data_fifo_v2_1_36_axic_fifo/gru_bin_version_axi_mem_intercon_imp_auto_pc_0_axi_data_fifo_v2_1_36_fifo_gen/<hidden>/<hidden>/<hidden>/<hidden>/<hidden>
  -------------------------------------------------------------------    -------------------
    SLICE_X37Y60         FDRE (Prop_fdre_C_Q)         0.128     1.018 f  gru_bin_version_wrapper/gru_bin_version/gru_bin_version_axi_mem_intercon_0/s00_couplers_imp_1UT69KP/gru_bin_version_axi_mem_intercon_imp_auto_pc_0/gru_bin_version_axi_mem_intercon_imp_auto_pc_0_axi_protocol_converter_v2_1_37_axi_protocol_converter/gru_bin_version_axi_mem_intercon_imp_auto_pc_0_axi_protocol_converter_v2_1_37_axi3_conv/gru_bin_version_axi_mem_intercon_imp_auto_pc_0_axi_protocol_converter_v2_1_37_a_axi3_conv/gru_bin_version_axi_mem_intercon_imp_auto_pc_0_axi_data_fifo_v2_1_36_axic_fifo/gru_bin_version_axi_mem_intercon_imp_auto_pc_0_axi_data_fifo_v2_1_36_fifo_gen/<hidden>/<hidden>/<hidden>/<hidden>/<hidden>
                         net (fo=2, routed)           0.100     1.117    gru_bin_version_wrapper/gru_bin_version/gru_bin_version_axi_mem_intercon_0/s00_couplers_imp_1UT69KP/gru_bin_version_axi_mem_intercon_imp_auto_pc_0/gru_bin_version_axi_mem_intercon_imp_auto_pc_0_axi_protocol_converter_v2_1_37_axi_protocol_converter/gru_bin_version_axi_mem_intercon_imp_auto_pc_0_axi_protocol_converter_v2_1_37_axi3_conv/gru_bin_version_axi_mem_intercon_imp_auto_pc_0_axi_protocol_converter_v2_1_37_a_axi3_conv/gru_bin_version_axi_mem_intercon_imp_auto_pc_0_axi_data_fifo_v2_1_36_axic_fifo/gru_bin_version_axi_mem_intercon_imp_auto_pc_0_axi_data_fifo_v2_1_36_fifo_gen/<hidden>/<hidden>/<hidden>/<hidden>/<hidden>
    SLICE_X37Y60         LUT3 (Prop_lut3_I1_O)        0.098     1.215 f  gru_bin_version_wrapper/gru_bin_version/gru_bin_version_axi_mem_intercon_0/s00_couplers_imp_1UT69KP/gru_bin_version_axi_mem_intercon_imp_auto_pc_0/gru_bin_version_axi_mem_intercon_imp_auto_pc_0_axi_protocol_converter_v2_1_37_axi_protocol_converter/gru_bin_version_axi_mem_intercon_imp_auto_pc_0_axi_protocol_converter_v2_1_37_axi3_conv/gru_bin_version_axi_mem_intercon_imp_auto_pc_0_axi_protocol_converter_v2_1_37_a_axi3_conv/gru_bin_version_axi_mem_intercon_imp_auto_pc_0_axi_data_fifo_v2_1_36_axic_fifo/gru_bin_version_axi_mem_intercon_imp_auto_pc_0_axi_data_fifo_v2_1_36_fifo_gen/<hidden>/<hidden>/<hidden>/<hidden>/<hidden>
                         net (fo=33, routed)          0.128     1.344    gru_bin_version_wrapper/gru_bin_version/gru_bin_version_axi_mem_intercon_0/s00_couplers_imp_1UT69KP/gru_bin_version_axi_mem_intercon_imp_auto_pc_0/gru_bin_version_axi_mem_intercon_imp_auto_pc_0_axi_protocol_converter_v2_1_37_axi_protocol_converter/gru_bin_version_axi_mem_intercon_imp_auto_pc_0_axi_protocol_converter_v2_1_37_axi3_conv/gru_bin_version_axi_mem_intercon_imp_auto_pc_0_axi_protocol_converter_v2_1_37_a_axi3_conv/gru_bin_version_axi_mem_intercon_imp_auto_pc_0_axi_data_fifo_v2_1_36_axic_fifo/gru_bin_version_axi_mem_intercon_imp_auto_pc_0_axi_data_fifo_v2_1_36_fifo_gen/<hidden>/<hidden>/<hidden>/<hidden>/<hidden>/<hidden>
    SLICE_X37Y61         FDPE                                         f  gru_bin_version_wrapper/gru_bin_version/gru_bin_version_axi_mem_intercon_0/s00_couplers_imp_1UT69KP/gru_bin_version_axi_mem_intercon_imp_auto_pc_0/gru_bin_version_axi_mem_intercon_imp_auto_pc_0_axi_protocol_converter_v2_1_37_axi_protocol_converter/gru_bin_version_axi_mem_intercon_imp_auto_pc_0_axi_protocol_converter_v2_1_37_axi3_conv/gru_bin_version_axi_mem_intercon_imp_auto_pc_0_axi_protocol_converter_v2_1_37_a_axi3_conv/gru_bin_version_axi_mem_intercon_imp_auto_pc_0_axi_data_fifo_v2_1_36_axic_fifo/gru_bin_version_axi_mem_intercon_imp_auto_pc_0_axi_data_fifo_v2_1_36_fifo_gen/<hidden>/<hidden>/<hidden>/<hidden>/<hidden>/<hidden>
  -------------------------------------------------------------------    -------------------

                         (clock clk_fpga_0 rise edge)
                                                      0.000     0.000 r  
    PS7_X0Y0             PS7                          0.000     0.000 r  gru_bin_version_i/processing_system7_0/inst/PS7_i/FCLKCLK[0]
                         net (fo=1, routed)           0.337     0.337    gru_bin_version_i/processing_system7_0/inst/FCLK_CLK_unbuffered[0]
    BUFGCTRL_X0Y16       BUFG (Prop_bufg_I_O)         0.029     0.366 r  gru_bin_version_i/processing_system7_0/inst/buffer_fclk_clk_0.FCLK_CLK_0_BUFG/O
                         net (fo=14567, routed)       0.822     1.188    gru_bin_version_wrapper/gru_bin_version/gru_bin_version_axi_mem_intercon_0/s00_couplers_imp_1UT69KP/gru_bin_version_axi_mem_intercon_imp_auto_pc_0/gru_bin_version_axi_mem_intercon_imp_auto_pc_0_axi_protocol_converter_v2_1_37_axi_protocol_converter/gru_bin_version_axi_mem_intercon_imp_auto_pc_0_axi_protocol_converter_v2_1_37_axi3_conv/gru_bin_version_axi_mem_intercon_imp_auto_pc_0_axi_protocol_converter_v2_1_37_a_axi3_conv/gru_bin_version_axi_mem_intercon_imp_auto_pc_0_axi_data_fifo_v2_1_36_axic_fifo/gru_bin_version_axi_mem_intercon_imp_auto_pc_0_axi_data_fifo_v2_1_36_fifo_gen/<hidden>/<hidden>/<hidden>/<hidden>/<hidden>/<hidden>
    SLICE_X37Y61         FDPE                                         r  gru_bin_version_wrapper/gru_bin_version/gru_bin_version_axi_mem_intercon_0/s00_couplers_imp_1UT69KP/gru_bin_version_axi_mem_intercon_imp_auto_pc_0/gru_bin_version_axi_mem_intercon_imp_auto_pc_0_axi_protocol_converter_v2_1_37_axi_protocol_converter/gru_bin_version_axi_mem_intercon_imp_auto_pc_0_axi_protocol_converter_v2_1_37_axi3_conv/gru_bin_version_axi_mem_intercon_imp_auto_pc_0_axi_protocol_converter_v2_1_37_a_axi3_conv/gru_bin_version_axi_mem_intercon_imp_auto_pc_0_axi_data_fifo_v2_1_36_axic_fifo/gru_bin_version_axi_mem_intercon_imp_auto_pc_0_axi_data_fifo_v2_1_36_fifo_gen/<hidden>/<hidden>/<hidden>/<hidden>/<hidden>/<hidden>
                         clock pessimism             -0.282     0.906    
    SLICE_X37Y61         FDPE (Remov_fdpe_C_PRE)     -0.095     0.811    gru_bin_version_wrapper/gru_bin_version/gru_bin_version_axi_mem_intercon_0/s00_couplers_imp_1UT69KP/gru_bin_version_axi_mem_intercon_imp_auto_pc_0/gru_bin_version_axi_mem_intercon_imp_auto_pc_0_axi_protocol_converter_v2_1_37_axi_protocol_converter/gru_bin_version_axi_mem_intercon_imp_auto_pc_0_axi_protocol_converter_v2_1_37_axi3_conv/gru_bin_version_axi_mem_intercon_imp_auto_pc_0_axi_protocol_converter_v2_1_37_a_axi3_conv/gru_bin_version_axi_mem_intercon_imp_auto_pc_0_axi_data_fifo_v2_1_36_axic_fifo/gru_bin_version_axi_mem_intercon_imp_auto_pc_0_axi_data_fifo_v2_1_36_fifo_gen/<hidden>/<hidden>/<hidden>/<hidden>/<hidden>/<hidden>
  -------------------------------------------------------------------
                         required time                         -0.811    
                         arrival time                           1.344    
  -------------------------------------------------------------------
                         slack                                  0.533    

Slack (MET) :             0.533ns  (arrival time - required time)
  Source:                 gru_bin_version_wrapper/gru_bin_version/gru_bin_version_axi_mem_intercon_0/s00_couplers_imp_1UT69KP/gru_bin_version_axi_mem_intercon_imp_auto_pc_0/gru_bin_version_axi_mem_intercon_imp_auto_pc_0_axi_protocol_converter_v2_1_37_axi_protocol_converter/gru_bin_version_axi_mem_intercon_imp_auto_pc_0_axi_protocol_converter_v2_1_37_axi3_conv/gru_bin_version_axi_mem_intercon_imp_auto_pc_0_axi_protocol_converter_v2_1_37_a_axi3_conv/gru_bin_version_axi_mem_intercon_imp_auto_pc_0_axi_data_fifo_v2_1_36_axic_fifo/gru_bin_version_axi_mem_intercon_imp_auto_pc_0_axi_data_fifo_v2_1_36_fifo_gen/<hidden>/<hidden>/<hidden>/<hidden>/<hidden>
                            (rising edge-triggered cell FDRE clocked by clk_fpga_0  {rise@0.000ns fall@5.000ns period=10.000ns})
  Destination:            gru_bin_version_wrapper/gru_bin_version/gru_bin_version_axi_mem_intercon_0/s00_couplers_imp_1UT69KP/gru_bin_version_axi_mem_intercon_imp_auto_pc_0/gru_bin_version_axi_mem_intercon_imp_auto_pc_0_axi_protocol_converter_v2_1_37_axi_protocol_converter/gru_bin_version_axi_mem_intercon_imp_auto_pc_0_axi_protocol_converter_v2_1_37_axi3_conv/gru_bin_version_axi_mem_intercon_imp_auto_pc_0_axi_protocol_converter_v2_1_37_a_axi3_conv/gru_bin_version_axi_mem_intercon_imp_auto_pc_0_axi_data_fifo_v2_1_36_axic_fifo/gru_bin_version_axi_mem_intercon_imp_auto_pc_0_axi_data_fifo_v2_1_36_fifo_gen/<hidden>/<hidden>/<hidden>/<hidden>/<hidden>/<hidden>
                            (removal check against rising-edge clock clk_fpga_0  {rise@0.000ns fall@5.000ns period=10.000ns})
  Path Group:             **async_default**
  Path Type:              Removal (Min at Fast Process Corner)
  Requirement:            0.000ns  (clk_fpga_0 rise@0.000ns - clk_fpga_0 rise@0.000ns)
  Data Path Delay:        0.454ns  (logic 0.226ns (49.789%)  route 0.228ns (50.211%))
  Logic Levels:           1  (LUT3=1)
  Clock Path Skew:        0.016ns (DCD - SCD - CPR)
    Destination Clock Delay (DCD):    1.188ns
    Source Clock Delay      (SCD):    0.890ns
    Clock Pessimism Removal (CPR):    0.282ns

    Location             Delay type                Incr(ns)  Path(ns)    Netlist Resource(s)
  -------------------------------------------------------------------    -------------------
                         (clock clk_fpga_0 rise edge)
                                                      0.000     0.000 r  
    PS7_X0Y0             PS7                          0.000     0.000 r  gru_bin_version_i/processing_system7_0/inst/PS7_i/FCLKCLK[0]
                         net (fo=1, routed)           0.310     0.310    gru_bin_version_i/processing_system7_0/inst/FCLK_CLK_unbuffered[0]
    BUFGCTRL_X0Y16       BUFG (Prop_bufg_I_O)         0.026     0.336 r  gru_bin_version_i/processing_system7_0/inst/buffer_fclk_clk_0.FCLK_CLK_0_BUFG/O
                         net (fo=14567, routed)       0.554     0.890    gru_bin_version_wrapper/gru_bin_version/gru_bin_version_axi_mem_intercon_0/s00_couplers_imp_1UT69KP/gru_bin_version_axi_mem_intercon_imp_auto_pc_0/gru_bin_version_axi_mem_intercon_imp_auto_pc_0_axi_protocol_converter_v2_1_37_axi_protocol_converter/gru_bin_version_axi_mem_intercon_imp_auto_pc_0_axi_protocol_converter_v2_1_37_axi3_conv/gru_bin_version_axi_mem_intercon_imp_auto_pc_0_axi_protocol_converter_v2_1_37_a_axi3_conv/gru_bin_version_axi_mem_intercon_imp_auto_pc_0_axi_data_fifo_v2_1_36_axic_fifo/gru_bin_version_axi_mem_intercon_imp_auto_pc_0_axi_data_fifo_v2_1_36_fifo_gen/<hidden>/<hidden>/<hidden>/<hidden>/<hidden>
    SLICE_X37Y60         FDRE                                         r  gru_bin_version_wrapper/gru_bin_version/gru_bin_version_axi_mem_intercon_0/s00_couplers_imp_1UT69KP/gru_bin_version_axi_mem_intercon_imp_auto_pc_0/gru_bin_version_axi_mem_intercon_imp_auto_pc_0_axi_protocol_converter_v2_1_37_axi_protocol_converter/gru_bin_version_axi_mem_intercon_imp_auto_pc_0_axi_protocol_converter_v2_1_37_axi3_conv/gru_bin_version_axi_mem_intercon_imp_auto_pc_0_axi_protocol_converter_v2_1_37_a_axi3_conv/gru_bin_version_axi_mem_intercon_imp_auto_pc_0_axi_data_fifo_v2_1_36_axic_fifo/gru_bin_version_axi_mem_intercon_imp_auto_pc_0_axi_data_fifo_v2_1_36_fifo_gen/<hidden>/<hidden>/<hidden>/<hidden>/<hidden>
  -------------------------------------------------------------------    -------------------
    SLICE_X37Y60         FDRE (Prop_fdre_C_Q)         0.128     1.018 f  gru_bin_version_wrapper/gru_bin_version/gru_bin_version_axi_mem_intercon_0/s00_couplers_imp_1UT69KP/gru_bin_version_axi_mem_intercon_imp_auto_pc_0/gru_bin_version_axi_mem_intercon_imp_auto_pc_0_axi_protocol_converter_v2_1_37_axi_protocol_converter/gru_bin_version_axi_mem_intercon_imp_auto_pc_0_axi_protocol_converter_v2_1_37_axi3_conv/gru_bin_version_axi_mem_intercon_imp_auto_pc_0_axi_protocol_converter_v2_1_37_a_axi3_conv/gru_bin_version_axi_mem_intercon_imp_auto_pc_0_axi_data_fifo_v2_1_36_axic_fifo/gru_bin_version_axi_mem_intercon_imp_auto_pc_0_axi_data_fifo_v2_1_36_fifo_gen/<hidden>/<hidden>/<hidden>/<hidden>/<hidden>
                         net (fo=2, routed)           0.100     1.117    gru_bin_version_wrapper/gru_bin_version/gru_bin_version_axi_mem_intercon_0/s00_couplers_imp_1UT69KP/gru_bin_version_axi_mem_intercon_imp_auto_pc_0/gru_bin_version_axi_mem_intercon_imp_auto_pc_0_axi_protocol_converter_v2_1_37_axi_protocol_converter/gru_bin_version_axi_mem_intercon_imp_auto_pc_0_axi_protocol_converter_v2_1_37_axi3_conv/gru_bin_version_axi_mem_intercon_imp_auto_pc_0_axi_protocol_converter_v2_1_37_a_axi3_conv/gru_bin_version_axi_mem_intercon_imp_auto_pc_0_axi_data_fifo_v2_1_36_axic_fifo/gru_bin_version_axi_mem_intercon_imp_auto_pc_0_axi_data_fifo_v2_1_36_fifo_gen/<hidden>/<hidden>/<hidden>/<hidden>/<hidden>
    SLICE_X37Y60         LUT3 (Prop_lut3_I1_O)        0.098     1.215 f  gru_bin_version_wrapper/gru_bin_version/gru_bin_version_axi_mem_intercon_0/s00_couplers_imp_1UT69KP/gru_bin_version_axi_mem_intercon_imp_auto_pc_0/gru_bin_version_axi_mem_intercon_imp_auto_pc_0_axi_protocol_converter_v2_1_37_axi_protocol_converter/gru_bin_version_axi_mem_intercon_imp_auto_pc_0_axi_protocol_converter_v2_1_37_axi3_conv/gru_bin_version_axi_mem_intercon_imp_auto_pc_0_axi_protocol_converter_v2_1_37_a_axi3_conv/gru_bin_version_axi_mem_intercon_imp_auto_pc_0_axi_data_fifo_v2_1_36_axic_fifo/gru_bin_version_axi_mem_intercon_imp_auto_pc_0_axi_data_fifo_v2_1_36_fifo_gen/<hidden>/<hidden>/<hidden>/<hidden>/<hidden>
                         net (fo=33, routed)          0.128     1.344    gru_bin_version_wrapper/gru_bin_version/gru_bin_version_axi_mem_intercon_0/s00_couplers_imp_1UT69KP/gru_bin_version_axi_mem_intercon_imp_auto_pc_0/gru_bin_version_axi_mem_intercon_imp_auto_pc_0_axi_protocol_converter_v2_1_37_axi_protocol_converter/gru_bin_version_axi_mem_intercon_imp_auto_pc_0_axi_protocol_converter_v2_1_37_axi3_conv/gru_bin_version_axi_mem_intercon_imp_auto_pc_0_axi_protocol_converter_v2_1_37_a_axi3_conv/gru_bin_version_axi_mem_intercon_imp_auto_pc_0_axi_data_fifo_v2_1_36_axic_fifo/gru_bin_version_axi_mem_intercon_imp_auto_pc_0_axi_data_fifo_v2_1_36_fifo_gen/<hidden>/<hidden>/<hidden>/<hidden>/<hidden>/<hidden>
    SLICE_X37Y61         FDPE                                         f  gru_bin_version_wrapper/gru_bin_version/gru_bin_version_axi_mem_intercon_0/s00_couplers_imp_1UT69KP/gru_bin_version_axi_mem_intercon_imp_auto_pc_0/gru_bin_version_axi_mem_intercon_imp_auto_pc_0_axi_protocol_converter_v2_1_37_axi_protocol_converter/gru_bin_version_axi_mem_intercon_imp_auto_pc_0_axi_protocol_converter_v2_1_37_axi3_conv/gru_bin_version_axi_mem_intercon_imp_auto_pc_0_axi_protocol_converter_v2_1_37_a_axi3_conv/gru_bin_version_axi_mem_intercon_imp_auto_pc_0_axi_data_fifo_v2_1_36_axic_fifo/gru_bin_version_axi_mem_intercon_imp_auto_pc_0_axi_data_fifo_v2_1_36_fifo_gen/<hidden>/<hidden>/<hidden>/<hidden>/<hidden>/<hidden>
  -------------------------------------------------------------------    -------------------

                         (clock clk_fpga_0 rise edge)
                                                      0.000     0.000 r  
    PS7_X0Y0             PS7                          0.000     0.000 r  gru_bin_version_i/processing_system7_0/inst/PS7_i/FCLKCLK[0]
                         net (fo=1, routed)           0.337     0.337    gru_bin_version_i/processing_system7_0/inst/FCLK_CLK_unbuffered[0]
    BUFGCTRL_X0Y16       BUFG (Prop_bufg_I_O)         0.029     0.366 r  gru_bin_version_i/processing_system7_0/inst/buffer_fclk_clk_0.FCLK_CLK_0_BUFG/O
                         net (fo=14567, routed)       0.822     1.188    gru_bin_version_wrapper/gru_bin_version/gru_bin_version_axi_mem_intercon_0/s00_couplers_imp_1UT69KP/gru_bin_version_axi_mem_intercon_imp_auto_pc_0/gru_bin_version_axi_mem_intercon_imp_auto_pc_0_axi_protocol_converter_v2_1_37_axi_protocol_converter/gru_bin_version_axi_mem_intercon_imp_auto_pc_0_axi_protocol_converter_v2_1_37_axi3_conv/gru_bin_version_axi_mem_intercon_imp_auto_pc_0_axi_protocol_converter_v2_1_37_a_axi3_conv/gru_bin_version_axi_mem_intercon_imp_auto_pc_0_axi_data_fifo_v2_1_36_axic_fifo/gru_bin_version_axi_mem_intercon_imp_auto_pc_0_axi_data_fifo_v2_1_36_fifo_gen/<hidden>/<hidden>/<hidden>/<hidden>/<hidden>/<hidden>
    SLICE_X37Y61         FDPE                                         r  gru_bin_version_wrapper/gru_bin_version/gru_bin_version_axi_mem_intercon_0/s00_couplers_imp_1UT69KP/gru_bin_version_axi_mem_intercon_imp_auto_pc_0/gru_bin_version_axi_mem_intercon_imp_auto_pc_0_axi_protocol_converter_v2_1_37_axi_protocol_converter/gru_bin_version_axi_mem_intercon_imp_auto_pc_0_axi_protocol_converter_v2_1_37_axi3_conv/gru_bin_version_axi_mem_intercon_imp_auto_pc_0_axi_protocol_converter_v2_1_37_a_axi3_conv/gru_bin_version_axi_mem_intercon_imp_auto_pc_0_axi_data_fifo_v2_1_36_axic_fifo/gru_bin_version_axi_mem_intercon_imp_auto_pc_0_axi_data_fifo_v2_1_36_fifo_gen/<hidden>/<hidden>/<hidden>/<hidden>/<hidden>/<hidden>
                         clock pessimism             -0.282     0.906    
    SLICE_X37Y61         FDPE (Remov_fdpe_C_PRE)     -0.095     0.811    gru_bin_version_wrapper/gru_bin_version/gru_bin_version_axi_mem_intercon_0/s00_couplers_imp_1UT69KP/gru_bin_version_axi_mem_intercon_imp_auto_pc_0/gru_bin_version_axi_mem_intercon_imp_auto_pc_0_axi_protocol_converter_v2_1_37_axi_protocol_converter/gru_bin_version_axi_mem_intercon_imp_auto_pc_0_axi_protocol_converter_v2_1_37_axi3_conv/gru_bin_version_axi_mem_intercon_imp_auto_pc_0_axi_protocol_converter_v2_1_37_a_axi3_conv/gru_bin_version_axi_mem_intercon_imp_auto_pc_0_axi_data_fifo_v2_1_36_axic_fifo/gru_bin_version_axi_mem_intercon_imp_auto_pc_0_axi_data_fifo_v2_1_36_fifo_gen/<hidden>/<hidden>/<hidden>/<hidden>/<hidden>/<hidden>
  -------------------------------------------------------------------
                         required time                         -0.811    
                         arrival time                           1.344    
  -------------------------------------------------------------------
                         slack                                  0.533    





--------------------------------------------------------------------------------------
Path Group:  (none)
From Clock:  
  To Clock:  clk_fpga_0

Max Delay             1 Endpoint
Min Delay             1 Endpoint
--------------------------------------------------------------------------------------


Max Delay Paths
--------------------------------------------------------------------------------------
Slack:                    inf
  Source:                 gru_bin_version_i/processing_system7_0/inst/PS7_i/FCLKRESETN[0]
                            (internal pin)
  Destination:            gru_bin_version_i/rst_ps7_0_100M/U0/EXT_LPF/ACTIVE_LOW_EXT.ACT_LO_EXT/syncstages_ff_reg[0]/D
                            (rising edge-triggered cell FDRE clocked by clk_fpga_0  {rise@0.000ns fall@5.000ns period=10.000ns})
  Path Group:             (none)
  Path Type:              Setup (Max at Slow Process Corner)
  Data Path Delay:        1.592ns  (logic 0.124ns (7.791%)  route 1.468ns (92.209%))
  Logic Levels:           1  (LUT1=1)
  Clock Uncertainty:      0.152ns  ((TSJ^2 + TIJ^2)^1/2 + DJ) / 2 + PE
    Total System Jitter     (TSJ):    0.050ns
    Total Input Jitter      (TIJ):    0.300ns
    Discrete Jitter          (DJ):    0.000ns
    Phase Error              (PE):    0.000ns
  Timing Exception:       False Path

    Location             Delay type                Incr(ns)  Path(ns)    Netlist Resource(s)
  -------------------------------------------------------------------    -------------------
    PS7_X0Y0             PS7                          0.000     0.000 f  gru_bin_version_i/processing_system7_0/inst/PS7_i/FCLKRESETN[0]
                         net (fo=1, routed)           1.468     1.468    gru_bin_version_i/rst_ps7_0_100M/U0/EXT_LPF/ext_reset_in
    SLICE_X38Y88         LUT1 (Prop_lut1_I0_O)        0.124     1.592 r  gru_bin_version_i/rst_ps7_0_100M/U0/EXT_LPF/ACTIVE_LOW_EXT.ACT_LO_EXT_i_1/O
                         net (fo=1, routed)           0.000     1.592    gru_bin_version_i/rst_ps7_0_100M/U0/EXT_LPF/ACTIVE_LOW_EXT.ACT_LO_EXT/src_in
    SLICE_X38Y88         FDRE                                         r  gru_bin_version_i/rst_ps7_0_100M/U0/EXT_LPF/ACTIVE_LOW_EXT.ACT_LO_EXT/syncstages_ff_reg[0]/D
  -------------------------------------------------------------------    -------------------

                         (clock clk_fpga_0 rise edge)
                                                      0.000     0.000 r  
    PS7_X0Y0             PS7                          0.000     0.000 r  gru_bin_version_i/processing_system7_0/inst/PS7_i/FCLKCLK[0]
                         net (fo=1, routed)           1.088     1.088    gru_bin_version_i/processing_system7_0/inst/FCLK_CLK_unbuffered[0]
    BUFGCTRL_X0Y16       BUFG (Prop_bufg_I_O)         0.091     1.179 r  gru_bin_version_i/processing_system7_0/inst/buffer_fclk_clk_0.FCLK_CLK_0_BUFG/O
                         net (fo=14567, routed)       1.476     2.655    gru_bin_version_i/rst_ps7_0_100M/U0/EXT_LPF/ACTIVE_LOW_EXT.ACT_LO_EXT/dest_clk
    SLICE_X38Y88         FDRE                                         r  gru_bin_version_i/rst_ps7_0_100M/U0/EXT_LPF/ACTIVE_LOW_EXT.ACT_LO_EXT/syncstages_ff_reg[0]/C





Min Delay Paths
--------------------------------------------------------------------------------------
Slack:                    inf
  Source:                 gru_bin_version_i/processing_system7_0/inst/PS7_i/FCLKRESETN[0]
                            (internal pin)
  Destination:            gru_bin_version_i/rst_ps7_0_100M/U0/EXT_LPF/ACTIVE_LOW_EXT.ACT_LO_EXT/syncstages_ff_reg[0]/D
                            (rising edge-triggered cell FDRE clocked by clk_fpga_0  {rise@0.000ns fall@5.000ns period=10.000ns})
  Path Group:             (none)
  Path Type:              Hold (Min at Fast Process Corner)
  Data Path Delay:        0.613ns  (logic 0.045ns (7.346%)  route 0.568ns (92.654%))
  Logic Levels:           1  (LUT1=1)
  Clock Uncertainty:      0.152ns  ((TSJ^2 + TIJ^2)^1/2 + DJ) / 2 + PE
    Total System Jitter     (TSJ):    0.050ns
    Total Input Jitter      (TIJ):    0.300ns
    Discrete Jitter          (DJ):    0.000ns
    Phase Error              (PE):    0.000ns
  Timing Exception:       False Path

    Location             Delay type                Incr(ns)  Path(ns)    Netlist Resource(s)
  -------------------------------------------------------------------    -------------------
    PS7_X0Y0             PS7                          0.000     0.000 f  gru_bin_version_i/processing_system7_0/inst/PS7_i/FCLKRESETN[0]
                         net (fo=1, routed)           0.568     0.568    gru_bin_version_i/rst_ps7_0_100M/U0/EXT_LPF/ext_reset_in
    SLICE_X38Y88         LUT1 (Prop_lut1_I0_O)        0.045     0.613 r  gru_bin_version_i/rst_ps7_0_100M/U0/EXT_LPF/ACTIVE_LOW_EXT.ACT_LO_EXT_i_1/O
                         net (fo=1, routed)           0.000     0.613    gru_bin_version_i/rst_ps7_0_100M/U0/EXT_LPF/ACTIVE_LOW_EXT.ACT_LO_EXT/src_in
    SLICE_X38Y88         FDRE                                         r  gru_bin_version_i/rst_ps7_0_100M/U0/EXT_LPF/ACTIVE_LOW_EXT.ACT_LO_EXT/syncstages_ff_reg[0]/D
  -------------------------------------------------------------------    -------------------

                         (clock clk_fpga_0 rise edge)
                                                      0.000     0.000 r  
    PS7_X0Y0             PS7                          0.000     0.000 r  gru_bin_version_i/processing_system7_0/inst/PS7_i/FCLKCLK[0]
                         net (fo=1, routed)           0.337     0.337    gru_bin_version_i/processing_system7_0/inst/FCLK_CLK_unbuffered[0]
    BUFGCTRL_X0Y16       BUFG (Prop_bufg_I_O)         0.029     0.366 r  gru_bin_version_i/processing_system7_0/inst/buffer_fclk_clk_0.FCLK_CLK_0_BUFG/O
                         net (fo=14567, routed)       0.822     1.188    gru_bin_version_i/rst_ps7_0_100M/U0/EXT_LPF/ACTIVE_LOW_EXT.ACT_LO_EXT/dest_clk
    SLICE_X38Y88         FDRE                                         r  gru_bin_version_i/rst_ps7_0_100M/U0/EXT_LPF/ACTIVE_LOW_EXT.ACT_LO_EXT/syncstages_ff_reg[0]/C





--------------------------------------------------------------------------------------
Path Group:  (none)
From Clock:  clk_fpga_0
  To Clock:  clk_fpga_0

Max Delay            86 Endpoints
Min Delay            86 Endpoints
--------------------------------------------------------------------------------------


Max Delay Paths
--------------------------------------------------------------------------------------
Slack:                    inf
  Source:                 gru_bin_version_i/rst_ps7_0_100M/U0/ACTIVE_LOW_PR_OUT_DFF[0].FDRE_PER_N/C
                            (rising edge-triggered cell FDRE clocked by clk_fpga_0  {rise@0.000ns fall@5.000ns period=10.000ns})
  Destination:            gru_bin_version_wrapper/gru_bin_version/gru_bin_version_axi_mem_intercon_0/s01_couplers_imp_NNMS53/gru_bin_version_axi_mem_intercon_imp_auto_pc_1/gru_bin_version_axi_mem_intercon_imp_auto_pc_1_axi_protocol_converter_v2_1_37_axi_protocol_converter/gru_bin_version_axi_mem_intercon_imp_auto_pc_1_axi_protocol_converter_v2_1_37_axi3_conv/gru_bin_version_axi_mem_intercon_imp_auto_pc_1_axi_protocol_converter_v2_1_37_a_axi3_conv/gru_bin_version_axi_mem_intercon_imp_auto_pc_1_axi_data_fifo_v2_1_36_axic_fifo_0/gru_bin_version_axi_mem_intercon_imp_auto_pc_1_axi_data_fifo_v2_1_36_fifo_gen/<hidden>/<hidden>/<hidden>/<hidden>/<hidden>/<hidden>
                            (recovery check against rising-edge clock clk_fpga_0  {rise@0.000ns fall@5.000ns period=10.000ns})
  Path Group:             (none)
  Path Type:              Recovery (Max at Slow Process Corner)
  Data Path Delay:        5.088ns  (logic 0.580ns (11.400%)  route 4.508ns (88.600%))
  Logic Levels:           1  (LUT1=1)
  Clock Path Skew:        -0.249ns (DCD - SCD + CPR)
    Destination Clock Delay (DCD):    2.693ns
    Source Clock Delay      (SCD):    2.942ns
    Clock Pessimism Removal (CPR):    0.000ns
  Clock Uncertainty:      0.154ns  ((TSJ^2 + TIJ^2)^1/2 + DJ) / 2 + PE
    Total System Jitter     (TSJ):    0.071ns
    Total Input Jitter      (TIJ):    0.300ns
    Discrete Jitter          (DJ):    0.000ns
    Phase Error              (PE):    0.000ns
  Timing Exception:       False Path

    Location             Delay type                Incr(ns)  Path(ns)    Netlist Resource(s)
  -------------------------------------------------------------------    -------------------
                         (clock clk_fpga_0 rise edge)
                                                      0.000     0.000 r  
    PS7_X0Y0             PS7                          0.000     0.000 r  gru_bin_version_i/processing_system7_0/inst/PS7_i/FCLKCLK[0]
                         net (fo=1, routed)           1.193     1.193    gru_bin_version_i/processing_system7_0/inst/FCLK_CLK_unbuffered[0]
    BUFGCTRL_X0Y16       BUFG (Prop_bufg_I_O)         0.101     1.294 r  gru_bin_version_i/processing_system7_0/inst/buffer_fclk_clk_0.FCLK_CLK_0_BUFG/O
                         net (fo=14567, routed)       1.648     2.942    gru_bin_version_i/rst_ps7_0_100M/U0/slowest_sync_clk
    SLICE_X45Y88         FDRE                                         r  gru_bin_version_i/rst_ps7_0_100M/U0/ACTIVE_LOW_PR_OUT_DFF[0].FDRE_PER_N/C
  -------------------------------------------------------------------    -------------------
    SLICE_X45Y88         FDRE (Prop_fdre_C_Q)         0.456     3.398 r  gru_bin_version_i/rst_ps7_0_100M/U0/ACTIVE_LOW_PR_OUT_DFF[0].FDRE_PER_N/Q
                         net (fo=23, routed)          2.354     5.752    gru_bin_version_i/axi_mem_intercon/s01_couplers/auto_pc/inst/gen_axi4_axi3.axi3_conv_inst/USE_WRITE.write_addr_inst/USE_BURSTS.cmd_queue/inst/aresetn
    SLICE_X35Y61         LUT1 (Prop_lut1_I0_O)        0.124     5.876 f  gru_bin_version_i/axi_mem_intercon/s01_couplers/auto_pc/inst/gen_axi4_axi3.axi3_conv_inst/USE_WRITE.write_addr_inst/USE_BURSTS.cmd_queue/inst/S_AXI_AREADY_I_i_1/O
                         net (fo=119, routed)         2.153     8.030    gru_bin_version_wrapper/gru_bin_version/gru_bin_version_axi_mem_intercon_0/s01_couplers_imp_NNMS53/gru_bin_version_axi_mem_intercon_imp_auto_pc_1/gru_bin_version_axi_mem_intercon_imp_auto_pc_1_axi_protocol_converter_v2_1_37_axi_protocol_converter/gru_bin_version_axi_mem_intercon_imp_auto_pc_1_axi_protocol_converter_v2_1_37_axi3_conv/gru_bin_version_axi_mem_intercon_imp_auto_pc_1_axi_protocol_converter_v2_1_37_a_axi3_conv/gru_bin_version_axi_mem_intercon_imp_auto_pc_1_axi_data_fifo_v2_1_36_axic_fifo_0/gru_bin_version_axi_mem_intercon_imp_auto_pc_1_axi_data_fifo_v2_1_36_fifo_gen/<hidden>/<hidden>/<hidden>/<hidden>/<hidden>/<hidden>
    SLICE_X27Y66         FDPE                                         f  gru_bin_version_wrapper/gru_bin_version/gru_bin_version_axi_mem_intercon_0/s01_couplers_imp_NNMS53/gru_bin_version_axi_mem_intercon_imp_auto_pc_1/gru_bin_version_axi_mem_intercon_imp_auto_pc_1_axi_protocol_converter_v2_1_37_axi_protocol_converter/gru_bin_version_axi_mem_intercon_imp_auto_pc_1_axi_protocol_converter_v2_1_37_axi3_conv/gru_bin_version_axi_mem_intercon_imp_auto_pc_1_axi_protocol_converter_v2_1_37_a_axi3_conv/gru_bin_version_axi_mem_intercon_imp_auto_pc_1_axi_data_fifo_v2_1_36_axic_fifo_0/gru_bin_version_axi_mem_intercon_imp_auto_pc_1_axi_data_fifo_v2_1_36_fifo_gen/<hidden>/<hidden>/<hidden>/<hidden>/<hidden>/<hidden>
  -------------------------------------------------------------------    -------------------

                         (clock clk_fpga_0 rise edge)
                                                      0.000     0.000 r  
    PS7_X0Y0             PS7                          0.000     0.000 r  gru_bin_version_i/processing_system7_0/inst/PS7_i/FCLKCLK[0]
                         net (fo=1, routed)           1.088     1.088    gru_bin_version_i/processing_system7_0/inst/FCLK_CLK_unbuffered[0]
    BUFGCTRL_X0Y16       BUFG (Prop_bufg_I_O)         0.091     1.179 r  gru_bin_version_i/processing_system7_0/inst/buffer_fclk_clk_0.FCLK_CLK_0_BUFG/O
                         net (fo=14567, routed)       1.514     2.693    gru_bin_version_wrapper/gru_bin_version/gru_bin_version_axi_mem_intercon_0/s01_couplers_imp_NNMS53/gru_bin_version_axi_mem_intercon_imp_auto_pc_1/gru_bin_version_axi_mem_intercon_imp_auto_pc_1_axi_protocol_converter_v2_1_37_axi_protocol_converter/gru_bin_version_axi_mem_intercon_imp_auto_pc_1_axi_protocol_converter_v2_1_37_axi3_conv/gru_bin_version_axi_mem_intercon_imp_auto_pc_1_axi_protocol_converter_v2_1_37_a_axi3_conv/gru_bin_version_axi_mem_intercon_imp_auto_pc_1_axi_data_fifo_v2_1_36_axic_fifo_0/gru_bin_version_axi_mem_intercon_imp_auto_pc_1_axi_data_fifo_v2_1_36_fifo_gen/<hidden>/<hidden>/<hidden>/<hidden>/<hidden>/<hidden>
    SLICE_X27Y66         FDPE                                         r  gru_bin_version_wrapper/gru_bin_version/gru_bin_version_axi_mem_intercon_0/s01_couplers_imp_NNMS53/gru_bin_version_axi_mem_intercon_imp_auto_pc_1/gru_bin_version_axi_mem_intercon_imp_auto_pc_1_axi_protocol_converter_v2_1_37_axi_protocol_converter/gru_bin_version_axi_mem_intercon_imp_auto_pc_1_axi_protocol_converter_v2_1_37_axi3_conv/gru_bin_version_axi_mem_intercon_imp_auto_pc_1_axi_protocol_converter_v2_1_37_a_axi3_conv/gru_bin_version_axi_mem_intercon_imp_auto_pc_1_axi_data_fifo_v2_1_36_axic_fifo_0/gru_bin_version_axi_mem_intercon_imp_auto_pc_1_axi_data_fifo_v2_1_36_fifo_gen/<hidden>/<hidden>/<hidden>/<hidden>/<hidden>/<hidden>

Slack:                    inf
  Source:                 gru_bin_version_i/rst_ps7_0_100M/U0/ACTIVE_LOW_PR_OUT_DFF[0].FDRE_PER_N/C
                            (rising edge-triggered cell FDRE clocked by clk_fpga_0  {rise@0.000ns fall@5.000ns period=10.000ns})
  Destination:            gru_bin_version_wrapper/gru_bin_version/gru_bin_version_axi_mem_intercon_0/s01_couplers_imp_NNMS53/gru_bin_version_axi_mem_intercon_imp_auto_pc_1/gru_bin_version_axi_mem_intercon_imp_auto_pc_1_axi_protocol_converter_v2_1_37_axi_protocol_converter/gru_bin_version_axi_mem_intercon_imp_auto_pc_1_axi_protocol_converter_v2_1_37_axi3_conv/gru_bin_version_axi_mem_intercon_imp_auto_pc_1_axi_protocol_converter_v2_1_37_a_axi3_conv/gru_bin_version_axi_mem_intercon_imp_auto_pc_1_axi_data_fifo_v2_1_36_axic_fifo_0/gru_bin_version_axi_mem_intercon_imp_auto_pc_1_axi_data_fifo_v2_1_36_fifo_gen/<hidden>/<hidden>/<hidden>/<hidden>/<hidden>/<hidden>
                            (recovery check against rising-edge clock clk_fpga_0  {rise@0.000ns fall@5.000ns period=10.000ns})
  Path Group:             (none)
  Path Type:              Recovery (Max at Slow Process Corner)
  Data Path Delay:        5.088ns  (logic 0.580ns (11.400%)  route 4.508ns (88.600%))
  Logic Levels:           1  (LUT1=1)
  Clock Path Skew:        -0.249ns (DCD - SCD + CPR)
    Destination Clock Delay (DCD):    2.693ns
    Source Clock Delay      (SCD):    2.942ns
    Clock Pessimism Removal (CPR):    0.000ns
  Clock Uncertainty:      0.154ns  ((TSJ^2 + TIJ^2)^1/2 + DJ) / 2 + PE
    Total System Jitter     (TSJ):    0.071ns
    Total Input Jitter      (TIJ):    0.300ns
    Discrete Jitter          (DJ):    0.000ns
    Phase Error              (PE):    0.000ns
  Timing Exception:       False Path

    Location             Delay type                Incr(ns)  Path(ns)    Netlist Resource(s)
  -------------------------------------------------------------------    -------------------
                         (clock clk_fpga_0 rise edge)
                                                      0.000     0.000 r  
    PS7_X0Y0             PS7                          0.000     0.000 r  gru_bin_version_i/processing_system7_0/inst/PS7_i/FCLKCLK[0]
                         net (fo=1, routed)           1.193     1.193    gru_bin_version_i/processing_system7_0/inst/FCLK_CLK_unbuffered[0]
    BUFGCTRL_X0Y16       BUFG (Prop_bufg_I_O)         0.101     1.294 r  gru_bin_version_i/processing_system7_0/inst/buffer_fclk_clk_0.FCLK_CLK_0_BUFG/O
                         net (fo=14567, routed)       1.648     2.942    gru_bin_version_i/rst_ps7_0_100M/U0/slowest_sync_clk
    SLICE_X45Y88         FDRE                                         r  gru_bin_version_i/rst_ps7_0_100M/U0/ACTIVE_LOW_PR_OUT_DFF[0].FDRE_PER_N/C
  -------------------------------------------------------------------    -------------------
    SLICE_X45Y88         FDRE (Prop_fdre_C_Q)         0.456     3.398 r  gru_bin_version_i/rst_ps7_0_100M/U0/ACTIVE_LOW_PR_OUT_DFF[0].FDRE_PER_N/Q
                         net (fo=23, routed)          2.354     5.752    gru_bin_version_i/axi_mem_intercon/s01_couplers/auto_pc/inst/gen_axi4_axi3.axi3_conv_inst/USE_WRITE.write_addr_inst/USE_BURSTS.cmd_queue/inst/aresetn
    SLICE_X35Y61         LUT1 (Prop_lut1_I0_O)        0.124     5.876 f  gru_bin_version_i/axi_mem_intercon/s01_couplers/auto_pc/inst/gen_axi4_axi3.axi3_conv_inst/USE_WRITE.write_addr_inst/USE_BURSTS.cmd_queue/inst/S_AXI_AREADY_I_i_1/O
                         net (fo=119, routed)         2.153     8.030    gru_bin_version_wrapper/gru_bin_version/gru_bin_version_axi_mem_intercon_0/s01_couplers_imp_NNMS53/gru_bin_version_axi_mem_intercon_imp_auto_pc_1/gru_bin_version_axi_mem_intercon_imp_auto_pc_1_axi_protocol_converter_v2_1_37_axi_protocol_converter/gru_bin_version_axi_mem_intercon_imp_auto_pc_1_axi_protocol_converter_v2_1_37_axi3_conv/gru_bin_version_axi_mem_intercon_imp_auto_pc_1_axi_protocol_converter_v2_1_37_a_axi3_conv/gru_bin_version_axi_mem_intercon_imp_auto_pc_1_axi_data_fifo_v2_1_36_axic_fifo_0/gru_bin_version_axi_mem_intercon_imp_auto_pc_1_axi_data_fifo_v2_1_36_fifo_gen/<hidden>/<hidden>/<hidden>/<hidden>/<hidden>/<hidden>
    SLICE_X27Y66         FDPE                                         f  gru_bin_version_wrapper/gru_bin_version/gru_bin_version_axi_mem_intercon_0/s01_couplers_imp_NNMS53/gru_bin_version_axi_mem_intercon_imp_auto_pc_1/gru_bin_version_axi_mem_intercon_imp_auto_pc_1_axi_protocol_converter_v2_1_37_axi_protocol_converter/gru_bin_version_axi_mem_intercon_imp_auto_pc_1_axi_protocol_converter_v2_1_37_axi3_conv/gru_bin_version_axi_mem_intercon_imp_auto_pc_1_axi_protocol_converter_v2_1_37_a_axi3_conv/gru_bin_version_axi_mem_intercon_imp_auto_pc_1_axi_data_fifo_v2_1_36_axic_fifo_0/gru_bin_version_axi_mem_intercon_imp_auto_pc_1_axi_data_fifo_v2_1_36_fifo_gen/<hidden>/<hidden>/<hidden>/<hidden>/<hidden>/<hidden>
  -------------------------------------------------------------------    -------------------

                         (clock clk_fpga_0 rise edge)
                                                      0.000     0.000 r  
    PS7_X0Y0             PS7                          0.000     0.000 r  gru_bin_version_i/processing_system7_0/inst/PS7_i/FCLKCLK[0]
                         net (fo=1, routed)           1.088     1.088    gru_bin_version_i/processing_system7_0/inst/FCLK_CLK_unbuffered[0]
    BUFGCTRL_X0Y16       BUFG (Prop_bufg_I_O)         0.091     1.179 r  gru_bin_version_i/processing_system7_0/inst/buffer_fclk_clk_0.FCLK_CLK_0_BUFG/O
                         net (fo=14567, routed)       1.514     2.693    gru_bin_version_wrapper/gru_bin_version/gru_bin_version_axi_mem_intercon_0/s01_couplers_imp_NNMS53/gru_bin_version_axi_mem_intercon_imp_auto_pc_1/gru_bin_version_axi_mem_intercon_imp_auto_pc_1_axi_protocol_converter_v2_1_37_axi_protocol_converter/gru_bin_version_axi_mem_intercon_imp_auto_pc_1_axi_protocol_converter_v2_1_37_axi3_conv/gru_bin_version_axi_mem_intercon_imp_auto_pc_1_axi_protocol_converter_v2_1_37_a_axi3_conv/gru_bin_version_axi_mem_intercon_imp_auto_pc_1_axi_data_fifo_v2_1_36_axic_fifo_0/gru_bin_version_axi_mem_intercon_imp_auto_pc_1_axi_data_fifo_v2_1_36_fifo_gen/<hidden>/<hidden>/<hidden>/<hidden>/<hidden>/<hidden>
    SLICE_X27Y66         FDPE                                         r  gru_bin_version_wrapper/gru_bin_version/gru_bin_version_axi_mem_intercon_0/s01_couplers_imp_NNMS53/gru_bin_version_axi_mem_intercon_imp_auto_pc_1/gru_bin_version_axi_mem_intercon_imp_auto_pc_1_axi_protocol_converter_v2_1_37_axi_protocol_converter/gru_bin_version_axi_mem_intercon_imp_auto_pc_1_axi_protocol_converter_v2_1_37_axi3_conv/gru_bin_version_axi_mem_intercon_imp_auto_pc_1_axi_protocol_converter_v2_1_37_a_axi3_conv/gru_bin_version_axi_mem_intercon_imp_auto_pc_1_axi_data_fifo_v2_1_36_axic_fifo_0/gru_bin_version_axi_mem_intercon_imp_auto_pc_1_axi_data_fifo_v2_1_36_fifo_gen/<hidden>/<hidden>/<hidden>/<hidden>/<hidden>/<hidden>

Slack:                    inf
  Source:                 gru_bin_version_i/rst_ps7_0_100M/U0/ACTIVE_LOW_PR_OUT_DFF[0].FDRE_PER_N/C
                            (rising edge-triggered cell FDRE clocked by clk_fpga_0  {rise@0.000ns fall@5.000ns period=10.000ns})
  Destination:            gru_bin_version_wrapper/gru_bin_version/gru_bin_version_axi_mem_intercon_0/s01_couplers_imp_NNMS53/gru_bin_version_axi_mem_intercon_imp_auto_pc_1/gru_bin_version_axi_mem_intercon_imp_auto_pc_1_axi_protocol_converter_v2_1_37_axi_protocol_converter/gru_bin_version_axi_mem_intercon_imp_auto_pc_1_axi_protocol_converter_v2_1_37_axi3_conv/gru_bin_version_axi_mem_intercon_imp_auto_pc_1_axi_protocol_converter_v2_1_37_a_axi3_conv/gru_bin_version_axi_mem_intercon_imp_auto_pc_1_axi_data_fifo_v2_1_36_axic_fifo/gru_bin_version_axi_mem_intercon_imp_auto_pc_1_axi_data_fifo_v2_1_36_fifo_gen_1/<hidden>/<hidden>/<hidden>/<hidden>/<hidden>/<hidden>
                            (recovery check against rising-edge clock clk_fpga_0  {rise@0.000ns fall@5.000ns period=10.000ns})
  Path Group:             (none)
  Path Type:              Recovery (Max at Slow Process Corner)
  Data Path Delay:        5.066ns  (logic 0.580ns (11.449%)  route 4.486ns (88.551%))
  Logic Levels:           1  (LUT1=1)
  Clock Path Skew:        -0.285ns (DCD - SCD + CPR)
    Destination Clock Delay (DCD):    2.657ns
    Source Clock Delay      (SCD):    2.942ns
    Clock Pessimism Removal (CPR):    0.000ns
  Clock Uncertainty:      0.154ns  ((TSJ^2 + TIJ^2)^1/2 + DJ) / 2 + PE
    Total System Jitter     (TSJ):    0.071ns
    Total Input Jitter      (TIJ):    0.300ns
    Discrete Jitter          (DJ):    0.000ns
    Phase Error              (PE):    0.000ns
  Timing Exception:       False Path

    Location             Delay type                Incr(ns)  Path(ns)    Netlist Resource(s)
  -------------------------------------------------------------------    -------------------
                         (clock clk_fpga_0 rise edge)
                                                      0.000     0.000 r  
    PS7_X0Y0             PS7                          0.000     0.000 r  gru_bin_version_i/processing_system7_0/inst/PS7_i/FCLKCLK[0]
                         net (fo=1, routed)           1.193     1.193    gru_bin_version_i/processing_system7_0/inst/FCLK_CLK_unbuffered[0]
    BUFGCTRL_X0Y16       BUFG (Prop_bufg_I_O)         0.101     1.294 r  gru_bin_version_i/processing_system7_0/inst/buffer_fclk_clk_0.FCLK_CLK_0_BUFG/O
                         net (fo=14567, routed)       1.648     2.942    gru_bin_version_i/rst_ps7_0_100M/U0/slowest_sync_clk
    SLICE_X45Y88         FDRE                                         r  gru_bin_version_i/rst_ps7_0_100M/U0/ACTIVE_LOW_PR_OUT_DFF[0].FDRE_PER_N/C
  -------------------------------------------------------------------    -------------------
    SLICE_X45Y88         FDRE (Prop_fdre_C_Q)         0.456     3.398 r  gru_bin_version_i/rst_ps7_0_100M/U0/ACTIVE_LOW_PR_OUT_DFF[0].FDRE_PER_N/Q
                         net (fo=23, routed)          2.354     5.752    gru_bin_version_i/axi_mem_intercon/s01_couplers/auto_pc/inst/gen_axi4_axi3.axi3_conv_inst/USE_WRITE.write_addr_inst/USE_BURSTS.cmd_queue/inst/aresetn
    SLICE_X35Y61         LUT1 (Prop_lut1_I0_O)        0.124     5.876 f  gru_bin_version_i/axi_mem_intercon/s01_couplers/auto_pc/inst/gen_axi4_axi3.axi3_conv_inst/USE_WRITE.write_addr_inst/USE_BURSTS.cmd_queue/inst/S_AXI_AREADY_I_i_1/O
                         net (fo=119, routed)         2.132     8.008    gru_bin_version_wrapper/gru_bin_version/gru_bin_version_axi_mem_intercon_0/s01_couplers_imp_NNMS53/gru_bin_version_axi_mem_intercon_imp_auto_pc_1/gru_bin_version_axi_mem_intercon_imp_auto_pc_1_axi_protocol_converter_v2_1_37_axi_protocol_converter/gru_bin_version_axi_mem_intercon_imp_auto_pc_1_axi_protocol_converter_v2_1_37_axi3_conv/gru_bin_version_axi_mem_intercon_imp_auto_pc_1_axi_protocol_converter_v2_1_37_a_axi3_conv/gru_bin_version_axi_mem_intercon_imp_auto_pc_1_axi_data_fifo_v2_1_36_axic_fifo/gru_bin_version_axi_mem_intercon_imp_auto_pc_1_axi_data_fifo_v2_1_36_fifo_gen_1/<hidden>/<hidden>/<hidden>/<hidden>/<hidden>/<hidden>
    SLICE_X39Y58         FDPE                                         f  gru_bin_version_wrapper/gru_bin_version/gru_bin_version_axi_mem_intercon_0/s01_couplers_imp_NNMS53/gru_bin_version_axi_mem_intercon_imp_auto_pc_1/gru_bin_version_axi_mem_intercon_imp_auto_pc_1_axi_protocol_converter_v2_1_37_axi_protocol_converter/gru_bin_version_axi_mem_intercon_imp_auto_pc_1_axi_protocol_converter_v2_1_37_axi3_conv/gru_bin_version_axi_mem_intercon_imp_auto_pc_1_axi_protocol_converter_v2_1_37_a_axi3_conv/gru_bin_version_axi_mem_intercon_imp_auto_pc_1_axi_data_fifo_v2_1_36_axic_fifo/gru_bin_version_axi_mem_intercon_imp_auto_pc_1_axi_data_fifo_v2_1_36_fifo_gen_1/<hidden>/<hidden>/<hidden>/<hidden>/<hidden>/<hidden>
  -------------------------------------------------------------------    -------------------

                         (clock clk_fpga_0 rise edge)
                                                      0.000     0.000 r  
    PS7_X0Y0             PS7                          0.000     0.000 r  gru_bin_version_i/processing_system7_0/inst/PS7_i/FCLKCLK[0]
                         net (fo=1, routed)           1.088     1.088    gru_bin_version_i/processing_system7_0/inst/FCLK_CLK_unbuffered[0]
    BUFGCTRL_X0Y16       BUFG (Prop_bufg_I_O)         0.091     1.179 r  gru_bin_version_i/processing_system7_0/inst/buffer_fclk_clk_0.FCLK_CLK_0_BUFG/O
                         net (fo=14567, routed)       1.478     2.657    gru_bin_version_wrapper/gru_bin_version/gru_bin_version_axi_mem_intercon_0/s01_couplers_imp_NNMS53/gru_bin_version_axi_mem_intercon_imp_auto_pc_1/gru_bin_version_axi_mem_intercon_imp_auto_pc_1_axi_protocol_converter_v2_1_37_axi_protocol_converter/gru_bin_version_axi_mem_intercon_imp_auto_pc_1_axi_protocol_converter_v2_1_37_axi3_conv/gru_bin_version_axi_mem_intercon_imp_auto_pc_1_axi_protocol_converter_v2_1_37_a_axi3_conv/gru_bin_version_axi_mem_intercon_imp_auto_pc_1_axi_data_fifo_v2_1_36_axic_fifo/gru_bin_version_axi_mem_intercon_imp_auto_pc_1_axi_data_fifo_v2_1_36_fifo_gen_1/<hidden>/<hidden>/<hidden>/<hidden>/<hidden>/<hidden>
    SLICE_X39Y58         FDPE                                         r  gru_bin_version_wrapper/gru_bin_version/gru_bin_version_axi_mem_intercon_0/s01_couplers_imp_NNMS53/gru_bin_version_axi_mem_intercon_imp_auto_pc_1/gru_bin_version_axi_mem_intercon_imp_auto_pc_1_axi_protocol_converter_v2_1_37_axi_protocol_converter/gru_bin_version_axi_mem_intercon_imp_auto_pc_1_axi_protocol_converter_v2_1_37_axi3_conv/gru_bin_version_axi_mem_intercon_imp_auto_pc_1_axi_protocol_converter_v2_1_37_a_axi3_conv/gru_bin_version_axi_mem_intercon_imp_auto_pc_1_axi_data_fifo_v2_1_36_axic_fifo/gru_bin_version_axi_mem_intercon_imp_auto_pc_1_axi_data_fifo_v2_1_36_fifo_gen_1/<hidden>/<hidden>/<hidden>/<hidden>/<hidden>/<hidden>

Slack:                    inf
  Source:                 gru_bin_version_i/rst_ps7_0_100M/U0/ACTIVE_LOW_PR_OUT_DFF[0].FDRE_PER_N/C
                            (rising edge-triggered cell FDRE clocked by clk_fpga_0  {rise@0.000ns fall@5.000ns period=10.000ns})
  Destination:            gru_bin_version_wrapper/gru_bin_version/gru_bin_version_axi_mem_intercon_0/s01_couplers_imp_NNMS53/gru_bin_version_axi_mem_intercon_imp_auto_pc_1/gru_bin_version_axi_mem_intercon_imp_auto_pc_1_axi_protocol_converter_v2_1_37_axi_protocol_converter/gru_bin_version_axi_mem_intercon_imp_auto_pc_1_axi_protocol_converter_v2_1_37_axi3_conv/gru_bin_version_axi_mem_intercon_imp_auto_pc_1_axi_protocol_converter_v2_1_37_a_axi3_conv/gru_bin_version_axi_mem_intercon_imp_auto_pc_1_axi_data_fifo_v2_1_36_axic_fifo/gru_bin_version_axi_mem_intercon_imp_auto_pc_1_axi_data_fifo_v2_1_36_fifo_gen_1/<hidden>/<hidden>/<hidden>/<hidden>/<hidden>/<hidden>
                            (recovery check against rising-edge clock clk_fpga_0  {rise@0.000ns fall@5.000ns period=10.000ns})
  Path Group:             (none)
  Path Type:              Recovery (Max at Slow Process Corner)
  Data Path Delay:        5.066ns  (logic 0.580ns (11.449%)  route 4.486ns (88.551%))
  Logic Levels:           1  (LUT1=1)
  Clock Path Skew:        -0.285ns (DCD - SCD + CPR)
    Destination Clock Delay (DCD):    2.657ns
    Source Clock Delay      (SCD):    2.942ns
    Clock Pessimism Removal (CPR):    0.000ns
  Clock Uncertainty:      0.154ns  ((TSJ^2 + TIJ^2)^1/2 + DJ) / 2 + PE
    Total System Jitter     (TSJ):    0.071ns
    Total Input Jitter      (TIJ):    0.300ns
    Discrete Jitter          (DJ):    0.000ns
    Phase Error              (PE):    0.000ns
  Timing Exception:       False Path

    Location             Delay type                Incr(ns)  Path(ns)    Netlist Resource(s)
  -------------------------------------------------------------------    -------------------
                         (clock clk_fpga_0 rise edge)
                                                      0.000     0.000 r  
    PS7_X0Y0             PS7                          0.000     0.000 r  gru_bin_version_i/processing_system7_0/inst/PS7_i/FCLKCLK[0]
                         net (fo=1, routed)           1.193     1.193    gru_bin_version_i/processing_system7_0/inst/FCLK_CLK_unbuffered[0]
    BUFGCTRL_X0Y16       BUFG (Prop_bufg_I_O)         0.101     1.294 r  gru_bin_version_i/processing_system7_0/inst/buffer_fclk_clk_0.FCLK_CLK_0_BUFG/O
                         net (fo=14567, routed)       1.648     2.942    gru_bin_version_i/rst_ps7_0_100M/U0/slowest_sync_clk
    SLICE_X45Y88         FDRE                                         r  gru_bin_version_i/rst_ps7_0_100M/U0/ACTIVE_LOW_PR_OUT_DFF[0].FDRE_PER_N/C
  -------------------------------------------------------------------    -------------------
    SLICE_X45Y88         FDRE (Prop_fdre_C_Q)         0.456     3.398 r  gru_bin_version_i/rst_ps7_0_100M/U0/ACTIVE_LOW_PR_OUT_DFF[0].FDRE_PER_N/Q
                         net (fo=23, routed)          2.354     5.752    gru_bin_version_i/axi_mem_intercon/s01_couplers/auto_pc/inst/gen_axi4_axi3.axi3_conv_inst/USE_WRITE.write_addr_inst/USE_BURSTS.cmd_queue/inst/aresetn
    SLICE_X35Y61         LUT1 (Prop_lut1_I0_O)        0.124     5.876 f  gru_bin_version_i/axi_mem_intercon/s01_couplers/auto_pc/inst/gen_axi4_axi3.axi3_conv_inst/USE_WRITE.write_addr_inst/USE_BURSTS.cmd_queue/inst/S_AXI_AREADY_I_i_1/O
                         net (fo=119, routed)         2.132     8.008    gru_bin_version_wrapper/gru_bin_version/gru_bin_version_axi_mem_intercon_0/s01_couplers_imp_NNMS53/gru_bin_version_axi_mem_intercon_imp_auto_pc_1/gru_bin_version_axi_mem_intercon_imp_auto_pc_1_axi_protocol_converter_v2_1_37_axi_protocol_converter/gru_bin_version_axi_mem_intercon_imp_auto_pc_1_axi_protocol_converter_v2_1_37_axi3_conv/gru_bin_version_axi_mem_intercon_imp_auto_pc_1_axi_protocol_converter_v2_1_37_a_axi3_conv/gru_bin_version_axi_mem_intercon_imp_auto_pc_1_axi_data_fifo_v2_1_36_axic_fifo/gru_bin_version_axi_mem_intercon_imp_auto_pc_1_axi_data_fifo_v2_1_36_fifo_gen_1/<hidden>/<hidden>/<hidden>/<hidden>/<hidden>/<hidden>
    SLICE_X39Y58         FDPE                                         f  gru_bin_version_wrapper/gru_bin_version/gru_bin_version_axi_mem_intercon_0/s01_couplers_imp_NNMS53/gru_bin_version_axi_mem_intercon_imp_auto_pc_1/gru_bin_version_axi_mem_intercon_imp_auto_pc_1_axi_protocol_converter_v2_1_37_axi_protocol_converter/gru_bin_version_axi_mem_intercon_imp_auto_pc_1_axi_protocol_converter_v2_1_37_axi3_conv/gru_bin_version_axi_mem_intercon_imp_auto_pc_1_axi_protocol_converter_v2_1_37_a_axi3_conv/gru_bin_version_axi_mem_intercon_imp_auto_pc_1_axi_data_fifo_v2_1_36_axic_fifo/gru_bin_version_axi_mem_intercon_imp_auto_pc_1_axi_data_fifo_v2_1_36_fifo_gen_1/<hidden>/<hidden>/<hidden>/<hidden>/<hidden>/<hidden>
  -------------------------------------------------------------------    -------------------

                         (clock clk_fpga_0 rise edge)
                                                      0.000     0.000 r  
    PS7_X0Y0             PS7                          0.000     0.000 r  gru_bin_version_i/processing_system7_0/inst/PS7_i/FCLKCLK[0]
                         net (fo=1, routed)           1.088     1.088    gru_bin_version_i/processing_system7_0/inst/FCLK_CLK_unbuffered[0]
    BUFGCTRL_X0Y16       BUFG (Prop_bufg_I_O)         0.091     1.179 r  gru_bin_version_i/processing_system7_0/inst/buffer_fclk_clk_0.FCLK_CLK_0_BUFG/O
                         net (fo=14567, routed)       1.478     2.657    gru_bin_version_wrapper/gru_bin_version/gru_bin_version_axi_mem_intercon_0/s01_couplers_imp_NNMS53/gru_bin_version_axi_mem_intercon_imp_auto_pc_1/gru_bin_version_axi_mem_intercon_imp_auto_pc_1_axi_protocol_converter_v2_1_37_axi_protocol_converter/gru_bin_version_axi_mem_intercon_imp_auto_pc_1_axi_protocol_converter_v2_1_37_axi3_conv/gru_bin_version_axi_mem_intercon_imp_auto_pc_1_axi_protocol_converter_v2_1_37_a_axi3_conv/gru_bin_version_axi_mem_intercon_imp_auto_pc_1_axi_data_fifo_v2_1_36_axic_fifo/gru_bin_version_axi_mem_intercon_imp_auto_pc_1_axi_data_fifo_v2_1_36_fifo_gen_1/<hidden>/<hidden>/<hidden>/<hidden>/<hidden>/<hidden>
    SLICE_X39Y58         FDPE                                         r  gru_bin_version_wrapper/gru_bin_version/gru_bin_version_axi_mem_intercon_0/s01_couplers_imp_NNMS53/gru_bin_version_axi_mem_intercon_imp_auto_pc_1/gru_bin_version_axi_mem_intercon_imp_auto_pc_1_axi_protocol_converter_v2_1_37_axi_protocol_converter/gru_bin_version_axi_mem_intercon_imp_auto_pc_1_axi_protocol_converter_v2_1_37_axi3_conv/gru_bin_version_axi_mem_intercon_imp_auto_pc_1_axi_protocol_converter_v2_1_37_a_axi3_conv/gru_bin_version_axi_mem_intercon_imp_auto_pc_1_axi_data_fifo_v2_1_36_axic_fifo/gru_bin_version_axi_mem_intercon_imp_auto_pc_1_axi_data_fifo_v2_1_36_fifo_gen_1/<hidden>/<hidden>/<hidden>/<hidden>/<hidden>/<hidden>

Slack:                    inf
  Source:                 gru_bin_version_i/rst_ps7_0_100M/U0/ACTIVE_LOW_PR_OUT_DFF[0].FDRE_PER_N/C
                            (rising edge-triggered cell FDRE clocked by clk_fpga_0  {rise@0.000ns fall@5.000ns period=10.000ns})
  Destination:            gru_bin_version_wrapper/gru_bin_version/gru_bin_version_axi_mem_intercon_0/s02_couplers_imp_QTS1PG/gru_bin_version_axi_mem_intercon_imp_auto_pc_2/gru_bin_version_axi_mem_intercon_imp_auto_pc_2_axi_protocol_converter_v2_1_37_axi_protocol_converter/gru_bin_version_axi_mem_intercon_imp_auto_pc_2_axi_protocol_converter_v2_1_37_axi3_conv/gru_bin_version_axi_mem_intercon_imp_auto_pc_2_axi_protocol_converter_v2_1_37_a_axi3_conv/gru_bin_version_axi_mem_intercon_imp_auto_pc_2_axi_data_fifo_v2_1_36_axic_fifo/gru_bin_version_axi_mem_intercon_imp_auto_pc_2_axi_data_fifo_v2_1_36_fifo_gen/<hidden>/<hidden>/<hidden>/<hidden>/<hidden>/<hidden>
                            (recovery check against rising-edge clock clk_fpga_0  {rise@0.000ns fall@5.000ns period=10.000ns})
  Path Group:             (none)
  Path Type:              Recovery (Max at Slow Process Corner)
  Data Path Delay:        4.039ns  (logic 0.580ns (14.361%)  route 3.459ns (85.639%))
  Logic Levels:           1  (LUT1=1)
  Clock Path Skew:        -0.226ns (DCD - SCD + CPR)
    Destination Clock Delay (DCD):    2.716ns
    Source Clock Delay      (SCD):    2.942ns
    Clock Pessimism Removal (CPR):    0.000ns
  Clock Uncertainty:      0.154ns  ((TSJ^2 + TIJ^2)^1/2 + DJ) / 2 + PE
    Total System Jitter     (TSJ):    0.071ns
    Total Input Jitter      (TIJ):    0.300ns
    Discrete Jitter          (DJ):    0.000ns
    Phase Error              (PE):    0.000ns
  Timing Exception:       False Path

    Location             Delay type                Incr(ns)  Path(ns)    Netlist Resource(s)
  -------------------------------------------------------------------    -------------------
                         (clock clk_fpga_0 rise edge)
                                                      0.000     0.000 r  
    PS7_X0Y0             PS7                          0.000     0.000 r  gru_bin_version_i/processing_system7_0/inst/PS7_i/FCLKCLK[0]
                         net (fo=1, routed)           1.193     1.193    gru_bin_version_i/processing_system7_0/inst/FCLK_CLK_unbuffered[0]
    BUFGCTRL_X0Y16       BUFG (Prop_bufg_I_O)         0.101     1.294 r  gru_bin_version_i/processing_system7_0/inst/buffer_fclk_clk_0.FCLK_CLK_0_BUFG/O
                         net (fo=14567, routed)       1.648     2.942    gru_bin_version_i/rst_ps7_0_100M/U0/slowest_sync_clk
    SLICE_X45Y88         FDRE                                         r  gru_bin_version_i/rst_ps7_0_100M/U0/ACTIVE_LOW_PR_OUT_DFF[0].FDRE_PER_N/C
  -------------------------------------------------------------------    -------------------
    SLICE_X45Y88         FDRE (Prop_fdre_C_Q)         0.456     3.398 r  gru_bin_version_i/rst_ps7_0_100M/U0/ACTIVE_LOW_PR_OUT_DFF[0].FDRE_PER_N/Q
                         net (fo=23, routed)          2.898     6.296    gru_bin_version_i/axi_mem_intercon/s02_couplers/auto_pc/inst/gen_axi4_axi3.axi3_conv_inst/USE_READ.USE_SPLIT_R.read_addr_inst/USE_R_CHANNEL.cmd_queue/inst/aresetn
    SLICE_X56Y51         LUT1 (Prop_lut1_I0_O)        0.124     6.420 f  gru_bin_version_i/axi_mem_intercon/s02_couplers/auto_pc/inst/gen_axi4_axi3.axi3_conv_inst/USE_READ.USE_SPLIT_R.read_addr_inst/USE_R_CHANNEL.cmd_queue/inst/S_AXI_AREADY_I_i_1/O
                         net (fo=6, routed)           0.561     6.981    gru_bin_version_wrapper/gru_bin_version/gru_bin_version_axi_mem_intercon_0/s02_couplers_imp_QTS1PG/gru_bin_version_axi_mem_intercon_imp_auto_pc_2/gru_bin_version_axi_mem_intercon_imp_auto_pc_2_axi_protocol_converter_v2_1_37_axi_protocol_converter/gru_bin_version_axi_mem_intercon_imp_auto_pc_2_axi_protocol_converter_v2_1_37_axi3_conv/gru_bin_version_axi_mem_intercon_imp_auto_pc_2_axi_protocol_converter_v2_1_37_a_axi3_conv/gru_bin_version_axi_mem_intercon_imp_auto_pc_2_axi_data_fifo_v2_1_36_axic_fifo/gru_bin_version_axi_mem_intercon_imp_auto_pc_2_axi_data_fifo_v2_1_36_fifo_gen/<hidden>/<hidden>/<hidden>/<hidden>/<hidden>/<hidden>
    SLICE_X54Y51         FDPE                                         f  gru_bin_version_wrapper/gru_bin_version/gru_bin_version_axi_mem_intercon_0/s02_couplers_imp_QTS1PG/gru_bin_version_axi_mem_intercon_imp_auto_pc_2/gru_bin_version_axi_mem_intercon_imp_auto_pc_2_axi_protocol_converter_v2_1_37_axi_protocol_converter/gru_bin_version_axi_mem_intercon_imp_auto_pc_2_axi_protocol_converter_v2_1_37_axi3_conv/gru_bin_version_axi_mem_intercon_imp_auto_pc_2_axi_protocol_converter_v2_1_37_a_axi3_conv/gru_bin_version_axi_mem_intercon_imp_auto_pc_2_axi_data_fifo_v2_1_36_axic_fifo/gru_bin_version_axi_mem_intercon_imp_auto_pc_2_axi_data_fifo_v2_1_36_fifo_gen/<hidden>/<hidden>/<hidden>/<hidden>/<hidden>/<hidden>
  -------------------------------------------------------------------    -------------------

                         (clock clk_fpga_0 rise edge)
                                                      0.000     0.000 r  
    PS7_X0Y0             PS7                          0.000     0.000 r  gru_bin_version_i/processing_system7_0/inst/PS7_i/FCLKCLK[0]
                         net (fo=1, routed)           1.088     1.088    gru_bin_version_i/processing_system7_0/inst/FCLK_CLK_unbuffered[0]
    BUFGCTRL_X0Y16       BUFG (Prop_bufg_I_O)         0.091     1.179 r  gru_bin_version_i/processing_system7_0/inst/buffer_fclk_clk_0.FCLK_CLK_0_BUFG/O
                         net (fo=14567, routed)       1.537     2.716    gru_bin_version_wrapper/gru_bin_version/gru_bin_version_axi_mem_intercon_0/s02_couplers_imp_QTS1PG/gru_bin_version_axi_mem_intercon_imp_auto_pc_2/gru_bin_version_axi_mem_intercon_imp_auto_pc_2_axi_protocol_converter_v2_1_37_axi_protocol_converter/gru_bin_version_axi_mem_intercon_imp_auto_pc_2_axi_protocol_converter_v2_1_37_axi3_conv/gru_bin_version_axi_mem_intercon_imp_auto_pc_2_axi_protocol_converter_v2_1_37_a_axi3_conv/gru_bin_version_axi_mem_intercon_imp_auto_pc_2_axi_data_fifo_v2_1_36_axic_fifo/gru_bin_version_axi_mem_intercon_imp_auto_pc_2_axi_data_fifo_v2_1_36_fifo_gen/<hidden>/<hidden>/<hidden>/<hidden>/<hidden>/<hidden>
    SLICE_X54Y51         FDPE                                         r  gru_bin_version_wrapper/gru_bin_version/gru_bin_version_axi_mem_intercon_0/s02_couplers_imp_QTS1PG/gru_bin_version_axi_mem_intercon_imp_auto_pc_2/gru_bin_version_axi_mem_intercon_imp_auto_pc_2_axi_protocol_converter_v2_1_37_axi_protocol_converter/gru_bin_version_axi_mem_intercon_imp_auto_pc_2_axi_protocol_converter_v2_1_37_axi3_conv/gru_bin_version_axi_mem_intercon_imp_auto_pc_2_axi_protocol_converter_v2_1_37_a_axi3_conv/gru_bin_version_axi_mem_intercon_imp_auto_pc_2_axi_data_fifo_v2_1_36_axic_fifo/gru_bin_version_axi_mem_intercon_imp_auto_pc_2_axi_data_fifo_v2_1_36_fifo_gen/<hidden>/<hidden>/<hidden>/<hidden>/<hidden>/<hidden>

Slack:                    inf
  Source:                 gru_bin_version_i/rst_ps7_0_100M/U0/ACTIVE_LOW_PR_OUT_DFF[0].FDRE_PER_N/C
                            (rising edge-triggered cell FDRE clocked by clk_fpga_0  {rise@0.000ns fall@5.000ns period=10.000ns})
  Destination:            gru_bin_version_wrapper/gru_bin_version/gru_bin_version_axi_mem_intercon_0/s02_couplers_imp_QTS1PG/gru_bin_version_axi_mem_intercon_imp_auto_pc_2/gru_bin_version_axi_mem_intercon_imp_auto_pc_2_axi_protocol_converter_v2_1_37_axi_protocol_converter/gru_bin_version_axi_mem_intercon_imp_auto_pc_2_axi_protocol_converter_v2_1_37_axi3_conv/gru_bin_version_axi_mem_intercon_imp_auto_pc_2_axi_protocol_converter_v2_1_37_a_axi3_conv/gru_bin_version_axi_mem_intercon_imp_auto_pc_2_axi_data_fifo_v2_1_36_axic_fifo/gru_bin_version_axi_mem_intercon_imp_auto_pc_2_axi_data_fifo_v2_1_36_fifo_gen/<hidden>/<hidden>/<hidden>/<hidden>/<hidden>/<hidden>
                            (recovery check against rising-edge clock clk_fpga_0  {rise@0.000ns fall@5.000ns period=10.000ns})
  Path Group:             (none)
  Path Type:              Recovery (Max at Slow Process Corner)
  Data Path Delay:        4.039ns  (logic 0.580ns (14.361%)  route 3.459ns (85.639%))
  Logic Levels:           1  (LUT1=1)
  Clock Path Skew:        -0.226ns (DCD - SCD + CPR)
    Destination Clock Delay (DCD):    2.716ns
    Source Clock Delay      (SCD):    2.942ns
    Clock Pessimism Removal (CPR):    0.000ns
  Clock Uncertainty:      0.154ns  ((TSJ^2 + TIJ^2)^1/2 + DJ) / 2 + PE
    Total System Jitter     (TSJ):    0.071ns
    Total Input Jitter      (TIJ):    0.300ns
    Discrete Jitter          (DJ):    0.000ns
    Phase Error              (PE):    0.000ns
  Timing Exception:       False Path

    Location             Delay type                Incr(ns)  Path(ns)    Netlist Resource(s)
  -------------------------------------------------------------------    -------------------
                         (clock clk_fpga_0 rise edge)
                                                      0.000     0.000 r  
    PS7_X0Y0             PS7                          0.000     0.000 r  gru_bin_version_i/processing_system7_0/inst/PS7_i/FCLKCLK[0]
                         net (fo=1, routed)           1.193     1.193    gru_bin_version_i/processing_system7_0/inst/FCLK_CLK_unbuffered[0]
    BUFGCTRL_X0Y16       BUFG (Prop_bufg_I_O)         0.101     1.294 r  gru_bin_version_i/processing_system7_0/inst/buffer_fclk_clk_0.FCLK_CLK_0_BUFG/O
                         net (fo=14567, routed)       1.648     2.942    gru_bin_version_i/rst_ps7_0_100M/U0/slowest_sync_clk
    SLICE_X45Y88         FDRE                                         r  gru_bin_version_i/rst_ps7_0_100M/U0/ACTIVE_LOW_PR_OUT_DFF[0].FDRE_PER_N/C
  -------------------------------------------------------------------    -------------------
    SLICE_X45Y88         FDRE (Prop_fdre_C_Q)         0.456     3.398 r  gru_bin_version_i/rst_ps7_0_100M/U0/ACTIVE_LOW_PR_OUT_DFF[0].FDRE_PER_N/Q
                         net (fo=23, routed)          2.898     6.296    gru_bin_version_i/axi_mem_intercon/s02_couplers/auto_pc/inst/gen_axi4_axi3.axi3_conv_inst/USE_READ.USE_SPLIT_R.read_addr_inst/USE_R_CHANNEL.cmd_queue/inst/aresetn
    SLICE_X56Y51         LUT1 (Prop_lut1_I0_O)        0.124     6.420 f  gru_bin_version_i/axi_mem_intercon/s02_couplers/auto_pc/inst/gen_axi4_axi3.axi3_conv_inst/USE_READ.USE_SPLIT_R.read_addr_inst/USE_R_CHANNEL.cmd_queue/inst/S_AXI_AREADY_I_i_1/O
                         net (fo=6, routed)           0.561     6.981    gru_bin_version_wrapper/gru_bin_version/gru_bin_version_axi_mem_intercon_0/s02_couplers_imp_QTS1PG/gru_bin_version_axi_mem_intercon_imp_auto_pc_2/gru_bin_version_axi_mem_intercon_imp_auto_pc_2_axi_protocol_converter_v2_1_37_axi_protocol_converter/gru_bin_version_axi_mem_intercon_imp_auto_pc_2_axi_protocol_converter_v2_1_37_axi3_conv/gru_bin_version_axi_mem_intercon_imp_auto_pc_2_axi_protocol_converter_v2_1_37_a_axi3_conv/gru_bin_version_axi_mem_intercon_imp_auto_pc_2_axi_data_fifo_v2_1_36_axic_fifo/gru_bin_version_axi_mem_intercon_imp_auto_pc_2_axi_data_fifo_v2_1_36_fifo_gen/<hidden>/<hidden>/<hidden>/<hidden>/<hidden>/<hidden>
    SLICE_X54Y51         FDPE                                         f  gru_bin_version_wrapper/gru_bin_version/gru_bin_version_axi_mem_intercon_0/s02_couplers_imp_QTS1PG/gru_bin_version_axi_mem_intercon_imp_auto_pc_2/gru_bin_version_axi_mem_intercon_imp_auto_pc_2_axi_protocol_converter_v2_1_37_axi_protocol_converter/gru_bin_version_axi_mem_intercon_imp_auto_pc_2_axi_protocol_converter_v2_1_37_axi3_conv/gru_bin_version_axi_mem_intercon_imp_auto_pc_2_axi_protocol_converter_v2_1_37_a_axi3_conv/gru_bin_version_axi_mem_intercon_imp_auto_pc_2_axi_data_fifo_v2_1_36_axic_fifo/gru_bin_version_axi_mem_intercon_imp_auto_pc_2_axi_data_fifo_v2_1_36_fifo_gen/<hidden>/<hidden>/<hidden>/<hidden>/<hidden>/<hidden>
  -------------------------------------------------------------------    -------------------

                         (clock clk_fpga_0 rise edge)
                                                      0.000     0.000 r  
    PS7_X0Y0             PS7                          0.000     0.000 r  gru_bin_version_i/processing_system7_0/inst/PS7_i/FCLKCLK[0]
                         net (fo=1, routed)           1.088     1.088    gru_bin_version_i/processing_system7_0/inst/FCLK_CLK_unbuffered[0]
    BUFGCTRL_X0Y16       BUFG (Prop_bufg_I_O)         0.091     1.179 r  gru_bin_version_i/processing_system7_0/inst/buffer_fclk_clk_0.FCLK_CLK_0_BUFG/O
                         net (fo=14567, routed)       1.537     2.716    gru_bin_version_wrapper/gru_bin_version/gru_bin_version_axi_mem_intercon_0/s02_couplers_imp_QTS1PG/gru_bin_version_axi_mem_intercon_imp_auto_pc_2/gru_bin_version_axi_mem_intercon_imp_auto_pc_2_axi_protocol_converter_v2_1_37_axi_protocol_converter/gru_bin_version_axi_mem_intercon_imp_auto_pc_2_axi_protocol_converter_v2_1_37_axi3_conv/gru_bin_version_axi_mem_intercon_imp_auto_pc_2_axi_protocol_converter_v2_1_37_a_axi3_conv/gru_bin_version_axi_mem_intercon_imp_auto_pc_2_axi_data_fifo_v2_1_36_axic_fifo/gru_bin_version_axi_mem_intercon_imp_auto_pc_2_axi_data_fifo_v2_1_36_fifo_gen/<hidden>/<hidden>/<hidden>/<hidden>/<hidden>/<hidden>
    SLICE_X54Y51         FDPE                                         r  gru_bin_version_wrapper/gru_bin_version/gru_bin_version_axi_mem_intercon_0/s02_couplers_imp_QTS1PG/gru_bin_version_axi_mem_intercon_imp_auto_pc_2/gru_bin_version_axi_mem_intercon_imp_auto_pc_2_axi_protocol_converter_v2_1_37_axi_protocol_converter/gru_bin_version_axi_mem_intercon_imp_auto_pc_2_axi_protocol_converter_v2_1_37_axi3_conv/gru_bin_version_axi_mem_intercon_imp_auto_pc_2_axi_protocol_converter_v2_1_37_a_axi3_conv/gru_bin_version_axi_mem_intercon_imp_auto_pc_2_axi_data_fifo_v2_1_36_axic_fifo/gru_bin_version_axi_mem_intercon_imp_auto_pc_2_axi_data_fifo_v2_1_36_fifo_gen/<hidden>/<hidden>/<hidden>/<hidden>/<hidden>/<hidden>

Slack:                    inf
  Source:                 gru_bin_version_i/rst_ps7_0_100M/U0/ACTIVE_LOW_PR_OUT_DFF[0].FDRE_PER_N/C
                            (rising edge-triggered cell FDRE clocked by clk_fpga_0  {rise@0.000ns fall@5.000ns period=10.000ns})
  Destination:            gru_bin_version_wrapper/gru_bin_version/gru_bin_version_axi_mem_intercon_0/s00_couplers_imp_1UT69KP/gru_bin_version_axi_mem_intercon_imp_auto_pc_0/gru_bin_version_axi_mem_intercon_imp_auto_pc_0_axi_protocol_converter_v2_1_37_axi_protocol_converter/gru_bin_version_axi_mem_intercon_imp_auto_pc_0_axi_protocol_converter_v2_1_37_axi3_conv/gru_bin_version_axi_mem_intercon_imp_auto_pc_0_axi_protocol_converter_v2_1_37_a_axi3_conv/gru_bin_version_axi_mem_intercon_imp_auto_pc_0_axi_data_fifo_v2_1_36_axic_fifo/gru_bin_version_axi_mem_intercon_imp_auto_pc_0_axi_data_fifo_v2_1_36_fifo_gen/<hidden>/<hidden>/<hidden>/<hidden>/<hidden>/<hidden>
                            (recovery check against rising-edge clock clk_fpga_0  {rise@0.000ns fall@5.000ns period=10.000ns})
  Path Group:             (none)
  Path Type:              Recovery (Max at Slow Process Corner)
  Data Path Delay:        3.958ns  (logic 0.580ns (14.653%)  route 3.378ns (85.347%))
  Logic Levels:           1  (LUT1=1)
  Clock Path Skew:        -0.286ns (DCD - SCD + CPR)
    Destination Clock Delay (DCD):    2.656ns
    Source Clock Delay      (SCD):    2.942ns
    Clock Pessimism Removal (CPR):    0.000ns
  Clock Uncertainty:      0.154ns  ((TSJ^2 + TIJ^2)^1/2 + DJ) / 2 + PE
    Total System Jitter     (TSJ):    0.071ns
    Total Input Jitter      (TIJ):    0.300ns
    Discrete Jitter          (DJ):    0.000ns
    Phase Error              (PE):    0.000ns
  Timing Exception:       False Path

    Location             Delay type                Incr(ns)  Path(ns)    Netlist Resource(s)
  -------------------------------------------------------------------    -------------------
                         (clock clk_fpga_0 rise edge)
                                                      0.000     0.000 r  
    PS7_X0Y0             PS7                          0.000     0.000 r  gru_bin_version_i/processing_system7_0/inst/PS7_i/FCLKCLK[0]
                         net (fo=1, routed)           1.193     1.193    gru_bin_version_i/processing_system7_0/inst/FCLK_CLK_unbuffered[0]
    BUFGCTRL_X0Y16       BUFG (Prop_bufg_I_O)         0.101     1.294 r  gru_bin_version_i/processing_system7_0/inst/buffer_fclk_clk_0.FCLK_CLK_0_BUFG/O
                         net (fo=14567, routed)       1.648     2.942    gru_bin_version_i/rst_ps7_0_100M/U0/slowest_sync_clk
    SLICE_X45Y88         FDRE                                         r  gru_bin_version_i/rst_ps7_0_100M/U0/ACTIVE_LOW_PR_OUT_DFF[0].FDRE_PER_N/C
  -------------------------------------------------------------------    -------------------
    SLICE_X45Y88         FDRE (Prop_fdre_C_Q)         0.456     3.398 r  gru_bin_version_i/rst_ps7_0_100M/U0/ACTIVE_LOW_PR_OUT_DFF[0].FDRE_PER_N/Q
                         net (fo=23, routed)          2.509     5.907    gru_bin_version_i/axi_mem_intercon/s00_couplers/auto_pc/inst/gen_axi4_axi3.axi3_conv_inst/USE_READ.USE_SPLIT_R.read_addr_inst/USE_R_CHANNEL.cmd_queue/inst/aresetn
    SLICE_X34Y60         LUT1 (Prop_lut1_I0_O)        0.124     6.031 f  gru_bin_version_i/axi_mem_intercon/s00_couplers/auto_pc/inst/gen_axi4_axi3.axi3_conv_inst/USE_READ.USE_SPLIT_R.read_addr_inst/USE_R_CHANNEL.cmd_queue/inst/S_AXI_ASIZE_Q[2]_i_1/O
                         net (fo=44, routed)          0.869     6.900    gru_bin_version_wrapper/gru_bin_version/gru_bin_version_axi_mem_intercon_0/s00_couplers_imp_1UT69KP/gru_bin_version_axi_mem_intercon_imp_auto_pc_0/gru_bin_version_axi_mem_intercon_imp_auto_pc_0_axi_protocol_converter_v2_1_37_axi_protocol_converter/gru_bin_version_axi_mem_intercon_imp_auto_pc_0_axi_protocol_converter_v2_1_37_axi3_conv/gru_bin_version_axi_mem_intercon_imp_auto_pc_0_axi_protocol_converter_v2_1_37_a_axi3_conv/gru_bin_version_axi_mem_intercon_imp_auto_pc_0_axi_data_fifo_v2_1_36_axic_fifo/gru_bin_version_axi_mem_intercon_imp_auto_pc_0_axi_data_fifo_v2_1_36_fifo_gen/<hidden>/<hidden>/<hidden>/<hidden>/<hidden>/<hidden>
    SLICE_X36Y59         FDPE                                         f  gru_bin_version_wrapper/gru_bin_version/gru_bin_version_axi_mem_intercon_0/s00_couplers_imp_1UT69KP/gru_bin_version_axi_mem_intercon_imp_auto_pc_0/gru_bin_version_axi_mem_intercon_imp_auto_pc_0_axi_protocol_converter_v2_1_37_axi_protocol_converter/gru_bin_version_axi_mem_intercon_imp_auto_pc_0_axi_protocol_converter_v2_1_37_axi3_conv/gru_bin_version_axi_mem_intercon_imp_auto_pc_0_axi_protocol_converter_v2_1_37_a_axi3_conv/gru_bin_version_axi_mem_intercon_imp_auto_pc_0_axi_data_fifo_v2_1_36_axic_fifo/gru_bin_version_axi_mem_intercon_imp_auto_pc_0_axi_data_fifo_v2_1_36_fifo_gen/<hidden>/<hidden>/<hidden>/<hidden>/<hidden>/<hidden>
  -------------------------------------------------------------------    -------------------

                         (clock clk_fpga_0 rise edge)
                                                      0.000     0.000 r  
    PS7_X0Y0             PS7                          0.000     0.000 r  gru_bin_version_i/processing_system7_0/inst/PS7_i/FCLKCLK[0]
                         net (fo=1, routed)           1.088     1.088    gru_bin_version_i/processing_system7_0/inst/FCLK_CLK_unbuffered[0]
    BUFGCTRL_X0Y16       BUFG (Prop_bufg_I_O)         0.091     1.179 r  gru_bin_version_i/processing_system7_0/inst/buffer_fclk_clk_0.FCLK_CLK_0_BUFG/O
                         net (fo=14567, routed)       1.477     2.656    gru_bin_version_wrapper/gru_bin_version/gru_bin_version_axi_mem_intercon_0/s00_couplers_imp_1UT69KP/gru_bin_version_axi_mem_intercon_imp_auto_pc_0/gru_bin_version_axi_mem_intercon_imp_auto_pc_0_axi_protocol_converter_v2_1_37_axi_protocol_converter/gru_bin_version_axi_mem_intercon_imp_auto_pc_0_axi_protocol_converter_v2_1_37_axi3_conv/gru_bin_version_axi_mem_intercon_imp_auto_pc_0_axi_protocol_converter_v2_1_37_a_axi3_conv/gru_bin_version_axi_mem_intercon_imp_auto_pc_0_axi_data_fifo_v2_1_36_axic_fifo/gru_bin_version_axi_mem_intercon_imp_auto_pc_0_axi_data_fifo_v2_1_36_fifo_gen/<hidden>/<hidden>/<hidden>/<hidden>/<hidden>/<hidden>
    SLICE_X36Y59         FDPE                                         r  gru_bin_version_wrapper/gru_bin_version/gru_bin_version_axi_mem_intercon_0/s00_couplers_imp_1UT69KP/gru_bin_version_axi_mem_intercon_imp_auto_pc_0/gru_bin_version_axi_mem_intercon_imp_auto_pc_0_axi_protocol_converter_v2_1_37_axi_protocol_converter/gru_bin_version_axi_mem_intercon_imp_auto_pc_0_axi_protocol_converter_v2_1_37_axi3_conv/gru_bin_version_axi_mem_intercon_imp_auto_pc_0_axi_protocol_converter_v2_1_37_a_axi3_conv/gru_bin_version_axi_mem_intercon_imp_auto_pc_0_axi_data_fifo_v2_1_36_axic_fifo/gru_bin_version_axi_mem_intercon_imp_auto_pc_0_axi_data_fifo_v2_1_36_fifo_gen/<hidden>/<hidden>/<hidden>/<hidden>/<hidden>/<hidden>

Slack:                    inf
  Source:                 gru_bin_version_i/rst_ps7_0_100M/U0/ACTIVE_LOW_PR_OUT_DFF[0].FDRE_PER_N/C
                            (rising edge-triggered cell FDRE clocked by clk_fpga_0  {rise@0.000ns fall@5.000ns period=10.000ns})
  Destination:            gru_bin_version_wrapper/gru_bin_version/gru_bin_version_axi_mem_intercon_0/s00_couplers_imp_1UT69KP/gru_bin_version_axi_mem_intercon_imp_auto_pc_0/gru_bin_version_axi_mem_intercon_imp_auto_pc_0_axi_protocol_converter_v2_1_37_axi_protocol_converter/gru_bin_version_axi_mem_intercon_imp_auto_pc_0_axi_protocol_converter_v2_1_37_axi3_conv/gru_bin_version_axi_mem_intercon_imp_auto_pc_0_axi_protocol_converter_v2_1_37_a_axi3_conv/gru_bin_version_axi_mem_intercon_imp_auto_pc_0_axi_data_fifo_v2_1_36_axic_fifo/gru_bin_version_axi_mem_intercon_imp_auto_pc_0_axi_data_fifo_v2_1_36_fifo_gen/<hidden>/<hidden>/<hidden>/<hidden>/<hidden>/<hidden>
                            (recovery check against rising-edge clock clk_fpga_0  {rise@0.000ns fall@5.000ns period=10.000ns})
  Path Group:             (none)
  Path Type:              Recovery (Max at Slow Process Corner)
  Data Path Delay:        3.958ns  (logic 0.580ns (14.653%)  route 3.378ns (85.347%))
  Logic Levels:           1  (LUT1=1)
  Clock Path Skew:        -0.286ns (DCD - SCD + CPR)
    Destination Clock Delay (DCD):    2.656ns
    Source Clock Delay      (SCD):    2.942ns
    Clock Pessimism Removal (CPR):    0.000ns
  Clock Uncertainty:      0.154ns  ((TSJ^2 + TIJ^2)^1/2 + DJ) / 2 + PE
    Total System Jitter     (TSJ):    0.071ns
    Total Input Jitter      (TIJ):    0.300ns
    Discrete Jitter          (DJ):    0.000ns
    Phase Error              (PE):    0.000ns
  Timing Exception:       False Path

    Location             Delay type                Incr(ns)  Path(ns)    Netlist Resource(s)
  -------------------------------------------------------------------    -------------------
                         (clock clk_fpga_0 rise edge)
                                                      0.000     0.000 r  
    PS7_X0Y0             PS7                          0.000     0.000 r  gru_bin_version_i/processing_system7_0/inst/PS7_i/FCLKCLK[0]
                         net (fo=1, routed)           1.193     1.193    gru_bin_version_i/processing_system7_0/inst/FCLK_CLK_unbuffered[0]
    BUFGCTRL_X0Y16       BUFG (Prop_bufg_I_O)         0.101     1.294 r  gru_bin_version_i/processing_system7_0/inst/buffer_fclk_clk_0.FCLK_CLK_0_BUFG/O
                         net (fo=14567, routed)       1.648     2.942    gru_bin_version_i/rst_ps7_0_100M/U0/slowest_sync_clk
    SLICE_X45Y88         FDRE                                         r  gru_bin_version_i/rst_ps7_0_100M/U0/ACTIVE_LOW_PR_OUT_DFF[0].FDRE_PER_N/C
  -------------------------------------------------------------------    -------------------
    SLICE_X45Y88         FDRE (Prop_fdre_C_Q)         0.456     3.398 r  gru_bin_version_i/rst_ps7_0_100M/U0/ACTIVE_LOW_PR_OUT_DFF[0].FDRE_PER_N/Q
                         net (fo=23, routed)          2.509     5.907    gru_bin_version_i/axi_mem_intercon/s00_couplers/auto_pc/inst/gen_axi4_axi3.axi3_conv_inst/USE_READ.USE_SPLIT_R.read_addr_inst/USE_R_CHANNEL.cmd_queue/inst/aresetn
    SLICE_X34Y60         LUT1 (Prop_lut1_I0_O)        0.124     6.031 f  gru_bin_version_i/axi_mem_intercon/s00_couplers/auto_pc/inst/gen_axi4_axi3.axi3_conv_inst/USE_READ.USE_SPLIT_R.read_addr_inst/USE_R_CHANNEL.cmd_queue/inst/S_AXI_ASIZE_Q[2]_i_1/O
                         net (fo=44, routed)          0.869     6.900    gru_bin_version_wrapper/gru_bin_version/gru_bin_version_axi_mem_intercon_0/s00_couplers_imp_1UT69KP/gru_bin_version_axi_mem_intercon_imp_auto_pc_0/gru_bin_version_axi_mem_intercon_imp_auto_pc_0_axi_protocol_converter_v2_1_37_axi_protocol_converter/gru_bin_version_axi_mem_intercon_imp_auto_pc_0_axi_protocol_converter_v2_1_37_axi3_conv/gru_bin_version_axi_mem_intercon_imp_auto_pc_0_axi_protocol_converter_v2_1_37_a_axi3_conv/gru_bin_version_axi_mem_intercon_imp_auto_pc_0_axi_data_fifo_v2_1_36_axic_fifo/gru_bin_version_axi_mem_intercon_imp_auto_pc_0_axi_data_fifo_v2_1_36_fifo_gen/<hidden>/<hidden>/<hidden>/<hidden>/<hidden>/<hidden>
    SLICE_X36Y59         FDPE                                         f  gru_bin_version_wrapper/gru_bin_version/gru_bin_version_axi_mem_intercon_0/s00_couplers_imp_1UT69KP/gru_bin_version_axi_mem_intercon_imp_auto_pc_0/gru_bin_version_axi_mem_intercon_imp_auto_pc_0_axi_protocol_converter_v2_1_37_axi_protocol_converter/gru_bin_version_axi_mem_intercon_imp_auto_pc_0_axi_protocol_converter_v2_1_37_axi3_conv/gru_bin_version_axi_mem_intercon_imp_auto_pc_0_axi_protocol_converter_v2_1_37_a_axi3_conv/gru_bin_version_axi_mem_intercon_imp_auto_pc_0_axi_data_fifo_v2_1_36_axic_fifo/gru_bin_version_axi_mem_intercon_imp_auto_pc_0_axi_data_fifo_v2_1_36_fifo_gen/<hidden>/<hidden>/<hidden>/<hidden>/<hidden>/<hidden>
  -------------------------------------------------------------------    -------------------

                         (clock clk_fpga_0 rise edge)
                                                      0.000     0.000 r  
    PS7_X0Y0             PS7                          0.000     0.000 r  gru_bin_version_i/processing_system7_0/inst/PS7_i/FCLKCLK[0]
                         net (fo=1, routed)           1.088     1.088    gru_bin_version_i/processing_system7_0/inst/FCLK_CLK_unbuffered[0]
    BUFGCTRL_X0Y16       BUFG (Prop_bufg_I_O)         0.091     1.179 r  gru_bin_version_i/processing_system7_0/inst/buffer_fclk_clk_0.FCLK_CLK_0_BUFG/O
                         net (fo=14567, routed)       1.477     2.656    gru_bin_version_wrapper/gru_bin_version/gru_bin_version_axi_mem_intercon_0/s00_couplers_imp_1UT69KP/gru_bin_version_axi_mem_intercon_imp_auto_pc_0/gru_bin_version_axi_mem_intercon_imp_auto_pc_0_axi_protocol_converter_v2_1_37_axi_protocol_converter/gru_bin_version_axi_mem_intercon_imp_auto_pc_0_axi_protocol_converter_v2_1_37_axi3_conv/gru_bin_version_axi_mem_intercon_imp_auto_pc_0_axi_protocol_converter_v2_1_37_a_axi3_conv/gru_bin_version_axi_mem_intercon_imp_auto_pc_0_axi_data_fifo_v2_1_36_axic_fifo/gru_bin_version_axi_mem_intercon_imp_auto_pc_0_axi_data_fifo_v2_1_36_fifo_gen/<hidden>/<hidden>/<hidden>/<hidden>/<hidden>/<hidden>
    SLICE_X36Y59         FDPE                                         r  gru_bin_version_wrapper/gru_bin_version/gru_bin_version_axi_mem_intercon_0/s00_couplers_imp_1UT69KP/gru_bin_version_axi_mem_intercon_imp_auto_pc_0/gru_bin_version_axi_mem_intercon_imp_auto_pc_0_axi_protocol_converter_v2_1_37_axi_protocol_converter/gru_bin_version_axi_mem_intercon_imp_auto_pc_0_axi_protocol_converter_v2_1_37_axi3_conv/gru_bin_version_axi_mem_intercon_imp_auto_pc_0_axi_protocol_converter_v2_1_37_a_axi3_conv/gru_bin_version_axi_mem_intercon_imp_auto_pc_0_axi_data_fifo_v2_1_36_axic_fifo/gru_bin_version_axi_mem_intercon_imp_auto_pc_0_axi_data_fifo_v2_1_36_fifo_gen/<hidden>/<hidden>/<hidden>/<hidden>/<hidden>/<hidden>

Slack:                    inf
  Source:                 gru_bin_version_i/axi_smc/inst/clk_map/psr_aclk/U0/ACTIVE_LOW_BSR_OUT_DFF[0].FDRE_BSR_N/C
                            (rising edge-triggered cell FDRE clocked by clk_fpga_0  {rise@0.000ns fall@5.000ns period=10.000ns})
  Destination:            gru_bin_version_i/axi_smc/inst/m00_nodes/m00_ar_node/inst/s_sc_xpm_cdc_async_rst_inst/arststages_ff_reg[0]/CLR
                            (recovery check against rising-edge clock clk_fpga_0  {rise@0.000ns fall@5.000ns period=10.000ns})
  Path Group:             (none)
  Path Type:              Recovery (Max at Slow Process Corner)
  Data Path Delay:        3.507ns  (logic 0.610ns (17.394%)  route 2.897ns (82.606%))
  Logic Levels:           1  (LUT1=1)
  Clock Path Skew:        -0.482ns (DCD - SCD + CPR)
    Destination Clock Delay (DCD):    2.656ns
    Source Clock Delay      (SCD):    3.138ns
    Clock Pessimism Removal (CPR):    0.000ns
  Clock Uncertainty:      0.154ns  ((TSJ^2 + TIJ^2)^1/2 + DJ) / 2 + PE
    Total System Jitter     (TSJ):    0.071ns
    Total Input Jitter      (TIJ):    0.300ns
    Discrete Jitter          (DJ):    0.000ns
    Phase Error              (PE):    0.000ns
  Timing Exception:       False Path

    Location             Delay type                Incr(ns)  Path(ns)    Netlist Resource(s)
  -------------------------------------------------------------------    -------------------
                         (clock clk_fpga_0 rise edge)
                                                      0.000     0.000 r  
    PS7_X0Y0             PS7                          0.000     0.000 r  gru_bin_version_i/processing_system7_0/inst/PS7_i/FCLKCLK[0]
                         net (fo=1, routed)           1.193     1.193    gru_bin_version_i/processing_system7_0/inst/FCLK_CLK_unbuffered[0]
    BUFGCTRL_X0Y16       BUFG (Prop_bufg_I_O)         0.101     1.294 r  gru_bin_version_i/processing_system7_0/inst/buffer_fclk_clk_0.FCLK_CLK_0_BUFG/O
                         net (fo=14567, routed)       1.844     3.138    gru_bin_version_i/axi_smc/inst/clk_map/psr_aclk/U0/aclk
    SLICE_X41Y101        FDRE                                         r  gru_bin_version_i/axi_smc/inst/clk_map/psr_aclk/U0/ACTIVE_LOW_BSR_OUT_DFF[0].FDRE_BSR_N/C
  -------------------------------------------------------------------    -------------------
    SLICE_X41Y101        FDRE (Prop_fdre_C_Q)         0.456     3.594 r  gru_bin_version_i/axi_smc/inst/clk_map/psr_aclk/U0/ACTIVE_LOW_BSR_OUT_DFF[0].FDRE_BSR_N/Q
                         net (fo=25, routed)          2.361     5.955    gru_bin_version_i/axi_smc/inst/m00_nodes/m00_ar_node/inst/s_sc_xpm_cdc_async_rst_inst/src_arst
    SLICE_X44Y91         LUT1 (Prop_lut1_I0_O)        0.154     6.109 f  gru_bin_version_i/axi_smc/inst/m00_nodes/m00_ar_node/inst/s_sc_xpm_cdc_async_rst_inst/arststages_ff[2]_i_1/O
                         net (fo=3, routed)           0.536     6.645    gru_bin_version_i/axi_smc/inst/m00_nodes/m00_ar_node/inst/s_sc_xpm_cdc_async_rst_inst/reset_pol
    SLICE_X44Y91         FDCE                                         f  gru_bin_version_i/axi_smc/inst/m00_nodes/m00_ar_node/inst/s_sc_xpm_cdc_async_rst_inst/arststages_ff_reg[0]/CLR
  -------------------------------------------------------------------    -------------------

                         (clock clk_fpga_0 rise edge)
                                                      0.000     0.000 r  
    PS7_X0Y0             PS7                          0.000     0.000 r  gru_bin_version_i/processing_system7_0/inst/PS7_i/FCLKCLK[0]
                         net (fo=1, routed)           1.088     1.088    gru_bin_version_i/processing_system7_0/inst/FCLK_CLK_unbuffered[0]
    BUFGCTRL_X0Y16       BUFG (Prop_bufg_I_O)         0.091     1.179 r  gru_bin_version_i/processing_system7_0/inst/buffer_fclk_clk_0.FCLK_CLK_0_BUFG/O
                         net (fo=14567, routed)       1.477     2.656    gru_bin_version_i/axi_smc/inst/m00_nodes/m00_ar_node/inst/s_sc_xpm_cdc_async_rst_inst/dest_clk
    SLICE_X44Y91         FDCE                                         r  gru_bin_version_i/axi_smc/inst/m00_nodes/m00_ar_node/inst/s_sc_xpm_cdc_async_rst_inst/arststages_ff_reg[0]/C

Slack:                    inf
  Source:                 gru_bin_version_i/axi_smc/inst/clk_map/psr_aclk/U0/ACTIVE_LOW_BSR_OUT_DFF[0].FDRE_BSR_N/C
                            (rising edge-triggered cell FDRE clocked by clk_fpga_0  {rise@0.000ns fall@5.000ns period=10.000ns})
  Destination:            gru_bin_version_i/axi_smc/inst/m00_nodes/m00_ar_node/inst/s_sc_xpm_cdc_async_rst_inst/arststages_ff_reg[1]/CLR
                            (recovery check against rising-edge clock clk_fpga_0  {rise@0.000ns fall@5.000ns period=10.000ns})
  Path Group:             (none)
  Path Type:              Recovery (Max at Slow Process Corner)
  Data Path Delay:        3.507ns  (logic 0.610ns (17.394%)  route 2.897ns (82.606%))
  Logic Levels:           1  (LUT1=1)
  Clock Path Skew:        -0.482ns (DCD - SCD + CPR)
    Destination Clock Delay (DCD):    2.656ns
    Source Clock Delay      (SCD):    3.138ns
    Clock Pessimism Removal (CPR):    0.000ns
  Clock Uncertainty:      0.154ns  ((TSJ^2 + TIJ^2)^1/2 + DJ) / 2 + PE
    Total System Jitter     (TSJ):    0.071ns
    Total Input Jitter      (TIJ):    0.300ns
    Discrete Jitter          (DJ):    0.000ns
    Phase Error              (PE):    0.000ns
  Timing Exception:       False Path

    Location             Delay type                Incr(ns)  Path(ns)    Netlist Resource(s)
  -------------------------------------------------------------------    -------------------
                         (clock clk_fpga_0 rise edge)
                                                      0.000     0.000 r  
    PS7_X0Y0             PS7                          0.000     0.000 r  gru_bin_version_i/processing_system7_0/inst/PS7_i/FCLKCLK[0]
                         net (fo=1, routed)           1.193     1.193    gru_bin_version_i/processing_system7_0/inst/FCLK_CLK_unbuffered[0]
    BUFGCTRL_X0Y16       BUFG (Prop_bufg_I_O)         0.101     1.294 r  gru_bin_version_i/processing_system7_0/inst/buffer_fclk_clk_0.FCLK_CLK_0_BUFG/O
                         net (fo=14567, routed)       1.844     3.138    gru_bin_version_i/axi_smc/inst/clk_map/psr_aclk/U0/aclk
    SLICE_X41Y101        FDRE                                         r  gru_bin_version_i/axi_smc/inst/clk_map/psr_aclk/U0/ACTIVE_LOW_BSR_OUT_DFF[0].FDRE_BSR_N/C
  -------------------------------------------------------------------    -------------------
    SLICE_X41Y101        FDRE (Prop_fdre_C_Q)         0.456     3.594 r  gru_bin_version_i/axi_smc/inst/clk_map/psr_aclk/U0/ACTIVE_LOW_BSR_OUT_DFF[0].FDRE_BSR_N/Q
                         net (fo=25, routed)          2.361     5.955    gru_bin_version_i/axi_smc/inst/m00_nodes/m00_ar_node/inst/s_sc_xpm_cdc_async_rst_inst/src_arst
    SLICE_X44Y91         LUT1 (Prop_lut1_I0_O)        0.154     6.109 f  gru_bin_version_i/axi_smc/inst/m00_nodes/m00_ar_node/inst/s_sc_xpm_cdc_async_rst_inst/arststages_ff[2]_i_1/O
                         net (fo=3, routed)           0.536     6.645    gru_bin_version_i/axi_smc/inst/m00_nodes/m00_ar_node/inst/s_sc_xpm_cdc_async_rst_inst/reset_pol
    SLICE_X44Y91         FDCE                                         f  gru_bin_version_i/axi_smc/inst/m00_nodes/m00_ar_node/inst/s_sc_xpm_cdc_async_rst_inst/arststages_ff_reg[1]/CLR
  -------------------------------------------------------------------    -------------------

                         (clock clk_fpga_0 rise edge)
                                                      0.000     0.000 r  
    PS7_X0Y0             PS7                          0.000     0.000 r  gru_bin_version_i/processing_system7_0/inst/PS7_i/FCLKCLK[0]
                         net (fo=1, routed)           1.088     1.088    gru_bin_version_i/processing_system7_0/inst/FCLK_CLK_unbuffered[0]
    BUFGCTRL_X0Y16       BUFG (Prop_bufg_I_O)         0.091     1.179 r  gru_bin_version_i/processing_system7_0/inst/buffer_fclk_clk_0.FCLK_CLK_0_BUFG/O
                         net (fo=14567, routed)       1.477     2.656    gru_bin_version_i/axi_smc/inst/m00_nodes/m00_ar_node/inst/s_sc_xpm_cdc_async_rst_inst/dest_clk
    SLICE_X44Y91         FDCE                                         r  gru_bin_version_i/axi_smc/inst/m00_nodes/m00_ar_node/inst/s_sc_xpm_cdc_async_rst_inst/arststages_ff_reg[1]/C





Min Delay Paths
--------------------------------------------------------------------------------------
Slack:                    inf
  Source:                 gru_bin_version_i/rst_ps7_0_100M/U0/ACTIVE_LOW_PR_OUT_DFF[0].FDRE_PER_N/C
                            (rising edge-triggered cell FDRE clocked by clk_fpga_0  {rise@0.000ns fall@5.000ns period=10.000ns})
  Destination:            gru_bin_version_i/axi_dma_0/U0/I_RST_MODULE/REG_HRD_RST/syncstages_ff_reg[0]/D
                            (rising edge-triggered cell FDRE clocked by clk_fpga_0  {rise@0.000ns fall@5.000ns period=10.000ns})
  Path Group:             (none)
  Path Type:              Hold (Min at Fast Process Corner)
  Data Path Delay:        0.456ns  (logic 0.141ns (30.895%)  route 0.315ns (69.105%))
  Logic Levels:           0  
  Clock Path Skew:        0.289ns (DCD - SCD - CPR)
    Destination Clock Delay (DCD):    1.179ns
    Source Clock Delay      (SCD):    0.890ns
    Clock Pessimism Removal (CPR):    -0.000ns
  Clock Uncertainty:      0.154ns  ((TSJ^2 + TIJ^2)^1/2 + DJ) / 2 + PE
    Total System Jitter     (TSJ):    0.071ns
    Total Input Jitter      (TIJ):    0.300ns
    Discrete Jitter          (DJ):    0.000ns
    Phase Error              (PE):    0.000ns
  Timing Exception:       False Path

    Location             Delay type                Incr(ns)  Path(ns)    Netlist Resource(s)
  -------------------------------------------------------------------    -------------------
                         (clock clk_fpga_0 rise edge)
                                                      0.000     0.000 r  
    PS7_X0Y0             PS7                          0.000     0.000 r  gru_bin_version_i/processing_system7_0/inst/PS7_i/FCLKCLK[0]
                         net (fo=1, routed)           0.310     0.310    gru_bin_version_i/processing_system7_0/inst/FCLK_CLK_unbuffered[0]
    BUFGCTRL_X0Y16       BUFG (Prop_bufg_I_O)         0.026     0.336 r  gru_bin_version_i/processing_system7_0/inst/buffer_fclk_clk_0.FCLK_CLK_0_BUFG/O
                         net (fo=14567, routed)       0.554     0.890    gru_bin_version_i/rst_ps7_0_100M/U0/slowest_sync_clk
    SLICE_X45Y88         FDRE                                         r  gru_bin_version_i/rst_ps7_0_100M/U0/ACTIVE_LOW_PR_OUT_DFF[0].FDRE_PER_N/C
  -------------------------------------------------------------------    -------------------
    SLICE_X45Y88         FDRE (Prop_fdre_C_Q)         0.141     1.031 r  gru_bin_version_i/rst_ps7_0_100M/U0/ACTIVE_LOW_PR_OUT_DFF[0].FDRE_PER_N/Q
                         net (fo=23, routed)          0.315     1.346    gru_bin_version_i/axi_dma_0/U0/I_RST_MODULE/REG_HRD_RST/src_rst
    SLICE_X44Y79         FDRE                                         r  gru_bin_version_i/axi_dma_0/U0/I_RST_MODULE/REG_HRD_RST/syncstages_ff_reg[0]/D
  -------------------------------------------------------------------    -------------------

                         (clock clk_fpga_0 rise edge)
                                                      0.000     0.000 r  
    PS7_X0Y0             PS7                          0.000     0.000 r  gru_bin_version_i/processing_system7_0/inst/PS7_i/FCLKCLK[0]
                         net (fo=1, routed)           0.337     0.337    gru_bin_version_i/processing_system7_0/inst/FCLK_CLK_unbuffered[0]
    BUFGCTRL_X0Y16       BUFG (Prop_bufg_I_O)         0.029     0.366 r  gru_bin_version_i/processing_system7_0/inst/buffer_fclk_clk_0.FCLK_CLK_0_BUFG/O
                         net (fo=14567, routed)       0.813     1.179    gru_bin_version_i/axi_dma_0/U0/I_RST_MODULE/REG_HRD_RST/dest_clk
    SLICE_X44Y79         FDRE                                         r  gru_bin_version_i/axi_dma_0/U0/I_RST_MODULE/REG_HRD_RST/syncstages_ff_reg[0]/C

Slack:                    inf
  Source:                 gru_bin_version_i/rst_ps7_0_100M/U0/ACTIVE_LOW_PR_OUT_DFF[0].FDRE_PER_N/C
                            (rising edge-triggered cell FDRE clocked by clk_fpga_0  {rise@0.000ns fall@5.000ns period=10.000ns})
  Destination:            gru_bin_version_i/axi_smc/inst/clk_map/psr_aclk/U0/EXT_LPF/ACTIVE_LOW_AUX.ACT_LO_AUX/syncstages_ff_reg[0]/D
                            (rising edge-triggered cell FDRE clocked by clk_fpga_0  {rise@0.000ns fall@5.000ns period=10.000ns})
  Path Group:             (none)
  Path Type:              Hold (Min at Fast Process Corner)
  Data Path Delay:        0.466ns  (logic 0.186ns (39.954%)  route 0.280ns (60.046%))
  Logic Levels:           1  (LUT1=1)
  Clock Path Skew:        0.298ns (DCD - SCD - CPR)
    Destination Clock Delay (DCD):    1.188ns
    Source Clock Delay      (SCD):    0.890ns
    Clock Pessimism Removal (CPR):    -0.000ns
  Clock Uncertainty:      0.154ns  ((TSJ^2 + TIJ^2)^1/2 + DJ) / 2 + PE
    Total System Jitter     (TSJ):    0.071ns
    Total Input Jitter      (TIJ):    0.300ns
    Discrete Jitter          (DJ):    0.000ns
    Phase Error              (PE):    0.000ns
  Timing Exception:       False Path

    Location             Delay type                Incr(ns)  Path(ns)    Netlist Resource(s)
  -------------------------------------------------------------------    -------------------
                         (clock clk_fpga_0 rise edge)
                                                      0.000     0.000 r  
    PS7_X0Y0             PS7                          0.000     0.000 r  gru_bin_version_i/processing_system7_0/inst/PS7_i/FCLKCLK[0]
                         net (fo=1, routed)           0.310     0.310    gru_bin_version_i/processing_system7_0/inst/FCLK_CLK_unbuffered[0]
    BUFGCTRL_X0Y16       BUFG (Prop_bufg_I_O)         0.026     0.336 r  gru_bin_version_i/processing_system7_0/inst/buffer_fclk_clk_0.FCLK_CLK_0_BUFG/O
                         net (fo=14567, routed)       0.554     0.890    gru_bin_version_i/rst_ps7_0_100M/U0/slowest_sync_clk
    SLICE_X45Y88         FDRE                                         r  gru_bin_version_i/rst_ps7_0_100M/U0/ACTIVE_LOW_PR_OUT_DFF[0].FDRE_PER_N/C
  -------------------------------------------------------------------    -------------------
    SLICE_X45Y88         FDRE (Prop_fdre_C_Q)         0.141     1.031 f  gru_bin_version_i/rst_ps7_0_100M/U0/ACTIVE_LOW_PR_OUT_DFF[0].FDRE_PER_N/Q
                         net (fo=23, routed)          0.280     1.310    gru_bin_version_i/axi_smc/inst/clk_map/psr_aclk/U0/EXT_LPF/aresetn
    SLICE_X47Y88         LUT1 (Prop_lut1_I0_O)        0.045     1.355 r  gru_bin_version_i/axi_smc/inst/clk_map/psr_aclk/U0/EXT_LPF/ACTIVE_LOW_AUX.ACT_LO_AUX_i_1/O
                         net (fo=1, routed)           0.000     1.355    gru_bin_version_i/axi_smc/inst/clk_map/psr_aclk/U0/EXT_LPF/ACTIVE_LOW_AUX.ACT_LO_AUX/src_in
    SLICE_X47Y88         FDRE                                         r  gru_bin_version_i/axi_smc/inst/clk_map/psr_aclk/U0/EXT_LPF/ACTIVE_LOW_AUX.ACT_LO_AUX/syncstages_ff_reg[0]/D
  -------------------------------------------------------------------    -------------------

                         (clock clk_fpga_0 rise edge)
                                                      0.000     0.000 r  
    PS7_X0Y0             PS7                          0.000     0.000 r  gru_bin_version_i/processing_system7_0/inst/PS7_i/FCLKCLK[0]
                         net (fo=1, routed)           0.337     0.337    gru_bin_version_i/processing_system7_0/inst/FCLK_CLK_unbuffered[0]
    BUFGCTRL_X0Y16       BUFG (Prop_bufg_I_O)         0.029     0.366 r  gru_bin_version_i/processing_system7_0/inst/buffer_fclk_clk_0.FCLK_CLK_0_BUFG/O
                         net (fo=14567, routed)       0.822     1.188    gru_bin_version_i/axi_smc/inst/clk_map/psr_aclk/U0/EXT_LPF/ACTIVE_LOW_AUX.ACT_LO_AUX/dest_clk
    SLICE_X47Y88         FDRE                                         r  gru_bin_version_i/axi_smc/inst/clk_map/psr_aclk/U0/EXT_LPF/ACTIVE_LOW_AUX.ACT_LO_AUX/syncstages_ff_reg[0]/C

Slack:                    inf
  Source:                 gru_bin_version_i/rst_ps7_0_100M/U0/ACTIVE_LOW_PR_OUT_DFF[0].FDRE_PER_N/C
                            (rising edge-triggered cell FDRE clocked by clk_fpga_0  {rise@0.000ns fall@5.000ns period=10.000ns})
  Destination:            gru_bin_version_i/axi_dma_0/U0/I_RST_MODULE/REG_HRD_RST_OUT/syncstages_ff_reg[0]/D
                            (rising edge-triggered cell FDRE clocked by clk_fpga_0  {rise@0.000ns fall@5.000ns period=10.000ns})
  Path Group:             (none)
  Path Type:              Hold (Min at Fast Process Corner)
  Data Path Delay:        0.561ns  (logic 0.141ns (25.139%)  route 0.420ns (74.861%))
  Logic Levels:           0  
  Clock Path Skew:        0.295ns (DCD - SCD - CPR)
    Destination Clock Delay (DCD):    1.185ns
    Source Clock Delay      (SCD):    0.890ns
    Clock Pessimism Removal (CPR):    -0.000ns
  Clock Uncertainty:      0.154ns  ((TSJ^2 + TIJ^2)^1/2 + DJ) / 2 + PE
    Total System Jitter     (TSJ):    0.071ns
    Total Input Jitter      (TIJ):    0.300ns
    Discrete Jitter          (DJ):    0.000ns
    Phase Error              (PE):    0.000ns
  Timing Exception:       False Path

    Location             Delay type                Incr(ns)  Path(ns)    Netlist Resource(s)
  -------------------------------------------------------------------    -------------------
                         (clock clk_fpga_0 rise edge)
                                                      0.000     0.000 r  
    PS7_X0Y0             PS7                          0.000     0.000 r  gru_bin_version_i/processing_system7_0/inst/PS7_i/FCLKCLK[0]
                         net (fo=1, routed)           0.310     0.310    gru_bin_version_i/processing_system7_0/inst/FCLK_CLK_unbuffered[0]
    BUFGCTRL_X0Y16       BUFG (Prop_bufg_I_O)         0.026     0.336 r  gru_bin_version_i/processing_system7_0/inst/buffer_fclk_clk_0.FCLK_CLK_0_BUFG/O
                         net (fo=14567, routed)       0.554     0.890    gru_bin_version_i/rst_ps7_0_100M/U0/slowest_sync_clk
    SLICE_X45Y88         FDRE                                         r  gru_bin_version_i/rst_ps7_0_100M/U0/ACTIVE_LOW_PR_OUT_DFF[0].FDRE_PER_N/C
  -------------------------------------------------------------------    -------------------
    SLICE_X45Y88         FDRE (Prop_fdre_C_Q)         0.141     1.031 r  gru_bin_version_i/rst_ps7_0_100M/U0/ACTIVE_LOW_PR_OUT_DFF[0].FDRE_PER_N/Q
                         net (fo=23, routed)          0.420     1.450    gru_bin_version_i/axi_dma_0/U0/I_RST_MODULE/REG_HRD_RST_OUT/src_rst
    SLICE_X39Y86         FDRE                                         r  gru_bin_version_i/axi_dma_0/U0/I_RST_MODULE/REG_HRD_RST_OUT/syncstages_ff_reg[0]/D
  -------------------------------------------------------------------    -------------------

                         (clock clk_fpga_0 rise edge)
                                                      0.000     0.000 r  
    PS7_X0Y0             PS7                          0.000     0.000 r  gru_bin_version_i/processing_system7_0/inst/PS7_i/FCLKCLK[0]
                         net (fo=1, routed)           0.337     0.337    gru_bin_version_i/processing_system7_0/inst/FCLK_CLK_unbuffered[0]
    BUFGCTRL_X0Y16       BUFG (Prop_bufg_I_O)         0.029     0.366 r  gru_bin_version_i/processing_system7_0/inst/buffer_fclk_clk_0.FCLK_CLK_0_BUFG/O
                         net (fo=14567, routed)       0.819     1.185    gru_bin_version_i/axi_dma_0/U0/I_RST_MODULE/REG_HRD_RST_OUT/dest_clk
    SLICE_X39Y86         FDRE                                         r  gru_bin_version_i/axi_dma_0/U0/I_RST_MODULE/REG_HRD_RST_OUT/syncstages_ff_reg[0]/C

Slack:                    inf
  Source:                 gru_bin_version_i/axi_smc/inst/clk_map/psr_aclk/U0/ACTIVE_LOW_BSR_OUT_DFF[0].FDRE_BSR_N/C
                            (rising edge-triggered cell FDRE clocked by clk_fpga_0  {rise@0.000ns fall@5.000ns period=10.000ns})
  Destination:            gru_bin_version_i/axi_smc/inst/switchboards/i_nodes/i_ar_node/inst/s_sc_xpm_cdc_async_rst_inst/arststages_ff_reg[0]/CLR
                            (removal check against rising-edge clock clk_fpga_0  {rise@0.000ns fall@5.000ns period=10.000ns})
  Path Group:             (none)
  Path Type:              Removal (Min at Fast Process Corner)
  Data Path Delay:        0.632ns  (logic 0.186ns (29.412%)  route 0.446ns (70.588%))
  Logic Levels:           1  (LUT1=1)
  Clock Path Skew:        0.215ns (DCD - SCD - CPR)
    Destination Clock Delay (DCD):    1.190ns
    Source Clock Delay      (SCD):    0.975ns
    Clock Pessimism Removal (CPR):    -0.000ns
  Clock Uncertainty:      0.154ns  ((TSJ^2 + TIJ^2)^1/2 + DJ) / 2 + PE
    Total System Jitter     (TSJ):    0.071ns
    Total Input Jitter      (TIJ):    0.300ns
    Discrete Jitter          (DJ):    0.000ns
    Phase Error              (PE):    0.000ns
  Timing Exception:       False Path

    Location             Delay type                Incr(ns)  Path(ns)    Netlist Resource(s)
  -------------------------------------------------------------------    -------------------
                         (clock clk_fpga_0 rise edge)
                                                      0.000     0.000 r  
    PS7_X0Y0             PS7                          0.000     0.000 r  gru_bin_version_i/processing_system7_0/inst/PS7_i/FCLKCLK[0]
                         net (fo=1, routed)           0.310     0.310    gru_bin_version_i/processing_system7_0/inst/FCLK_CLK_unbuffered[0]
    BUFGCTRL_X0Y16       BUFG (Prop_bufg_I_O)         0.026     0.336 r  gru_bin_version_i/processing_system7_0/inst/buffer_fclk_clk_0.FCLK_CLK_0_BUFG/O
                         net (fo=14567, routed)       0.639     0.975    gru_bin_version_i/axi_smc/inst/clk_map/psr_aclk/U0/aclk
    SLICE_X41Y101        FDRE                                         r  gru_bin_version_i/axi_smc/inst/clk_map/psr_aclk/U0/ACTIVE_LOW_BSR_OUT_DFF[0].FDRE_BSR_N/C
  -------------------------------------------------------------------    -------------------
    SLICE_X41Y101        FDRE (Prop_fdre_C_Q)         0.141     1.116 r  gru_bin_version_i/axi_smc/inst/clk_map/psr_aclk/U0/ACTIVE_LOW_BSR_OUT_DFF[0].FDRE_BSR_N/Q
                         net (fo=25, routed)          0.227     1.343    gru_bin_version_i/axi_smc/inst/switchboards/i_nodes/i_ar_node/inst/s_sc_xpm_cdc_async_rst_inst/src_arst
    SLICE_X38Y99         LUT1 (Prop_lut1_I0_O)        0.045     1.388 f  gru_bin_version_i/axi_smc/inst/switchboards/i_nodes/i_ar_node/inst/s_sc_xpm_cdc_async_rst_inst/arststages_ff[2]_i_1/O
                         net (fo=3, routed)           0.219     1.607    gru_bin_version_i/axi_smc/inst/switchboards/i_nodes/i_ar_node/inst/s_sc_xpm_cdc_async_rst_inst/reset_pol
    SLICE_X37Y96         FDCE                                         f  gru_bin_version_i/axi_smc/inst/switchboards/i_nodes/i_ar_node/inst/s_sc_xpm_cdc_async_rst_inst/arststages_ff_reg[0]/CLR
  -------------------------------------------------------------------    -------------------

                         (clock clk_fpga_0 rise edge)
                                                      0.000     0.000 r  
    PS7_X0Y0             PS7                          0.000     0.000 r  gru_bin_version_i/processing_system7_0/inst/PS7_i/FCLKCLK[0]
                         net (fo=1, routed)           0.337     0.337    gru_bin_version_i/processing_system7_0/inst/FCLK_CLK_unbuffered[0]
    BUFGCTRL_X0Y16       BUFG (Prop_bufg_I_O)         0.029     0.366 r  gru_bin_version_i/processing_system7_0/inst/buffer_fclk_clk_0.FCLK_CLK_0_BUFG/O
                         net (fo=14567, routed)       0.824     1.190    gru_bin_version_i/axi_smc/inst/switchboards/i_nodes/i_ar_node/inst/s_sc_xpm_cdc_async_rst_inst/dest_clk
    SLICE_X37Y96         FDCE                                         r  gru_bin_version_i/axi_smc/inst/switchboards/i_nodes/i_ar_node/inst/s_sc_xpm_cdc_async_rst_inst/arststages_ff_reg[0]/C

Slack:                    inf
  Source:                 gru_bin_version_i/axi_smc/inst/clk_map/psr_aclk/U0/ACTIVE_LOW_BSR_OUT_DFF[0].FDRE_BSR_N/C
                            (rising edge-triggered cell FDRE clocked by clk_fpga_0  {rise@0.000ns fall@5.000ns period=10.000ns})
  Destination:            gru_bin_version_i/axi_smc/inst/switchboards/i_nodes/i_ar_node/inst/s_sc_xpm_cdc_async_rst_inst/arststages_ff_reg[1]/CLR
                            (removal check against rising-edge clock clk_fpga_0  {rise@0.000ns fall@5.000ns period=10.000ns})
  Path Group:             (none)
  Path Type:              Removal (Min at Fast Process Corner)
  Data Path Delay:        0.632ns  (logic 0.186ns (29.412%)  route 0.446ns (70.588%))
  Logic Levels:           1  (LUT1=1)
  Clock Path Skew:        0.215ns (DCD - SCD - CPR)
    Destination Clock Delay (DCD):    1.190ns
    Source Clock Delay      (SCD):    0.975ns
    Clock Pessimism Removal (CPR):    -0.000ns
  Clock Uncertainty:      0.154ns  ((TSJ^2 + TIJ^2)^1/2 + DJ) / 2 + PE
    Total System Jitter     (TSJ):    0.071ns
    Total Input Jitter      (TIJ):    0.300ns
    Discrete Jitter          (DJ):    0.000ns
    Phase Error              (PE):    0.000ns
  Timing Exception:       False Path

    Location             Delay type                Incr(ns)  Path(ns)    Netlist Resource(s)
  -------------------------------------------------------------------    -------------------
                         (clock clk_fpga_0 rise edge)
                                                      0.000     0.000 r  
    PS7_X0Y0             PS7                          0.000     0.000 r  gru_bin_version_i/processing_system7_0/inst/PS7_i/FCLKCLK[0]
                         net (fo=1, routed)           0.310     0.310    gru_bin_version_i/processing_system7_0/inst/FCLK_CLK_unbuffered[0]
    BUFGCTRL_X0Y16       BUFG (Prop_bufg_I_O)         0.026     0.336 r  gru_bin_version_i/processing_system7_0/inst/buffer_fclk_clk_0.FCLK_CLK_0_BUFG/O
                         net (fo=14567, routed)       0.639     0.975    gru_bin_version_i/axi_smc/inst/clk_map/psr_aclk/U0/aclk
    SLICE_X41Y101        FDRE                                         r  gru_bin_version_i/axi_smc/inst/clk_map/psr_aclk/U0/ACTIVE_LOW_BSR_OUT_DFF[0].FDRE_BSR_N/C
  -------------------------------------------------------------------    -------------------
    SLICE_X41Y101        FDRE (Prop_fdre_C_Q)         0.141     1.116 r  gru_bin_version_i/axi_smc/inst/clk_map/psr_aclk/U0/ACTIVE_LOW_BSR_OUT_DFF[0].FDRE_BSR_N/Q
                         net (fo=25, routed)          0.227     1.343    gru_bin_version_i/axi_smc/inst/switchboards/i_nodes/i_ar_node/inst/s_sc_xpm_cdc_async_rst_inst/src_arst
    SLICE_X38Y99         LUT1 (Prop_lut1_I0_O)        0.045     1.388 f  gru_bin_version_i/axi_smc/inst/switchboards/i_nodes/i_ar_node/inst/s_sc_xpm_cdc_async_rst_inst/arststages_ff[2]_i_1/O
                         net (fo=3, routed)           0.219     1.607    gru_bin_version_i/axi_smc/inst/switchboards/i_nodes/i_ar_node/inst/s_sc_xpm_cdc_async_rst_inst/reset_pol
    SLICE_X37Y96         FDCE                                         f  gru_bin_version_i/axi_smc/inst/switchboards/i_nodes/i_ar_node/inst/s_sc_xpm_cdc_async_rst_inst/arststages_ff_reg[1]/CLR
  -------------------------------------------------------------------    -------------------

                         (clock clk_fpga_0 rise edge)
                                                      0.000     0.000 r  
    PS7_X0Y0             PS7                          0.000     0.000 r  gru_bin_version_i/processing_system7_0/inst/PS7_i/FCLKCLK[0]
                         net (fo=1, routed)           0.337     0.337    gru_bin_version_i/processing_system7_0/inst/FCLK_CLK_unbuffered[0]
    BUFGCTRL_X0Y16       BUFG (Prop_bufg_I_O)         0.029     0.366 r  gru_bin_version_i/processing_system7_0/inst/buffer_fclk_clk_0.FCLK_CLK_0_BUFG/O
                         net (fo=14567, routed)       0.824     1.190    gru_bin_version_i/axi_smc/inst/switchboards/i_nodes/i_ar_node/inst/s_sc_xpm_cdc_async_rst_inst/dest_clk
    SLICE_X37Y96         FDCE                                         r  gru_bin_version_i/axi_smc/inst/switchboards/i_nodes/i_ar_node/inst/s_sc_xpm_cdc_async_rst_inst/arststages_ff_reg[1]/C

Slack:                    inf
  Source:                 gru_bin_version_i/axi_smc/inst/clk_map/psr_aclk/U0/ACTIVE_LOW_BSR_OUT_DFF[0].FDRE_BSR_N/C
                            (rising edge-triggered cell FDRE clocked by clk_fpga_0  {rise@0.000ns fall@5.000ns period=10.000ns})
  Destination:            gru_bin_version_i/axi_smc/inst/switchboards/i_nodes/i_ar_node/inst/s_sc_xpm_cdc_async_rst_inst/arststages_ff_reg[2]/CLR
                            (removal check against rising-edge clock clk_fpga_0  {rise@0.000ns fall@5.000ns period=10.000ns})
  Path Group:             (none)
  Path Type:              Removal (Min at Fast Process Corner)
  Data Path Delay:        0.632ns  (logic 0.186ns (29.412%)  route 0.446ns (70.588%))
  Logic Levels:           1  (LUT1=1)
  Clock Path Skew:        0.215ns (DCD - SCD - CPR)
    Destination Clock Delay (DCD):    1.190ns
    Source Clock Delay      (SCD):    0.975ns
    Clock Pessimism Removal (CPR):    -0.000ns
  Clock Uncertainty:      0.154ns  ((TSJ^2 + TIJ^2)^1/2 + DJ) / 2 + PE
    Total System Jitter     (TSJ):    0.071ns
    Total Input Jitter      (TIJ):    0.300ns
    Discrete Jitter          (DJ):    0.000ns
    Phase Error              (PE):    0.000ns
  Timing Exception:       False Path

    Location             Delay type                Incr(ns)  Path(ns)    Netlist Resource(s)
  -------------------------------------------------------------------    -------------------
                         (clock clk_fpga_0 rise edge)
                                                      0.000     0.000 r  
    PS7_X0Y0             PS7                          0.000     0.000 r  gru_bin_version_i/processing_system7_0/inst/PS7_i/FCLKCLK[0]
                         net (fo=1, routed)           0.310     0.310    gru_bin_version_i/processing_system7_0/inst/FCLK_CLK_unbuffered[0]
    BUFGCTRL_X0Y16       BUFG (Prop_bufg_I_O)         0.026     0.336 r  gru_bin_version_i/processing_system7_0/inst/buffer_fclk_clk_0.FCLK_CLK_0_BUFG/O
                         net (fo=14567, routed)       0.639     0.975    gru_bin_version_i/axi_smc/inst/clk_map/psr_aclk/U0/aclk
    SLICE_X41Y101        FDRE                                         r  gru_bin_version_i/axi_smc/inst/clk_map/psr_aclk/U0/ACTIVE_LOW_BSR_OUT_DFF[0].FDRE_BSR_N/C
  -------------------------------------------------------------------    -------------------
    SLICE_X41Y101        FDRE (Prop_fdre_C_Q)         0.141     1.116 r  gru_bin_version_i/axi_smc/inst/clk_map/psr_aclk/U0/ACTIVE_LOW_BSR_OUT_DFF[0].FDRE_BSR_N/Q
                         net (fo=25, routed)          0.227     1.343    gru_bin_version_i/axi_smc/inst/switchboards/i_nodes/i_ar_node/inst/s_sc_xpm_cdc_async_rst_inst/src_arst
    SLICE_X38Y99         LUT1 (Prop_lut1_I0_O)        0.045     1.388 f  gru_bin_version_i/axi_smc/inst/switchboards/i_nodes/i_ar_node/inst/s_sc_xpm_cdc_async_rst_inst/arststages_ff[2]_i_1/O
                         net (fo=3, routed)           0.219     1.607    gru_bin_version_i/axi_smc/inst/switchboards/i_nodes/i_ar_node/inst/s_sc_xpm_cdc_async_rst_inst/reset_pol
    SLICE_X37Y96         FDCE                                         f  gru_bin_version_i/axi_smc/inst/switchboards/i_nodes/i_ar_node/inst/s_sc_xpm_cdc_async_rst_inst/arststages_ff_reg[2]/CLR
  -------------------------------------------------------------------    -------------------

                         (clock clk_fpga_0 rise edge)
                                                      0.000     0.000 r  
    PS7_X0Y0             PS7                          0.000     0.000 r  gru_bin_version_i/processing_system7_0/inst/PS7_i/FCLKCLK[0]
                         net (fo=1, routed)           0.337     0.337    gru_bin_version_i/processing_system7_0/inst/FCLK_CLK_unbuffered[0]
    BUFGCTRL_X0Y16       BUFG (Prop_bufg_I_O)         0.029     0.366 r  gru_bin_version_i/processing_system7_0/inst/buffer_fclk_clk_0.FCLK_CLK_0_BUFG/O
                         net (fo=14567, routed)       0.824     1.190    gru_bin_version_i/axi_smc/inst/switchboards/i_nodes/i_ar_node/inst/s_sc_xpm_cdc_async_rst_inst/dest_clk
    SLICE_X37Y96         FDCE                                         r  gru_bin_version_i/axi_smc/inst/switchboards/i_nodes/i_ar_node/inst/s_sc_xpm_cdc_async_rst_inst/arststages_ff_reg[2]/C

Slack:                    inf
  Source:                 gru_bin_version_i/axi_smc/inst/clk_map/psr_aclk/U0/ACTIVE_LOW_BSR_OUT_DFF[0].FDRE_BSR_N/C
                            (rising edge-triggered cell FDRE clocked by clk_fpga_0  {rise@0.000ns fall@5.000ns period=10.000ns})
  Destination:            gru_bin_version_i/axi_smc/inst/switchboards/i_nodes/i_aw_node/inst/s_sc_xpm_cdc_async_rst_inst/arststages_ff_reg[0]/CLR
                            (removal check against rising-edge clock clk_fpga_0  {rise@0.000ns fall@5.000ns period=10.000ns})
  Path Group:             (none)
  Path Type:              Removal (Min at Fast Process Corner)
  Data Path Delay:        0.674ns  (logic 0.190ns (28.189%)  route 0.484ns (71.811%))
  Logic Levels:           1  (LUT1=1)
  Clock Path Skew:        0.216ns (DCD - SCD - CPR)
    Destination Clock Delay (DCD):    1.191ns
    Source Clock Delay      (SCD):    0.975ns
    Clock Pessimism Removal (CPR):    -0.000ns
  Clock Uncertainty:      0.154ns  ((TSJ^2 + TIJ^2)^1/2 + DJ) / 2 + PE
    Total System Jitter     (TSJ):    0.071ns
    Total Input Jitter      (TIJ):    0.300ns
    Discrete Jitter          (DJ):    0.000ns
    Phase Error              (PE):    0.000ns
  Timing Exception:       False Path

    Location             Delay type                Incr(ns)  Path(ns)    Netlist Resource(s)
  -------------------------------------------------------------------    -------------------
                         (clock clk_fpga_0 rise edge)
                                                      0.000     0.000 r  
    PS7_X0Y0             PS7                          0.000     0.000 r  gru_bin_version_i/processing_system7_0/inst/PS7_i/FCLKCLK[0]
                         net (fo=1, routed)           0.310     0.310    gru_bin_version_i/processing_system7_0/inst/FCLK_CLK_unbuffered[0]
    BUFGCTRL_X0Y16       BUFG (Prop_bufg_I_O)         0.026     0.336 r  gru_bin_version_i/processing_system7_0/inst/buffer_fclk_clk_0.FCLK_CLK_0_BUFG/O
                         net (fo=14567, routed)       0.639     0.975    gru_bin_version_i/axi_smc/inst/clk_map/psr_aclk/U0/aclk
    SLICE_X41Y101        FDRE                                         r  gru_bin_version_i/axi_smc/inst/clk_map/psr_aclk/U0/ACTIVE_LOW_BSR_OUT_DFF[0].FDRE_BSR_N/C
  -------------------------------------------------------------------    -------------------
    SLICE_X41Y101        FDRE (Prop_fdre_C_Q)         0.141     1.116 r  gru_bin_version_i/axi_smc/inst/clk_map/psr_aclk/U0/ACTIVE_LOW_BSR_OUT_DFF[0].FDRE_BSR_N/Q
                         net (fo=25, routed)          0.227     1.343    gru_bin_version_i/axi_smc/inst/switchboards/i_nodes/i_aw_node/inst/s_sc_xpm_cdc_async_rst_inst/src_arst
    SLICE_X38Y99         LUT1 (Prop_lut1_I0_O)        0.049     1.392 f  gru_bin_version_i/axi_smc/inst/switchboards/i_nodes/i_aw_node/inst/s_sc_xpm_cdc_async_rst_inst/arststages_ff[2]_i_1/O
                         net (fo=3, routed)           0.257     1.649    gru_bin_version_i/axi_smc/inst/switchboards/i_nodes/i_aw_node/inst/s_sc_xpm_cdc_async_rst_inst/reset_pol
    SLICE_X38Y99         FDCE                                         f  gru_bin_version_i/axi_smc/inst/switchboards/i_nodes/i_aw_node/inst/s_sc_xpm_cdc_async_rst_inst/arststages_ff_reg[0]/CLR
  -------------------------------------------------------------------    -------------------

                         (clock clk_fpga_0 rise edge)
                                                      0.000     0.000 r  
    PS7_X0Y0             PS7                          0.000     0.000 r  gru_bin_version_i/processing_system7_0/inst/PS7_i/FCLKCLK[0]
                         net (fo=1, routed)           0.337     0.337    gru_bin_version_i/processing_system7_0/inst/FCLK_CLK_unbuffered[0]
    BUFGCTRL_X0Y16       BUFG (Prop_bufg_I_O)         0.029     0.366 r  gru_bin_version_i/processing_system7_0/inst/buffer_fclk_clk_0.FCLK_CLK_0_BUFG/O
                         net (fo=14567, routed)       0.825     1.191    gru_bin_version_i/axi_smc/inst/switchboards/i_nodes/i_aw_node/inst/s_sc_xpm_cdc_async_rst_inst/dest_clk
    SLICE_X38Y99         FDCE                                         r  gru_bin_version_i/axi_smc/inst/switchboards/i_nodes/i_aw_node/inst/s_sc_xpm_cdc_async_rst_inst/arststages_ff_reg[0]/C

Slack:                    inf
  Source:                 gru_bin_version_i/axi_smc/inst/clk_map/psr_aclk/U0/ACTIVE_LOW_BSR_OUT_DFF[0].FDRE_BSR_N/C
                            (rising edge-triggered cell FDRE clocked by clk_fpga_0  {rise@0.000ns fall@5.000ns period=10.000ns})
  Destination:            gru_bin_version_i/axi_smc/inst/switchboards/i_nodes/i_aw_node/inst/s_sc_xpm_cdc_async_rst_inst/arststages_ff_reg[1]/CLR
                            (removal check against rising-edge clock clk_fpga_0  {rise@0.000ns fall@5.000ns period=10.000ns})
  Path Group:             (none)
  Path Type:              Removal (Min at Fast Process Corner)
  Data Path Delay:        0.674ns  (logic 0.190ns (28.189%)  route 0.484ns (71.811%))
  Logic Levels:           1  (LUT1=1)
  Clock Path Skew:        0.216ns (DCD - SCD - CPR)
    Destination Clock Delay (DCD):    1.191ns
    Source Clock Delay      (SCD):    0.975ns
    Clock Pessimism Removal (CPR):    -0.000ns
  Clock Uncertainty:      0.154ns  ((TSJ^2 + TIJ^2)^1/2 + DJ) / 2 + PE
    Total System Jitter     (TSJ):    0.071ns
    Total Input Jitter      (TIJ):    0.300ns
    Discrete Jitter          (DJ):    0.000ns
    Phase Error              (PE):    0.000ns
  Timing Exception:       False Path

    Location             Delay type                Incr(ns)  Path(ns)    Netlist Resource(s)
  -------------------------------------------------------------------    -------------------
                         (clock clk_fpga_0 rise edge)
                                                      0.000     0.000 r  
    PS7_X0Y0             PS7                          0.000     0.000 r  gru_bin_version_i/processing_system7_0/inst/PS7_i/FCLKCLK[0]
                         net (fo=1, routed)           0.310     0.310    gru_bin_version_i/processing_system7_0/inst/FCLK_CLK_unbuffered[0]
    BUFGCTRL_X0Y16       BUFG (Prop_bufg_I_O)         0.026     0.336 r  gru_bin_version_i/processing_system7_0/inst/buffer_fclk_clk_0.FCLK_CLK_0_BUFG/O
                         net (fo=14567, routed)       0.639     0.975    gru_bin_version_i/axi_smc/inst/clk_map/psr_aclk/U0/aclk
    SLICE_X41Y101        FDRE                                         r  gru_bin_version_i/axi_smc/inst/clk_map/psr_aclk/U0/ACTIVE_LOW_BSR_OUT_DFF[0].FDRE_BSR_N/C
  -------------------------------------------------------------------    -------------------
    SLICE_X41Y101        FDRE (Prop_fdre_C_Q)         0.141     1.116 r  gru_bin_version_i/axi_smc/inst/clk_map/psr_aclk/U0/ACTIVE_LOW_BSR_OUT_DFF[0].FDRE_BSR_N/Q
                         net (fo=25, routed)          0.227     1.343    gru_bin_version_i/axi_smc/inst/switchboards/i_nodes/i_aw_node/inst/s_sc_xpm_cdc_async_rst_inst/src_arst
    SLICE_X38Y99         LUT1 (Prop_lut1_I0_O)        0.049     1.392 f  gru_bin_version_i/axi_smc/inst/switchboards/i_nodes/i_aw_node/inst/s_sc_xpm_cdc_async_rst_inst/arststages_ff[2]_i_1/O
                         net (fo=3, routed)           0.257     1.649    gru_bin_version_i/axi_smc/inst/switchboards/i_nodes/i_aw_node/inst/s_sc_xpm_cdc_async_rst_inst/reset_pol
    SLICE_X38Y99         FDCE                                         f  gru_bin_version_i/axi_smc/inst/switchboards/i_nodes/i_aw_node/inst/s_sc_xpm_cdc_async_rst_inst/arststages_ff_reg[1]/CLR
  -------------------------------------------------------------------    -------------------

                         (clock clk_fpga_0 rise edge)
                                                      0.000     0.000 r  
    PS7_X0Y0             PS7                          0.000     0.000 r  gru_bin_version_i/processing_system7_0/inst/PS7_i/FCLKCLK[0]
                         net (fo=1, routed)           0.337     0.337    gru_bin_version_i/processing_system7_0/inst/FCLK_CLK_unbuffered[0]
    BUFGCTRL_X0Y16       BUFG (Prop_bufg_I_O)         0.029     0.366 r  gru_bin_version_i/processing_system7_0/inst/buffer_fclk_clk_0.FCLK_CLK_0_BUFG/O
                         net (fo=14567, routed)       0.825     1.191    gru_bin_version_i/axi_smc/inst/switchboards/i_nodes/i_aw_node/inst/s_sc_xpm_cdc_async_rst_inst/dest_clk
    SLICE_X38Y99         FDCE                                         r  gru_bin_version_i/axi_smc/inst/switchboards/i_nodes/i_aw_node/inst/s_sc_xpm_cdc_async_rst_inst/arststages_ff_reg[1]/C

Slack:                    inf
  Source:                 gru_bin_version_i/axi_smc/inst/clk_map/psr_aclk/U0/ACTIVE_LOW_BSR_OUT_DFF[0].FDRE_BSR_N/C
                            (rising edge-triggered cell FDRE clocked by clk_fpga_0  {rise@0.000ns fall@5.000ns period=10.000ns})
  Destination:            gru_bin_version_i/axi_smc/inst/switchboards/i_nodes/i_aw_node/inst/s_sc_xpm_cdc_async_rst_inst/arststages_ff_reg[2]/CLR
                            (removal check against rising-edge clock clk_fpga_0  {rise@0.000ns fall@5.000ns period=10.000ns})
  Path Group:             (none)
  Path Type:              Removal (Min at Fast Process Corner)
  Data Path Delay:        0.674ns  (logic 0.190ns (28.189%)  route 0.484ns (71.811%))
  Logic Levels:           1  (LUT1=1)
  Clock Path Skew:        0.216ns (DCD - SCD - CPR)
    Destination Clock Delay (DCD):    1.191ns
    Source Clock Delay      (SCD):    0.975ns
    Clock Pessimism Removal (CPR):    -0.000ns
  Clock Uncertainty:      0.154ns  ((TSJ^2 + TIJ^2)^1/2 + DJ) / 2 + PE
    Total System Jitter     (TSJ):    0.071ns
    Total Input Jitter      (TIJ):    0.300ns
    Discrete Jitter          (DJ):    0.000ns
    Phase Error              (PE):    0.000ns
  Timing Exception:       False Path

    Location             Delay type                Incr(ns)  Path(ns)    Netlist Resource(s)
  -------------------------------------------------------------------    -------------------
                         (clock clk_fpga_0 rise edge)
                                                      0.000     0.000 r  
    PS7_X0Y0             PS7                          0.000     0.000 r  gru_bin_version_i/processing_system7_0/inst/PS7_i/FCLKCLK[0]
                         net (fo=1, routed)           0.310     0.310    gru_bin_version_i/processing_system7_0/inst/FCLK_CLK_unbuffered[0]
    BUFGCTRL_X0Y16       BUFG (Prop_bufg_I_O)         0.026     0.336 r  gru_bin_version_i/processing_system7_0/inst/buffer_fclk_clk_0.FCLK_CLK_0_BUFG/O
                         net (fo=14567, routed)       0.639     0.975    gru_bin_version_i/axi_smc/inst/clk_map/psr_aclk/U0/aclk
    SLICE_X41Y101        FDRE                                         r  gru_bin_version_i/axi_smc/inst/clk_map/psr_aclk/U0/ACTIVE_LOW_BSR_OUT_DFF[0].FDRE_BSR_N/C
  -------------------------------------------------------------------    -------------------
    SLICE_X41Y101        FDRE (Prop_fdre_C_Q)         0.141     1.116 r  gru_bin_version_i/axi_smc/inst/clk_map/psr_aclk/U0/ACTIVE_LOW_BSR_OUT_DFF[0].FDRE_BSR_N/Q
                         net (fo=25, routed)          0.227     1.343    gru_bin_version_i/axi_smc/inst/switchboards/i_nodes/i_aw_node/inst/s_sc_xpm_cdc_async_rst_inst/src_arst
    SLICE_X38Y99         LUT1 (Prop_lut1_I0_O)        0.049     1.392 f  gru_bin_version_i/axi_smc/inst/switchboards/i_nodes/i_aw_node/inst/s_sc_xpm_cdc_async_rst_inst/arststages_ff[2]_i_1/O
                         net (fo=3, routed)           0.257     1.649    gru_bin_version_i/axi_smc/inst/switchboards/i_nodes/i_aw_node/inst/s_sc_xpm_cdc_async_rst_inst/reset_pol
    SLICE_X38Y99         FDCE                                         f  gru_bin_version_i/axi_smc/inst/switchboards/i_nodes/i_aw_node/inst/s_sc_xpm_cdc_async_rst_inst/arststages_ff_reg[2]/CLR
  -------------------------------------------------------------------    -------------------

                         (clock clk_fpga_0 rise edge)
                                                      0.000     0.000 r  
    PS7_X0Y0             PS7                          0.000     0.000 r  gru_bin_version_i/processing_system7_0/inst/PS7_i/FCLKCLK[0]
                         net (fo=1, routed)           0.337     0.337    gru_bin_version_i/processing_system7_0/inst/FCLK_CLK_unbuffered[0]
    BUFGCTRL_X0Y16       BUFG (Prop_bufg_I_O)         0.029     0.366 r  gru_bin_version_i/processing_system7_0/inst/buffer_fclk_clk_0.FCLK_CLK_0_BUFG/O
                         net (fo=14567, routed)       0.825     1.191    gru_bin_version_i/axi_smc/inst/switchboards/i_nodes/i_aw_node/inst/s_sc_xpm_cdc_async_rst_inst/dest_clk
    SLICE_X38Y99         FDCE                                         r  gru_bin_version_i/axi_smc/inst/switchboards/i_nodes/i_aw_node/inst/s_sc_xpm_cdc_async_rst_inst/arststages_ff_reg[2]/C

Slack:                    inf
  Source:                 gru_bin_version_i/axi_smc/inst/clk_map/psr_aclk/U0/ACTIVE_LOW_BSR_OUT_DFF[0].FDRE_BSR_N/C
                            (rising edge-triggered cell FDRE clocked by clk_fpga_0  {rise@0.000ns fall@5.000ns period=10.000ns})
  Destination:            gru_bin_version_i/axi_smc/inst/s00_nodes/s00_b_node/inst/s_sc_xpm_cdc_async_rst_inst/arststages_ff_reg[0]/CLR
                            (removal check against rising-edge clock clk_fpga_0  {rise@0.000ns fall@5.000ns period=10.000ns})
  Path Group:             (none)
  Path Type:              Removal (Min at Fast Process Corner)
  Data Path Delay:        0.710ns  (logic 0.185ns (26.050%)  route 0.525ns (73.950%))
  Logic Levels:           1  (LUT1=1)
  Clock Path Skew:        0.302ns (DCD - SCD - CPR)
    Destination Clock Delay (DCD):    1.277ns
    Source Clock Delay      (SCD):    0.975ns
    Clock Pessimism Removal (CPR):    -0.000ns
  Clock Uncertainty:      0.154ns  ((TSJ^2 + TIJ^2)^1/2 + DJ) / 2 + PE
    Total System Jitter     (TSJ):    0.071ns
    Total Input Jitter      (TIJ):    0.300ns
    Discrete Jitter          (DJ):    0.000ns
    Phase Error              (PE):    0.000ns
  Timing Exception:       False Path

    Location             Delay type                Incr(ns)  Path(ns)    Netlist Resource(s)
  -------------------------------------------------------------------    -------------------
                         (clock clk_fpga_0 rise edge)
                                                      0.000     0.000 r  
    PS7_X0Y0             PS7                          0.000     0.000 r  gru_bin_version_i/processing_system7_0/inst/PS7_i/FCLKCLK[0]
                         net (fo=1, routed)           0.310     0.310    gru_bin_version_i/processing_system7_0/inst/FCLK_CLK_unbuffered[0]
    BUFGCTRL_X0Y16       BUFG (Prop_bufg_I_O)         0.026     0.336 r  gru_bin_version_i/processing_system7_0/inst/buffer_fclk_clk_0.FCLK_CLK_0_BUFG/O
                         net (fo=14567, routed)       0.639     0.975    gru_bin_version_i/axi_smc/inst/clk_map/psr_aclk/U0/aclk
    SLICE_X41Y101        FDRE                                         r  gru_bin_version_i/axi_smc/inst/clk_map/psr_aclk/U0/ACTIVE_LOW_BSR_OUT_DFF[0].FDRE_BSR_N/C
  -------------------------------------------------------------------    -------------------
    SLICE_X41Y101        FDRE (Prop_fdre_C_Q)         0.141     1.116 r  gru_bin_version_i/axi_smc/inst/clk_map/psr_aclk/U0/ACTIVE_LOW_BSR_OUT_DFF[0].FDRE_BSR_N/Q
                         net (fo=25, routed)          0.304     1.420    gru_bin_version_i/axi_smc/inst/s00_nodes/s00_b_node/inst/s_sc_xpm_cdc_async_rst_inst/src_arst
    SLICE_X39Y101        LUT1 (Prop_lut1_I0_O)        0.044     1.464 f  gru_bin_version_i/axi_smc/inst/s00_nodes/s00_b_node/inst/s_sc_xpm_cdc_async_rst_inst/arststages_ff[2]_i_1/O
                         net (fo=3, routed)           0.221     1.685    gru_bin_version_i/axi_smc/inst/s00_nodes/s00_b_node/inst/s_sc_xpm_cdc_async_rst_inst/reset_pol
    SLICE_X37Y101        FDCE                                         f  gru_bin_version_i/axi_smc/inst/s00_nodes/s00_b_node/inst/s_sc_xpm_cdc_async_rst_inst/arststages_ff_reg[0]/CLR
  -------------------------------------------------------------------    -------------------

                         (clock clk_fpga_0 rise edge)
                                                      0.000     0.000 r  
    PS7_X0Y0             PS7                          0.000     0.000 r  gru_bin_version_i/processing_system7_0/inst/PS7_i/FCLKCLK[0]
                         net (fo=1, routed)           0.337     0.337    gru_bin_version_i/processing_system7_0/inst/FCLK_CLK_unbuffered[0]
    BUFGCTRL_X0Y16       BUFG (Prop_bufg_I_O)         0.029     0.366 r  gru_bin_version_i/processing_system7_0/inst/buffer_fclk_clk_0.FCLK_CLK_0_BUFG/O
                         net (fo=14567, routed)       0.911     1.277    gru_bin_version_i/axi_smc/inst/s00_nodes/s00_b_node/inst/s_sc_xpm_cdc_async_rst_inst/dest_clk
    SLICE_X37Y101        FDCE                                         r  gru_bin_version_i/axi_smc/inst/s00_nodes/s00_b_node/inst/s_sc_xpm_cdc_async_rst_inst/arststages_ff_reg[0]/C





