Copyright 1986-2022 Xilinx, Inc. All Rights Reserved. Copyright 2022-2025 Advanced Micro Devices, Inc. All Rights Reserved.
---------------------------------------------------------------------------------------------------------------------------------------------------------------------------------------------------------------------------------------------------------------------------------
| Tool Version : Vivado v.2025.2 (win64) Build 6299465 Fri Nov 14 19:35:11 GMT 2025
| Date         : Sun Aug  9 06:32:01 2026
| Host         : Lenny_Lenovo running 64-bit major release  (build 9200)
| Command      : report_timing_summary -max_paths 10 -routable_nets -report_unconstrained -file gru_bin_version_wrapper_timing_summary_routed.rpt -pb gru_bin_version_wrapper_timing_summary_routed.pb -rpx gru_bin_version_wrapper_timing_summary_routed.rpx -warn_on_violation
| Design       : gru_bin_version_wrapper
| Device       : 7z020-clg400
| Speed File   : -1  PRODUCTION 1.12 2019-11-22
| Design State : Routed
---------------------------------------------------------------------------------------------------------------------------------------------------------------------------------------------------------------------------------------------------------------------------------

Timing Summary Report

------------------------------------------------------------------------------------------------
| Timer Settings
| --------------
------------------------------------------------------------------------------------------------

  Enable Multi Corner Analysis               :  Yes
  Enable Pessimism Removal                   :  Yes
  Pessimism Removal Resolution               :  Nearest Common Node
  Enable Input Delay Default Clock           :  No
  Enable Preset / Clear Arcs                 :  No
  Disable Flight Delays                      :  No
  Ignore I/O Paths                           :  No
  Timing Early Launch at Borrowing Latches   :  No
  Borrow Time for Max Delay Exceptions       :  Yes
  Merge Timing Exceptions                    :  Yes
  Inter-SLR Compensation                     :  Conservative

  Corner  Analyze    Analyze    
  Name    Max Paths  Min Paths  
  ------  ---------  ---------  
  Slow    Yes        Yes        
  Fast    Yes        Yes        


------------------------------------------------------------------------------------------------
| Report Methodology
| ------------------
------------------------------------------------------------------------------------------------

Rule     Severity  Description                   Violations  
-------  --------  ----------------------------  ----------  
LUTAR-1  Warning   LUT drives async reset alert  4           

Note: This report is based on the most recent report_methodology run and may not be up-to-date. Run report_methodology on the current design for the latest report.



check_timing report

Table of Contents
-----------------
1. checking no_clock (0)
2. checking constant_clock (0)
3. checking pulse_width_clock (0)
4. checking unconstrained_internal_endpoints (0)
5. checking no_input_delay (0)
6. checking no_output_delay (0)
7. checking multiple_clock (0)
8. checking generated_clocks (0)
9. checking loops (0)
10. checking partial_input_delay (0)
11. checking partial_output_delay (0)
12. checking latch_loops (0)

1. checking no_clock (0)
------------------------
 There are 0 register/latch pins with no clock.


2. checking constant_clock (0)
------------------------------
 There are 0 register/latch pins with constant_clock.


3. checking pulse_width_clock (0)
---------------------------------
 There are 0 register/latch pins which need pulse_width check


4. checking unconstrained_internal_endpoints (0)
------------------------------------------------
 There are 0 pins that are not constrained for maximum delay.

 There are 0 pins that are not constrained for maximum delay due to constant clock.


5. checking no_input_delay (0)
------------------------------
 There are 0 input ports with no input delay specified.

 There are 0 input ports with no input delay but user has a false path constraint.


6. checking no_output_delay (0)
-------------------------------
 There are 0 ports with no output delay specified.

 There are 0 ports with no output delay but user has a false path constraint

 There are 0 ports with no output delay but with a timing clock defined on it or propagating through it


7. checking multiple_clock (0)
------------------------------
 There are 0 register/latch pins with multiple clocks.


8. checking generated_clocks (0)
--------------------------------
 There are 0 generated clocks that are not connected to a clock source.


9. checking loops (0)
---------------------
 There are 0 combinational loops in the design.


10. checking partial_input_delay (0)
------------------------------------
 There are 0 input ports with partial input delay specified.


11. checking partial_output_delay (0)
-------------------------------------
 There are 0 ports with partial output delay specified.


12. checking latch_loops (0)
----------------------------
 There are 0 combinational latch loops in the design through latch input



------------------------------------------------------------------------------------------------
| Design Timing Summary
| ---------------------
------------------------------------------------------------------------------------------------

    WNS(ns)      TNS(ns)  TNS Failing Endpoints  TNS Total Endpoints      WHS(ns)      THS(ns)  THS Failing Endpoints  THS Total Endpoints     WPWS(ns)     TPWS(ns)  TPWS Failing Endpoints  TPWS Total Endpoints  
    -------      -------  ---------------------  -------------------      -------      -------  ---------------------  -------------------     --------     --------  ----------------------  --------------------  
     -0.281       -5.282                     64                55704        0.050        0.000                      0                55704        3.750        0.000                       0                 26754  


Timing constraints are not met.


------------------------------------------------------------------------------------------------
| Clock Summary
| -------------
------------------------------------------------------------------------------------------------

Clock       Waveform(ns)       Period(ns)      Frequency(MHz)
-----       ------------       ----------      --------------
clk_fpga_0  {0.000 5.000}      10.000          100.000         


------------------------------------------------------------------------------------------------
| Intra Clock Table
| -----------------
------------------------------------------------------------------------------------------------

Clock             WNS(ns)      TNS(ns)  TNS Failing Endpoints  TNS Total Endpoints      WHS(ns)      THS(ns)  THS Failing Endpoints  THS Total Endpoints     WPWS(ns)     TPWS(ns)  TPWS Failing Endpoints  TPWS Total Endpoints  
-----             -------      -------  ---------------------  -------------------      -------      -------  ---------------------  -------------------     --------     --------  ----------------------  --------------------  
clk_fpga_0         -0.281       -5.282                     64                55576        0.050        0.000                      0                55576        3.750        0.000                       0                 26754  


------------------------------------------------------------------------------------------------
| Inter Clock Table
| -----------------
------------------------------------------------------------------------------------------------

From Clock    To Clock          WNS(ns)      TNS(ns)  TNS Failing Endpoints  TNS Total Endpoints      WHS(ns)      THS(ns)  THS Failing Endpoints  THS Total Endpoints  
----------    --------          -------      -------  ---------------------  -------------------      -------      -------  ---------------------  -------------------  


------------------------------------------------------------------------------------------------
| Other Path Groups Table
| -----------------------
------------------------------------------------------------------------------------------------

Path Group         From Clock         To Clock               WNS(ns)      TNS(ns)  TNS Failing Endpoints  TNS Total Endpoints      WHS(ns)      THS(ns)  THS Failing Endpoints  THS Total Endpoints  
----------         ----------         --------               -------      -------  ---------------------  -------------------      -------      -------  ---------------------  -------------------  
**async_default**  clk_fpga_0         clk_fpga_0               6.632        0.000                      0                  128        0.591        0.000                      0                  128  


------------------------------------------------------------------------------------------------
| User Ignored Path Table
| -----------------------
------------------------------------------------------------------------------------------------

Path Group    From Clock    To Clock    
----------    ----------    --------    
(none)                      clk_fpga_0    
(none)        clk_fpga_0    clk_fpga_0    


------------------------------------------------------------------------------------------------
| Unconstrained Path Table
| ------------------------
------------------------------------------------------------------------------------------------

Path Group    From Clock    To Clock    
----------    ----------    --------    
(none)                      clk_fpga_0    


------------------------------------------------------------------------------------------------
| Timing Details
| --------------
------------------------------------------------------------------------------------------------


---------------------------------------------------------------------------------------------------
From Clock:  clk_fpga_0
  To Clock:  clk_fpga_0

Setup :           64  Failing Endpoints,  Worst Slack       -0.281ns,  Total Violation       -5.282ns
Hold  :            0  Failing Endpoints,  Worst Slack        0.050ns,  Total Violation        0.000ns
PW    :            0  Failing Endpoints,  Worst Slack        3.750ns,  Total Violation        0.000ns
---------------------------------------------------------------------------------------------------


Max Delay Paths
--------------------------------------------------------------------------------------
Slack (VIOLATED) :        -0.281ns  (required time - arrival time)
  Source:                 gru_bin_version_i/gru_va_0/inst/grp_gru_va_Pipeline_HIDDEN_LOOP_fu_804/ap_CS_fsm_reg[1]_replica_15/C
                            (rising edge-triggered cell FDRE clocked by clk_fpga_0  {rise@0.000ns fall@5.000ns period=10.000ns})
  Destination:            gru_bin_version_i/gru_va_0/inst/grp_gru_va_Pipeline_HIDDEN_LOOP_fu_804/grp_mac3_fu_2734/mul_ln74_reg_320_reg[38]/D
                            (rising edge-triggered cell FDRE clocked by clk_fpga_0  {rise@0.000ns fall@5.000ns period=10.000ns})
  Path Group:             clk_fpga_0
  Path Type:              Setup (Max at Slow Process Corner)
  Requirement:            10.000ns  (clk_fpga_0 rise@10.000ns - clk_fpga_0 rise@0.000ns)
  Data Path Delay:        9.955ns  (logic 5.735ns (57.611%)  route 4.220ns (42.389%))
  Logic Levels:           7  (CARRY4=4 DSP48E1=1 LUT2=1 LUT3=1)
  Clock Path Skew:        -0.234ns (DCD - SCD + CPR)
    Destination Clock Delay (DCD):    2.817ns = ( 12.817 - 10.000 ) 
    Source Clock Delay      (SCD):    3.198ns
    Clock Pessimism Removal (CPR):    0.147ns
  Clock Uncertainty:      0.154ns  ((TSJ^2 + TIJ^2)^1/2 + DJ) / 2 + PE
    Total System Jitter     (TSJ):    0.071ns
    Total Input Jitter      (TIJ):    0.300ns
    Discrete Jitter          (DJ):    0.000ns
    Phase Error              (PE):    0.000ns

    Location             Delay type                Incr(ns)  Path(ns)    Netlist Resource(s)
  -------------------------------------------------------------------    -------------------
                         (clock clk_fpga_0 rise edge)
                                                      0.000     0.000 r  
    PS7_X0Y0             PS7                          0.000     0.000 r  gru_bin_version_i/processing_system7_0/inst/PS7_i/FCLKCLK[0]
                         net (fo=1, routed)           1.193     1.193    gru_bin_version_i/processing_system7_0/inst/FCLK_CLK_unbuffered[0]
    BUFGCTRL_X0Y16       BUFG (Prop_bufg_I_O)         0.101     1.294 r  gru_bin_version_i/processing_system7_0/inst/buffer_fclk_clk_0.FCLK_CLK_0_BUFG/O
                         net (fo=26756, routed)       1.904     3.198    gru_bin_version_i/gru_va_0/inst/grp_gru_va_Pipeline_HIDDEN_LOOP_fu_804/ap_clk
    SLICE_X54Y101        FDRE                                         r  gru_bin_version_i/gru_va_0/inst/grp_gru_va_Pipeline_HIDDEN_LOOP_fu_804/ap_CS_fsm_reg[1]_replica_15/C
  -------------------------------------------------------------------    -------------------
    SLICE_X54Y101        FDRE (Prop_fdre_C_Q)         0.518     3.716 r  gru_bin_version_i/gru_va_0/inst/grp_gru_va_Pipeline_HIDDEN_LOOP_fu_804/ap_CS_fsm_reg[1]_replica_15/Q
                         net (fo=235, routed)         1.110     4.826    gru_bin_version_i/gru_va_0/inst/grp_gru_va_Pipeline_HIDDEN_LOOP_fu_804/grp_mac3_fu_2734/mul_21s_21s_40_1_1_U2/ap_CS_fsm_pp0_stage1_repN_15_alias
    SLICE_X59Y93         LUT3 (Prop_lut3_I2_O)        0.117     4.943 r  gru_bin_version_i/gru_va_0/inst/grp_gru_va_Pipeline_HIDDEN_LOOP_fu_804/grp_mac3_fu_2734/mul_21s_21s_40_1_1_U2/tmp_product_i_16__13/O
                         net (fo=3, routed)           2.035     6.978    gru_bin_version_i/gru_va_0/inst/grp_gru_va_Pipeline_HIDDEN_LOOP_fu_804/grp_mac3_fu_2734/mul_21s_21s_40_1_1_U2/B[1]
    DSP48_X2Y49          DSP48E1 (Prop_dsp48e1_B[1]_P[26])
                                                      3.864    10.842 r  gru_bin_version_i/gru_va_0/inst/grp_gru_va_Pipeline_HIDDEN_LOOP_fu_804/grp_mac3_fu_2734/mul_21s_21s_40_1_1_U2/tmp_product/P[26]
                         net (fo=2, routed)           1.066    11.908    gru_bin_version_i/gru_va_0/inst/grp_gru_va_Pipeline_HIDDEN_LOOP_fu_804/grp_mac3_fu_2734/mul_21s_21s_40_1_1_U2/tmp_product_n_82
    SLICE_X39Y123        LUT2 (Prop_lut2_I0_O)        0.124    12.032 r  gru_bin_version_i/gru_va_0/inst/grp_gru_va_Pipeline_HIDDEN_LOOP_fu_804/grp_mac3_fu_2734/mul_21s_21s_40_1_1_U2/i__carry__1_i_3__13/O
                         net (fo=1, routed)           0.000    12.032    gru_bin_version_i/gru_va_0/inst/grp_gru_va_Pipeline_HIDDEN_LOOP_fu_804/grp_mac3_fu_2734/mul_21s_21s_40_1_1_U2/i__carry__1_i_3__13_n_3
    SLICE_X39Y123        CARRY4 (Prop_carry4_S[1]_CO[3])
                                                      0.550    12.582 r  gru_bin_version_i/gru_va_0/inst/grp_gru_va_Pipeline_HIDDEN_LOOP_fu_804/grp_mac3_fu_2734/mul_21s_21s_40_1_1_U2/tmp_product_inferred__0/i__carry__1/CO[3]
                         net (fo=1, routed)           0.000    12.582    gru_bin_version_i/gru_va_0/inst/grp_gru_va_Pipeline_HIDDEN_LOOP_fu_804/grp_mac3_fu_2734/mul_21s_21s_40_1_1_U2/tmp_product_inferred__0/i__carry__1_n_3
    SLICE_X39Y124        CARRY4 (Prop_carry4_CI_CO[3])
                                                      0.114    12.696 r  gru_bin_version_i/gru_va_0/inst/grp_gru_va_Pipeline_HIDDEN_LOOP_fu_804/grp_mac3_fu_2734/mul_21s_21s_40_1_1_U2/tmp_product_inferred__0/i__carry__2/CO[3]
                         net (fo=1, routed)           0.009    12.705    gru_bin_version_i/gru_va_0/inst/grp_gru_va_Pipeline_HIDDEN_LOOP_fu_804/grp_mac3_fu_2734/mul_21s_21s_40_1_1_U2/tmp_product_inferred__0/i__carry__2_n_3
    SLICE_X39Y125        CARRY4 (Prop_carry4_CI_CO[3])
                                                      0.114    12.819 r  gru_bin_version_i/gru_va_0/inst/grp_gru_va_Pipeline_HIDDEN_LOOP_fu_804/grp_mac3_fu_2734/mul_21s_21s_40_1_1_U2/tmp_product_inferred__0/i__carry__3/CO[3]
                         net (fo=1, routed)           0.000    12.819    gru_bin_version_i/gru_va_0/inst/grp_gru_va_Pipeline_HIDDEN_LOOP_fu_804/grp_mac3_fu_2734/mul_21s_21s_40_1_1_U2/tmp_product_inferred__0/i__carry__3_n_3
    SLICE_X39Y126        CARRY4 (Prop_carry4_CI_O[1])
                                                      0.334    13.153 r  gru_bin_version_i/gru_va_0/inst/grp_gru_va_Pipeline_HIDDEN_LOOP_fu_804/grp_mac3_fu_2734/mul_21s_21s_40_1_1_U2/tmp_product_inferred__0/i__carry__4/O[1]
                         net (fo=1, routed)           0.000    13.153    gru_bin_version_i/gru_va_0/inst/grp_gru_va_Pipeline_HIDDEN_LOOP_fu_804/grp_mac3_fu_2734/trunc_ln74_fu_100_p1[38]
    SLICE_X39Y126        FDRE                                         r  gru_bin_version_i/gru_va_0/inst/grp_gru_va_Pipeline_HIDDEN_LOOP_fu_804/grp_mac3_fu_2734/mul_ln74_reg_320_reg[38]/D
  -------------------------------------------------------------------    -------------------

                         (clock clk_fpga_0 rise edge)
                                                     10.000    10.000 r  
    PS7_X0Y0             PS7                          0.000    10.000 r  gru_bin_version_i/processing_system7_0/inst/PS7_i/FCLKCLK[0]
                         net (fo=1, routed)           1.088    11.088    gru_bin_version_i/processing_system7_0/inst/FCLK_CLK_unbuffered[0]
    BUFGCTRL_X0Y16       BUFG (Prop_bufg_I_O)         0.091    11.179 r  gru_bin_version_i/processing_system7_0/inst/buffer_fclk_clk_0.FCLK_CLK_0_BUFG/O
                         net (fo=26756, routed)       1.638    12.817    gru_bin_version_i/gru_va_0/inst/grp_gru_va_Pipeline_HIDDEN_LOOP_fu_804/grp_mac3_fu_2734/ap_clk
    SLICE_X39Y126        FDRE                                         r  gru_bin_version_i/gru_va_0/inst/grp_gru_va_Pipeline_HIDDEN_LOOP_fu_804/grp_mac3_fu_2734/mul_ln74_reg_320_reg[38]/C
                         clock pessimism              0.147    12.964    
                         clock uncertainty           -0.154    12.810    
    SLICE_X39Y126        FDRE (Setup_fdre_C_D)        0.062    12.872    gru_bin_version_i/gru_va_0/inst/grp_gru_va_Pipeline_HIDDEN_LOOP_fu_804/grp_mac3_fu_2734/mul_ln74_reg_320_reg[38]
  -------------------------------------------------------------------
                         required time                         12.872    
                         arrival time                         -13.153    
  -------------------------------------------------------------------
                         slack                                 -0.281    

Slack (VIOLATED) :        -0.243ns  (required time - arrival time)
  Source:                 gru_bin_version_i/gru_va_0/inst/grp_gru_va_Pipeline_HIDDEN_LOOP_fu_804/ap_CS_fsm_reg[1]_replica_28/C
                            (rising edge-triggered cell FDRE clocked by clk_fpga_0  {rise@0.000ns fall@5.000ns period=10.000ns})
  Destination:            gru_bin_version_i/gru_va_0/inst/grp_gru_va_Pipeline_HIDDEN_LOOP_fu_804/grp_mac3_fu_2742/mul_ln72_reg_296_reg[38]/D
                            (rising edge-triggered cell FDRE clocked by clk_fpga_0  {rise@0.000ns fall@5.000ns period=10.000ns})
  Path Group:             clk_fpga_0
  Path Type:              Setup (Max at Slow Process Corner)
  Requirement:            10.000ns  (clk_fpga_0 rise@10.000ns - clk_fpga_0 rise@0.000ns)
  Data Path Delay:        9.796ns  (logic 4.270ns (43.588%)  route 5.526ns (56.412%))
  Logic Levels:           12  (CARRY4=7 LUT2=1 LUT3=1 LUT5=1 LUT6=2)
  Clock Path Skew:        -0.354ns (DCD - SCD + CPR)
    Destination Clock Delay (DCD):    2.653ns = ( 12.653 - 10.000 ) 
    Source Clock Delay      (SCD):    3.136ns
    Clock Pessimism Removal (CPR):    0.129ns
  Clock Uncertainty:      0.154ns  ((TSJ^2 + TIJ^2)^1/2 + DJ) / 2 + PE
    Total System Jitter     (TSJ):    0.071ns
    Total Input Jitter      (TIJ):    0.300ns
    Discrete Jitter          (DJ):    0.000ns
    Phase Error              (PE):    0.000ns

    Location             Delay type                Incr(ns)  Path(ns)    Netlist Resource(s)
  -------------------------------------------------------------------    -------------------
                         (clock clk_fpga_0 rise edge)
                                                      0.000     0.000 r  
    PS7_X0Y0             PS7                          0.000     0.000 r  gru_bin_version_i/processing_system7_0/inst/PS7_i/FCLKCLK[0]
                         net (fo=1, routed)           1.193     1.193    gru_bin_version_i/processing_system7_0/inst/FCLK_CLK_unbuffered[0]
    BUFGCTRL_X0Y16       BUFG (Prop_bufg_I_O)         0.101     1.294 r  gru_bin_version_i/processing_system7_0/inst/buffer_fclk_clk_0.FCLK_CLK_0_BUFG/O
                         net (fo=26756, routed)       1.842     3.136    gru_bin_version_i/gru_va_0/inst/grp_gru_va_Pipeline_HIDDEN_LOOP_fu_804/ap_clk
    SLICE_X35Y110        FDRE                                         r  gru_bin_version_i/gru_va_0/inst/grp_gru_va_Pipeline_HIDDEN_LOOP_fu_804/ap_CS_fsm_reg[1]_replica_28/C
  -------------------------------------------------------------------    -------------------
    SLICE_X35Y110        FDRE (Prop_fdre_C_Q)         0.456     3.592 r  gru_bin_version_i/gru_va_0/inst/grp_gru_va_Pipeline_HIDDEN_LOOP_fu_804/ap_CS_fsm_reg[1]_replica_28/Q
                         net (fo=136, routed)         0.984     4.576    gru_bin_version_i/gru_va_0/inst/grp_gru_va_Pipeline_HIDDEN_LOOP_fu_804/grp_mac3_fu_2742/mul_21s_21s_40_1_1_U2/ap_CS_fsm_pp0_stage1_repN_28_alias
    SLICE_X38Y112        LUT3 (Prop_lut3_I2_O)        0.150     4.726 r  gru_bin_version_i/gru_va_0/inst/grp_gru_va_Pipeline_HIDDEN_LOOP_fu_804/grp_mac3_fu_2742/mul_21s_21s_40_1_1_U2/tmp_product__0_carry_i_10__9/O
                         net (fo=111, routed)         1.729     6.455    gru_bin_version_i/gru_va_0/inst/grp_gru_va_Pipeline_HIDDEN_LOOP_fu_804/grp_mac3_fu_2742/mul_21s_21s_40_1_1_U1/tmp_product__0_carry__3_2
    SLICE_X37Y91         LUT6 (Prop_lut6_I4_O)        0.348     6.803 r  gru_bin_version_i/gru_va_0/inst/grp_gru_va_Pipeline_HIDDEN_LOOP_fu_804/grp_mac3_fu_2742/mul_21s_21s_40_1_1_U1/tmp_product__0_carry__0_i_3__23/O
                         net (fo=2, routed)           0.651     7.455    gru_bin_version_i/gru_va_0/inst/grp_gru_va_Pipeline_HIDDEN_LOOP_fu_804/grp_mac3_fu_2742/mul_21s_21s_40_1_1_U1/tmp_product__0_carry__0_i_3__23_n_3
    SLICE_X33Y91         LUT6 (Prop_lut6_I0_O)        0.124     7.579 r  gru_bin_version_i/gru_va_0/inst/grp_gru_va_Pipeline_HIDDEN_LOOP_fu_804/grp_mac3_fu_2742/mul_21s_21s_40_1_1_U1/tmp_product__0_carry__0_i_7__24/O
                         net (fo=1, routed)           0.000     7.579    gru_bin_version_i/gru_va_0/inst/grp_gru_va_Pipeline_HIDDEN_LOOP_fu_804/grp_mac3_fu_2742/mul_21s_21s_40_1_1_U1/tmp_product__0_carry__0_i_7__24_n_3
    SLICE_X33Y91         CARRY4 (Prop_carry4_S[1]_CO[3])
                                                      0.550     8.129 r  gru_bin_version_i/gru_va_0/inst/grp_gru_va_Pipeline_HIDDEN_LOOP_fu_804/grp_mac3_fu_2742/mul_21s_21s_40_1_1_U1/tmp_product__0_carry__0/CO[3]
                         net (fo=1, routed)           0.000     8.129    gru_bin_version_i/gru_va_0/inst/grp_gru_va_Pipeline_HIDDEN_LOOP_fu_804/grp_mac3_fu_2742/mul_21s_21s_40_1_1_U1/tmp_product__0_carry__0_n_3
    SLICE_X33Y92         CARRY4 (Prop_carry4_CI_O[1])
                                                      0.334     8.463 r  gru_bin_version_i/gru_va_0/inst/grp_gru_va_Pipeline_HIDDEN_LOOP_fu_804/grp_mac3_fu_2742/mul_21s_21s_40_1_1_U1/tmp_product__0_carry__1/O[1]
                         net (fo=3, routed)           0.645     9.108    gru_bin_version_i/gru_va_0/inst/grp_gru_va_Pipeline_HIDDEN_LOOP_fu_804/grp_mac3_fu_2742/mul_21s_21s_40_1_1_U1/tmp_product__0_carry__1_n_9
    SLICE_X33Y88         LUT5 (Prop_lut5_I0_O)        0.303     9.411 r  gru_bin_version_i/gru_va_0/inst/grp_gru_va_Pipeline_HIDDEN_LOOP_fu_804/grp_mac3_fu_2742/mul_21s_21s_40_1_1_U1/tmp_product__66_carry__0_i_1__15/O
                         net (fo=1, routed)           0.613    10.023    gru_bin_version_i/gru_va_0/inst/grp_gru_va_Pipeline_HIDDEN_LOOP_fu_804/grp_mac3_fu_2742/mul_21s_21s_40_1_1_U1/tmp_product__66_carry__0_i_1__15_n_3
    SLICE_X32Y90         CARRY4 (Prop_carry4_DI[3]_CO[3])
                                                      0.396    10.419 r  gru_bin_version_i/gru_va_0/inst/grp_gru_va_Pipeline_HIDDEN_LOOP_fu_804/grp_mac3_fu_2742/mul_21s_21s_40_1_1_U1/tmp_product__66_carry__0/CO[3]
                         net (fo=1, routed)           0.000    10.419    gru_bin_version_i/gru_va_0/inst/grp_gru_va_Pipeline_HIDDEN_LOOP_fu_804/grp_mac3_fu_2742/mul_21s_21s_40_1_1_U1/tmp_product__66_carry__0_n_3
    SLICE_X32Y91         CARRY4 (Prop_carry4_CI_O[1])
                                                      0.323    10.742 r  gru_bin_version_i/gru_va_0/inst/grp_gru_va_Pipeline_HIDDEN_LOOP_fu_804/grp_mac3_fu_2742/mul_21s_21s_40_1_1_U1/tmp_product__66_carry__1/O[1]
                         net (fo=1, routed)           0.904    11.646    gru_bin_version_i/gru_va_0/inst/grp_gru_va_Pipeline_HIDDEN_LOOP_fu_804/grp_mac3_fu_2742/mul_21s_21s_40_1_1_U1/tmp_product__0[12]
    SLICE_X37Y84         LUT2 (Prop_lut2_I1_O)        0.306    11.952 r  gru_bin_version_i/gru_va_0/inst/grp_gru_va_Pipeline_HIDDEN_LOOP_fu_804/grp_mac3_fu_2742/mul_21s_21s_40_1_1_U1/i__carry__2_i_4__23/O
                         net (fo=1, routed)           0.000    11.952    gru_bin_version_i/gru_va_0/inst/grp_gru_va_Pipeline_HIDDEN_LOOP_fu_804/grp_mac3_fu_2742/mul_21s_21s_40_1_1_U1/i__carry__2_i_4__23_n_3
    SLICE_X37Y84         CARRY4 (Prop_carry4_S[0]_CO[3])
                                                      0.532    12.484 r  gru_bin_version_i/gru_va_0/inst/grp_gru_va_Pipeline_HIDDEN_LOOP_fu_804/grp_mac3_fu_2742/mul_21s_21s_40_1_1_U1/tmp_product_inferred__0/i__carry__2/CO[3]
                         net (fo=1, routed)           0.000    12.484    gru_bin_version_i/gru_va_0/inst/grp_gru_va_Pipeline_HIDDEN_LOOP_fu_804/grp_mac3_fu_2742/mul_21s_21s_40_1_1_U1/tmp_product_inferred__0/i__carry__2_n_3
    SLICE_X37Y85         CARRY4 (Prop_carry4_CI_CO[3])
                                                      0.114    12.598 r  gru_bin_version_i/gru_va_0/inst/grp_gru_va_Pipeline_HIDDEN_LOOP_fu_804/grp_mac3_fu_2742/mul_21s_21s_40_1_1_U1/tmp_product_inferred__0/i__carry__3/CO[3]
                         net (fo=1, routed)           0.000    12.598    gru_bin_version_i/gru_va_0/inst/grp_gru_va_Pipeline_HIDDEN_LOOP_fu_804/grp_mac3_fu_2742/mul_21s_21s_40_1_1_U1/tmp_product_inferred__0/i__carry__3_n_3
    SLICE_X37Y86         CARRY4 (Prop_carry4_CI_O[1])
                                                      0.334    12.932 r  gru_bin_version_i/gru_va_0/inst/grp_gru_va_Pipeline_HIDDEN_LOOP_fu_804/grp_mac3_fu_2742/mul_21s_21s_40_1_1_U1/tmp_product_inferred__0/i__carry__4/O[1]
                         net (fo=1, routed)           0.000    12.932    gru_bin_version_i/gru_va_0/inst/grp_gru_va_Pipeline_HIDDEN_LOOP_fu_804/grp_mac3_fu_2742/tmp_product0_out[21]
    SLICE_X37Y86         FDRE                                         r  gru_bin_version_i/gru_va_0/inst/grp_gru_va_Pipeline_HIDDEN_LOOP_fu_804/grp_mac3_fu_2742/mul_ln72_reg_296_reg[38]/D
  -------------------------------------------------------------------    -------------------

                         (clock clk_fpga_0 rise edge)
                                                     10.000    10.000 r  
    PS7_X0Y0             PS7                          0.000    10.000 r  gru_bin_version_i/processing_system7_0/inst/PS7_i/FCLKCLK[0]
                         net (fo=1, routed)           1.088    11.088    gru_bin_version_i/processing_system7_0/inst/FCLK_CLK_unbuffered[0]
    BUFGCTRL_X0Y16       BUFG (Prop_bufg_I_O)         0.091    11.179 r  gru_bin_version_i/processing_system7_0/inst/buffer_fclk_clk_0.FCLK_CLK_0_BUFG/O
                         net (fo=26756, routed)       1.474    12.653    gru_bin_version_i/gru_va_0/inst/grp_gru_va_Pipeline_HIDDEN_LOOP_fu_804/grp_mac3_fu_2742/ap_clk
    SLICE_X37Y86         FDRE                                         r  gru_bin_version_i/gru_va_0/inst/grp_gru_va_Pipeline_HIDDEN_LOOP_fu_804/grp_mac3_fu_2742/mul_ln72_reg_296_reg[38]/C
                         clock pessimism              0.129    12.782    
                         clock uncertainty           -0.154    12.628    
    SLICE_X37Y86         FDRE (Setup_fdre_C_D)        0.062    12.690    gru_bin_version_i/gru_va_0/inst/grp_gru_va_Pipeline_HIDDEN_LOOP_fu_804/grp_mac3_fu_2742/mul_ln72_reg_296_reg[38]
  -------------------------------------------------------------------
                         required time                         12.690    
                         arrival time                         -12.932    
  -------------------------------------------------------------------
                         slack                                 -0.243    

Slack (VIOLATED) :        -0.242ns  (required time - arrival time)
  Source:                 gru_bin_version_i/gru_va_0/inst/grp_gru_va_Pipeline_HIDDEN_LOOP_fu_804/ap_CS_fsm_reg[1]_replica_15/C
                            (rising edge-triggered cell FDRE clocked by clk_fpga_0  {rise@0.000ns fall@5.000ns period=10.000ns})
  Destination:            gru_bin_version_i/gru_va_0/inst/grp_gru_va_Pipeline_HIDDEN_LOOP_fu_804/grp_mac3_fu_2746/mul_ln72_reg_296_reg[38]/D
                            (rising edge-triggered cell FDRE clocked by clk_fpga_0  {rise@0.000ns fall@5.000ns period=10.000ns})
  Path Group:             clk_fpga_0
  Path Type:              Setup (Max at Slow Process Corner)
  Requirement:            10.000ns  (clk_fpga_0 rise@10.000ns - clk_fpga_0 rise@0.000ns)
  Data Path Delay:        9.976ns  (logic 6.147ns (61.616%)  route 3.829ns (38.384%))
  Logic Levels:           9  (CARRY4=6 DSP48E1=1 LUT2=1 LUT3=1)
  Clock Path Skew:        -0.220ns (DCD - SCD + CPR)
    Destination Clock Delay (DCD):    2.831ns = ( 12.831 - 10.000 ) 
    Source Clock Delay      (SCD):    3.198ns
    Clock Pessimism Removal (CPR):    0.147ns
  Clock Uncertainty:      0.154ns  ((TSJ^2 + TIJ^2)^1/2 + DJ) / 2 + PE
    Total System Jitter     (TSJ):    0.071ns
    Total Input Jitter      (TIJ):    0.300ns
    Discrete Jitter          (DJ):    0.000ns
    Phase Error              (PE):    0.000ns

    Location             Delay type                Incr(ns)  Path(ns)    Netlist Resource(s)
  -------------------------------------------------------------------    -------------------
                         (clock clk_fpga_0 rise edge)
                                                      0.000     0.000 r  
    PS7_X0Y0             PS7                          0.000     0.000 r  gru_bin_version_i/processing_system7_0/inst/PS7_i/FCLKCLK[0]
                         net (fo=1, routed)           1.193     1.193    gru_bin_version_i/processing_system7_0/inst/FCLK_CLK_unbuffered[0]
    BUFGCTRL_X0Y16       BUFG (Prop_bufg_I_O)         0.101     1.294 r  gru_bin_version_i/processing_system7_0/inst/buffer_fclk_clk_0.FCLK_CLK_0_BUFG/O
                         net (fo=26756, routed)       1.904     3.198    gru_bin_version_i/gru_va_0/inst/grp_gru_va_Pipeline_HIDDEN_LOOP_fu_804/ap_clk
    SLICE_X54Y101        FDRE                                         r  gru_bin_version_i/gru_va_0/inst/grp_gru_va_Pipeline_HIDDEN_LOOP_fu_804/ap_CS_fsm_reg[1]_replica_15/C
  -------------------------------------------------------------------    -------------------
    SLICE_X54Y101        FDRE (Prop_fdre_C_Q)         0.518     3.716 r  gru_bin_version_i/gru_va_0/inst/grp_gru_va_Pipeline_HIDDEN_LOOP_fu_804/ap_CS_fsm_reg[1]_replica_15/Q
                         net (fo=235, routed)         1.733     5.449    gru_bin_version_i/gru_va_0/inst/grp_gru_va_Pipeline_HIDDEN_LOOP_fu_804/grp_mac3_fu_2746/mul_21s_21s_40_1_1_U1/ap_CS_fsm_pp0_stage1_repN_15_alias
    SLICE_X49Y108        LUT3 (Prop_lut3_I1_O)        0.152     5.601 r  gru_bin_version_i/gru_va_0/inst/grp_gru_va_Pipeline_HIDDEN_LOOP_fu_804/grp_mac3_fu_2746/mul_21s_21s_40_1_1_U1/tmp_product_i_35__1/O
                         net (fo=11, routed)          1.149     6.751    gru_bin_version_i/gru_va_0/inst/grp_gru_va_Pipeline_HIDDEN_LOOP_fu_804/grp_mac3_fu_2746/mul_21s_21s_40_1_1_U1/tmp_product_i_35__1_n_3
    DSP48_X2Y41          DSP48E1 (Prop_dsp48e1_A[1]_P[17])
                                                      4.049    10.800 r  gru_bin_version_i/gru_va_0/inst/grp_gru_va_Pipeline_HIDDEN_LOOP_fu_804/grp_mac3_fu_2746/mul_21s_21s_40_1_1_U1/tmp_product/P[17]
                         net (fo=2, routed)           0.947    11.746    gru_bin_version_i/gru_va_0/inst/grp_gru_va_Pipeline_HIDDEN_LOOP_fu_804/grp_mac3_fu_2746/mul_21s_21s_40_1_1_U1/tmp_product_n_91
    SLICE_X32Y102        LUT2 (Prop_lut2_I0_O)        0.124    11.870 r  gru_bin_version_i/gru_va_0/inst/grp_gru_va_Pipeline_HIDDEN_LOOP_fu_804/grp_mac3_fu_2746/mul_21s_21s_40_1_1_U1/i__carry_i_4__33/O
                         net (fo=1, routed)           0.000    11.870    gru_bin_version_i/gru_va_0/inst/grp_gru_va_Pipeline_HIDDEN_LOOP_fu_804/grp_mac3_fu_2746/mul_21s_21s_40_1_1_U1/i__carry_i_4__33_n_3
    SLICE_X32Y102        CARRY4 (Prop_carry4_S[0]_CO[3])
                                                      0.513    12.383 r  gru_bin_version_i/gru_va_0/inst/grp_gru_va_Pipeline_HIDDEN_LOOP_fu_804/grp_mac3_fu_2746/mul_21s_21s_40_1_1_U1/tmp_product_inferred__0/i__carry/CO[3]
                         net (fo=1, routed)           0.000    12.383    gru_bin_version_i/gru_va_0/inst/grp_gru_va_Pipeline_HIDDEN_LOOP_fu_804/grp_mac3_fu_2746/mul_21s_21s_40_1_1_U1/tmp_product_inferred__0/i__carry_n_3
    SLICE_X32Y103        CARRY4 (Prop_carry4_CI_CO[3])
                                                      0.117    12.500 r  gru_bin_version_i/gru_va_0/inst/grp_gru_va_Pipeline_HIDDEN_LOOP_fu_804/grp_mac3_fu_2746/mul_21s_21s_40_1_1_U1/tmp_product_inferred__0/i__carry__0/CO[3]
                         net (fo=1, routed)           0.000    12.500    gru_bin_version_i/gru_va_0/inst/grp_gru_va_Pipeline_HIDDEN_LOOP_fu_804/grp_mac3_fu_2746/mul_21s_21s_40_1_1_U1/tmp_product_inferred__0/i__carry__0_n_3
    SLICE_X32Y104        CARRY4 (Prop_carry4_CI_CO[3])
                                                      0.117    12.617 r  gru_bin_version_i/gru_va_0/inst/grp_gru_va_Pipeline_HIDDEN_LOOP_fu_804/grp_mac3_fu_2746/mul_21s_21s_40_1_1_U1/tmp_product_inferred__0/i__carry__1/CO[3]
                         net (fo=1, routed)           0.000    12.617    gru_bin_version_i/gru_va_0/inst/grp_gru_va_Pipeline_HIDDEN_LOOP_fu_804/grp_mac3_fu_2746/mul_21s_21s_40_1_1_U1/tmp_product_inferred__0/i__carry__1_n_3
    SLICE_X32Y105        CARRY4 (Prop_carry4_CI_CO[3])
                                                      0.117    12.734 r  gru_bin_version_i/gru_va_0/inst/grp_gru_va_Pipeline_HIDDEN_LOOP_fu_804/grp_mac3_fu_2746/mul_21s_21s_40_1_1_U1/tmp_product_inferred__0/i__carry__2/CO[3]
                         net (fo=1, routed)           0.000    12.734    gru_bin_version_i/gru_va_0/inst/grp_gru_va_Pipeline_HIDDEN_LOOP_fu_804/grp_mac3_fu_2746/mul_21s_21s_40_1_1_U1/tmp_product_inferred__0/i__carry__2_n_3
    SLICE_X32Y106        CARRY4 (Prop_carry4_CI_CO[3])
                                                      0.117    12.851 r  gru_bin_version_i/gru_va_0/inst/grp_gru_va_Pipeline_HIDDEN_LOOP_fu_804/grp_mac3_fu_2746/mul_21s_21s_40_1_1_U1/tmp_product_inferred__0/i__carry__3/CO[3]
                         net (fo=1, routed)           0.000    12.851    gru_bin_version_i/gru_va_0/inst/grp_gru_va_Pipeline_HIDDEN_LOOP_fu_804/grp_mac3_fu_2746/mul_21s_21s_40_1_1_U1/tmp_product_inferred__0/i__carry__3_n_3
    SLICE_X32Y107        CARRY4 (Prop_carry4_CI_O[1])
                                                      0.323    13.174 r  gru_bin_version_i/gru_va_0/inst/grp_gru_va_Pipeline_HIDDEN_LOOP_fu_804/grp_mac3_fu_2746/mul_21s_21s_40_1_1_U1/tmp_product_inferred__0/i__carry__4/O[1]
                         net (fo=1, routed)           0.000    13.174    gru_bin_version_i/gru_va_0/inst/grp_gru_va_Pipeline_HIDDEN_LOOP_fu_804/grp_mac3_fu_2746/tmp_product0_out[21]
    SLICE_X32Y107        FDRE                                         r  gru_bin_version_i/gru_va_0/inst/grp_gru_va_Pipeline_HIDDEN_LOOP_fu_804/grp_mac3_fu_2746/mul_ln72_reg_296_reg[38]/D
  -------------------------------------------------------------------    -------------------

                         (clock clk_fpga_0 rise edge)
                                                     10.000    10.000 r  
    PS7_X0Y0             PS7                          0.000    10.000 r  gru_bin_version_i/processing_system7_0/inst/PS7_i/FCLKCLK[0]
                         net (fo=1, routed)           1.088    11.088    gru_bin_version_i/processing_system7_0/inst/FCLK_CLK_unbuffered[0]
    BUFGCTRL_X0Y16       BUFG (Prop_bufg_I_O)         0.091    11.179 r  gru_bin_version_i/processing_system7_0/inst/buffer_fclk_clk_0.FCLK_CLK_0_BUFG/O
                         net (fo=26756, routed)       1.652    12.831    gru_bin_version_i/gru_va_0/inst/grp_gru_va_Pipeline_HIDDEN_LOOP_fu_804/grp_mac3_fu_2746/ap_clk
    SLICE_X32Y107        FDRE                                         r  gru_bin_version_i/gru_va_0/inst/grp_gru_va_Pipeline_HIDDEN_LOOP_fu_804/grp_mac3_fu_2746/mul_ln72_reg_296_reg[38]/C
                         clock pessimism              0.147    12.978    
                         clock uncertainty           -0.154    12.824    
    SLICE_X32Y107        FDRE (Setup_fdre_C_D)        0.109    12.933    gru_bin_version_i/gru_va_0/inst/grp_gru_va_Pipeline_HIDDEN_LOOP_fu_804/grp_mac3_fu_2746/mul_ln72_reg_296_reg[38]
  -------------------------------------------------------------------
                         required time                         12.933    
                         arrival time                         -13.174    
  -------------------------------------------------------------------
                         slack                                 -0.242    

Slack (VIOLATED) :        -0.195ns  (required time - arrival time)
  Source:                 gru_bin_version_i/gru_va_0/inst/grp_gru_va_Pipeline_HIDDEN_LOOP_fu_804/ap_CS_fsm_reg[1]_replica_15/C
                            (rising edge-triggered cell FDRE clocked by clk_fpga_0  {rise@0.000ns fall@5.000ns period=10.000ns})
  Destination:            gru_bin_version_i/gru_va_0/inst/grp_gru_va_Pipeline_HIDDEN_LOOP_fu_804/grp_mac3_fu_2737/mul_ln73_reg_308_reg[38]/D
                            (rising edge-triggered cell FDRE clocked by clk_fpga_0  {rise@0.000ns fall@5.000ns period=10.000ns})
  Path Group:             clk_fpga_0
  Path Type:              Setup (Max at Slow Process Corner)
  Requirement:            10.000ns  (clk_fpga_0 rise@10.000ns - clk_fpga_0 rise@0.000ns)
  Data Path Delay:        9.739ns  (logic 6.110ns (62.740%)  route 3.629ns (37.260%))
  Logic Levels:           9  (CARRY4=6 DSP48E1=1 LUT2=1 LUT3=1)
  Clock Path Skew:        -0.411ns (DCD - SCD + CPR)
    Destination Clock Delay (DCD):    2.658ns = ( 12.658 - 10.000 ) 
    Source Clock Delay      (SCD):    3.198ns
    Clock Pessimism Removal (CPR):    0.129ns
  Clock Uncertainty:      0.154ns  ((TSJ^2 + TIJ^2)^1/2 + DJ) / 2 + PE
    Total System Jitter     (TSJ):    0.071ns
    Total Input Jitter      (TIJ):    0.300ns
    Discrete Jitter          (DJ):    0.000ns
    Phase Error              (PE):    0.000ns

    Location             Delay type                Incr(ns)  Path(ns)    Netlist Resource(s)
  -------------------------------------------------------------------    -------------------
                         (clock clk_fpga_0 rise edge)
                                                      0.000     0.000 r  
    PS7_X0Y0             PS7                          0.000     0.000 r  gru_bin_version_i/processing_system7_0/inst/PS7_i/FCLKCLK[0]
                         net (fo=1, routed)           1.193     1.193    gru_bin_version_i/processing_system7_0/inst/FCLK_CLK_unbuffered[0]
    BUFGCTRL_X0Y16       BUFG (Prop_bufg_I_O)         0.101     1.294 r  gru_bin_version_i/processing_system7_0/inst/buffer_fclk_clk_0.FCLK_CLK_0_BUFG/O
                         net (fo=26756, routed)       1.904     3.198    gru_bin_version_i/gru_va_0/inst/grp_gru_va_Pipeline_HIDDEN_LOOP_fu_804/ap_clk
    SLICE_X54Y101        FDRE                                         r  gru_bin_version_i/gru_va_0/inst/grp_gru_va_Pipeline_HIDDEN_LOOP_fu_804/ap_CS_fsm_reg[1]_replica_15/C
  -------------------------------------------------------------------    -------------------
    SLICE_X54Y101        FDRE (Prop_fdre_C_Q)         0.518     3.716 r  gru_bin_version_i/gru_va_0/inst/grp_gru_va_Pipeline_HIDDEN_LOOP_fu_804/ap_CS_fsm_reg[1]_replica_15/Q
                         net (fo=235, routed)         1.029     4.745    gru_bin_version_i/gru_va_0/inst/grp_gru_va_Pipeline_HIDDEN_LOOP_fu_804/grp_mac3_fu_2737/mul_21s_21s_41_1_1_U3/ap_CS_fsm_pp0_stage1_repN_15_alias
    SLICE_X64Y106        LUT3 (Prop_lut3_I1_O)        0.120     4.865 r  gru_bin_version_i/gru_va_0/inst/grp_gru_va_Pipeline_HIDDEN_LOOP_fu_804/grp_mac3_fu_2737/mul_21s_21s_41_1_1_U3/tmp_product_i_6__24/O
                         net (fo=10, routed)          1.667     6.532    gru_bin_version_i/gru_va_0/inst/grp_gru_va_Pipeline_HIDDEN_LOOP_fu_804/grp_mac3_fu_2737/mul_21s_21s_41_1_1_U3/tmp_product_i_6__24_n_3
    DSP48_X2Y35          DSP48E1 (Prop_dsp48e1_A[13]_P[17])
                                                      4.044    10.576 r  gru_bin_version_i/gru_va_0/inst/grp_gru_va_Pipeline_HIDDEN_LOOP_fu_804/grp_mac3_fu_2737/mul_21s_21s_41_1_1_U3/tmp_product/P[17]
                         net (fo=2, routed)           0.933    11.509    gru_bin_version_i/gru_va_0/inst/grp_gru_va_Pipeline_HIDDEN_LOOP_fu_804/grp_mac3_fu_2737/mul_21s_21s_41_1_1_U3/tmp_product_n_91
    SLICE_X34Y86         LUT2 (Prop_lut2_I0_O)        0.124    11.633 r  gru_bin_version_i/gru_va_0/inst/grp_gru_va_Pipeline_HIDDEN_LOOP_fu_804/grp_mac3_fu_2737/mul_21s_21s_41_1_1_U3/i__carry_i_4__46/O
                         net (fo=1, routed)           0.000    11.633    gru_bin_version_i/gru_va_0/inst/grp_gru_va_Pipeline_HIDDEN_LOOP_fu_804/grp_mac3_fu_2737/mul_21s_21s_41_1_1_U3/i__carry_i_4__46_n_3
    SLICE_X34Y86         CARRY4 (Prop_carry4_S[0]_CO[3])
                                                      0.513    12.146 r  gru_bin_version_i/gru_va_0/inst/grp_gru_va_Pipeline_HIDDEN_LOOP_fu_804/grp_mac3_fu_2737/mul_21s_21s_41_1_1_U3/tmp_product_inferred__0/i__carry/CO[3]
                         net (fo=1, routed)           0.000    12.146    gru_bin_version_i/gru_va_0/inst/grp_gru_va_Pipeline_HIDDEN_LOOP_fu_804/grp_mac3_fu_2737/mul_21s_21s_41_1_1_U3/tmp_product_inferred__0/i__carry_n_3
    SLICE_X34Y87         CARRY4 (Prop_carry4_CI_CO[3])
                                                      0.117    12.263 r  gru_bin_version_i/gru_va_0/inst/grp_gru_va_Pipeline_HIDDEN_LOOP_fu_804/grp_mac3_fu_2737/mul_21s_21s_41_1_1_U3/tmp_product_inferred__0/i__carry__0/CO[3]
                         net (fo=1, routed)           0.000    12.263    gru_bin_version_i/gru_va_0/inst/grp_gru_va_Pipeline_HIDDEN_LOOP_fu_804/grp_mac3_fu_2737/mul_21s_21s_41_1_1_U3/tmp_product_inferred__0/i__carry__0_n_3
    SLICE_X34Y88         CARRY4 (Prop_carry4_CI_CO[3])
                                                      0.117    12.380 r  gru_bin_version_i/gru_va_0/inst/grp_gru_va_Pipeline_HIDDEN_LOOP_fu_804/grp_mac3_fu_2737/mul_21s_21s_41_1_1_U3/tmp_product_inferred__0/i__carry__1/CO[3]
                         net (fo=1, routed)           0.000    12.380    gru_bin_version_i/gru_va_0/inst/grp_gru_va_Pipeline_HIDDEN_LOOP_fu_804/grp_mac3_fu_2737/mul_21s_21s_41_1_1_U3/tmp_product_inferred__0/i__carry__1_n_3
    SLICE_X34Y89         CARRY4 (Prop_carry4_CI_CO[3])
                                                      0.117    12.497 r  gru_bin_version_i/gru_va_0/inst/grp_gru_va_Pipeline_HIDDEN_LOOP_fu_804/grp_mac3_fu_2737/mul_21s_21s_41_1_1_U3/tmp_product_inferred__0/i__carry__2/CO[3]
                         net (fo=1, routed)           0.000    12.497    gru_bin_version_i/gru_va_0/inst/grp_gru_va_Pipeline_HIDDEN_LOOP_fu_804/grp_mac3_fu_2737/mul_21s_21s_41_1_1_U3/tmp_product_inferred__0/i__carry__2_n_3
    SLICE_X34Y90         CARRY4 (Prop_carry4_CI_CO[3])
                                                      0.117    12.614 r  gru_bin_version_i/gru_va_0/inst/grp_gru_va_Pipeline_HIDDEN_LOOP_fu_804/grp_mac3_fu_2737/mul_21s_21s_41_1_1_U3/tmp_product_inferred__0/i__carry__3/CO[3]
                         net (fo=1, routed)           0.000    12.614    gru_bin_version_i/gru_va_0/inst/grp_gru_va_Pipeline_HIDDEN_LOOP_fu_804/grp_mac3_fu_2737/mul_21s_21s_41_1_1_U3/tmp_product_inferred__0/i__carry__3_n_3
    SLICE_X34Y91         CARRY4 (Prop_carry4_CI_O[1])
                                                      0.323    12.937 r  gru_bin_version_i/gru_va_0/inst/grp_gru_va_Pipeline_HIDDEN_LOOP_fu_804/grp_mac3_fu_2737/mul_21s_21s_41_1_1_U3/tmp_product_inferred__0/i__carry__4/O[1]
                         net (fo=1, routed)           0.000    12.937    gru_bin_version_i/gru_va_0/inst/grp_gru_va_Pipeline_HIDDEN_LOOP_fu_804/grp_mac3_fu_2737/trunc_ln73_fu_91_p1[38]
    SLICE_X34Y91         FDRE                                         r  gru_bin_version_i/gru_va_0/inst/grp_gru_va_Pipeline_HIDDEN_LOOP_fu_804/grp_mac3_fu_2737/mul_ln73_reg_308_reg[38]/D
  -------------------------------------------------------------------    -------------------

                         (clock clk_fpga_0 rise edge)
                                                     10.000    10.000 r  
    PS7_X0Y0             PS7                          0.000    10.000 r  gru_bin_version_i/processing_system7_0/inst/PS7_i/FCLKCLK[0]
                         net (fo=1, routed)           1.088    11.088    gru_bin_version_i/processing_system7_0/inst/FCLK_CLK_unbuffered[0]
    BUFGCTRL_X0Y16       BUFG (Prop_bufg_I_O)         0.091    11.179 r  gru_bin_version_i/processing_system7_0/inst/buffer_fclk_clk_0.FCLK_CLK_0_BUFG/O
                         net (fo=26756, routed)       1.479    12.658    gru_bin_version_i/gru_va_0/inst/grp_gru_va_Pipeline_HIDDEN_LOOP_fu_804/grp_mac3_fu_2737/ap_clk
    SLICE_X34Y91         FDRE                                         r  gru_bin_version_i/gru_va_0/inst/grp_gru_va_Pipeline_HIDDEN_LOOP_fu_804/grp_mac3_fu_2737/mul_ln73_reg_308_reg[38]/C
                         clock pessimism              0.129    12.787    
                         clock uncertainty           -0.154    12.633    
    SLICE_X34Y91         FDRE (Setup_fdre_C_D)        0.109    12.742    gru_bin_version_i/gru_va_0/inst/grp_gru_va_Pipeline_HIDDEN_LOOP_fu_804/grp_mac3_fu_2737/mul_ln73_reg_308_reg[38]
  -------------------------------------------------------------------
                         required time                         12.742    
                         arrival time                         -12.937    
  -------------------------------------------------------------------
                         slack                                 -0.195    

Slack (VIOLATED) :        -0.187ns  (required time - arrival time)
  Source:                 gru_bin_version_i/gru_va_0/inst/grp_gru_va_Pipeline_HIDDEN_LOOP_fu_804/ap_CS_fsm_reg[1]_replica_15/C
                            (rising edge-triggered cell FDRE clocked by clk_fpga_0  {rise@0.000ns fall@5.000ns period=10.000ns})
  Destination:            gru_bin_version_i/gru_va_0/inst/grp_gru_va_Pipeline_HIDDEN_LOOP_fu_804/grp_mac3_fu_2737/mul_ln73_reg_308_reg[40]/D
                            (rising edge-triggered cell FDRE clocked by clk_fpga_0  {rise@0.000ns fall@5.000ns period=10.000ns})
  Path Group:             clk_fpga_0
  Path Type:              Setup (Max at Slow Process Corner)
  Requirement:            10.000ns  (clk_fpga_0 rise@10.000ns - clk_fpga_0 rise@0.000ns)
  Data Path Delay:        9.731ns  (logic 6.102ns (62.710%)  route 3.629ns (37.290%))
  Logic Levels:           9  (CARRY4=6 DSP48E1=1 LUT2=1 LUT3=1)
  Clock Path Skew:        -0.411ns (DCD - SCD + CPR)
    Destination Clock Delay (DCD):    2.658ns = ( 12.658 - 10.000 ) 
    Source Clock Delay      (SCD):    3.198ns
    Clock Pessimism Removal (CPR):    0.129ns
  Clock Uncertainty:      0.154ns  ((TSJ^2 + TIJ^2)^1/2 + DJ) / 2 + PE
    Total System Jitter     (TSJ):    0.071ns
    Total Input Jitter      (TIJ):    0.300ns
    Discrete Jitter          (DJ):    0.000ns
    Phase Error              (PE):    0.000ns

    Location             Delay type                Incr(ns)  Path(ns)    Netlist Resource(s)
  -------------------------------------------------------------------    -------------------
                         (clock clk_fpga_0 rise edge)
                                                      0.000     0.000 r  
    PS7_X0Y0             PS7                          0.000     0.000 r  gru_bin_version_i/processing_system7_0/inst/PS7_i/FCLKCLK[0]
                         net (fo=1, routed)           1.193     1.193    gru_bin_version_i/processing_system7_0/inst/FCLK_CLK_unbuffered[0]
    BUFGCTRL_X0Y16       BUFG (Prop_bufg_I_O)         0.101     1.294 r  gru_bin_version_i/processing_system7_0/inst/buffer_fclk_clk_0.FCLK_CLK_0_BUFG/O
                         net (fo=26756, routed)       1.904     3.198    gru_bin_version_i/gru_va_0/inst/grp_gru_va_Pipeline_HIDDEN_LOOP_fu_804/ap_clk
    SLICE_X54Y101        FDRE                                         r  gru_bin_version_i/gru_va_0/inst/grp_gru_va_Pipeline_HIDDEN_LOOP_fu_804/ap_CS_fsm_reg[1]_replica_15/C
  -------------------------------------------------------------------    -------------------
    SLICE_X54Y101        FDRE (Prop_fdre_C_Q)         0.518     3.716 r  gru_bin_version_i/gru_va_0/inst/grp_gru_va_Pipeline_HIDDEN_LOOP_fu_804/ap_CS_fsm_reg[1]_replica_15/Q
                         net (fo=235, routed)         1.029     4.745    gru_bin_version_i/gru_va_0/inst/grp_gru_va_Pipeline_HIDDEN_LOOP_fu_804/grp_mac3_fu_2737/mul_21s_21s_41_1_1_U3/ap_CS_fsm_pp0_stage1_repN_15_alias
    SLICE_X64Y106        LUT3 (Prop_lut3_I1_O)        0.120     4.865 r  gru_bin_version_i/gru_va_0/inst/grp_gru_va_Pipeline_HIDDEN_LOOP_fu_804/grp_mac3_fu_2737/mul_21s_21s_41_1_1_U3/tmp_product_i_6__24/O
                         net (fo=10, routed)          1.667     6.532    gru_bin_version_i/gru_va_0/inst/grp_gru_va_Pipeline_HIDDEN_LOOP_fu_804/grp_mac3_fu_2737/mul_21s_21s_41_1_1_U3/tmp_product_i_6__24_n_3
    DSP48_X2Y35          DSP48E1 (Prop_dsp48e1_A[13]_P[17])
                                                      4.044    10.576 r  gru_bin_version_i/gru_va_0/inst/grp_gru_va_Pipeline_HIDDEN_LOOP_fu_804/grp_mac3_fu_2737/mul_21s_21s_41_1_1_U3/tmp_product/P[17]
                         net (fo=2, routed)           0.933    11.509    gru_bin_version_i/gru_va_0/inst/grp_gru_va_Pipeline_HIDDEN_LOOP_fu_804/grp_mac3_fu_2737/mul_21s_21s_41_1_1_U3/tmp_product_n_91
    SLICE_X34Y86         LUT2 (Prop_lut2_I0_O)        0.124    11.633 r  gru_bin_version_i/gru_va_0/inst/grp_gru_va_Pipeline_HIDDEN_LOOP_fu_804/grp_mac3_fu_2737/mul_21s_21s_41_1_1_U3/i__carry_i_4__46/O
                         net (fo=1, routed)           0.000    11.633    gru_bin_version_i/gru_va_0/inst/grp_gru_va_Pipeline_HIDDEN_LOOP_fu_804/grp_mac3_fu_2737/mul_21s_21s_41_1_1_U3/i__carry_i_4__46_n_3
    SLICE_X34Y86         CARRY4 (Prop_carry4_S[0]_CO[3])
                                                      0.513    12.146 r  gru_bin_version_i/gru_va_0/inst/grp_gru_va_Pipeline_HIDDEN_LOOP_fu_804/grp_mac3_fu_2737/mul_21s_21s_41_1_1_U3/tmp_product_inferred__0/i__carry/CO[3]
                         net (fo=1, routed)           0.000    12.146    gru_bin_version_i/gru_va_0/inst/grp_gru_va_Pipeline_HIDDEN_LOOP_fu_804/grp_mac3_fu_2737/mul_21s_21s_41_1_1_U3/tmp_product_inferred__0/i__carry_n_3
    SLICE_X34Y87         CARRY4 (Prop_carry4_CI_CO[3])
                                                      0.117    12.263 r  gru_bin_version_i/gru_va_0/inst/grp_gru_va_Pipeline_HIDDEN_LOOP_fu_804/grp_mac3_fu_2737/mul_21s_21s_41_1_1_U3/tmp_product_inferred__0/i__carry__0/CO[3]
                         net (fo=1, routed)           0.000    12.263    gru_bin_version_i/gru_va_0/inst/grp_gru_va_Pipeline_HIDDEN_LOOP_fu_804/grp_mac3_fu_2737/mul_21s_21s_41_1_1_U3/tmp_product_inferred__0/i__carry__0_n_3
    SLICE_X34Y88         CARRY4 (Prop_carry4_CI_CO[3])
                                                      0.117    12.380 r  gru_bin_version_i/gru_va_0/inst/grp_gru_va_Pipeline_HIDDEN_LOOP_fu_804/grp_mac3_fu_2737/mul_21s_21s_41_1_1_U3/tmp_product_inferred__0/i__carry__1/CO[3]
                         net (fo=1, routed)           0.000    12.380    gru_bin_version_i/gru_va_0/inst/grp_gru_va_Pipeline_HIDDEN_LOOP_fu_804/grp_mac3_fu_2737/mul_21s_21s_41_1_1_U3/tmp_product_inferred__0/i__carry__1_n_3
    SLICE_X34Y89         CARRY4 (Prop_carry4_CI_CO[3])
                                                      0.117    12.497 r  gru_bin_version_i/gru_va_0/inst/grp_gru_va_Pipeline_HIDDEN_LOOP_fu_804/grp_mac3_fu_2737/mul_21s_21s_41_1_1_U3/tmp_product_inferred__0/i__carry__2/CO[3]
                         net (fo=1, routed)           0.000    12.497    gru_bin_version_i/gru_va_0/inst/grp_gru_va_Pipeline_HIDDEN_LOOP_fu_804/grp_mac3_fu_2737/mul_21s_21s_41_1_1_U3/tmp_product_inferred__0/i__carry__2_n_3
    SLICE_X34Y90         CARRY4 (Prop_carry4_CI_CO[3])
                                                      0.117    12.614 r  gru_bin_version_i/gru_va_0/inst/grp_gru_va_Pipeline_HIDDEN_LOOP_fu_804/grp_mac3_fu_2737/mul_21s_21s_41_1_1_U3/tmp_product_inferred__0/i__carry__3/CO[3]
                         net (fo=1, routed)           0.000    12.614    gru_bin_version_i/gru_va_0/inst/grp_gru_va_Pipeline_HIDDEN_LOOP_fu_804/grp_mac3_fu_2737/mul_21s_21s_41_1_1_U3/tmp_product_inferred__0/i__carry__3_n_3
    SLICE_X34Y91         CARRY4 (Prop_carry4_CI_O[3])
                                                      0.315    12.929 r  gru_bin_version_i/gru_va_0/inst/grp_gru_va_Pipeline_HIDDEN_LOOP_fu_804/grp_mac3_fu_2737/mul_21s_21s_41_1_1_U3/tmp_product_inferred__0/i__carry__4/O[3]
                         net (fo=1, routed)           0.000    12.929    gru_bin_version_i/gru_va_0/inst/grp_gru_va_Pipeline_HIDDEN_LOOP_fu_804/grp_mac3_fu_2737/trunc_ln73_fu_91_p1[40]
    SLICE_X34Y91         FDRE                                         r  gru_bin_version_i/gru_va_0/inst/grp_gru_va_Pipeline_HIDDEN_LOOP_fu_804/grp_mac3_fu_2737/mul_ln73_reg_308_reg[40]/D
  -------------------------------------------------------------------    -------------------

                         (clock clk_fpga_0 rise edge)
                                                     10.000    10.000 r  
    PS7_X0Y0             PS7                          0.000    10.000 r  gru_bin_version_i/processing_system7_0/inst/PS7_i/FCLKCLK[0]
                         net (fo=1, routed)           1.088    11.088    gru_bin_version_i/processing_system7_0/inst/FCLK_CLK_unbuffered[0]
    BUFGCTRL_X0Y16       BUFG (Prop_bufg_I_O)         0.091    11.179 r  gru_bin_version_i/processing_system7_0/inst/buffer_fclk_clk_0.FCLK_CLK_0_BUFG/O
                         net (fo=26756, routed)       1.479    12.658    gru_bin_version_i/gru_va_0/inst/grp_gru_va_Pipeline_HIDDEN_LOOP_fu_804/grp_mac3_fu_2737/ap_clk
    SLICE_X34Y91         FDRE                                         r  gru_bin_version_i/gru_va_0/inst/grp_gru_va_Pipeline_HIDDEN_LOOP_fu_804/grp_mac3_fu_2737/mul_ln73_reg_308_reg[40]/C
                         clock pessimism              0.129    12.787    
                         clock uncertainty           -0.154    12.633    
    SLICE_X34Y91         FDRE (Setup_fdre_C_D)        0.109    12.742    gru_bin_version_i/gru_va_0/inst/grp_gru_va_Pipeline_HIDDEN_LOOP_fu_804/grp_mac3_fu_2737/mul_ln73_reg_308_reg[40]
  -------------------------------------------------------------------
                         required time                         12.742    
                         arrival time                         -12.929    
  -------------------------------------------------------------------
                         slack                                 -0.187    

Slack (VIOLATED) :        -0.186ns  (required time - arrival time)
  Source:                 gru_bin_version_i/gru_va_0/inst/grp_gru_va_Pipeline_HIDDEN_LOOP_fu_804/ap_CS_fsm_reg[1]_replica_15/C
                            (rising edge-triggered cell FDRE clocked by clk_fpga_0  {rise@0.000ns fall@5.000ns period=10.000ns})
  Destination:            gru_bin_version_i/gru_va_0/inst/grp_gru_va_Pipeline_HIDDEN_LOOP_fu_804/grp_mac3_fu_2734/mul_ln74_reg_320_reg[39]/D
                            (rising edge-triggered cell FDRE clocked by clk_fpga_0  {rise@0.000ns fall@5.000ns period=10.000ns})
  Path Group:             clk_fpga_0
  Path Type:              Setup (Max at Slow Process Corner)
  Requirement:            10.000ns  (clk_fpga_0 rise@10.000ns - clk_fpga_0 rise@0.000ns)
  Data Path Delay:        9.860ns  (logic 5.640ns (57.202%)  route 4.220ns (42.798%))
  Logic Levels:           7  (CARRY4=4 DSP48E1=1 LUT2=1 LUT3=1)
  Clock Path Skew:        -0.234ns (DCD - SCD + CPR)
    Destination Clock Delay (DCD):    2.817ns = ( 12.817 - 10.000 ) 
    Source Clock Delay      (SCD):    3.198ns
    Clock Pessimism Removal (CPR):    0.147ns
  Clock Uncertainty:      0.154ns  ((TSJ^2 + TIJ^2)^1/2 + DJ) / 2 + PE
    Total System Jitter     (TSJ):    0.071ns
    Total Input Jitter      (TIJ):    0.300ns
    Discrete Jitter          (DJ):    0.000ns
    Phase Error              (PE):    0.000ns

    Location             Delay type                Incr(ns)  Path(ns)    Netlist Resource(s)
  -------------------------------------------------------------------    -------------------
                         (clock clk_fpga_0 rise edge)
                                                      0.000     0.000 r  
    PS7_X0Y0             PS7                          0.000     0.000 r  gru_bin_version_i/processing_system7_0/inst/PS7_i/FCLKCLK[0]
                         net (fo=1, routed)           1.193     1.193    gru_bin_version_i/processing_system7_0/inst/FCLK_CLK_unbuffered[0]
    BUFGCTRL_X0Y16       BUFG (Prop_bufg_I_O)         0.101     1.294 r  gru_bin_version_i/processing_system7_0/inst/buffer_fclk_clk_0.FCLK_CLK_0_BUFG/O
                         net (fo=26756, routed)       1.904     3.198    gru_bin_version_i/gru_va_0/inst/grp_gru_va_Pipeline_HIDDEN_LOOP_fu_804/ap_clk
    SLICE_X54Y101        FDRE                                         r  gru_bin_version_i/gru_va_0/inst/grp_gru_va_Pipeline_HIDDEN_LOOP_fu_804/ap_CS_fsm_reg[1]_replica_15/C
  -------------------------------------------------------------------    -------------------
    SLICE_X54Y101        FDRE (Prop_fdre_C_Q)         0.518     3.716 r  gru_bin_version_i/gru_va_0/inst/grp_gru_va_Pipeline_HIDDEN_LOOP_fu_804/ap_CS_fsm_reg[1]_replica_15/Q
                         net (fo=235, routed)         1.110     4.826    gru_bin_version_i/gru_va_0/inst/grp_gru_va_Pipeline_HIDDEN_LOOP_fu_804/grp_mac3_fu_2734/mul_21s_21s_40_1_1_U2/ap_CS_fsm_pp0_stage1_repN_15_alias
    SLICE_X59Y93         LUT3 (Prop_lut3_I2_O)        0.117     4.943 r  gru_bin_version_i/gru_va_0/inst/grp_gru_va_Pipeline_HIDDEN_LOOP_fu_804/grp_mac3_fu_2734/mul_21s_21s_40_1_1_U2/tmp_product_i_16__13/O
                         net (fo=3, routed)           2.035     6.978    gru_bin_version_i/gru_va_0/inst/grp_gru_va_Pipeline_HIDDEN_LOOP_fu_804/grp_mac3_fu_2734/mul_21s_21s_40_1_1_U2/B[1]
    DSP48_X2Y49          DSP48E1 (Prop_dsp48e1_B[1]_P[26])
                                                      3.864    10.842 r  gru_bin_version_i/gru_va_0/inst/grp_gru_va_Pipeline_HIDDEN_LOOP_fu_804/grp_mac3_fu_2734/mul_21s_21s_40_1_1_U2/tmp_product/P[26]
                         net (fo=2, routed)           1.066    11.908    gru_bin_version_i/gru_va_0/inst/grp_gru_va_Pipeline_HIDDEN_LOOP_fu_804/grp_mac3_fu_2734/mul_21s_21s_40_1_1_U2/tmp_product_n_82
    SLICE_X39Y123        LUT2 (Prop_lut2_I0_O)        0.124    12.032 r  gru_bin_version_i/gru_va_0/inst/grp_gru_va_Pipeline_HIDDEN_LOOP_fu_804/grp_mac3_fu_2734/mul_21s_21s_40_1_1_U2/i__carry__1_i_3__13/O
                         net (fo=1, routed)           0.000    12.032    gru_bin_version_i/gru_va_0/inst/grp_gru_va_Pipeline_HIDDEN_LOOP_fu_804/grp_mac3_fu_2734/mul_21s_21s_40_1_1_U2/i__carry__1_i_3__13_n_3
    SLICE_X39Y123        CARRY4 (Prop_carry4_S[1]_CO[3])
                                                      0.550    12.582 r  gru_bin_version_i/gru_va_0/inst/grp_gru_va_Pipeline_HIDDEN_LOOP_fu_804/grp_mac3_fu_2734/mul_21s_21s_40_1_1_U2/tmp_product_inferred__0/i__carry__1/CO[3]
                         net (fo=1, routed)           0.000    12.582    gru_bin_version_i/gru_va_0/inst/grp_gru_va_Pipeline_HIDDEN_LOOP_fu_804/grp_mac3_fu_2734/mul_21s_21s_40_1_1_U2/tmp_product_inferred__0/i__carry__1_n_3
    SLICE_X39Y124        CARRY4 (Prop_carry4_CI_CO[3])
                                                      0.114    12.696 r  gru_bin_version_i/gru_va_0/inst/grp_gru_va_Pipeline_HIDDEN_LOOP_fu_804/grp_mac3_fu_2734/mul_21s_21s_40_1_1_U2/tmp_product_inferred__0/i__carry__2/CO[3]
                         net (fo=1, routed)           0.009    12.705    gru_bin_version_i/gru_va_0/inst/grp_gru_va_Pipeline_HIDDEN_LOOP_fu_804/grp_mac3_fu_2734/mul_21s_21s_40_1_1_U2/tmp_product_inferred__0/i__carry__2_n_3
    SLICE_X39Y125        CARRY4 (Prop_carry4_CI_CO[3])
                                                      0.114    12.819 r  gru_bin_version_i/gru_va_0/inst/grp_gru_va_Pipeline_HIDDEN_LOOP_fu_804/grp_mac3_fu_2734/mul_21s_21s_40_1_1_U2/tmp_product_inferred__0/i__carry__3/CO[3]
                         net (fo=1, routed)           0.000    12.819    gru_bin_version_i/gru_va_0/inst/grp_gru_va_Pipeline_HIDDEN_LOOP_fu_804/grp_mac3_fu_2734/mul_21s_21s_40_1_1_U2/tmp_product_inferred__0/i__carry__3_n_3
    SLICE_X39Y126        CARRY4 (Prop_carry4_CI_O[2])
                                                      0.239    13.058 r  gru_bin_version_i/gru_va_0/inst/grp_gru_va_Pipeline_HIDDEN_LOOP_fu_804/grp_mac3_fu_2734/mul_21s_21s_40_1_1_U2/tmp_product_inferred__0/i__carry__4/O[2]
                         net (fo=1, routed)           0.000    13.058    gru_bin_version_i/gru_va_0/inst/grp_gru_va_Pipeline_HIDDEN_LOOP_fu_804/grp_mac3_fu_2734/trunc_ln74_fu_100_p1[39]
    SLICE_X39Y126        FDRE                                         r  gru_bin_version_i/gru_va_0/inst/grp_gru_va_Pipeline_HIDDEN_LOOP_fu_804/grp_mac3_fu_2734/mul_ln74_reg_320_reg[39]/D
  -------------------------------------------------------------------    -------------------

                         (clock clk_fpga_0 rise edge)
                                                     10.000    10.000 r  
    PS7_X0Y0             PS7                          0.000    10.000 r  gru_bin_version_i/processing_system7_0/inst/PS7_i/FCLKCLK[0]
                         net (fo=1, routed)           1.088    11.088    gru_bin_version_i/processing_system7_0/inst/FCLK_CLK_unbuffered[0]
    BUFGCTRL_X0Y16       BUFG (Prop_bufg_I_O)         0.091    11.179 r  gru_bin_version_i/processing_system7_0/inst/buffer_fclk_clk_0.FCLK_CLK_0_BUFG/O
                         net (fo=26756, routed)       1.638    12.817    gru_bin_version_i/gru_va_0/inst/grp_gru_va_Pipeline_HIDDEN_LOOP_fu_804/grp_mac3_fu_2734/ap_clk
    SLICE_X39Y126        FDRE                                         r  gru_bin_version_i/gru_va_0/inst/grp_gru_va_Pipeline_HIDDEN_LOOP_fu_804/grp_mac3_fu_2734/mul_ln74_reg_320_reg[39]/C
                         clock pessimism              0.147    12.964    
                         clock uncertainty           -0.154    12.810    
    SLICE_X39Y126        FDRE (Setup_fdre_C_D)        0.062    12.872    gru_bin_version_i/gru_va_0/inst/grp_gru_va_Pipeline_HIDDEN_LOOP_fu_804/grp_mac3_fu_2734/mul_ln74_reg_320_reg[39]
  -------------------------------------------------------------------
                         required time                         12.872    
                         arrival time                         -13.058    
  -------------------------------------------------------------------
                         slack                                 -0.186    

Slack (VIOLATED) :        -0.170ns  (required time - arrival time)
  Source:                 gru_bin_version_i/gru_va_0/inst/grp_gru_va_Pipeline_HIDDEN_LOOP_fu_804/ap_CS_fsm_reg[1]_replica_15/C
                            (rising edge-triggered cell FDRE clocked by clk_fpga_0  {rise@0.000ns fall@5.000ns period=10.000ns})
  Destination:            gru_bin_version_i/gru_va_0/inst/grp_gru_va_Pipeline_HIDDEN_LOOP_fu_804/grp_mac3_fu_2734/mul_ln74_reg_320_reg[37]/D
                            (rising edge-triggered cell FDRE clocked by clk_fpga_0  {rise@0.000ns fall@5.000ns period=10.000ns})
  Path Group:             clk_fpga_0
  Path Type:              Setup (Max at Slow Process Corner)
  Requirement:            10.000ns  (clk_fpga_0 rise@10.000ns - clk_fpga_0 rise@0.000ns)
  Data Path Delay:        9.844ns  (logic 5.624ns (57.133%)  route 4.220ns (42.867%))
  Logic Levels:           7  (CARRY4=4 DSP48E1=1 LUT2=1 LUT3=1)
  Clock Path Skew:        -0.234ns (DCD - SCD + CPR)
    Destination Clock Delay (DCD):    2.817ns = ( 12.817 - 10.000 ) 
    Source Clock Delay      (SCD):    3.198ns
    Clock Pessimism Removal (CPR):    0.147ns
  Clock Uncertainty:      0.154ns  ((TSJ^2 + TIJ^2)^1/2 + DJ) / 2 + PE
    Total System Jitter     (TSJ):    0.071ns
    Total Input Jitter      (TIJ):    0.300ns
    Discrete Jitter          (DJ):    0.000ns
    Phase Error              (PE):    0.000ns

    Location             Delay type                Incr(ns)  Path(ns)    Netlist Resource(s)
  -------------------------------------------------------------------    -------------------
                         (clock clk_fpga_0 rise edge)
                                                      0.000     0.000 r  
    PS7_X0Y0             PS7                          0.000     0.000 r  gru_bin_version_i/processing_system7_0/inst/PS7_i/FCLKCLK[0]
                         net (fo=1, routed)           1.193     1.193    gru_bin_version_i/processing_system7_0/inst/FCLK_CLK_unbuffered[0]
    BUFGCTRL_X0Y16       BUFG (Prop_bufg_I_O)         0.101     1.294 r  gru_bin_version_i/processing_system7_0/inst/buffer_fclk_clk_0.FCLK_CLK_0_BUFG/O
                         net (fo=26756, routed)       1.904     3.198    gru_bin_version_i/gru_va_0/inst/grp_gru_va_Pipeline_HIDDEN_LOOP_fu_804/ap_clk
    SLICE_X54Y101        FDRE                                         r  gru_bin_version_i/gru_va_0/inst/grp_gru_va_Pipeline_HIDDEN_LOOP_fu_804/ap_CS_fsm_reg[1]_replica_15/C
  -------------------------------------------------------------------    -------------------
    SLICE_X54Y101        FDRE (Prop_fdre_C_Q)         0.518     3.716 r  gru_bin_version_i/gru_va_0/inst/grp_gru_va_Pipeline_HIDDEN_LOOP_fu_804/ap_CS_fsm_reg[1]_replica_15/Q
                         net (fo=235, routed)         1.110     4.826    gru_bin_version_i/gru_va_0/inst/grp_gru_va_Pipeline_HIDDEN_LOOP_fu_804/grp_mac3_fu_2734/mul_21s_21s_40_1_1_U2/ap_CS_fsm_pp0_stage1_repN_15_alias
    SLICE_X59Y93         LUT3 (Prop_lut3_I2_O)        0.117     4.943 r  gru_bin_version_i/gru_va_0/inst/grp_gru_va_Pipeline_HIDDEN_LOOP_fu_804/grp_mac3_fu_2734/mul_21s_21s_40_1_1_U2/tmp_product_i_16__13/O
                         net (fo=3, routed)           2.035     6.978    gru_bin_version_i/gru_va_0/inst/grp_gru_va_Pipeline_HIDDEN_LOOP_fu_804/grp_mac3_fu_2734/mul_21s_21s_40_1_1_U2/B[1]
    DSP48_X2Y49          DSP48E1 (Prop_dsp48e1_B[1]_P[26])
                                                      3.864    10.842 r  gru_bin_version_i/gru_va_0/inst/grp_gru_va_Pipeline_HIDDEN_LOOP_fu_804/grp_mac3_fu_2734/mul_21s_21s_40_1_1_U2/tmp_product/P[26]
                         net (fo=2, routed)           1.066    11.908    gru_bin_version_i/gru_va_0/inst/grp_gru_va_Pipeline_HIDDEN_LOOP_fu_804/grp_mac3_fu_2734/mul_21s_21s_40_1_1_U2/tmp_product_n_82
    SLICE_X39Y123        LUT2 (Prop_lut2_I0_O)        0.124    12.032 r  gru_bin_version_i/gru_va_0/inst/grp_gru_va_Pipeline_HIDDEN_LOOP_fu_804/grp_mac3_fu_2734/mul_21s_21s_40_1_1_U2/i__carry__1_i_3__13/O
                         net (fo=1, routed)           0.000    12.032    gru_bin_version_i/gru_va_0/inst/grp_gru_va_Pipeline_HIDDEN_LOOP_fu_804/grp_mac3_fu_2734/mul_21s_21s_40_1_1_U2/i__carry__1_i_3__13_n_3
    SLICE_X39Y123        CARRY4 (Prop_carry4_S[1]_CO[3])
                                                      0.550    12.582 r  gru_bin_version_i/gru_va_0/inst/grp_gru_va_Pipeline_HIDDEN_LOOP_fu_804/grp_mac3_fu_2734/mul_21s_21s_40_1_1_U2/tmp_product_inferred__0/i__carry__1/CO[3]
                         net (fo=1, routed)           0.000    12.582    gru_bin_version_i/gru_va_0/inst/grp_gru_va_Pipeline_HIDDEN_LOOP_fu_804/grp_mac3_fu_2734/mul_21s_21s_40_1_1_U2/tmp_product_inferred__0/i__carry__1_n_3
    SLICE_X39Y124        CARRY4 (Prop_carry4_CI_CO[3])
                                                      0.114    12.696 r  gru_bin_version_i/gru_va_0/inst/grp_gru_va_Pipeline_HIDDEN_LOOP_fu_804/grp_mac3_fu_2734/mul_21s_21s_40_1_1_U2/tmp_product_inferred__0/i__carry__2/CO[3]
                         net (fo=1, routed)           0.009    12.705    gru_bin_version_i/gru_va_0/inst/grp_gru_va_Pipeline_HIDDEN_LOOP_fu_804/grp_mac3_fu_2734/mul_21s_21s_40_1_1_U2/tmp_product_inferred__0/i__carry__2_n_3
    SLICE_X39Y125        CARRY4 (Prop_carry4_CI_CO[3])
                                                      0.114    12.819 r  gru_bin_version_i/gru_va_0/inst/grp_gru_va_Pipeline_HIDDEN_LOOP_fu_804/grp_mac3_fu_2734/mul_21s_21s_40_1_1_U2/tmp_product_inferred__0/i__carry__3/CO[3]
                         net (fo=1, routed)           0.000    12.819    gru_bin_version_i/gru_va_0/inst/grp_gru_va_Pipeline_HIDDEN_LOOP_fu_804/grp_mac3_fu_2734/mul_21s_21s_40_1_1_U2/tmp_product_inferred__0/i__carry__3_n_3
    SLICE_X39Y126        CARRY4 (Prop_carry4_CI_O[0])
                                                      0.223    13.042 r  gru_bin_version_i/gru_va_0/inst/grp_gru_va_Pipeline_HIDDEN_LOOP_fu_804/grp_mac3_fu_2734/mul_21s_21s_40_1_1_U2/tmp_product_inferred__0/i__carry__4/O[0]
                         net (fo=1, routed)           0.000    13.042    gru_bin_version_i/gru_va_0/inst/grp_gru_va_Pipeline_HIDDEN_LOOP_fu_804/grp_mac3_fu_2734/trunc_ln74_fu_100_p1[37]
    SLICE_X39Y126        FDRE                                         r  gru_bin_version_i/gru_va_0/inst/grp_gru_va_Pipeline_HIDDEN_LOOP_fu_804/grp_mac3_fu_2734/mul_ln74_reg_320_reg[37]/D
  -------------------------------------------------------------------    -------------------

                         (clock clk_fpga_0 rise edge)
                                                     10.000    10.000 r  
    PS7_X0Y0             PS7                          0.000    10.000 r  gru_bin_version_i/processing_system7_0/inst/PS7_i/FCLKCLK[0]
                         net (fo=1, routed)           1.088    11.088    gru_bin_version_i/processing_system7_0/inst/FCLK_CLK_unbuffered[0]
    BUFGCTRL_X0Y16       BUFG (Prop_bufg_I_O)         0.091    11.179 r  gru_bin_version_i/processing_system7_0/inst/buffer_fclk_clk_0.FCLK_CLK_0_BUFG/O
                         net (fo=26756, routed)       1.638    12.817    gru_bin_version_i/gru_va_0/inst/grp_gru_va_Pipeline_HIDDEN_LOOP_fu_804/grp_mac3_fu_2734/ap_clk
    SLICE_X39Y126        FDRE                                         r  gru_bin_version_i/gru_va_0/inst/grp_gru_va_Pipeline_HIDDEN_LOOP_fu_804/grp_mac3_fu_2734/mul_ln74_reg_320_reg[37]/C
                         clock pessimism              0.147    12.964    
                         clock uncertainty           -0.154    12.810    
    SLICE_X39Y126        FDRE (Setup_fdre_C_D)        0.062    12.872    gru_bin_version_i/gru_va_0/inst/grp_gru_va_Pipeline_HIDDEN_LOOP_fu_804/grp_mac3_fu_2734/mul_ln74_reg_320_reg[37]
  -------------------------------------------------------------------
                         required time                         12.872    
                         arrival time                         -13.042    
  -------------------------------------------------------------------
                         slack                                 -0.170    

Slack (VIOLATED) :        -0.169ns  (required time - arrival time)
  Source:                 gru_bin_version_i/gru_va_0/inst/grp_gru_va_Pipeline_HIDDEN_LOOP_fu_804/ap_CS_fsm_reg[1]_replica_15/C
                            (rising edge-triggered cell FDRE clocked by clk_fpga_0  {rise@0.000ns fall@5.000ns period=10.000ns})
  Destination:            gru_bin_version_i/gru_va_0/inst/grp_gru_va_Pipeline_HIDDEN_LOOP_fu_804/grp_mac3_fu_2734/mul_ln74_reg_320_reg[34]/D
                            (rising edge-triggered cell FDRE clocked by clk_fpga_0  {rise@0.000ns fall@5.000ns period=10.000ns})
  Path Group:             clk_fpga_0
  Path Type:              Setup (Max at Slow Process Corner)
  Requirement:            10.000ns  (clk_fpga_0 rise@10.000ns - clk_fpga_0 rise@0.000ns)
  Data Path Delay:        9.841ns  (logic 5.621ns (57.120%)  route 4.220ns (42.880%))
  Logic Levels:           6  (CARRY4=3 DSP48E1=1 LUT2=1 LUT3=1)
  Clock Path Skew:        -0.236ns (DCD - SCD + CPR)
    Destination Clock Delay (DCD):    2.815ns = ( 12.815 - 10.000 ) 
    Source Clock Delay      (SCD):    3.198ns
    Clock Pessimism Removal (CPR):    0.147ns
  Clock Uncertainty:      0.154ns  ((TSJ^2 + TIJ^2)^1/2 + DJ) / 2 + PE
    Total System Jitter     (TSJ):    0.071ns
    Total Input Jitter      (TIJ):    0.300ns
    Discrete Jitter          (DJ):    0.000ns
    Phase Error              (PE):    0.000ns

    Location             Delay type                Incr(ns)  Path(ns)    Netlist Resource(s)
  -------------------------------------------------------------------    -------------------
                         (clock clk_fpga_0 rise edge)
                                                      0.000     0.000 r  
    PS7_X0Y0             PS7                          0.000     0.000 r  gru_bin_version_i/processing_system7_0/inst/PS7_i/FCLKCLK[0]
                         net (fo=1, routed)           1.193     1.193    gru_bin_version_i/processing_system7_0/inst/FCLK_CLK_unbuffered[0]
    BUFGCTRL_X0Y16       BUFG (Prop_bufg_I_O)         0.101     1.294 r  gru_bin_version_i/processing_system7_0/inst/buffer_fclk_clk_0.FCLK_CLK_0_BUFG/O
                         net (fo=26756, routed)       1.904     3.198    gru_bin_version_i/gru_va_0/inst/grp_gru_va_Pipeline_HIDDEN_LOOP_fu_804/ap_clk
    SLICE_X54Y101        FDRE                                         r  gru_bin_version_i/gru_va_0/inst/grp_gru_va_Pipeline_HIDDEN_LOOP_fu_804/ap_CS_fsm_reg[1]_replica_15/C
  -------------------------------------------------------------------    -------------------
    SLICE_X54Y101        FDRE (Prop_fdre_C_Q)         0.518     3.716 r  gru_bin_version_i/gru_va_0/inst/grp_gru_va_Pipeline_HIDDEN_LOOP_fu_804/ap_CS_fsm_reg[1]_replica_15/Q
                         net (fo=235, routed)         1.110     4.826    gru_bin_version_i/gru_va_0/inst/grp_gru_va_Pipeline_HIDDEN_LOOP_fu_804/grp_mac3_fu_2734/mul_21s_21s_40_1_1_U2/ap_CS_fsm_pp0_stage1_repN_15_alias
    SLICE_X59Y93         LUT3 (Prop_lut3_I2_O)        0.117     4.943 r  gru_bin_version_i/gru_va_0/inst/grp_gru_va_Pipeline_HIDDEN_LOOP_fu_804/grp_mac3_fu_2734/mul_21s_21s_40_1_1_U2/tmp_product_i_16__13/O
                         net (fo=3, routed)           2.035     6.978    gru_bin_version_i/gru_va_0/inst/grp_gru_va_Pipeline_HIDDEN_LOOP_fu_804/grp_mac3_fu_2734/mul_21s_21s_40_1_1_U2/B[1]
    DSP48_X2Y49          DSP48E1 (Prop_dsp48e1_B[1]_P[26])
                                                      3.864    10.842 r  gru_bin_version_i/gru_va_0/inst/grp_gru_va_Pipeline_HIDDEN_LOOP_fu_804/grp_mac3_fu_2734/mul_21s_21s_40_1_1_U2/tmp_product/P[26]
                         net (fo=2, routed)           1.066    11.908    gru_bin_version_i/gru_va_0/inst/grp_gru_va_Pipeline_HIDDEN_LOOP_fu_804/grp_mac3_fu_2734/mul_21s_21s_40_1_1_U2/tmp_product_n_82
    SLICE_X39Y123        LUT2 (Prop_lut2_I0_O)        0.124    12.032 r  gru_bin_version_i/gru_va_0/inst/grp_gru_va_Pipeline_HIDDEN_LOOP_fu_804/grp_mac3_fu_2734/mul_21s_21s_40_1_1_U2/i__carry__1_i_3__13/O
                         net (fo=1, routed)           0.000    12.032    gru_bin_version_i/gru_va_0/inst/grp_gru_va_Pipeline_HIDDEN_LOOP_fu_804/grp_mac3_fu_2734/mul_21s_21s_40_1_1_U2/i__carry__1_i_3__13_n_3
    SLICE_X39Y123        CARRY4 (Prop_carry4_S[1]_CO[3])
                                                      0.550    12.582 r  gru_bin_version_i/gru_va_0/inst/grp_gru_va_Pipeline_HIDDEN_LOOP_fu_804/grp_mac3_fu_2734/mul_21s_21s_40_1_1_U2/tmp_product_inferred__0/i__carry__1/CO[3]
                         net (fo=1, routed)           0.000    12.582    gru_bin_version_i/gru_va_0/inst/grp_gru_va_Pipeline_HIDDEN_LOOP_fu_804/grp_mac3_fu_2734/mul_21s_21s_40_1_1_U2/tmp_product_inferred__0/i__carry__1_n_3
    SLICE_X39Y124        CARRY4 (Prop_carry4_CI_CO[3])
                                                      0.114    12.696 r  gru_bin_version_i/gru_va_0/inst/grp_gru_va_Pipeline_HIDDEN_LOOP_fu_804/grp_mac3_fu_2734/mul_21s_21s_40_1_1_U2/tmp_product_inferred__0/i__carry__2/CO[3]
                         net (fo=1, routed)           0.009    12.705    gru_bin_version_i/gru_va_0/inst/grp_gru_va_Pipeline_HIDDEN_LOOP_fu_804/grp_mac3_fu_2734/mul_21s_21s_40_1_1_U2/tmp_product_inferred__0/i__carry__2_n_3
    SLICE_X39Y125        CARRY4 (Prop_carry4_CI_O[1])
                                                      0.334    13.039 r  gru_bin_version_i/gru_va_0/inst/grp_gru_va_Pipeline_HIDDEN_LOOP_fu_804/grp_mac3_fu_2734/mul_21s_21s_40_1_1_U2/tmp_product_inferred__0/i__carry__3/O[1]
                         net (fo=1, routed)           0.000    13.039    gru_bin_version_i/gru_va_0/inst/grp_gru_va_Pipeline_HIDDEN_LOOP_fu_804/grp_mac3_fu_2734/trunc_ln74_fu_100_p1[34]
    SLICE_X39Y125        FDRE                                         r  gru_bin_version_i/gru_va_0/inst/grp_gru_va_Pipeline_HIDDEN_LOOP_fu_804/grp_mac3_fu_2734/mul_ln74_reg_320_reg[34]/D
  -------------------------------------------------------------------    -------------------

                         (clock clk_fpga_0 rise edge)
                                                     10.000    10.000 r  
    PS7_X0Y0             PS7                          0.000    10.000 r  gru_bin_version_i/processing_system7_0/inst/PS7_i/FCLKCLK[0]
                         net (fo=1, routed)           1.088    11.088    gru_bin_version_i/processing_system7_0/inst/FCLK_CLK_unbuffered[0]
    BUFGCTRL_X0Y16       BUFG (Prop_bufg_I_O)         0.091    11.179 r  gru_bin_version_i/processing_system7_0/inst/buffer_fclk_clk_0.FCLK_CLK_0_BUFG/O
                         net (fo=26756, routed)       1.636    12.815    gru_bin_version_i/gru_va_0/inst/grp_gru_va_Pipeline_HIDDEN_LOOP_fu_804/grp_mac3_fu_2734/ap_clk
    SLICE_X39Y125        FDRE                                         r  gru_bin_version_i/gru_va_0/inst/grp_gru_va_Pipeline_HIDDEN_LOOP_fu_804/grp_mac3_fu_2734/mul_ln74_reg_320_reg[34]/C
                         clock pessimism              0.147    12.962    
                         clock uncertainty           -0.154    12.808    
    SLICE_X39Y125        FDRE (Setup_fdre_C_D)        0.062    12.870    gru_bin_version_i/gru_va_0/inst/grp_gru_va_Pipeline_HIDDEN_LOOP_fu_804/grp_mac3_fu_2734/mul_ln74_reg_320_reg[34]
  -------------------------------------------------------------------
                         required time                         12.870    
                         arrival time                         -13.039    
  -------------------------------------------------------------------
                         slack                                 -0.169    

Slack (VIOLATED) :        -0.158ns  (required time - arrival time)
  Source:                 gru_bin_version_i/gru_va_0/inst/grp_gru_va_Pipeline_HIDDEN_LOOP_fu_804/ap_CS_fsm_reg[1]_replica_15/C
                            (rising edge-triggered cell FDRE clocked by clk_fpga_0  {rise@0.000ns fall@5.000ns period=10.000ns})
  Destination:            gru_bin_version_i/gru_va_0/inst/grp_gru_va_Pipeline_HIDDEN_LOOP_fu_804/grp_mac3_fu_2746/mul_ln72_reg_296_reg[39]/D
                            (rising edge-triggered cell FDRE clocked by clk_fpga_0  {rise@0.000ns fall@5.000ns period=10.000ns})
  Path Group:             clk_fpga_0
  Path Type:              Setup (Max at Slow Process Corner)
  Requirement:            10.000ns  (clk_fpga_0 rise@10.000ns - clk_fpga_0 rise@0.000ns)
  Data Path Delay:        9.892ns  (logic 6.063ns (61.290%)  route 3.829ns (38.710%))
  Logic Levels:           9  (CARRY4=6 DSP48E1=1 LUT2=1 LUT3=1)
  Clock Path Skew:        -0.220ns (DCD - SCD + CPR)
    Destination Clock Delay (DCD):    2.831ns = ( 12.831 - 10.000 ) 
    Source Clock Delay      (SCD):    3.198ns
    Clock Pessimism Removal (CPR):    0.147ns
  Clock Uncertainty:      0.154ns  ((TSJ^2 + TIJ^2)^1/2 + DJ) / 2 + PE
    Total System Jitter     (TSJ):    0.071ns
    Total Input Jitter      (TIJ):    0.300ns
    Discrete Jitter          (DJ):    0.000ns
    Phase Error              (PE):    0.000ns

    Location             Delay type                Incr(ns)  Path(ns)    Netlist Resource(s)
  -------------------------------------------------------------------    -------------------
                         (clock clk_fpga_0 rise edge)
                                                      0.000     0.000 r  
    PS7_X0Y0             PS7                          0.000     0.000 r  gru_bin_version_i/processing_system7_0/inst/PS7_i/FCLKCLK[0]
                         net (fo=1, routed)           1.193     1.193    gru_bin_version_i/processing_system7_0/inst/FCLK_CLK_unbuffered[0]
    BUFGCTRL_X0Y16       BUFG (Prop_bufg_I_O)         0.101     1.294 r  gru_bin_version_i/processing_system7_0/inst/buffer_fclk_clk_0.FCLK_CLK_0_BUFG/O
                         net (fo=26756, routed)       1.904     3.198    gru_bin_version_i/gru_va_0/inst/grp_gru_va_Pipeline_HIDDEN_LOOP_fu_804/ap_clk
    SLICE_X54Y101        FDRE                                         r  gru_bin_version_i/gru_va_0/inst/grp_gru_va_Pipeline_HIDDEN_LOOP_fu_804/ap_CS_fsm_reg[1]_replica_15/C
  -------------------------------------------------------------------    -------------------
    SLICE_X54Y101        FDRE (Prop_fdre_C_Q)         0.518     3.716 r  gru_bin_version_i/gru_va_0/inst/grp_gru_va_Pipeline_HIDDEN_LOOP_fu_804/ap_CS_fsm_reg[1]_replica_15/Q
                         net (fo=235, routed)         1.733     5.449    gru_bin_version_i/gru_va_0/inst/grp_gru_va_Pipeline_HIDDEN_LOOP_fu_804/grp_mac3_fu_2746/mul_21s_21s_40_1_1_U1/ap_CS_fsm_pp0_stage1_repN_15_alias
    SLICE_X49Y108        LUT3 (Prop_lut3_I1_O)        0.152     5.601 r  gru_bin_version_i/gru_va_0/inst/grp_gru_va_Pipeline_HIDDEN_LOOP_fu_804/grp_mac3_fu_2746/mul_21s_21s_40_1_1_U1/tmp_product_i_35__1/O
                         net (fo=11, routed)          1.149     6.751    gru_bin_version_i/gru_va_0/inst/grp_gru_va_Pipeline_HIDDEN_LOOP_fu_804/grp_mac3_fu_2746/mul_21s_21s_40_1_1_U1/tmp_product_i_35__1_n_3
    DSP48_X2Y41          DSP48E1 (Prop_dsp48e1_A[1]_P[17])
                                                      4.049    10.800 r  gru_bin_version_i/gru_va_0/inst/grp_gru_va_Pipeline_HIDDEN_LOOP_fu_804/grp_mac3_fu_2746/mul_21s_21s_40_1_1_U1/tmp_product/P[17]
                         net (fo=2, routed)           0.947    11.746    gru_bin_version_i/gru_va_0/inst/grp_gru_va_Pipeline_HIDDEN_LOOP_fu_804/grp_mac3_fu_2746/mul_21s_21s_40_1_1_U1/tmp_product_n_91
    SLICE_X32Y102        LUT2 (Prop_lut2_I0_O)        0.124    11.870 r  gru_bin_version_i/gru_va_0/inst/grp_gru_va_Pipeline_HIDDEN_LOOP_fu_804/grp_mac3_fu_2746/mul_21s_21s_40_1_1_U1/i__carry_i_4__33/O
                         net (fo=1, routed)           0.000    11.870    gru_bin_version_i/gru_va_0/inst/grp_gru_va_Pipeline_HIDDEN_LOOP_fu_804/grp_mac3_fu_2746/mul_21s_21s_40_1_1_U1/i__carry_i_4__33_n_3
    SLICE_X32Y102        CARRY4 (Prop_carry4_S[0]_CO[3])
                                                      0.513    12.383 r  gru_bin_version_i/gru_va_0/inst/grp_gru_va_Pipeline_HIDDEN_LOOP_fu_804/grp_mac3_fu_2746/mul_21s_21s_40_1_1_U1/tmp_product_inferred__0/i__carry/CO[3]
                         net (fo=1, routed)           0.000    12.383    gru_bin_version_i/gru_va_0/inst/grp_gru_va_Pipeline_HIDDEN_LOOP_fu_804/grp_mac3_fu_2746/mul_21s_21s_40_1_1_U1/tmp_product_inferred__0/i__carry_n_3
    SLICE_X32Y103        CARRY4 (Prop_carry4_CI_CO[3])
                                                      0.117    12.500 r  gru_bin_version_i/gru_va_0/inst/grp_gru_va_Pipeline_HIDDEN_LOOP_fu_804/grp_mac3_fu_2746/mul_21s_21s_40_1_1_U1/tmp_product_inferred__0/i__carry__0/CO[3]
                         net (fo=1, routed)           0.000    12.500    gru_bin_version_i/gru_va_0/inst/grp_gru_va_Pipeline_HIDDEN_LOOP_fu_804/grp_mac3_fu_2746/mul_21s_21s_40_1_1_U1/tmp_product_inferred__0/i__carry__0_n_3
    SLICE_X32Y104        CARRY4 (Prop_carry4_CI_CO[3])
                                                      0.117    12.617 r  gru_bin_version_i/gru_va_0/inst/grp_gru_va_Pipeline_HIDDEN_LOOP_fu_804/grp_mac3_fu_2746/mul_21s_21s_40_1_1_U1/tmp_product_inferred__0/i__carry__1/CO[3]
                         net (fo=1, routed)           0.000    12.617    gru_bin_version_i/gru_va_0/inst/grp_gru_va_Pipeline_HIDDEN_LOOP_fu_804/grp_mac3_fu_2746/mul_21s_21s_40_1_1_U1/tmp_product_inferred__0/i__carry__1_n_3
    SLICE_X32Y105        CARRY4 (Prop_carry4_CI_CO[3])
                                                      0.117    12.734 r  gru_bin_version_i/gru_va_0/inst/grp_gru_va_Pipeline_HIDDEN_LOOP_fu_804/grp_mac3_fu_2746/mul_21s_21s_40_1_1_U1/tmp_product_inferred__0/i__carry__2/CO[3]
                         net (fo=1, routed)           0.000    12.734    gru_bin_version_i/gru_va_0/inst/grp_gru_va_Pipeline_HIDDEN_LOOP_fu_804/grp_mac3_fu_2746/mul_21s_21s_40_1_1_U1/tmp_product_inferred__0/i__carry__2_n_3
    SLICE_X32Y106        CARRY4 (Prop_carry4_CI_CO[3])
                                                      0.117    12.851 r  gru_bin_version_i/gru_va_0/inst/grp_gru_va_Pipeline_HIDDEN_LOOP_fu_804/grp_mac3_fu_2746/mul_21s_21s_40_1_1_U1/tmp_product_inferred__0/i__carry__3/CO[3]
                         net (fo=1, routed)           0.000    12.851    gru_bin_version_i/gru_va_0/inst/grp_gru_va_Pipeline_HIDDEN_LOOP_fu_804/grp_mac3_fu_2746/mul_21s_21s_40_1_1_U1/tmp_product_inferred__0/i__carry__3_n_3
    SLICE_X32Y107        CARRY4 (Prop_carry4_CI_O[2])
                                                      0.239    13.090 r  gru_bin_version_i/gru_va_0/inst/grp_gru_va_Pipeline_HIDDEN_LOOP_fu_804/grp_mac3_fu_2746/mul_21s_21s_40_1_1_U1/tmp_product_inferred__0/i__carry__4/O[2]
                         net (fo=1, routed)           0.000    13.090    gru_bin_version_i/gru_va_0/inst/grp_gru_va_Pipeline_HIDDEN_LOOP_fu_804/grp_mac3_fu_2746/tmp_product0_out[22]
    SLICE_X32Y107        FDRE                                         r  gru_bin_version_i/gru_va_0/inst/grp_gru_va_Pipeline_HIDDEN_LOOP_fu_804/grp_mac3_fu_2746/mul_ln72_reg_296_reg[39]/D
  -------------------------------------------------------------------    -------------------

                         (clock clk_fpga_0 rise edge)
                                                     10.000    10.000 r  
    PS7_X0Y0             PS7                          0.000    10.000 r  gru_bin_version_i/processing_system7_0/inst/PS7_i/FCLKCLK[0]
                         net (fo=1, routed)           1.088    11.088    gru_bin_version_i/processing_system7_0/inst/FCLK_CLK_unbuffered[0]
    BUFGCTRL_X0Y16       BUFG (Prop_bufg_I_O)         0.091    11.179 r  gru_bin_version_i/processing_system7_0/inst/buffer_fclk_clk_0.FCLK_CLK_0_BUFG/O
                         net (fo=26756, routed)       1.652    12.831    gru_bin_version_i/gru_va_0/inst/grp_gru_va_Pipeline_HIDDEN_LOOP_fu_804/grp_mac3_fu_2746/ap_clk
    SLICE_X32Y107        FDRE                                         r  gru_bin_version_i/gru_va_0/inst/grp_gru_va_Pipeline_HIDDEN_LOOP_fu_804/grp_mac3_fu_2746/mul_ln72_reg_296_reg[39]/C
                         clock pessimism              0.147    12.978    
                         clock uncertainty           -0.154    12.824    
    SLICE_X32Y107        FDRE (Setup_fdre_C_D)        0.109    12.933    gru_bin_version_i/gru_va_0/inst/grp_gru_va_Pipeline_HIDDEN_LOOP_fu_804/grp_mac3_fu_2746/mul_ln72_reg_296_reg[39]
  -------------------------------------------------------------------
                         required time                         12.933    
                         arrival time                         -13.090    
  -------------------------------------------------------------------
                         slack                                 -0.158    

Slack (VIOLATED) :        -0.151ns  (required time - arrival time)
  Source:                 gru_bin_version_i/gru_va_0/inst/grp_gru_va_Pipeline_HIDDEN_LOOP_fu_804/ap_CS_fsm_reg[1]_replica_15/C
                            (rising edge-triggered cell FDRE clocked by clk_fpga_0  {rise@0.000ns fall@5.000ns period=10.000ns})
  Destination:            gru_bin_version_i/gru_va_0/inst/grp_gru_va_Pipeline_HIDDEN_LOOP_fu_804/grp_mac3_fu_2732/mul_ln74_reg_320_reg[38]/D
                            (rising edge-triggered cell FDRE clocked by clk_fpga_0  {rise@0.000ns fall@5.000ns period=10.000ns})
  Path Group:             clk_fpga_0
  Path Type:              Setup (Max at Slow Process Corner)
  Requirement:            10.000ns  (clk_fpga_0 rise@10.000ns - clk_fpga_0 rise@0.000ns)
  Data Path Delay:        9.647ns  (logic 6.157ns (63.823%)  route 3.490ns (36.177%))
  Logic Levels:           9  (CARRY4=6 DSP48E1=1 LUT2=1 LUT3=1)
  Clock Path Skew:        -0.412ns (DCD - SCD + CPR)
    Destination Clock Delay (DCD):    2.657ns = ( 12.657 - 10.000 ) 
    Source Clock Delay      (SCD):    3.198ns
    Clock Pessimism Removal (CPR):    0.129ns
  Clock Uncertainty:      0.154ns  ((TSJ^2 + TIJ^2)^1/2 + DJ) / 2 + PE
    Total System Jitter     (TSJ):    0.071ns
    Total Input Jitter      (TIJ):    0.300ns
    Discrete Jitter          (DJ):    0.000ns
    Phase Error              (PE):    0.000ns

    Location             Delay type                Incr(ns)  Path(ns)    Netlist Resource(s)
  -------------------------------------------------------------------    -------------------
                         (clock clk_fpga_0 rise edge)
                                                      0.000     0.000 r  
    PS7_X0Y0             PS7                          0.000     0.000 r  gru_bin_version_i/processing_system7_0/inst/PS7_i/FCLKCLK[0]
                         net (fo=1, routed)           1.193     1.193    gru_bin_version_i/processing_system7_0/inst/FCLK_CLK_unbuffered[0]
    BUFGCTRL_X0Y16       BUFG (Prop_bufg_I_O)         0.101     1.294 r  gru_bin_version_i/processing_system7_0/inst/buffer_fclk_clk_0.FCLK_CLK_0_BUFG/O
                         net (fo=26756, routed)       1.904     3.198    gru_bin_version_i/gru_va_0/inst/grp_gru_va_Pipeline_HIDDEN_LOOP_fu_804/ap_clk
    SLICE_X54Y101        FDRE                                         r  gru_bin_version_i/gru_va_0/inst/grp_gru_va_Pipeline_HIDDEN_LOOP_fu_804/ap_CS_fsm_reg[1]_replica_15/C
  -------------------------------------------------------------------    -------------------
    SLICE_X54Y101        FDRE (Prop_fdre_C_Q)         0.518     3.716 r  gru_bin_version_i/gru_va_0/inst/grp_gru_va_Pipeline_HIDDEN_LOOP_fu_804/ap_CS_fsm_reg[1]_replica_15/Q
                         net (fo=235, routed)         1.032     4.748    gru_bin_version_i/gru_va_0/inst/grp_gru_va_Pipeline_HIDDEN_LOOP_fu_804/grp_mac3_fu_2732/mul_21s_21s_40_1_1_U2/ap_CS_fsm_pp0_stage1_repN_15_alias
    SLICE_X63Y100        LUT3 (Prop_lut3_I1_O)        0.150     4.898 r  gru_bin_version_i/gru_va_0/inst/grp_gru_va_Pipeline_HIDDEN_LOOP_fu_804/grp_mac3_fu_2732/mul_21s_21s_40_1_1_U2/tmp_product_i_8__52/O
                         net (fo=10, routed)          1.412     6.309    gru_bin_version_i/gru_va_0/inst/grp_gru_va_Pipeline_HIDDEN_LOOP_fu_804/grp_mac3_fu_2732/mul_21s_21s_40_1_1_U2/tmp_product_i_8__52_n_3
    DSP48_X2Y38          DSP48E1 (Prop_dsp48e1_A[11]_P[17])
                                                      4.043    10.352 r  gru_bin_version_i/gru_va_0/inst/grp_gru_va_Pipeline_HIDDEN_LOOP_fu_804/grp_mac3_fu_2732/mul_21s_21s_40_1_1_U2/tmp_product/P[17]
                         net (fo=2, routed)           1.047    11.399    gru_bin_version_i/gru_va_0/inst/grp_gru_va_Pipeline_HIDDEN_LOOP_fu_804/grp_mac3_fu_2732/mul_21s_21s_40_1_1_U2/tmp_product_n_91
    SLICE_X48Y94         LUT2 (Prop_lut2_I0_O)        0.124    11.523 r  gru_bin_version_i/gru_va_0/inst/grp_gru_va_Pipeline_HIDDEN_LOOP_fu_804/grp_mac3_fu_2732/mul_21s_21s_40_1_1_U2/i__carry_i_4__50/O
                         net (fo=1, routed)           0.000    11.523    gru_bin_version_i/gru_va_0/inst/grp_gru_va_Pipeline_HIDDEN_LOOP_fu_804/grp_mac3_fu_2732/mul_21s_21s_40_1_1_U2/i__carry_i_4__50_n_3
    SLICE_X48Y94         CARRY4 (Prop_carry4_S[0]_CO[3])
                                                      0.532    12.055 r  gru_bin_version_i/gru_va_0/inst/grp_gru_va_Pipeline_HIDDEN_LOOP_fu_804/grp_mac3_fu_2732/mul_21s_21s_40_1_1_U2/tmp_product_inferred__0/i__carry/CO[3]
                         net (fo=1, routed)           0.000    12.055    gru_bin_version_i/gru_va_0/inst/grp_gru_va_Pipeline_HIDDEN_LOOP_fu_804/grp_mac3_fu_2732/mul_21s_21s_40_1_1_U2/tmp_product_inferred__0/i__carry_n_3
    SLICE_X48Y95         CARRY4 (Prop_carry4_CI_CO[3])
                                                      0.114    12.169 r  gru_bin_version_i/gru_va_0/inst/grp_gru_va_Pipeline_HIDDEN_LOOP_fu_804/grp_mac3_fu_2732/mul_21s_21s_40_1_1_U2/tmp_product_inferred__0/i__carry__0/CO[3]
                         net (fo=1, routed)           0.000    12.169    gru_bin_version_i/gru_va_0/inst/grp_gru_va_Pipeline_HIDDEN_LOOP_fu_804/grp_mac3_fu_2732/mul_21s_21s_40_1_1_U2/tmp_product_inferred__0/i__carry__0_n_3
    SLICE_X48Y96         CARRY4 (Prop_carry4_CI_CO[3])
                                                      0.114    12.283 r  gru_bin_version_i/gru_va_0/inst/grp_gru_va_Pipeline_HIDDEN_LOOP_fu_804/grp_mac3_fu_2732/mul_21s_21s_40_1_1_U2/tmp_product_inferred__0/i__carry__1/CO[3]
                         net (fo=1, routed)           0.000    12.283    gru_bin_version_i/gru_va_0/inst/grp_gru_va_Pipeline_HIDDEN_LOOP_fu_804/grp_mac3_fu_2732/mul_21s_21s_40_1_1_U2/tmp_product_inferred__0/i__carry__1_n_3
    SLICE_X48Y97         CARRY4 (Prop_carry4_CI_CO[3])
                                                      0.114    12.397 r  gru_bin_version_i/gru_va_0/inst/grp_gru_va_Pipeline_HIDDEN_LOOP_fu_804/grp_mac3_fu_2732/mul_21s_21s_40_1_1_U2/tmp_product_inferred__0/i__carry__2/CO[3]
                         net (fo=1, routed)           0.000    12.397    gru_bin_version_i/gru_va_0/inst/grp_gru_va_Pipeline_HIDDEN_LOOP_fu_804/grp_mac3_fu_2732/mul_21s_21s_40_1_1_U2/tmp_product_inferred__0/i__carry__2_n_3
    SLICE_X48Y98         CARRY4 (Prop_carry4_CI_CO[3])
                                                      0.114    12.511 r  gru_bin_version_i/gru_va_0/inst/grp_gru_va_Pipeline_HIDDEN_LOOP_fu_804/grp_mac3_fu_2732/mul_21s_21s_40_1_1_U2/tmp_product_inferred__0/i__carry__3/CO[3]
                         net (fo=1, routed)           0.000    12.511    gru_bin_version_i/gru_va_0/inst/grp_gru_va_Pipeline_HIDDEN_LOOP_fu_804/grp_mac3_fu_2732/mul_21s_21s_40_1_1_U2/tmp_product_inferred__0/i__carry__3_n_3
    SLICE_X48Y99         CARRY4 (Prop_carry4_CI_O[1])
                                                      0.334    12.845 r  gru_bin_version_i/gru_va_0/inst/grp_gru_va_Pipeline_HIDDEN_LOOP_fu_804/grp_mac3_fu_2732/mul_21s_21s_40_1_1_U2/tmp_product_inferred__0/i__carry__4/O[1]
                         net (fo=1, routed)           0.000    12.845    gru_bin_version_i/gru_va_0/inst/grp_gru_va_Pipeline_HIDDEN_LOOP_fu_804/grp_mac3_fu_2732/trunc_ln74_fu_100_p1[38]
    SLICE_X48Y99         FDRE                                         r  gru_bin_version_i/gru_va_0/inst/grp_gru_va_Pipeline_HIDDEN_LOOP_fu_804/grp_mac3_fu_2732/mul_ln74_reg_320_reg[38]/D
  -------------------------------------------------------------------    -------------------

                         (clock clk_fpga_0 rise edge)
                                                     10.000    10.000 r  
    PS7_X0Y0             PS7                          0.000    10.000 r  gru_bin_version_i/processing_system7_0/inst/PS7_i/FCLKCLK[0]
                         net (fo=1, routed)           1.088    11.088    gru_bin_version_i/processing_system7_0/inst/FCLK_CLK_unbuffered[0]
    BUFGCTRL_X0Y16       BUFG (Prop_bufg_I_O)         0.091    11.179 r  gru_bin_version_i/processing_system7_0/inst/buffer_fclk_clk_0.FCLK_CLK_0_BUFG/O
                         net (fo=26756, routed)       1.478    12.657    gru_bin_version_i/gru_va_0/inst/grp_gru_va_Pipeline_HIDDEN_LOOP_fu_804/grp_mac3_fu_2732/ap_clk
    SLICE_X48Y99         FDRE                                         r  gru_bin_version_i/gru_va_0/inst/grp_gru_va_Pipeline_HIDDEN_LOOP_fu_804/grp_mac3_fu_2732/mul_ln74_reg_320_reg[38]/C
                         clock pessimism              0.129    12.786    
                         clock uncertainty           -0.154    12.632    
    SLICE_X48Y99         FDRE (Setup_fdre_C_D)        0.062    12.694    gru_bin_version_i/gru_va_0/inst/grp_gru_va_Pipeline_HIDDEN_LOOP_fu_804/grp_mac3_fu_2732/mul_ln74_reg_320_reg[38]
  -------------------------------------------------------------------
                         required time                         12.694    
                         arrival time                         -12.845    
  -------------------------------------------------------------------
                         slack                                 -0.151    





Min Delay Paths
--------------------------------------------------------------------------------------
Slack (MET) :             0.050ns  (arrival time - required time)
  Source:                 gru_bin_version_i/axi_dma_0/U0/I_AXI_DMA_REG_MODULE/GEN_MM2S_REGISTERS.I_MM2S_DMA_REGISTER/GEN_REG_FOR_SMPL.buffer_address_i_reg[22]/C
                            (rising edge-triggered cell FDRE clocked by clk_fpga_0  {rise@0.000ns fall@5.000ns period=10.000ns})
  Destination:            gru_bin_version_i/axi_dma_0/U0/INCLUDE_MM2S_SOF_EOF_GENERATOR.I_MM2S_DMA_MNGR/GEN_MM2S_DMA_CONTROL.GEN_SIMPLE_DMA_MODE.I_MM2S_SMPL_SM/GEN_CMD_BTT_EQL_23.cmnd_data_reg[57]/D
                            (rising edge-triggered cell FDRE clocked by clk_fpga_0  {rise@0.000ns fall@5.000ns period=10.000ns})
  Path Group:             clk_fpga_0
  Path Type:              Hold (Min at Fast Process Corner)
  Requirement:            0.000ns  (clk_fpga_0 rise@0.000ns - clk_fpga_0 rise@0.000ns)
  Data Path Delay:        0.412ns  (logic 0.164ns (39.766%)  route 0.248ns (60.234%))
  Logic Levels:           0  
  Clock Path Skew:        0.287ns (DCD - SCD - CPR)
    Destination Clock Delay (DCD):    1.226ns
    Source Clock Delay      (SCD):    0.909ns
    Clock Pessimism Removal (CPR):    0.030ns

    Location             Delay type                Incr(ns)  Path(ns)    Netlist Resource(s)
  -------------------------------------------------------------------    -------------------
                         (clock clk_fpga_0 rise edge)
                                                      0.000     0.000 r  
    PS7_X0Y0             PS7                          0.000     0.000 r  gru_bin_version_i/processing_system7_0/inst/PS7_i/FCLKCLK[0]
                         net (fo=1, routed)           0.310     0.310    gru_bin_version_i/processing_system7_0/inst/FCLK_CLK_unbuffered[0]
    BUFGCTRL_X0Y16       BUFG (Prop_bufg_I_O)         0.026     0.336 r  gru_bin_version_i/processing_system7_0/inst/buffer_fclk_clk_0.FCLK_CLK_0_BUFG/O
                         net (fo=26756, routed)       0.573     0.909    gru_bin_version_i/axi_dma_0/U0/I_AXI_DMA_REG_MODULE/GEN_MM2S_REGISTERS.I_MM2S_DMA_REGISTER/s_axi_lite_aclk
    SLICE_X26Y54         FDRE                                         r  gru_bin_version_i/axi_dma_0/U0/I_AXI_DMA_REG_MODULE/GEN_MM2S_REGISTERS.I_MM2S_DMA_REGISTER/GEN_REG_FOR_SMPL.buffer_address_i_reg[22]/C
  -------------------------------------------------------------------    -------------------
    SLICE_X26Y54         FDRE (Prop_fdre_C_Q)         0.164     1.073 r  gru_bin_version_i/axi_dma_0/U0/I_AXI_DMA_REG_MODULE/GEN_MM2S_REGISTERS.I_MM2S_DMA_REGISTER/GEN_REG_FOR_SMPL.buffer_address_i_reg[22]/Q
                         net (fo=2, routed)           0.248     1.321    gru_bin_version_i/axi_dma_0/U0/INCLUDE_MM2S_SOF_EOF_GENERATOR.I_MM2S_DMA_MNGR/GEN_MM2S_DMA_CONTROL.GEN_SIMPLE_DMA_MODE.I_MM2S_SMPL_SM/Q[22]
    SLICE_X24Y49         FDRE                                         r  gru_bin_version_i/axi_dma_0/U0/INCLUDE_MM2S_SOF_EOF_GENERATOR.I_MM2S_DMA_MNGR/GEN_MM2S_DMA_CONTROL.GEN_SIMPLE_DMA_MODE.I_MM2S_SMPL_SM/GEN_CMD_BTT_EQL_23.cmnd_data_reg[57]/D
  -------------------------------------------------------------------    -------------------

                         (clock clk_fpga_0 rise edge)
                                                      0.000     0.000 r  
    PS7_X0Y0             PS7                          0.000     0.000 r  gru_bin_version_i/processing_system7_0/inst/PS7_i/FCLKCLK[0]
                         net (fo=1, routed)           0.337     0.337    gru_bin_version_i/processing_system7_0/inst/FCLK_CLK_unbuffered[0]
    BUFGCTRL_X0Y16       BUFG (Prop_bufg_I_O)         0.029     0.366 r  gru_bin_version_i/processing_system7_0/inst/buffer_fclk_clk_0.FCLK_CLK_0_BUFG/O
                         net (fo=26756, routed)       0.860     1.226    gru_bin_version_i/axi_dma_0/U0/INCLUDE_MM2S_SOF_EOF_GENERATOR.I_MM2S_DMA_MNGR/GEN_MM2S_DMA_CONTROL.GEN_SIMPLE_DMA_MODE.I_MM2S_SMPL_SM/s_axi_lite_aclk
    SLICE_X24Y49         FDRE                                         r  gru_bin_version_i/axi_dma_0/U0/INCLUDE_MM2S_SOF_EOF_GENERATOR.I_MM2S_DMA_MNGR/GEN_MM2S_DMA_CONTROL.GEN_SIMPLE_DMA_MODE.I_MM2S_SMPL_SM/GEN_CMD_BTT_EQL_23.cmnd_data_reg[57]/C
                         clock pessimism             -0.030     1.196    
    SLICE_X24Y49         FDRE (Hold_fdre_C_D)         0.075     1.271    gru_bin_version_i/axi_dma_0/U0/INCLUDE_MM2S_SOF_EOF_GENERATOR.I_MM2S_DMA_MNGR/GEN_MM2S_DMA_CONTROL.GEN_SIMPLE_DMA_MODE.I_MM2S_SMPL_SM/GEN_CMD_BTT_EQL_23.cmnd_data_reg[57]
  -------------------------------------------------------------------
                         required time                         -1.271    
                         arrival time                           1.321    
  -------------------------------------------------------------------
                         slack                                  0.050    

Slack (MET) :             0.051ns  (arrival time - required time)
  Source:                 gru_bin_version_i/axi_dma_0/U0/INCLUDE_S2MM_SOF_EOF_GENERATOR.I_S2MM_DMA_MNGR/GEN_S2MM_DMA_CONTROL.GEN_SIMPLE_DMA_MODE.I_S2MM_SMPL_SM/GEN_CMD_BTT_EQL_23.cmnd_data_reg[51]/C
                            (rising edge-triggered cell FDRE clocked by clk_fpga_0  {rise@0.000ns fall@5.000ns period=10.000ns})
  Destination:            gru_bin_version_i/axi_dma_0/U0/I_PRMRY_DATAMOVER/GEN_S2MM_FULL.I_S2MM_FULL_WRAPPER/I_CMD_STATUS/I_CMD_FIFO/USE_SINGLE_REG.sig_regfifo_dout_reg_reg[51]/D
                            (rising edge-triggered cell FDRE clocked by clk_fpga_0  {rise@0.000ns fall@5.000ns period=10.000ns})
  Path Group:             clk_fpga_0
  Path Type:              Hold (Min at Fast Process Corner)
  Requirement:            0.000ns  (clk_fpga_0 rise@0.000ns - clk_fpga_0 rise@0.000ns)
  Data Path Delay:        0.399ns  (logic 0.164ns (41.075%)  route 0.235ns (58.925%))
  Logic Levels:           0  
  Clock Path Skew:        0.272ns (DCD - SCD - CPR)
    Destination Clock Delay (DCD):    1.197ns
    Source Clock Delay      (SCD):    0.895ns
    Clock Pessimism Removal (CPR):    0.030ns

    Location             Delay type                Incr(ns)  Path(ns)    Netlist Resource(s)
  -------------------------------------------------------------------    -------------------
                         (clock clk_fpga_0 rise edge)
                                                      0.000     0.000 r  
    PS7_X0Y0             PS7                          0.000     0.000 r  gru_bin_version_i/processing_system7_0/inst/PS7_i/FCLKCLK[0]
                         net (fo=1, routed)           0.310     0.310    gru_bin_version_i/processing_system7_0/inst/FCLK_CLK_unbuffered[0]
    BUFGCTRL_X0Y16       BUFG (Prop_bufg_I_O)         0.026     0.336 r  gru_bin_version_i/processing_system7_0/inst/buffer_fclk_clk_0.FCLK_CLK_0_BUFG/O
                         net (fo=26756, routed)       0.559     0.895    gru_bin_version_i/axi_dma_0/U0/INCLUDE_S2MM_SOF_EOF_GENERATOR.I_S2MM_DMA_MNGR/GEN_S2MM_DMA_CONTROL.GEN_SIMPLE_DMA_MODE.I_S2MM_SMPL_SM/s_axi_lite_aclk
    SLICE_X32Y51         FDRE                                         r  gru_bin_version_i/axi_dma_0/U0/INCLUDE_S2MM_SOF_EOF_GENERATOR.I_S2MM_DMA_MNGR/GEN_S2MM_DMA_CONTROL.GEN_SIMPLE_DMA_MODE.I_S2MM_SMPL_SM/GEN_CMD_BTT_EQL_23.cmnd_data_reg[51]/C
  -------------------------------------------------------------------    -------------------
    SLICE_X32Y51         FDRE (Prop_fdre_C_Q)         0.164     1.059 r  gru_bin_version_i/axi_dma_0/U0/INCLUDE_S2MM_SOF_EOF_GENERATOR.I_S2MM_DMA_MNGR/GEN_S2MM_DMA_CONTROL.GEN_SIMPLE_DMA_MODE.I_S2MM_SMPL_SM/GEN_CMD_BTT_EQL_23.cmnd_data_reg[51]/Q
                         net (fo=1, routed)           0.235     1.294    gru_bin_version_i/axi_dma_0/U0/I_PRMRY_DATAMOVER/GEN_S2MM_FULL.I_S2MM_FULL_WRAPPER/I_CMD_STATUS/I_CMD_FIFO/USE_SINGLE_REG.sig_regfifo_dout_reg_reg[66]_0[44]
    SLICE_X32Y48         FDRE                                         r  gru_bin_version_i/axi_dma_0/U0/I_PRMRY_DATAMOVER/GEN_S2MM_FULL.I_S2MM_FULL_WRAPPER/I_CMD_STATUS/I_CMD_FIFO/USE_SINGLE_REG.sig_regfifo_dout_reg_reg[51]/D
  -------------------------------------------------------------------    -------------------

                         (clock clk_fpga_0 rise edge)
                                                      0.000     0.000 r  
    PS7_X0Y0             PS7                          0.000     0.000 r  gru_bin_version_i/processing_system7_0/inst/PS7_i/FCLKCLK[0]
                         net (fo=1, routed)           0.337     0.337    gru_bin_version_i/processing_system7_0/inst/FCLK_CLK_unbuffered[0]
    BUFGCTRL_X0Y16       BUFG (Prop_bufg_I_O)         0.029     0.366 r  gru_bin_version_i/processing_system7_0/inst/buffer_fclk_clk_0.FCLK_CLK_0_BUFG/O
                         net (fo=26756, routed)       0.831     1.197    gru_bin_version_i/axi_dma_0/U0/I_PRMRY_DATAMOVER/GEN_S2MM_FULL.I_S2MM_FULL_WRAPPER/I_CMD_STATUS/I_CMD_FIFO/m_axi_s2mm_aclk
    SLICE_X32Y48         FDRE                                         r  gru_bin_version_i/axi_dma_0/U0/I_PRMRY_DATAMOVER/GEN_S2MM_FULL.I_S2MM_FULL_WRAPPER/I_CMD_STATUS/I_CMD_FIFO/USE_SINGLE_REG.sig_regfifo_dout_reg_reg[51]/C
                         clock pessimism             -0.030     1.167    
    SLICE_X32Y48         FDRE (Hold_fdre_C_D)         0.076     1.243    gru_bin_version_i/axi_dma_0/U0/I_PRMRY_DATAMOVER/GEN_S2MM_FULL.I_S2MM_FULL_WRAPPER/I_CMD_STATUS/I_CMD_FIFO/USE_SINGLE_REG.sig_regfifo_dout_reg_reg[51]
  -------------------------------------------------------------------
                         required time                         -1.243    
                         arrival time                           1.294    
  -------------------------------------------------------------------
                         slack                                  0.051    

Slack (MET) :             0.051ns  (arrival time - required time)
  Source:                 gru_bin_version_i/gru_va_0/inst/shl_ln352_reg_4455_reg[1]/C
                            (rising edge-triggered cell FDRE clocked by clk_fpga_0  {rise@0.000ns fall@5.000ns period=10.000ns})
  Destination:            gru_bin_version_i/gru_va_0/inst/empty_47_reg_4460_reg[0]/D
                            (rising edge-triggered cell FDRE clocked by clk_fpga_0  {rise@0.000ns fall@5.000ns period=10.000ns})
  Path Group:             clk_fpga_0
  Path Type:              Hold (Min at Fast Process Corner)
  Requirement:            0.000ns  (clk_fpga_0 rise@0.000ns - clk_fpga_0 rise@0.000ns)
  Data Path Delay:        0.422ns  (logic 0.274ns (64.967%)  route 0.148ns (35.033%))
  Logic Levels:           2  (CARRY4=1 LUT3=1)
  Clock Path Skew:        0.265ns (DCD - SCD - CPR)
    Destination Clock Delay (DCD):    1.193ns
    Source Clock Delay      (SCD):    0.893ns
    Clock Pessimism Removal (CPR):    0.035ns

    Location             Delay type                Incr(ns)  Path(ns)    Netlist Resource(s)
  -------------------------------------------------------------------    -------------------
                         (clock clk_fpga_0 rise edge)
                                                      0.000     0.000 r  
    PS7_X0Y0             PS7                          0.000     0.000 r  gru_bin_version_i/processing_system7_0/inst/PS7_i/FCLKCLK[0]
                         net (fo=1, routed)           0.310     0.310    gru_bin_version_i/processing_system7_0/inst/FCLK_CLK_unbuffered[0]
    BUFGCTRL_X0Y16       BUFG (Prop_bufg_I_O)         0.026     0.336 r  gru_bin_version_i/processing_system7_0/inst/buffer_fclk_clk_0.FCLK_CLK_0_BUFG/O
                         net (fo=26756, routed)       0.557     0.893    gru_bin_version_i/gru_va_0/inst/ap_clk
    SLICE_X50Y40         FDRE                                         r  gru_bin_version_i/gru_va_0/inst/shl_ln352_reg_4455_reg[1]/C
  -------------------------------------------------------------------    -------------------
    SLICE_X50Y40         FDRE (Prop_fdre_C_Q)         0.164     1.057 r  gru_bin_version_i/gru_va_0/inst/shl_ln352_reg_4455_reg[1]/Q
                         net (fo=1, routed)           0.148     1.204    gru_bin_version_i/gru_va_0/inst/shl_ln352_reg_4455[1]
    SLICE_X49Y39         LUT3 (Prop_lut3_I1_O)        0.045     1.249 r  gru_bin_version_i/gru_va_0/inst/empty_47_reg_4460[2]_i_4/O
                         net (fo=1, routed)           0.000     1.249    gru_bin_version_i/gru_va_0/inst/cond45_i_i_fu_3581_p3[1]
    SLICE_X49Y39         CARRY4 (Prop_carry4_S[1]_O[1])
                                                      0.065     1.314 r  gru_bin_version_i/gru_va_0/inst/empty_47_reg_4460_reg[2]_i_1/O[1]
                         net (fo=1, routed)           0.000     1.314    gru_bin_version_i/gru_va_0/inst/add_ln352_2_fu_3589_p2[1]
    SLICE_X49Y39         FDRE                                         r  gru_bin_version_i/gru_va_0/inst/empty_47_reg_4460_reg[0]/D
  -------------------------------------------------------------------    -------------------

                         (clock clk_fpga_0 rise edge)
                                                      0.000     0.000 r  
    PS7_X0Y0             PS7                          0.000     0.000 r  gru_bin_version_i/processing_system7_0/inst/PS7_i/FCLKCLK[0]
                         net (fo=1, routed)           0.337     0.337    gru_bin_version_i/processing_system7_0/inst/FCLK_CLK_unbuffered[0]
    BUFGCTRL_X0Y16       BUFG (Prop_bufg_I_O)         0.029     0.366 r  gru_bin_version_i/processing_system7_0/inst/buffer_fclk_clk_0.FCLK_CLK_0_BUFG/O
                         net (fo=26756, routed)       0.827     1.193    gru_bin_version_i/gru_va_0/inst/ap_clk
    SLICE_X49Y39         FDRE                                         r  gru_bin_version_i/gru_va_0/inst/empty_47_reg_4460_reg[0]/C
                         clock pessimism             -0.035     1.158    
    SLICE_X49Y39         FDRE (Hold_fdre_C_D)         0.105     1.263    gru_bin_version_i/gru_va_0/inst/empty_47_reg_4460_reg[0]
  -------------------------------------------------------------------
                         required time                         -1.263    
                         arrival time                           1.314    
  -------------------------------------------------------------------
                         slack                                  0.051    

Slack (MET) :             0.052ns  (arrival time - required time)
  Source:                 gru_bin_version_i/gru_va_0/inst/grp_gru_va_Pipeline_HIDDEN_LOOP_fu_804/acc_z_13_reg_21161_reg[23]/C
                            (rising edge-triggered cell FDRE clocked by clk_fpga_0  {rise@0.000ns fall@5.000ns period=10.000ns})
  Destination:            gru_bin_version_i/gru_va_0/inst/grp_gru_va_Pipeline_HIDDEN_LOOP_fu_804/acc_z_13_reg_21161_pp0_iter3_reg_reg[23]_srl2/D
                            (rising edge-triggered cell SRL16E clocked by clk_fpga_0  {rise@0.000ns fall@5.000ns period=10.000ns})
  Path Group:             clk_fpga_0
  Path Type:              Hold (Min at Fast Process Corner)
  Requirement:            0.000ns  (clk_fpga_0 rise@0.000ns - clk_fpga_0 rise@0.000ns)
  Data Path Delay:        0.251ns  (logic 0.141ns (56.174%)  route 0.110ns (43.826%))
  Logic Levels:           0  
  Clock Path Skew:        0.016ns (DCD - SCD - CPR)
    Destination Clock Delay (DCD):    1.329ns
    Source Clock Delay      (SCD):    1.025ns
    Clock Pessimism Removal (CPR):    0.288ns

    Location             Delay type                Incr(ns)  Path(ns)    Netlist Resource(s)
  -------------------------------------------------------------------    -------------------
                         (clock clk_fpga_0 rise edge)
                                                      0.000     0.000 r  
    PS7_X0Y0             PS7                          0.000     0.000 r  gru_bin_version_i/processing_system7_0/inst/PS7_i/FCLKCLK[0]
                         net (fo=1, routed)           0.310     0.310    gru_bin_version_i/processing_system7_0/inst/FCLK_CLK_unbuffered[0]
    BUFGCTRL_X0Y16       BUFG (Prop_bufg_I_O)         0.026     0.336 r  gru_bin_version_i/processing_system7_0/inst/buffer_fclk_clk_0.FCLK_CLK_0_BUFG/O
                         net (fo=26756, routed)       0.689     1.025    gru_bin_version_i/gru_va_0/inst/grp_gru_va_Pipeline_HIDDEN_LOOP_fu_804/ap_clk
    SLICE_X99Y141        FDRE                                         r  gru_bin_version_i/gru_va_0/inst/grp_gru_va_Pipeline_HIDDEN_LOOP_fu_804/acc_z_13_reg_21161_reg[23]/C
  -------------------------------------------------------------------    -------------------
    SLICE_X99Y141        FDRE (Prop_fdre_C_Q)         0.141     1.166 r  gru_bin_version_i/gru_va_0/inst/grp_gru_va_Pipeline_HIDDEN_LOOP_fu_804/acc_z_13_reg_21161_reg[23]/Q
                         net (fo=1, routed)           0.110     1.276    gru_bin_version_i/gru_va_0/inst/grp_gru_va_Pipeline_HIDDEN_LOOP_fu_804/acc_z_13_reg_21161[23]
    SLICE_X98Y140        SRL16E                                       r  gru_bin_version_i/gru_va_0/inst/grp_gru_va_Pipeline_HIDDEN_LOOP_fu_804/acc_z_13_reg_21161_pp0_iter3_reg_reg[23]_srl2/D
  -------------------------------------------------------------------    -------------------

                         (clock clk_fpga_0 rise edge)
                                                      0.000     0.000 r  
    PS7_X0Y0             PS7                          0.000     0.000 r  gru_bin_version_i/processing_system7_0/inst/PS7_i/FCLKCLK[0]
                         net (fo=1, routed)           0.337     0.337    gru_bin_version_i/processing_system7_0/inst/FCLK_CLK_unbuffered[0]
    BUFGCTRL_X0Y16       BUFG (Prop_bufg_I_O)         0.029     0.366 r  gru_bin_version_i/processing_system7_0/inst/buffer_fclk_clk_0.FCLK_CLK_0_BUFG/O
                         net (fo=26756, routed)       0.963     1.329    gru_bin_version_i/gru_va_0/inst/grp_gru_va_Pipeline_HIDDEN_LOOP_fu_804/ap_clk
    SLICE_X98Y140        SRL16E                                       r  gru_bin_version_i/gru_va_0/inst/grp_gru_va_Pipeline_HIDDEN_LOOP_fu_804/acc_z_13_reg_21161_pp0_iter3_reg_reg[23]_srl2/CLK
                         clock pessimism             -0.288     1.041    
    SLICE_X98Y140        SRL16E (Hold_srl16e_CLK_D)
                                                      0.183     1.224    gru_bin_version_i/gru_va_0/inst/grp_gru_va_Pipeline_HIDDEN_LOOP_fu_804/acc_z_13_reg_21161_pp0_iter3_reg_reg[23]_srl2
  -------------------------------------------------------------------
                         required time                         -1.224    
                         arrival time                           1.276    
  -------------------------------------------------------------------
                         slack                                  0.052    

Slack (MET) :             0.052ns  (arrival time - required time)
  Source:                 gru_bin_version_i/gru_va_0/inst/grp_gru_va_Pipeline_HIDDEN_LOOP_fu_804/acc_z_17_reg_21233_reg[23]/C
                            (rising edge-triggered cell FDRE clocked by clk_fpga_0  {rise@0.000ns fall@5.000ns period=10.000ns})
  Destination:            gru_bin_version_i/gru_va_0/inst/grp_gru_va_Pipeline_HIDDEN_LOOP_fu_804/acc_z_17_reg_21233_pp0_iter4_reg_reg[23]_srl3/D
                            (rising edge-triggered cell SRL16E clocked by clk_fpga_0  {rise@0.000ns fall@5.000ns period=10.000ns})
  Path Group:             clk_fpga_0
  Path Type:              Hold (Min at Fast Process Corner)
  Requirement:            0.000ns  (clk_fpga_0 rise@0.000ns - clk_fpga_0 rise@0.000ns)
  Data Path Delay:        0.251ns  (logic 0.141ns (56.174%)  route 0.110ns (43.826%))
  Logic Levels:           0  
  Clock Path Skew:        0.016ns (DCD - SCD - CPR)
    Destination Clock Delay (DCD):    1.272ns
    Source Clock Delay      (SCD):    0.972ns
    Clock Pessimism Removal (CPR):    0.284ns

    Location             Delay type                Incr(ns)  Path(ns)    Netlist Resource(s)
  -------------------------------------------------------------------    -------------------
                         (clock clk_fpga_0 rise edge)
                                                      0.000     0.000 r  
    PS7_X0Y0             PS7                          0.000     0.000 r  gru_bin_version_i/processing_system7_0/inst/PS7_i/FCLKCLK[0]
                         net (fo=1, routed)           0.310     0.310    gru_bin_version_i/processing_system7_0/inst/FCLK_CLK_unbuffered[0]
    BUFGCTRL_X0Y16       BUFG (Prop_bufg_I_O)         0.026     0.336 r  gru_bin_version_i/processing_system7_0/inst/buffer_fclk_clk_0.FCLK_CLK_0_BUFG/O
                         net (fo=26756, routed)       0.636     0.972    gru_bin_version_i/gru_va_0/inst/grp_gru_va_Pipeline_HIDDEN_LOOP_fu_804/ap_clk
    SLICE_X109Y98        FDRE                                         r  gru_bin_version_i/gru_va_0/inst/grp_gru_va_Pipeline_HIDDEN_LOOP_fu_804/acc_z_17_reg_21233_reg[23]/C
  -------------------------------------------------------------------    -------------------
    SLICE_X109Y98        FDRE (Prop_fdre_C_Q)         0.141     1.113 r  gru_bin_version_i/gru_va_0/inst/grp_gru_va_Pipeline_HIDDEN_LOOP_fu_804/acc_z_17_reg_21233_reg[23]/Q
                         net (fo=1, routed)           0.110     1.223    gru_bin_version_i/gru_va_0/inst/grp_gru_va_Pipeline_HIDDEN_LOOP_fu_804/acc_z_17_reg_21233[23]
    SLICE_X108Y97        SRL16E                                       r  gru_bin_version_i/gru_va_0/inst/grp_gru_va_Pipeline_HIDDEN_LOOP_fu_804/acc_z_17_reg_21233_pp0_iter4_reg_reg[23]_srl3/D
  -------------------------------------------------------------------    -------------------

                         (clock clk_fpga_0 rise edge)
                                                      0.000     0.000 r  
    PS7_X0Y0             PS7                          0.000     0.000 r  gru_bin_version_i/processing_system7_0/inst/PS7_i/FCLKCLK[0]
                         net (fo=1, routed)           0.337     0.337    gru_bin_version_i/processing_system7_0/inst/FCLK_CLK_unbuffered[0]
    BUFGCTRL_X0Y16       BUFG (Prop_bufg_I_O)         0.029     0.366 r  gru_bin_version_i/processing_system7_0/inst/buffer_fclk_clk_0.FCLK_CLK_0_BUFG/O
                         net (fo=26756, routed)       0.906     1.272    gru_bin_version_i/gru_va_0/inst/grp_gru_va_Pipeline_HIDDEN_LOOP_fu_804/ap_clk
    SLICE_X108Y97        SRL16E                                       r  gru_bin_version_i/gru_va_0/inst/grp_gru_va_Pipeline_HIDDEN_LOOP_fu_804/acc_z_17_reg_21233_pp0_iter4_reg_reg[23]_srl3/CLK
                         clock pessimism             -0.284     0.988    
    SLICE_X108Y97        SRL16E (Hold_srl16e_CLK_D)
                                                      0.183     1.171    gru_bin_version_i/gru_va_0/inst/grp_gru_va_Pipeline_HIDDEN_LOOP_fu_804/acc_z_17_reg_21233_pp0_iter4_reg_reg[23]_srl3
  -------------------------------------------------------------------
                         required time                         -1.171    
                         arrival time                           1.223    
  -------------------------------------------------------------------
                         slack                                  0.052    

Slack (MET) :             0.052ns  (arrival time - required time)
  Source:                 gru_bin_version_i/gru_va_0/inst/grp_gru_va_Pipeline_HIDDEN_LOOP_fu_804/acc_z_28_reg_21448_reg[23]/C
                            (rising edge-triggered cell FDRE clocked by clk_fpga_0  {rise@0.000ns fall@5.000ns period=10.000ns})
  Destination:            gru_bin_version_i/gru_va_0/inst/grp_gru_va_Pipeline_HIDDEN_LOOP_fu_804/acc_z_28_reg_21448_pp0_iter7_reg_reg[23]_srl5/D
                            (rising edge-triggered cell SRL16E clocked by clk_fpga_0  {rise@0.000ns fall@5.000ns period=10.000ns})
  Path Group:             clk_fpga_0
  Path Type:              Hold (Min at Fast Process Corner)
  Requirement:            0.000ns  (clk_fpga_0 rise@0.000ns - clk_fpga_0 rise@0.000ns)
  Data Path Delay:        0.251ns  (logic 0.141ns (56.174%)  route 0.110ns (43.826%))
  Logic Levels:           0  
  Clock Path Skew:        0.016ns (DCD - SCD - CPR)
    Destination Clock Delay (DCD):    1.270ns
    Source Clock Delay      (SCD):    0.968ns
    Clock Pessimism Removal (CPR):    0.286ns

    Location             Delay type                Incr(ns)  Path(ns)    Netlist Resource(s)
  -------------------------------------------------------------------    -------------------
                         (clock clk_fpga_0 rise edge)
                                                      0.000     0.000 r  
    PS7_X0Y0             PS7                          0.000     0.000 r  gru_bin_version_i/processing_system7_0/inst/PS7_i/FCLKCLK[0]
                         net (fo=1, routed)           0.310     0.310    gru_bin_version_i/processing_system7_0/inst/FCLK_CLK_unbuffered[0]
    BUFGCTRL_X0Y16       BUFG (Prop_bufg_I_O)         0.026     0.336 r  gru_bin_version_i/processing_system7_0/inst/buffer_fclk_clk_0.FCLK_CLK_0_BUFG/O
                         net (fo=26756, routed)       0.632     0.968    gru_bin_version_i/gru_va_0/inst/grp_gru_va_Pipeline_HIDDEN_LOOP_fu_804/ap_clk
    SLICE_X51Y139        FDRE                                         r  gru_bin_version_i/gru_va_0/inst/grp_gru_va_Pipeline_HIDDEN_LOOP_fu_804/acc_z_28_reg_21448_reg[23]/C
  -------------------------------------------------------------------    -------------------
    SLICE_X51Y139        FDRE (Prop_fdre_C_Q)         0.141     1.109 r  gru_bin_version_i/gru_va_0/inst/grp_gru_va_Pipeline_HIDDEN_LOOP_fu_804/acc_z_28_reg_21448_reg[23]/Q
                         net (fo=1, routed)           0.110     1.219    gru_bin_version_i/gru_va_0/inst/grp_gru_va_Pipeline_HIDDEN_LOOP_fu_804/acc_z_28_reg_21448[23]
    SLICE_X50Y138        SRL16E                                       r  gru_bin_version_i/gru_va_0/inst/grp_gru_va_Pipeline_HIDDEN_LOOP_fu_804/acc_z_28_reg_21448_pp0_iter7_reg_reg[23]_srl5/D
  -------------------------------------------------------------------    -------------------

                         (clock clk_fpga_0 rise edge)
                                                      0.000     0.000 r  
    PS7_X0Y0             PS7                          0.000     0.000 r  gru_bin_version_i/processing_system7_0/inst/PS7_i/FCLKCLK[0]
                         net (fo=1, routed)           0.337     0.337    gru_bin_version_i/processing_system7_0/inst/FCLK_CLK_unbuffered[0]
    BUFGCTRL_X0Y16       BUFG (Prop_bufg_I_O)         0.029     0.366 r  gru_bin_version_i/processing_system7_0/inst/buffer_fclk_clk_0.FCLK_CLK_0_BUFG/O
                         net (fo=26756, routed)       0.904     1.270    gru_bin_version_i/gru_va_0/inst/grp_gru_va_Pipeline_HIDDEN_LOOP_fu_804/ap_clk
    SLICE_X50Y138        SRL16E                                       r  gru_bin_version_i/gru_va_0/inst/grp_gru_va_Pipeline_HIDDEN_LOOP_fu_804/acc_z_28_reg_21448_pp0_iter7_reg_reg[23]_srl5/CLK
                         clock pessimism             -0.286     0.984    
    SLICE_X50Y138        SRL16E (Hold_srl16e_CLK_D)
                                                      0.183     1.167    gru_bin_version_i/gru_va_0/inst/grp_gru_va_Pipeline_HIDDEN_LOOP_fu_804/acc_z_28_reg_21448_pp0_iter7_reg_reg[23]_srl5
  -------------------------------------------------------------------
                         required time                         -1.167    
                         arrival time                           1.219    
  -------------------------------------------------------------------
                         slack                                  0.052    

Slack (MET) :             0.052ns  (arrival time - required time)
  Source:                 gru_bin_version_i/axi_dma_0/U0/INCLUDE_S2MM_SOF_EOF_GENERATOR.I_S2MM_DMA_MNGR/GEN_S2MM_DMA_CONTROL.GEN_SIMPLE_DMA_MODE.I_S2MM_SMPL_SM/GEN_CMD_BTT_EQL_23.cmnd_data_reg[56]/C
                            (rising edge-triggered cell FDRE clocked by clk_fpga_0  {rise@0.000ns fall@5.000ns period=10.000ns})
  Destination:            gru_bin_version_i/axi_dma_0/U0/I_PRMRY_DATAMOVER/GEN_S2MM_FULL.I_S2MM_FULL_WRAPPER/I_CMD_STATUS/I_CMD_FIFO/USE_SINGLE_REG.sig_regfifo_dout_reg_reg[56]/D
                            (rising edge-triggered cell FDRE clocked by clk_fpga_0  {rise@0.000ns fall@5.000ns period=10.000ns})
  Path Group:             clk_fpga_0
  Path Type:              Hold (Min at Fast Process Corner)
  Requirement:            0.000ns  (clk_fpga_0 rise@0.000ns - clk_fpga_0 rise@0.000ns)
  Data Path Delay:        0.325ns  (logic 0.148ns (45.570%)  route 0.177ns (54.430%))
  Logic Levels:           0  
  Clock Path Skew:        0.272ns (DCD - SCD - CPR)
    Destination Clock Delay (DCD):    1.197ns
    Source Clock Delay      (SCD):    0.895ns
    Clock Pessimism Removal (CPR):    0.030ns

    Location             Delay type                Incr(ns)  Path(ns)    Netlist Resource(s)
  -------------------------------------------------------------------    -------------------
                         (clock clk_fpga_0 rise edge)
                                                      0.000     0.000 r  
    PS7_X0Y0             PS7                          0.000     0.000 r  gru_bin_version_i/processing_system7_0/inst/PS7_i/FCLKCLK[0]
                         net (fo=1, routed)           0.310     0.310    gru_bin_version_i/processing_system7_0/inst/FCLK_CLK_unbuffered[0]
    BUFGCTRL_X0Y16       BUFG (Prop_bufg_I_O)         0.026     0.336 r  gru_bin_version_i/processing_system7_0/inst/buffer_fclk_clk_0.FCLK_CLK_0_BUFG/O
                         net (fo=26756, routed)       0.559     0.895    gru_bin_version_i/axi_dma_0/U0/INCLUDE_S2MM_SOF_EOF_GENERATOR.I_S2MM_DMA_MNGR/GEN_S2MM_DMA_CONTROL.GEN_SIMPLE_DMA_MODE.I_S2MM_SMPL_SM/s_axi_lite_aclk
    SLICE_X32Y51         FDRE                                         r  gru_bin_version_i/axi_dma_0/U0/INCLUDE_S2MM_SOF_EOF_GENERATOR.I_S2MM_DMA_MNGR/GEN_S2MM_DMA_CONTROL.GEN_SIMPLE_DMA_MODE.I_S2MM_SMPL_SM/GEN_CMD_BTT_EQL_23.cmnd_data_reg[56]/C
  -------------------------------------------------------------------    -------------------
    SLICE_X32Y51         FDRE (Prop_fdre_C_Q)         0.148     1.043 r  gru_bin_version_i/axi_dma_0/U0/INCLUDE_S2MM_SOF_EOF_GENERATOR.I_S2MM_DMA_MNGR/GEN_S2MM_DMA_CONTROL.GEN_SIMPLE_DMA_MODE.I_S2MM_SMPL_SM/GEN_CMD_BTT_EQL_23.cmnd_data_reg[56]/Q
                         net (fo=1, routed)           0.177     1.219    gru_bin_version_i/axi_dma_0/U0/I_PRMRY_DATAMOVER/GEN_S2MM_FULL.I_S2MM_FULL_WRAPPER/I_CMD_STATUS/I_CMD_FIFO/USE_SINGLE_REG.sig_regfifo_dout_reg_reg[66]_0[49]
    SLICE_X32Y48         FDRE                                         r  gru_bin_version_i/axi_dma_0/U0/I_PRMRY_DATAMOVER/GEN_S2MM_FULL.I_S2MM_FULL_WRAPPER/I_CMD_STATUS/I_CMD_FIFO/USE_SINGLE_REG.sig_regfifo_dout_reg_reg[56]/D
  -------------------------------------------------------------------    -------------------

                         (clock clk_fpga_0 rise edge)
                                                      0.000     0.000 r  
    PS7_X0Y0             PS7                          0.000     0.000 r  gru_bin_version_i/processing_system7_0/inst/PS7_i/FCLKCLK[0]
                         net (fo=1, routed)           0.337     0.337    gru_bin_version_i/processing_system7_0/inst/FCLK_CLK_unbuffered[0]
    BUFGCTRL_X0Y16       BUFG (Prop_bufg_I_O)         0.029     0.366 r  gru_bin_version_i/processing_system7_0/inst/buffer_fclk_clk_0.FCLK_CLK_0_BUFG/O
                         net (fo=26756, routed)       0.831     1.197    gru_bin_version_i/axi_dma_0/U0/I_PRMRY_DATAMOVER/GEN_S2MM_FULL.I_S2MM_FULL_WRAPPER/I_CMD_STATUS/I_CMD_FIFO/m_axi_s2mm_aclk
    SLICE_X32Y48         FDRE                                         r  gru_bin_version_i/axi_dma_0/U0/I_PRMRY_DATAMOVER/GEN_S2MM_FULL.I_S2MM_FULL_WRAPPER/I_CMD_STATUS/I_CMD_FIFO/USE_SINGLE_REG.sig_regfifo_dout_reg_reg[56]/C
                         clock pessimism             -0.030     1.167    
    SLICE_X32Y48         FDRE (Hold_fdre_C_D)         0.000     1.167    gru_bin_version_i/axi_dma_0/U0/I_PRMRY_DATAMOVER/GEN_S2MM_FULL.I_S2MM_FULL_WRAPPER/I_CMD_STATUS/I_CMD_FIFO/USE_SINGLE_REG.sig_regfifo_dout_reg_reg[56]
  -------------------------------------------------------------------
                         required time                         -1.167    
                         arrival time                           1.219    
  -------------------------------------------------------------------
                         slack                                  0.052    

Slack (MET) :             0.053ns  (arrival time - required time)
  Source:                 gru_bin_version_i/gru_va_0/inst/regslice_both_audio_in_V_data_V_U/data_p1_reg[20]/C
                            (rising edge-triggered cell FDRE clocked by clk_fpga_0  {rise@0.000ns fall@5.000ns period=10.000ns})
  Destination:            gru_bin_version_i/gru_va_0/inst/fpext_32ns_64_2_no_dsp_1_U252/din0_buf1_reg[20]/D
                            (rising edge-triggered cell FDRE clocked by clk_fpga_0  {rise@0.000ns fall@5.000ns period=10.000ns})
  Path Group:             clk_fpga_0
  Path Type:              Hold (Min at Fast Process Corner)
  Requirement:            0.000ns  (clk_fpga_0 rise@0.000ns - clk_fpga_0 rise@0.000ns)
  Data Path Delay:        0.379ns  (logic 0.164ns (43.281%)  route 0.215ns (56.719%))
  Logic Levels:           0  
  Clock Path Skew:        0.255ns (DCD - SCD - CPR)
    Destination Clock Delay (DCD):    1.184ns
    Source Clock Delay      (SCD):    0.894ns
    Clock Pessimism Removal (CPR):    0.035ns

    Location             Delay type                Incr(ns)  Path(ns)    Netlist Resource(s)
  -------------------------------------------------------------------    -------------------
                         (clock clk_fpga_0 rise edge)
                                                      0.000     0.000 r  
    PS7_X0Y0             PS7                          0.000     0.000 r  gru_bin_version_i/processing_system7_0/inst/PS7_i/FCLKCLK[0]
                         net (fo=1, routed)           0.310     0.310    gru_bin_version_i/processing_system7_0/inst/FCLK_CLK_unbuffered[0]
    BUFGCTRL_X0Y16       BUFG (Prop_bufg_I_O)         0.026     0.336 r  gru_bin_version_i/processing_system7_0/inst/buffer_fclk_clk_0.FCLK_CLK_0_BUFG/O
                         net (fo=26756, routed)       0.558     0.894    gru_bin_version_i/gru_va_0/inst/regslice_both_audio_in_V_data_V_U/ap_clk
    SLICE_X46Y34         FDRE                                         r  gru_bin_version_i/gru_va_0/inst/regslice_both_audio_in_V_data_V_U/data_p1_reg[20]/C
  -------------------------------------------------------------------    -------------------
    SLICE_X46Y34         FDRE (Prop_fdre_C_Q)         0.164     1.058 r  gru_bin_version_i/gru_va_0/inst/regslice_both_audio_in_V_data_V_U/data_p1_reg[20]/Q
                         net (fo=1, routed)           0.215     1.272    gru_bin_version_i/gru_va_0/inst/fpext_32ns_64_2_no_dsp_1_U252/Q[20]
    SLICE_X51Y33         FDRE                                         r  gru_bin_version_i/gru_va_0/inst/fpext_32ns_64_2_no_dsp_1_U252/din0_buf1_reg[20]/D
  -------------------------------------------------------------------    -------------------

                         (clock clk_fpga_0 rise edge)
                                                      0.000     0.000 r  
    PS7_X0Y0             PS7                          0.000     0.000 r  gru_bin_version_i/processing_system7_0/inst/PS7_i/FCLKCLK[0]
                         net (fo=1, routed)           0.337     0.337    gru_bin_version_i/processing_system7_0/inst/FCLK_CLK_unbuffered[0]
    BUFGCTRL_X0Y16       BUFG (Prop_bufg_I_O)         0.029     0.366 r  gru_bin_version_i/processing_system7_0/inst/buffer_fclk_clk_0.FCLK_CLK_0_BUFG/O
                         net (fo=26756, routed)       0.818     1.184    gru_bin_version_i/gru_va_0/inst/fpext_32ns_64_2_no_dsp_1_U252/ap_clk
    SLICE_X51Y33         FDRE                                         r  gru_bin_version_i/gru_va_0/inst/fpext_32ns_64_2_no_dsp_1_U252/din0_buf1_reg[20]/C
                         clock pessimism             -0.035     1.149    
    SLICE_X51Y33         FDRE (Hold_fdre_C_D)         0.071     1.220    gru_bin_version_i/gru_va_0/inst/fpext_32ns_64_2_no_dsp_1_U252/din0_buf1_reg[20]
  -------------------------------------------------------------------
                         required time                         -1.220    
                         arrival time                           1.272    
  -------------------------------------------------------------------
                         slack                                  0.053    

Slack (MET) :             0.053ns  (arrival time - required time)
  Source:                 gru_bin_version_i/gru_va_0/inst/grp_gru_va_Pipeline_HIDDEN_LOOP_fu_804/acc_n_14_reg_21185_reg[23]/C
                            (rising edge-triggered cell FDRE clocked by clk_fpga_0  {rise@0.000ns fall@5.000ns period=10.000ns})
  Destination:            gru_bin_version_i/gru_va_0/inst/grp_gru_va_Pipeline_HIDDEN_LOOP_fu_804/acc_n_14_reg_21185_pp0_iter3_reg_reg[23]_srl2/D
                            (rising edge-triggered cell SRL16E clocked by clk_fpga_0  {rise@0.000ns fall@5.000ns period=10.000ns})
  Path Group:             clk_fpga_0
  Path Type:              Hold (Min at Fast Process Corner)
  Requirement:            0.000ns  (clk_fpga_0 rise@0.000ns - clk_fpga_0 rise@0.000ns)
  Data Path Delay:        0.251ns  (logic 0.141ns (56.174%)  route 0.110ns (43.826%))
  Logic Levels:           0  
  Clock Path Skew:        0.015ns (DCD - SCD - CPR)
    Destination Clock Delay (DCD):    1.325ns
    Source Clock Delay      (SCD):    1.022ns
    Clock Pessimism Removal (CPR):    0.288ns

    Location             Delay type                Incr(ns)  Path(ns)    Netlist Resource(s)
  -------------------------------------------------------------------    -------------------
                         (clock clk_fpga_0 rise edge)
                                                      0.000     0.000 r  
    PS7_X0Y0             PS7                          0.000     0.000 r  gru_bin_version_i/processing_system7_0/inst/PS7_i/FCLKCLK[0]
                         net (fo=1, routed)           0.310     0.310    gru_bin_version_i/processing_system7_0/inst/FCLK_CLK_unbuffered[0]
    BUFGCTRL_X0Y16       BUFG (Prop_bufg_I_O)         0.026     0.336 r  gru_bin_version_i/processing_system7_0/inst/buffer_fclk_clk_0.FCLK_CLK_0_BUFG/O
                         net (fo=26756, routed)       0.686     1.022    gru_bin_version_i/gru_va_0/inst/grp_gru_va_Pipeline_HIDDEN_LOOP_fu_804/ap_clk
    SLICE_X101Y114       FDRE                                         r  gru_bin_version_i/gru_va_0/inst/grp_gru_va_Pipeline_HIDDEN_LOOP_fu_804/acc_n_14_reg_21185_reg[23]/C
  -------------------------------------------------------------------    -------------------
    SLICE_X101Y114       FDRE (Prop_fdre_C_Q)         0.141     1.163 r  gru_bin_version_i/gru_va_0/inst/grp_gru_va_Pipeline_HIDDEN_LOOP_fu_804/acc_n_14_reg_21185_reg[23]/Q
                         net (fo=1, routed)           0.110     1.273    gru_bin_version_i/gru_va_0/inst/grp_gru_va_Pipeline_HIDDEN_LOOP_fu_804/acc_n_14_reg_21185[23]
    SLICE_X100Y113       SRL16E                                       r  gru_bin_version_i/gru_va_0/inst/grp_gru_va_Pipeline_HIDDEN_LOOP_fu_804/acc_n_14_reg_21185_pp0_iter3_reg_reg[23]_srl2/D
  -------------------------------------------------------------------    -------------------

                         (clock clk_fpga_0 rise edge)
                                                      0.000     0.000 r  
    PS7_X0Y0             PS7                          0.000     0.000 r  gru_bin_version_i/processing_system7_0/inst/PS7_i/FCLKCLK[0]
                         net (fo=1, routed)           0.337     0.337    gru_bin_version_i/processing_system7_0/inst/FCLK_CLK_unbuffered[0]
    BUFGCTRL_X0Y16       BUFG (Prop_bufg_I_O)         0.029     0.366 r  gru_bin_version_i/processing_system7_0/inst/buffer_fclk_clk_0.FCLK_CLK_0_BUFG/O
                         net (fo=26756, routed)       0.959     1.325    gru_bin_version_i/gru_va_0/inst/grp_gru_va_Pipeline_HIDDEN_LOOP_fu_804/ap_clk
    SLICE_X100Y113       SRL16E                                       r  gru_bin_version_i/gru_va_0/inst/grp_gru_va_Pipeline_HIDDEN_LOOP_fu_804/acc_n_14_reg_21185_pp0_iter3_reg_reg[23]_srl2/CLK
                         clock pessimism             -0.288     1.037    
    SLICE_X100Y113       SRL16E (Hold_srl16e_CLK_D)
                                                      0.183     1.220    gru_bin_version_i/gru_va_0/inst/grp_gru_va_Pipeline_HIDDEN_LOOP_fu_804/acc_n_14_reg_21185_pp0_iter3_reg_reg[23]_srl2
  -------------------------------------------------------------------
                         required time                         -1.220    
                         arrival time                           1.273    
  -------------------------------------------------------------------
                         slack                                  0.053    

Slack (MET) :             0.053ns  (arrival time - required time)
  Source:                 gru_bin_version_i/gru_va_0/inst/grp_gru_va_Pipeline_HIDDEN_LOOP_fu_804/val_n_in_reg_21293_reg[7]__0/C
                            (rising edge-triggered cell FDRE clocked by clk_fpga_0  {rise@0.000ns fall@5.000ns period=10.000ns})
  Destination:            gru_bin_version_i/gru_va_0/inst/grp_gru_va_Pipeline_HIDDEN_LOOP_fu_804/val_n_in_reg_21293_pp0_iter15_reg_reg[7]_srl14/D
                            (rising edge-triggered cell SRL16E clocked by clk_fpga_0  {rise@0.000ns fall@5.000ns period=10.000ns})
  Path Group:             clk_fpga_0
  Path Type:              Hold (Min at Fast Process Corner)
  Requirement:            0.000ns  (clk_fpga_0 rise@0.000ns - clk_fpga_0 rise@0.000ns)
  Data Path Delay:        0.251ns  (logic 0.141ns (56.174%)  route 0.110ns (43.826%))
  Logic Levels:           0  
  Clock Path Skew:        0.015ns (DCD - SCD - CPR)
    Destination Clock Delay (DCD):    1.218ns
    Source Clock Delay      (SCD):    0.921ns
    Clock Pessimism Removal (CPR):    0.282ns

    Location             Delay type                Incr(ns)  Path(ns)    Netlist Resource(s)
  -------------------------------------------------------------------    -------------------
                         (clock clk_fpga_0 rise edge)
                                                      0.000     0.000 r  
    PS7_X0Y0             PS7                          0.000     0.000 r  gru_bin_version_i/processing_system7_0/inst/PS7_i/FCLKCLK[0]
                         net (fo=1, routed)           0.310     0.310    gru_bin_version_i/processing_system7_0/inst/FCLK_CLK_unbuffered[0]
    BUFGCTRL_X0Y16       BUFG (Prop_bufg_I_O)         0.026     0.336 r  gru_bin_version_i/processing_system7_0/inst/buffer_fclk_clk_0.FCLK_CLK_0_BUFG/O
                         net (fo=26756, routed)       0.585     0.921    gru_bin_version_i/gru_va_0/inst/grp_gru_va_Pipeline_HIDDEN_LOOP_fu_804/ap_clk
    SLICE_X67Y43         FDRE                                         r  gru_bin_version_i/gru_va_0/inst/grp_gru_va_Pipeline_HIDDEN_LOOP_fu_804/val_n_in_reg_21293_reg[7]__0/C
  -------------------------------------------------------------------    -------------------
    SLICE_X67Y43         FDRE (Prop_fdre_C_Q)         0.141     1.062 r  gru_bin_version_i/gru_va_0/inst/grp_gru_va_Pipeline_HIDDEN_LOOP_fu_804/val_n_in_reg_21293_reg[7]__0/Q
                         net (fo=1, routed)           0.110     1.172    gru_bin_version_i/gru_va_0/inst/grp_gru_va_Pipeline_HIDDEN_LOOP_fu_804/val_n_in_reg_21293_reg[7]__0_n_3
    SLICE_X66Y42         SRL16E                                       r  gru_bin_version_i/gru_va_0/inst/grp_gru_va_Pipeline_HIDDEN_LOOP_fu_804/val_n_in_reg_21293_pp0_iter15_reg_reg[7]_srl14/D
  -------------------------------------------------------------------    -------------------

                         (clock clk_fpga_0 rise edge)
                                                      0.000     0.000 r  
    PS7_X0Y0             PS7                          0.000     0.000 r  gru_bin_version_i/processing_system7_0/inst/PS7_i/FCLKCLK[0]
                         net (fo=1, routed)           0.337     0.337    gru_bin_version_i/processing_system7_0/inst/FCLK_CLK_unbuffered[0]
    BUFGCTRL_X0Y16       BUFG (Prop_bufg_I_O)         0.029     0.366 r  gru_bin_version_i/processing_system7_0/inst/buffer_fclk_clk_0.FCLK_CLK_0_BUFG/O
                         net (fo=26756, routed)       0.852     1.218    gru_bin_version_i/gru_va_0/inst/grp_gru_va_Pipeline_HIDDEN_LOOP_fu_804/ap_clk
    SLICE_X66Y42         SRL16E                                       r  gru_bin_version_i/gru_va_0/inst/grp_gru_va_Pipeline_HIDDEN_LOOP_fu_804/val_n_in_reg_21293_pp0_iter15_reg_reg[7]_srl14/CLK
                         clock pessimism             -0.282     0.936    
    SLICE_X66Y42         SRL16E (Hold_srl16e_CLK_D)
                                                      0.183     1.119    gru_bin_version_i/gru_va_0/inst/grp_gru_va_Pipeline_HIDDEN_LOOP_fu_804/val_n_in_reg_21293_pp0_iter15_reg_reg[7]_srl14
  -------------------------------------------------------------------
                         required time                         -1.119    
                         arrival time                           1.172    
  -------------------------------------------------------------------
                         slack                                  0.053    





Pulse Width Checks
--------------------------------------------------------------------------------------
Clock Name:         clk_fpga_0
Waveform(ns):       { 0.000 5.000 }
Period(ns):         10.000
Sources:            { gru_bin_version_i/processing_system7_0/inst/PS7_i/FCLKCLK[0] }

Check Type        Corner  Lib Pin             Reference Pin  Required(ns)  Actual(ns)  Slack(ns)  Location      Pin
Min Period        n/a     DSP48E1/CLK         n/a            3.884         10.000      6.116      DSP48_X1Y16   gru_bin_version_i/gru_va_0/inst/grp_gru_va_Pipeline_HIDDEN_LOOP_fu_804/mul_ln331_reg_22558_reg/CLK
Min Period        n/a     DSP48E1/CLK         n/a            3.884         10.000      6.116      DSP48_X1Y17   gru_bin_version_i/gru_va_0/inst/grp_gru_va_Pipeline_HIDDEN_LOOP_fu_804/trunc_ln331_reg_22565_reg/CLK
Min Period        n/a     DSP48E1/CLK         n/a            3.687         10.000      6.313      DSP48_X3Y17   gru_bin_version_i/gru_va_0/inst/grp_gru_va_Pipeline_HIDDEN_LOOP_fu_804/mul_32s_21s_53_2_1_U16/buff0_reg/CLK
Min Period        n/a     RAMB36E1/CLKARDCLK  n/a            2.576         10.000      7.424      RAMB36_X0Y8   gru_bin_version_i/axi_dma_0/U0/I_PRMRY_DATAMOVER/GEN_MM2S_FULL.I_MM2S_FULL_WRAPPER/GEN_INCLUDE_MM2S_SF.I_RD_SF/I_DATA_FIFO/BLK_MEM.I_SYNC_FIFOGEN_FIFO/xpm_fifo_base_inst/gen_sdpram.xpm_memory_base_inst/gen_wr_a.gen_word_narrow.mem_reg_0/CLKARDCLK
Min Period        n/a     RAMB36E1/CLKBWRCLK  n/a            2.576         10.000      7.424      RAMB36_X0Y8   gru_bin_version_i/axi_dma_0/U0/I_PRMRY_DATAMOVER/GEN_MM2S_FULL.I_MM2S_FULL_WRAPPER/GEN_INCLUDE_MM2S_SF.I_RD_SF/I_DATA_FIFO/BLK_MEM.I_SYNC_FIFOGEN_FIFO/xpm_fifo_base_inst/gen_sdpram.xpm_memory_base_inst/gen_wr_a.gen_word_narrow.mem_reg_0/CLKBWRCLK
Min Period        n/a     RAMB18E1/CLKARDCLK  n/a            2.576         10.000      7.424      RAMB18_X0Y14  gru_bin_version_i/axi_dma_0/U0/I_PRMRY_DATAMOVER/GEN_MM2S_FULL.I_MM2S_FULL_WRAPPER/GEN_INCLUDE_MM2S_SF.I_RD_SF/I_DATA_FIFO/BLK_MEM.I_SYNC_FIFOGEN_FIFO/xpm_fifo_base_inst/gen_sdpram.xpm_memory_base_inst/gen_wr_a.gen_word_narrow.mem_reg_1/CLKARDCLK
Min Period        n/a     RAMB18E1/CLKBWRCLK  n/a            2.576         10.000      7.424      RAMB18_X0Y14  gru_bin_version_i/axi_dma_0/U0/I_PRMRY_DATAMOVER/GEN_MM2S_FULL.I_MM2S_FULL_WRAPPER/GEN_INCLUDE_MM2S_SF.I_RD_SF/I_DATA_FIFO/BLK_MEM.I_SYNC_FIFOGEN_FIFO/xpm_fifo_base_inst/gen_sdpram.xpm_memory_base_inst/gen_wr_a.gen_word_narrow.mem_reg_1/CLKBWRCLK
Min Period        n/a     RAMB36E1/CLKARDCLK  n/a            2.576         10.000      7.424      RAMB36_X1Y7   gru_bin_version_i/axi_dma_0/U0/I_PRMRY_DATAMOVER/GEN_S2MM_FULL.I_S2MM_FULL_WRAPPER/GEN_ENABLE_INDET_BTT_SF.I_INDET_BTT/I_DATA_FIFO/BLK_MEM.I_SYNC_FIFOGEN_FIFO/xpm_fifo_base_inst/gen_sdpram.xpm_memory_base_inst/gen_wr_a.gen_word_narrow.mem_reg_0/CLKARDCLK
Min Period        n/a     RAMB36E1/CLKBWRCLK  n/a            2.576         10.000      7.424      RAMB36_X1Y7   gru_bin_version_i/axi_dma_0/U0/I_PRMRY_DATAMOVER/GEN_S2MM_FULL.I_S2MM_FULL_WRAPPER/GEN_ENABLE_INDET_BTT_SF.I_INDET_BTT/I_DATA_FIFO/BLK_MEM.I_SYNC_FIFOGEN_FIFO/xpm_fifo_base_inst/gen_sdpram.xpm_memory_base_inst/gen_wr_a.gen_word_narrow.mem_reg_0/CLKBWRCLK
Min Period        n/a     RAMB18E1/CLKARDCLK  n/a            2.576         10.000      7.424      RAMB18_X2Y14  gru_bin_version_i/axi_dma_0/U0/I_PRMRY_DATAMOVER/GEN_S2MM_FULL.I_S2MM_FULL_WRAPPER/GEN_ENABLE_INDET_BTT_SF.I_INDET_BTT/I_DATA_FIFO/BLK_MEM.I_SYNC_FIFOGEN_FIFO/xpm_fifo_base_inst/gen_sdpram.xpm_memory_base_inst/gen_wr_a.gen_word_narrow.mem_reg_1/CLKARDCLK
Low Pulse Width   Slow    RAMD32/CLK          n/a            1.250         5.000       3.750      SLICE_X34Y38  gru_bin_version_i/axi_dma_0/U0/I_PRMRY_DATAMOVER/GEN_S2MM_FULL.I_S2MM_FULL_WRAPPER/GEN_ENABLE_INDET_BTT_SF.I_INDET_BTT/I_XD_FIFO/NON_BLK_MEM.I_SYNC_FIFOGEN_FIFO/xpm_fifo_base_inst/gen_sdpram.xpm_memory_base_inst/gen_wr_a.gen_word_narrow.mem_reg_0_15_0_5/RAMA/CLK
Low Pulse Width   Fast    RAMD32/CLK          n/a            1.250         5.000       3.750      SLICE_X34Y38  gru_bin_version_i/axi_dma_0/U0/I_PRMRY_DATAMOVER/GEN_S2MM_FULL.I_S2MM_FULL_WRAPPER/GEN_ENABLE_INDET_BTT_SF.I_INDET_BTT/I_XD_FIFO/NON_BLK_MEM.I_SYNC_FIFOGEN_FIFO/xpm_fifo_base_inst/gen_sdpram.xpm_memory_base_inst/gen_wr_a.gen_word_narrow.mem_reg_0_15_0_5/RAMA/CLK
Low Pulse Width   Slow    RAMD32/CLK          n/a            1.250         5.000       3.750      SLICE_X34Y38  gru_bin_version_i/axi_dma_0/U0/I_PRMRY_DATAMOVER/GEN_S2MM_FULL.I_S2MM_FULL_WRAPPER/GEN_ENABLE_INDET_BTT_SF.I_INDET_BTT/I_XD_FIFO/NON_BLK_MEM.I_SYNC_FIFOGEN_FIFO/xpm_fifo_base_inst/gen_sdpram.xpm_memory_base_inst/gen_wr_a.gen_word_narrow.mem_reg_0_15_0_5/RAMA_D1/CLK
Low Pulse Width   Fast    RAMD32/CLK          n/a            1.250         5.000       3.750      SLICE_X34Y38  gru_bin_version_i/axi_dma_0/U0/I_PRMRY_DATAMOVER/GEN_S2MM_FULL.I_S2MM_FULL_WRAPPER/GEN_ENABLE_INDET_BTT_SF.I_INDET_BTT/I_XD_FIFO/NON_BLK_MEM.I_SYNC_FIFOGEN_FIFO/xpm_fifo_base_inst/gen_sdpram.xpm_memory_base_inst/gen_wr_a.gen_word_narrow.mem_reg_0_15_0_5/RAMA_D1/CLK
Low Pulse Width   Slow    RAMD32/CLK          n/a            1.250         5.000       3.750      SLICE_X34Y38  gru_bin_version_i/axi_dma_0/U0/I_PRMRY_DATAMOVER/GEN_S2MM_FULL.I_S2MM_FULL_WRAPPER/GEN_ENABLE_INDET_BTT_SF.I_INDET_BTT/I_XD_FIFO/NON_BLK_MEM.I_SYNC_FIFOGEN_FIFO/xpm_fifo_base_inst/gen_sdpram.xpm_memory_base_inst/gen_wr_a.gen_word_narrow.mem_reg_0_15_0_5/RAMB/CLK
Low Pulse Width   Fast    RAMD32/CLK          n/a            1.250         5.000       3.750      SLICE_X34Y38  gru_bin_version_i/axi_dma_0/U0/I_PRMRY_DATAMOVER/GEN_S2MM_FULL.I_S2MM_FULL_WRAPPER/GEN_ENABLE_INDET_BTT_SF.I_INDET_BTT/I_XD_FIFO/NON_BLK_MEM.I_SYNC_FIFOGEN_FIFO/xpm_fifo_base_inst/gen_sdpram.xpm_memory_base_inst/gen_wr_a.gen_word_narrow.mem_reg_0_15_0_5/RAMB/CLK
Low Pulse Width   Slow    RAMD32/CLK          n/a            1.250         5.000       3.750      SLICE_X34Y38  gru_bin_version_i/axi_dma_0/U0/I_PRMRY_DATAMOVER/GEN_S2MM_FULL.I_S2MM_FULL_WRAPPER/GEN_ENABLE_INDET_BTT_SF.I_INDET_BTT/I_XD_FIFO/NON_BLK_MEM.I_SYNC_FIFOGEN_FIFO/xpm_fifo_base_inst/gen_sdpram.xpm_memory_base_inst/gen_wr_a.gen_word_narrow.mem_reg_0_15_0_5/RAMB_D1/CLK
Low Pulse Width   Fast    RAMD32/CLK          n/a            1.250         5.000       3.750      SLICE_X34Y38  gru_bin_version_i/axi_dma_0/U0/I_PRMRY_DATAMOVER/GEN_S2MM_FULL.I_S2MM_FULL_WRAPPER/GEN_ENABLE_INDET_BTT_SF.I_INDET_BTT/I_XD_FIFO/NON_BLK_MEM.I_SYNC_FIFOGEN_FIFO/xpm_fifo_base_inst/gen_sdpram.xpm_memory_base_inst/gen_wr_a.gen_word_narrow.mem_reg_0_15_0_5/RAMB_D1/CLK
Low Pulse Width   Slow    RAMD32/CLK          n/a            1.250         5.000       3.750      SLICE_X34Y38  gru_bin_version_i/axi_dma_0/U0/I_PRMRY_DATAMOVER/GEN_S2MM_FULL.I_S2MM_FULL_WRAPPER/GEN_ENABLE_INDET_BTT_SF.I_INDET_BTT/I_XD_FIFO/NON_BLK_MEM.I_SYNC_FIFOGEN_FIFO/xpm_fifo_base_inst/gen_sdpram.xpm_memory_base_inst/gen_wr_a.gen_word_narrow.mem_reg_0_15_0_5/RAMC/CLK
Low Pulse Width   Fast    RAMD32/CLK          n/a            1.250         5.000       3.750      SLICE_X34Y38  gru_bin_version_i/axi_dma_0/U0/I_PRMRY_DATAMOVER/GEN_S2MM_FULL.I_S2MM_FULL_WRAPPER/GEN_ENABLE_INDET_BTT_SF.I_INDET_BTT/I_XD_FIFO/NON_BLK_MEM.I_SYNC_FIFOGEN_FIFO/xpm_fifo_base_inst/gen_sdpram.xpm_memory_base_inst/gen_wr_a.gen_word_narrow.mem_reg_0_15_0_5/RAMC/CLK
High Pulse Width  Slow    RAMD32/CLK          n/a            1.250         5.000       3.750      SLICE_X34Y38  gru_bin_version_i/axi_dma_0/U0/I_PRMRY_DATAMOVER/GEN_S2MM_FULL.I_S2MM_FULL_WRAPPER/GEN_ENABLE_INDET_BTT_SF.I_INDET_BTT/I_XD_FIFO/NON_BLK_MEM.I_SYNC_FIFOGEN_FIFO/xpm_fifo_base_inst/gen_sdpram.xpm_memory_base_inst/gen_wr_a.gen_word_narrow.mem_reg_0_15_0_5/RAMA/CLK
High Pulse Width  Fast    RAMD32/CLK          n/a            1.250         5.000       3.750      SLICE_X34Y38  gru_bin_version_i/axi_dma_0/U0/I_PRMRY_DATAMOVER/GEN_S2MM_FULL.I_S2MM_FULL_WRAPPER/GEN_ENABLE_INDET_BTT_SF.I_INDET_BTT/I_XD_FIFO/NON_BLK_MEM.I_SYNC_FIFOGEN_FIFO/xpm_fifo_base_inst/gen_sdpram.xpm_memory_base_inst/gen_wr_a.gen_word_narrow.mem_reg_0_15_0_5/RAMA/CLK
High Pulse Width  Slow    RAMD32/CLK          n/a            1.250         5.000       3.750      SLICE_X34Y38  gru_bin_version_i/axi_dma_0/U0/I_PRMRY_DATAMOVER/GEN_S2MM_FULL.I_S2MM_FULL_WRAPPER/GEN_ENABLE_INDET_BTT_SF.I_INDET_BTT/I_XD_FIFO/NON_BLK_MEM.I_SYNC_FIFOGEN_FIFO/xpm_fifo_base_inst/gen_sdpram.xpm_memory_base_inst/gen_wr_a.gen_word_narrow.mem_reg_0_15_0_5/RAMA_D1/CLK
High Pulse Width  Fast    RAMD32/CLK          n/a            1.250         5.000       3.750      SLICE_X34Y38  gru_bin_version_i/axi_dma_0/U0/I_PRMRY_DATAMOVER/GEN_S2MM_FULL.I_S2MM_FULL_WRAPPER/GEN_ENABLE_INDET_BTT_SF.I_INDET_BTT/I_XD_FIFO/NON_BLK_MEM.I_SYNC_FIFOGEN_FIFO/xpm_fifo_base_inst/gen_sdpram.xpm_memory_base_inst/gen_wr_a.gen_word_narrow.mem_reg_0_15_0_5/RAMA_D1/CLK
High Pulse Width  Slow    RAMD32/CLK          n/a            1.250         5.000       3.750      SLICE_X34Y38  gru_bin_version_i/axi_dma_0/U0/I_PRMRY_DATAMOVER/GEN_S2MM_FULL.I_S2MM_FULL_WRAPPER/GEN_ENABLE_INDET_BTT_SF.I_INDET_BTT/I_XD_FIFO/NON_BLK_MEM.I_SYNC_FIFOGEN_FIFO/xpm_fifo_base_inst/gen_sdpram.xpm_memory_base_inst/gen_wr_a.gen_word_narrow.mem_reg_0_15_0_5/RAMB/CLK
High Pulse Width  Fast    RAMD32/CLK          n/a            1.250         5.000       3.750      SLICE_X34Y38  gru_bin_version_i/axi_dma_0/U0/I_PRMRY_DATAMOVER/GEN_S2MM_FULL.I_S2MM_FULL_WRAPPER/GEN_ENABLE_INDET_BTT_SF.I_INDET_BTT/I_XD_FIFO/NON_BLK_MEM.I_SYNC_FIFOGEN_FIFO/xpm_fifo_base_inst/gen_sdpram.xpm_memory_base_inst/gen_wr_a.gen_word_narrow.mem_reg_0_15_0_5/RAMB/CLK
High Pulse Width  Slow    RAMD32/CLK          n/a            1.250         5.000       3.750      SLICE_X34Y38  gru_bin_version_i/axi_dma_0/U0/I_PRMRY_DATAMOVER/GEN_S2MM_FULL.I_S2MM_FULL_WRAPPER/GEN_ENABLE_INDET_BTT_SF.I_INDET_BTT/I_XD_FIFO/NON_BLK_MEM.I_SYNC_FIFOGEN_FIFO/xpm_fifo_base_inst/gen_sdpram.xpm_memory_base_inst/gen_wr_a.gen_word_narrow.mem_reg_0_15_0_5/RAMB_D1/CLK
High Pulse Width  Fast    RAMD32/CLK          n/a            1.250         5.000       3.750      SLICE_X34Y38  gru_bin_version_i/axi_dma_0/U0/I_PRMRY_DATAMOVER/GEN_S2MM_FULL.I_S2MM_FULL_WRAPPER/GEN_ENABLE_INDET_BTT_SF.I_INDET_BTT/I_XD_FIFO/NON_BLK_MEM.I_SYNC_FIFOGEN_FIFO/xpm_fifo_base_inst/gen_sdpram.xpm_memory_base_inst/gen_wr_a.gen_word_narrow.mem_reg_0_15_0_5/RAMB_D1/CLK
High Pulse Width  Slow    RAMD32/CLK          n/a            1.250         5.000       3.750      SLICE_X34Y38  gru_bin_version_i/axi_dma_0/U0/I_PRMRY_DATAMOVER/GEN_S2MM_FULL.I_S2MM_FULL_WRAPPER/GEN_ENABLE_INDET_BTT_SF.I_INDET_BTT/I_XD_FIFO/NON_BLK_MEM.I_SYNC_FIFOGEN_FIFO/xpm_fifo_base_inst/gen_sdpram.xpm_memory_base_inst/gen_wr_a.gen_word_narrow.mem_reg_0_15_0_5/RAMC/CLK
High Pulse Width  Fast    RAMD32/CLK          n/a            1.250         5.000       3.750      SLICE_X34Y38  gru_bin_version_i/axi_dma_0/U0/I_PRMRY_DATAMOVER/GEN_S2MM_FULL.I_S2MM_FULL_WRAPPER/GEN_ENABLE_INDET_BTT_SF.I_INDET_BTT/I_XD_FIFO/NON_BLK_MEM.I_SYNC_FIFOGEN_FIFO/xpm_fifo_base_inst/gen_sdpram.xpm_memory_base_inst/gen_wr_a.gen_word_narrow.mem_reg_0_15_0_5/RAMC/CLK



---------------------------------------------------------------------------------------------------
Path Group:  **async_default**
From Clock:  clk_fpga_0
  To Clock:  clk_fpga_0

Setup :            0  Failing Endpoints,  Worst Slack        6.632ns,  Total Violation        0.000ns
Hold  :            0  Failing Endpoints,  Worst Slack        0.591ns,  Total Violation        0.000ns
---------------------------------------------------------------------------------------------------


Max Delay Paths
--------------------------------------------------------------------------------------
Slack (MET) :             6.632ns  (required time - arrival time)
  Source:                 gru_bin_version_wrapper/gru_bin_version/gru_bin_version_axi_mem_intercon_0/s02_couplers_imp_QTS1PG/gru_bin_version_axi_mem_intercon_imp_auto_pc_2/gru_bin_version_axi_mem_intercon_imp_auto_pc_2_axi_protocol_converter_v2_1_37_axi_protocol_converter/gru_bin_version_axi_mem_intercon_imp_auto_pc_2_axi_protocol_converter_v2_1_37_axi3_conv/gru_bin_version_axi_mem_intercon_imp_auto_pc_2_axi_protocol_converter_v2_1_37_a_axi3_conv/gru_bin_version_axi_mem_intercon_imp_auto_pc_2_axi_data_fifo_v2_1_36_axic_fifo/gru_bin_version_axi_mem_intercon_imp_auto_pc_2_axi_data_fifo_v2_1_36_fifo_gen/<hidden>/<hidden>/<hidden>/<hidden>/<hidden>/<hidden>
                            (rising edge-triggered cell FDPE clocked by clk_fpga_0  {rise@0.000ns fall@5.000ns period=10.000ns})
  Destination:            gru_bin_version_wrapper/gru_bin_version/gru_bin_version_axi_mem_intercon_0/s02_couplers_imp_QTS1PG/gru_bin_version_axi_mem_intercon_imp_auto_pc_2/gru_bin_version_axi_mem_intercon_imp_auto_pc_2_axi_protocol_converter_v2_1_37_axi_protocol_converter/gru_bin_version_axi_mem_intercon_imp_auto_pc_2_axi_protocol_converter_v2_1_37_axi3_conv/gru_bin_version_axi_mem_intercon_imp_auto_pc_2_axi_protocol_converter_v2_1_37_a_axi3_conv/gru_bin_version_axi_mem_intercon_imp_auto_pc_2_axi_data_fifo_v2_1_36_axic_fifo/gru_bin_version_axi_mem_intercon_imp_auto_pc_2_axi_data_fifo_v2_1_36_fifo_gen/<hidden>/<hidden>/<hidden>/<hidden>/<hidden>/<hidden>
                            (recovery check against rising-edge clock clk_fpga_0  {rise@0.000ns fall@5.000ns period=10.000ns})
  Path Group:             **async_default**
  Path Type:              Recovery (Max at Slow Process Corner)
  Requirement:            10.000ns  (clk_fpga_0 rise@10.000ns - clk_fpga_0 rise@0.000ns)
  Data Path Delay:        2.667ns  (logic 0.718ns (26.917%)  route 1.949ns (73.083%))
  Logic Levels:           1  (LUT3=1)
  Clock Path Skew:        -0.141ns (DCD - SCD + CPR)
    Destination Clock Delay (DCD):    2.657ns = ( 12.657 - 10.000 ) 
    Source Clock Delay      (SCD):    3.028ns
    Clock Pessimism Removal (CPR):    0.230ns
  Clock Uncertainty:      0.154ns  ((TSJ^2 + TIJ^2)^1/2 + DJ) / 2 + PE
    Total System Jitter     (TSJ):    0.071ns
    Total Input Jitter      (TIJ):    0.300ns
    Discrete Jitter          (DJ):    0.000ns
    Phase Error              (PE):    0.000ns

    Location             Delay type                Incr(ns)  Path(ns)    Netlist Resource(s)
  -------------------------------------------------------------------    -------------------
                         (clock clk_fpga_0 rise edge)
                                                      0.000     0.000 r  
    PS7_X0Y0             PS7                          0.000     0.000 r  gru_bin_version_i/processing_system7_0/inst/PS7_i/FCLKCLK[0]
                         net (fo=1, routed)           1.193     1.193    gru_bin_version_i/processing_system7_0/inst/FCLK_CLK_unbuffered[0]
    BUFGCTRL_X0Y16       BUFG (Prop_bufg_I_O)         0.101     1.294 r  gru_bin_version_i/processing_system7_0/inst/buffer_fclk_clk_0.FCLK_CLK_0_BUFG/O
                         net (fo=26756, routed)       1.734     3.028    gru_bin_version_wrapper/gru_bin_version/gru_bin_version_axi_mem_intercon_0/s02_couplers_imp_QTS1PG/gru_bin_version_axi_mem_intercon_imp_auto_pc_2/gru_bin_version_axi_mem_intercon_imp_auto_pc_2_axi_protocol_converter_v2_1_37_axi_protocol_converter/gru_bin_version_axi_mem_intercon_imp_auto_pc_2_axi_protocol_converter_v2_1_37_axi3_conv/gru_bin_version_axi_mem_intercon_imp_auto_pc_2_axi_protocol_converter_v2_1_37_a_axi3_conv/gru_bin_version_axi_mem_intercon_imp_auto_pc_2_axi_data_fifo_v2_1_36_axic_fifo/gru_bin_version_axi_mem_intercon_imp_auto_pc_2_axi_data_fifo_v2_1_36_fifo_gen/<hidden>/<hidden>/<hidden>/<hidden>/<hidden>/<hidden>
    SLICE_X29Y29         FDPE                                         r  gru_bin_version_wrapper/gru_bin_version/gru_bin_version_axi_mem_intercon_0/s02_couplers_imp_QTS1PG/gru_bin_version_axi_mem_intercon_imp_auto_pc_2/gru_bin_version_axi_mem_intercon_imp_auto_pc_2_axi_protocol_converter_v2_1_37_axi_protocol_converter/gru_bin_version_axi_mem_intercon_imp_auto_pc_2_axi_protocol_converter_v2_1_37_axi3_conv/gru_bin_version_axi_mem_intercon_imp_auto_pc_2_axi_protocol_converter_v2_1_37_a_axi3_conv/gru_bin_version_axi_mem_intercon_imp_auto_pc_2_axi_data_fifo_v2_1_36_axic_fifo/gru_bin_version_axi_mem_intercon_imp_auto_pc_2_axi_data_fifo_v2_1_36_fifo_gen/<hidden>/<hidden>/<hidden>/<hidden>/<hidden>/<hidden>
  -------------------------------------------------------------------    -------------------
    SLICE_X29Y29         FDPE (Prop_fdpe_C_Q)         0.419     3.447 f  gru_bin_version_wrapper/gru_bin_version/gru_bin_version_axi_mem_intercon_0/s02_couplers_imp_QTS1PG/gru_bin_version_axi_mem_intercon_imp_auto_pc_2/gru_bin_version_axi_mem_intercon_imp_auto_pc_2_axi_protocol_converter_v2_1_37_axi_protocol_converter/gru_bin_version_axi_mem_intercon_imp_auto_pc_2_axi_protocol_converter_v2_1_37_axi3_conv/gru_bin_version_axi_mem_intercon_imp_auto_pc_2_axi_protocol_converter_v2_1_37_a_axi3_conv/gru_bin_version_axi_mem_intercon_imp_auto_pc_2_axi_data_fifo_v2_1_36_axic_fifo/gru_bin_version_axi_mem_intercon_imp_auto_pc_2_axi_data_fifo_v2_1_36_fifo_gen/<hidden>/<hidden>/<hidden>/<hidden>/<hidden>/<hidden>
                         net (fo=2, routed)           0.648     4.095    gru_bin_version_wrapper/gru_bin_version/gru_bin_version_axi_mem_intercon_0/s02_couplers_imp_QTS1PG/gru_bin_version_axi_mem_intercon_imp_auto_pc_2/gru_bin_version_axi_mem_intercon_imp_auto_pc_2_axi_protocol_converter_v2_1_37_axi_protocol_converter/gru_bin_version_axi_mem_intercon_imp_auto_pc_2_axi_protocol_converter_v2_1_37_axi3_conv/gru_bin_version_axi_mem_intercon_imp_auto_pc_2_axi_protocol_converter_v2_1_37_a_axi3_conv/gru_bin_version_axi_mem_intercon_imp_auto_pc_2_axi_data_fifo_v2_1_36_axic_fifo/gru_bin_version_axi_mem_intercon_imp_auto_pc_2_axi_data_fifo_v2_1_36_fifo_gen/<hidden>/<hidden>/<hidden>/<hidden>/<hidden>
    SLICE_X28Y29         LUT3 (Prop_lut3_I2_O)        0.299     4.394 f  gru_bin_version_wrapper/gru_bin_version/gru_bin_version_axi_mem_intercon_0/s02_couplers_imp_QTS1PG/gru_bin_version_axi_mem_intercon_imp_auto_pc_2/gru_bin_version_axi_mem_intercon_imp_auto_pc_2_axi_protocol_converter_v2_1_37_axi_protocol_converter/gru_bin_version_axi_mem_intercon_imp_auto_pc_2_axi_protocol_converter_v2_1_37_axi3_conv/gru_bin_version_axi_mem_intercon_imp_auto_pc_2_axi_protocol_converter_v2_1_37_a_axi3_conv/gru_bin_version_axi_mem_intercon_imp_auto_pc_2_axi_data_fifo_v2_1_36_axic_fifo/gru_bin_version_axi_mem_intercon_imp_auto_pc_2_axi_data_fifo_v2_1_36_fifo_gen/<hidden>/<hidden>/<hidden>/<hidden>/<hidden>
                         net (fo=32, routed)          1.302     5.695    gru_bin_version_wrapper/gru_bin_version/gru_bin_version_axi_mem_intercon_0/s02_couplers_imp_QTS1PG/gru_bin_version_axi_mem_intercon_imp_auto_pc_2/gru_bin_version_axi_mem_intercon_imp_auto_pc_2_axi_protocol_converter_v2_1_37_axi_protocol_converter/gru_bin_version_axi_mem_intercon_imp_auto_pc_2_axi_protocol_converter_v2_1_37_axi3_conv/gru_bin_version_axi_mem_intercon_imp_auto_pc_2_axi_protocol_converter_v2_1_37_a_axi3_conv/gru_bin_version_axi_mem_intercon_imp_auto_pc_2_axi_data_fifo_v2_1_36_axic_fifo/gru_bin_version_axi_mem_intercon_imp_auto_pc_2_axi_data_fifo_v2_1_36_fifo_gen/<hidden>/<hidden>/<hidden>/<hidden>/<hidden>/<hidden>
    SLICE_X33Y25         FDCE                                         f  gru_bin_version_wrapper/gru_bin_version/gru_bin_version_axi_mem_intercon_0/s02_couplers_imp_QTS1PG/gru_bin_version_axi_mem_intercon_imp_auto_pc_2/gru_bin_version_axi_mem_intercon_imp_auto_pc_2_axi_protocol_converter_v2_1_37_axi_protocol_converter/gru_bin_version_axi_mem_intercon_imp_auto_pc_2_axi_protocol_converter_v2_1_37_axi3_conv/gru_bin_version_axi_mem_intercon_imp_auto_pc_2_axi_protocol_converter_v2_1_37_a_axi3_conv/gru_bin_version_axi_mem_intercon_imp_auto_pc_2_axi_data_fifo_v2_1_36_axic_fifo/gru_bin_version_axi_mem_intercon_imp_auto_pc_2_axi_data_fifo_v2_1_36_fifo_gen/<hidden>/<hidden>/<hidden>/<hidden>/<hidden>/<hidden>
  -------------------------------------------------------------------    -------------------

                         (clock clk_fpga_0 rise edge)
                                                     10.000    10.000 r  
    PS7_X0Y0             PS7                          0.000    10.000 r  gru_bin_version_i/processing_system7_0/inst/PS7_i/FCLKCLK[0]
                         net (fo=1, routed)           1.088    11.088    gru_bin_version_i/processing_system7_0/inst/FCLK_CLK_unbuffered[0]
    BUFGCTRL_X0Y16       BUFG (Prop_bufg_I_O)         0.091    11.179 r  gru_bin_version_i/processing_system7_0/inst/buffer_fclk_clk_0.FCLK_CLK_0_BUFG/O
                         net (fo=26756, routed)       1.478    12.658    gru_bin_version_wrapper/gru_bin_version/gru_bin_version_axi_mem_intercon_0/s02_couplers_imp_QTS1PG/gru_bin_version_axi_mem_intercon_imp_auto_pc_2/gru_bin_version_axi_mem_intercon_imp_auto_pc_2_axi_protocol_converter_v2_1_37_axi_protocol_converter/gru_bin_version_axi_mem_intercon_imp_auto_pc_2_axi_protocol_converter_v2_1_37_axi3_conv/gru_bin_version_axi_mem_intercon_imp_auto_pc_2_axi_protocol_converter_v2_1_37_a_axi3_conv/gru_bin_version_axi_mem_intercon_imp_auto_pc_2_axi_data_fifo_v2_1_36_axic_fifo/gru_bin_version_axi_mem_intercon_imp_auto_pc_2_axi_data_fifo_v2_1_36_fifo_gen/<hidden>/<hidden>/<hidden>/<hidden>/<hidden>/<hidden>
    SLICE_X33Y25         FDCE                                         r  gru_bin_version_wrapper/gru_bin_version/gru_bin_version_axi_mem_intercon_0/s02_couplers_imp_QTS1PG/gru_bin_version_axi_mem_intercon_imp_auto_pc_2/gru_bin_version_axi_mem_intercon_imp_auto_pc_2_axi_protocol_converter_v2_1_37_axi_protocol_converter/gru_bin_version_axi_mem_intercon_imp_auto_pc_2_axi_protocol_converter_v2_1_37_axi3_conv/gru_bin_version_axi_mem_intercon_imp_auto_pc_2_axi_protocol_converter_v2_1_37_a_axi3_conv/gru_bin_version_axi_mem_intercon_imp_auto_pc_2_axi_data_fifo_v2_1_36_axic_fifo/gru_bin_version_axi_mem_intercon_imp_auto_pc_2_axi_data_fifo_v2_1_36_fifo_gen/<hidden>/<hidden>/<hidden>/<hidden>/<hidden>/<hidden>
                         clock pessimism              0.230    12.887    
                         clock uncertainty           -0.154    12.733    
    SLICE_X33Y25         FDCE (Recov_fdce_C_CLR)     -0.405    12.328    gru_bin_version_wrapper/gru_bin_version/gru_bin_version_axi_mem_intercon_0/s02_couplers_imp_QTS1PG/gru_bin_version_axi_mem_intercon_imp_auto_pc_2/gru_bin_version_axi_mem_intercon_imp_auto_pc_2_axi_protocol_converter_v2_1_37_axi_protocol_converter/gru_bin_version_axi_mem_intercon_imp_auto_pc_2_axi_protocol_converter_v2_1_37_axi3_conv/gru_bin_version_axi_mem_intercon_imp_auto_pc_2_axi_protocol_converter_v2_1_37_a_axi3_conv/gru_bin_version_axi_mem_intercon_imp_auto_pc_2_axi_data_fifo_v2_1_36_axic_fifo/gru_bin_version_axi_mem_intercon_imp_auto_pc_2_axi_data_fifo_v2_1_36_fifo_gen/<hidden>/<hidden>/<hidden>/<hidden>/<hidden>/<hidden>
  -------------------------------------------------------------------
                         required time                         12.328    
                         arrival time                          -5.695    
  -------------------------------------------------------------------
                         slack                                  6.632    

Slack (MET) :             6.632ns  (required time - arrival time)
  Source:                 gru_bin_version_wrapper/gru_bin_version/gru_bin_version_axi_mem_intercon_0/s02_couplers_imp_QTS1PG/gru_bin_version_axi_mem_intercon_imp_auto_pc_2/gru_bin_version_axi_mem_intercon_imp_auto_pc_2_axi_protocol_converter_v2_1_37_axi_protocol_converter/gru_bin_version_axi_mem_intercon_imp_auto_pc_2_axi_protocol_converter_v2_1_37_axi3_conv/gru_bin_version_axi_mem_intercon_imp_auto_pc_2_axi_protocol_converter_v2_1_37_a_axi3_conv/gru_bin_version_axi_mem_intercon_imp_auto_pc_2_axi_data_fifo_v2_1_36_axic_fifo/gru_bin_version_axi_mem_intercon_imp_auto_pc_2_axi_data_fifo_v2_1_36_fifo_gen/<hidden>/<hidden>/<hidden>/<hidden>/<hidden>/<hidden>
                            (rising edge-triggered cell FDPE clocked by clk_fpga_0  {rise@0.000ns fall@5.000ns period=10.000ns})
  Destination:            gru_bin_version_wrapper/gru_bin_version/gru_bin_version_axi_mem_intercon_0/s02_couplers_imp_QTS1PG/gru_bin_version_axi_mem_intercon_imp_auto_pc_2/gru_bin_version_axi_mem_intercon_imp_auto_pc_2_axi_protocol_converter_v2_1_37_axi_protocol_converter/gru_bin_version_axi_mem_intercon_imp_auto_pc_2_axi_protocol_converter_v2_1_37_axi3_conv/gru_bin_version_axi_mem_intercon_imp_auto_pc_2_axi_protocol_converter_v2_1_37_a_axi3_conv/gru_bin_version_axi_mem_intercon_imp_auto_pc_2_axi_data_fifo_v2_1_36_axic_fifo/gru_bin_version_axi_mem_intercon_imp_auto_pc_2_axi_data_fifo_v2_1_36_fifo_gen/<hidden>/<hidden>/<hidden>/<hidden>/<hidden>/<hidden>
                            (recovery check against rising-edge clock clk_fpga_0  {rise@0.000ns fall@5.000ns period=10.000ns})
  Path Group:             **async_default**
  Path Type:              Recovery (Max at Slow Process Corner)
  Requirement:            10.000ns  (clk_fpga_0 rise@10.000ns - clk_fpga_0 rise@0.000ns)
  Data Path Delay:        2.667ns  (logic 0.718ns (26.917%)  route 1.949ns (73.083%))
  Logic Levels:           1  (LUT3=1)
  Clock Path Skew:        -0.141ns (DCD - SCD + CPR)
    Destination Clock Delay (DCD):    2.657ns = ( 12.657 - 10.000 ) 
    Source Clock Delay      (SCD):    3.028ns
    Clock Pessimism Removal (CPR):    0.230ns
  Clock Uncertainty:      0.154ns  ((TSJ^2 + TIJ^2)^1/2 + DJ) / 2 + PE
    Total System Jitter     (TSJ):    0.071ns
    Total Input Jitter      (TIJ):    0.300ns
    Discrete Jitter          (DJ):    0.000ns
    Phase Error              (PE):    0.000ns

    Location             Delay type                Incr(ns)  Path(ns)    Netlist Resource(s)
  -------------------------------------------------------------------    -------------------
                         (clock clk_fpga_0 rise edge)
                                                      0.000     0.000 r  
    PS7_X0Y0             PS7                          0.000     0.000 r  gru_bin_version_i/processing_system7_0/inst/PS7_i/FCLKCLK[0]
                         net (fo=1, routed)           1.193     1.193    gru_bin_version_i/processing_system7_0/inst/FCLK_CLK_unbuffered[0]
    BUFGCTRL_X0Y16       BUFG (Prop_bufg_I_O)         0.101     1.294 r  gru_bin_version_i/processing_system7_0/inst/buffer_fclk_clk_0.FCLK_CLK_0_BUFG/O
                         net (fo=26756, routed)       1.734     3.028    gru_bin_version_wrapper/gru_bin_version/gru_bin_version_axi_mem_intercon_0/s02_couplers_imp_QTS1PG/gru_bin_version_axi_mem_intercon_imp_auto_pc_2/gru_bin_version_axi_mem_intercon_imp_auto_pc_2_axi_protocol_converter_v2_1_37_axi_protocol_converter/gru_bin_version_axi_mem_intercon_imp_auto_pc_2_axi_protocol_converter_v2_1_37_axi3_conv/gru_bin_version_axi_mem_intercon_imp_auto_pc_2_axi_protocol_converter_v2_1_37_a_axi3_conv/gru_bin_version_axi_mem_intercon_imp_auto_pc_2_axi_data_fifo_v2_1_36_axic_fifo/gru_bin_version_axi_mem_intercon_imp_auto_pc_2_axi_data_fifo_v2_1_36_fifo_gen/<hidden>/<hidden>/<hidden>/<hidden>/<hidden>/<hidden>
    SLICE_X29Y29         FDPE                                         r  gru_bin_version_wrapper/gru_bin_version/gru_bin_version_axi_mem_intercon_0/s02_couplers_imp_QTS1PG/gru_bin_version_axi_mem_intercon_imp_auto_pc_2/gru_bin_version_axi_mem_intercon_imp_auto_pc_2_axi_protocol_converter_v2_1_37_axi_protocol_converter/gru_bin_version_axi_mem_intercon_imp_auto_pc_2_axi_protocol_converter_v2_1_37_axi3_conv/gru_bin_version_axi_mem_intercon_imp_auto_pc_2_axi_protocol_converter_v2_1_37_a_axi3_conv/gru_bin_version_axi_mem_intercon_imp_auto_pc_2_axi_data_fifo_v2_1_36_axic_fifo/gru_bin_version_axi_mem_intercon_imp_auto_pc_2_axi_data_fifo_v2_1_36_fifo_gen/<hidden>/<hidden>/<hidden>/<hidden>/<hidden>/<hidden>
  -------------------------------------------------------------------    -------------------
    SLICE_X29Y29         FDPE (Prop_fdpe_C_Q)         0.419     3.447 f  gru_bin_version_wrapper/gru_bin_version/gru_bin_version_axi_mem_intercon_0/s02_couplers_imp_QTS1PG/gru_bin_version_axi_mem_intercon_imp_auto_pc_2/gru_bin_version_axi_mem_intercon_imp_auto_pc_2_axi_protocol_converter_v2_1_37_axi_protocol_converter/gru_bin_version_axi_mem_intercon_imp_auto_pc_2_axi_protocol_converter_v2_1_37_axi3_conv/gru_bin_version_axi_mem_intercon_imp_auto_pc_2_axi_protocol_converter_v2_1_37_a_axi3_conv/gru_bin_version_axi_mem_intercon_imp_auto_pc_2_axi_data_fifo_v2_1_36_axic_fifo/gru_bin_version_axi_mem_intercon_imp_auto_pc_2_axi_data_fifo_v2_1_36_fifo_gen/<hidden>/<hidden>/<hidden>/<hidden>/<hidden>/<hidden>
                         net (fo=2, routed)           0.648     4.095    gru_bin_version_wrapper/gru_bin_version/gru_bin_version_axi_mem_intercon_0/s02_couplers_imp_QTS1PG/gru_bin_version_axi_mem_intercon_imp_auto_pc_2/gru_bin_version_axi_mem_intercon_imp_auto_pc_2_axi_protocol_converter_v2_1_37_axi_protocol_converter/gru_bin_version_axi_mem_intercon_imp_auto_pc_2_axi_protocol_converter_v2_1_37_axi3_conv/gru_bin_version_axi_mem_intercon_imp_auto_pc_2_axi_protocol_converter_v2_1_37_a_axi3_conv/gru_bin_version_axi_mem_intercon_imp_auto_pc_2_axi_data_fifo_v2_1_36_axic_fifo/gru_bin_version_axi_mem_intercon_imp_auto_pc_2_axi_data_fifo_v2_1_36_fifo_gen/<hidden>/<hidden>/<hidden>/<hidden>/<hidden>
    SLICE_X28Y29         LUT3 (Prop_lut3_I2_O)        0.299     4.394 f  gru_bin_version_wrapper/gru_bin_version/gru_bin_version_axi_mem_intercon_0/s02_couplers_imp_QTS1PG/gru_bin_version_axi_mem_intercon_imp_auto_pc_2/gru_bin_version_axi_mem_intercon_imp_auto_pc_2_axi_protocol_converter_v2_1_37_axi_protocol_converter/gru_bin_version_axi_mem_intercon_imp_auto_pc_2_axi_protocol_converter_v2_1_37_axi3_conv/gru_bin_version_axi_mem_intercon_imp_auto_pc_2_axi_protocol_converter_v2_1_37_a_axi3_conv/gru_bin_version_axi_mem_intercon_imp_auto_pc_2_axi_data_fifo_v2_1_36_axic_fifo/gru_bin_version_axi_mem_intercon_imp_auto_pc_2_axi_data_fifo_v2_1_36_fifo_gen/<hidden>/<hidden>/<hidden>/<hidden>/<hidden>
                         net (fo=32, routed)          1.302     5.695    gru_bin_version_wrapper/gru_bin_version/gru_bin_version_axi_mem_intercon_0/s02_couplers_imp_QTS1PG/gru_bin_version_axi_mem_intercon_imp_auto_pc_2/gru_bin_version_axi_mem_intercon_imp_auto_pc_2_axi_protocol_converter_v2_1_37_axi_protocol_converter/gru_bin_version_axi_mem_intercon_imp_auto_pc_2_axi_protocol_converter_v2_1_37_axi3_conv/gru_bin_version_axi_mem_intercon_imp_auto_pc_2_axi_protocol_converter_v2_1_37_a_axi3_conv/gru_bin_version_axi_mem_intercon_imp_auto_pc_2_axi_data_fifo_v2_1_36_axic_fifo/gru_bin_version_axi_mem_intercon_imp_auto_pc_2_axi_data_fifo_v2_1_36_fifo_gen/<hidden>/<hidden>/<hidden>/<hidden>/<hidden>/<hidden>
    SLICE_X33Y25         FDCE                                         f  gru_bin_version_wrapper/gru_bin_version/gru_bin_version_axi_mem_intercon_0/s02_couplers_imp_QTS1PG/gru_bin_version_axi_mem_intercon_imp_auto_pc_2/gru_bin_version_axi_mem_intercon_imp_auto_pc_2_axi_protocol_converter_v2_1_37_axi_protocol_converter/gru_bin_version_axi_mem_intercon_imp_auto_pc_2_axi_protocol_converter_v2_1_37_axi3_conv/gru_bin_version_axi_mem_intercon_imp_auto_pc_2_axi_protocol_converter_v2_1_37_a_axi3_conv/gru_bin_version_axi_mem_intercon_imp_auto_pc_2_axi_data_fifo_v2_1_36_axic_fifo/gru_bin_version_axi_mem_intercon_imp_auto_pc_2_axi_data_fifo_v2_1_36_fifo_gen/<hidden>/<hidden>/<hidden>/<hidden>/<hidden>/<hidden>
  -------------------------------------------------------------------    -------------------

                         (clock clk_fpga_0 rise edge)
                                                     10.000    10.000 r  
    PS7_X0Y0             PS7                          0.000    10.000 r  gru_bin_version_i/processing_system7_0/inst/PS7_i/FCLKCLK[0]
                         net (fo=1, routed)           1.088    11.088    gru_bin_version_i/processing_system7_0/inst/FCLK_CLK_unbuffered[0]
    BUFGCTRL_X0Y16       BUFG (Prop_bufg_I_O)         0.091    11.179 r  gru_bin_version_i/processing_system7_0/inst/buffer_fclk_clk_0.FCLK_CLK_0_BUFG/O
                         net (fo=26756, routed)       1.478    12.658    gru_bin_version_wrapper/gru_bin_version/gru_bin_version_axi_mem_intercon_0/s02_couplers_imp_QTS1PG/gru_bin_version_axi_mem_intercon_imp_auto_pc_2/gru_bin_version_axi_mem_intercon_imp_auto_pc_2_axi_protocol_converter_v2_1_37_axi_protocol_converter/gru_bin_version_axi_mem_intercon_imp_auto_pc_2_axi_protocol_converter_v2_1_37_axi3_conv/gru_bin_version_axi_mem_intercon_imp_auto_pc_2_axi_protocol_converter_v2_1_37_a_axi3_conv/gru_bin_version_axi_mem_intercon_imp_auto_pc_2_axi_data_fifo_v2_1_36_axic_fifo/gru_bin_version_axi_mem_intercon_imp_auto_pc_2_axi_data_fifo_v2_1_36_fifo_gen/<hidden>/<hidden>/<hidden>/<hidden>/<hidden>/<hidden>
    SLICE_X33Y25         FDCE                                         r  gru_bin_version_wrapper/gru_bin_version/gru_bin_version_axi_mem_intercon_0/s02_couplers_imp_QTS1PG/gru_bin_version_axi_mem_intercon_imp_auto_pc_2/gru_bin_version_axi_mem_intercon_imp_auto_pc_2_axi_protocol_converter_v2_1_37_axi_protocol_converter/gru_bin_version_axi_mem_intercon_imp_auto_pc_2_axi_protocol_converter_v2_1_37_axi3_conv/gru_bin_version_axi_mem_intercon_imp_auto_pc_2_axi_protocol_converter_v2_1_37_a_axi3_conv/gru_bin_version_axi_mem_intercon_imp_auto_pc_2_axi_data_fifo_v2_1_36_axic_fifo/gru_bin_version_axi_mem_intercon_imp_auto_pc_2_axi_data_fifo_v2_1_36_fifo_gen/<hidden>/<hidden>/<hidden>/<hidden>/<hidden>/<hidden>
                         clock pessimism              0.230    12.887    
                         clock uncertainty           -0.154    12.733    
    SLICE_X33Y25         FDCE (Recov_fdce_C_CLR)     -0.405    12.328    gru_bin_version_wrapper/gru_bin_version/gru_bin_version_axi_mem_intercon_0/s02_couplers_imp_QTS1PG/gru_bin_version_axi_mem_intercon_imp_auto_pc_2/gru_bin_version_axi_mem_intercon_imp_auto_pc_2_axi_protocol_converter_v2_1_37_axi_protocol_converter/gru_bin_version_axi_mem_intercon_imp_auto_pc_2_axi_protocol_converter_v2_1_37_axi3_conv/gru_bin_version_axi_mem_intercon_imp_auto_pc_2_axi_protocol_converter_v2_1_37_a_axi3_conv/gru_bin_version_axi_mem_intercon_imp_auto_pc_2_axi_data_fifo_v2_1_36_axic_fifo/gru_bin_version_axi_mem_intercon_imp_auto_pc_2_axi_data_fifo_v2_1_36_fifo_gen/<hidden>/<hidden>/<hidden>/<hidden>/<hidden>/<hidden>
  -------------------------------------------------------------------
                         required time                         12.328    
                         arrival time                          -5.695    
  -------------------------------------------------------------------
                         slack                                  6.632    

Slack (MET) :             6.632ns  (required time - arrival time)
  Source:                 gru_bin_version_wrapper/gru_bin_version/gru_bin_version_axi_mem_intercon_0/s02_couplers_imp_QTS1PG/gru_bin_version_axi_mem_intercon_imp_auto_pc_2/gru_bin_version_axi_mem_intercon_imp_auto_pc_2_axi_protocol_converter_v2_1_37_axi_protocol_converter/gru_bin_version_axi_mem_intercon_imp_auto_pc_2_axi_protocol_converter_v2_1_37_axi3_conv/gru_bin_version_axi_mem_intercon_imp_auto_pc_2_axi_protocol_converter_v2_1_37_a_axi3_conv/gru_bin_version_axi_mem_intercon_imp_auto_pc_2_axi_data_fifo_v2_1_36_axic_fifo/gru_bin_version_axi_mem_intercon_imp_auto_pc_2_axi_data_fifo_v2_1_36_fifo_gen/<hidden>/<hidden>/<hidden>/<hidden>/<hidden>/<hidden>
                            (rising edge-triggered cell FDPE clocked by clk_fpga_0  {rise@0.000ns fall@5.000ns period=10.000ns})
  Destination:            gru_bin_version_wrapper/gru_bin_version/gru_bin_version_axi_mem_intercon_0/s02_couplers_imp_QTS1PG/gru_bin_version_axi_mem_intercon_imp_auto_pc_2/gru_bin_version_axi_mem_intercon_imp_auto_pc_2_axi_protocol_converter_v2_1_37_axi_protocol_converter/gru_bin_version_axi_mem_intercon_imp_auto_pc_2_axi_protocol_converter_v2_1_37_axi3_conv/gru_bin_version_axi_mem_intercon_imp_auto_pc_2_axi_protocol_converter_v2_1_37_a_axi3_conv/gru_bin_version_axi_mem_intercon_imp_auto_pc_2_axi_data_fifo_v2_1_36_axic_fifo/gru_bin_version_axi_mem_intercon_imp_auto_pc_2_axi_data_fifo_v2_1_36_fifo_gen/<hidden>/<hidden>/<hidden>/<hidden>/<hidden>/<hidden>
                            (recovery check against rising-edge clock clk_fpga_0  {rise@0.000ns fall@5.000ns period=10.000ns})
  Path Group:             **async_default**
  Path Type:              Recovery (Max at Slow Process Corner)
  Requirement:            10.000ns  (clk_fpga_0 rise@10.000ns - clk_fpga_0 rise@0.000ns)
  Data Path Delay:        2.667ns  (logic 0.718ns (26.917%)  route 1.949ns (73.083%))
  Logic Levels:           1  (LUT3=1)
  Clock Path Skew:        -0.141ns (DCD - SCD + CPR)
    Destination Clock Delay (DCD):    2.657ns = ( 12.657 - 10.000 ) 
    Source Clock Delay      (SCD):    3.028ns
    Clock Pessimism Removal (CPR):    0.230ns
  Clock Uncertainty:      0.154ns  ((TSJ^2 + TIJ^2)^1/2 + DJ) / 2 + PE
    Total System Jitter     (TSJ):    0.071ns
    Total Input Jitter      (TIJ):    0.300ns
    Discrete Jitter          (DJ):    0.000ns
    Phase Error              (PE):    0.000ns

    Location             Delay type                Incr(ns)  Path(ns)    Netlist Resource(s)
  -------------------------------------------------------------------    -------------------
                         (clock clk_fpga_0 rise edge)
                                                      0.000     0.000 r  
    PS7_X0Y0             PS7                          0.000     0.000 r  gru_bin_version_i/processing_system7_0/inst/PS7_i/FCLKCLK[0]
                         net (fo=1, routed)           1.193     1.193    gru_bin_version_i/processing_system7_0/inst/FCLK_CLK_unbuffered[0]
    BUFGCTRL_X0Y16       BUFG (Prop_bufg_I_O)         0.101     1.294 r  gru_bin_version_i/processing_system7_0/inst/buffer_fclk_clk_0.FCLK_CLK_0_BUFG/O
                         net (fo=26756, routed)       1.734     3.028    gru_bin_version_wrapper/gru_bin_version/gru_bin_version_axi_mem_intercon_0/s02_couplers_imp_QTS1PG/gru_bin_version_axi_mem_intercon_imp_auto_pc_2/gru_bin_version_axi_mem_intercon_imp_auto_pc_2_axi_protocol_converter_v2_1_37_axi_protocol_converter/gru_bin_version_axi_mem_intercon_imp_auto_pc_2_axi_protocol_converter_v2_1_37_axi3_conv/gru_bin_version_axi_mem_intercon_imp_auto_pc_2_axi_protocol_converter_v2_1_37_a_axi3_conv/gru_bin_version_axi_mem_intercon_imp_auto_pc_2_axi_data_fifo_v2_1_36_axic_fifo/gru_bin_version_axi_mem_intercon_imp_auto_pc_2_axi_data_fifo_v2_1_36_fifo_gen/<hidden>/<hidden>/<hidden>/<hidden>/<hidden>/<hidden>
    SLICE_X29Y29         FDPE                                         r  gru_bin_version_wrapper/gru_bin_version/gru_bin_version_axi_mem_intercon_0/s02_couplers_imp_QTS1PG/gru_bin_version_axi_mem_intercon_imp_auto_pc_2/gru_bin_version_axi_mem_intercon_imp_auto_pc_2_axi_protocol_converter_v2_1_37_axi_protocol_converter/gru_bin_version_axi_mem_intercon_imp_auto_pc_2_axi_protocol_converter_v2_1_37_axi3_conv/gru_bin_version_axi_mem_intercon_imp_auto_pc_2_axi_protocol_converter_v2_1_37_a_axi3_conv/gru_bin_version_axi_mem_intercon_imp_auto_pc_2_axi_data_fifo_v2_1_36_axic_fifo/gru_bin_version_axi_mem_intercon_imp_auto_pc_2_axi_data_fifo_v2_1_36_fifo_gen/<hidden>/<hidden>/<hidden>/<hidden>/<hidden>/<hidden>
  -------------------------------------------------------------------    -------------------
    SLICE_X29Y29         FDPE (Prop_fdpe_C_Q)         0.419     3.447 f  gru_bin_version_wrapper/gru_bin_version/gru_bin_version_axi_mem_intercon_0/s02_couplers_imp_QTS1PG/gru_bin_version_axi_mem_intercon_imp_auto_pc_2/gru_bin_version_axi_mem_intercon_imp_auto_pc_2_axi_protocol_converter_v2_1_37_axi_protocol_converter/gru_bin_version_axi_mem_intercon_imp_auto_pc_2_axi_protocol_converter_v2_1_37_axi3_conv/gru_bin_version_axi_mem_intercon_imp_auto_pc_2_axi_protocol_converter_v2_1_37_a_axi3_conv/gru_bin_version_axi_mem_intercon_imp_auto_pc_2_axi_data_fifo_v2_1_36_axic_fifo/gru_bin_version_axi_mem_intercon_imp_auto_pc_2_axi_data_fifo_v2_1_36_fifo_gen/<hidden>/<hidden>/<hidden>/<hidden>/<hidden>/<hidden>
                         net (fo=2, routed)           0.648     4.095    gru_bin_version_wrapper/gru_bin_version/gru_bin_version_axi_mem_intercon_0/s02_couplers_imp_QTS1PG/gru_bin_version_axi_mem_intercon_imp_auto_pc_2/gru_bin_version_axi_mem_intercon_imp_auto_pc_2_axi_protocol_converter_v2_1_37_axi_protocol_converter/gru_bin_version_axi_mem_intercon_imp_auto_pc_2_axi_protocol_converter_v2_1_37_axi3_conv/gru_bin_version_axi_mem_intercon_imp_auto_pc_2_axi_protocol_converter_v2_1_37_a_axi3_conv/gru_bin_version_axi_mem_intercon_imp_auto_pc_2_axi_data_fifo_v2_1_36_axic_fifo/gru_bin_version_axi_mem_intercon_imp_auto_pc_2_axi_data_fifo_v2_1_36_fifo_gen/<hidden>/<hidden>/<hidden>/<hidden>/<hidden>
    SLICE_X28Y29         LUT3 (Prop_lut3_I2_O)        0.299     4.394 f  gru_bin_version_wrapper/gru_bin_version/gru_bin_version_axi_mem_intercon_0/s02_couplers_imp_QTS1PG/gru_bin_version_axi_mem_intercon_imp_auto_pc_2/gru_bin_version_axi_mem_intercon_imp_auto_pc_2_axi_protocol_converter_v2_1_37_axi_protocol_converter/gru_bin_version_axi_mem_intercon_imp_auto_pc_2_axi_protocol_converter_v2_1_37_axi3_conv/gru_bin_version_axi_mem_intercon_imp_auto_pc_2_axi_protocol_converter_v2_1_37_a_axi3_conv/gru_bin_version_axi_mem_intercon_imp_auto_pc_2_axi_data_fifo_v2_1_36_axic_fifo/gru_bin_version_axi_mem_intercon_imp_auto_pc_2_axi_data_fifo_v2_1_36_fifo_gen/<hidden>/<hidden>/<hidden>/<hidden>/<hidden>
                         net (fo=32, routed)          1.302     5.695    gru_bin_version_wrapper/gru_bin_version/gru_bin_version_axi_mem_intercon_0/s02_couplers_imp_QTS1PG/gru_bin_version_axi_mem_intercon_imp_auto_pc_2/gru_bin_version_axi_mem_intercon_imp_auto_pc_2_axi_protocol_converter_v2_1_37_axi_protocol_converter/gru_bin_version_axi_mem_intercon_imp_auto_pc_2_axi_protocol_converter_v2_1_37_axi3_conv/gru_bin_version_axi_mem_intercon_imp_auto_pc_2_axi_protocol_converter_v2_1_37_a_axi3_conv/gru_bin_version_axi_mem_intercon_imp_auto_pc_2_axi_data_fifo_v2_1_36_axic_fifo/gru_bin_version_axi_mem_intercon_imp_auto_pc_2_axi_data_fifo_v2_1_36_fifo_gen/<hidden>/<hidden>/<hidden>/<hidden>/<hidden>/<hidden>
    SLICE_X33Y25         FDCE                                         f  gru_bin_version_wrapper/gru_bin_version/gru_bin_version_axi_mem_intercon_0/s02_couplers_imp_QTS1PG/gru_bin_version_axi_mem_intercon_imp_auto_pc_2/gru_bin_version_axi_mem_intercon_imp_auto_pc_2_axi_protocol_converter_v2_1_37_axi_protocol_converter/gru_bin_version_axi_mem_intercon_imp_auto_pc_2_axi_protocol_converter_v2_1_37_axi3_conv/gru_bin_version_axi_mem_intercon_imp_auto_pc_2_axi_protocol_converter_v2_1_37_a_axi3_conv/gru_bin_version_axi_mem_intercon_imp_auto_pc_2_axi_data_fifo_v2_1_36_axic_fifo/gru_bin_version_axi_mem_intercon_imp_auto_pc_2_axi_data_fifo_v2_1_36_fifo_gen/<hidden>/<hidden>/<hidden>/<hidden>/<hidden>/<hidden>
  -------------------------------------------------------------------    -------------------

                         (clock clk_fpga_0 rise edge)
                                                     10.000    10.000 r  
    PS7_X0Y0             PS7                          0.000    10.000 r  gru_bin_version_i/processing_system7_0/inst/PS7_i/FCLKCLK[0]
                         net (fo=1, routed)           1.088    11.088    gru_bin_version_i/processing_system7_0/inst/FCLK_CLK_unbuffered[0]
    BUFGCTRL_X0Y16       BUFG (Prop_bufg_I_O)         0.091    11.179 r  gru_bin_version_i/processing_system7_0/inst/buffer_fclk_clk_0.FCLK_CLK_0_BUFG/O
                         net (fo=26756, routed)       1.478    12.658    gru_bin_version_wrapper/gru_bin_version/gru_bin_version_axi_mem_intercon_0/s02_couplers_imp_QTS1PG/gru_bin_version_axi_mem_intercon_imp_auto_pc_2/gru_bin_version_axi_mem_intercon_imp_auto_pc_2_axi_protocol_converter_v2_1_37_axi_protocol_converter/gru_bin_version_axi_mem_intercon_imp_auto_pc_2_axi_protocol_converter_v2_1_37_axi3_conv/gru_bin_version_axi_mem_intercon_imp_auto_pc_2_axi_protocol_converter_v2_1_37_a_axi3_conv/gru_bin_version_axi_mem_intercon_imp_auto_pc_2_axi_data_fifo_v2_1_36_axic_fifo/gru_bin_version_axi_mem_intercon_imp_auto_pc_2_axi_data_fifo_v2_1_36_fifo_gen/<hidden>/<hidden>/<hidden>/<hidden>/<hidden>/<hidden>
    SLICE_X33Y25         FDCE                                         r  gru_bin_version_wrapper/gru_bin_version/gru_bin_version_axi_mem_intercon_0/s02_couplers_imp_QTS1PG/gru_bin_version_axi_mem_intercon_imp_auto_pc_2/gru_bin_version_axi_mem_intercon_imp_auto_pc_2_axi_protocol_converter_v2_1_37_axi_protocol_converter/gru_bin_version_axi_mem_intercon_imp_auto_pc_2_axi_protocol_converter_v2_1_37_axi3_conv/gru_bin_version_axi_mem_intercon_imp_auto_pc_2_axi_protocol_converter_v2_1_37_a_axi3_conv/gru_bin_version_axi_mem_intercon_imp_auto_pc_2_axi_data_fifo_v2_1_36_axic_fifo/gru_bin_version_axi_mem_intercon_imp_auto_pc_2_axi_data_fifo_v2_1_36_fifo_gen/<hidden>/<hidden>/<hidden>/<hidden>/<hidden>/<hidden>
                         clock pessimism              0.230    12.887    
                         clock uncertainty           -0.154    12.733    
    SLICE_X33Y25         FDCE (Recov_fdce_C_CLR)     -0.405    12.328    gru_bin_version_wrapper/gru_bin_version/gru_bin_version_axi_mem_intercon_0/s02_couplers_imp_QTS1PG/gru_bin_version_axi_mem_intercon_imp_auto_pc_2/gru_bin_version_axi_mem_intercon_imp_auto_pc_2_axi_protocol_converter_v2_1_37_axi_protocol_converter/gru_bin_version_axi_mem_intercon_imp_auto_pc_2_axi_protocol_converter_v2_1_37_axi3_conv/gru_bin_version_axi_mem_intercon_imp_auto_pc_2_axi_protocol_converter_v2_1_37_a_axi3_conv/gru_bin_version_axi_mem_intercon_imp_auto_pc_2_axi_data_fifo_v2_1_36_axic_fifo/gru_bin_version_axi_mem_intercon_imp_auto_pc_2_axi_data_fifo_v2_1_36_fifo_gen/<hidden>/<hidden>/<hidden>/<hidden>/<hidden>/<hidden>
  -------------------------------------------------------------------
                         required time                         12.328    
                         arrival time                          -5.695    
  -------------------------------------------------------------------
                         slack                                  6.632    

Slack (MET) :             6.632ns  (required time - arrival time)
  Source:                 gru_bin_version_wrapper/gru_bin_version/gru_bin_version_axi_mem_intercon_0/s02_couplers_imp_QTS1PG/gru_bin_version_axi_mem_intercon_imp_auto_pc_2/gru_bin_version_axi_mem_intercon_imp_auto_pc_2_axi_protocol_converter_v2_1_37_axi_protocol_converter/gru_bin_version_axi_mem_intercon_imp_auto_pc_2_axi_protocol_converter_v2_1_37_axi3_conv/gru_bin_version_axi_mem_intercon_imp_auto_pc_2_axi_protocol_converter_v2_1_37_a_axi3_conv/gru_bin_version_axi_mem_intercon_imp_auto_pc_2_axi_data_fifo_v2_1_36_axic_fifo/gru_bin_version_axi_mem_intercon_imp_auto_pc_2_axi_data_fifo_v2_1_36_fifo_gen/<hidden>/<hidden>/<hidden>/<hidden>/<hidden>/<hidden>
                            (rising edge-triggered cell FDPE clocked by clk_fpga_0  {rise@0.000ns fall@5.000ns period=10.000ns})
  Destination:            gru_bin_version_wrapper/gru_bin_version/gru_bin_version_axi_mem_intercon_0/s02_couplers_imp_QTS1PG/gru_bin_version_axi_mem_intercon_imp_auto_pc_2/gru_bin_version_axi_mem_intercon_imp_auto_pc_2_axi_protocol_converter_v2_1_37_axi_protocol_converter/gru_bin_version_axi_mem_intercon_imp_auto_pc_2_axi_protocol_converter_v2_1_37_axi3_conv/gru_bin_version_axi_mem_intercon_imp_auto_pc_2_axi_protocol_converter_v2_1_37_a_axi3_conv/gru_bin_version_axi_mem_intercon_imp_auto_pc_2_axi_data_fifo_v2_1_36_axic_fifo/gru_bin_version_axi_mem_intercon_imp_auto_pc_2_axi_data_fifo_v2_1_36_fifo_gen/<hidden>/<hidden>/<hidden>/<hidden>/<hidden>/<hidden>
                            (recovery check against rising-edge clock clk_fpga_0  {rise@0.000ns fall@5.000ns period=10.000ns})
  Path Group:             **async_default**
  Path Type:              Recovery (Max at Slow Process Corner)
  Requirement:            10.000ns  (clk_fpga_0 rise@10.000ns - clk_fpga_0 rise@0.000ns)
  Data Path Delay:        2.667ns  (logic 0.718ns (26.917%)  route 1.949ns (73.083%))
  Logic Levels:           1  (LUT3=1)
  Clock Path Skew:        -0.141ns (DCD - SCD + CPR)
    Destination Clock Delay (DCD):    2.657ns = ( 12.657 - 10.000 ) 
    Source Clock Delay      (SCD):    3.028ns
    Clock Pessimism Removal (CPR):    0.230ns
  Clock Uncertainty:      0.154ns  ((TSJ^2 + TIJ^2)^1/2 + DJ) / 2 + PE
    Total System Jitter     (TSJ):    0.071ns
    Total Input Jitter      (TIJ):    0.300ns
    Discrete Jitter          (DJ):    0.000ns
    Phase Error              (PE):    0.000ns

    Location             Delay type                Incr(ns)  Path(ns)    Netlist Resource(s)
  -------------------------------------------------------------------    -------------------
                         (clock clk_fpga_0 rise edge)
                                                      0.000     0.000 r  
    PS7_X0Y0             PS7                          0.000     0.000 r  gru_bin_version_i/processing_system7_0/inst/PS7_i/FCLKCLK[0]
                         net (fo=1, routed)           1.193     1.193    gru_bin_version_i/processing_system7_0/inst/FCLK_CLK_unbuffered[0]
    BUFGCTRL_X0Y16       BUFG (Prop_bufg_I_O)         0.101     1.294 r  gru_bin_version_i/processing_system7_0/inst/buffer_fclk_clk_0.FCLK_CLK_0_BUFG/O
                         net (fo=26756, routed)       1.734     3.028    gru_bin_version_wrapper/gru_bin_version/gru_bin_version_axi_mem_intercon_0/s02_couplers_imp_QTS1PG/gru_bin_version_axi_mem_intercon_imp_auto_pc_2/gru_bin_version_axi_mem_intercon_imp_auto_pc_2_axi_protocol_converter_v2_1_37_axi_protocol_converter/gru_bin_version_axi_mem_intercon_imp_auto_pc_2_axi_protocol_converter_v2_1_37_axi3_conv/gru_bin_version_axi_mem_intercon_imp_auto_pc_2_axi_protocol_converter_v2_1_37_a_axi3_conv/gru_bin_version_axi_mem_intercon_imp_auto_pc_2_axi_data_fifo_v2_1_36_axic_fifo/gru_bin_version_axi_mem_intercon_imp_auto_pc_2_axi_data_fifo_v2_1_36_fifo_gen/<hidden>/<hidden>/<hidden>/<hidden>/<hidden>/<hidden>
    SLICE_X29Y29         FDPE                                         r  gru_bin_version_wrapper/gru_bin_version/gru_bin_version_axi_mem_intercon_0/s02_couplers_imp_QTS1PG/gru_bin_version_axi_mem_intercon_imp_auto_pc_2/gru_bin_version_axi_mem_intercon_imp_auto_pc_2_axi_protocol_converter_v2_1_37_axi_protocol_converter/gru_bin_version_axi_mem_intercon_imp_auto_pc_2_axi_protocol_converter_v2_1_37_axi3_conv/gru_bin_version_axi_mem_intercon_imp_auto_pc_2_axi_protocol_converter_v2_1_37_a_axi3_conv/gru_bin_version_axi_mem_intercon_imp_auto_pc_2_axi_data_fifo_v2_1_36_axic_fifo/gru_bin_version_axi_mem_intercon_imp_auto_pc_2_axi_data_fifo_v2_1_36_fifo_gen/<hidden>/<hidden>/<hidden>/<hidden>/<hidden>/<hidden>
  -------------------------------------------------------------------    -------------------
    SLICE_X29Y29         FDPE (Prop_fdpe_C_Q)         0.419     3.447 f  gru_bin_version_wrapper/gru_bin_version/gru_bin_version_axi_mem_intercon_0/s02_couplers_imp_QTS1PG/gru_bin_version_axi_mem_intercon_imp_auto_pc_2/gru_bin_version_axi_mem_intercon_imp_auto_pc_2_axi_protocol_converter_v2_1_37_axi_protocol_converter/gru_bin_version_axi_mem_intercon_imp_auto_pc_2_axi_protocol_converter_v2_1_37_axi3_conv/gru_bin_version_axi_mem_intercon_imp_auto_pc_2_axi_protocol_converter_v2_1_37_a_axi3_conv/gru_bin_version_axi_mem_intercon_imp_auto_pc_2_axi_data_fifo_v2_1_36_axic_fifo/gru_bin_version_axi_mem_intercon_imp_auto_pc_2_axi_data_fifo_v2_1_36_fifo_gen/<hidden>/<hidden>/<hidden>/<hidden>/<hidden>/<hidden>
                         net (fo=2, routed)           0.648     4.095    gru_bin_version_wrapper/gru_bin_version/gru_bin_version_axi_mem_intercon_0/s02_couplers_imp_QTS1PG/gru_bin_version_axi_mem_intercon_imp_auto_pc_2/gru_bin_version_axi_mem_intercon_imp_auto_pc_2_axi_protocol_converter_v2_1_37_axi_protocol_converter/gru_bin_version_axi_mem_intercon_imp_auto_pc_2_axi_protocol_converter_v2_1_37_axi3_conv/gru_bin_version_axi_mem_intercon_imp_auto_pc_2_axi_protocol_converter_v2_1_37_a_axi3_conv/gru_bin_version_axi_mem_intercon_imp_auto_pc_2_axi_data_fifo_v2_1_36_axic_fifo/gru_bin_version_axi_mem_intercon_imp_auto_pc_2_axi_data_fifo_v2_1_36_fifo_gen/<hidden>/<hidden>/<hidden>/<hidden>/<hidden>
    SLICE_X28Y29         LUT3 (Prop_lut3_I2_O)        0.299     4.394 f  gru_bin_version_wrapper/gru_bin_version/gru_bin_version_axi_mem_intercon_0/s02_couplers_imp_QTS1PG/gru_bin_version_axi_mem_intercon_imp_auto_pc_2/gru_bin_version_axi_mem_intercon_imp_auto_pc_2_axi_protocol_converter_v2_1_37_axi_protocol_converter/gru_bin_version_axi_mem_intercon_imp_auto_pc_2_axi_protocol_converter_v2_1_37_axi3_conv/gru_bin_version_axi_mem_intercon_imp_auto_pc_2_axi_protocol_converter_v2_1_37_a_axi3_conv/gru_bin_version_axi_mem_intercon_imp_auto_pc_2_axi_data_fifo_v2_1_36_axic_fifo/gru_bin_version_axi_mem_intercon_imp_auto_pc_2_axi_data_fifo_v2_1_36_fifo_gen/<hidden>/<hidden>/<hidden>/<hidden>/<hidden>
                         net (fo=32, routed)          1.302     5.695    gru_bin_version_wrapper/gru_bin_version/gru_bin_version_axi_mem_intercon_0/s02_couplers_imp_QTS1PG/gru_bin_version_axi_mem_intercon_imp_auto_pc_2/gru_bin_version_axi_mem_intercon_imp_auto_pc_2_axi_protocol_converter_v2_1_37_axi_protocol_converter/gru_bin_version_axi_mem_intercon_imp_auto_pc_2_axi_protocol_converter_v2_1_37_axi3_conv/gru_bin_version_axi_mem_intercon_imp_auto_pc_2_axi_protocol_converter_v2_1_37_a_axi3_conv/gru_bin_version_axi_mem_intercon_imp_auto_pc_2_axi_data_fifo_v2_1_36_axic_fifo/gru_bin_version_axi_mem_intercon_imp_auto_pc_2_axi_data_fifo_v2_1_36_fifo_gen/<hidden>/<hidden>/<hidden>/<hidden>/<hidden>/<hidden>
    SLICE_X33Y25         FDCE                                         f  gru_bin_version_wrapper/gru_bin_version/gru_bin_version_axi_mem_intercon_0/s02_couplers_imp_QTS1PG/gru_bin_version_axi_mem_intercon_imp_auto_pc_2/gru_bin_version_axi_mem_intercon_imp_auto_pc_2_axi_protocol_converter_v2_1_37_axi_protocol_converter/gru_bin_version_axi_mem_intercon_imp_auto_pc_2_axi_protocol_converter_v2_1_37_axi3_conv/gru_bin_version_axi_mem_intercon_imp_auto_pc_2_axi_protocol_converter_v2_1_37_a_axi3_conv/gru_bin_version_axi_mem_intercon_imp_auto_pc_2_axi_data_fifo_v2_1_36_axic_fifo/gru_bin_version_axi_mem_intercon_imp_auto_pc_2_axi_data_fifo_v2_1_36_fifo_gen/<hidden>/<hidden>/<hidden>/<hidden>/<hidden>/<hidden>
  -------------------------------------------------------------------    -------------------

                         (clock clk_fpga_0 rise edge)
                                                     10.000    10.000 r  
    PS7_X0Y0             PS7                          0.000    10.000 r  gru_bin_version_i/processing_system7_0/inst/PS7_i/FCLKCLK[0]
                         net (fo=1, routed)           1.088    11.088    gru_bin_version_i/processing_system7_0/inst/FCLK_CLK_unbuffered[0]
    BUFGCTRL_X0Y16       BUFG (Prop_bufg_I_O)         0.091    11.179 r  gru_bin_version_i/processing_system7_0/inst/buffer_fclk_clk_0.FCLK_CLK_0_BUFG/O
                         net (fo=26756, routed)       1.478    12.658    gru_bin_version_wrapper/gru_bin_version/gru_bin_version_axi_mem_intercon_0/s02_couplers_imp_QTS1PG/gru_bin_version_axi_mem_intercon_imp_auto_pc_2/gru_bin_version_axi_mem_intercon_imp_auto_pc_2_axi_protocol_converter_v2_1_37_axi_protocol_converter/gru_bin_version_axi_mem_intercon_imp_auto_pc_2_axi_protocol_converter_v2_1_37_axi3_conv/gru_bin_version_axi_mem_intercon_imp_auto_pc_2_axi_protocol_converter_v2_1_37_a_axi3_conv/gru_bin_version_axi_mem_intercon_imp_auto_pc_2_axi_data_fifo_v2_1_36_axic_fifo/gru_bin_version_axi_mem_intercon_imp_auto_pc_2_axi_data_fifo_v2_1_36_fifo_gen/<hidden>/<hidden>/<hidden>/<hidden>/<hidden>/<hidden>
    SLICE_X33Y25         FDCE                                         r  gru_bin_version_wrapper/gru_bin_version/gru_bin_version_axi_mem_intercon_0/s02_couplers_imp_QTS1PG/gru_bin_version_axi_mem_intercon_imp_auto_pc_2/gru_bin_version_axi_mem_intercon_imp_auto_pc_2_axi_protocol_converter_v2_1_37_axi_protocol_converter/gru_bin_version_axi_mem_intercon_imp_auto_pc_2_axi_protocol_converter_v2_1_37_axi3_conv/gru_bin_version_axi_mem_intercon_imp_auto_pc_2_axi_protocol_converter_v2_1_37_a_axi3_conv/gru_bin_version_axi_mem_intercon_imp_auto_pc_2_axi_data_fifo_v2_1_36_axic_fifo/gru_bin_version_axi_mem_intercon_imp_auto_pc_2_axi_data_fifo_v2_1_36_fifo_gen/<hidden>/<hidden>/<hidden>/<hidden>/<hidden>/<hidden>
                         clock pessimism              0.230    12.887    
                         clock uncertainty           -0.154    12.733    
    SLICE_X33Y25         FDCE (Recov_fdce_C_CLR)     -0.405    12.328    gru_bin_version_wrapper/gru_bin_version/gru_bin_version_axi_mem_intercon_0/s02_couplers_imp_QTS1PG/gru_bin_version_axi_mem_intercon_imp_auto_pc_2/gru_bin_version_axi_mem_intercon_imp_auto_pc_2_axi_protocol_converter_v2_1_37_axi_protocol_converter/gru_bin_version_axi_mem_intercon_imp_auto_pc_2_axi_protocol_converter_v2_1_37_axi3_conv/gru_bin_version_axi_mem_intercon_imp_auto_pc_2_axi_protocol_converter_v2_1_37_a_axi3_conv/gru_bin_version_axi_mem_intercon_imp_auto_pc_2_axi_data_fifo_v2_1_36_axic_fifo/gru_bin_version_axi_mem_intercon_imp_auto_pc_2_axi_data_fifo_v2_1_36_fifo_gen/<hidden>/<hidden>/<hidden>/<hidden>/<hidden>/<hidden>
  -------------------------------------------------------------------
                         required time                         12.328    
                         arrival time                          -5.695    
  -------------------------------------------------------------------
                         slack                                  6.632    

Slack (MET) :             6.632ns  (required time - arrival time)
  Source:                 gru_bin_version_wrapper/gru_bin_version/gru_bin_version_axi_mem_intercon_0/s02_couplers_imp_QTS1PG/gru_bin_version_axi_mem_intercon_imp_auto_pc_2/gru_bin_version_axi_mem_intercon_imp_auto_pc_2_axi_protocol_converter_v2_1_37_axi_protocol_converter/gru_bin_version_axi_mem_intercon_imp_auto_pc_2_axi_protocol_converter_v2_1_37_axi3_conv/gru_bin_version_axi_mem_intercon_imp_auto_pc_2_axi_protocol_converter_v2_1_37_a_axi3_conv/gru_bin_version_axi_mem_intercon_imp_auto_pc_2_axi_data_fifo_v2_1_36_axic_fifo/gru_bin_version_axi_mem_intercon_imp_auto_pc_2_axi_data_fifo_v2_1_36_fifo_gen/<hidden>/<hidden>/<hidden>/<hidden>/<hidden>/<hidden>
                            (rising edge-triggered cell FDPE clocked by clk_fpga_0  {rise@0.000ns fall@5.000ns period=10.000ns})
  Destination:            gru_bin_version_wrapper/gru_bin_version/gru_bin_version_axi_mem_intercon_0/s02_couplers_imp_QTS1PG/gru_bin_version_axi_mem_intercon_imp_auto_pc_2/gru_bin_version_axi_mem_intercon_imp_auto_pc_2_axi_protocol_converter_v2_1_37_axi_protocol_converter/gru_bin_version_axi_mem_intercon_imp_auto_pc_2_axi_protocol_converter_v2_1_37_axi3_conv/gru_bin_version_axi_mem_intercon_imp_auto_pc_2_axi_protocol_converter_v2_1_37_a_axi3_conv/gru_bin_version_axi_mem_intercon_imp_auto_pc_2_axi_data_fifo_v2_1_36_axic_fifo/gru_bin_version_axi_mem_intercon_imp_auto_pc_2_axi_data_fifo_v2_1_36_fifo_gen/<hidden>/<hidden>/<hidden>/<hidden>/<hidden>/<hidden>
                            (recovery check against rising-edge clock clk_fpga_0  {rise@0.000ns fall@5.000ns period=10.000ns})
  Path Group:             **async_default**
  Path Type:              Recovery (Max at Slow Process Corner)
  Requirement:            10.000ns  (clk_fpga_0 rise@10.000ns - clk_fpga_0 rise@0.000ns)
  Data Path Delay:        2.667ns  (logic 0.718ns (26.917%)  route 1.949ns (73.083%))
  Logic Levels:           1  (LUT3=1)
  Clock Path Skew:        -0.141ns (DCD - SCD + CPR)
    Destination Clock Delay (DCD):    2.657ns = ( 12.657 - 10.000 ) 
    Source Clock Delay      (SCD):    3.028ns
    Clock Pessimism Removal (CPR):    0.230ns
  Clock Uncertainty:      0.154ns  ((TSJ^2 + TIJ^2)^1/2 + DJ) / 2 + PE
    Total System Jitter     (TSJ):    0.071ns
    Total Input Jitter      (TIJ):    0.300ns
    Discrete Jitter          (DJ):    0.000ns
    Phase Error              (PE):    0.000ns

    Location             Delay type                Incr(ns)  Path(ns)    Netlist Resource(s)
  -------------------------------------------------------------------    -------------------
                         (clock clk_fpga_0 rise edge)
                                                      0.000     0.000 r  
    PS7_X0Y0             PS7                          0.000     0.000 r  gru_bin_version_i/processing_system7_0/inst/PS7_i/FCLKCLK[0]
                         net (fo=1, routed)           1.193     1.193    gru_bin_version_i/processing_system7_0/inst/FCLK_CLK_unbuffered[0]
    BUFGCTRL_X0Y16       BUFG (Prop_bufg_I_O)         0.101     1.294 r  gru_bin_version_i/processing_system7_0/inst/buffer_fclk_clk_0.FCLK_CLK_0_BUFG/O
                         net (fo=26756, routed)       1.734     3.028    gru_bin_version_wrapper/gru_bin_version/gru_bin_version_axi_mem_intercon_0/s02_couplers_imp_QTS1PG/gru_bin_version_axi_mem_intercon_imp_auto_pc_2/gru_bin_version_axi_mem_intercon_imp_auto_pc_2_axi_protocol_converter_v2_1_37_axi_protocol_converter/gru_bin_version_axi_mem_intercon_imp_auto_pc_2_axi_protocol_converter_v2_1_37_axi3_conv/gru_bin_version_axi_mem_intercon_imp_auto_pc_2_axi_protocol_converter_v2_1_37_a_axi3_conv/gru_bin_version_axi_mem_intercon_imp_auto_pc_2_axi_data_fifo_v2_1_36_axic_fifo/gru_bin_version_axi_mem_intercon_imp_auto_pc_2_axi_data_fifo_v2_1_36_fifo_gen/<hidden>/<hidden>/<hidden>/<hidden>/<hidden>/<hidden>
    SLICE_X29Y29         FDPE                                         r  gru_bin_version_wrapper/gru_bin_version/gru_bin_version_axi_mem_intercon_0/s02_couplers_imp_QTS1PG/gru_bin_version_axi_mem_intercon_imp_auto_pc_2/gru_bin_version_axi_mem_intercon_imp_auto_pc_2_axi_protocol_converter_v2_1_37_axi_protocol_converter/gru_bin_version_axi_mem_intercon_imp_auto_pc_2_axi_protocol_converter_v2_1_37_axi3_conv/gru_bin_version_axi_mem_intercon_imp_auto_pc_2_axi_protocol_converter_v2_1_37_a_axi3_conv/gru_bin_version_axi_mem_intercon_imp_auto_pc_2_axi_data_fifo_v2_1_36_axic_fifo/gru_bin_version_axi_mem_intercon_imp_auto_pc_2_axi_data_fifo_v2_1_36_fifo_gen/<hidden>/<hidden>/<hidden>/<hidden>/<hidden>/<hidden>
  -------------------------------------------------------------------    -------------------
    SLICE_X29Y29         FDPE (Prop_fdpe_C_Q)         0.419     3.447 f  gru_bin_version_wrapper/gru_bin_version/gru_bin_version_axi_mem_intercon_0/s02_couplers_imp_QTS1PG/gru_bin_version_axi_mem_intercon_imp_auto_pc_2/gru_bin_version_axi_mem_intercon_imp_auto_pc_2_axi_protocol_converter_v2_1_37_axi_protocol_converter/gru_bin_version_axi_mem_intercon_imp_auto_pc_2_axi_protocol_converter_v2_1_37_axi3_conv/gru_bin_version_axi_mem_intercon_imp_auto_pc_2_axi_protocol_converter_v2_1_37_a_axi3_conv/gru_bin_version_axi_mem_intercon_imp_auto_pc_2_axi_data_fifo_v2_1_36_axic_fifo/gru_bin_version_axi_mem_intercon_imp_auto_pc_2_axi_data_fifo_v2_1_36_fifo_gen/<hidden>/<hidden>/<hidden>/<hidden>/<hidden>/<hidden>
                         net (fo=2, routed)           0.648     4.095    gru_bin_version_wrapper/gru_bin_version/gru_bin_version_axi_mem_intercon_0/s02_couplers_imp_QTS1PG/gru_bin_version_axi_mem_intercon_imp_auto_pc_2/gru_bin_version_axi_mem_intercon_imp_auto_pc_2_axi_protocol_converter_v2_1_37_axi_protocol_converter/gru_bin_version_axi_mem_intercon_imp_auto_pc_2_axi_protocol_converter_v2_1_37_axi3_conv/gru_bin_version_axi_mem_intercon_imp_auto_pc_2_axi_protocol_converter_v2_1_37_a_axi3_conv/gru_bin_version_axi_mem_intercon_imp_auto_pc_2_axi_data_fifo_v2_1_36_axic_fifo/gru_bin_version_axi_mem_intercon_imp_auto_pc_2_axi_data_fifo_v2_1_36_fifo_gen/<hidden>/<hidden>/<hidden>/<hidden>/<hidden>
    SLICE_X28Y29         LUT3 (Prop_lut3_I2_O)        0.299     4.394 f  gru_bin_version_wrapper/gru_bin_version/gru_bin_version_axi_mem_intercon_0/s02_couplers_imp_QTS1PG/gru_bin_version_axi_mem_intercon_imp_auto_pc_2/gru_bin_version_axi_mem_intercon_imp_auto_pc_2_axi_protocol_converter_v2_1_37_axi_protocol_converter/gru_bin_version_axi_mem_intercon_imp_auto_pc_2_axi_protocol_converter_v2_1_37_axi3_conv/gru_bin_version_axi_mem_intercon_imp_auto_pc_2_axi_protocol_converter_v2_1_37_a_axi3_conv/gru_bin_version_axi_mem_intercon_imp_auto_pc_2_axi_data_fifo_v2_1_36_axic_fifo/gru_bin_version_axi_mem_intercon_imp_auto_pc_2_axi_data_fifo_v2_1_36_fifo_gen/<hidden>/<hidden>/<hidden>/<hidden>/<hidden>
                         net (fo=32, routed)          1.302     5.695    gru_bin_version_wrapper/gru_bin_version/gru_bin_version_axi_mem_intercon_0/s02_couplers_imp_QTS1PG/gru_bin_version_axi_mem_intercon_imp_auto_pc_2/gru_bin_version_axi_mem_intercon_imp_auto_pc_2_axi_protocol_converter_v2_1_37_axi_protocol_converter/gru_bin_version_axi_mem_intercon_imp_auto_pc_2_axi_protocol_converter_v2_1_37_axi3_conv/gru_bin_version_axi_mem_intercon_imp_auto_pc_2_axi_protocol_converter_v2_1_37_a_axi3_conv/gru_bin_version_axi_mem_intercon_imp_auto_pc_2_axi_data_fifo_v2_1_36_axic_fifo/gru_bin_version_axi_mem_intercon_imp_auto_pc_2_axi_data_fifo_v2_1_36_fifo_gen/<hidden>/<hidden>/<hidden>/<hidden>/<hidden>/<hidden>
    SLICE_X33Y25         FDCE                                         f  gru_bin_version_wrapper/gru_bin_version/gru_bin_version_axi_mem_intercon_0/s02_couplers_imp_QTS1PG/gru_bin_version_axi_mem_intercon_imp_auto_pc_2/gru_bin_version_axi_mem_intercon_imp_auto_pc_2_axi_protocol_converter_v2_1_37_axi_protocol_converter/gru_bin_version_axi_mem_intercon_imp_auto_pc_2_axi_protocol_converter_v2_1_37_axi3_conv/gru_bin_version_axi_mem_intercon_imp_auto_pc_2_axi_protocol_converter_v2_1_37_a_axi3_conv/gru_bin_version_axi_mem_intercon_imp_auto_pc_2_axi_data_fifo_v2_1_36_axic_fifo/gru_bin_version_axi_mem_intercon_imp_auto_pc_2_axi_data_fifo_v2_1_36_fifo_gen/<hidden>/<hidden>/<hidden>/<hidden>/<hidden>/<hidden>
  -------------------------------------------------------------------    -------------------

                         (clock clk_fpga_0 rise edge)
                                                     10.000    10.000 r  
    PS7_X0Y0             PS7                          0.000    10.000 r  gru_bin_version_i/processing_system7_0/inst/PS7_i/FCLKCLK[0]
                         net (fo=1, routed)           1.088    11.088    gru_bin_version_i/processing_system7_0/inst/FCLK_CLK_unbuffered[0]
    BUFGCTRL_X0Y16       BUFG (Prop_bufg_I_O)         0.091    11.179 r  gru_bin_version_i/processing_system7_0/inst/buffer_fclk_clk_0.FCLK_CLK_0_BUFG/O
                         net (fo=26756, routed)       1.478    12.658    gru_bin_version_wrapper/gru_bin_version/gru_bin_version_axi_mem_intercon_0/s02_couplers_imp_QTS1PG/gru_bin_version_axi_mem_intercon_imp_auto_pc_2/gru_bin_version_axi_mem_intercon_imp_auto_pc_2_axi_protocol_converter_v2_1_37_axi_protocol_converter/gru_bin_version_axi_mem_intercon_imp_auto_pc_2_axi_protocol_converter_v2_1_37_axi3_conv/gru_bin_version_axi_mem_intercon_imp_auto_pc_2_axi_protocol_converter_v2_1_37_a_axi3_conv/gru_bin_version_axi_mem_intercon_imp_auto_pc_2_axi_data_fifo_v2_1_36_axic_fifo/gru_bin_version_axi_mem_intercon_imp_auto_pc_2_axi_data_fifo_v2_1_36_fifo_gen/<hidden>/<hidden>/<hidden>/<hidden>/<hidden>/<hidden>
    SLICE_X33Y25         FDCE                                         r  gru_bin_version_wrapper/gru_bin_version/gru_bin_version_axi_mem_intercon_0/s02_couplers_imp_QTS1PG/gru_bin_version_axi_mem_intercon_imp_auto_pc_2/gru_bin_version_axi_mem_intercon_imp_auto_pc_2_axi_protocol_converter_v2_1_37_axi_protocol_converter/gru_bin_version_axi_mem_intercon_imp_auto_pc_2_axi_protocol_converter_v2_1_37_axi3_conv/gru_bin_version_axi_mem_intercon_imp_auto_pc_2_axi_protocol_converter_v2_1_37_a_axi3_conv/gru_bin_version_axi_mem_intercon_imp_auto_pc_2_axi_data_fifo_v2_1_36_axic_fifo/gru_bin_version_axi_mem_intercon_imp_auto_pc_2_axi_data_fifo_v2_1_36_fifo_gen/<hidden>/<hidden>/<hidden>/<hidden>/<hidden>/<hidden>
                         clock pessimism              0.230    12.887    
                         clock uncertainty           -0.154    12.733    
    SLICE_X33Y25         FDCE (Recov_fdce_C_CLR)     -0.405    12.328    gru_bin_version_wrapper/gru_bin_version/gru_bin_version_axi_mem_intercon_0/s02_couplers_imp_QTS1PG/gru_bin_version_axi_mem_intercon_imp_auto_pc_2/gru_bin_version_axi_mem_intercon_imp_auto_pc_2_axi_protocol_converter_v2_1_37_axi_protocol_converter/gru_bin_version_axi_mem_intercon_imp_auto_pc_2_axi_protocol_converter_v2_1_37_axi3_conv/gru_bin_version_axi_mem_intercon_imp_auto_pc_2_axi_protocol_converter_v2_1_37_a_axi3_conv/gru_bin_version_axi_mem_intercon_imp_auto_pc_2_axi_data_fifo_v2_1_36_axic_fifo/gru_bin_version_axi_mem_intercon_imp_auto_pc_2_axi_data_fifo_v2_1_36_fifo_gen/<hidden>/<hidden>/<hidden>/<hidden>/<hidden>/<hidden>
  -------------------------------------------------------------------
                         required time                         12.328    
                         arrival time                          -5.695    
  -------------------------------------------------------------------
                         slack                                  6.632    

Slack (MET) :             6.632ns  (required time - arrival time)
  Source:                 gru_bin_version_wrapper/gru_bin_version/gru_bin_version_axi_mem_intercon_0/s02_couplers_imp_QTS1PG/gru_bin_version_axi_mem_intercon_imp_auto_pc_2/gru_bin_version_axi_mem_intercon_imp_auto_pc_2_axi_protocol_converter_v2_1_37_axi_protocol_converter/gru_bin_version_axi_mem_intercon_imp_auto_pc_2_axi_protocol_converter_v2_1_37_axi3_conv/gru_bin_version_axi_mem_intercon_imp_auto_pc_2_axi_protocol_converter_v2_1_37_a_axi3_conv/gru_bin_version_axi_mem_intercon_imp_auto_pc_2_axi_data_fifo_v2_1_36_axic_fifo/gru_bin_version_axi_mem_intercon_imp_auto_pc_2_axi_data_fifo_v2_1_36_fifo_gen/<hidden>/<hidden>/<hidden>/<hidden>/<hidden>/<hidden>
                            (rising edge-triggered cell FDPE clocked by clk_fpga_0  {rise@0.000ns fall@5.000ns period=10.000ns})
  Destination:            gru_bin_version_wrapper/gru_bin_version/gru_bin_version_axi_mem_intercon_0/s02_couplers_imp_QTS1PG/gru_bin_version_axi_mem_intercon_imp_auto_pc_2/gru_bin_version_axi_mem_intercon_imp_auto_pc_2_axi_protocol_converter_v2_1_37_axi_protocol_converter/gru_bin_version_axi_mem_intercon_imp_auto_pc_2_axi_protocol_converter_v2_1_37_axi3_conv/gru_bin_version_axi_mem_intercon_imp_auto_pc_2_axi_protocol_converter_v2_1_37_a_axi3_conv/gru_bin_version_axi_mem_intercon_imp_auto_pc_2_axi_data_fifo_v2_1_36_axic_fifo/gru_bin_version_axi_mem_intercon_imp_auto_pc_2_axi_data_fifo_v2_1_36_fifo_gen/<hidden>/<hidden>/<hidden>/<hidden>/<hidden>/<hidden>
                            (recovery check against rising-edge clock clk_fpga_0  {rise@0.000ns fall@5.000ns period=10.000ns})
  Path Group:             **async_default**
  Path Type:              Recovery (Max at Slow Process Corner)
  Requirement:            10.000ns  (clk_fpga_0 rise@10.000ns - clk_fpga_0 rise@0.000ns)
  Data Path Delay:        2.667ns  (logic 0.718ns (26.917%)  route 1.949ns (73.083%))
  Logic Levels:           1  (LUT3=1)
  Clock Path Skew:        -0.141ns (DCD - SCD + CPR)
    Destination Clock Delay (DCD):    2.657ns = ( 12.657 - 10.000 ) 
    Source Clock Delay      (SCD):    3.028ns
    Clock Pessimism Removal (CPR):    0.230ns
  Clock Uncertainty:      0.154ns  ((TSJ^2 + TIJ^2)^1/2 + DJ) / 2 + PE
    Total System Jitter     (TSJ):    0.071ns
    Total Input Jitter      (TIJ):    0.300ns
    Discrete Jitter          (DJ):    0.000ns
    Phase Error              (PE):    0.000ns

    Location             Delay type                Incr(ns)  Path(ns)    Netlist Resource(s)
  -------------------------------------------------------------------    -------------------
                         (clock clk_fpga_0 rise edge)
                                                      0.000     0.000 r  
    PS7_X0Y0             PS7                          0.000     0.000 r  gru_bin_version_i/processing_system7_0/inst/PS7_i/FCLKCLK[0]
                         net (fo=1, routed)           1.193     1.193    gru_bin_version_i/processing_system7_0/inst/FCLK_CLK_unbuffered[0]
    BUFGCTRL_X0Y16       BUFG (Prop_bufg_I_O)         0.101     1.294 r  gru_bin_version_i/processing_system7_0/inst/buffer_fclk_clk_0.FCLK_CLK_0_BUFG/O
                         net (fo=26756, routed)       1.734     3.028    gru_bin_version_wrapper/gru_bin_version/gru_bin_version_axi_mem_intercon_0/s02_couplers_imp_QTS1PG/gru_bin_version_axi_mem_intercon_imp_auto_pc_2/gru_bin_version_axi_mem_intercon_imp_auto_pc_2_axi_protocol_converter_v2_1_37_axi_protocol_converter/gru_bin_version_axi_mem_intercon_imp_auto_pc_2_axi_protocol_converter_v2_1_37_axi3_conv/gru_bin_version_axi_mem_intercon_imp_auto_pc_2_axi_protocol_converter_v2_1_37_a_axi3_conv/gru_bin_version_axi_mem_intercon_imp_auto_pc_2_axi_data_fifo_v2_1_36_axic_fifo/gru_bin_version_axi_mem_intercon_imp_auto_pc_2_axi_data_fifo_v2_1_36_fifo_gen/<hidden>/<hidden>/<hidden>/<hidden>/<hidden>/<hidden>
    SLICE_X29Y29         FDPE                                         r  gru_bin_version_wrapper/gru_bin_version/gru_bin_version_axi_mem_intercon_0/s02_couplers_imp_QTS1PG/gru_bin_version_axi_mem_intercon_imp_auto_pc_2/gru_bin_version_axi_mem_intercon_imp_auto_pc_2_axi_protocol_converter_v2_1_37_axi_protocol_converter/gru_bin_version_axi_mem_intercon_imp_auto_pc_2_axi_protocol_converter_v2_1_37_axi3_conv/gru_bin_version_axi_mem_intercon_imp_auto_pc_2_axi_protocol_converter_v2_1_37_a_axi3_conv/gru_bin_version_axi_mem_intercon_imp_auto_pc_2_axi_data_fifo_v2_1_36_axic_fifo/gru_bin_version_axi_mem_intercon_imp_auto_pc_2_axi_data_fifo_v2_1_36_fifo_gen/<hidden>/<hidden>/<hidden>/<hidden>/<hidden>/<hidden>
  -------------------------------------------------------------------    -------------------
    SLICE_X29Y29         FDPE (Prop_fdpe_C_Q)         0.419     3.447 f  gru_bin_version_wrapper/gru_bin_version/gru_bin_version_axi_mem_intercon_0/s02_couplers_imp_QTS1PG/gru_bin_version_axi_mem_intercon_imp_auto_pc_2/gru_bin_version_axi_mem_intercon_imp_auto_pc_2_axi_protocol_converter_v2_1_37_axi_protocol_converter/gru_bin_version_axi_mem_intercon_imp_auto_pc_2_axi_protocol_converter_v2_1_37_axi3_conv/gru_bin_version_axi_mem_intercon_imp_auto_pc_2_axi_protocol_converter_v2_1_37_a_axi3_conv/gru_bin_version_axi_mem_intercon_imp_auto_pc_2_axi_data_fifo_v2_1_36_axic_fifo/gru_bin_version_axi_mem_intercon_imp_auto_pc_2_axi_data_fifo_v2_1_36_fifo_gen/<hidden>/<hidden>/<hidden>/<hidden>/<hidden>/<hidden>
                         net (fo=2, routed)           0.648     4.095    gru_bin_version_wrapper/gru_bin_version/gru_bin_version_axi_mem_intercon_0/s02_couplers_imp_QTS1PG/gru_bin_version_axi_mem_intercon_imp_auto_pc_2/gru_bin_version_axi_mem_intercon_imp_auto_pc_2_axi_protocol_converter_v2_1_37_axi_protocol_converter/gru_bin_version_axi_mem_intercon_imp_auto_pc_2_axi_protocol_converter_v2_1_37_axi3_conv/gru_bin_version_axi_mem_intercon_imp_auto_pc_2_axi_protocol_converter_v2_1_37_a_axi3_conv/gru_bin_version_axi_mem_intercon_imp_auto_pc_2_axi_data_fifo_v2_1_36_axic_fifo/gru_bin_version_axi_mem_intercon_imp_auto_pc_2_axi_data_fifo_v2_1_36_fifo_gen/<hidden>/<hidden>/<hidden>/<hidden>/<hidden>
    SLICE_X28Y29         LUT3 (Prop_lut3_I2_O)        0.299     4.394 f  gru_bin_version_wrapper/gru_bin_version/gru_bin_version_axi_mem_intercon_0/s02_couplers_imp_QTS1PG/gru_bin_version_axi_mem_intercon_imp_auto_pc_2/gru_bin_version_axi_mem_intercon_imp_auto_pc_2_axi_protocol_converter_v2_1_37_axi_protocol_converter/gru_bin_version_axi_mem_intercon_imp_auto_pc_2_axi_protocol_converter_v2_1_37_axi3_conv/gru_bin_version_axi_mem_intercon_imp_auto_pc_2_axi_protocol_converter_v2_1_37_a_axi3_conv/gru_bin_version_axi_mem_intercon_imp_auto_pc_2_axi_data_fifo_v2_1_36_axic_fifo/gru_bin_version_axi_mem_intercon_imp_auto_pc_2_axi_data_fifo_v2_1_36_fifo_gen/<hidden>/<hidden>/<hidden>/<hidden>/<hidden>
                         net (fo=32, routed)          1.302     5.695    gru_bin_version_wrapper/gru_bin_version/gru_bin_version_axi_mem_intercon_0/s02_couplers_imp_QTS1PG/gru_bin_version_axi_mem_intercon_imp_auto_pc_2/gru_bin_version_axi_mem_intercon_imp_auto_pc_2_axi_protocol_converter_v2_1_37_axi_protocol_converter/gru_bin_version_axi_mem_intercon_imp_auto_pc_2_axi_protocol_converter_v2_1_37_axi3_conv/gru_bin_version_axi_mem_intercon_imp_auto_pc_2_axi_protocol_converter_v2_1_37_a_axi3_conv/gru_bin_version_axi_mem_intercon_imp_auto_pc_2_axi_data_fifo_v2_1_36_axic_fifo/gru_bin_version_axi_mem_intercon_imp_auto_pc_2_axi_data_fifo_v2_1_36_fifo_gen/<hidden>/<hidden>/<hidden>/<hidden>/<hidden>/<hidden>
    SLICE_X33Y25         FDCE                                         f  gru_bin_version_wrapper/gru_bin_version/gru_bin_version_axi_mem_intercon_0/s02_couplers_imp_QTS1PG/gru_bin_version_axi_mem_intercon_imp_auto_pc_2/gru_bin_version_axi_mem_intercon_imp_auto_pc_2_axi_protocol_converter_v2_1_37_axi_protocol_converter/gru_bin_version_axi_mem_intercon_imp_auto_pc_2_axi_protocol_converter_v2_1_37_axi3_conv/gru_bin_version_axi_mem_intercon_imp_auto_pc_2_axi_protocol_converter_v2_1_37_a_axi3_conv/gru_bin_version_axi_mem_intercon_imp_auto_pc_2_axi_data_fifo_v2_1_36_axic_fifo/gru_bin_version_axi_mem_intercon_imp_auto_pc_2_axi_data_fifo_v2_1_36_fifo_gen/<hidden>/<hidden>/<hidden>/<hidden>/<hidden>/<hidden>
  -------------------------------------------------------------------    -------------------

                         (clock clk_fpga_0 rise edge)
                                                     10.000    10.000 r  
    PS7_X0Y0             PS7                          0.000    10.000 r  gru_bin_version_i/processing_system7_0/inst/PS7_i/FCLKCLK[0]
                         net (fo=1, routed)           1.088    11.088    gru_bin_version_i/processing_system7_0/inst/FCLK_CLK_unbuffered[0]
    BUFGCTRL_X0Y16       BUFG (Prop_bufg_I_O)         0.091    11.179 r  gru_bin_version_i/processing_system7_0/inst/buffer_fclk_clk_0.FCLK_CLK_0_BUFG/O
                         net (fo=26756, routed)       1.478    12.658    gru_bin_version_wrapper/gru_bin_version/gru_bin_version_axi_mem_intercon_0/s02_couplers_imp_QTS1PG/gru_bin_version_axi_mem_intercon_imp_auto_pc_2/gru_bin_version_axi_mem_intercon_imp_auto_pc_2_axi_protocol_converter_v2_1_37_axi_protocol_converter/gru_bin_version_axi_mem_intercon_imp_auto_pc_2_axi_protocol_converter_v2_1_37_axi3_conv/gru_bin_version_axi_mem_intercon_imp_auto_pc_2_axi_protocol_converter_v2_1_37_a_axi3_conv/gru_bin_version_axi_mem_intercon_imp_auto_pc_2_axi_data_fifo_v2_1_36_axic_fifo/gru_bin_version_axi_mem_intercon_imp_auto_pc_2_axi_data_fifo_v2_1_36_fifo_gen/<hidden>/<hidden>/<hidden>/<hidden>/<hidden>/<hidden>
    SLICE_X33Y25         FDCE                                         r  gru_bin_version_wrapper/gru_bin_version/gru_bin_version_axi_mem_intercon_0/s02_couplers_imp_QTS1PG/gru_bin_version_axi_mem_intercon_imp_auto_pc_2/gru_bin_version_axi_mem_intercon_imp_auto_pc_2_axi_protocol_converter_v2_1_37_axi_protocol_converter/gru_bin_version_axi_mem_intercon_imp_auto_pc_2_axi_protocol_converter_v2_1_37_axi3_conv/gru_bin_version_axi_mem_intercon_imp_auto_pc_2_axi_protocol_converter_v2_1_37_a_axi3_conv/gru_bin_version_axi_mem_intercon_imp_auto_pc_2_axi_data_fifo_v2_1_36_axic_fifo/gru_bin_version_axi_mem_intercon_imp_auto_pc_2_axi_data_fifo_v2_1_36_fifo_gen/<hidden>/<hidden>/<hidden>/<hidden>/<hidden>/<hidden>
                         clock pessimism              0.230    12.887    
                         clock uncertainty           -0.154    12.733    
    SLICE_X33Y25         FDCE (Recov_fdce_C_CLR)     -0.405    12.328    gru_bin_version_wrapper/gru_bin_version/gru_bin_version_axi_mem_intercon_0/s02_couplers_imp_QTS1PG/gru_bin_version_axi_mem_intercon_imp_auto_pc_2/gru_bin_version_axi_mem_intercon_imp_auto_pc_2_axi_protocol_converter_v2_1_37_axi_protocol_converter/gru_bin_version_axi_mem_intercon_imp_auto_pc_2_axi_protocol_converter_v2_1_37_axi3_conv/gru_bin_version_axi_mem_intercon_imp_auto_pc_2_axi_protocol_converter_v2_1_37_a_axi3_conv/gru_bin_version_axi_mem_intercon_imp_auto_pc_2_axi_data_fifo_v2_1_36_axic_fifo/gru_bin_version_axi_mem_intercon_imp_auto_pc_2_axi_data_fifo_v2_1_36_fifo_gen/<hidden>/<hidden>/<hidden>/<hidden>/<hidden>/<hidden>
  -------------------------------------------------------------------
                         required time                         12.328    
                         arrival time                          -5.695    
  -------------------------------------------------------------------
                         slack                                  6.632    

Slack (MET) :             6.676ns  (required time - arrival time)
  Source:                 gru_bin_version_wrapper/gru_bin_version/gru_bin_version_axi_mem_intercon_0/s02_couplers_imp_QTS1PG/gru_bin_version_axi_mem_intercon_imp_auto_pc_2/gru_bin_version_axi_mem_intercon_imp_auto_pc_2_axi_protocol_converter_v2_1_37_axi_protocol_converter/gru_bin_version_axi_mem_intercon_imp_auto_pc_2_axi_protocol_converter_v2_1_37_axi3_conv/gru_bin_version_axi_mem_intercon_imp_auto_pc_2_axi_protocol_converter_v2_1_37_a_axi3_conv/gru_bin_version_axi_mem_intercon_imp_auto_pc_2_axi_data_fifo_v2_1_36_axic_fifo/gru_bin_version_axi_mem_intercon_imp_auto_pc_2_axi_data_fifo_v2_1_36_fifo_gen/<hidden>/<hidden>/<hidden>/<hidden>/<hidden>/<hidden>
                            (rising edge-triggered cell FDPE clocked by clk_fpga_0  {rise@0.000ns fall@5.000ns period=10.000ns})
  Destination:            gru_bin_version_wrapper/gru_bin_version/gru_bin_version_axi_mem_intercon_0/s02_couplers_imp_QTS1PG/gru_bin_version_axi_mem_intercon_imp_auto_pc_2/gru_bin_version_axi_mem_intercon_imp_auto_pc_2_axi_protocol_converter_v2_1_37_axi_protocol_converter/gru_bin_version_axi_mem_intercon_imp_auto_pc_2_axi_protocol_converter_v2_1_37_axi3_conv/gru_bin_version_axi_mem_intercon_imp_auto_pc_2_axi_protocol_converter_v2_1_37_a_axi3_conv/gru_bin_version_axi_mem_intercon_imp_auto_pc_2_axi_data_fifo_v2_1_36_axic_fifo/gru_bin_version_axi_mem_intercon_imp_auto_pc_2_axi_data_fifo_v2_1_36_fifo_gen/<hidden>/<hidden>/<hidden>/<hidden>/<hidden>/<hidden>
                            (recovery check against rising-edge clock clk_fpga_0  {rise@0.000ns fall@5.000ns period=10.000ns})
  Path Group:             **async_default**
  Path Type:              Recovery (Max at Slow Process Corner)
  Requirement:            10.000ns  (clk_fpga_0 rise@10.000ns - clk_fpga_0 rise@0.000ns)
  Data Path Delay:        2.667ns  (logic 0.718ns (26.917%)  route 1.949ns (73.083%))
  Logic Levels:           1  (LUT3=1)
  Clock Path Skew:        -0.141ns (DCD - SCD + CPR)
    Destination Clock Delay (DCD):    2.657ns = ( 12.657 - 10.000 ) 
    Source Clock Delay      (SCD):    3.028ns
    Clock Pessimism Removal (CPR):    0.230ns
  Clock Uncertainty:      0.154ns  ((TSJ^2 + TIJ^2)^1/2 + DJ) / 2 + PE
    Total System Jitter     (TSJ):    0.071ns
    Total Input Jitter      (TIJ):    0.300ns
    Discrete Jitter          (DJ):    0.000ns
    Phase Error              (PE):    0.000ns

    Location             Delay type                Incr(ns)  Path(ns)    Netlist Resource(s)
  -------------------------------------------------------------------    -------------------
                         (clock clk_fpga_0 rise edge)
                                                      0.000     0.000 r  
    PS7_X0Y0             PS7                          0.000     0.000 r  gru_bin_version_i/processing_system7_0/inst/PS7_i/FCLKCLK[0]
                         net (fo=1, routed)           1.193     1.193    gru_bin_version_i/processing_system7_0/inst/FCLK_CLK_unbuffered[0]
    BUFGCTRL_X0Y16       BUFG (Prop_bufg_I_O)         0.101     1.294 r  gru_bin_version_i/processing_system7_0/inst/buffer_fclk_clk_0.FCLK_CLK_0_BUFG/O
                         net (fo=26756, routed)       1.734     3.028    gru_bin_version_wrapper/gru_bin_version/gru_bin_version_axi_mem_intercon_0/s02_couplers_imp_QTS1PG/gru_bin_version_axi_mem_intercon_imp_auto_pc_2/gru_bin_version_axi_mem_intercon_imp_auto_pc_2_axi_protocol_converter_v2_1_37_axi_protocol_converter/gru_bin_version_axi_mem_intercon_imp_auto_pc_2_axi_protocol_converter_v2_1_37_axi3_conv/gru_bin_version_axi_mem_intercon_imp_auto_pc_2_axi_protocol_converter_v2_1_37_a_axi3_conv/gru_bin_version_axi_mem_intercon_imp_auto_pc_2_axi_data_fifo_v2_1_36_axic_fifo/gru_bin_version_axi_mem_intercon_imp_auto_pc_2_axi_data_fifo_v2_1_36_fifo_gen/<hidden>/<hidden>/<hidden>/<hidden>/<hidden>/<hidden>
    SLICE_X29Y29         FDPE                                         r  gru_bin_version_wrapper/gru_bin_version/gru_bin_version_axi_mem_intercon_0/s02_couplers_imp_QTS1PG/gru_bin_version_axi_mem_intercon_imp_auto_pc_2/gru_bin_version_axi_mem_intercon_imp_auto_pc_2_axi_protocol_converter_v2_1_37_axi_protocol_converter/gru_bin_version_axi_mem_intercon_imp_auto_pc_2_axi_protocol_converter_v2_1_37_axi3_conv/gru_bin_version_axi_mem_intercon_imp_auto_pc_2_axi_protocol_converter_v2_1_37_a_axi3_conv/gru_bin_version_axi_mem_intercon_imp_auto_pc_2_axi_data_fifo_v2_1_36_axic_fifo/gru_bin_version_axi_mem_intercon_imp_auto_pc_2_axi_data_fifo_v2_1_36_fifo_gen/<hidden>/<hidden>/<hidden>/<hidden>/<hidden>/<hidden>
  -------------------------------------------------------------------    -------------------
    SLICE_X29Y29         FDPE (Prop_fdpe_C_Q)         0.419     3.447 f  gru_bin_version_wrapper/gru_bin_version/gru_bin_version_axi_mem_intercon_0/s02_couplers_imp_QTS1PG/gru_bin_version_axi_mem_intercon_imp_auto_pc_2/gru_bin_version_axi_mem_intercon_imp_auto_pc_2_axi_protocol_converter_v2_1_37_axi_protocol_converter/gru_bin_version_axi_mem_intercon_imp_auto_pc_2_axi_protocol_converter_v2_1_37_axi3_conv/gru_bin_version_axi_mem_intercon_imp_auto_pc_2_axi_protocol_converter_v2_1_37_a_axi3_conv/gru_bin_version_axi_mem_intercon_imp_auto_pc_2_axi_data_fifo_v2_1_36_axic_fifo/gru_bin_version_axi_mem_intercon_imp_auto_pc_2_axi_data_fifo_v2_1_36_fifo_gen/<hidden>/<hidden>/<hidden>/<hidden>/<hidden>/<hidden>
                         net (fo=2, routed)           0.648     4.095    gru_bin_version_wrapper/gru_bin_version/gru_bin_version_axi_mem_intercon_0/s02_couplers_imp_QTS1PG/gru_bin_version_axi_mem_intercon_imp_auto_pc_2/gru_bin_version_axi_mem_intercon_imp_auto_pc_2_axi_protocol_converter_v2_1_37_axi_protocol_converter/gru_bin_version_axi_mem_intercon_imp_auto_pc_2_axi_protocol_converter_v2_1_37_axi3_conv/gru_bin_version_axi_mem_intercon_imp_auto_pc_2_axi_protocol_converter_v2_1_37_a_axi3_conv/gru_bin_version_axi_mem_intercon_imp_auto_pc_2_axi_data_fifo_v2_1_36_axic_fifo/gru_bin_version_axi_mem_intercon_imp_auto_pc_2_axi_data_fifo_v2_1_36_fifo_gen/<hidden>/<hidden>/<hidden>/<hidden>/<hidden>
    SLICE_X28Y29         LUT3 (Prop_lut3_I2_O)        0.299     4.394 f  gru_bin_version_wrapper/gru_bin_version/gru_bin_version_axi_mem_intercon_0/s02_couplers_imp_QTS1PG/gru_bin_version_axi_mem_intercon_imp_auto_pc_2/gru_bin_version_axi_mem_intercon_imp_auto_pc_2_axi_protocol_converter_v2_1_37_axi_protocol_converter/gru_bin_version_axi_mem_intercon_imp_auto_pc_2_axi_protocol_converter_v2_1_37_axi3_conv/gru_bin_version_axi_mem_intercon_imp_auto_pc_2_axi_protocol_converter_v2_1_37_a_axi3_conv/gru_bin_version_axi_mem_intercon_imp_auto_pc_2_axi_data_fifo_v2_1_36_axic_fifo/gru_bin_version_axi_mem_intercon_imp_auto_pc_2_axi_data_fifo_v2_1_36_fifo_gen/<hidden>/<hidden>/<hidden>/<hidden>/<hidden>
                         net (fo=32, routed)          1.302     5.695    gru_bin_version_wrapper/gru_bin_version/gru_bin_version_axi_mem_intercon_0/s02_couplers_imp_QTS1PG/gru_bin_version_axi_mem_intercon_imp_auto_pc_2/gru_bin_version_axi_mem_intercon_imp_auto_pc_2_axi_protocol_converter_v2_1_37_axi_protocol_converter/gru_bin_version_axi_mem_intercon_imp_auto_pc_2_axi_protocol_converter_v2_1_37_axi3_conv/gru_bin_version_axi_mem_intercon_imp_auto_pc_2_axi_protocol_converter_v2_1_37_a_axi3_conv/gru_bin_version_axi_mem_intercon_imp_auto_pc_2_axi_data_fifo_v2_1_36_axic_fifo/gru_bin_version_axi_mem_intercon_imp_auto_pc_2_axi_data_fifo_v2_1_36_fifo_gen/<hidden>/<hidden>/<hidden>/<hidden>/<hidden>/<hidden>
    SLICE_X32Y25         FDCE                                         f  gru_bin_version_wrapper/gru_bin_version/gru_bin_version_axi_mem_intercon_0/s02_couplers_imp_QTS1PG/gru_bin_version_axi_mem_intercon_imp_auto_pc_2/gru_bin_version_axi_mem_intercon_imp_auto_pc_2_axi_protocol_converter_v2_1_37_axi_protocol_converter/gru_bin_version_axi_mem_intercon_imp_auto_pc_2_axi_protocol_converter_v2_1_37_axi3_conv/gru_bin_version_axi_mem_intercon_imp_auto_pc_2_axi_protocol_converter_v2_1_37_a_axi3_conv/gru_bin_version_axi_mem_intercon_imp_auto_pc_2_axi_data_fifo_v2_1_36_axic_fifo/gru_bin_version_axi_mem_intercon_imp_auto_pc_2_axi_data_fifo_v2_1_36_fifo_gen/<hidden>/<hidden>/<hidden>/<hidden>/<hidden>/<hidden>
  -------------------------------------------------------------------    -------------------

                         (clock clk_fpga_0 rise edge)
                                                     10.000    10.000 r  
    PS7_X0Y0             PS7                          0.000    10.000 r  gru_bin_version_i/processing_system7_0/inst/PS7_i/FCLKCLK[0]
                         net (fo=1, routed)           1.088    11.088    gru_bin_version_i/processing_system7_0/inst/FCLK_CLK_unbuffered[0]
    BUFGCTRL_X0Y16       BUFG (Prop_bufg_I_O)         0.091    11.179 r  gru_bin_version_i/processing_system7_0/inst/buffer_fclk_clk_0.FCLK_CLK_0_BUFG/O
                         net (fo=26756, routed)       1.478    12.658    gru_bin_version_wrapper/gru_bin_version/gru_bin_version_axi_mem_intercon_0/s02_couplers_imp_QTS1PG/gru_bin_version_axi_mem_intercon_imp_auto_pc_2/gru_bin_version_axi_mem_intercon_imp_auto_pc_2_axi_protocol_converter_v2_1_37_axi_protocol_converter/gru_bin_version_axi_mem_intercon_imp_auto_pc_2_axi_protocol_converter_v2_1_37_axi3_conv/gru_bin_version_axi_mem_intercon_imp_auto_pc_2_axi_protocol_converter_v2_1_37_a_axi3_conv/gru_bin_version_axi_mem_intercon_imp_auto_pc_2_axi_data_fifo_v2_1_36_axic_fifo/gru_bin_version_axi_mem_intercon_imp_auto_pc_2_axi_data_fifo_v2_1_36_fifo_gen/<hidden>/<hidden>/<hidden>/<hidden>/<hidden>/<hidden>
    SLICE_X32Y25         FDCE                                         r  gru_bin_version_wrapper/gru_bin_version/gru_bin_version_axi_mem_intercon_0/s02_couplers_imp_QTS1PG/gru_bin_version_axi_mem_intercon_imp_auto_pc_2/gru_bin_version_axi_mem_intercon_imp_auto_pc_2_axi_protocol_converter_v2_1_37_axi_protocol_converter/gru_bin_version_axi_mem_intercon_imp_auto_pc_2_axi_protocol_converter_v2_1_37_axi3_conv/gru_bin_version_axi_mem_intercon_imp_auto_pc_2_axi_protocol_converter_v2_1_37_a_axi3_conv/gru_bin_version_axi_mem_intercon_imp_auto_pc_2_axi_data_fifo_v2_1_36_axic_fifo/gru_bin_version_axi_mem_intercon_imp_auto_pc_2_axi_data_fifo_v2_1_36_fifo_gen/<hidden>/<hidden>/<hidden>/<hidden>/<hidden>/<hidden>
                         clock pessimism              0.230    12.887    
                         clock uncertainty           -0.154    12.733    
    SLICE_X32Y25         FDCE (Recov_fdce_C_CLR)     -0.361    12.372    gru_bin_version_wrapper/gru_bin_version/gru_bin_version_axi_mem_intercon_0/s02_couplers_imp_QTS1PG/gru_bin_version_axi_mem_intercon_imp_auto_pc_2/gru_bin_version_axi_mem_intercon_imp_auto_pc_2_axi_protocol_converter_v2_1_37_axi_protocol_converter/gru_bin_version_axi_mem_intercon_imp_auto_pc_2_axi_protocol_converter_v2_1_37_axi3_conv/gru_bin_version_axi_mem_intercon_imp_auto_pc_2_axi_protocol_converter_v2_1_37_a_axi3_conv/gru_bin_version_axi_mem_intercon_imp_auto_pc_2_axi_data_fifo_v2_1_36_axic_fifo/gru_bin_version_axi_mem_intercon_imp_auto_pc_2_axi_data_fifo_v2_1_36_fifo_gen/<hidden>/<hidden>/<hidden>/<hidden>/<hidden>/<hidden>
  -------------------------------------------------------------------
                         required time                         12.372    
                         arrival time                          -5.695    
  -------------------------------------------------------------------
                         slack                                  6.676    

Slack (MET) :             6.676ns  (required time - arrival time)
  Source:                 gru_bin_version_wrapper/gru_bin_version/gru_bin_version_axi_mem_intercon_0/s02_couplers_imp_QTS1PG/gru_bin_version_axi_mem_intercon_imp_auto_pc_2/gru_bin_version_axi_mem_intercon_imp_auto_pc_2_axi_protocol_converter_v2_1_37_axi_protocol_converter/gru_bin_version_axi_mem_intercon_imp_auto_pc_2_axi_protocol_converter_v2_1_37_axi3_conv/gru_bin_version_axi_mem_intercon_imp_auto_pc_2_axi_protocol_converter_v2_1_37_a_axi3_conv/gru_bin_version_axi_mem_intercon_imp_auto_pc_2_axi_data_fifo_v2_1_36_axic_fifo/gru_bin_version_axi_mem_intercon_imp_auto_pc_2_axi_data_fifo_v2_1_36_fifo_gen/<hidden>/<hidden>/<hidden>/<hidden>/<hidden>/<hidden>
                            (rising edge-triggered cell FDPE clocked by clk_fpga_0  {rise@0.000ns fall@5.000ns period=10.000ns})
  Destination:            gru_bin_version_wrapper/gru_bin_version/gru_bin_version_axi_mem_intercon_0/s02_couplers_imp_QTS1PG/gru_bin_version_axi_mem_intercon_imp_auto_pc_2/gru_bin_version_axi_mem_intercon_imp_auto_pc_2_axi_protocol_converter_v2_1_37_axi_protocol_converter/gru_bin_version_axi_mem_intercon_imp_auto_pc_2_axi_protocol_converter_v2_1_37_axi3_conv/gru_bin_version_axi_mem_intercon_imp_auto_pc_2_axi_protocol_converter_v2_1_37_a_axi3_conv/gru_bin_version_axi_mem_intercon_imp_auto_pc_2_axi_data_fifo_v2_1_36_axic_fifo/gru_bin_version_axi_mem_intercon_imp_auto_pc_2_axi_data_fifo_v2_1_36_fifo_gen/<hidden>/<hidden>/<hidden>/<hidden>/<hidden>/<hidden>
                            (recovery check against rising-edge clock clk_fpga_0  {rise@0.000ns fall@5.000ns period=10.000ns})
  Path Group:             **async_default**
  Path Type:              Recovery (Max at Slow Process Corner)
  Requirement:            10.000ns  (clk_fpga_0 rise@10.000ns - clk_fpga_0 rise@0.000ns)
  Data Path Delay:        2.667ns  (logic 0.718ns (26.917%)  route 1.949ns (73.083%))
  Logic Levels:           1  (LUT3=1)
  Clock Path Skew:        -0.141ns (DCD - SCD + CPR)
    Destination Clock Delay (DCD):    2.657ns = ( 12.657 - 10.000 ) 
    Source Clock Delay      (SCD):    3.028ns
    Clock Pessimism Removal (CPR):    0.230ns
  Clock Uncertainty:      0.154ns  ((TSJ^2 + TIJ^2)^1/2 + DJ) / 2 + PE
    Total System Jitter     (TSJ):    0.071ns
    Total Input Jitter      (TIJ):    0.300ns
    Discrete Jitter          (DJ):    0.000ns
    Phase Error              (PE):    0.000ns

    Location             Delay type                Incr(ns)  Path(ns)    Netlist Resource(s)
  -------------------------------------------------------------------    -------------------
                         (clock clk_fpga_0 rise edge)
                                                      0.000     0.000 r  
    PS7_X0Y0             PS7                          0.000     0.000 r  gru_bin_version_i/processing_system7_0/inst/PS7_i/FCLKCLK[0]
                         net (fo=1, routed)           1.193     1.193    gru_bin_version_i/processing_system7_0/inst/FCLK_CLK_unbuffered[0]
    BUFGCTRL_X0Y16       BUFG (Prop_bufg_I_O)         0.101     1.294 r  gru_bin_version_i/processing_system7_0/inst/buffer_fclk_clk_0.FCLK_CLK_0_BUFG/O
                         net (fo=26756, routed)       1.734     3.028    gru_bin_version_wrapper/gru_bin_version/gru_bin_version_axi_mem_intercon_0/s02_couplers_imp_QTS1PG/gru_bin_version_axi_mem_intercon_imp_auto_pc_2/gru_bin_version_axi_mem_intercon_imp_auto_pc_2_axi_protocol_converter_v2_1_37_axi_protocol_converter/gru_bin_version_axi_mem_intercon_imp_auto_pc_2_axi_protocol_converter_v2_1_37_axi3_conv/gru_bin_version_axi_mem_intercon_imp_auto_pc_2_axi_protocol_converter_v2_1_37_a_axi3_conv/gru_bin_version_axi_mem_intercon_imp_auto_pc_2_axi_data_fifo_v2_1_36_axic_fifo/gru_bin_version_axi_mem_intercon_imp_auto_pc_2_axi_data_fifo_v2_1_36_fifo_gen/<hidden>/<hidden>/<hidden>/<hidden>/<hidden>/<hidden>
    SLICE_X29Y29         FDPE                                         r  gru_bin_version_wrapper/gru_bin_version/gru_bin_version_axi_mem_intercon_0/s02_couplers_imp_QTS1PG/gru_bin_version_axi_mem_intercon_imp_auto_pc_2/gru_bin_version_axi_mem_intercon_imp_auto_pc_2_axi_protocol_converter_v2_1_37_axi_protocol_converter/gru_bin_version_axi_mem_intercon_imp_auto_pc_2_axi_protocol_converter_v2_1_37_axi3_conv/gru_bin_version_axi_mem_intercon_imp_auto_pc_2_axi_protocol_converter_v2_1_37_a_axi3_conv/gru_bin_version_axi_mem_intercon_imp_auto_pc_2_axi_data_fifo_v2_1_36_axic_fifo/gru_bin_version_axi_mem_intercon_imp_auto_pc_2_axi_data_fifo_v2_1_36_fifo_gen/<hidden>/<hidden>/<hidden>/<hidden>/<hidden>/<hidden>
  -------------------------------------------------------------------    -------------------
    SLICE_X29Y29         FDPE (Prop_fdpe_C_Q)         0.419     3.447 f  gru_bin_version_wrapper/gru_bin_version/gru_bin_version_axi_mem_intercon_0/s02_couplers_imp_QTS1PG/gru_bin_version_axi_mem_intercon_imp_auto_pc_2/gru_bin_version_axi_mem_intercon_imp_auto_pc_2_axi_protocol_converter_v2_1_37_axi_protocol_converter/gru_bin_version_axi_mem_intercon_imp_auto_pc_2_axi_protocol_converter_v2_1_37_axi3_conv/gru_bin_version_axi_mem_intercon_imp_auto_pc_2_axi_protocol_converter_v2_1_37_a_axi3_conv/gru_bin_version_axi_mem_intercon_imp_auto_pc_2_axi_data_fifo_v2_1_36_axic_fifo/gru_bin_version_axi_mem_intercon_imp_auto_pc_2_axi_data_fifo_v2_1_36_fifo_gen/<hidden>/<hidden>/<hidden>/<hidden>/<hidden>/<hidden>
                         net (fo=2, routed)           0.648     4.095    gru_bin_version_wrapper/gru_bin_version/gru_bin_version_axi_mem_intercon_0/s02_couplers_imp_QTS1PG/gru_bin_version_axi_mem_intercon_imp_auto_pc_2/gru_bin_version_axi_mem_intercon_imp_auto_pc_2_axi_protocol_converter_v2_1_37_axi_protocol_converter/gru_bin_version_axi_mem_intercon_imp_auto_pc_2_axi_protocol_converter_v2_1_37_axi3_conv/gru_bin_version_axi_mem_intercon_imp_auto_pc_2_axi_protocol_converter_v2_1_37_a_axi3_conv/gru_bin_version_axi_mem_intercon_imp_auto_pc_2_axi_data_fifo_v2_1_36_axic_fifo/gru_bin_version_axi_mem_intercon_imp_auto_pc_2_axi_data_fifo_v2_1_36_fifo_gen/<hidden>/<hidden>/<hidden>/<hidden>/<hidden>
    SLICE_X28Y29         LUT3 (Prop_lut3_I2_O)        0.299     4.394 f  gru_bin_version_wrapper/gru_bin_version/gru_bin_version_axi_mem_intercon_0/s02_couplers_imp_QTS1PG/gru_bin_version_axi_mem_intercon_imp_auto_pc_2/gru_bin_version_axi_mem_intercon_imp_auto_pc_2_axi_protocol_converter_v2_1_37_axi_protocol_converter/gru_bin_version_axi_mem_intercon_imp_auto_pc_2_axi_protocol_converter_v2_1_37_axi3_conv/gru_bin_version_axi_mem_intercon_imp_auto_pc_2_axi_protocol_converter_v2_1_37_a_axi3_conv/gru_bin_version_axi_mem_intercon_imp_auto_pc_2_axi_data_fifo_v2_1_36_axic_fifo/gru_bin_version_axi_mem_intercon_imp_auto_pc_2_axi_data_fifo_v2_1_36_fifo_gen/<hidden>/<hidden>/<hidden>/<hidden>/<hidden>
                         net (fo=32, routed)          1.302     5.695    gru_bin_version_wrapper/gru_bin_version/gru_bin_version_axi_mem_intercon_0/s02_couplers_imp_QTS1PG/gru_bin_version_axi_mem_intercon_imp_auto_pc_2/gru_bin_version_axi_mem_intercon_imp_auto_pc_2_axi_protocol_converter_v2_1_37_axi_protocol_converter/gru_bin_version_axi_mem_intercon_imp_auto_pc_2_axi_protocol_converter_v2_1_37_axi3_conv/gru_bin_version_axi_mem_intercon_imp_auto_pc_2_axi_protocol_converter_v2_1_37_a_axi3_conv/gru_bin_version_axi_mem_intercon_imp_auto_pc_2_axi_data_fifo_v2_1_36_axic_fifo/gru_bin_version_axi_mem_intercon_imp_auto_pc_2_axi_data_fifo_v2_1_36_fifo_gen/<hidden>/<hidden>/<hidden>/<hidden>/<hidden>/<hidden>
    SLICE_X32Y25         FDPE                                         f  gru_bin_version_wrapper/gru_bin_version/gru_bin_version_axi_mem_intercon_0/s02_couplers_imp_QTS1PG/gru_bin_version_axi_mem_intercon_imp_auto_pc_2/gru_bin_version_axi_mem_intercon_imp_auto_pc_2_axi_protocol_converter_v2_1_37_axi_protocol_converter/gru_bin_version_axi_mem_intercon_imp_auto_pc_2_axi_protocol_converter_v2_1_37_axi3_conv/gru_bin_version_axi_mem_intercon_imp_auto_pc_2_axi_protocol_converter_v2_1_37_a_axi3_conv/gru_bin_version_axi_mem_intercon_imp_auto_pc_2_axi_data_fifo_v2_1_36_axic_fifo/gru_bin_version_axi_mem_intercon_imp_auto_pc_2_axi_data_fifo_v2_1_36_fifo_gen/<hidden>/<hidden>/<hidden>/<hidden>/<hidden>/<hidden>
  -------------------------------------------------------------------    -------------------

                         (clock clk_fpga_0 rise edge)
                                                     10.000    10.000 r  
    PS7_X0Y0             PS7                          0.000    10.000 r  gru_bin_version_i/processing_system7_0/inst/PS7_i/FCLKCLK[0]
                         net (fo=1, routed)           1.088    11.088    gru_bin_version_i/processing_system7_0/inst/FCLK_CLK_unbuffered[0]
    BUFGCTRL_X0Y16       BUFG (Prop_bufg_I_O)         0.091    11.179 r  gru_bin_version_i/processing_system7_0/inst/buffer_fclk_clk_0.FCLK_CLK_0_BUFG/O
                         net (fo=26756, routed)       1.478    12.658    gru_bin_version_wrapper/gru_bin_version/gru_bin_version_axi_mem_intercon_0/s02_couplers_imp_QTS1PG/gru_bin_version_axi_mem_intercon_imp_auto_pc_2/gru_bin_version_axi_mem_intercon_imp_auto_pc_2_axi_protocol_converter_v2_1_37_axi_protocol_converter/gru_bin_version_axi_mem_intercon_imp_auto_pc_2_axi_protocol_converter_v2_1_37_axi3_conv/gru_bin_version_axi_mem_intercon_imp_auto_pc_2_axi_protocol_converter_v2_1_37_a_axi3_conv/gru_bin_version_axi_mem_intercon_imp_auto_pc_2_axi_data_fifo_v2_1_36_axic_fifo/gru_bin_version_axi_mem_intercon_imp_auto_pc_2_axi_data_fifo_v2_1_36_fifo_gen/<hidden>/<hidden>/<hidden>/<hidden>/<hidden>/<hidden>
    SLICE_X32Y25         FDPE                                         r  gru_bin_version_wrapper/gru_bin_version/gru_bin_version_axi_mem_intercon_0/s02_couplers_imp_QTS1PG/gru_bin_version_axi_mem_intercon_imp_auto_pc_2/gru_bin_version_axi_mem_intercon_imp_auto_pc_2_axi_protocol_converter_v2_1_37_axi_protocol_converter/gru_bin_version_axi_mem_intercon_imp_auto_pc_2_axi_protocol_converter_v2_1_37_axi3_conv/gru_bin_version_axi_mem_intercon_imp_auto_pc_2_axi_protocol_converter_v2_1_37_a_axi3_conv/gru_bin_version_axi_mem_intercon_imp_auto_pc_2_axi_data_fifo_v2_1_36_axic_fifo/gru_bin_version_axi_mem_intercon_imp_auto_pc_2_axi_data_fifo_v2_1_36_fifo_gen/<hidden>/<hidden>/<hidden>/<hidden>/<hidden>/<hidden>
                         clock pessimism              0.230    12.887    
                         clock uncertainty           -0.154    12.733    
    SLICE_X32Y25         FDPE (Recov_fdpe_C_PRE)     -0.361    12.372    gru_bin_version_wrapper/gru_bin_version/gru_bin_version_axi_mem_intercon_0/s02_couplers_imp_QTS1PG/gru_bin_version_axi_mem_intercon_imp_auto_pc_2/gru_bin_version_axi_mem_intercon_imp_auto_pc_2_axi_protocol_converter_v2_1_37_axi_protocol_converter/gru_bin_version_axi_mem_intercon_imp_auto_pc_2_axi_protocol_converter_v2_1_37_axi3_conv/gru_bin_version_axi_mem_intercon_imp_auto_pc_2_axi_protocol_converter_v2_1_37_a_axi3_conv/gru_bin_version_axi_mem_intercon_imp_auto_pc_2_axi_data_fifo_v2_1_36_axic_fifo/gru_bin_version_axi_mem_intercon_imp_auto_pc_2_axi_data_fifo_v2_1_36_fifo_gen/<hidden>/<hidden>/<hidden>/<hidden>/<hidden>/<hidden>
  -------------------------------------------------------------------
                         required time                         12.372    
                         arrival time                          -5.695    
  -------------------------------------------------------------------
                         slack                                  6.676    

Slack (MET) :             6.676ns  (required time - arrival time)
  Source:                 gru_bin_version_wrapper/gru_bin_version/gru_bin_version_axi_mem_intercon_0/s02_couplers_imp_QTS1PG/gru_bin_version_axi_mem_intercon_imp_auto_pc_2/gru_bin_version_axi_mem_intercon_imp_auto_pc_2_axi_protocol_converter_v2_1_37_axi_protocol_converter/gru_bin_version_axi_mem_intercon_imp_auto_pc_2_axi_protocol_converter_v2_1_37_axi3_conv/gru_bin_version_axi_mem_intercon_imp_auto_pc_2_axi_protocol_converter_v2_1_37_a_axi3_conv/gru_bin_version_axi_mem_intercon_imp_auto_pc_2_axi_data_fifo_v2_1_36_axic_fifo/gru_bin_version_axi_mem_intercon_imp_auto_pc_2_axi_data_fifo_v2_1_36_fifo_gen/<hidden>/<hidden>/<hidden>/<hidden>/<hidden>/<hidden>
                            (rising edge-triggered cell FDPE clocked by clk_fpga_0  {rise@0.000ns fall@5.000ns period=10.000ns})
  Destination:            gru_bin_version_wrapper/gru_bin_version/gru_bin_version_axi_mem_intercon_0/s02_couplers_imp_QTS1PG/gru_bin_version_axi_mem_intercon_imp_auto_pc_2/gru_bin_version_axi_mem_intercon_imp_auto_pc_2_axi_protocol_converter_v2_1_37_axi_protocol_converter/gru_bin_version_axi_mem_intercon_imp_auto_pc_2_axi_protocol_converter_v2_1_37_axi3_conv/gru_bin_version_axi_mem_intercon_imp_auto_pc_2_axi_protocol_converter_v2_1_37_a_axi3_conv/gru_bin_version_axi_mem_intercon_imp_auto_pc_2_axi_data_fifo_v2_1_36_axic_fifo/gru_bin_version_axi_mem_intercon_imp_auto_pc_2_axi_data_fifo_v2_1_36_fifo_gen/<hidden>/<hidden>/<hidden>/<hidden>/<hidden>/<hidden>
                            (recovery check against rising-edge clock clk_fpga_0  {rise@0.000ns fall@5.000ns period=10.000ns})
  Path Group:             **async_default**
  Path Type:              Recovery (Max at Slow Process Corner)
  Requirement:            10.000ns  (clk_fpga_0 rise@10.000ns - clk_fpga_0 rise@0.000ns)
  Data Path Delay:        2.667ns  (logic 0.718ns (26.917%)  route 1.949ns (73.083%))
  Logic Levels:           1  (LUT3=1)
  Clock Path Skew:        -0.141ns (DCD - SCD + CPR)
    Destination Clock Delay (DCD):    2.657ns = ( 12.657 - 10.000 ) 
    Source Clock Delay      (SCD):    3.028ns
    Clock Pessimism Removal (CPR):    0.230ns
  Clock Uncertainty:      0.154ns  ((TSJ^2 + TIJ^2)^1/2 + DJ) / 2 + PE
    Total System Jitter     (TSJ):    0.071ns
    Total Input Jitter      (TIJ):    0.300ns
    Discrete Jitter          (DJ):    0.000ns
    Phase Error              (PE):    0.000ns

    Location             Delay type                Incr(ns)  Path(ns)    Netlist Resource(s)
  -------------------------------------------------------------------    -------------------
                         (clock clk_fpga_0 rise edge)
                                                      0.000     0.000 r  
    PS7_X0Y0             PS7                          0.000     0.000 r  gru_bin_version_i/processing_system7_0/inst/PS7_i/FCLKCLK[0]
                         net (fo=1, routed)           1.193     1.193    gru_bin_version_i/processing_system7_0/inst/FCLK_CLK_unbuffered[0]
    BUFGCTRL_X0Y16       BUFG (Prop_bufg_I_O)         0.101     1.294 r  gru_bin_version_i/processing_system7_0/inst/buffer_fclk_clk_0.FCLK_CLK_0_BUFG/O
                         net (fo=26756, routed)       1.734     3.028    gru_bin_version_wrapper/gru_bin_version/gru_bin_version_axi_mem_intercon_0/s02_couplers_imp_QTS1PG/gru_bin_version_axi_mem_intercon_imp_auto_pc_2/gru_bin_version_axi_mem_intercon_imp_auto_pc_2_axi_protocol_converter_v2_1_37_axi_protocol_converter/gru_bin_version_axi_mem_intercon_imp_auto_pc_2_axi_protocol_converter_v2_1_37_axi3_conv/gru_bin_version_axi_mem_intercon_imp_auto_pc_2_axi_protocol_converter_v2_1_37_a_axi3_conv/gru_bin_version_axi_mem_intercon_imp_auto_pc_2_axi_data_fifo_v2_1_36_axic_fifo/gru_bin_version_axi_mem_intercon_imp_auto_pc_2_axi_data_fifo_v2_1_36_fifo_gen/<hidden>/<hidden>/<hidden>/<hidden>/<hidden>/<hidden>
    SLICE_X29Y29         FDPE                                         r  gru_bin_version_wrapper/gru_bin_version/gru_bin_version_axi_mem_intercon_0/s02_couplers_imp_QTS1PG/gru_bin_version_axi_mem_intercon_imp_auto_pc_2/gru_bin_version_axi_mem_intercon_imp_auto_pc_2_axi_protocol_converter_v2_1_37_axi_protocol_converter/gru_bin_version_axi_mem_intercon_imp_auto_pc_2_axi_protocol_converter_v2_1_37_axi3_conv/gru_bin_version_axi_mem_intercon_imp_auto_pc_2_axi_protocol_converter_v2_1_37_a_axi3_conv/gru_bin_version_axi_mem_intercon_imp_auto_pc_2_axi_data_fifo_v2_1_36_axic_fifo/gru_bin_version_axi_mem_intercon_imp_auto_pc_2_axi_data_fifo_v2_1_36_fifo_gen/<hidden>/<hidden>/<hidden>/<hidden>/<hidden>/<hidden>
  -------------------------------------------------------------------    -------------------
    SLICE_X29Y29         FDPE (Prop_fdpe_C_Q)         0.419     3.447 f  gru_bin_version_wrapper/gru_bin_version/gru_bin_version_axi_mem_intercon_0/s02_couplers_imp_QTS1PG/gru_bin_version_axi_mem_intercon_imp_auto_pc_2/gru_bin_version_axi_mem_intercon_imp_auto_pc_2_axi_protocol_converter_v2_1_37_axi_protocol_converter/gru_bin_version_axi_mem_intercon_imp_auto_pc_2_axi_protocol_converter_v2_1_37_axi3_conv/gru_bin_version_axi_mem_intercon_imp_auto_pc_2_axi_protocol_converter_v2_1_37_a_axi3_conv/gru_bin_version_axi_mem_intercon_imp_auto_pc_2_axi_data_fifo_v2_1_36_axic_fifo/gru_bin_version_axi_mem_intercon_imp_auto_pc_2_axi_data_fifo_v2_1_36_fifo_gen/<hidden>/<hidden>/<hidden>/<hidden>/<hidden>/<hidden>
                         net (fo=2, routed)           0.648     4.095    gru_bin_version_wrapper/gru_bin_version/gru_bin_version_axi_mem_intercon_0/s02_couplers_imp_QTS1PG/gru_bin_version_axi_mem_intercon_imp_auto_pc_2/gru_bin_version_axi_mem_intercon_imp_auto_pc_2_axi_protocol_converter_v2_1_37_axi_protocol_converter/gru_bin_version_axi_mem_intercon_imp_auto_pc_2_axi_protocol_converter_v2_1_37_axi3_conv/gru_bin_version_axi_mem_intercon_imp_auto_pc_2_axi_protocol_converter_v2_1_37_a_axi3_conv/gru_bin_version_axi_mem_intercon_imp_auto_pc_2_axi_data_fifo_v2_1_36_axic_fifo/gru_bin_version_axi_mem_intercon_imp_auto_pc_2_axi_data_fifo_v2_1_36_fifo_gen/<hidden>/<hidden>/<hidden>/<hidden>/<hidden>
    SLICE_X28Y29         LUT3 (Prop_lut3_I2_O)        0.299     4.394 f  gru_bin_version_wrapper/gru_bin_version/gru_bin_version_axi_mem_intercon_0/s02_couplers_imp_QTS1PG/gru_bin_version_axi_mem_intercon_imp_auto_pc_2/gru_bin_version_axi_mem_intercon_imp_auto_pc_2_axi_protocol_converter_v2_1_37_axi_protocol_converter/gru_bin_version_axi_mem_intercon_imp_auto_pc_2_axi_protocol_converter_v2_1_37_axi3_conv/gru_bin_version_axi_mem_intercon_imp_auto_pc_2_axi_protocol_converter_v2_1_37_a_axi3_conv/gru_bin_version_axi_mem_intercon_imp_auto_pc_2_axi_data_fifo_v2_1_36_axic_fifo/gru_bin_version_axi_mem_intercon_imp_auto_pc_2_axi_data_fifo_v2_1_36_fifo_gen/<hidden>/<hidden>/<hidden>/<hidden>/<hidden>
                         net (fo=32, routed)          1.302     5.695    gru_bin_version_wrapper/gru_bin_version/gru_bin_version_axi_mem_intercon_0/s02_couplers_imp_QTS1PG/gru_bin_version_axi_mem_intercon_imp_auto_pc_2/gru_bin_version_axi_mem_intercon_imp_auto_pc_2_axi_protocol_converter_v2_1_37_axi_protocol_converter/gru_bin_version_axi_mem_intercon_imp_auto_pc_2_axi_protocol_converter_v2_1_37_axi3_conv/gru_bin_version_axi_mem_intercon_imp_auto_pc_2_axi_protocol_converter_v2_1_37_a_axi3_conv/gru_bin_version_axi_mem_intercon_imp_auto_pc_2_axi_data_fifo_v2_1_36_axic_fifo/gru_bin_version_axi_mem_intercon_imp_auto_pc_2_axi_data_fifo_v2_1_36_fifo_gen/<hidden>/<hidden>/<hidden>/<hidden>/<hidden>/<hidden>
    SLICE_X32Y25         FDCE                                         f  gru_bin_version_wrapper/gru_bin_version/gru_bin_version_axi_mem_intercon_0/s02_couplers_imp_QTS1PG/gru_bin_version_axi_mem_intercon_imp_auto_pc_2/gru_bin_version_axi_mem_intercon_imp_auto_pc_2_axi_protocol_converter_v2_1_37_axi_protocol_converter/gru_bin_version_axi_mem_intercon_imp_auto_pc_2_axi_protocol_converter_v2_1_37_axi3_conv/gru_bin_version_axi_mem_intercon_imp_auto_pc_2_axi_protocol_converter_v2_1_37_a_axi3_conv/gru_bin_version_axi_mem_intercon_imp_auto_pc_2_axi_data_fifo_v2_1_36_axic_fifo/gru_bin_version_axi_mem_intercon_imp_auto_pc_2_axi_data_fifo_v2_1_36_fifo_gen/<hidden>/<hidden>/<hidden>/<hidden>/<hidden>/<hidden>
  -------------------------------------------------------------------    -------------------

                         (clock clk_fpga_0 rise edge)
                                                     10.000    10.000 r  
    PS7_X0Y0             PS7                          0.000    10.000 r  gru_bin_version_i/processing_system7_0/inst/PS7_i/FCLKCLK[0]
                         net (fo=1, routed)           1.088    11.088    gru_bin_version_i/processing_system7_0/inst/FCLK_CLK_unbuffered[0]
    BUFGCTRL_X0Y16       BUFG (Prop_bufg_I_O)         0.091    11.179 r  gru_bin_version_i/processing_system7_0/inst/buffer_fclk_clk_0.FCLK_CLK_0_BUFG/O
                         net (fo=26756, routed)       1.478    12.658    gru_bin_version_wrapper/gru_bin_version/gru_bin_version_axi_mem_intercon_0/s02_couplers_imp_QTS1PG/gru_bin_version_axi_mem_intercon_imp_auto_pc_2/gru_bin_version_axi_mem_intercon_imp_auto_pc_2_axi_protocol_converter_v2_1_37_axi_protocol_converter/gru_bin_version_axi_mem_intercon_imp_auto_pc_2_axi_protocol_converter_v2_1_37_axi3_conv/gru_bin_version_axi_mem_intercon_imp_auto_pc_2_axi_protocol_converter_v2_1_37_a_axi3_conv/gru_bin_version_axi_mem_intercon_imp_auto_pc_2_axi_data_fifo_v2_1_36_axic_fifo/gru_bin_version_axi_mem_intercon_imp_auto_pc_2_axi_data_fifo_v2_1_36_fifo_gen/<hidden>/<hidden>/<hidden>/<hidden>/<hidden>/<hidden>
    SLICE_X32Y25         FDCE                                         r  gru_bin_version_wrapper/gru_bin_version/gru_bin_version_axi_mem_intercon_0/s02_couplers_imp_QTS1PG/gru_bin_version_axi_mem_intercon_imp_auto_pc_2/gru_bin_version_axi_mem_intercon_imp_auto_pc_2_axi_protocol_converter_v2_1_37_axi_protocol_converter/gru_bin_version_axi_mem_intercon_imp_auto_pc_2_axi_protocol_converter_v2_1_37_axi3_conv/gru_bin_version_axi_mem_intercon_imp_auto_pc_2_axi_protocol_converter_v2_1_37_a_axi3_conv/gru_bin_version_axi_mem_intercon_imp_auto_pc_2_axi_data_fifo_v2_1_36_axic_fifo/gru_bin_version_axi_mem_intercon_imp_auto_pc_2_axi_data_fifo_v2_1_36_fifo_gen/<hidden>/<hidden>/<hidden>/<hidden>/<hidden>/<hidden>
                         clock pessimism              0.230    12.887    
                         clock uncertainty           -0.154    12.733    
    SLICE_X32Y25         FDCE (Recov_fdce_C_CLR)     -0.361    12.372    gru_bin_version_wrapper/gru_bin_version/gru_bin_version_axi_mem_intercon_0/s02_couplers_imp_QTS1PG/gru_bin_version_axi_mem_intercon_imp_auto_pc_2/gru_bin_version_axi_mem_intercon_imp_auto_pc_2_axi_protocol_converter_v2_1_37_axi_protocol_converter/gru_bin_version_axi_mem_intercon_imp_auto_pc_2_axi_protocol_converter_v2_1_37_axi3_conv/gru_bin_version_axi_mem_intercon_imp_auto_pc_2_axi_protocol_converter_v2_1_37_a_axi3_conv/gru_bin_version_axi_mem_intercon_imp_auto_pc_2_axi_data_fifo_v2_1_36_axic_fifo/gru_bin_version_axi_mem_intercon_imp_auto_pc_2_axi_data_fifo_v2_1_36_fifo_gen/<hidden>/<hidden>/<hidden>/<hidden>/<hidden>/<hidden>
  -------------------------------------------------------------------
                         required time                         12.372    
                         arrival time                          -5.695    
  -------------------------------------------------------------------
                         slack                                  6.676    

Slack (MET) :             6.718ns  (required time - arrival time)
  Source:                 gru_bin_version_wrapper/gru_bin_version/gru_bin_version_axi_mem_intercon_0/s02_couplers_imp_QTS1PG/gru_bin_version_axi_mem_intercon_imp_auto_pc_2/gru_bin_version_axi_mem_intercon_imp_auto_pc_2_axi_protocol_converter_v2_1_37_axi_protocol_converter/gru_bin_version_axi_mem_intercon_imp_auto_pc_2_axi_protocol_converter_v2_1_37_axi3_conv/gru_bin_version_axi_mem_intercon_imp_auto_pc_2_axi_protocol_converter_v2_1_37_a_axi3_conv/gru_bin_version_axi_mem_intercon_imp_auto_pc_2_axi_data_fifo_v2_1_36_axic_fifo/gru_bin_version_axi_mem_intercon_imp_auto_pc_2_axi_data_fifo_v2_1_36_fifo_gen/<hidden>/<hidden>/<hidden>/<hidden>/<hidden>/<hidden>
                            (rising edge-triggered cell FDPE clocked by clk_fpga_0  {rise@0.000ns fall@5.000ns period=10.000ns})
  Destination:            gru_bin_version_wrapper/gru_bin_version/gru_bin_version_axi_mem_intercon_0/s02_couplers_imp_QTS1PG/gru_bin_version_axi_mem_intercon_imp_auto_pc_2/gru_bin_version_axi_mem_intercon_imp_auto_pc_2_axi_protocol_converter_v2_1_37_axi_protocol_converter/gru_bin_version_axi_mem_intercon_imp_auto_pc_2_axi_protocol_converter_v2_1_37_axi3_conv/gru_bin_version_axi_mem_intercon_imp_auto_pc_2_axi_protocol_converter_v2_1_37_a_axi3_conv/gru_bin_version_axi_mem_intercon_imp_auto_pc_2_axi_data_fifo_v2_1_36_axic_fifo/gru_bin_version_axi_mem_intercon_imp_auto_pc_2_axi_data_fifo_v2_1_36_fifo_gen/<hidden>/<hidden>/<hidden>/<hidden>/<hidden>/<hidden>
                            (recovery check against rising-edge clock clk_fpga_0  {rise@0.000ns fall@5.000ns period=10.000ns})
  Path Group:             **async_default**
  Path Type:              Recovery (Max at Slow Process Corner)
  Requirement:            10.000ns  (clk_fpga_0 rise@10.000ns - clk_fpga_0 rise@0.000ns)
  Data Path Delay:        2.667ns  (logic 0.718ns (26.917%)  route 1.949ns (73.083%))
  Logic Levels:           1  (LUT3=1)
  Clock Path Skew:        -0.141ns (DCD - SCD + CPR)
    Destination Clock Delay (DCD):    2.657ns = ( 12.657 - 10.000 ) 
    Source Clock Delay      (SCD):    3.028ns
    Clock Pessimism Removal (CPR):    0.230ns
  Clock Uncertainty:      0.154ns  ((TSJ^2 + TIJ^2)^1/2 + DJ) / 2 + PE
    Total System Jitter     (TSJ):    0.071ns
    Total Input Jitter      (TIJ):    0.300ns
    Discrete Jitter          (DJ):    0.000ns
    Phase Error              (PE):    0.000ns

    Location             Delay type                Incr(ns)  Path(ns)    Netlist Resource(s)
  -------------------------------------------------------------------    -------------------
                         (clock clk_fpga_0 rise edge)
                                                      0.000     0.000 r  
    PS7_X0Y0             PS7                          0.000     0.000 r  gru_bin_version_i/processing_system7_0/inst/PS7_i/FCLKCLK[0]
                         net (fo=1, routed)           1.193     1.193    gru_bin_version_i/processing_system7_0/inst/FCLK_CLK_unbuffered[0]
    BUFGCTRL_X0Y16       BUFG (Prop_bufg_I_O)         0.101     1.294 r  gru_bin_version_i/processing_system7_0/inst/buffer_fclk_clk_0.FCLK_CLK_0_BUFG/O
                         net (fo=26756, routed)       1.734     3.028    gru_bin_version_wrapper/gru_bin_version/gru_bin_version_axi_mem_intercon_0/s02_couplers_imp_QTS1PG/gru_bin_version_axi_mem_intercon_imp_auto_pc_2/gru_bin_version_axi_mem_intercon_imp_auto_pc_2_axi_protocol_converter_v2_1_37_axi_protocol_converter/gru_bin_version_axi_mem_intercon_imp_auto_pc_2_axi_protocol_converter_v2_1_37_axi3_conv/gru_bin_version_axi_mem_intercon_imp_auto_pc_2_axi_protocol_converter_v2_1_37_a_axi3_conv/gru_bin_version_axi_mem_intercon_imp_auto_pc_2_axi_data_fifo_v2_1_36_axic_fifo/gru_bin_version_axi_mem_intercon_imp_auto_pc_2_axi_data_fifo_v2_1_36_fifo_gen/<hidden>/<hidden>/<hidden>/<hidden>/<hidden>/<hidden>
    SLICE_X29Y29         FDPE                                         r  gru_bin_version_wrapper/gru_bin_version/gru_bin_version_axi_mem_intercon_0/s02_couplers_imp_QTS1PG/gru_bin_version_axi_mem_intercon_imp_auto_pc_2/gru_bin_version_axi_mem_intercon_imp_auto_pc_2_axi_protocol_converter_v2_1_37_axi_protocol_converter/gru_bin_version_axi_mem_intercon_imp_auto_pc_2_axi_protocol_converter_v2_1_37_axi3_conv/gru_bin_version_axi_mem_intercon_imp_auto_pc_2_axi_protocol_converter_v2_1_37_a_axi3_conv/gru_bin_version_axi_mem_intercon_imp_auto_pc_2_axi_data_fifo_v2_1_36_axic_fifo/gru_bin_version_axi_mem_intercon_imp_auto_pc_2_axi_data_fifo_v2_1_36_fifo_gen/<hidden>/<hidden>/<hidden>/<hidden>/<hidden>/<hidden>
  -------------------------------------------------------------------    -------------------
    SLICE_X29Y29         FDPE (Prop_fdpe_C_Q)         0.419     3.447 f  gru_bin_version_wrapper/gru_bin_version/gru_bin_version_axi_mem_intercon_0/s02_couplers_imp_QTS1PG/gru_bin_version_axi_mem_intercon_imp_auto_pc_2/gru_bin_version_axi_mem_intercon_imp_auto_pc_2_axi_protocol_converter_v2_1_37_axi_protocol_converter/gru_bin_version_axi_mem_intercon_imp_auto_pc_2_axi_protocol_converter_v2_1_37_axi3_conv/gru_bin_version_axi_mem_intercon_imp_auto_pc_2_axi_protocol_converter_v2_1_37_a_axi3_conv/gru_bin_version_axi_mem_intercon_imp_auto_pc_2_axi_data_fifo_v2_1_36_axic_fifo/gru_bin_version_axi_mem_intercon_imp_auto_pc_2_axi_data_fifo_v2_1_36_fifo_gen/<hidden>/<hidden>/<hidden>/<hidden>/<hidden>/<hidden>
                         net (fo=2, routed)           0.648     4.095    gru_bin_version_wrapper/gru_bin_version/gru_bin_version_axi_mem_intercon_0/s02_couplers_imp_QTS1PG/gru_bin_version_axi_mem_intercon_imp_auto_pc_2/gru_bin_version_axi_mem_intercon_imp_auto_pc_2_axi_protocol_converter_v2_1_37_axi_protocol_converter/gru_bin_version_axi_mem_intercon_imp_auto_pc_2_axi_protocol_converter_v2_1_37_axi3_conv/gru_bin_version_axi_mem_intercon_imp_auto_pc_2_axi_protocol_converter_v2_1_37_a_axi3_conv/gru_bin_version_axi_mem_intercon_imp_auto_pc_2_axi_data_fifo_v2_1_36_axic_fifo/gru_bin_version_axi_mem_intercon_imp_auto_pc_2_axi_data_fifo_v2_1_36_fifo_gen/<hidden>/<hidden>/<hidden>/<hidden>/<hidden>
    SLICE_X28Y29         LUT3 (Prop_lut3_I2_O)        0.299     4.394 f  gru_bin_version_wrapper/gru_bin_version/gru_bin_version_axi_mem_intercon_0/s02_couplers_imp_QTS1PG/gru_bin_version_axi_mem_intercon_imp_auto_pc_2/gru_bin_version_axi_mem_intercon_imp_auto_pc_2_axi_protocol_converter_v2_1_37_axi_protocol_converter/gru_bin_version_axi_mem_intercon_imp_auto_pc_2_axi_protocol_converter_v2_1_37_axi3_conv/gru_bin_version_axi_mem_intercon_imp_auto_pc_2_axi_protocol_converter_v2_1_37_a_axi3_conv/gru_bin_version_axi_mem_intercon_imp_auto_pc_2_axi_data_fifo_v2_1_36_axic_fifo/gru_bin_version_axi_mem_intercon_imp_auto_pc_2_axi_data_fifo_v2_1_36_fifo_gen/<hidden>/<hidden>/<hidden>/<hidden>/<hidden>
                         net (fo=32, routed)          1.302     5.695    gru_bin_version_wrapper/gru_bin_version/gru_bin_version_axi_mem_intercon_0/s02_couplers_imp_QTS1PG/gru_bin_version_axi_mem_intercon_imp_auto_pc_2/gru_bin_version_axi_mem_intercon_imp_auto_pc_2_axi_protocol_converter_v2_1_37_axi_protocol_converter/gru_bin_version_axi_mem_intercon_imp_auto_pc_2_axi_protocol_converter_v2_1_37_axi3_conv/gru_bin_version_axi_mem_intercon_imp_auto_pc_2_axi_protocol_converter_v2_1_37_a_axi3_conv/gru_bin_version_axi_mem_intercon_imp_auto_pc_2_axi_data_fifo_v2_1_36_axic_fifo/gru_bin_version_axi_mem_intercon_imp_auto_pc_2_axi_data_fifo_v2_1_36_fifo_gen/<hidden>/<hidden>/<hidden>/<hidden>/<hidden>/<hidden>
    SLICE_X32Y25         FDCE                                         f  gru_bin_version_wrapper/gru_bin_version/gru_bin_version_axi_mem_intercon_0/s02_couplers_imp_QTS1PG/gru_bin_version_axi_mem_intercon_imp_auto_pc_2/gru_bin_version_axi_mem_intercon_imp_auto_pc_2_axi_protocol_converter_v2_1_37_axi_protocol_converter/gru_bin_version_axi_mem_intercon_imp_auto_pc_2_axi_protocol_converter_v2_1_37_axi3_conv/gru_bin_version_axi_mem_intercon_imp_auto_pc_2_axi_protocol_converter_v2_1_37_a_axi3_conv/gru_bin_version_axi_mem_intercon_imp_auto_pc_2_axi_data_fifo_v2_1_36_axic_fifo/gru_bin_version_axi_mem_intercon_imp_auto_pc_2_axi_data_fifo_v2_1_36_fifo_gen/<hidden>/<hidden>/<hidden>/<hidden>/<hidden>/<hidden>
  -------------------------------------------------------------------    -------------------

                         (clock clk_fpga_0 rise edge)
                                                     10.000    10.000 r  
    PS7_X0Y0             PS7                          0.000    10.000 r  gru_bin_version_i/processing_system7_0/inst/PS7_i/FCLKCLK[0]
                         net (fo=1, routed)           1.088    11.088    gru_bin_version_i/processing_system7_0/inst/FCLK_CLK_unbuffered[0]
    BUFGCTRL_X0Y16       BUFG (Prop_bufg_I_O)         0.091    11.179 r  gru_bin_version_i/processing_system7_0/inst/buffer_fclk_clk_0.FCLK_CLK_0_BUFG/O
                         net (fo=26756, routed)       1.478    12.658    gru_bin_version_wrapper/gru_bin_version/gru_bin_version_axi_mem_intercon_0/s02_couplers_imp_QTS1PG/gru_bin_version_axi_mem_intercon_imp_auto_pc_2/gru_bin_version_axi_mem_intercon_imp_auto_pc_2_axi_protocol_converter_v2_1_37_axi_protocol_converter/gru_bin_version_axi_mem_intercon_imp_auto_pc_2_axi_protocol_converter_v2_1_37_axi3_conv/gru_bin_version_axi_mem_intercon_imp_auto_pc_2_axi_protocol_converter_v2_1_37_a_axi3_conv/gru_bin_version_axi_mem_intercon_imp_auto_pc_2_axi_data_fifo_v2_1_36_axic_fifo/gru_bin_version_axi_mem_intercon_imp_auto_pc_2_axi_data_fifo_v2_1_36_fifo_gen/<hidden>/<hidden>/<hidden>/<hidden>/<hidden>/<hidden>
    SLICE_X32Y25         FDCE                                         r  gru_bin_version_wrapper/gru_bin_version/gru_bin_version_axi_mem_intercon_0/s02_couplers_imp_QTS1PG/gru_bin_version_axi_mem_intercon_imp_auto_pc_2/gru_bin_version_axi_mem_intercon_imp_auto_pc_2_axi_protocol_converter_v2_1_37_axi_protocol_converter/gru_bin_version_axi_mem_intercon_imp_auto_pc_2_axi_protocol_converter_v2_1_37_axi3_conv/gru_bin_version_axi_mem_intercon_imp_auto_pc_2_axi_protocol_converter_v2_1_37_a_axi3_conv/gru_bin_version_axi_mem_intercon_imp_auto_pc_2_axi_data_fifo_v2_1_36_axic_fifo/gru_bin_version_axi_mem_intercon_imp_auto_pc_2_axi_data_fifo_v2_1_36_fifo_gen/<hidden>/<hidden>/<hidden>/<hidden>/<hidden>/<hidden>
                         clock pessimism              0.230    12.887    
                         clock uncertainty           -0.154    12.733    
    SLICE_X32Y25         FDCE (Recov_fdce_C_CLR)     -0.319    12.414    gru_bin_version_wrapper/gru_bin_version/gru_bin_version_axi_mem_intercon_0/s02_couplers_imp_QTS1PG/gru_bin_version_axi_mem_intercon_imp_auto_pc_2/gru_bin_version_axi_mem_intercon_imp_auto_pc_2_axi_protocol_converter_v2_1_37_axi_protocol_converter/gru_bin_version_axi_mem_intercon_imp_auto_pc_2_axi_protocol_converter_v2_1_37_axi3_conv/gru_bin_version_axi_mem_intercon_imp_auto_pc_2_axi_protocol_converter_v2_1_37_a_axi3_conv/gru_bin_version_axi_mem_intercon_imp_auto_pc_2_axi_data_fifo_v2_1_36_axic_fifo/gru_bin_version_axi_mem_intercon_imp_auto_pc_2_axi_data_fifo_v2_1_36_fifo_gen/<hidden>/<hidden>/<hidden>/<hidden>/<hidden>/<hidden>
  -------------------------------------------------------------------
                         required time                         12.414    
                         arrival time                          -5.695    
  -------------------------------------------------------------------
                         slack                                  6.718    





Min Delay Paths
--------------------------------------------------------------------------------------
Slack (MET) :             0.591ns  (arrival time - required time)
  Source:                 gru_bin_version_wrapper/gru_bin_version/gru_bin_version_axi_mem_intercon_0/s00_couplers_imp_1UT69KP/gru_bin_version_axi_mem_intercon_imp_auto_pc_0/gru_bin_version_axi_mem_intercon_imp_auto_pc_0_axi_protocol_converter_v2_1_37_axi_protocol_converter/gru_bin_version_axi_mem_intercon_imp_auto_pc_0_axi_protocol_converter_v2_1_37_axi3_conv/gru_bin_version_axi_mem_intercon_imp_auto_pc_0_axi_protocol_converter_v2_1_37_a_axi3_conv/gru_bin_version_axi_mem_intercon_imp_auto_pc_0_axi_data_fifo_v2_1_36_axic_fifo/gru_bin_version_axi_mem_intercon_imp_auto_pc_0_axi_data_fifo_v2_1_36_fifo_gen/<hidden>/<hidden>/<hidden>/<hidden>/<hidden>
                            (rising edge-triggered cell FDRE clocked by clk_fpga_0  {rise@0.000ns fall@5.000ns period=10.000ns})
  Destination:            gru_bin_version_wrapper/gru_bin_version/gru_bin_version_axi_mem_intercon_0/s00_couplers_imp_1UT69KP/gru_bin_version_axi_mem_intercon_imp_auto_pc_0/gru_bin_version_axi_mem_intercon_imp_auto_pc_0_axi_protocol_converter_v2_1_37_axi_protocol_converter/gru_bin_version_axi_mem_intercon_imp_auto_pc_0_axi_protocol_converter_v2_1_37_axi3_conv/gru_bin_version_axi_mem_intercon_imp_auto_pc_0_axi_protocol_converter_v2_1_37_a_axi3_conv/gru_bin_version_axi_mem_intercon_imp_auto_pc_0_axi_data_fifo_v2_1_36_axic_fifo/gru_bin_version_axi_mem_intercon_imp_auto_pc_0_axi_data_fifo_v2_1_36_fifo_gen/<hidden>/<hidden>/<hidden>/<hidden>/<hidden>/<hidden>
                            (removal check against rising-edge clock clk_fpga_0  {rise@0.000ns fall@5.000ns period=10.000ns})
  Path Group:             **async_default**
  Path Type:              Removal (Min at Fast Process Corner)
  Requirement:            0.000ns  (clk_fpga_0 rise@0.000ns - clk_fpga_0 rise@0.000ns)
  Data Path Delay:        0.554ns  (logic 0.247ns (44.620%)  route 0.307ns (55.380%))
  Logic Levels:           1  (LUT3=1)
  Clock Path Skew:        0.030ns (DCD - SCD - CPR)
    Destination Clock Delay (DCD):    1.186ns
    Source Clock Delay      (SCD):    0.893ns
    Clock Pessimism Removal (CPR):    0.263ns

    Location             Delay type                Incr(ns)  Path(ns)    Netlist Resource(s)
  -------------------------------------------------------------------    -------------------
                         (clock clk_fpga_0 rise edge)
                                                      0.000     0.000 r  
    PS7_X0Y0             PS7                          0.000     0.000 r  gru_bin_version_i/processing_system7_0/inst/PS7_i/FCLKCLK[0]
                         net (fo=1, routed)           0.310     0.310    gru_bin_version_i/processing_system7_0/inst/FCLK_CLK_unbuffered[0]
    BUFGCTRL_X0Y16       BUFG (Prop_bufg_I_O)         0.026     0.336 r  gru_bin_version_i/processing_system7_0/inst/buffer_fclk_clk_0.FCLK_CLK_0_BUFG/O
                         net (fo=26756, routed)       0.557     0.892    gru_bin_version_wrapper/gru_bin_version/gru_bin_version_axi_mem_intercon_0/s00_couplers_imp_1UT69KP/gru_bin_version_axi_mem_intercon_imp_auto_pc_0/gru_bin_version_axi_mem_intercon_imp_auto_pc_0_axi_protocol_converter_v2_1_37_axi_protocol_converter/gru_bin_version_axi_mem_intercon_imp_auto_pc_0_axi_protocol_converter_v2_1_37_axi3_conv/gru_bin_version_axi_mem_intercon_imp_auto_pc_0_axi_protocol_converter_v2_1_37_a_axi3_conv/gru_bin_version_axi_mem_intercon_imp_auto_pc_0_axi_data_fifo_v2_1_36_axic_fifo/gru_bin_version_axi_mem_intercon_imp_auto_pc_0_axi_data_fifo_v2_1_36_fifo_gen/<hidden>/<hidden>/<hidden>/<hidden>/<hidden>
    SLICE_X34Y31         FDRE                                         r  gru_bin_version_wrapper/gru_bin_version/gru_bin_version_axi_mem_intercon_0/s00_couplers_imp_1UT69KP/gru_bin_version_axi_mem_intercon_imp_auto_pc_0/gru_bin_version_axi_mem_intercon_imp_auto_pc_0_axi_protocol_converter_v2_1_37_axi_protocol_converter/gru_bin_version_axi_mem_intercon_imp_auto_pc_0_axi_protocol_converter_v2_1_37_axi3_conv/gru_bin_version_axi_mem_intercon_imp_auto_pc_0_axi_protocol_converter_v2_1_37_a_axi3_conv/gru_bin_version_axi_mem_intercon_imp_auto_pc_0_axi_data_fifo_v2_1_36_axic_fifo/gru_bin_version_axi_mem_intercon_imp_auto_pc_0_axi_data_fifo_v2_1_36_fifo_gen/<hidden>/<hidden>/<hidden>/<hidden>/<hidden>
  -------------------------------------------------------------------    -------------------
    SLICE_X34Y31         FDRE (Prop_fdre_C_Q)         0.148     1.040 f  gru_bin_version_wrapper/gru_bin_version/gru_bin_version_axi_mem_intercon_0/s00_couplers_imp_1UT69KP/gru_bin_version_axi_mem_intercon_imp_auto_pc_0/gru_bin_version_axi_mem_intercon_imp_auto_pc_0_axi_protocol_converter_v2_1_37_axi_protocol_converter/gru_bin_version_axi_mem_intercon_imp_auto_pc_0_axi_protocol_converter_v2_1_37_axi3_conv/gru_bin_version_axi_mem_intercon_imp_auto_pc_0_axi_protocol_converter_v2_1_37_a_axi3_conv/gru_bin_version_axi_mem_intercon_imp_auto_pc_0_axi_data_fifo_v2_1_36_axic_fifo/gru_bin_version_axi_mem_intercon_imp_auto_pc_0_axi_data_fifo_v2_1_36_fifo_gen/<hidden>/<hidden>/<hidden>/<hidden>/<hidden>
                         net (fo=1, routed)           0.093     1.133    gru_bin_version_wrapper/gru_bin_version/gru_bin_version_axi_mem_intercon_0/s00_couplers_imp_1UT69KP/gru_bin_version_axi_mem_intercon_imp_auto_pc_0/gru_bin_version_axi_mem_intercon_imp_auto_pc_0_axi_protocol_converter_v2_1_37_axi_protocol_converter/gru_bin_version_axi_mem_intercon_imp_auto_pc_0_axi_protocol_converter_v2_1_37_axi3_conv/gru_bin_version_axi_mem_intercon_imp_auto_pc_0_axi_protocol_converter_v2_1_37_a_axi3_conv/gru_bin_version_axi_mem_intercon_imp_auto_pc_0_axi_data_fifo_v2_1_36_axic_fifo/gru_bin_version_axi_mem_intercon_imp_auto_pc_0_axi_data_fifo_v2_1_36_fifo_gen/<hidden>/<hidden>/<hidden>/<hidden>/<hidden>
    SLICE_X34Y31         LUT3 (Prop_lut3_I0_O)        0.099     1.232 f  gru_bin_version_wrapper/gru_bin_version/gru_bin_version_axi_mem_intercon_0/s00_couplers_imp_1UT69KP/gru_bin_version_axi_mem_intercon_imp_auto_pc_0/gru_bin_version_axi_mem_intercon_imp_auto_pc_0_axi_protocol_converter_v2_1_37_axi_protocol_converter/gru_bin_version_axi_mem_intercon_imp_auto_pc_0_axi_protocol_converter_v2_1_37_axi3_conv/gru_bin_version_axi_mem_intercon_imp_auto_pc_0_axi_protocol_converter_v2_1_37_a_axi3_conv/gru_bin_version_axi_mem_intercon_imp_auto_pc_0_axi_data_fifo_v2_1_36_axic_fifo/gru_bin_version_axi_mem_intercon_imp_auto_pc_0_axi_data_fifo_v2_1_36_fifo_gen/<hidden>/<hidden>/<hidden>/<hidden>/<hidden>
                         net (fo=33, routed)          0.214     1.446    gru_bin_version_wrapper/gru_bin_version/gru_bin_version_axi_mem_intercon_0/s00_couplers_imp_1UT69KP/gru_bin_version_axi_mem_intercon_imp_auto_pc_0/gru_bin_version_axi_mem_intercon_imp_auto_pc_0_axi_protocol_converter_v2_1_37_axi_protocol_converter/gru_bin_version_axi_mem_intercon_imp_auto_pc_0_axi_protocol_converter_v2_1_37_axi3_conv/gru_bin_version_axi_mem_intercon_imp_auto_pc_0_axi_protocol_converter_v2_1_37_a_axi3_conv/gru_bin_version_axi_mem_intercon_imp_auto_pc_0_axi_data_fifo_v2_1_36_axic_fifo/gru_bin_version_axi_mem_intercon_imp_auto_pc_0_axi_data_fifo_v2_1_36_fifo_gen/<hidden>/<hidden>/<hidden>/<hidden>/<hidden>/<hidden>
    SLICE_X36Y31         FDCE                                         f  gru_bin_version_wrapper/gru_bin_version/gru_bin_version_axi_mem_intercon_0/s00_couplers_imp_1UT69KP/gru_bin_version_axi_mem_intercon_imp_auto_pc_0/gru_bin_version_axi_mem_intercon_imp_auto_pc_0_axi_protocol_converter_v2_1_37_axi_protocol_converter/gru_bin_version_axi_mem_intercon_imp_auto_pc_0_axi_protocol_converter_v2_1_37_axi3_conv/gru_bin_version_axi_mem_intercon_imp_auto_pc_0_axi_protocol_converter_v2_1_37_a_axi3_conv/gru_bin_version_axi_mem_intercon_imp_auto_pc_0_axi_data_fifo_v2_1_36_axic_fifo/gru_bin_version_axi_mem_intercon_imp_auto_pc_0_axi_data_fifo_v2_1_36_fifo_gen/<hidden>/<hidden>/<hidden>/<hidden>/<hidden>/<hidden>
  -------------------------------------------------------------------    -------------------

                         (clock clk_fpga_0 rise edge)
                                                      0.000     0.000 r  
    PS7_X0Y0             PS7                          0.000     0.000 r  gru_bin_version_i/processing_system7_0/inst/PS7_i/FCLKCLK[0]
                         net (fo=1, routed)           0.337     0.337    gru_bin_version_i/processing_system7_0/inst/FCLK_CLK_unbuffered[0]
    BUFGCTRL_X0Y16       BUFG (Prop_bufg_I_O)         0.029     0.366 r  gru_bin_version_i/processing_system7_0/inst/buffer_fclk_clk_0.FCLK_CLK_0_BUFG/O
                         net (fo=26756, routed)       0.820     1.186    gru_bin_version_wrapper/gru_bin_version/gru_bin_version_axi_mem_intercon_0/s00_couplers_imp_1UT69KP/gru_bin_version_axi_mem_intercon_imp_auto_pc_0/gru_bin_version_axi_mem_intercon_imp_auto_pc_0_axi_protocol_converter_v2_1_37_axi_protocol_converter/gru_bin_version_axi_mem_intercon_imp_auto_pc_0_axi_protocol_converter_v2_1_37_axi3_conv/gru_bin_version_axi_mem_intercon_imp_auto_pc_0_axi_protocol_converter_v2_1_37_a_axi3_conv/gru_bin_version_axi_mem_intercon_imp_auto_pc_0_axi_data_fifo_v2_1_36_axic_fifo/gru_bin_version_axi_mem_intercon_imp_auto_pc_0_axi_data_fifo_v2_1_36_fifo_gen/<hidden>/<hidden>/<hidden>/<hidden>/<hidden>/<hidden>
    SLICE_X36Y31         FDCE                                         r  gru_bin_version_wrapper/gru_bin_version/gru_bin_version_axi_mem_intercon_0/s00_couplers_imp_1UT69KP/gru_bin_version_axi_mem_intercon_imp_auto_pc_0/gru_bin_version_axi_mem_intercon_imp_auto_pc_0_axi_protocol_converter_v2_1_37_axi_protocol_converter/gru_bin_version_axi_mem_intercon_imp_auto_pc_0_axi_protocol_converter_v2_1_37_axi3_conv/gru_bin_version_axi_mem_intercon_imp_auto_pc_0_axi_protocol_converter_v2_1_37_a_axi3_conv/gru_bin_version_axi_mem_intercon_imp_auto_pc_0_axi_data_fifo_v2_1_36_axic_fifo/gru_bin_version_axi_mem_intercon_imp_auto_pc_0_axi_data_fifo_v2_1_36_fifo_gen/<hidden>/<hidden>/<hidden>/<hidden>/<hidden>/<hidden>
                         clock pessimism             -0.263     0.923    
    SLICE_X36Y31         FDCE (Remov_fdce_C_CLR)     -0.067     0.855    gru_bin_version_wrapper/gru_bin_version/gru_bin_version_axi_mem_intercon_0/s00_couplers_imp_1UT69KP/gru_bin_version_axi_mem_intercon_imp_auto_pc_0/gru_bin_version_axi_mem_intercon_imp_auto_pc_0_axi_protocol_converter_v2_1_37_axi_protocol_converter/gru_bin_version_axi_mem_intercon_imp_auto_pc_0_axi_protocol_converter_v2_1_37_axi3_conv/gru_bin_version_axi_mem_intercon_imp_auto_pc_0_axi_protocol_converter_v2_1_37_a_axi3_conv/gru_bin_version_axi_mem_intercon_imp_auto_pc_0_axi_data_fifo_v2_1_36_axic_fifo/gru_bin_version_axi_mem_intercon_imp_auto_pc_0_axi_data_fifo_v2_1_36_fifo_gen/<hidden>/<hidden>/<hidden>/<hidden>/<hidden>/<hidden>
  -------------------------------------------------------------------
                         required time                         -0.855    
                         arrival time                           1.446    
  -------------------------------------------------------------------
                         slack                                  0.591    

Slack (MET) :             0.591ns  (arrival time - required time)
  Source:                 gru_bin_version_wrapper/gru_bin_version/gru_bin_version_axi_mem_intercon_0/s00_couplers_imp_1UT69KP/gru_bin_version_axi_mem_intercon_imp_auto_pc_0/gru_bin_version_axi_mem_intercon_imp_auto_pc_0_axi_protocol_converter_v2_1_37_axi_protocol_converter/gru_bin_version_axi_mem_intercon_imp_auto_pc_0_axi_protocol_converter_v2_1_37_axi3_conv/gru_bin_version_axi_mem_intercon_imp_auto_pc_0_axi_protocol_converter_v2_1_37_a_axi3_conv/gru_bin_version_axi_mem_intercon_imp_auto_pc_0_axi_data_fifo_v2_1_36_axic_fifo/gru_bin_version_axi_mem_intercon_imp_auto_pc_0_axi_data_fifo_v2_1_36_fifo_gen/<hidden>/<hidden>/<hidden>/<hidden>/<hidden>
                            (rising edge-triggered cell FDRE clocked by clk_fpga_0  {rise@0.000ns fall@5.000ns period=10.000ns})
  Destination:            gru_bin_version_wrapper/gru_bin_version/gru_bin_version_axi_mem_intercon_0/s00_couplers_imp_1UT69KP/gru_bin_version_axi_mem_intercon_imp_auto_pc_0/gru_bin_version_axi_mem_intercon_imp_auto_pc_0_axi_protocol_converter_v2_1_37_axi_protocol_converter/gru_bin_version_axi_mem_intercon_imp_auto_pc_0_axi_protocol_converter_v2_1_37_axi3_conv/gru_bin_version_axi_mem_intercon_imp_auto_pc_0_axi_protocol_converter_v2_1_37_a_axi3_conv/gru_bin_version_axi_mem_intercon_imp_auto_pc_0_axi_data_fifo_v2_1_36_axic_fifo/gru_bin_version_axi_mem_intercon_imp_auto_pc_0_axi_data_fifo_v2_1_36_fifo_gen/<hidden>/<hidden>/<hidden>/<hidden>/<hidden>/<hidden>
                            (removal check against rising-edge clock clk_fpga_0  {rise@0.000ns fall@5.000ns period=10.000ns})
  Path Group:             **async_default**
  Path Type:              Removal (Min at Fast Process Corner)
  Requirement:            0.000ns  (clk_fpga_0 rise@0.000ns - clk_fpga_0 rise@0.000ns)
  Data Path Delay:        0.554ns  (logic 0.247ns (44.620%)  route 0.307ns (55.380%))
  Logic Levels:           1  (LUT3=1)
  Clock Path Skew:        0.030ns (DCD - SCD - CPR)
    Destination Clock Delay (DCD):    1.186ns
    Source Clock Delay      (SCD):    0.893ns
    Clock Pessimism Removal (CPR):    0.263ns

    Location             Delay type                Incr(ns)  Path(ns)    Netlist Resource(s)
  -------------------------------------------------------------------    -------------------
                         (clock clk_fpga_0 rise edge)
                                                      0.000     0.000 r  
    PS7_X0Y0             PS7                          0.000     0.000 r  gru_bin_version_i/processing_system7_0/inst/PS7_i/FCLKCLK[0]
                         net (fo=1, routed)           0.310     0.310    gru_bin_version_i/processing_system7_0/inst/FCLK_CLK_unbuffered[0]
    BUFGCTRL_X0Y16       BUFG (Prop_bufg_I_O)         0.026     0.336 r  gru_bin_version_i/processing_system7_0/inst/buffer_fclk_clk_0.FCLK_CLK_0_BUFG/O
                         net (fo=26756, routed)       0.557     0.892    gru_bin_version_wrapper/gru_bin_version/gru_bin_version_axi_mem_intercon_0/s00_couplers_imp_1UT69KP/gru_bin_version_axi_mem_intercon_imp_auto_pc_0/gru_bin_version_axi_mem_intercon_imp_auto_pc_0_axi_protocol_converter_v2_1_37_axi_protocol_converter/gru_bin_version_axi_mem_intercon_imp_auto_pc_0_axi_protocol_converter_v2_1_37_axi3_conv/gru_bin_version_axi_mem_intercon_imp_auto_pc_0_axi_protocol_converter_v2_1_37_a_axi3_conv/gru_bin_version_axi_mem_intercon_imp_auto_pc_0_axi_data_fifo_v2_1_36_axic_fifo/gru_bin_version_axi_mem_intercon_imp_auto_pc_0_axi_data_fifo_v2_1_36_fifo_gen/<hidden>/<hidden>/<hidden>/<hidden>/<hidden>
    SLICE_X34Y31         FDRE                                         r  gru_bin_version_wrapper/gru_bin_version/gru_bin_version_axi_mem_intercon_0/s00_couplers_imp_1UT69KP/gru_bin_version_axi_mem_intercon_imp_auto_pc_0/gru_bin_version_axi_mem_intercon_imp_auto_pc_0_axi_protocol_converter_v2_1_37_axi_protocol_converter/gru_bin_version_axi_mem_intercon_imp_auto_pc_0_axi_protocol_converter_v2_1_37_axi3_conv/gru_bin_version_axi_mem_intercon_imp_auto_pc_0_axi_protocol_converter_v2_1_37_a_axi3_conv/gru_bin_version_axi_mem_intercon_imp_auto_pc_0_axi_data_fifo_v2_1_36_axic_fifo/gru_bin_version_axi_mem_intercon_imp_auto_pc_0_axi_data_fifo_v2_1_36_fifo_gen/<hidden>/<hidden>/<hidden>/<hidden>/<hidden>
  -------------------------------------------------------------------    -------------------
    SLICE_X34Y31         FDRE (Prop_fdre_C_Q)         0.148     1.040 f  gru_bin_version_wrapper/gru_bin_version/gru_bin_version_axi_mem_intercon_0/s00_couplers_imp_1UT69KP/gru_bin_version_axi_mem_intercon_imp_auto_pc_0/gru_bin_version_axi_mem_intercon_imp_auto_pc_0_axi_protocol_converter_v2_1_37_axi_protocol_converter/gru_bin_version_axi_mem_intercon_imp_auto_pc_0_axi_protocol_converter_v2_1_37_axi3_conv/gru_bin_version_axi_mem_intercon_imp_auto_pc_0_axi_protocol_converter_v2_1_37_a_axi3_conv/gru_bin_version_axi_mem_intercon_imp_auto_pc_0_axi_data_fifo_v2_1_36_axic_fifo/gru_bin_version_axi_mem_intercon_imp_auto_pc_0_axi_data_fifo_v2_1_36_fifo_gen/<hidden>/<hidden>/<hidden>/<hidden>/<hidden>
                         net (fo=1, routed)           0.093     1.133    gru_bin_version_wrapper/gru_bin_version/gru_bin_version_axi_mem_intercon_0/s00_couplers_imp_1UT69KP/gru_bin_version_axi_mem_intercon_imp_auto_pc_0/gru_bin_version_axi_mem_intercon_imp_auto_pc_0_axi_protocol_converter_v2_1_37_axi_protocol_converter/gru_bin_version_axi_mem_intercon_imp_auto_pc_0_axi_protocol_converter_v2_1_37_axi3_conv/gru_bin_version_axi_mem_intercon_imp_auto_pc_0_axi_protocol_converter_v2_1_37_a_axi3_conv/gru_bin_version_axi_mem_intercon_imp_auto_pc_0_axi_data_fifo_v2_1_36_axic_fifo/gru_bin_version_axi_mem_intercon_imp_auto_pc_0_axi_data_fifo_v2_1_36_fifo_gen/<hidden>/<hidden>/<hidden>/<hidden>/<hidden>
    SLICE_X34Y31         LUT3 (Prop_lut3_I0_O)        0.099     1.232 f  gru_bin_version_wrapper/gru_bin_version/gru_bin_version_axi_mem_intercon_0/s00_couplers_imp_1UT69KP/gru_bin_version_axi_mem_intercon_imp_auto_pc_0/gru_bin_version_axi_mem_intercon_imp_auto_pc_0_axi_protocol_converter_v2_1_37_axi_protocol_converter/gru_bin_version_axi_mem_intercon_imp_auto_pc_0_axi_protocol_converter_v2_1_37_axi3_conv/gru_bin_version_axi_mem_intercon_imp_auto_pc_0_axi_protocol_converter_v2_1_37_a_axi3_conv/gru_bin_version_axi_mem_intercon_imp_auto_pc_0_axi_data_fifo_v2_1_36_axic_fifo/gru_bin_version_axi_mem_intercon_imp_auto_pc_0_axi_data_fifo_v2_1_36_fifo_gen/<hidden>/<hidden>/<hidden>/<hidden>/<hidden>
                         net (fo=33, routed)          0.214     1.446    gru_bin_version_wrapper/gru_bin_version/gru_bin_version_axi_mem_intercon_0/s00_couplers_imp_1UT69KP/gru_bin_version_axi_mem_intercon_imp_auto_pc_0/gru_bin_version_axi_mem_intercon_imp_auto_pc_0_axi_protocol_converter_v2_1_37_axi_protocol_converter/gru_bin_version_axi_mem_intercon_imp_auto_pc_0_axi_protocol_converter_v2_1_37_axi3_conv/gru_bin_version_axi_mem_intercon_imp_auto_pc_0_axi_protocol_converter_v2_1_37_a_axi3_conv/gru_bin_version_axi_mem_intercon_imp_auto_pc_0_axi_data_fifo_v2_1_36_axic_fifo/gru_bin_version_axi_mem_intercon_imp_auto_pc_0_axi_data_fifo_v2_1_36_fifo_gen/<hidden>/<hidden>/<hidden>/<hidden>/<hidden>/<hidden>
    SLICE_X36Y31         FDCE                                         f  gru_bin_version_wrapper/gru_bin_version/gru_bin_version_axi_mem_intercon_0/s00_couplers_imp_1UT69KP/gru_bin_version_axi_mem_intercon_imp_auto_pc_0/gru_bin_version_axi_mem_intercon_imp_auto_pc_0_axi_protocol_converter_v2_1_37_axi_protocol_converter/gru_bin_version_axi_mem_intercon_imp_auto_pc_0_axi_protocol_converter_v2_1_37_axi3_conv/gru_bin_version_axi_mem_intercon_imp_auto_pc_0_axi_protocol_converter_v2_1_37_a_axi3_conv/gru_bin_version_axi_mem_intercon_imp_auto_pc_0_axi_data_fifo_v2_1_36_axic_fifo/gru_bin_version_axi_mem_intercon_imp_auto_pc_0_axi_data_fifo_v2_1_36_fifo_gen/<hidden>/<hidden>/<hidden>/<hidden>/<hidden>/<hidden>
  -------------------------------------------------------------------    -------------------

                         (clock clk_fpga_0 rise edge)
                                                      0.000     0.000 r  
    PS7_X0Y0             PS7                          0.000     0.000 r  gru_bin_version_i/processing_system7_0/inst/PS7_i/FCLKCLK[0]
                         net (fo=1, routed)           0.337     0.337    gru_bin_version_i/processing_system7_0/inst/FCLK_CLK_unbuffered[0]
    BUFGCTRL_X0Y16       BUFG (Prop_bufg_I_O)         0.029     0.366 r  gru_bin_version_i/processing_system7_0/inst/buffer_fclk_clk_0.FCLK_CLK_0_BUFG/O
                         net (fo=26756, routed)       0.820     1.186    gru_bin_version_wrapper/gru_bin_version/gru_bin_version_axi_mem_intercon_0/s00_couplers_imp_1UT69KP/gru_bin_version_axi_mem_intercon_imp_auto_pc_0/gru_bin_version_axi_mem_intercon_imp_auto_pc_0_axi_protocol_converter_v2_1_37_axi_protocol_converter/gru_bin_version_axi_mem_intercon_imp_auto_pc_0_axi_protocol_converter_v2_1_37_axi3_conv/gru_bin_version_axi_mem_intercon_imp_auto_pc_0_axi_protocol_converter_v2_1_37_a_axi3_conv/gru_bin_version_axi_mem_intercon_imp_auto_pc_0_axi_data_fifo_v2_1_36_axic_fifo/gru_bin_version_axi_mem_intercon_imp_auto_pc_0_axi_data_fifo_v2_1_36_fifo_gen/<hidden>/<hidden>/<hidden>/<hidden>/<hidden>/<hidden>
    SLICE_X36Y31         FDCE                                         r  gru_bin_version_wrapper/gru_bin_version/gru_bin_version_axi_mem_intercon_0/s00_couplers_imp_1UT69KP/gru_bin_version_axi_mem_intercon_imp_auto_pc_0/gru_bin_version_axi_mem_intercon_imp_auto_pc_0_axi_protocol_converter_v2_1_37_axi_protocol_converter/gru_bin_version_axi_mem_intercon_imp_auto_pc_0_axi_protocol_converter_v2_1_37_axi3_conv/gru_bin_version_axi_mem_intercon_imp_auto_pc_0_axi_protocol_converter_v2_1_37_a_axi3_conv/gru_bin_version_axi_mem_intercon_imp_auto_pc_0_axi_data_fifo_v2_1_36_axic_fifo/gru_bin_version_axi_mem_intercon_imp_auto_pc_0_axi_data_fifo_v2_1_36_fifo_gen/<hidden>/<hidden>/<hidden>/<hidden>/<hidden>/<hidden>
                         clock pessimism             -0.263     0.923    
    SLICE_X36Y31         FDCE (Remov_fdce_C_CLR)     -0.067     0.855    gru_bin_version_wrapper/gru_bin_version/gru_bin_version_axi_mem_intercon_0/s00_couplers_imp_1UT69KP/gru_bin_version_axi_mem_intercon_imp_auto_pc_0/gru_bin_version_axi_mem_intercon_imp_auto_pc_0_axi_protocol_converter_v2_1_37_axi_protocol_converter/gru_bin_version_axi_mem_intercon_imp_auto_pc_0_axi_protocol_converter_v2_1_37_axi3_conv/gru_bin_version_axi_mem_intercon_imp_auto_pc_0_axi_protocol_converter_v2_1_37_a_axi3_conv/gru_bin_version_axi_mem_intercon_imp_auto_pc_0_axi_data_fifo_v2_1_36_axic_fifo/gru_bin_version_axi_mem_intercon_imp_auto_pc_0_axi_data_fifo_v2_1_36_fifo_gen/<hidden>/<hidden>/<hidden>/<hidden>/<hidden>/<hidden>
  -------------------------------------------------------------------
                         required time                         -0.855    
                         arrival time                           1.446    
  -------------------------------------------------------------------
                         slack                                  0.591    

Slack (MET) :             0.591ns  (arrival time - required time)
  Source:                 gru_bin_version_wrapper/gru_bin_version/gru_bin_version_axi_mem_intercon_0/s00_couplers_imp_1UT69KP/gru_bin_version_axi_mem_intercon_imp_auto_pc_0/gru_bin_version_axi_mem_intercon_imp_auto_pc_0_axi_protocol_converter_v2_1_37_axi_protocol_converter/gru_bin_version_axi_mem_intercon_imp_auto_pc_0_axi_protocol_converter_v2_1_37_axi3_conv/gru_bin_version_axi_mem_intercon_imp_auto_pc_0_axi_protocol_converter_v2_1_37_a_axi3_conv/gru_bin_version_axi_mem_intercon_imp_auto_pc_0_axi_data_fifo_v2_1_36_axic_fifo/gru_bin_version_axi_mem_intercon_imp_auto_pc_0_axi_data_fifo_v2_1_36_fifo_gen/<hidden>/<hidden>/<hidden>/<hidden>/<hidden>
                            (rising edge-triggered cell FDRE clocked by clk_fpga_0  {rise@0.000ns fall@5.000ns period=10.000ns})
  Destination:            gru_bin_version_wrapper/gru_bin_version/gru_bin_version_axi_mem_intercon_0/s00_couplers_imp_1UT69KP/gru_bin_version_axi_mem_intercon_imp_auto_pc_0/gru_bin_version_axi_mem_intercon_imp_auto_pc_0_axi_protocol_converter_v2_1_37_axi_protocol_converter/gru_bin_version_axi_mem_intercon_imp_auto_pc_0_axi_protocol_converter_v2_1_37_axi3_conv/gru_bin_version_axi_mem_intercon_imp_auto_pc_0_axi_protocol_converter_v2_1_37_a_axi3_conv/gru_bin_version_axi_mem_intercon_imp_auto_pc_0_axi_data_fifo_v2_1_36_axic_fifo/gru_bin_version_axi_mem_intercon_imp_auto_pc_0_axi_data_fifo_v2_1_36_fifo_gen/<hidden>/<hidden>/<hidden>/<hidden>/<hidden>/<hidden>
                            (removal check against rising-edge clock clk_fpga_0  {rise@0.000ns fall@5.000ns period=10.000ns})
  Path Group:             **async_default**
  Path Type:              Removal (Min at Fast Process Corner)
  Requirement:            0.000ns  (clk_fpga_0 rise@0.000ns - clk_fpga_0 rise@0.000ns)
  Data Path Delay:        0.554ns  (logic 0.247ns (44.620%)  route 0.307ns (55.380%))
  Logic Levels:           1  (LUT3=1)
  Clock Path Skew:        0.030ns (DCD - SCD - CPR)
    Destination Clock Delay (DCD):    1.186ns
    Source Clock Delay      (SCD):    0.893ns
    Clock Pessimism Removal (CPR):    0.263ns

    Location             Delay type                Incr(ns)  Path(ns)    Netlist Resource(s)
  -------------------------------------------------------------------    -------------------
                         (clock clk_fpga_0 rise edge)
                                                      0.000     0.000 r  
    PS7_X0Y0             PS7                          0.000     0.000 r  gru_bin_version_i/processing_system7_0/inst/PS7_i/FCLKCLK[0]
                         net (fo=1, routed)           0.310     0.310    gru_bin_version_i/processing_system7_0/inst/FCLK_CLK_unbuffered[0]
    BUFGCTRL_X0Y16       BUFG (Prop_bufg_I_O)         0.026     0.336 r  gru_bin_version_i/processing_system7_0/inst/buffer_fclk_clk_0.FCLK_CLK_0_BUFG/O
                         net (fo=26756, routed)       0.557     0.892    gru_bin_version_wrapper/gru_bin_version/gru_bin_version_axi_mem_intercon_0/s00_couplers_imp_1UT69KP/gru_bin_version_axi_mem_intercon_imp_auto_pc_0/gru_bin_version_axi_mem_intercon_imp_auto_pc_0_axi_protocol_converter_v2_1_37_axi_protocol_converter/gru_bin_version_axi_mem_intercon_imp_auto_pc_0_axi_protocol_converter_v2_1_37_axi3_conv/gru_bin_version_axi_mem_intercon_imp_auto_pc_0_axi_protocol_converter_v2_1_37_a_axi3_conv/gru_bin_version_axi_mem_intercon_imp_auto_pc_0_axi_data_fifo_v2_1_36_axic_fifo/gru_bin_version_axi_mem_intercon_imp_auto_pc_0_axi_data_fifo_v2_1_36_fifo_gen/<hidden>/<hidden>/<hidden>/<hidden>/<hidden>
    SLICE_X34Y31         FDRE                                         r  gru_bin_version_wrapper/gru_bin_version/gru_bin_version_axi_mem_intercon_0/s00_couplers_imp_1UT69KP/gru_bin_version_axi_mem_intercon_imp_auto_pc_0/gru_bin_version_axi_mem_intercon_imp_auto_pc_0_axi_protocol_converter_v2_1_37_axi_protocol_converter/gru_bin_version_axi_mem_intercon_imp_auto_pc_0_axi_protocol_converter_v2_1_37_axi3_conv/gru_bin_version_axi_mem_intercon_imp_auto_pc_0_axi_protocol_converter_v2_1_37_a_axi3_conv/gru_bin_version_axi_mem_intercon_imp_auto_pc_0_axi_data_fifo_v2_1_36_axic_fifo/gru_bin_version_axi_mem_intercon_imp_auto_pc_0_axi_data_fifo_v2_1_36_fifo_gen/<hidden>/<hidden>/<hidden>/<hidden>/<hidden>
  -------------------------------------------------------------------    -------------------
    SLICE_X34Y31         FDRE (Prop_fdre_C_Q)         0.148     1.040 f  gru_bin_version_wrapper/gru_bin_version/gru_bin_version_axi_mem_intercon_0/s00_couplers_imp_1UT69KP/gru_bin_version_axi_mem_intercon_imp_auto_pc_0/gru_bin_version_axi_mem_intercon_imp_auto_pc_0_axi_protocol_converter_v2_1_37_axi_protocol_converter/gru_bin_version_axi_mem_intercon_imp_auto_pc_0_axi_protocol_converter_v2_1_37_axi3_conv/gru_bin_version_axi_mem_intercon_imp_auto_pc_0_axi_protocol_converter_v2_1_37_a_axi3_conv/gru_bin_version_axi_mem_intercon_imp_auto_pc_0_axi_data_fifo_v2_1_36_axic_fifo/gru_bin_version_axi_mem_intercon_imp_auto_pc_0_axi_data_fifo_v2_1_36_fifo_gen/<hidden>/<hidden>/<hidden>/<hidden>/<hidden>
                         net (fo=1, routed)           0.093     1.133    gru_bin_version_wrapper/gru_bin_version/gru_bin_version_axi_mem_intercon_0/s00_couplers_imp_1UT69KP/gru_bin_version_axi_mem_intercon_imp_auto_pc_0/gru_bin_version_axi_mem_intercon_imp_auto_pc_0_axi_protocol_converter_v2_1_37_axi_protocol_converter/gru_bin_version_axi_mem_intercon_imp_auto_pc_0_axi_protocol_converter_v2_1_37_axi3_conv/gru_bin_version_axi_mem_intercon_imp_auto_pc_0_axi_protocol_converter_v2_1_37_a_axi3_conv/gru_bin_version_axi_mem_intercon_imp_auto_pc_0_axi_data_fifo_v2_1_36_axic_fifo/gru_bin_version_axi_mem_intercon_imp_auto_pc_0_axi_data_fifo_v2_1_36_fifo_gen/<hidden>/<hidden>/<hidden>/<hidden>/<hidden>
    SLICE_X34Y31         LUT3 (Prop_lut3_I0_O)        0.099     1.232 f  gru_bin_version_wrapper/gru_bin_version/gru_bin_version_axi_mem_intercon_0/s00_couplers_imp_1UT69KP/gru_bin_version_axi_mem_intercon_imp_auto_pc_0/gru_bin_version_axi_mem_intercon_imp_auto_pc_0_axi_protocol_converter_v2_1_37_axi_protocol_converter/gru_bin_version_axi_mem_intercon_imp_auto_pc_0_axi_protocol_converter_v2_1_37_axi3_conv/gru_bin_version_axi_mem_intercon_imp_auto_pc_0_axi_protocol_converter_v2_1_37_a_axi3_conv/gru_bin_version_axi_mem_intercon_imp_auto_pc_0_axi_data_fifo_v2_1_36_axic_fifo/gru_bin_version_axi_mem_intercon_imp_auto_pc_0_axi_data_fifo_v2_1_36_fifo_gen/<hidden>/<hidden>/<hidden>/<hidden>/<hidden>
                         net (fo=33, routed)          0.214     1.446    gru_bin_version_wrapper/gru_bin_version/gru_bin_version_axi_mem_intercon_0/s00_couplers_imp_1UT69KP/gru_bin_version_axi_mem_intercon_imp_auto_pc_0/gru_bin_version_axi_mem_intercon_imp_auto_pc_0_axi_protocol_converter_v2_1_37_axi_protocol_converter/gru_bin_version_axi_mem_intercon_imp_auto_pc_0_axi_protocol_converter_v2_1_37_axi3_conv/gru_bin_version_axi_mem_intercon_imp_auto_pc_0_axi_protocol_converter_v2_1_37_a_axi3_conv/gru_bin_version_axi_mem_intercon_imp_auto_pc_0_axi_data_fifo_v2_1_36_axic_fifo/gru_bin_version_axi_mem_intercon_imp_auto_pc_0_axi_data_fifo_v2_1_36_fifo_gen/<hidden>/<hidden>/<hidden>/<hidden>/<hidden>/<hidden>
    SLICE_X36Y31         FDCE                                         f  gru_bin_version_wrapper/gru_bin_version/gru_bin_version_axi_mem_intercon_0/s00_couplers_imp_1UT69KP/gru_bin_version_axi_mem_intercon_imp_auto_pc_0/gru_bin_version_axi_mem_intercon_imp_auto_pc_0_axi_protocol_converter_v2_1_37_axi_protocol_converter/gru_bin_version_axi_mem_intercon_imp_auto_pc_0_axi_protocol_converter_v2_1_37_axi3_conv/gru_bin_version_axi_mem_intercon_imp_auto_pc_0_axi_protocol_converter_v2_1_37_a_axi3_conv/gru_bin_version_axi_mem_intercon_imp_auto_pc_0_axi_data_fifo_v2_1_36_axic_fifo/gru_bin_version_axi_mem_intercon_imp_auto_pc_0_axi_data_fifo_v2_1_36_fifo_gen/<hidden>/<hidden>/<hidden>/<hidden>/<hidden>/<hidden>
  -------------------------------------------------------------------    -------------------

                         (clock clk_fpga_0 rise edge)
                                                      0.000     0.000 r  
    PS7_X0Y0             PS7                          0.000     0.000 r  gru_bin_version_i/processing_system7_0/inst/PS7_i/FCLKCLK[0]
                         net (fo=1, routed)           0.337     0.337    gru_bin_version_i/processing_system7_0/inst/FCLK_CLK_unbuffered[0]
    BUFGCTRL_X0Y16       BUFG (Prop_bufg_I_O)         0.029     0.366 r  gru_bin_version_i/processing_system7_0/inst/buffer_fclk_clk_0.FCLK_CLK_0_BUFG/O
                         net (fo=26756, routed)       0.820     1.186    gru_bin_version_wrapper/gru_bin_version/gru_bin_version_axi_mem_intercon_0/s00_couplers_imp_1UT69KP/gru_bin_version_axi_mem_intercon_imp_auto_pc_0/gru_bin_version_axi_mem_intercon_imp_auto_pc_0_axi_protocol_converter_v2_1_37_axi_protocol_converter/gru_bin_version_axi_mem_intercon_imp_auto_pc_0_axi_protocol_converter_v2_1_37_axi3_conv/gru_bin_version_axi_mem_intercon_imp_auto_pc_0_axi_protocol_converter_v2_1_37_a_axi3_conv/gru_bin_version_axi_mem_intercon_imp_auto_pc_0_axi_data_fifo_v2_1_36_axic_fifo/gru_bin_version_axi_mem_intercon_imp_auto_pc_0_axi_data_fifo_v2_1_36_fifo_gen/<hidden>/<hidden>/<hidden>/<hidden>/<hidden>/<hidden>
    SLICE_X36Y31         FDCE                                         r  gru_bin_version_wrapper/gru_bin_version/gru_bin_version_axi_mem_intercon_0/s00_couplers_imp_1UT69KP/gru_bin_version_axi_mem_intercon_imp_auto_pc_0/gru_bin_version_axi_mem_intercon_imp_auto_pc_0_axi_protocol_converter_v2_1_37_axi_protocol_converter/gru_bin_version_axi_mem_intercon_imp_auto_pc_0_axi_protocol_converter_v2_1_37_axi3_conv/gru_bin_version_axi_mem_intercon_imp_auto_pc_0_axi_protocol_converter_v2_1_37_a_axi3_conv/gru_bin_version_axi_mem_intercon_imp_auto_pc_0_axi_data_fifo_v2_1_36_axic_fifo/gru_bin_version_axi_mem_intercon_imp_auto_pc_0_axi_data_fifo_v2_1_36_fifo_gen/<hidden>/<hidden>/<hidden>/<hidden>/<hidden>/<hidden>
                         clock pessimism             -0.263     0.923    
    SLICE_X36Y31         FDCE (Remov_fdce_C_CLR)     -0.067     0.855    gru_bin_version_wrapper/gru_bin_version/gru_bin_version_axi_mem_intercon_0/s00_couplers_imp_1UT69KP/gru_bin_version_axi_mem_intercon_imp_auto_pc_0/gru_bin_version_axi_mem_intercon_imp_auto_pc_0_axi_protocol_converter_v2_1_37_axi_protocol_converter/gru_bin_version_axi_mem_intercon_imp_auto_pc_0_axi_protocol_converter_v2_1_37_axi3_conv/gru_bin_version_axi_mem_intercon_imp_auto_pc_0_axi_protocol_converter_v2_1_37_a_axi3_conv/gru_bin_version_axi_mem_intercon_imp_auto_pc_0_axi_data_fifo_v2_1_36_axic_fifo/gru_bin_version_axi_mem_intercon_imp_auto_pc_0_axi_data_fifo_v2_1_36_fifo_gen/<hidden>/<hidden>/<hidden>/<hidden>/<hidden>/<hidden>
  -------------------------------------------------------------------
                         required time                         -0.855    
                         arrival time                           1.446    
  -------------------------------------------------------------------
                         slack                                  0.591    

Slack (MET) :             0.595ns  (arrival time - required time)
  Source:                 gru_bin_version_wrapper/gru_bin_version/gru_bin_version_axi_mem_intercon_0/s00_couplers_imp_1UT69KP/gru_bin_version_axi_mem_intercon_imp_auto_pc_0/gru_bin_version_axi_mem_intercon_imp_auto_pc_0_axi_protocol_converter_v2_1_37_axi_protocol_converter/gru_bin_version_axi_mem_intercon_imp_auto_pc_0_axi_protocol_converter_v2_1_37_axi3_conv/gru_bin_version_axi_mem_intercon_imp_auto_pc_0_axi_protocol_converter_v2_1_37_a_axi3_conv/gru_bin_version_axi_mem_intercon_imp_auto_pc_0_axi_data_fifo_v2_1_36_axic_fifo/gru_bin_version_axi_mem_intercon_imp_auto_pc_0_axi_data_fifo_v2_1_36_fifo_gen/<hidden>/<hidden>/<hidden>/<hidden>/<hidden>
                            (rising edge-triggered cell FDRE clocked by clk_fpga_0  {rise@0.000ns fall@5.000ns period=10.000ns})
  Destination:            gru_bin_version_wrapper/gru_bin_version/gru_bin_version_axi_mem_intercon_0/s00_couplers_imp_1UT69KP/gru_bin_version_axi_mem_intercon_imp_auto_pc_0/gru_bin_version_axi_mem_intercon_imp_auto_pc_0_axi_protocol_converter_v2_1_37_axi_protocol_converter/gru_bin_version_axi_mem_intercon_imp_auto_pc_0_axi_protocol_converter_v2_1_37_axi3_conv/gru_bin_version_axi_mem_intercon_imp_auto_pc_0_axi_protocol_converter_v2_1_37_a_axi3_conv/gru_bin_version_axi_mem_intercon_imp_auto_pc_0_axi_data_fifo_v2_1_36_axic_fifo/gru_bin_version_axi_mem_intercon_imp_auto_pc_0_axi_data_fifo_v2_1_36_fifo_gen/<hidden>/<hidden>/<hidden>/<hidden>/<hidden>/<hidden>
                            (removal check against rising-edge clock clk_fpga_0  {rise@0.000ns fall@5.000ns period=10.000ns})
  Path Group:             **async_default**
  Path Type:              Removal (Min at Fast Process Corner)
  Requirement:            0.000ns  (clk_fpga_0 rise@0.000ns - clk_fpga_0 rise@0.000ns)
  Data Path Delay:        0.554ns  (logic 0.247ns (44.620%)  route 0.307ns (55.380%))
  Logic Levels:           1  (LUT3=1)
  Clock Path Skew:        0.030ns (DCD - SCD - CPR)
    Destination Clock Delay (DCD):    1.186ns
    Source Clock Delay      (SCD):    0.893ns
    Clock Pessimism Removal (CPR):    0.263ns

    Location             Delay type                Incr(ns)  Path(ns)    Netlist Resource(s)
  -------------------------------------------------------------------    -------------------
                         (clock clk_fpga_0 rise edge)
                                                      0.000     0.000 r  
    PS7_X0Y0             PS7                          0.000     0.000 r  gru_bin_version_i/processing_system7_0/inst/PS7_i/FCLKCLK[0]
                         net (fo=1, routed)           0.310     0.310    gru_bin_version_i/processing_system7_0/inst/FCLK_CLK_unbuffered[0]
    BUFGCTRL_X0Y16       BUFG (Prop_bufg_I_O)         0.026     0.336 r  gru_bin_version_i/processing_system7_0/inst/buffer_fclk_clk_0.FCLK_CLK_0_BUFG/O
                         net (fo=26756, routed)       0.557     0.892    gru_bin_version_wrapper/gru_bin_version/gru_bin_version_axi_mem_intercon_0/s00_couplers_imp_1UT69KP/gru_bin_version_axi_mem_intercon_imp_auto_pc_0/gru_bin_version_axi_mem_intercon_imp_auto_pc_0_axi_protocol_converter_v2_1_37_axi_protocol_converter/gru_bin_version_axi_mem_intercon_imp_auto_pc_0_axi_protocol_converter_v2_1_37_axi3_conv/gru_bin_version_axi_mem_intercon_imp_auto_pc_0_axi_protocol_converter_v2_1_37_a_axi3_conv/gru_bin_version_axi_mem_intercon_imp_auto_pc_0_axi_data_fifo_v2_1_36_axic_fifo/gru_bin_version_axi_mem_intercon_imp_auto_pc_0_axi_data_fifo_v2_1_36_fifo_gen/<hidden>/<hidden>/<hidden>/<hidden>/<hidden>
    SLICE_X34Y31         FDRE                                         r  gru_bin_version_wrapper/gru_bin_version/gru_bin_version_axi_mem_intercon_0/s00_couplers_imp_1UT69KP/gru_bin_version_axi_mem_intercon_imp_auto_pc_0/gru_bin_version_axi_mem_intercon_imp_auto_pc_0_axi_protocol_converter_v2_1_37_axi_protocol_converter/gru_bin_version_axi_mem_intercon_imp_auto_pc_0_axi_protocol_converter_v2_1_37_axi3_conv/gru_bin_version_axi_mem_intercon_imp_auto_pc_0_axi_protocol_converter_v2_1_37_a_axi3_conv/gru_bin_version_axi_mem_intercon_imp_auto_pc_0_axi_data_fifo_v2_1_36_axic_fifo/gru_bin_version_axi_mem_intercon_imp_auto_pc_0_axi_data_fifo_v2_1_36_fifo_gen/<hidden>/<hidden>/<hidden>/<hidden>/<hidden>
  -------------------------------------------------------------------    -------------------
    SLICE_X34Y31         FDRE (Prop_fdre_C_Q)         0.148     1.040 f  gru_bin_version_wrapper/gru_bin_version/gru_bin_version_axi_mem_intercon_0/s00_couplers_imp_1UT69KP/gru_bin_version_axi_mem_intercon_imp_auto_pc_0/gru_bin_version_axi_mem_intercon_imp_auto_pc_0_axi_protocol_converter_v2_1_37_axi_protocol_converter/gru_bin_version_axi_mem_intercon_imp_auto_pc_0_axi_protocol_converter_v2_1_37_axi3_conv/gru_bin_version_axi_mem_intercon_imp_auto_pc_0_axi_protocol_converter_v2_1_37_a_axi3_conv/gru_bin_version_axi_mem_intercon_imp_auto_pc_0_axi_data_fifo_v2_1_36_axic_fifo/gru_bin_version_axi_mem_intercon_imp_auto_pc_0_axi_data_fifo_v2_1_36_fifo_gen/<hidden>/<hidden>/<hidden>/<hidden>/<hidden>
                         net (fo=1, routed)           0.093     1.133    gru_bin_version_wrapper/gru_bin_version/gru_bin_version_axi_mem_intercon_0/s00_couplers_imp_1UT69KP/gru_bin_version_axi_mem_intercon_imp_auto_pc_0/gru_bin_version_axi_mem_intercon_imp_auto_pc_0_axi_protocol_converter_v2_1_37_axi_protocol_converter/gru_bin_version_axi_mem_intercon_imp_auto_pc_0_axi_protocol_converter_v2_1_37_axi3_conv/gru_bin_version_axi_mem_intercon_imp_auto_pc_0_axi_protocol_converter_v2_1_37_a_axi3_conv/gru_bin_version_axi_mem_intercon_imp_auto_pc_0_axi_data_fifo_v2_1_36_axic_fifo/gru_bin_version_axi_mem_intercon_imp_auto_pc_0_axi_data_fifo_v2_1_36_fifo_gen/<hidden>/<hidden>/<hidden>/<hidden>/<hidden>
    SLICE_X34Y31         LUT3 (Prop_lut3_I0_O)        0.099     1.232 f  gru_bin_version_wrapper/gru_bin_version/gru_bin_version_axi_mem_intercon_0/s00_couplers_imp_1UT69KP/gru_bin_version_axi_mem_intercon_imp_auto_pc_0/gru_bin_version_axi_mem_intercon_imp_auto_pc_0_axi_protocol_converter_v2_1_37_axi_protocol_converter/gru_bin_version_axi_mem_intercon_imp_auto_pc_0_axi_protocol_converter_v2_1_37_axi3_conv/gru_bin_version_axi_mem_intercon_imp_auto_pc_0_axi_protocol_converter_v2_1_37_a_axi3_conv/gru_bin_version_axi_mem_intercon_imp_auto_pc_0_axi_data_fifo_v2_1_36_axic_fifo/gru_bin_version_axi_mem_intercon_imp_auto_pc_0_axi_data_fifo_v2_1_36_fifo_gen/<hidden>/<hidden>/<hidden>/<hidden>/<hidden>
                         net (fo=33, routed)          0.214     1.446    gru_bin_version_wrapper/gru_bin_version/gru_bin_version_axi_mem_intercon_0/s00_couplers_imp_1UT69KP/gru_bin_version_axi_mem_intercon_imp_auto_pc_0/gru_bin_version_axi_mem_intercon_imp_auto_pc_0_axi_protocol_converter_v2_1_37_axi_protocol_converter/gru_bin_version_axi_mem_intercon_imp_auto_pc_0_axi_protocol_converter_v2_1_37_axi3_conv/gru_bin_version_axi_mem_intercon_imp_auto_pc_0_axi_protocol_converter_v2_1_37_a_axi3_conv/gru_bin_version_axi_mem_intercon_imp_auto_pc_0_axi_data_fifo_v2_1_36_axic_fifo/gru_bin_version_axi_mem_intercon_imp_auto_pc_0_axi_data_fifo_v2_1_36_fifo_gen/<hidden>/<hidden>/<hidden>/<hidden>/<hidden>/<hidden>
    SLICE_X36Y31         FDPE                                         f  gru_bin_version_wrapper/gru_bin_version/gru_bin_version_axi_mem_intercon_0/s00_couplers_imp_1UT69KP/gru_bin_version_axi_mem_intercon_imp_auto_pc_0/gru_bin_version_axi_mem_intercon_imp_auto_pc_0_axi_protocol_converter_v2_1_37_axi_protocol_converter/gru_bin_version_axi_mem_intercon_imp_auto_pc_0_axi_protocol_converter_v2_1_37_axi3_conv/gru_bin_version_axi_mem_intercon_imp_auto_pc_0_axi_protocol_converter_v2_1_37_a_axi3_conv/gru_bin_version_axi_mem_intercon_imp_auto_pc_0_axi_data_fifo_v2_1_36_axic_fifo/gru_bin_version_axi_mem_intercon_imp_auto_pc_0_axi_data_fifo_v2_1_36_fifo_gen/<hidden>/<hidden>/<hidden>/<hidden>/<hidden>/<hidden>
  -------------------------------------------------------------------    -------------------

                         (clock clk_fpga_0 rise edge)
                                                      0.000     0.000 r  
    PS7_X0Y0             PS7                          0.000     0.000 r  gru_bin_version_i/processing_system7_0/inst/PS7_i/FCLKCLK[0]
                         net (fo=1, routed)           0.337     0.337    gru_bin_version_i/processing_system7_0/inst/FCLK_CLK_unbuffered[0]
    BUFGCTRL_X0Y16       BUFG (Prop_bufg_I_O)         0.029     0.366 r  gru_bin_version_i/processing_system7_0/inst/buffer_fclk_clk_0.FCLK_CLK_0_BUFG/O
                         net (fo=26756, routed)       0.820     1.186    gru_bin_version_wrapper/gru_bin_version/gru_bin_version_axi_mem_intercon_0/s00_couplers_imp_1UT69KP/gru_bin_version_axi_mem_intercon_imp_auto_pc_0/gru_bin_version_axi_mem_intercon_imp_auto_pc_0_axi_protocol_converter_v2_1_37_axi_protocol_converter/gru_bin_version_axi_mem_intercon_imp_auto_pc_0_axi_protocol_converter_v2_1_37_axi3_conv/gru_bin_version_axi_mem_intercon_imp_auto_pc_0_axi_protocol_converter_v2_1_37_a_axi3_conv/gru_bin_version_axi_mem_intercon_imp_auto_pc_0_axi_data_fifo_v2_1_36_axic_fifo/gru_bin_version_axi_mem_intercon_imp_auto_pc_0_axi_data_fifo_v2_1_36_fifo_gen/<hidden>/<hidden>/<hidden>/<hidden>/<hidden>/<hidden>
    SLICE_X36Y31         FDPE                                         r  gru_bin_version_wrapper/gru_bin_version/gru_bin_version_axi_mem_intercon_0/s00_couplers_imp_1UT69KP/gru_bin_version_axi_mem_intercon_imp_auto_pc_0/gru_bin_version_axi_mem_intercon_imp_auto_pc_0_axi_protocol_converter_v2_1_37_axi_protocol_converter/gru_bin_version_axi_mem_intercon_imp_auto_pc_0_axi_protocol_converter_v2_1_37_axi3_conv/gru_bin_version_axi_mem_intercon_imp_auto_pc_0_axi_protocol_converter_v2_1_37_a_axi3_conv/gru_bin_version_axi_mem_intercon_imp_auto_pc_0_axi_data_fifo_v2_1_36_axic_fifo/gru_bin_version_axi_mem_intercon_imp_auto_pc_0_axi_data_fifo_v2_1_36_fifo_gen/<hidden>/<hidden>/<hidden>/<hidden>/<hidden>/<hidden>
                         clock pessimism             -0.263     0.923    
    SLICE_X36Y31         FDPE (Remov_fdpe_C_PRE)     -0.071     0.852    gru_bin_version_wrapper/gru_bin_version/gru_bin_version_axi_mem_intercon_0/s00_couplers_imp_1UT69KP/gru_bin_version_axi_mem_intercon_imp_auto_pc_0/gru_bin_version_axi_mem_intercon_imp_auto_pc_0_axi_protocol_converter_v2_1_37_axi_protocol_converter/gru_bin_version_axi_mem_intercon_imp_auto_pc_0_axi_protocol_converter_v2_1_37_axi3_conv/gru_bin_version_axi_mem_intercon_imp_auto_pc_0_axi_protocol_converter_v2_1_37_a_axi3_conv/gru_bin_version_axi_mem_intercon_imp_auto_pc_0_axi_data_fifo_v2_1_36_axic_fifo/gru_bin_version_axi_mem_intercon_imp_auto_pc_0_axi_data_fifo_v2_1_36_fifo_gen/<hidden>/<hidden>/<hidden>/<hidden>/<hidden>/<hidden>
  -------------------------------------------------------------------
                         required time                         -0.851    
                         arrival time                           1.446    
  -------------------------------------------------------------------
                         slack                                  0.595    

Slack (MET) :             0.619ns  (arrival time - required time)
  Source:                 gru_bin_version_wrapper/gru_bin_version/gru_bin_version_axi_mem_intercon_0/s00_couplers_imp_1UT69KP/gru_bin_version_axi_mem_intercon_imp_auto_pc_0/gru_bin_version_axi_mem_intercon_imp_auto_pc_0_axi_protocol_converter_v2_1_37_axi_protocol_converter/gru_bin_version_axi_mem_intercon_imp_auto_pc_0_axi_protocol_converter_v2_1_37_axi3_conv/gru_bin_version_axi_mem_intercon_imp_auto_pc_0_axi_protocol_converter_v2_1_37_a_axi3_conv/gru_bin_version_axi_mem_intercon_imp_auto_pc_0_axi_data_fifo_v2_1_36_axic_fifo/gru_bin_version_axi_mem_intercon_imp_auto_pc_0_axi_data_fifo_v2_1_36_fifo_gen/<hidden>/<hidden>/<hidden>/<hidden>/<hidden>
                            (rising edge-triggered cell FDRE clocked by clk_fpga_0  {rise@0.000ns fall@5.000ns period=10.000ns})
  Destination:            gru_bin_version_wrapper/gru_bin_version/gru_bin_version_axi_mem_intercon_0/s00_couplers_imp_1UT69KP/gru_bin_version_axi_mem_intercon_imp_auto_pc_0/gru_bin_version_axi_mem_intercon_imp_auto_pc_0_axi_protocol_converter_v2_1_37_axi_protocol_converter/gru_bin_version_axi_mem_intercon_imp_auto_pc_0_axi_protocol_converter_v2_1_37_axi3_conv/gru_bin_version_axi_mem_intercon_imp_auto_pc_0_axi_protocol_converter_v2_1_37_a_axi3_conv/gru_bin_version_axi_mem_intercon_imp_auto_pc_0_axi_data_fifo_v2_1_36_axic_fifo/gru_bin_version_axi_mem_intercon_imp_auto_pc_0_axi_data_fifo_v2_1_36_fifo_gen/<hidden>/<hidden>/<hidden>/<hidden>/<hidden>/<hidden>
                            (removal check against rising-edge clock clk_fpga_0  {rise@0.000ns fall@5.000ns period=10.000ns})
  Path Group:             **async_default**
  Path Type:              Removal (Min at Fast Process Corner)
  Requirement:            0.000ns  (clk_fpga_0 rise@0.000ns - clk_fpga_0 rise@0.000ns)
  Data Path Delay:        0.554ns  (logic 0.247ns (44.620%)  route 0.307ns (55.380%))
  Logic Levels:           1  (LUT3=1)
  Clock Path Skew:        0.030ns (DCD - SCD - CPR)
    Destination Clock Delay (DCD):    1.186ns
    Source Clock Delay      (SCD):    0.893ns
    Clock Pessimism Removal (CPR):    0.263ns

    Location             Delay type                Incr(ns)  Path(ns)    Netlist Resource(s)
  -------------------------------------------------------------------    -------------------
                         (clock clk_fpga_0 rise edge)
                                                      0.000     0.000 r  
    PS7_X0Y0             PS7                          0.000     0.000 r  gru_bin_version_i/processing_system7_0/inst/PS7_i/FCLKCLK[0]
                         net (fo=1, routed)           0.310     0.310    gru_bin_version_i/processing_system7_0/inst/FCLK_CLK_unbuffered[0]
    BUFGCTRL_X0Y16       BUFG (Prop_bufg_I_O)         0.026     0.336 r  gru_bin_version_i/processing_system7_0/inst/buffer_fclk_clk_0.FCLK_CLK_0_BUFG/O
                         net (fo=26756, routed)       0.557     0.892    gru_bin_version_wrapper/gru_bin_version/gru_bin_version_axi_mem_intercon_0/s00_couplers_imp_1UT69KP/gru_bin_version_axi_mem_intercon_imp_auto_pc_0/gru_bin_version_axi_mem_intercon_imp_auto_pc_0_axi_protocol_converter_v2_1_37_axi_protocol_converter/gru_bin_version_axi_mem_intercon_imp_auto_pc_0_axi_protocol_converter_v2_1_37_axi3_conv/gru_bin_version_axi_mem_intercon_imp_auto_pc_0_axi_protocol_converter_v2_1_37_a_axi3_conv/gru_bin_version_axi_mem_intercon_imp_auto_pc_0_axi_data_fifo_v2_1_36_axic_fifo/gru_bin_version_axi_mem_intercon_imp_auto_pc_0_axi_data_fifo_v2_1_36_fifo_gen/<hidden>/<hidden>/<hidden>/<hidden>/<hidden>
    SLICE_X34Y31         FDRE                                         r  gru_bin_version_wrapper/gru_bin_version/gru_bin_version_axi_mem_intercon_0/s00_couplers_imp_1UT69KP/gru_bin_version_axi_mem_intercon_imp_auto_pc_0/gru_bin_version_axi_mem_intercon_imp_auto_pc_0_axi_protocol_converter_v2_1_37_axi_protocol_converter/gru_bin_version_axi_mem_intercon_imp_auto_pc_0_axi_protocol_converter_v2_1_37_axi3_conv/gru_bin_version_axi_mem_intercon_imp_auto_pc_0_axi_protocol_converter_v2_1_37_a_axi3_conv/gru_bin_version_axi_mem_intercon_imp_auto_pc_0_axi_data_fifo_v2_1_36_axic_fifo/gru_bin_version_axi_mem_intercon_imp_auto_pc_0_axi_data_fifo_v2_1_36_fifo_gen/<hidden>/<hidden>/<hidden>/<hidden>/<hidden>
  -------------------------------------------------------------------    -------------------
    SLICE_X34Y31         FDRE (Prop_fdre_C_Q)         0.148     1.040 f  gru_bin_version_wrapper/gru_bin_version/gru_bin_version_axi_mem_intercon_0/s00_couplers_imp_1UT69KP/gru_bin_version_axi_mem_intercon_imp_auto_pc_0/gru_bin_version_axi_mem_intercon_imp_auto_pc_0_axi_protocol_converter_v2_1_37_axi_protocol_converter/gru_bin_version_axi_mem_intercon_imp_auto_pc_0_axi_protocol_converter_v2_1_37_axi3_conv/gru_bin_version_axi_mem_intercon_imp_auto_pc_0_axi_protocol_converter_v2_1_37_a_axi3_conv/gru_bin_version_axi_mem_intercon_imp_auto_pc_0_axi_data_fifo_v2_1_36_axic_fifo/gru_bin_version_axi_mem_intercon_imp_auto_pc_0_axi_data_fifo_v2_1_36_fifo_gen/<hidden>/<hidden>/<hidden>/<hidden>/<hidden>
                         net (fo=1, routed)           0.093     1.133    gru_bin_version_wrapper/gru_bin_version/gru_bin_version_axi_mem_intercon_0/s00_couplers_imp_1UT69KP/gru_bin_version_axi_mem_intercon_imp_auto_pc_0/gru_bin_version_axi_mem_intercon_imp_auto_pc_0_axi_protocol_converter_v2_1_37_axi_protocol_converter/gru_bin_version_axi_mem_intercon_imp_auto_pc_0_axi_protocol_converter_v2_1_37_axi3_conv/gru_bin_version_axi_mem_intercon_imp_auto_pc_0_axi_protocol_converter_v2_1_37_a_axi3_conv/gru_bin_version_axi_mem_intercon_imp_auto_pc_0_axi_data_fifo_v2_1_36_axic_fifo/gru_bin_version_axi_mem_intercon_imp_auto_pc_0_axi_data_fifo_v2_1_36_fifo_gen/<hidden>/<hidden>/<hidden>/<hidden>/<hidden>
    SLICE_X34Y31         LUT3 (Prop_lut3_I0_O)        0.099     1.232 f  gru_bin_version_wrapper/gru_bin_version/gru_bin_version_axi_mem_intercon_0/s00_couplers_imp_1UT69KP/gru_bin_version_axi_mem_intercon_imp_auto_pc_0/gru_bin_version_axi_mem_intercon_imp_auto_pc_0_axi_protocol_converter_v2_1_37_axi_protocol_converter/gru_bin_version_axi_mem_intercon_imp_auto_pc_0_axi_protocol_converter_v2_1_37_axi3_conv/gru_bin_version_axi_mem_intercon_imp_auto_pc_0_axi_protocol_converter_v2_1_37_a_axi3_conv/gru_bin_version_axi_mem_intercon_imp_auto_pc_0_axi_data_fifo_v2_1_36_axic_fifo/gru_bin_version_axi_mem_intercon_imp_auto_pc_0_axi_data_fifo_v2_1_36_fifo_gen/<hidden>/<hidden>/<hidden>/<hidden>/<hidden>
                         net (fo=33, routed)          0.214     1.446    gru_bin_version_wrapper/gru_bin_version/gru_bin_version_axi_mem_intercon_0/s00_couplers_imp_1UT69KP/gru_bin_version_axi_mem_intercon_imp_auto_pc_0/gru_bin_version_axi_mem_intercon_imp_auto_pc_0_axi_protocol_converter_v2_1_37_axi_protocol_converter/gru_bin_version_axi_mem_intercon_imp_auto_pc_0_axi_protocol_converter_v2_1_37_axi3_conv/gru_bin_version_axi_mem_intercon_imp_auto_pc_0_axi_protocol_converter_v2_1_37_a_axi3_conv/gru_bin_version_axi_mem_intercon_imp_auto_pc_0_axi_data_fifo_v2_1_36_axic_fifo/gru_bin_version_axi_mem_intercon_imp_auto_pc_0_axi_data_fifo_v2_1_36_fifo_gen/<hidden>/<hidden>/<hidden>/<hidden>/<hidden>/<hidden>
    SLICE_X37Y31         FDPE                                         f  gru_bin_version_wrapper/gru_bin_version/gru_bin_version_axi_mem_intercon_0/s00_couplers_imp_1UT69KP/gru_bin_version_axi_mem_intercon_imp_auto_pc_0/gru_bin_version_axi_mem_intercon_imp_auto_pc_0_axi_protocol_converter_v2_1_37_axi_protocol_converter/gru_bin_version_axi_mem_intercon_imp_auto_pc_0_axi_protocol_converter_v2_1_37_axi3_conv/gru_bin_version_axi_mem_intercon_imp_auto_pc_0_axi_protocol_converter_v2_1_37_a_axi3_conv/gru_bin_version_axi_mem_intercon_imp_auto_pc_0_axi_data_fifo_v2_1_36_axic_fifo/gru_bin_version_axi_mem_intercon_imp_auto_pc_0_axi_data_fifo_v2_1_36_fifo_gen/<hidden>/<hidden>/<hidden>/<hidden>/<hidden>/<hidden>
  -------------------------------------------------------------------    -------------------

                         (clock clk_fpga_0 rise edge)
                                                      0.000     0.000 r  
    PS7_X0Y0             PS7                          0.000     0.000 r  gru_bin_version_i/processing_system7_0/inst/PS7_i/FCLKCLK[0]
                         net (fo=1, routed)           0.337     0.337    gru_bin_version_i/processing_system7_0/inst/FCLK_CLK_unbuffered[0]
    BUFGCTRL_X0Y16       BUFG (Prop_bufg_I_O)         0.029     0.366 r  gru_bin_version_i/processing_system7_0/inst/buffer_fclk_clk_0.FCLK_CLK_0_BUFG/O
                         net (fo=26756, routed)       0.820     1.186    gru_bin_version_wrapper/gru_bin_version/gru_bin_version_axi_mem_intercon_0/s00_couplers_imp_1UT69KP/gru_bin_version_axi_mem_intercon_imp_auto_pc_0/gru_bin_version_axi_mem_intercon_imp_auto_pc_0_axi_protocol_converter_v2_1_37_axi_protocol_converter/gru_bin_version_axi_mem_intercon_imp_auto_pc_0_axi_protocol_converter_v2_1_37_axi3_conv/gru_bin_version_axi_mem_intercon_imp_auto_pc_0_axi_protocol_converter_v2_1_37_a_axi3_conv/gru_bin_version_axi_mem_intercon_imp_auto_pc_0_axi_data_fifo_v2_1_36_axic_fifo/gru_bin_version_axi_mem_intercon_imp_auto_pc_0_axi_data_fifo_v2_1_36_fifo_gen/<hidden>/<hidden>/<hidden>/<hidden>/<hidden>/<hidden>
    SLICE_X37Y31         FDPE                                         r  gru_bin_version_wrapper/gru_bin_version/gru_bin_version_axi_mem_intercon_0/s00_couplers_imp_1UT69KP/gru_bin_version_axi_mem_intercon_imp_auto_pc_0/gru_bin_version_axi_mem_intercon_imp_auto_pc_0_axi_protocol_converter_v2_1_37_axi_protocol_converter/gru_bin_version_axi_mem_intercon_imp_auto_pc_0_axi_protocol_converter_v2_1_37_axi3_conv/gru_bin_version_axi_mem_intercon_imp_auto_pc_0_axi_protocol_converter_v2_1_37_a_axi3_conv/gru_bin_version_axi_mem_intercon_imp_auto_pc_0_axi_data_fifo_v2_1_36_axic_fifo/gru_bin_version_axi_mem_intercon_imp_auto_pc_0_axi_data_fifo_v2_1_36_fifo_gen/<hidden>/<hidden>/<hidden>/<hidden>/<hidden>/<hidden>
                         clock pessimism             -0.263     0.923    
    SLICE_X37Y31         FDPE (Remov_fdpe_C_PRE)     -0.095     0.828    gru_bin_version_wrapper/gru_bin_version/gru_bin_version_axi_mem_intercon_0/s00_couplers_imp_1UT69KP/gru_bin_version_axi_mem_intercon_imp_auto_pc_0/gru_bin_version_axi_mem_intercon_imp_auto_pc_0_axi_protocol_converter_v2_1_37_axi_protocol_converter/gru_bin_version_axi_mem_intercon_imp_auto_pc_0_axi_protocol_converter_v2_1_37_axi3_conv/gru_bin_version_axi_mem_intercon_imp_auto_pc_0_axi_protocol_converter_v2_1_37_a_axi3_conv/gru_bin_version_axi_mem_intercon_imp_auto_pc_0_axi_data_fifo_v2_1_36_axic_fifo/gru_bin_version_axi_mem_intercon_imp_auto_pc_0_axi_data_fifo_v2_1_36_fifo_gen/<hidden>/<hidden>/<hidden>/<hidden>/<hidden>/<hidden>
  -------------------------------------------------------------------
                         required time                         -0.827    
                         arrival time                           1.446    
  -------------------------------------------------------------------
                         slack                                  0.619    

Slack (MET) :             0.619ns  (arrival time - required time)
  Source:                 gru_bin_version_wrapper/gru_bin_version/gru_bin_version_axi_mem_intercon_0/s00_couplers_imp_1UT69KP/gru_bin_version_axi_mem_intercon_imp_auto_pc_0/gru_bin_version_axi_mem_intercon_imp_auto_pc_0_axi_protocol_converter_v2_1_37_axi_protocol_converter/gru_bin_version_axi_mem_intercon_imp_auto_pc_0_axi_protocol_converter_v2_1_37_axi3_conv/gru_bin_version_axi_mem_intercon_imp_auto_pc_0_axi_protocol_converter_v2_1_37_a_axi3_conv/gru_bin_version_axi_mem_intercon_imp_auto_pc_0_axi_data_fifo_v2_1_36_axic_fifo/gru_bin_version_axi_mem_intercon_imp_auto_pc_0_axi_data_fifo_v2_1_36_fifo_gen/<hidden>/<hidden>/<hidden>/<hidden>/<hidden>
                            (rising edge-triggered cell FDRE clocked by clk_fpga_0  {rise@0.000ns fall@5.000ns period=10.000ns})
  Destination:            gru_bin_version_wrapper/gru_bin_version/gru_bin_version_axi_mem_intercon_0/s00_couplers_imp_1UT69KP/gru_bin_version_axi_mem_intercon_imp_auto_pc_0/gru_bin_version_axi_mem_intercon_imp_auto_pc_0_axi_protocol_converter_v2_1_37_axi_protocol_converter/gru_bin_version_axi_mem_intercon_imp_auto_pc_0_axi_protocol_converter_v2_1_37_axi3_conv/gru_bin_version_axi_mem_intercon_imp_auto_pc_0_axi_protocol_converter_v2_1_37_a_axi3_conv/gru_bin_version_axi_mem_intercon_imp_auto_pc_0_axi_data_fifo_v2_1_36_axic_fifo/gru_bin_version_axi_mem_intercon_imp_auto_pc_0_axi_data_fifo_v2_1_36_fifo_gen/<hidden>/<hidden>/<hidden>/<hidden>/<hidden>/<hidden>
                            (removal check against rising-edge clock clk_fpga_0  {rise@0.000ns fall@5.000ns period=10.000ns})
  Path Group:             **async_default**
  Path Type:              Removal (Min at Fast Process Corner)
  Requirement:            0.000ns  (clk_fpga_0 rise@0.000ns - clk_fpga_0 rise@0.000ns)
  Data Path Delay:        0.554ns  (logic 0.247ns (44.620%)  route 0.307ns (55.380%))
  Logic Levels:           1  (LUT3=1)
  Clock Path Skew:        0.030ns (DCD - SCD - CPR)
    Destination Clock Delay (DCD):    1.186ns
    Source Clock Delay      (SCD):    0.893ns
    Clock Pessimism Removal (CPR):    0.263ns

    Location             Delay type                Incr(ns)  Path(ns)    Netlist Resource(s)
  -------------------------------------------------------------------    -------------------
                         (clock clk_fpga_0 rise edge)
                                                      0.000     0.000 r  
    PS7_X0Y0             PS7                          0.000     0.000 r  gru_bin_version_i/processing_system7_0/inst/PS7_i/FCLKCLK[0]
                         net (fo=1, routed)           0.310     0.310    gru_bin_version_i/processing_system7_0/inst/FCLK_CLK_unbuffered[0]
    BUFGCTRL_X0Y16       BUFG (Prop_bufg_I_O)         0.026     0.336 r  gru_bin_version_i/processing_system7_0/inst/buffer_fclk_clk_0.FCLK_CLK_0_BUFG/O
                         net (fo=26756, routed)       0.557     0.892    gru_bin_version_wrapper/gru_bin_version/gru_bin_version_axi_mem_intercon_0/s00_couplers_imp_1UT69KP/gru_bin_version_axi_mem_intercon_imp_auto_pc_0/gru_bin_version_axi_mem_intercon_imp_auto_pc_0_axi_protocol_converter_v2_1_37_axi_protocol_converter/gru_bin_version_axi_mem_intercon_imp_auto_pc_0_axi_protocol_converter_v2_1_37_axi3_conv/gru_bin_version_axi_mem_intercon_imp_auto_pc_0_axi_protocol_converter_v2_1_37_a_axi3_conv/gru_bin_version_axi_mem_intercon_imp_auto_pc_0_axi_data_fifo_v2_1_36_axic_fifo/gru_bin_version_axi_mem_intercon_imp_auto_pc_0_axi_data_fifo_v2_1_36_fifo_gen/<hidden>/<hidden>/<hidden>/<hidden>/<hidden>
    SLICE_X34Y31         FDRE                                         r  gru_bin_version_wrapper/gru_bin_version/gru_bin_version_axi_mem_intercon_0/s00_couplers_imp_1UT69KP/gru_bin_version_axi_mem_intercon_imp_auto_pc_0/gru_bin_version_axi_mem_intercon_imp_auto_pc_0_axi_protocol_converter_v2_1_37_axi_protocol_converter/gru_bin_version_axi_mem_intercon_imp_auto_pc_0_axi_protocol_converter_v2_1_37_axi3_conv/gru_bin_version_axi_mem_intercon_imp_auto_pc_0_axi_protocol_converter_v2_1_37_a_axi3_conv/gru_bin_version_axi_mem_intercon_imp_auto_pc_0_axi_data_fifo_v2_1_36_axic_fifo/gru_bin_version_axi_mem_intercon_imp_auto_pc_0_axi_data_fifo_v2_1_36_fifo_gen/<hidden>/<hidden>/<hidden>/<hidden>/<hidden>
  -------------------------------------------------------------------    -------------------
    SLICE_X34Y31         FDRE (Prop_fdre_C_Q)         0.148     1.040 f  gru_bin_version_wrapper/gru_bin_version/gru_bin_version_axi_mem_intercon_0/s00_couplers_imp_1UT69KP/gru_bin_version_axi_mem_intercon_imp_auto_pc_0/gru_bin_version_axi_mem_intercon_imp_auto_pc_0_axi_protocol_converter_v2_1_37_axi_protocol_converter/gru_bin_version_axi_mem_intercon_imp_auto_pc_0_axi_protocol_converter_v2_1_37_axi3_conv/gru_bin_version_axi_mem_intercon_imp_auto_pc_0_axi_protocol_converter_v2_1_37_a_axi3_conv/gru_bin_version_axi_mem_intercon_imp_auto_pc_0_axi_data_fifo_v2_1_36_axic_fifo/gru_bin_version_axi_mem_intercon_imp_auto_pc_0_axi_data_fifo_v2_1_36_fifo_gen/<hidden>/<hidden>/<hidden>/<hidden>/<hidden>
                         net (fo=1, routed)           0.093     1.133    gru_bin_version_wrapper/gru_bin_version/gru_bin_version_axi_mem_intercon_0/s00_couplers_imp_1UT69KP/gru_bin_version_axi_mem_intercon_imp_auto_pc_0/gru_bin_version_axi_mem_intercon_imp_auto_pc_0_axi_protocol_converter_v2_1_37_axi_protocol_converter/gru_bin_version_axi_mem_intercon_imp_auto_pc_0_axi_protocol_converter_v2_1_37_axi3_conv/gru_bin_version_axi_mem_intercon_imp_auto_pc_0_axi_protocol_converter_v2_1_37_a_axi3_conv/gru_bin_version_axi_mem_intercon_imp_auto_pc_0_axi_data_fifo_v2_1_36_axic_fifo/gru_bin_version_axi_mem_intercon_imp_auto_pc_0_axi_data_fifo_v2_1_36_fifo_gen/<hidden>/<hidden>/<hidden>/<hidden>/<hidden>
    SLICE_X34Y31         LUT3 (Prop_lut3_I0_O)        0.099     1.232 f  gru_bin_version_wrapper/gru_bin_version/gru_bin_version_axi_mem_intercon_0/s00_couplers_imp_1UT69KP/gru_bin_version_axi_mem_intercon_imp_auto_pc_0/gru_bin_version_axi_mem_intercon_imp_auto_pc_0_axi_protocol_converter_v2_1_37_axi_protocol_converter/gru_bin_version_axi_mem_intercon_imp_auto_pc_0_axi_protocol_converter_v2_1_37_axi3_conv/gru_bin_version_axi_mem_intercon_imp_auto_pc_0_axi_protocol_converter_v2_1_37_a_axi3_conv/gru_bin_version_axi_mem_intercon_imp_auto_pc_0_axi_data_fifo_v2_1_36_axic_fifo/gru_bin_version_axi_mem_intercon_imp_auto_pc_0_axi_data_fifo_v2_1_36_fifo_gen/<hidden>/<hidden>/<hidden>/<hidden>/<hidden>
                         net (fo=33, routed)          0.214     1.446    gru_bin_version_wrapper/gru_bin_version/gru_bin_version_axi_mem_intercon_0/s00_couplers_imp_1UT69KP/gru_bin_version_axi_mem_intercon_imp_auto_pc_0/gru_bin_version_axi_mem_intercon_imp_auto_pc_0_axi_protocol_converter_v2_1_37_axi_protocol_converter/gru_bin_version_axi_mem_intercon_imp_auto_pc_0_axi_protocol_converter_v2_1_37_axi3_conv/gru_bin_version_axi_mem_intercon_imp_auto_pc_0_axi_protocol_converter_v2_1_37_a_axi3_conv/gru_bin_version_axi_mem_intercon_imp_auto_pc_0_axi_data_fifo_v2_1_36_axic_fifo/gru_bin_version_axi_mem_intercon_imp_auto_pc_0_axi_data_fifo_v2_1_36_fifo_gen/<hidden>/<hidden>/<hidden>/<hidden>/<hidden>/<hidden>
    SLICE_X37Y31         FDPE                                         f  gru_bin_version_wrapper/gru_bin_version/gru_bin_version_axi_mem_intercon_0/s00_couplers_imp_1UT69KP/gru_bin_version_axi_mem_intercon_imp_auto_pc_0/gru_bin_version_axi_mem_intercon_imp_auto_pc_0_axi_protocol_converter_v2_1_37_axi_protocol_converter/gru_bin_version_axi_mem_intercon_imp_auto_pc_0_axi_protocol_converter_v2_1_37_axi3_conv/gru_bin_version_axi_mem_intercon_imp_auto_pc_0_axi_protocol_converter_v2_1_37_a_axi3_conv/gru_bin_version_axi_mem_intercon_imp_auto_pc_0_axi_data_fifo_v2_1_36_axic_fifo/gru_bin_version_axi_mem_intercon_imp_auto_pc_0_axi_data_fifo_v2_1_36_fifo_gen/<hidden>/<hidden>/<hidden>/<hidden>/<hidden>/<hidden>
  -------------------------------------------------------------------    -------------------

                         (clock clk_fpga_0 rise edge)
                                                      0.000     0.000 r  
    PS7_X0Y0             PS7                          0.000     0.000 r  gru_bin_version_i/processing_system7_0/inst/PS7_i/FCLKCLK[0]
                         net (fo=1, routed)           0.337     0.337    gru_bin_version_i/processing_system7_0/inst/FCLK_CLK_unbuffered[0]
    BUFGCTRL_X0Y16       BUFG (Prop_bufg_I_O)         0.029     0.366 r  gru_bin_version_i/processing_system7_0/inst/buffer_fclk_clk_0.FCLK_CLK_0_BUFG/O
                         net (fo=26756, routed)       0.820     1.186    gru_bin_version_wrapper/gru_bin_version/gru_bin_version_axi_mem_intercon_0/s00_couplers_imp_1UT69KP/gru_bin_version_axi_mem_intercon_imp_auto_pc_0/gru_bin_version_axi_mem_intercon_imp_auto_pc_0_axi_protocol_converter_v2_1_37_axi_protocol_converter/gru_bin_version_axi_mem_intercon_imp_auto_pc_0_axi_protocol_converter_v2_1_37_axi3_conv/gru_bin_version_axi_mem_intercon_imp_auto_pc_0_axi_protocol_converter_v2_1_37_a_axi3_conv/gru_bin_version_axi_mem_intercon_imp_auto_pc_0_axi_data_fifo_v2_1_36_axic_fifo/gru_bin_version_axi_mem_intercon_imp_auto_pc_0_axi_data_fifo_v2_1_36_fifo_gen/<hidden>/<hidden>/<hidden>/<hidden>/<hidden>/<hidden>
    SLICE_X37Y31         FDPE                                         r  gru_bin_version_wrapper/gru_bin_version/gru_bin_version_axi_mem_intercon_0/s00_couplers_imp_1UT69KP/gru_bin_version_axi_mem_intercon_imp_auto_pc_0/gru_bin_version_axi_mem_intercon_imp_auto_pc_0_axi_protocol_converter_v2_1_37_axi_protocol_converter/gru_bin_version_axi_mem_intercon_imp_auto_pc_0_axi_protocol_converter_v2_1_37_axi3_conv/gru_bin_version_axi_mem_intercon_imp_auto_pc_0_axi_protocol_converter_v2_1_37_a_axi3_conv/gru_bin_version_axi_mem_intercon_imp_auto_pc_0_axi_data_fifo_v2_1_36_axic_fifo/gru_bin_version_axi_mem_intercon_imp_auto_pc_0_axi_data_fifo_v2_1_36_fifo_gen/<hidden>/<hidden>/<hidden>/<hidden>/<hidden>/<hidden>
                         clock pessimism             -0.263     0.923    
    SLICE_X37Y31         FDPE (Remov_fdpe_C_PRE)     -0.095     0.828    gru_bin_version_wrapper/gru_bin_version/gru_bin_version_axi_mem_intercon_0/s00_couplers_imp_1UT69KP/gru_bin_version_axi_mem_intercon_imp_auto_pc_0/gru_bin_version_axi_mem_intercon_imp_auto_pc_0_axi_protocol_converter_v2_1_37_axi_protocol_converter/gru_bin_version_axi_mem_intercon_imp_auto_pc_0_axi_protocol_converter_v2_1_37_axi3_conv/gru_bin_version_axi_mem_intercon_imp_auto_pc_0_axi_protocol_converter_v2_1_37_a_axi3_conv/gru_bin_version_axi_mem_intercon_imp_auto_pc_0_axi_data_fifo_v2_1_36_axic_fifo/gru_bin_version_axi_mem_intercon_imp_auto_pc_0_axi_data_fifo_v2_1_36_fifo_gen/<hidden>/<hidden>/<hidden>/<hidden>/<hidden>/<hidden>
  -------------------------------------------------------------------
                         required time                         -0.827    
                         arrival time                           1.446    
  -------------------------------------------------------------------
                         slack                                  0.619    

Slack (MET) :             0.619ns  (arrival time - required time)
  Source:                 gru_bin_version_wrapper/gru_bin_version/gru_bin_version_axi_mem_intercon_0/s01_couplers_imp_NNMS53/gru_bin_version_axi_mem_intercon_imp_auto_pc_1/gru_bin_version_axi_mem_intercon_imp_auto_pc_1_axi_protocol_converter_v2_1_37_axi_protocol_converter/gru_bin_version_axi_mem_intercon_imp_auto_pc_1_axi_protocol_converter_v2_1_37_axi3_conv/gru_bin_version_axi_mem_intercon_imp_auto_pc_1_axi_protocol_converter_v2_1_37_a_axi3_conv/gru_bin_version_axi_mem_intercon_imp_auto_pc_1_axi_data_fifo_v2_1_36_axic_fifo/gru_bin_version_axi_mem_intercon_imp_auto_pc_1_axi_data_fifo_v2_1_36_fifo_gen_1/<hidden>/<hidden>/<hidden>/<hidden>/<hidden>
                            (rising edge-triggered cell FDRE clocked by clk_fpga_0  {rise@0.000ns fall@5.000ns period=10.000ns})
  Destination:            gru_bin_version_wrapper/gru_bin_version/gru_bin_version_axi_mem_intercon_0/s01_couplers_imp_NNMS53/gru_bin_version_axi_mem_intercon_imp_auto_pc_1/gru_bin_version_axi_mem_intercon_imp_auto_pc_1_axi_protocol_converter_v2_1_37_axi_protocol_converter/gru_bin_version_axi_mem_intercon_imp_auto_pc_1_axi_protocol_converter_v2_1_37_axi3_conv/gru_bin_version_axi_mem_intercon_imp_auto_pc_1_axi_protocol_converter_v2_1_37_a_axi3_conv/gru_bin_version_axi_mem_intercon_imp_auto_pc_1_axi_data_fifo_v2_1_36_axic_fifo/gru_bin_version_axi_mem_intercon_imp_auto_pc_1_axi_data_fifo_v2_1_36_fifo_gen_1/<hidden>/<hidden>/<hidden>/<hidden>/<hidden>/<hidden>
                            (removal check against rising-edge clock clk_fpga_0  {rise@0.000ns fall@5.000ns period=10.000ns})
  Path Group:             **async_default**
  Path Type:              Removal (Min at Fast Process Corner)
  Requirement:            0.000ns  (clk_fpga_0 rise@0.000ns - clk_fpga_0 rise@0.000ns)
  Data Path Delay:        0.543ns  (logic 0.246ns (45.326%)  route 0.297ns (54.674%))
  Logic Levels:           1  (LUT3=1)
  Clock Path Skew:        0.016ns (DCD - SCD - CPR)
    Destination Clock Delay (DCD):    1.259ns
    Source Clock Delay      (SCD):    0.959ns
    Clock Pessimism Removal (CPR):    0.284ns

    Location             Delay type                Incr(ns)  Path(ns)    Netlist Resource(s)
  -------------------------------------------------------------------    -------------------
                         (clock clk_fpga_0 rise edge)
                                                      0.000     0.000 r  
    PS7_X0Y0             PS7                          0.000     0.000 r  gru_bin_version_i/processing_system7_0/inst/PS7_i/FCLKCLK[0]
                         net (fo=1, routed)           0.310     0.310    gru_bin_version_i/processing_system7_0/inst/FCLK_CLK_unbuffered[0]
    BUFGCTRL_X0Y16       BUFG (Prop_bufg_I_O)         0.026     0.336 r  gru_bin_version_i/processing_system7_0/inst/buffer_fclk_clk_0.FCLK_CLK_0_BUFG/O
                         net (fo=26756, routed)       0.623     0.959    gru_bin_version_wrapper/gru_bin_version/gru_bin_version_axi_mem_intercon_0/s01_couplers_imp_NNMS53/gru_bin_version_axi_mem_intercon_imp_auto_pc_1/gru_bin_version_axi_mem_intercon_imp_auto_pc_1_axi_protocol_converter_v2_1_37_axi_protocol_converter/gru_bin_version_axi_mem_intercon_imp_auto_pc_1_axi_protocol_converter_v2_1_37_axi3_conv/gru_bin_version_axi_mem_intercon_imp_auto_pc_1_axi_protocol_converter_v2_1_37_a_axi3_conv/gru_bin_version_axi_mem_intercon_imp_auto_pc_1_axi_data_fifo_v2_1_36_axic_fifo/gru_bin_version_axi_mem_intercon_imp_auto_pc_1_axi_data_fifo_v2_1_36_fifo_gen_1/<hidden>/<hidden>/<hidden>/<hidden>/<hidden>
    SLICE_X2Y38          FDRE                                         r  gru_bin_version_wrapper/gru_bin_version/gru_bin_version_axi_mem_intercon_0/s01_couplers_imp_NNMS53/gru_bin_version_axi_mem_intercon_imp_auto_pc_1/gru_bin_version_axi_mem_intercon_imp_auto_pc_1_axi_protocol_converter_v2_1_37_axi_protocol_converter/gru_bin_version_axi_mem_intercon_imp_auto_pc_1_axi_protocol_converter_v2_1_37_axi3_conv/gru_bin_version_axi_mem_intercon_imp_auto_pc_1_axi_protocol_converter_v2_1_37_a_axi3_conv/gru_bin_version_axi_mem_intercon_imp_auto_pc_1_axi_data_fifo_v2_1_36_axic_fifo/gru_bin_version_axi_mem_intercon_imp_auto_pc_1_axi_data_fifo_v2_1_36_fifo_gen_1/<hidden>/<hidden>/<hidden>/<hidden>/<hidden>
  -------------------------------------------------------------------    -------------------
    SLICE_X2Y38          FDRE (Prop_fdre_C_Q)         0.148     1.107 f  gru_bin_version_wrapper/gru_bin_version/gru_bin_version_axi_mem_intercon_0/s01_couplers_imp_NNMS53/gru_bin_version_axi_mem_intercon_imp_auto_pc_1/gru_bin_version_axi_mem_intercon_imp_auto_pc_1_axi_protocol_converter_v2_1_37_axi_protocol_converter/gru_bin_version_axi_mem_intercon_imp_auto_pc_1_axi_protocol_converter_v2_1_37_axi3_conv/gru_bin_version_axi_mem_intercon_imp_auto_pc_1_axi_protocol_converter_v2_1_37_a_axi3_conv/gru_bin_version_axi_mem_intercon_imp_auto_pc_1_axi_data_fifo_v2_1_36_axic_fifo/gru_bin_version_axi_mem_intercon_imp_auto_pc_1_axi_data_fifo_v2_1_36_fifo_gen_1/<hidden>/<hidden>/<hidden>/<hidden>/<hidden>
                         net (fo=3, routed)           0.154     1.260    gru_bin_version_wrapper/gru_bin_version/gru_bin_version_axi_mem_intercon_0/s01_couplers_imp_NNMS53/gru_bin_version_axi_mem_intercon_imp_auto_pc_1/gru_bin_version_axi_mem_intercon_imp_auto_pc_1_axi_protocol_converter_v2_1_37_axi_protocol_converter/gru_bin_version_axi_mem_intercon_imp_auto_pc_1_axi_protocol_converter_v2_1_37_axi3_conv/gru_bin_version_axi_mem_intercon_imp_auto_pc_1_axi_protocol_converter_v2_1_37_a_axi3_conv/gru_bin_version_axi_mem_intercon_imp_auto_pc_1_axi_data_fifo_v2_1_36_axic_fifo/gru_bin_version_axi_mem_intercon_imp_auto_pc_1_axi_data_fifo_v2_1_36_fifo_gen_1/<hidden>/<hidden>/<hidden>/<hidden>/<hidden>
    SLICE_X1Y38          LUT3 (Prop_lut3_I1_O)        0.098     1.358 f  gru_bin_version_wrapper/gru_bin_version/gru_bin_version_axi_mem_intercon_0/s01_couplers_imp_NNMS53/gru_bin_version_axi_mem_intercon_imp_auto_pc_1/gru_bin_version_axi_mem_intercon_imp_auto_pc_1_axi_protocol_converter_v2_1_37_axi_protocol_converter/gru_bin_version_axi_mem_intercon_imp_auto_pc_1_axi_protocol_converter_v2_1_37_axi3_conv/gru_bin_version_axi_mem_intercon_imp_auto_pc_1_axi_protocol_converter_v2_1_37_a_axi3_conv/gru_bin_version_axi_mem_intercon_imp_auto_pc_1_axi_data_fifo_v2_1_36_axic_fifo/gru_bin_version_axi_mem_intercon_imp_auto_pc_1_axi_data_fifo_v2_1_36_fifo_gen_1/<hidden>/<hidden>/<hidden>/<hidden>/<hidden>
                         net (fo=32, routed)          0.143     1.501    gru_bin_version_wrapper/gru_bin_version/gru_bin_version_axi_mem_intercon_0/s01_couplers_imp_NNMS53/gru_bin_version_axi_mem_intercon_imp_auto_pc_1/gru_bin_version_axi_mem_intercon_imp_auto_pc_1_axi_protocol_converter_v2_1_37_axi_protocol_converter/gru_bin_version_axi_mem_intercon_imp_auto_pc_1_axi_protocol_converter_v2_1_37_axi3_conv/gru_bin_version_axi_mem_intercon_imp_auto_pc_1_axi_protocol_converter_v2_1_37_a_axi3_conv/gru_bin_version_axi_mem_intercon_imp_auto_pc_1_axi_data_fifo_v2_1_36_axic_fifo/gru_bin_version_axi_mem_intercon_imp_auto_pc_1_axi_data_fifo_v2_1_36_fifo_gen_1/<hidden>/<hidden>/<hidden>/<hidden>/<hidden>/<hidden>
    SLICE_X1Y38          FDCE                                         f  gru_bin_version_wrapper/gru_bin_version/gru_bin_version_axi_mem_intercon_0/s01_couplers_imp_NNMS53/gru_bin_version_axi_mem_intercon_imp_auto_pc_1/gru_bin_version_axi_mem_intercon_imp_auto_pc_1_axi_protocol_converter_v2_1_37_axi_protocol_converter/gru_bin_version_axi_mem_intercon_imp_auto_pc_1_axi_protocol_converter_v2_1_37_axi3_conv/gru_bin_version_axi_mem_intercon_imp_auto_pc_1_axi_protocol_converter_v2_1_37_a_axi3_conv/gru_bin_version_axi_mem_intercon_imp_auto_pc_1_axi_data_fifo_v2_1_36_axic_fifo/gru_bin_version_axi_mem_intercon_imp_auto_pc_1_axi_data_fifo_v2_1_36_fifo_gen_1/<hidden>/<hidden>/<hidden>/<hidden>/<hidden>/<hidden>
  -------------------------------------------------------------------    -------------------

                         (clock clk_fpga_0 rise edge)
                                                      0.000     0.000 r  
    PS7_X0Y0             PS7                          0.000     0.000 r  gru_bin_version_i/processing_system7_0/inst/PS7_i/FCLKCLK[0]
                         net (fo=1, routed)           0.337     0.337    gru_bin_version_i/processing_system7_0/inst/FCLK_CLK_unbuffered[0]
    BUFGCTRL_X0Y16       BUFG (Prop_bufg_I_O)         0.029     0.366 r  gru_bin_version_i/processing_system7_0/inst/buffer_fclk_clk_0.FCLK_CLK_0_BUFG/O
                         net (fo=26756, routed)       0.893     1.259    gru_bin_version_wrapper/gru_bin_version/gru_bin_version_axi_mem_intercon_0/s01_couplers_imp_NNMS53/gru_bin_version_axi_mem_intercon_imp_auto_pc_1/gru_bin_version_axi_mem_intercon_imp_auto_pc_1_axi_protocol_converter_v2_1_37_axi_protocol_converter/gru_bin_version_axi_mem_intercon_imp_auto_pc_1_axi_protocol_converter_v2_1_37_axi3_conv/gru_bin_version_axi_mem_intercon_imp_auto_pc_1_axi_protocol_converter_v2_1_37_a_axi3_conv/gru_bin_version_axi_mem_intercon_imp_auto_pc_1_axi_data_fifo_v2_1_36_axic_fifo/gru_bin_version_axi_mem_intercon_imp_auto_pc_1_axi_data_fifo_v2_1_36_fifo_gen_1/<hidden>/<hidden>/<hidden>/<hidden>/<hidden>/<hidden>
    SLICE_X1Y38          FDCE                                         r  gru_bin_version_wrapper/gru_bin_version/gru_bin_version_axi_mem_intercon_0/s01_couplers_imp_NNMS53/gru_bin_version_axi_mem_intercon_imp_auto_pc_1/gru_bin_version_axi_mem_intercon_imp_auto_pc_1_axi_protocol_converter_v2_1_37_axi_protocol_converter/gru_bin_version_axi_mem_intercon_imp_auto_pc_1_axi_protocol_converter_v2_1_37_axi3_conv/gru_bin_version_axi_mem_intercon_imp_auto_pc_1_axi_protocol_converter_v2_1_37_a_axi3_conv/gru_bin_version_axi_mem_intercon_imp_auto_pc_1_axi_data_fifo_v2_1_36_axic_fifo/gru_bin_version_axi_mem_intercon_imp_auto_pc_1_axi_data_fifo_v2_1_36_fifo_gen_1/<hidden>/<hidden>/<hidden>/<hidden>/<hidden>/<hidden>
                         clock pessimism             -0.284     0.975    
    SLICE_X1Y38          FDCE (Remov_fdce_C_CLR)     -0.092     0.883    gru_bin_version_wrapper/gru_bin_version/gru_bin_version_axi_mem_intercon_0/s01_couplers_imp_NNMS53/gru_bin_version_axi_mem_intercon_imp_auto_pc_1/gru_bin_version_axi_mem_intercon_imp_auto_pc_1_axi_protocol_converter_v2_1_37_axi_protocol_converter/gru_bin_version_axi_mem_intercon_imp_auto_pc_1_axi_protocol_converter_v2_1_37_axi3_conv/gru_bin_version_axi_mem_intercon_imp_auto_pc_1_axi_protocol_converter_v2_1_37_a_axi3_conv/gru_bin_version_axi_mem_intercon_imp_auto_pc_1_axi_data_fifo_v2_1_36_axic_fifo/gru_bin_version_axi_mem_intercon_imp_auto_pc_1_axi_data_fifo_v2_1_36_fifo_gen_1/<hidden>/<hidden>/<hidden>/<hidden>/<hidden>/<hidden>
  -------------------------------------------------------------------
                         required time                         -0.882    
                         arrival time                           1.501    
  -------------------------------------------------------------------
                         slack                                  0.619    

Slack (MET) :             0.622ns  (arrival time - required time)
  Source:                 gru_bin_version_wrapper/gru_bin_version/gru_bin_version_axi_mem_intercon_0/s01_couplers_imp_NNMS53/gru_bin_version_axi_mem_intercon_imp_auto_pc_1/gru_bin_version_axi_mem_intercon_imp_auto_pc_1_axi_protocol_converter_v2_1_37_axi_protocol_converter/gru_bin_version_axi_mem_intercon_imp_auto_pc_1_axi_protocol_converter_v2_1_37_axi3_conv/gru_bin_version_axi_mem_intercon_imp_auto_pc_1_axi_protocol_converter_v2_1_37_a_axi3_conv/gru_bin_version_axi_mem_intercon_imp_auto_pc_1_axi_data_fifo_v2_1_36_axic_fifo/gru_bin_version_axi_mem_intercon_imp_auto_pc_1_axi_data_fifo_v2_1_36_fifo_gen_1/<hidden>/<hidden>/<hidden>/<hidden>/<hidden>
                            (rising edge-triggered cell FDRE clocked by clk_fpga_0  {rise@0.000ns fall@5.000ns period=10.000ns})
  Destination:            gru_bin_version_wrapper/gru_bin_version/gru_bin_version_axi_mem_intercon_0/s01_couplers_imp_NNMS53/gru_bin_version_axi_mem_intercon_imp_auto_pc_1/gru_bin_version_axi_mem_intercon_imp_auto_pc_1_axi_protocol_converter_v2_1_37_axi_protocol_converter/gru_bin_version_axi_mem_intercon_imp_auto_pc_1_axi_protocol_converter_v2_1_37_axi3_conv/gru_bin_version_axi_mem_intercon_imp_auto_pc_1_axi_protocol_converter_v2_1_37_a_axi3_conv/gru_bin_version_axi_mem_intercon_imp_auto_pc_1_axi_data_fifo_v2_1_36_axic_fifo/gru_bin_version_axi_mem_intercon_imp_auto_pc_1_axi_data_fifo_v2_1_36_fifo_gen_1/<hidden>/<hidden>/<hidden>/<hidden>/<hidden>/<hidden>
                            (removal check against rising-edge clock clk_fpga_0  {rise@0.000ns fall@5.000ns period=10.000ns})
  Path Group:             **async_default**
  Path Type:              Removal (Min at Fast Process Corner)
  Requirement:            0.000ns  (clk_fpga_0 rise@0.000ns - clk_fpga_0 rise@0.000ns)
  Data Path Delay:        0.543ns  (logic 0.246ns (45.326%)  route 0.297ns (54.674%))
  Logic Levels:           1  (LUT3=1)
  Clock Path Skew:        0.016ns (DCD - SCD - CPR)
    Destination Clock Delay (DCD):    1.259ns
    Source Clock Delay      (SCD):    0.959ns
    Clock Pessimism Removal (CPR):    0.284ns

    Location             Delay type                Incr(ns)  Path(ns)    Netlist Resource(s)
  -------------------------------------------------------------------    -------------------
                         (clock clk_fpga_0 rise edge)
                                                      0.000     0.000 r  
    PS7_X0Y0             PS7                          0.000     0.000 r  gru_bin_version_i/processing_system7_0/inst/PS7_i/FCLKCLK[0]
                         net (fo=1, routed)           0.310     0.310    gru_bin_version_i/processing_system7_0/inst/FCLK_CLK_unbuffered[0]
    BUFGCTRL_X0Y16       BUFG (Prop_bufg_I_O)         0.026     0.336 r  gru_bin_version_i/processing_system7_0/inst/buffer_fclk_clk_0.FCLK_CLK_0_BUFG/O
                         net (fo=26756, routed)       0.623     0.959    gru_bin_version_wrapper/gru_bin_version/gru_bin_version_axi_mem_intercon_0/s01_couplers_imp_NNMS53/gru_bin_version_axi_mem_intercon_imp_auto_pc_1/gru_bin_version_axi_mem_intercon_imp_auto_pc_1_axi_protocol_converter_v2_1_37_axi_protocol_converter/gru_bin_version_axi_mem_intercon_imp_auto_pc_1_axi_protocol_converter_v2_1_37_axi3_conv/gru_bin_version_axi_mem_intercon_imp_auto_pc_1_axi_protocol_converter_v2_1_37_a_axi3_conv/gru_bin_version_axi_mem_intercon_imp_auto_pc_1_axi_data_fifo_v2_1_36_axic_fifo/gru_bin_version_axi_mem_intercon_imp_auto_pc_1_axi_data_fifo_v2_1_36_fifo_gen_1/<hidden>/<hidden>/<hidden>/<hidden>/<hidden>
    SLICE_X2Y38          FDRE                                         r  gru_bin_version_wrapper/gru_bin_version/gru_bin_version_axi_mem_intercon_0/s01_couplers_imp_NNMS53/gru_bin_version_axi_mem_intercon_imp_auto_pc_1/gru_bin_version_axi_mem_intercon_imp_auto_pc_1_axi_protocol_converter_v2_1_37_axi_protocol_converter/gru_bin_version_axi_mem_intercon_imp_auto_pc_1_axi_protocol_converter_v2_1_37_axi3_conv/gru_bin_version_axi_mem_intercon_imp_auto_pc_1_axi_protocol_converter_v2_1_37_a_axi3_conv/gru_bin_version_axi_mem_intercon_imp_auto_pc_1_axi_data_fifo_v2_1_36_axic_fifo/gru_bin_version_axi_mem_intercon_imp_auto_pc_1_axi_data_fifo_v2_1_36_fifo_gen_1/<hidden>/<hidden>/<hidden>/<hidden>/<hidden>
  -------------------------------------------------------------------    -------------------
    SLICE_X2Y38          FDRE (Prop_fdre_C_Q)         0.148     1.107 f  gru_bin_version_wrapper/gru_bin_version/gru_bin_version_axi_mem_intercon_0/s01_couplers_imp_NNMS53/gru_bin_version_axi_mem_intercon_imp_auto_pc_1/gru_bin_version_axi_mem_intercon_imp_auto_pc_1_axi_protocol_converter_v2_1_37_axi_protocol_converter/gru_bin_version_axi_mem_intercon_imp_auto_pc_1_axi_protocol_converter_v2_1_37_axi3_conv/gru_bin_version_axi_mem_intercon_imp_auto_pc_1_axi_protocol_converter_v2_1_37_a_axi3_conv/gru_bin_version_axi_mem_intercon_imp_auto_pc_1_axi_data_fifo_v2_1_36_axic_fifo/gru_bin_version_axi_mem_intercon_imp_auto_pc_1_axi_data_fifo_v2_1_36_fifo_gen_1/<hidden>/<hidden>/<hidden>/<hidden>/<hidden>
                         net (fo=3, routed)           0.154     1.260    gru_bin_version_wrapper/gru_bin_version/gru_bin_version_axi_mem_intercon_0/s01_couplers_imp_NNMS53/gru_bin_version_axi_mem_intercon_imp_auto_pc_1/gru_bin_version_axi_mem_intercon_imp_auto_pc_1_axi_protocol_converter_v2_1_37_axi_protocol_converter/gru_bin_version_axi_mem_intercon_imp_auto_pc_1_axi_protocol_converter_v2_1_37_axi3_conv/gru_bin_version_axi_mem_intercon_imp_auto_pc_1_axi_protocol_converter_v2_1_37_a_axi3_conv/gru_bin_version_axi_mem_intercon_imp_auto_pc_1_axi_data_fifo_v2_1_36_axic_fifo/gru_bin_version_axi_mem_intercon_imp_auto_pc_1_axi_data_fifo_v2_1_36_fifo_gen_1/<hidden>/<hidden>/<hidden>/<hidden>/<hidden>
    SLICE_X1Y38          LUT3 (Prop_lut3_I1_O)        0.098     1.358 f  gru_bin_version_wrapper/gru_bin_version/gru_bin_version_axi_mem_intercon_0/s01_couplers_imp_NNMS53/gru_bin_version_axi_mem_intercon_imp_auto_pc_1/gru_bin_version_axi_mem_intercon_imp_auto_pc_1_axi_protocol_converter_v2_1_37_axi_protocol_converter/gru_bin_version_axi_mem_intercon_imp_auto_pc_1_axi_protocol_converter_v2_1_37_axi3_conv/gru_bin_version_axi_mem_intercon_imp_auto_pc_1_axi_protocol_converter_v2_1_37_a_axi3_conv/gru_bin_version_axi_mem_intercon_imp_auto_pc_1_axi_data_fifo_v2_1_36_axic_fifo/gru_bin_version_axi_mem_intercon_imp_auto_pc_1_axi_data_fifo_v2_1_36_fifo_gen_1/<hidden>/<hidden>/<hidden>/<hidden>/<hidden>
                         net (fo=32, routed)          0.143     1.501    gru_bin_version_wrapper/gru_bin_version/gru_bin_version_axi_mem_intercon_0/s01_couplers_imp_NNMS53/gru_bin_version_axi_mem_intercon_imp_auto_pc_1/gru_bin_version_axi_mem_intercon_imp_auto_pc_1_axi_protocol_converter_v2_1_37_axi_protocol_converter/gru_bin_version_axi_mem_intercon_imp_auto_pc_1_axi_protocol_converter_v2_1_37_axi3_conv/gru_bin_version_axi_mem_intercon_imp_auto_pc_1_axi_protocol_converter_v2_1_37_a_axi3_conv/gru_bin_version_axi_mem_intercon_imp_auto_pc_1_axi_data_fifo_v2_1_36_axic_fifo/gru_bin_version_axi_mem_intercon_imp_auto_pc_1_axi_data_fifo_v2_1_36_fifo_gen_1/<hidden>/<hidden>/<hidden>/<hidden>/<hidden>/<hidden>
    SLICE_X1Y38          FDPE                                         f  gru_bin_version_wrapper/gru_bin_version/gru_bin_version_axi_mem_intercon_0/s01_couplers_imp_NNMS53/gru_bin_version_axi_mem_intercon_imp_auto_pc_1/gru_bin_version_axi_mem_intercon_imp_auto_pc_1_axi_protocol_converter_v2_1_37_axi_protocol_converter/gru_bin_version_axi_mem_intercon_imp_auto_pc_1_axi_protocol_converter_v2_1_37_axi3_conv/gru_bin_version_axi_mem_intercon_imp_auto_pc_1_axi_protocol_converter_v2_1_37_a_axi3_conv/gru_bin_version_axi_mem_intercon_imp_auto_pc_1_axi_data_fifo_v2_1_36_axic_fifo/gru_bin_version_axi_mem_intercon_imp_auto_pc_1_axi_data_fifo_v2_1_36_fifo_gen_1/<hidden>/<hidden>/<hidden>/<hidden>/<hidden>/<hidden>
  -------------------------------------------------------------------    -------------------

                         (clock clk_fpga_0 rise edge)
                                                      0.000     0.000 r  
    PS7_X0Y0             PS7                          0.000     0.000 r  gru_bin_version_i/processing_system7_0/inst/PS7_i/FCLKCLK[0]
                         net (fo=1, routed)           0.337     0.337    gru_bin_version_i/processing_system7_0/inst/FCLK_CLK_unbuffered[0]
    BUFGCTRL_X0Y16       BUFG (Prop_bufg_I_O)         0.029     0.366 r  gru_bin_version_i/processing_system7_0/inst/buffer_fclk_clk_0.FCLK_CLK_0_BUFG/O
                         net (fo=26756, routed)       0.893     1.259    gru_bin_version_wrapper/gru_bin_version/gru_bin_version_axi_mem_intercon_0/s01_couplers_imp_NNMS53/gru_bin_version_axi_mem_intercon_imp_auto_pc_1/gru_bin_version_axi_mem_intercon_imp_auto_pc_1_axi_protocol_converter_v2_1_37_axi_protocol_converter/gru_bin_version_axi_mem_intercon_imp_auto_pc_1_axi_protocol_converter_v2_1_37_axi3_conv/gru_bin_version_axi_mem_intercon_imp_auto_pc_1_axi_protocol_converter_v2_1_37_a_axi3_conv/gru_bin_version_axi_mem_intercon_imp_auto_pc_1_axi_data_fifo_v2_1_36_axic_fifo/gru_bin_version_axi_mem_intercon_imp_auto_pc_1_axi_data_fifo_v2_1_36_fifo_gen_1/<hidden>/<hidden>/<hidden>/<hidden>/<hidden>/<hidden>
    SLICE_X1Y38          FDPE                                         r  gru_bin_version_wrapper/gru_bin_version/gru_bin_version_axi_mem_intercon_0/s01_couplers_imp_NNMS53/gru_bin_version_axi_mem_intercon_imp_auto_pc_1/gru_bin_version_axi_mem_intercon_imp_auto_pc_1_axi_protocol_converter_v2_1_37_axi_protocol_converter/gru_bin_version_axi_mem_intercon_imp_auto_pc_1_axi_protocol_converter_v2_1_37_axi3_conv/gru_bin_version_axi_mem_intercon_imp_auto_pc_1_axi_protocol_converter_v2_1_37_a_axi3_conv/gru_bin_version_axi_mem_intercon_imp_auto_pc_1_axi_data_fifo_v2_1_36_axic_fifo/gru_bin_version_axi_mem_intercon_imp_auto_pc_1_axi_data_fifo_v2_1_36_fifo_gen_1/<hidden>/<hidden>/<hidden>/<hidden>/<hidden>/<hidden>
                         clock pessimism             -0.284     0.975    
    SLICE_X1Y38          FDPE (Remov_fdpe_C_PRE)     -0.095     0.880    gru_bin_version_wrapper/gru_bin_version/gru_bin_version_axi_mem_intercon_0/s01_couplers_imp_NNMS53/gru_bin_version_axi_mem_intercon_imp_auto_pc_1/gru_bin_version_axi_mem_intercon_imp_auto_pc_1_axi_protocol_converter_v2_1_37_axi_protocol_converter/gru_bin_version_axi_mem_intercon_imp_auto_pc_1_axi_protocol_converter_v2_1_37_axi3_conv/gru_bin_version_axi_mem_intercon_imp_auto_pc_1_axi_protocol_converter_v2_1_37_a_axi3_conv/gru_bin_version_axi_mem_intercon_imp_auto_pc_1_axi_data_fifo_v2_1_36_axic_fifo/gru_bin_version_axi_mem_intercon_imp_auto_pc_1_axi_data_fifo_v2_1_36_fifo_gen_1/<hidden>/<hidden>/<hidden>/<hidden>/<hidden>/<hidden>
  -------------------------------------------------------------------
                         required time                         -0.880    
                         arrival time                           1.501    
  -------------------------------------------------------------------
                         slack                                  0.622    

Slack (MET) :             0.632ns  (arrival time - required time)
  Source:                 gru_bin_version_wrapper/gru_bin_version/gru_bin_version_axi_mem_intercon_0/s02_couplers_imp_QTS1PG/gru_bin_version_axi_mem_intercon_imp_auto_pc_2/gru_bin_version_axi_mem_intercon_imp_auto_pc_2_axi_protocol_converter_v2_1_37_axi_protocol_converter/gru_bin_version_axi_mem_intercon_imp_auto_pc_2_axi_protocol_converter_v2_1_37_axi3_conv/gru_bin_version_axi_mem_intercon_imp_auto_pc_2_axi_protocol_converter_v2_1_37_a_axi3_conv/gru_bin_version_axi_mem_intercon_imp_auto_pc_2_axi_data_fifo_v2_1_36_axic_fifo/gru_bin_version_axi_mem_intercon_imp_auto_pc_2_axi_data_fifo_v2_1_36_fifo_gen/<hidden>/<hidden>/<hidden>/<hidden>/<hidden>
                            (rising edge-triggered cell FDRE clocked by clk_fpga_0  {rise@0.000ns fall@5.000ns period=10.000ns})
  Destination:            gru_bin_version_wrapper/gru_bin_version/gru_bin_version_axi_mem_intercon_0/s02_couplers_imp_QTS1PG/gru_bin_version_axi_mem_intercon_imp_auto_pc_2/gru_bin_version_axi_mem_intercon_imp_auto_pc_2_axi_protocol_converter_v2_1_37_axi_protocol_converter/gru_bin_version_axi_mem_intercon_imp_auto_pc_2_axi_protocol_converter_v2_1_37_axi3_conv/gru_bin_version_axi_mem_intercon_imp_auto_pc_2_axi_protocol_converter_v2_1_37_a_axi3_conv/gru_bin_version_axi_mem_intercon_imp_auto_pc_2_axi_data_fifo_v2_1_36_axic_fifo/gru_bin_version_axi_mem_intercon_imp_auto_pc_2_axi_data_fifo_v2_1_36_fifo_gen/<hidden>/<hidden>/<hidden>/<hidden>/<hidden>/<hidden>
                            (removal check against rising-edge clock clk_fpga_0  {rise@0.000ns fall@5.000ns period=10.000ns})
  Path Group:             **async_default**
  Path Type:              Removal (Min at Fast Process Corner)
  Requirement:            0.000ns  (clk_fpga_0 rise@0.000ns - clk_fpga_0 rise@0.000ns)
  Data Path Delay:        0.552ns  (logic 0.186ns (33.682%)  route 0.366ns (66.318%))
  Logic Levels:           1  (LUT3=1)
  Clock Path Skew:        0.012ns (DCD - SCD - CPR)
    Destination Clock Delay (DCD):    1.211ns
    Source Clock Delay      (SCD):    0.917ns
    Clock Pessimism Removal (CPR):    0.282ns

    Location             Delay type                Incr(ns)  Path(ns)    Netlist Resource(s)
  -------------------------------------------------------------------    -------------------
                         (clock clk_fpga_0 rise edge)
                                                      0.000     0.000 r  
    PS7_X0Y0             PS7                          0.000     0.000 r  gru_bin_version_i/processing_system7_0/inst/PS7_i/FCLKCLK[0]
                         net (fo=1, routed)           0.310     0.310    gru_bin_version_i/processing_system7_0/inst/FCLK_CLK_unbuffered[0]
    BUFGCTRL_X0Y16       BUFG (Prop_bufg_I_O)         0.026     0.336 r  gru_bin_version_i/processing_system7_0/inst/buffer_fclk_clk_0.FCLK_CLK_0_BUFG/O
                         net (fo=26756, routed)       0.581     0.917    gru_bin_version_wrapper/gru_bin_version/gru_bin_version_axi_mem_intercon_0/s02_couplers_imp_QTS1PG/gru_bin_version_axi_mem_intercon_imp_auto_pc_2/gru_bin_version_axi_mem_intercon_imp_auto_pc_2_axi_protocol_converter_v2_1_37_axi_protocol_converter/gru_bin_version_axi_mem_intercon_imp_auto_pc_2_axi_protocol_converter_v2_1_37_axi3_conv/gru_bin_version_axi_mem_intercon_imp_auto_pc_2_axi_protocol_converter_v2_1_37_a_axi3_conv/gru_bin_version_axi_mem_intercon_imp_auto_pc_2_axi_data_fifo_v2_1_36_axic_fifo/gru_bin_version_axi_mem_intercon_imp_auto_pc_2_axi_data_fifo_v2_1_36_fifo_gen/<hidden>/<hidden>/<hidden>/<hidden>/<hidden>
    SLICE_X28Y29         FDRE                                         r  gru_bin_version_wrapper/gru_bin_version/gru_bin_version_axi_mem_intercon_0/s02_couplers_imp_QTS1PG/gru_bin_version_axi_mem_intercon_imp_auto_pc_2/gru_bin_version_axi_mem_intercon_imp_auto_pc_2_axi_protocol_converter_v2_1_37_axi_protocol_converter/gru_bin_version_axi_mem_intercon_imp_auto_pc_2_axi_protocol_converter_v2_1_37_axi3_conv/gru_bin_version_axi_mem_intercon_imp_auto_pc_2_axi_protocol_converter_v2_1_37_a_axi3_conv/gru_bin_version_axi_mem_intercon_imp_auto_pc_2_axi_data_fifo_v2_1_36_axic_fifo/gru_bin_version_axi_mem_intercon_imp_auto_pc_2_axi_data_fifo_v2_1_36_fifo_gen/<hidden>/<hidden>/<hidden>/<hidden>/<hidden>
  -------------------------------------------------------------------    -------------------
    SLICE_X28Y29         FDRE (Prop_fdre_C_Q)         0.141     1.058 f  gru_bin_version_wrapper/gru_bin_version/gru_bin_version_axi_mem_intercon_0/s02_couplers_imp_QTS1PG/gru_bin_version_axi_mem_intercon_imp_auto_pc_2/gru_bin_version_axi_mem_intercon_imp_auto_pc_2_axi_protocol_converter_v2_1_37_axi_protocol_converter/gru_bin_version_axi_mem_intercon_imp_auto_pc_2_axi_protocol_converter_v2_1_37_axi3_conv/gru_bin_version_axi_mem_intercon_imp_auto_pc_2_axi_protocol_converter_v2_1_37_a_axi3_conv/gru_bin_version_axi_mem_intercon_imp_auto_pc_2_axi_data_fifo_v2_1_36_axic_fifo/gru_bin_version_axi_mem_intercon_imp_auto_pc_2_axi_data_fifo_v2_1_36_fifo_gen/<hidden>/<hidden>/<hidden>/<hidden>/<hidden>
                         net (fo=2, routed)           0.185     1.242    gru_bin_version_wrapper/gru_bin_version/gru_bin_version_axi_mem_intercon_0/s02_couplers_imp_QTS1PG/gru_bin_version_axi_mem_intercon_imp_auto_pc_2/gru_bin_version_axi_mem_intercon_imp_auto_pc_2_axi_protocol_converter_v2_1_37_axi_protocol_converter/gru_bin_version_axi_mem_intercon_imp_auto_pc_2_axi_protocol_converter_v2_1_37_axi3_conv/gru_bin_version_axi_mem_intercon_imp_auto_pc_2_axi_protocol_converter_v2_1_37_a_axi3_conv/gru_bin_version_axi_mem_intercon_imp_auto_pc_2_axi_data_fifo_v2_1_36_axic_fifo/gru_bin_version_axi_mem_intercon_imp_auto_pc_2_axi_data_fifo_v2_1_36_fifo_gen/<hidden>/<hidden>/<hidden>/<hidden>/<hidden>
    SLICE_X28Y29         LUT3 (Prop_lut3_I1_O)        0.045     1.287 f  gru_bin_version_wrapper/gru_bin_version/gru_bin_version_axi_mem_intercon_0/s02_couplers_imp_QTS1PG/gru_bin_version_axi_mem_intercon_imp_auto_pc_2/gru_bin_version_axi_mem_intercon_imp_auto_pc_2_axi_protocol_converter_v2_1_37_axi_protocol_converter/gru_bin_version_axi_mem_intercon_imp_auto_pc_2_axi_protocol_converter_v2_1_37_axi3_conv/gru_bin_version_axi_mem_intercon_imp_auto_pc_2_axi_protocol_converter_v2_1_37_a_axi3_conv/gru_bin_version_axi_mem_intercon_imp_auto_pc_2_axi_data_fifo_v2_1_36_axic_fifo/gru_bin_version_axi_mem_intercon_imp_auto_pc_2_axi_data_fifo_v2_1_36_fifo_gen/<hidden>/<hidden>/<hidden>/<hidden>/<hidden>
                         net (fo=32, routed)          0.181     1.469    gru_bin_version_wrapper/gru_bin_version/gru_bin_version_axi_mem_intercon_0/s02_couplers_imp_QTS1PG/gru_bin_version_axi_mem_intercon_imp_auto_pc_2/gru_bin_version_axi_mem_intercon_imp_auto_pc_2_axi_protocol_converter_v2_1_37_axi_protocol_converter/gru_bin_version_axi_mem_intercon_imp_auto_pc_2_axi_protocol_converter_v2_1_37_axi3_conv/gru_bin_version_axi_mem_intercon_imp_auto_pc_2_axi_protocol_converter_v2_1_37_a_axi3_conv/gru_bin_version_axi_mem_intercon_imp_auto_pc_2_axi_data_fifo_v2_1_36_axic_fifo/gru_bin_version_axi_mem_intercon_imp_auto_pc_2_axi_data_fifo_v2_1_36_fifo_gen/<hidden>/<hidden>/<hidden>/<hidden>/<hidden>/<hidden>
    SLICE_X29Y27         FDCE                                         f  gru_bin_version_wrapper/gru_bin_version/gru_bin_version_axi_mem_intercon_0/s02_couplers_imp_QTS1PG/gru_bin_version_axi_mem_intercon_imp_auto_pc_2/gru_bin_version_axi_mem_intercon_imp_auto_pc_2_axi_protocol_converter_v2_1_37_axi_protocol_converter/gru_bin_version_axi_mem_intercon_imp_auto_pc_2_axi_protocol_converter_v2_1_37_axi3_conv/gru_bin_version_axi_mem_intercon_imp_auto_pc_2_axi_protocol_converter_v2_1_37_a_axi3_conv/gru_bin_version_axi_mem_intercon_imp_auto_pc_2_axi_data_fifo_v2_1_36_axic_fifo/gru_bin_version_axi_mem_intercon_imp_auto_pc_2_axi_data_fifo_v2_1_36_fifo_gen/<hidden>/<hidden>/<hidden>/<hidden>/<hidden>/<hidden>
  -------------------------------------------------------------------    -------------------

                         (clock clk_fpga_0 rise edge)
                                                      0.000     0.000 r  
    PS7_X0Y0             PS7                          0.000     0.000 r  gru_bin_version_i/processing_system7_0/inst/PS7_i/FCLKCLK[0]
                         net (fo=1, routed)           0.337     0.337    gru_bin_version_i/processing_system7_0/inst/FCLK_CLK_unbuffered[0]
    BUFGCTRL_X0Y16       BUFG (Prop_bufg_I_O)         0.029     0.366 r  gru_bin_version_i/processing_system7_0/inst/buffer_fclk_clk_0.FCLK_CLK_0_BUFG/O
                         net (fo=26756, routed)       0.845     1.211    gru_bin_version_wrapper/gru_bin_version/gru_bin_version_axi_mem_intercon_0/s02_couplers_imp_QTS1PG/gru_bin_version_axi_mem_intercon_imp_auto_pc_2/gru_bin_version_axi_mem_intercon_imp_auto_pc_2_axi_protocol_converter_v2_1_37_axi_protocol_converter/gru_bin_version_axi_mem_intercon_imp_auto_pc_2_axi_protocol_converter_v2_1_37_axi3_conv/gru_bin_version_axi_mem_intercon_imp_auto_pc_2_axi_protocol_converter_v2_1_37_a_axi3_conv/gru_bin_version_axi_mem_intercon_imp_auto_pc_2_axi_data_fifo_v2_1_36_axic_fifo/gru_bin_version_axi_mem_intercon_imp_auto_pc_2_axi_data_fifo_v2_1_36_fifo_gen/<hidden>/<hidden>/<hidden>/<hidden>/<hidden>/<hidden>
    SLICE_X29Y27         FDCE                                         r  gru_bin_version_wrapper/gru_bin_version/gru_bin_version_axi_mem_intercon_0/s02_couplers_imp_QTS1PG/gru_bin_version_axi_mem_intercon_imp_auto_pc_2/gru_bin_version_axi_mem_intercon_imp_auto_pc_2_axi_protocol_converter_v2_1_37_axi_protocol_converter/gru_bin_version_axi_mem_intercon_imp_auto_pc_2_axi_protocol_converter_v2_1_37_axi3_conv/gru_bin_version_axi_mem_intercon_imp_auto_pc_2_axi_protocol_converter_v2_1_37_a_axi3_conv/gru_bin_version_axi_mem_intercon_imp_auto_pc_2_axi_data_fifo_v2_1_36_axic_fifo/gru_bin_version_axi_mem_intercon_imp_auto_pc_2_axi_data_fifo_v2_1_36_fifo_gen/<hidden>/<hidden>/<hidden>/<hidden>/<hidden>/<hidden>
                         clock pessimism             -0.282     0.929    
    SLICE_X29Y27         FDCE (Remov_fdce_C_CLR)     -0.092     0.837    gru_bin_version_wrapper/gru_bin_version/gru_bin_version_axi_mem_intercon_0/s02_couplers_imp_QTS1PG/gru_bin_version_axi_mem_intercon_imp_auto_pc_2/gru_bin_version_axi_mem_intercon_imp_auto_pc_2_axi_protocol_converter_v2_1_37_axi_protocol_converter/gru_bin_version_axi_mem_intercon_imp_auto_pc_2_axi_protocol_converter_v2_1_37_axi3_conv/gru_bin_version_axi_mem_intercon_imp_auto_pc_2_axi_protocol_converter_v2_1_37_a_axi3_conv/gru_bin_version_axi_mem_intercon_imp_auto_pc_2_axi_data_fifo_v2_1_36_axic_fifo/gru_bin_version_axi_mem_intercon_imp_auto_pc_2_axi_data_fifo_v2_1_36_fifo_gen/<hidden>/<hidden>/<hidden>/<hidden>/<hidden>/<hidden>
  -------------------------------------------------------------------
                         required time                         -0.836    
                         arrival time                           1.469    
  -------------------------------------------------------------------
                         slack                                  0.632    

Slack (MET) :             0.632ns  (arrival time - required time)
  Source:                 gru_bin_version_wrapper/gru_bin_version/gru_bin_version_axi_mem_intercon_0/s02_couplers_imp_QTS1PG/gru_bin_version_axi_mem_intercon_imp_auto_pc_2/gru_bin_version_axi_mem_intercon_imp_auto_pc_2_axi_protocol_converter_v2_1_37_axi_protocol_converter/gru_bin_version_axi_mem_intercon_imp_auto_pc_2_axi_protocol_converter_v2_1_37_axi3_conv/gru_bin_version_axi_mem_intercon_imp_auto_pc_2_axi_protocol_converter_v2_1_37_a_axi3_conv/gru_bin_version_axi_mem_intercon_imp_auto_pc_2_axi_data_fifo_v2_1_36_axic_fifo/gru_bin_version_axi_mem_intercon_imp_auto_pc_2_axi_data_fifo_v2_1_36_fifo_gen/<hidden>/<hidden>/<hidden>/<hidden>/<hidden>
                            (rising edge-triggered cell FDRE clocked by clk_fpga_0  {rise@0.000ns fall@5.000ns period=10.000ns})
  Destination:            gru_bin_version_wrapper/gru_bin_version/gru_bin_version_axi_mem_intercon_0/s02_couplers_imp_QTS1PG/gru_bin_version_axi_mem_intercon_imp_auto_pc_2/gru_bin_version_axi_mem_intercon_imp_auto_pc_2_axi_protocol_converter_v2_1_37_axi_protocol_converter/gru_bin_version_axi_mem_intercon_imp_auto_pc_2_axi_protocol_converter_v2_1_37_axi3_conv/gru_bin_version_axi_mem_intercon_imp_auto_pc_2_axi_protocol_converter_v2_1_37_a_axi3_conv/gru_bin_version_axi_mem_intercon_imp_auto_pc_2_axi_data_fifo_v2_1_36_axic_fifo/gru_bin_version_axi_mem_intercon_imp_auto_pc_2_axi_data_fifo_v2_1_36_fifo_gen/<hidden>/<hidden>/<hidden>/<hidden>/<hidden>/<hidden>
                            (removal check against rising-edge clock clk_fpga_0  {rise@0.000ns fall@5.000ns period=10.000ns})
  Path Group:             **async_default**
  Path Type:              Removal (Min at Fast Process Corner)
  Requirement:            0.000ns  (clk_fpga_0 rise@0.000ns - clk_fpga_0 rise@0.000ns)
  Data Path Delay:        0.552ns  (logic 0.186ns (33.682%)  route 0.366ns (66.318%))
  Logic Levels:           1  (LUT3=1)
  Clock Path Skew:        0.012ns (DCD - SCD - CPR)
    Destination Clock Delay (DCD):    1.211ns
    Source Clock Delay      (SCD):    0.917ns
    Clock Pessimism Removal (CPR):    0.282ns

    Location             Delay type                Incr(ns)  Path(ns)    Netlist Resource(s)
  -------------------------------------------------------------------    -------------------
                         (clock clk_fpga_0 rise edge)
                                                      0.000     0.000 r  
    PS7_X0Y0             PS7                          0.000     0.000 r  gru_bin_version_i/processing_system7_0/inst/PS7_i/FCLKCLK[0]
                         net (fo=1, routed)           0.310     0.310    gru_bin_version_i/processing_system7_0/inst/FCLK_CLK_unbuffered[0]
    BUFGCTRL_X0Y16       BUFG (Prop_bufg_I_O)         0.026     0.336 r  gru_bin_version_i/processing_system7_0/inst/buffer_fclk_clk_0.FCLK_CLK_0_BUFG/O
                         net (fo=26756, routed)       0.581     0.917    gru_bin_version_wrapper/gru_bin_version/gru_bin_version_axi_mem_intercon_0/s02_couplers_imp_QTS1PG/gru_bin_version_axi_mem_intercon_imp_auto_pc_2/gru_bin_version_axi_mem_intercon_imp_auto_pc_2_axi_protocol_converter_v2_1_37_axi_protocol_converter/gru_bin_version_axi_mem_intercon_imp_auto_pc_2_axi_protocol_converter_v2_1_37_axi3_conv/gru_bin_version_axi_mem_intercon_imp_auto_pc_2_axi_protocol_converter_v2_1_37_a_axi3_conv/gru_bin_version_axi_mem_intercon_imp_auto_pc_2_axi_data_fifo_v2_1_36_axic_fifo/gru_bin_version_axi_mem_intercon_imp_auto_pc_2_axi_data_fifo_v2_1_36_fifo_gen/<hidden>/<hidden>/<hidden>/<hidden>/<hidden>
    SLICE_X28Y29         FDRE                                         r  gru_bin_version_wrapper/gru_bin_version/gru_bin_version_axi_mem_intercon_0/s02_couplers_imp_QTS1PG/gru_bin_version_axi_mem_intercon_imp_auto_pc_2/gru_bin_version_axi_mem_intercon_imp_auto_pc_2_axi_protocol_converter_v2_1_37_axi_protocol_converter/gru_bin_version_axi_mem_intercon_imp_auto_pc_2_axi_protocol_converter_v2_1_37_axi3_conv/gru_bin_version_axi_mem_intercon_imp_auto_pc_2_axi_protocol_converter_v2_1_37_a_axi3_conv/gru_bin_version_axi_mem_intercon_imp_auto_pc_2_axi_data_fifo_v2_1_36_axic_fifo/gru_bin_version_axi_mem_intercon_imp_auto_pc_2_axi_data_fifo_v2_1_36_fifo_gen/<hidden>/<hidden>/<hidden>/<hidden>/<hidden>
  -------------------------------------------------------------------    -------------------
    SLICE_X28Y29         FDRE (Prop_fdre_C_Q)         0.141     1.058 f  gru_bin_version_wrapper/gru_bin_version/gru_bin_version_axi_mem_intercon_0/s02_couplers_imp_QTS1PG/gru_bin_version_axi_mem_intercon_imp_auto_pc_2/gru_bin_version_axi_mem_intercon_imp_auto_pc_2_axi_protocol_converter_v2_1_37_axi_protocol_converter/gru_bin_version_axi_mem_intercon_imp_auto_pc_2_axi_protocol_converter_v2_1_37_axi3_conv/gru_bin_version_axi_mem_intercon_imp_auto_pc_2_axi_protocol_converter_v2_1_37_a_axi3_conv/gru_bin_version_axi_mem_intercon_imp_auto_pc_2_axi_data_fifo_v2_1_36_axic_fifo/gru_bin_version_axi_mem_intercon_imp_auto_pc_2_axi_data_fifo_v2_1_36_fifo_gen/<hidden>/<hidden>/<hidden>/<hidden>/<hidden>
                         net (fo=2, routed)           0.185     1.242    gru_bin_version_wrapper/gru_bin_version/gru_bin_version_axi_mem_intercon_0/s02_couplers_imp_QTS1PG/gru_bin_version_axi_mem_intercon_imp_auto_pc_2/gru_bin_version_axi_mem_intercon_imp_auto_pc_2_axi_protocol_converter_v2_1_37_axi_protocol_converter/gru_bin_version_axi_mem_intercon_imp_auto_pc_2_axi_protocol_converter_v2_1_37_axi3_conv/gru_bin_version_axi_mem_intercon_imp_auto_pc_2_axi_protocol_converter_v2_1_37_a_axi3_conv/gru_bin_version_axi_mem_intercon_imp_auto_pc_2_axi_data_fifo_v2_1_36_axic_fifo/gru_bin_version_axi_mem_intercon_imp_auto_pc_2_axi_data_fifo_v2_1_36_fifo_gen/<hidden>/<hidden>/<hidden>/<hidden>/<hidden>
    SLICE_X28Y29         LUT3 (Prop_lut3_I1_O)        0.045     1.287 f  gru_bin_version_wrapper/gru_bin_version/gru_bin_version_axi_mem_intercon_0/s02_couplers_imp_QTS1PG/gru_bin_version_axi_mem_intercon_imp_auto_pc_2/gru_bin_version_axi_mem_intercon_imp_auto_pc_2_axi_protocol_converter_v2_1_37_axi_protocol_converter/gru_bin_version_axi_mem_intercon_imp_auto_pc_2_axi_protocol_converter_v2_1_37_axi3_conv/gru_bin_version_axi_mem_intercon_imp_auto_pc_2_axi_protocol_converter_v2_1_37_a_axi3_conv/gru_bin_version_axi_mem_intercon_imp_auto_pc_2_axi_data_fifo_v2_1_36_axic_fifo/gru_bin_version_axi_mem_intercon_imp_auto_pc_2_axi_data_fifo_v2_1_36_fifo_gen/<hidden>/<hidden>/<hidden>/<hidden>/<hidden>
                         net (fo=32, routed)          0.181     1.469    gru_bin_version_wrapper/gru_bin_version/gru_bin_version_axi_mem_intercon_0/s02_couplers_imp_QTS1PG/gru_bin_version_axi_mem_intercon_imp_auto_pc_2/gru_bin_version_axi_mem_intercon_imp_auto_pc_2_axi_protocol_converter_v2_1_37_axi_protocol_converter/gru_bin_version_axi_mem_intercon_imp_auto_pc_2_axi_protocol_converter_v2_1_37_axi3_conv/gru_bin_version_axi_mem_intercon_imp_auto_pc_2_axi_protocol_converter_v2_1_37_a_axi3_conv/gru_bin_version_axi_mem_intercon_imp_auto_pc_2_axi_data_fifo_v2_1_36_axic_fifo/gru_bin_version_axi_mem_intercon_imp_auto_pc_2_axi_data_fifo_v2_1_36_fifo_gen/<hidden>/<hidden>/<hidden>/<hidden>/<hidden>/<hidden>
    SLICE_X29Y27         FDCE                                         f  gru_bin_version_wrapper/gru_bin_version/gru_bin_version_axi_mem_intercon_0/s02_couplers_imp_QTS1PG/gru_bin_version_axi_mem_intercon_imp_auto_pc_2/gru_bin_version_axi_mem_intercon_imp_auto_pc_2_axi_protocol_converter_v2_1_37_axi_protocol_converter/gru_bin_version_axi_mem_intercon_imp_auto_pc_2_axi_protocol_converter_v2_1_37_axi3_conv/gru_bin_version_axi_mem_intercon_imp_auto_pc_2_axi_protocol_converter_v2_1_37_a_axi3_conv/gru_bin_version_axi_mem_intercon_imp_auto_pc_2_axi_data_fifo_v2_1_36_axic_fifo/gru_bin_version_axi_mem_intercon_imp_auto_pc_2_axi_data_fifo_v2_1_36_fifo_gen/<hidden>/<hidden>/<hidden>/<hidden>/<hidden>/<hidden>
  -------------------------------------------------------------------    -------------------

                         (clock clk_fpga_0 rise edge)
                                                      0.000     0.000 r  
    PS7_X0Y0             PS7                          0.000     0.000 r  gru_bin_version_i/processing_system7_0/inst/PS7_i/FCLKCLK[0]
                         net (fo=1, routed)           0.337     0.337    gru_bin_version_i/processing_system7_0/inst/FCLK_CLK_unbuffered[0]
    BUFGCTRL_X0Y16       BUFG (Prop_bufg_I_O)         0.029     0.366 r  gru_bin_version_i/processing_system7_0/inst/buffer_fclk_clk_0.FCLK_CLK_0_BUFG/O
                         net (fo=26756, routed)       0.845     1.211    gru_bin_version_wrapper/gru_bin_version/gru_bin_version_axi_mem_intercon_0/s02_couplers_imp_QTS1PG/gru_bin_version_axi_mem_intercon_imp_auto_pc_2/gru_bin_version_axi_mem_intercon_imp_auto_pc_2_axi_protocol_converter_v2_1_37_axi_protocol_converter/gru_bin_version_axi_mem_intercon_imp_auto_pc_2_axi_protocol_converter_v2_1_37_axi3_conv/gru_bin_version_axi_mem_intercon_imp_auto_pc_2_axi_protocol_converter_v2_1_37_a_axi3_conv/gru_bin_version_axi_mem_intercon_imp_auto_pc_2_axi_data_fifo_v2_1_36_axic_fifo/gru_bin_version_axi_mem_intercon_imp_auto_pc_2_axi_data_fifo_v2_1_36_fifo_gen/<hidden>/<hidden>/<hidden>/<hidden>/<hidden>/<hidden>
    SLICE_X29Y27         FDCE                                         r  gru_bin_version_wrapper/gru_bin_version/gru_bin_version_axi_mem_intercon_0/s02_couplers_imp_QTS1PG/gru_bin_version_axi_mem_intercon_imp_auto_pc_2/gru_bin_version_axi_mem_intercon_imp_auto_pc_2_axi_protocol_converter_v2_1_37_axi_protocol_converter/gru_bin_version_axi_mem_intercon_imp_auto_pc_2_axi_protocol_converter_v2_1_37_axi3_conv/gru_bin_version_axi_mem_intercon_imp_auto_pc_2_axi_protocol_converter_v2_1_37_a_axi3_conv/gru_bin_version_axi_mem_intercon_imp_auto_pc_2_axi_data_fifo_v2_1_36_axic_fifo/gru_bin_version_axi_mem_intercon_imp_auto_pc_2_axi_data_fifo_v2_1_36_fifo_gen/<hidden>/<hidden>/<hidden>/<hidden>/<hidden>/<hidden>
                         clock pessimism             -0.282     0.929    
    SLICE_X29Y27         FDCE (Remov_fdce_C_CLR)     -0.092     0.837    gru_bin_version_wrapper/gru_bin_version/gru_bin_version_axi_mem_intercon_0/s02_couplers_imp_QTS1PG/gru_bin_version_axi_mem_intercon_imp_auto_pc_2/gru_bin_version_axi_mem_intercon_imp_auto_pc_2_axi_protocol_converter_v2_1_37_axi_protocol_converter/gru_bin_version_axi_mem_intercon_imp_auto_pc_2_axi_protocol_converter_v2_1_37_axi3_conv/gru_bin_version_axi_mem_intercon_imp_auto_pc_2_axi_protocol_converter_v2_1_37_a_axi3_conv/gru_bin_version_axi_mem_intercon_imp_auto_pc_2_axi_data_fifo_v2_1_36_axic_fifo/gru_bin_version_axi_mem_intercon_imp_auto_pc_2_axi_data_fifo_v2_1_36_fifo_gen/<hidden>/<hidden>/<hidden>/<hidden>/<hidden>/<hidden>
  -------------------------------------------------------------------
                         required time                         -0.836    
                         arrival time                           1.469    
  -------------------------------------------------------------------
                         slack                                  0.632    





--------------------------------------------------------------------------------------
Path Group:  (none)
From Clock:  
  To Clock:  clk_fpga_0

Max Delay             1 Endpoint
Min Delay             1 Endpoint
--------------------------------------------------------------------------------------


Max Delay Paths
--------------------------------------------------------------------------------------
Slack:                    inf
  Source:                 gru_bin_version_i/processing_system7_0/inst/PS7_i/FCLKRESETN[0]
                            (internal pin)
  Destination:            gru_bin_version_i/rst_ps7_0_100M/U0/EXT_LPF/ACTIVE_LOW_EXT.ACT_LO_EXT/syncstages_ff_reg[0]/D
                            (rising edge-triggered cell FDRE clocked by clk_fpga_0  {rise@0.000ns fall@5.000ns period=10.000ns})
  Path Group:             (none)
  Path Type:              Setup (Max at Slow Process Corner)
  Data Path Delay:        3.081ns  (logic 0.124ns (4.025%)  route 2.957ns (95.975%))
  Logic Levels:           1  (LUT1=1)
  Clock Uncertainty:      0.152ns  ((TSJ^2 + TIJ^2)^1/2 + DJ) / 2 + PE
    Total System Jitter     (TSJ):    0.050ns
    Total Input Jitter      (TIJ):    0.300ns
    Discrete Jitter          (DJ):    0.000ns
    Phase Error              (PE):    0.000ns
  Timing Exception:       False Path

    Location             Delay type                Incr(ns)  Path(ns)    Netlist Resource(s)
  -------------------------------------------------------------------    -------------------
    PS7_X0Y0             PS7                          0.000     0.000 f  gru_bin_version_i/processing_system7_0/inst/PS7_i/FCLKRESETN[0]
                         net (fo=1, routed)           2.465     2.465    gru_bin_version_i/rst_ps7_0_100M/U0/EXT_LPF/ext_reset_in
    SLICE_X26Y141        LUT1 (Prop_lut1_I0_O)        0.124     2.589 r  gru_bin_version_i/rst_ps7_0_100M/U0/EXT_LPF/ACTIVE_LOW_EXT.ACT_LO_EXT_i_1/O
                         net (fo=1, routed)           0.491     3.081    gru_bin_version_i/rst_ps7_0_100M/U0/EXT_LPF/ACTIVE_LOW_EXT.ACT_LO_EXT/src_in
    SLICE_X27Y147        FDRE                                         r  gru_bin_version_i/rst_ps7_0_100M/U0/EXT_LPF/ACTIVE_LOW_EXT.ACT_LO_EXT/syncstages_ff_reg[0]/D
  -------------------------------------------------------------------    -------------------

                         (clock clk_fpga_0 rise edge)
                                                      0.000     0.000 r  
    PS7_X0Y0             PS7                          0.000     0.000 r  gru_bin_version_i/processing_system7_0/inst/PS7_i/FCLKCLK[0]
                         net (fo=1, routed)           1.088     1.088    gru_bin_version_i/processing_system7_0/inst/FCLK_CLK_unbuffered[0]
    BUFGCTRL_X0Y16       BUFG (Prop_bufg_I_O)         0.091     1.179 r  gru_bin_version_i/processing_system7_0/inst/buffer_fclk_clk_0.FCLK_CLK_0_BUFG/O
                         net (fo=26756, routed)       1.696     2.875    gru_bin_version_i/rst_ps7_0_100M/U0/EXT_LPF/ACTIVE_LOW_EXT.ACT_LO_EXT/dest_clk
    SLICE_X27Y147        FDRE                                         r  gru_bin_version_i/rst_ps7_0_100M/U0/EXT_LPF/ACTIVE_LOW_EXT.ACT_LO_EXT/syncstages_ff_reg[0]/C





Min Delay Paths
--------------------------------------------------------------------------------------
Slack:                    inf
  Source:                 gru_bin_version_i/processing_system7_0/inst/PS7_i/FCLKRESETN[0]
                            (internal pin)
  Destination:            gru_bin_version_i/rst_ps7_0_100M/U0/EXT_LPF/ACTIVE_LOW_EXT.ACT_LO_EXT/syncstages_ff_reg[0]/D
                            (rising edge-triggered cell FDRE clocked by clk_fpga_0  {rise@0.000ns fall@5.000ns period=10.000ns})
  Path Group:             (none)
  Path Type:              Hold (Min at Fast Process Corner)
  Data Path Delay:        1.242ns  (logic 0.045ns (3.625%)  route 1.197ns (96.375%))
  Logic Levels:           1  (LUT1=1)
  Clock Uncertainty:      0.152ns  ((TSJ^2 + TIJ^2)^1/2 + DJ) / 2 + PE
    Total System Jitter     (TSJ):    0.050ns
    Total Input Jitter      (TIJ):    0.300ns
    Discrete Jitter          (DJ):    0.000ns
    Phase Error              (PE):    0.000ns
  Timing Exception:       False Path

    Location             Delay type                Incr(ns)  Path(ns)    Netlist Resource(s)
  -------------------------------------------------------------------    -------------------
    PS7_X0Y0             PS7                          0.000     0.000 f  gru_bin_version_i/processing_system7_0/inst/PS7_i/FCLKRESETN[0]
                         net (fo=1, routed)           1.008     1.008    gru_bin_version_i/rst_ps7_0_100M/U0/EXT_LPF/ext_reset_in
    SLICE_X26Y141        LUT1 (Prop_lut1_I0_O)        0.045     1.053 r  gru_bin_version_i/rst_ps7_0_100M/U0/EXT_LPF/ACTIVE_LOW_EXT.ACT_LO_EXT_i_1/O
                         net (fo=1, routed)           0.188     1.242    gru_bin_version_i/rst_ps7_0_100M/U0/EXT_LPF/ACTIVE_LOW_EXT.ACT_LO_EXT/src_in
    SLICE_X27Y147        FDRE                                         r  gru_bin_version_i/rst_ps7_0_100M/U0/EXT_LPF/ACTIVE_LOW_EXT.ACT_LO_EXT/syncstages_ff_reg[0]/D
  -------------------------------------------------------------------    -------------------

                         (clock clk_fpga_0 rise edge)
                                                      0.000     0.000 r  
    PS7_X0Y0             PS7                          0.000     0.000 r  gru_bin_version_i/processing_system7_0/inst/PS7_i/FCLKCLK[0]
                         net (fo=1, routed)           0.337     0.337    gru_bin_version_i/processing_system7_0/inst/FCLK_CLK_unbuffered[0]
    BUFGCTRL_X0Y16       BUFG (Prop_bufg_I_O)         0.029     0.366 r  gru_bin_version_i/processing_system7_0/inst/buffer_fclk_clk_0.FCLK_CLK_0_BUFG/O
                         net (fo=26756, routed)       0.930     1.296    gru_bin_version_i/rst_ps7_0_100M/U0/EXT_LPF/ACTIVE_LOW_EXT.ACT_LO_EXT/dest_clk
    SLICE_X27Y147        FDRE                                         r  gru_bin_version_i/rst_ps7_0_100M/U0/EXT_LPF/ACTIVE_LOW_EXT.ACT_LO_EXT/syncstages_ff_reg[0]/C





--------------------------------------------------------------------------------------
Path Group:  (none)
From Clock:  clk_fpga_0
  To Clock:  clk_fpga_0

Max Delay            86 Endpoints
Min Delay            86 Endpoints
--------------------------------------------------------------------------------------


Max Delay Paths
--------------------------------------------------------------------------------------
Slack:                    inf
  Source:                 gru_bin_version_i/rst_ps7_0_100M/U0/ACTIVE_LOW_PR_OUT_DFF[0].FDRE_PER_N/C
                            (rising edge-triggered cell FDRE clocked by clk_fpga_0  {rise@0.000ns fall@5.000ns period=10.000ns})
  Destination:            gru_bin_version_wrapper/gru_bin_version/gru_bin_version_axi_mem_intercon_0/s01_couplers_imp_NNMS53/gru_bin_version_axi_mem_intercon_imp_auto_pc_1/gru_bin_version_axi_mem_intercon_imp_auto_pc_1_axi_protocol_converter_v2_1_37_axi_protocol_converter/gru_bin_version_axi_mem_intercon_imp_auto_pc_1_axi_protocol_converter_v2_1_37_axi3_conv/gru_bin_version_axi_mem_intercon_imp_auto_pc_1_axi_protocol_converter_v2_1_37_a_axi3_conv/gru_bin_version_axi_mem_intercon_imp_auto_pc_1_axi_data_fifo_v2_1_36_axic_fifo/gru_bin_version_axi_mem_intercon_imp_auto_pc_1_axi_data_fifo_v2_1_36_fifo_gen_1/<hidden>/<hidden>/<hidden>/<hidden>/<hidden>/<hidden>
                            (recovery check against rising-edge clock clk_fpga_0  {rise@0.000ns fall@5.000ns period=10.000ns})
  Path Group:             (none)
  Path Type:              Recovery (Max at Slow Process Corner)
  Data Path Delay:        7.536ns  (logic 0.580ns (7.696%)  route 6.956ns (92.304%))
  Logic Levels:           1  (LUT1=1)
  Clock Path Skew:        -0.346ns (DCD - SCD + CPR)
    Destination Clock Delay (DCD):    2.836ns
    Source Clock Delay      (SCD):    3.182ns
    Clock Pessimism Removal (CPR):    0.000ns
  Clock Uncertainty:      0.154ns  ((TSJ^2 + TIJ^2)^1/2 + DJ) / 2 + PE
    Total System Jitter     (TSJ):    0.071ns
    Total Input Jitter      (TIJ):    0.300ns
    Discrete Jitter          (DJ):    0.000ns
    Phase Error              (PE):    0.000ns
  Timing Exception:       False Path

    Location             Delay type                Incr(ns)  Path(ns)    Netlist Resource(s)
  -------------------------------------------------------------------    -------------------
                         (clock clk_fpga_0 rise edge)
                                                      0.000     0.000 r  
    PS7_X0Y0             PS7                          0.000     0.000 r  gru_bin_version_i/processing_system7_0/inst/PS7_i/FCLKCLK[0]
                         net (fo=1, routed)           1.193     1.193    gru_bin_version_i/processing_system7_0/inst/FCLK_CLK_unbuffered[0]
    BUFGCTRL_X0Y16       BUFG (Prop_bufg_I_O)         0.101     1.294 r  gru_bin_version_i/processing_system7_0/inst/buffer_fclk_clk_0.FCLK_CLK_0_BUFG/O
                         net (fo=26756, routed)       1.888     3.182    gru_bin_version_i/rst_ps7_0_100M/U0/slowest_sync_clk
    SLICE_X27Y147        FDRE                                         r  gru_bin_version_i/rst_ps7_0_100M/U0/ACTIVE_LOW_PR_OUT_DFF[0].FDRE_PER_N/C
  -------------------------------------------------------------------    -------------------
    SLICE_X27Y147        FDRE (Prop_fdre_C_Q)         0.456     3.638 r  gru_bin_version_i/rst_ps7_0_100M/U0/ACTIVE_LOW_PR_OUT_DFF[0].FDRE_PER_N/Q
                         net (fo=29, routed)          5.704     9.342    gru_bin_version_i/axi_mem_intercon/s01_couplers/auto_pc/inst/gen_axi4_axi3.axi3_conv_inst/USE_WRITE.write_addr_inst/USE_BURSTS.cmd_queue/inst/aresetn
    SLICE_X20Y36         LUT1 (Prop_lut1_I0_O)        0.124     9.466 f  gru_bin_version_i/axi_mem_intercon/s01_couplers/auto_pc/inst/gen_axi4_axi3.axi3_conv_inst/USE_WRITE.write_addr_inst/USE_BURSTS.cmd_queue/inst/S_AXI_AREADY_I_i_1/O
                         net (fo=119, routed)         1.252    10.718    gru_bin_version_wrapper/gru_bin_version/gru_bin_version_axi_mem_intercon_0/s01_couplers_imp_NNMS53/gru_bin_version_axi_mem_intercon_imp_auto_pc_1/gru_bin_version_axi_mem_intercon_imp_auto_pc_1_axi_protocol_converter_v2_1_37_axi_protocol_converter/gru_bin_version_axi_mem_intercon_imp_auto_pc_1_axi_protocol_converter_v2_1_37_axi3_conv/gru_bin_version_axi_mem_intercon_imp_auto_pc_1_axi_protocol_converter_v2_1_37_a_axi3_conv/gru_bin_version_axi_mem_intercon_imp_auto_pc_1_axi_data_fifo_v2_1_36_axic_fifo/gru_bin_version_axi_mem_intercon_imp_auto_pc_1_axi_data_fifo_v2_1_36_fifo_gen_1/<hidden>/<hidden>/<hidden>/<hidden>/<hidden>/<hidden>
    SLICE_X2Y39          FDPE                                         f  gru_bin_version_wrapper/gru_bin_version/gru_bin_version_axi_mem_intercon_0/s01_couplers_imp_NNMS53/gru_bin_version_axi_mem_intercon_imp_auto_pc_1/gru_bin_version_axi_mem_intercon_imp_auto_pc_1_axi_protocol_converter_v2_1_37_axi_protocol_converter/gru_bin_version_axi_mem_intercon_imp_auto_pc_1_axi_protocol_converter_v2_1_37_axi3_conv/gru_bin_version_axi_mem_intercon_imp_auto_pc_1_axi_protocol_converter_v2_1_37_a_axi3_conv/gru_bin_version_axi_mem_intercon_imp_auto_pc_1_axi_data_fifo_v2_1_36_axic_fifo/gru_bin_version_axi_mem_intercon_imp_auto_pc_1_axi_data_fifo_v2_1_36_fifo_gen_1/<hidden>/<hidden>/<hidden>/<hidden>/<hidden>/<hidden>
  -------------------------------------------------------------------    -------------------

                         (clock clk_fpga_0 rise edge)
                                                      0.000     0.000 r  
    PS7_X0Y0             PS7                          0.000     0.000 r  gru_bin_version_i/processing_system7_0/inst/PS7_i/FCLKCLK[0]
                         net (fo=1, routed)           1.088     1.088    gru_bin_version_i/processing_system7_0/inst/FCLK_CLK_unbuffered[0]
    BUFGCTRL_X0Y16       BUFG (Prop_bufg_I_O)         0.091     1.179 r  gru_bin_version_i/processing_system7_0/inst/buffer_fclk_clk_0.FCLK_CLK_0_BUFG/O
                         net (fo=26756, routed)       1.657     2.836    gru_bin_version_wrapper/gru_bin_version/gru_bin_version_axi_mem_intercon_0/s01_couplers_imp_NNMS53/gru_bin_version_axi_mem_intercon_imp_auto_pc_1/gru_bin_version_axi_mem_intercon_imp_auto_pc_1_axi_protocol_converter_v2_1_37_axi_protocol_converter/gru_bin_version_axi_mem_intercon_imp_auto_pc_1_axi_protocol_converter_v2_1_37_axi3_conv/gru_bin_version_axi_mem_intercon_imp_auto_pc_1_axi_protocol_converter_v2_1_37_a_axi3_conv/gru_bin_version_axi_mem_intercon_imp_auto_pc_1_axi_data_fifo_v2_1_36_axic_fifo/gru_bin_version_axi_mem_intercon_imp_auto_pc_1_axi_data_fifo_v2_1_36_fifo_gen_1/<hidden>/<hidden>/<hidden>/<hidden>/<hidden>/<hidden>
    SLICE_X2Y39          FDPE                                         r  gru_bin_version_wrapper/gru_bin_version/gru_bin_version_axi_mem_intercon_0/s01_couplers_imp_NNMS53/gru_bin_version_axi_mem_intercon_imp_auto_pc_1/gru_bin_version_axi_mem_intercon_imp_auto_pc_1_axi_protocol_converter_v2_1_37_axi_protocol_converter/gru_bin_version_axi_mem_intercon_imp_auto_pc_1_axi_protocol_converter_v2_1_37_axi3_conv/gru_bin_version_axi_mem_intercon_imp_auto_pc_1_axi_protocol_converter_v2_1_37_a_axi3_conv/gru_bin_version_axi_mem_intercon_imp_auto_pc_1_axi_data_fifo_v2_1_36_axic_fifo/gru_bin_version_axi_mem_intercon_imp_auto_pc_1_axi_data_fifo_v2_1_36_fifo_gen_1/<hidden>/<hidden>/<hidden>/<hidden>/<hidden>/<hidden>

Slack:                    inf
  Source:                 gru_bin_version_i/rst_ps7_0_100M/U0/ACTIVE_LOW_PR_OUT_DFF[0].FDRE_PER_N/C
                            (rising edge-triggered cell FDRE clocked by clk_fpga_0  {rise@0.000ns fall@5.000ns period=10.000ns})
  Destination:            gru_bin_version_wrapper/gru_bin_version/gru_bin_version_axi_mem_intercon_0/s01_couplers_imp_NNMS53/gru_bin_version_axi_mem_intercon_imp_auto_pc_1/gru_bin_version_axi_mem_intercon_imp_auto_pc_1_axi_protocol_converter_v2_1_37_axi_protocol_converter/gru_bin_version_axi_mem_intercon_imp_auto_pc_1_axi_protocol_converter_v2_1_37_axi3_conv/gru_bin_version_axi_mem_intercon_imp_auto_pc_1_axi_protocol_converter_v2_1_37_a_axi3_conv/gru_bin_version_axi_mem_intercon_imp_auto_pc_1_axi_data_fifo_v2_1_36_axic_fifo/gru_bin_version_axi_mem_intercon_imp_auto_pc_1_axi_data_fifo_v2_1_36_fifo_gen_1/<hidden>/<hidden>/<hidden>/<hidden>/<hidden>/<hidden>
                            (recovery check against rising-edge clock clk_fpga_0  {rise@0.000ns fall@5.000ns period=10.000ns})
  Path Group:             (none)
  Path Type:              Recovery (Max at Slow Process Corner)
  Data Path Delay:        7.536ns  (logic 0.580ns (7.696%)  route 6.956ns (92.304%))
  Logic Levels:           1  (LUT1=1)
  Clock Path Skew:        -0.346ns (DCD - SCD + CPR)
    Destination Clock Delay (DCD):    2.836ns
    Source Clock Delay      (SCD):    3.182ns
    Clock Pessimism Removal (CPR):    0.000ns
  Clock Uncertainty:      0.154ns  ((TSJ^2 + TIJ^2)^1/2 + DJ) / 2 + PE
    Total System Jitter     (TSJ):    0.071ns
    Total Input Jitter      (TIJ):    0.300ns
    Discrete Jitter          (DJ):    0.000ns
    Phase Error              (PE):    0.000ns
  Timing Exception:       False Path

    Location             Delay type                Incr(ns)  Path(ns)    Netlist Resource(s)
  -------------------------------------------------------------------    -------------------
                         (clock clk_fpga_0 rise edge)
                                                      0.000     0.000 r  
    PS7_X0Y0             PS7                          0.000     0.000 r  gru_bin_version_i/processing_system7_0/inst/PS7_i/FCLKCLK[0]
                         net (fo=1, routed)           1.193     1.193    gru_bin_version_i/processing_system7_0/inst/FCLK_CLK_unbuffered[0]
    BUFGCTRL_X0Y16       BUFG (Prop_bufg_I_O)         0.101     1.294 r  gru_bin_version_i/processing_system7_0/inst/buffer_fclk_clk_0.FCLK_CLK_0_BUFG/O
                         net (fo=26756, routed)       1.888     3.182    gru_bin_version_i/rst_ps7_0_100M/U0/slowest_sync_clk
    SLICE_X27Y147        FDRE                                         r  gru_bin_version_i/rst_ps7_0_100M/U0/ACTIVE_LOW_PR_OUT_DFF[0].FDRE_PER_N/C
  -------------------------------------------------------------------    -------------------
    SLICE_X27Y147        FDRE (Prop_fdre_C_Q)         0.456     3.638 r  gru_bin_version_i/rst_ps7_0_100M/U0/ACTIVE_LOW_PR_OUT_DFF[0].FDRE_PER_N/Q
                         net (fo=29, routed)          5.704     9.342    gru_bin_version_i/axi_mem_intercon/s01_couplers/auto_pc/inst/gen_axi4_axi3.axi3_conv_inst/USE_WRITE.write_addr_inst/USE_BURSTS.cmd_queue/inst/aresetn
    SLICE_X20Y36         LUT1 (Prop_lut1_I0_O)        0.124     9.466 f  gru_bin_version_i/axi_mem_intercon/s01_couplers/auto_pc/inst/gen_axi4_axi3.axi3_conv_inst/USE_WRITE.write_addr_inst/USE_BURSTS.cmd_queue/inst/S_AXI_AREADY_I_i_1/O
                         net (fo=119, routed)         1.252    10.718    gru_bin_version_wrapper/gru_bin_version/gru_bin_version_axi_mem_intercon_0/s01_couplers_imp_NNMS53/gru_bin_version_axi_mem_intercon_imp_auto_pc_1/gru_bin_version_axi_mem_intercon_imp_auto_pc_1_axi_protocol_converter_v2_1_37_axi_protocol_converter/gru_bin_version_axi_mem_intercon_imp_auto_pc_1_axi_protocol_converter_v2_1_37_axi3_conv/gru_bin_version_axi_mem_intercon_imp_auto_pc_1_axi_protocol_converter_v2_1_37_a_axi3_conv/gru_bin_version_axi_mem_intercon_imp_auto_pc_1_axi_data_fifo_v2_1_36_axic_fifo/gru_bin_version_axi_mem_intercon_imp_auto_pc_1_axi_data_fifo_v2_1_36_fifo_gen_1/<hidden>/<hidden>/<hidden>/<hidden>/<hidden>/<hidden>
    SLICE_X2Y39          FDPE                                         f  gru_bin_version_wrapper/gru_bin_version/gru_bin_version_axi_mem_intercon_0/s01_couplers_imp_NNMS53/gru_bin_version_axi_mem_intercon_imp_auto_pc_1/gru_bin_version_axi_mem_intercon_imp_auto_pc_1_axi_protocol_converter_v2_1_37_axi_protocol_converter/gru_bin_version_axi_mem_intercon_imp_auto_pc_1_axi_protocol_converter_v2_1_37_axi3_conv/gru_bin_version_axi_mem_intercon_imp_auto_pc_1_axi_protocol_converter_v2_1_37_a_axi3_conv/gru_bin_version_axi_mem_intercon_imp_auto_pc_1_axi_data_fifo_v2_1_36_axic_fifo/gru_bin_version_axi_mem_intercon_imp_auto_pc_1_axi_data_fifo_v2_1_36_fifo_gen_1/<hidden>/<hidden>/<hidden>/<hidden>/<hidden>/<hidden>
  -------------------------------------------------------------------    -------------------

                         (clock clk_fpga_0 rise edge)
                                                      0.000     0.000 r  
    PS7_X0Y0             PS7                          0.000     0.000 r  gru_bin_version_i/processing_system7_0/inst/PS7_i/FCLKCLK[0]
                         net (fo=1, routed)           1.088     1.088    gru_bin_version_i/processing_system7_0/inst/FCLK_CLK_unbuffered[0]
    BUFGCTRL_X0Y16       BUFG (Prop_bufg_I_O)         0.091     1.179 r  gru_bin_version_i/processing_system7_0/inst/buffer_fclk_clk_0.FCLK_CLK_0_BUFG/O
                         net (fo=26756, routed)       1.657     2.836    gru_bin_version_wrapper/gru_bin_version/gru_bin_version_axi_mem_intercon_0/s01_couplers_imp_NNMS53/gru_bin_version_axi_mem_intercon_imp_auto_pc_1/gru_bin_version_axi_mem_intercon_imp_auto_pc_1_axi_protocol_converter_v2_1_37_axi_protocol_converter/gru_bin_version_axi_mem_intercon_imp_auto_pc_1_axi_protocol_converter_v2_1_37_axi3_conv/gru_bin_version_axi_mem_intercon_imp_auto_pc_1_axi_protocol_converter_v2_1_37_a_axi3_conv/gru_bin_version_axi_mem_intercon_imp_auto_pc_1_axi_data_fifo_v2_1_36_axic_fifo/gru_bin_version_axi_mem_intercon_imp_auto_pc_1_axi_data_fifo_v2_1_36_fifo_gen_1/<hidden>/<hidden>/<hidden>/<hidden>/<hidden>/<hidden>
    SLICE_X2Y39          FDPE                                         r  gru_bin_version_wrapper/gru_bin_version/gru_bin_version_axi_mem_intercon_0/s01_couplers_imp_NNMS53/gru_bin_version_axi_mem_intercon_imp_auto_pc_1/gru_bin_version_axi_mem_intercon_imp_auto_pc_1_axi_protocol_converter_v2_1_37_axi_protocol_converter/gru_bin_version_axi_mem_intercon_imp_auto_pc_1_axi_protocol_converter_v2_1_37_axi3_conv/gru_bin_version_axi_mem_intercon_imp_auto_pc_1_axi_protocol_converter_v2_1_37_a_axi3_conv/gru_bin_version_axi_mem_intercon_imp_auto_pc_1_axi_data_fifo_v2_1_36_axic_fifo/gru_bin_version_axi_mem_intercon_imp_auto_pc_1_axi_data_fifo_v2_1_36_fifo_gen_1/<hidden>/<hidden>/<hidden>/<hidden>/<hidden>/<hidden>

Slack:                    inf
  Source:                 gru_bin_version_i/rst_ps7_0_100M/U0/ACTIVE_LOW_PR_OUT_DFF[0].FDRE_PER_N/C
                            (rising edge-triggered cell FDRE clocked by clk_fpga_0  {rise@0.000ns fall@5.000ns period=10.000ns})
  Destination:            gru_bin_version_wrapper/gru_bin_version/gru_bin_version_axi_mem_intercon_0/s02_couplers_imp_QTS1PG/gru_bin_version_axi_mem_intercon_imp_auto_pc_2/gru_bin_version_axi_mem_intercon_imp_auto_pc_2_axi_protocol_converter_v2_1_37_axi_protocol_converter/gru_bin_version_axi_mem_intercon_imp_auto_pc_2_axi_protocol_converter_v2_1_37_axi3_conv/gru_bin_version_axi_mem_intercon_imp_auto_pc_2_axi_protocol_converter_v2_1_37_a_axi3_conv/gru_bin_version_axi_mem_intercon_imp_auto_pc_2_axi_data_fifo_v2_1_36_axic_fifo/gru_bin_version_axi_mem_intercon_imp_auto_pc_2_axi_data_fifo_v2_1_36_fifo_gen/<hidden>/<hidden>/<hidden>/<hidden>/<hidden>/<hidden>
                            (recovery check against rising-edge clock clk_fpga_0  {rise@0.000ns fall@5.000ns period=10.000ns})
  Path Group:             (none)
  Path Type:              Recovery (Max at Slow Process Corner)
  Data Path Delay:        7.339ns  (logic 0.580ns (7.903%)  route 6.759ns (92.097%))
  Logic Levels:           1  (LUT1=1)
  Clock Path Skew:        -0.443ns (DCD - SCD + CPR)
    Destination Clock Delay (DCD):    2.740ns
    Source Clock Delay      (SCD):    3.182ns
    Clock Pessimism Removal (CPR):    0.000ns
  Clock Uncertainty:      0.154ns  ((TSJ^2 + TIJ^2)^1/2 + DJ) / 2 + PE
    Total System Jitter     (TSJ):    0.071ns
    Total Input Jitter      (TIJ):    0.300ns
    Discrete Jitter          (DJ):    0.000ns
    Phase Error              (PE):    0.000ns
  Timing Exception:       False Path

    Location             Delay type                Incr(ns)  Path(ns)    Netlist Resource(s)
  -------------------------------------------------------------------    -------------------
                         (clock clk_fpga_0 rise edge)
                                                      0.000     0.000 r  
    PS7_X0Y0             PS7                          0.000     0.000 r  gru_bin_version_i/processing_system7_0/inst/PS7_i/FCLKCLK[0]
                         net (fo=1, routed)           1.193     1.193    gru_bin_version_i/processing_system7_0/inst/FCLK_CLK_unbuffered[0]
    BUFGCTRL_X0Y16       BUFG (Prop_bufg_I_O)         0.101     1.294 r  gru_bin_version_i/processing_system7_0/inst/buffer_fclk_clk_0.FCLK_CLK_0_BUFG/O
                         net (fo=26756, routed)       1.888     3.182    gru_bin_version_i/rst_ps7_0_100M/U0/slowest_sync_clk
    SLICE_X27Y147        FDRE                                         r  gru_bin_version_i/rst_ps7_0_100M/U0/ACTIVE_LOW_PR_OUT_DFF[0].FDRE_PER_N/C
  -------------------------------------------------------------------    -------------------
    SLICE_X27Y147        FDRE (Prop_fdre_C_Q)         0.456     3.638 r  gru_bin_version_i/rst_ps7_0_100M/U0/ACTIVE_LOW_PR_OUT_DFF[0].FDRE_PER_N/Q
                         net (fo=29, routed)          6.055     9.693    gru_bin_version_i/axi_mem_intercon/s02_couplers/auto_pc/inst/gen_axi4_axi3.axi3_conv_inst/USE_READ.USE_SPLIT_R.read_addr_inst/USE_R_CHANNEL.cmd_queue/inst/aresetn
    SLICE_X27Y29         LUT1 (Prop_lut1_I0_O)        0.124     9.817 f  gru_bin_version_i/axi_mem_intercon/s02_couplers/auto_pc/inst/gen_axi4_axi3.axi3_conv_inst/USE_READ.USE_SPLIT_R.read_addr_inst/USE_R_CHANNEL.cmd_queue/inst/S_AXI_AREADY_I_i_1/O
                         net (fo=6, routed)           0.704    10.521    gru_bin_version_wrapper/gru_bin_version/gru_bin_version_axi_mem_intercon_0/s02_couplers_imp_QTS1PG/gru_bin_version_axi_mem_intercon_imp_auto_pc_2/gru_bin_version_axi_mem_intercon_imp_auto_pc_2_axi_protocol_converter_v2_1_37_axi_protocol_converter/gru_bin_version_axi_mem_intercon_imp_auto_pc_2_axi_protocol_converter_v2_1_37_axi3_conv/gru_bin_version_axi_mem_intercon_imp_auto_pc_2_axi_protocol_converter_v2_1_37_a_axi3_conv/gru_bin_version_axi_mem_intercon_imp_auto_pc_2_axi_data_fifo_v2_1_36_axic_fifo/gru_bin_version_axi_mem_intercon_imp_auto_pc_2_axi_data_fifo_v2_1_36_fifo_gen/<hidden>/<hidden>/<hidden>/<hidden>/<hidden>/<hidden>
    SLICE_X29Y29         FDPE                                         f  gru_bin_version_wrapper/gru_bin_version/gru_bin_version_axi_mem_intercon_0/s02_couplers_imp_QTS1PG/gru_bin_version_axi_mem_intercon_imp_auto_pc_2/gru_bin_version_axi_mem_intercon_imp_auto_pc_2_axi_protocol_converter_v2_1_37_axi_protocol_converter/gru_bin_version_axi_mem_intercon_imp_auto_pc_2_axi_protocol_converter_v2_1_37_axi3_conv/gru_bin_version_axi_mem_intercon_imp_auto_pc_2_axi_protocol_converter_v2_1_37_a_axi3_conv/gru_bin_version_axi_mem_intercon_imp_auto_pc_2_axi_data_fifo_v2_1_36_axic_fifo/gru_bin_version_axi_mem_intercon_imp_auto_pc_2_axi_data_fifo_v2_1_36_fifo_gen/<hidden>/<hidden>/<hidden>/<hidden>/<hidden>/<hidden>
  -------------------------------------------------------------------    -------------------

                         (clock clk_fpga_0 rise edge)
                                                      0.000     0.000 r  
    PS7_X0Y0             PS7                          0.000     0.000 r  gru_bin_version_i/processing_system7_0/inst/PS7_i/FCLKCLK[0]
                         net (fo=1, routed)           1.088     1.088    gru_bin_version_i/processing_system7_0/inst/FCLK_CLK_unbuffered[0]
    BUFGCTRL_X0Y16       BUFG (Prop_bufg_I_O)         0.091     1.179 r  gru_bin_version_i/processing_system7_0/inst/buffer_fclk_clk_0.FCLK_CLK_0_BUFG/O
                         net (fo=26756, routed)       1.560     2.740    gru_bin_version_wrapper/gru_bin_version/gru_bin_version_axi_mem_intercon_0/s02_couplers_imp_QTS1PG/gru_bin_version_axi_mem_intercon_imp_auto_pc_2/gru_bin_version_axi_mem_intercon_imp_auto_pc_2_axi_protocol_converter_v2_1_37_axi_protocol_converter/gru_bin_version_axi_mem_intercon_imp_auto_pc_2_axi_protocol_converter_v2_1_37_axi3_conv/gru_bin_version_axi_mem_intercon_imp_auto_pc_2_axi_protocol_converter_v2_1_37_a_axi3_conv/gru_bin_version_axi_mem_intercon_imp_auto_pc_2_axi_data_fifo_v2_1_36_axic_fifo/gru_bin_version_axi_mem_intercon_imp_auto_pc_2_axi_data_fifo_v2_1_36_fifo_gen/<hidden>/<hidden>/<hidden>/<hidden>/<hidden>/<hidden>
    SLICE_X29Y29         FDPE                                         r  gru_bin_version_wrapper/gru_bin_version/gru_bin_version_axi_mem_intercon_0/s02_couplers_imp_QTS1PG/gru_bin_version_axi_mem_intercon_imp_auto_pc_2/gru_bin_version_axi_mem_intercon_imp_auto_pc_2_axi_protocol_converter_v2_1_37_axi_protocol_converter/gru_bin_version_axi_mem_intercon_imp_auto_pc_2_axi_protocol_converter_v2_1_37_axi3_conv/gru_bin_version_axi_mem_intercon_imp_auto_pc_2_axi_protocol_converter_v2_1_37_a_axi3_conv/gru_bin_version_axi_mem_intercon_imp_auto_pc_2_axi_data_fifo_v2_1_36_axic_fifo/gru_bin_version_axi_mem_intercon_imp_auto_pc_2_axi_data_fifo_v2_1_36_fifo_gen/<hidden>/<hidden>/<hidden>/<hidden>/<hidden>/<hidden>

Slack:                    inf
  Source:                 gru_bin_version_i/rst_ps7_0_100M/U0/ACTIVE_LOW_PR_OUT_DFF[0].FDRE_PER_N/C
                            (rising edge-triggered cell FDRE clocked by clk_fpga_0  {rise@0.000ns fall@5.000ns period=10.000ns})
  Destination:            gru_bin_version_wrapper/gru_bin_version/gru_bin_version_axi_mem_intercon_0/s02_couplers_imp_QTS1PG/gru_bin_version_axi_mem_intercon_imp_auto_pc_2/gru_bin_version_axi_mem_intercon_imp_auto_pc_2_axi_protocol_converter_v2_1_37_axi_protocol_converter/gru_bin_version_axi_mem_intercon_imp_auto_pc_2_axi_protocol_converter_v2_1_37_axi3_conv/gru_bin_version_axi_mem_intercon_imp_auto_pc_2_axi_protocol_converter_v2_1_37_a_axi3_conv/gru_bin_version_axi_mem_intercon_imp_auto_pc_2_axi_data_fifo_v2_1_36_axic_fifo/gru_bin_version_axi_mem_intercon_imp_auto_pc_2_axi_data_fifo_v2_1_36_fifo_gen/<hidden>/<hidden>/<hidden>/<hidden>/<hidden>/<hidden>
                            (recovery check against rising-edge clock clk_fpga_0  {rise@0.000ns fall@5.000ns period=10.000ns})
  Path Group:             (none)
  Path Type:              Recovery (Max at Slow Process Corner)
  Data Path Delay:        7.339ns  (logic 0.580ns (7.903%)  route 6.759ns (92.097%))
  Logic Levels:           1  (LUT1=1)
  Clock Path Skew:        -0.443ns (DCD - SCD + CPR)
    Destination Clock Delay (DCD):    2.740ns
    Source Clock Delay      (SCD):    3.182ns
    Clock Pessimism Removal (CPR):    0.000ns
  Clock Uncertainty:      0.154ns  ((TSJ^2 + TIJ^2)^1/2 + DJ) / 2 + PE
    Total System Jitter     (TSJ):    0.071ns
    Total Input Jitter      (TIJ):    0.300ns
    Discrete Jitter          (DJ):    0.000ns
    Phase Error              (PE):    0.000ns
  Timing Exception:       False Path

    Location             Delay type                Incr(ns)  Path(ns)    Netlist Resource(s)
  -------------------------------------------------------------------    -------------------
                         (clock clk_fpga_0 rise edge)
                                                      0.000     0.000 r  
    PS7_X0Y0             PS7                          0.000     0.000 r  gru_bin_version_i/processing_system7_0/inst/PS7_i/FCLKCLK[0]
                         net (fo=1, routed)           1.193     1.193    gru_bin_version_i/processing_system7_0/inst/FCLK_CLK_unbuffered[0]
    BUFGCTRL_X0Y16       BUFG (Prop_bufg_I_O)         0.101     1.294 r  gru_bin_version_i/processing_system7_0/inst/buffer_fclk_clk_0.FCLK_CLK_0_BUFG/O
                         net (fo=26756, routed)       1.888     3.182    gru_bin_version_i/rst_ps7_0_100M/U0/slowest_sync_clk
    SLICE_X27Y147        FDRE                                         r  gru_bin_version_i/rst_ps7_0_100M/U0/ACTIVE_LOW_PR_OUT_DFF[0].FDRE_PER_N/C
  -------------------------------------------------------------------    -------------------
    SLICE_X27Y147        FDRE (Prop_fdre_C_Q)         0.456     3.638 r  gru_bin_version_i/rst_ps7_0_100M/U0/ACTIVE_LOW_PR_OUT_DFF[0].FDRE_PER_N/Q
                         net (fo=29, routed)          6.055     9.693    gru_bin_version_i/axi_mem_intercon/s02_couplers/auto_pc/inst/gen_axi4_axi3.axi3_conv_inst/USE_READ.USE_SPLIT_R.read_addr_inst/USE_R_CHANNEL.cmd_queue/inst/aresetn
    SLICE_X27Y29         LUT1 (Prop_lut1_I0_O)        0.124     9.817 f  gru_bin_version_i/axi_mem_intercon/s02_couplers/auto_pc/inst/gen_axi4_axi3.axi3_conv_inst/USE_READ.USE_SPLIT_R.read_addr_inst/USE_R_CHANNEL.cmd_queue/inst/S_AXI_AREADY_I_i_1/O
                         net (fo=6, routed)           0.704    10.521    gru_bin_version_wrapper/gru_bin_version/gru_bin_version_axi_mem_intercon_0/s02_couplers_imp_QTS1PG/gru_bin_version_axi_mem_intercon_imp_auto_pc_2/gru_bin_version_axi_mem_intercon_imp_auto_pc_2_axi_protocol_converter_v2_1_37_axi_protocol_converter/gru_bin_version_axi_mem_intercon_imp_auto_pc_2_axi_protocol_converter_v2_1_37_axi3_conv/gru_bin_version_axi_mem_intercon_imp_auto_pc_2_axi_protocol_converter_v2_1_37_a_axi3_conv/gru_bin_version_axi_mem_intercon_imp_auto_pc_2_axi_data_fifo_v2_1_36_axic_fifo/gru_bin_version_axi_mem_intercon_imp_auto_pc_2_axi_data_fifo_v2_1_36_fifo_gen/<hidden>/<hidden>/<hidden>/<hidden>/<hidden>/<hidden>
    SLICE_X29Y29         FDPE                                         f  gru_bin_version_wrapper/gru_bin_version/gru_bin_version_axi_mem_intercon_0/s02_couplers_imp_QTS1PG/gru_bin_version_axi_mem_intercon_imp_auto_pc_2/gru_bin_version_axi_mem_intercon_imp_auto_pc_2_axi_protocol_converter_v2_1_37_axi_protocol_converter/gru_bin_version_axi_mem_intercon_imp_auto_pc_2_axi_protocol_converter_v2_1_37_axi3_conv/gru_bin_version_axi_mem_intercon_imp_auto_pc_2_axi_protocol_converter_v2_1_37_a_axi3_conv/gru_bin_version_axi_mem_intercon_imp_auto_pc_2_axi_data_fifo_v2_1_36_axic_fifo/gru_bin_version_axi_mem_intercon_imp_auto_pc_2_axi_data_fifo_v2_1_36_fifo_gen/<hidden>/<hidden>/<hidden>/<hidden>/<hidden>/<hidden>
  -------------------------------------------------------------------    -------------------

                         (clock clk_fpga_0 rise edge)
                                                      0.000     0.000 r  
    PS7_X0Y0             PS7                          0.000     0.000 r  gru_bin_version_i/processing_system7_0/inst/PS7_i/FCLKCLK[0]
                         net (fo=1, routed)           1.088     1.088    gru_bin_version_i/processing_system7_0/inst/FCLK_CLK_unbuffered[0]
    BUFGCTRL_X0Y16       BUFG (Prop_bufg_I_O)         0.091     1.179 r  gru_bin_version_i/processing_system7_0/inst/buffer_fclk_clk_0.FCLK_CLK_0_BUFG/O
                         net (fo=26756, routed)       1.560     2.740    gru_bin_version_wrapper/gru_bin_version/gru_bin_version_axi_mem_intercon_0/s02_couplers_imp_QTS1PG/gru_bin_version_axi_mem_intercon_imp_auto_pc_2/gru_bin_version_axi_mem_intercon_imp_auto_pc_2_axi_protocol_converter_v2_1_37_axi_protocol_converter/gru_bin_version_axi_mem_intercon_imp_auto_pc_2_axi_protocol_converter_v2_1_37_axi3_conv/gru_bin_version_axi_mem_intercon_imp_auto_pc_2_axi_protocol_converter_v2_1_37_a_axi3_conv/gru_bin_version_axi_mem_intercon_imp_auto_pc_2_axi_data_fifo_v2_1_36_axic_fifo/gru_bin_version_axi_mem_intercon_imp_auto_pc_2_axi_data_fifo_v2_1_36_fifo_gen/<hidden>/<hidden>/<hidden>/<hidden>/<hidden>/<hidden>
    SLICE_X29Y29         FDPE                                         r  gru_bin_version_wrapper/gru_bin_version/gru_bin_version_axi_mem_intercon_0/s02_couplers_imp_QTS1PG/gru_bin_version_axi_mem_intercon_imp_auto_pc_2/gru_bin_version_axi_mem_intercon_imp_auto_pc_2_axi_protocol_converter_v2_1_37_axi_protocol_converter/gru_bin_version_axi_mem_intercon_imp_auto_pc_2_axi_protocol_converter_v2_1_37_axi3_conv/gru_bin_version_axi_mem_intercon_imp_auto_pc_2_axi_protocol_converter_v2_1_37_a_axi3_conv/gru_bin_version_axi_mem_intercon_imp_auto_pc_2_axi_data_fifo_v2_1_36_axic_fifo/gru_bin_version_axi_mem_intercon_imp_auto_pc_2_axi_data_fifo_v2_1_36_fifo_gen/<hidden>/<hidden>/<hidden>/<hidden>/<hidden>/<hidden>

Slack:                    inf
  Source:                 gru_bin_version_i/rst_ps7_0_100M/U0/ACTIVE_LOW_PR_OUT_DFF[0].FDRE_PER_N/C
                            (rising edge-triggered cell FDRE clocked by clk_fpga_0  {rise@0.000ns fall@5.000ns period=10.000ns})
  Destination:            gru_bin_version_wrapper/gru_bin_version/gru_bin_version_axi_mem_intercon_0/s01_couplers_imp_NNMS53/gru_bin_version_axi_mem_intercon_imp_auto_pc_1/gru_bin_version_axi_mem_intercon_imp_auto_pc_1_axi_protocol_converter_v2_1_37_axi_protocol_converter/gru_bin_version_axi_mem_intercon_imp_auto_pc_1_axi_protocol_converter_v2_1_37_axi3_conv/gru_bin_version_axi_mem_intercon_imp_auto_pc_1_axi_protocol_converter_v2_1_37_a_axi3_conv/gru_bin_version_axi_mem_intercon_imp_auto_pc_1_axi_data_fifo_v2_1_36_axic_fifo_0/gru_bin_version_axi_mem_intercon_imp_auto_pc_1_axi_data_fifo_v2_1_36_fifo_gen/<hidden>/<hidden>/<hidden>/<hidden>/<hidden>/<hidden>
                            (recovery check against rising-edge clock clk_fpga_0  {rise@0.000ns fall@5.000ns period=10.000ns})
  Path Group:             (none)
  Path Type:              Recovery (Max at Slow Process Corner)
  Data Path Delay:        7.326ns  (logic 0.580ns (7.917%)  route 6.746ns (92.083%))
  Logic Levels:           1  (LUT1=1)
  Clock Path Skew:        -0.437ns (DCD - SCD + CPR)
    Destination Clock Delay (DCD):    2.745ns
    Source Clock Delay      (SCD):    3.182ns
    Clock Pessimism Removal (CPR):    0.000ns
  Clock Uncertainty:      0.154ns  ((TSJ^2 + TIJ^2)^1/2 + DJ) / 2 + PE
    Total System Jitter     (TSJ):    0.071ns
    Total Input Jitter      (TIJ):    0.300ns
    Discrete Jitter          (DJ):    0.000ns
    Phase Error              (PE):    0.000ns
  Timing Exception:       False Path

    Location             Delay type                Incr(ns)  Path(ns)    Netlist Resource(s)
  -------------------------------------------------------------------    -------------------
                         (clock clk_fpga_0 rise edge)
                                                      0.000     0.000 r  
    PS7_X0Y0             PS7                          0.000     0.000 r  gru_bin_version_i/processing_system7_0/inst/PS7_i/FCLKCLK[0]
                         net (fo=1, routed)           1.193     1.193    gru_bin_version_i/processing_system7_0/inst/FCLK_CLK_unbuffered[0]
    BUFGCTRL_X0Y16       BUFG (Prop_bufg_I_O)         0.101     1.294 r  gru_bin_version_i/processing_system7_0/inst/buffer_fclk_clk_0.FCLK_CLK_0_BUFG/O
                         net (fo=26756, routed)       1.888     3.182    gru_bin_version_i/rst_ps7_0_100M/U0/slowest_sync_clk
    SLICE_X27Y147        FDRE                                         r  gru_bin_version_i/rst_ps7_0_100M/U0/ACTIVE_LOW_PR_OUT_DFF[0].FDRE_PER_N/C
  -------------------------------------------------------------------    -------------------
    SLICE_X27Y147        FDRE (Prop_fdre_C_Q)         0.456     3.638 r  gru_bin_version_i/rst_ps7_0_100M/U0/ACTIVE_LOW_PR_OUT_DFF[0].FDRE_PER_N/Q
                         net (fo=29, routed)          5.704     9.342    gru_bin_version_i/axi_mem_intercon/s01_couplers/auto_pc/inst/gen_axi4_axi3.axi3_conv_inst/USE_WRITE.write_addr_inst/USE_BURSTS.cmd_queue/inst/aresetn
    SLICE_X20Y36         LUT1 (Prop_lut1_I0_O)        0.124     9.466 f  gru_bin_version_i/axi_mem_intercon/s01_couplers/auto_pc/inst/gen_axi4_axi3.axi3_conv_inst/USE_WRITE.write_addr_inst/USE_BURSTS.cmd_queue/inst/S_AXI_AREADY_I_i_1/O
                         net (fo=119, routed)         1.042    10.508    gru_bin_version_wrapper/gru_bin_version/gru_bin_version_axi_mem_intercon_0/s01_couplers_imp_NNMS53/gru_bin_version_axi_mem_intercon_imp_auto_pc_1/gru_bin_version_axi_mem_intercon_imp_auto_pc_1_axi_protocol_converter_v2_1_37_axi_protocol_converter/gru_bin_version_axi_mem_intercon_imp_auto_pc_1_axi_protocol_converter_v2_1_37_axi3_conv/gru_bin_version_axi_mem_intercon_imp_auto_pc_1_axi_protocol_converter_v2_1_37_a_axi3_conv/gru_bin_version_axi_mem_intercon_imp_auto_pc_1_axi_data_fifo_v2_1_36_axic_fifo_0/gru_bin_version_axi_mem_intercon_imp_auto_pc_1_axi_data_fifo_v2_1_36_fifo_gen/<hidden>/<hidden>/<hidden>/<hidden>/<hidden>/<hidden>
    SLICE_X29Y35         FDPE                                         f  gru_bin_version_wrapper/gru_bin_version/gru_bin_version_axi_mem_intercon_0/s01_couplers_imp_NNMS53/gru_bin_version_axi_mem_intercon_imp_auto_pc_1/gru_bin_version_axi_mem_intercon_imp_auto_pc_1_axi_protocol_converter_v2_1_37_axi_protocol_converter/gru_bin_version_axi_mem_intercon_imp_auto_pc_1_axi_protocol_converter_v2_1_37_axi3_conv/gru_bin_version_axi_mem_intercon_imp_auto_pc_1_axi_protocol_converter_v2_1_37_a_axi3_conv/gru_bin_version_axi_mem_intercon_imp_auto_pc_1_axi_data_fifo_v2_1_36_axic_fifo_0/gru_bin_version_axi_mem_intercon_imp_auto_pc_1_axi_data_fifo_v2_1_36_fifo_gen/<hidden>/<hidden>/<hidden>/<hidden>/<hidden>/<hidden>
  -------------------------------------------------------------------    -------------------

                         (clock clk_fpga_0 rise edge)
                                                      0.000     0.000 r  
    PS7_X0Y0             PS7                          0.000     0.000 r  gru_bin_version_i/processing_system7_0/inst/PS7_i/FCLKCLK[0]
                         net (fo=1, routed)           1.088     1.088    gru_bin_version_i/processing_system7_0/inst/FCLK_CLK_unbuffered[0]
    BUFGCTRL_X0Y16       BUFG (Prop_bufg_I_O)         0.091     1.179 r  gru_bin_version_i/processing_system7_0/inst/buffer_fclk_clk_0.FCLK_CLK_0_BUFG/O
                         net (fo=26756, routed)       1.566     2.745    gru_bin_version_wrapper/gru_bin_version/gru_bin_version_axi_mem_intercon_0/s01_couplers_imp_NNMS53/gru_bin_version_axi_mem_intercon_imp_auto_pc_1/gru_bin_version_axi_mem_intercon_imp_auto_pc_1_axi_protocol_converter_v2_1_37_axi_protocol_converter/gru_bin_version_axi_mem_intercon_imp_auto_pc_1_axi_protocol_converter_v2_1_37_axi3_conv/gru_bin_version_axi_mem_intercon_imp_auto_pc_1_axi_protocol_converter_v2_1_37_a_axi3_conv/gru_bin_version_axi_mem_intercon_imp_auto_pc_1_axi_data_fifo_v2_1_36_axic_fifo_0/gru_bin_version_axi_mem_intercon_imp_auto_pc_1_axi_data_fifo_v2_1_36_fifo_gen/<hidden>/<hidden>/<hidden>/<hidden>/<hidden>/<hidden>
    SLICE_X29Y35         FDPE                                         r  gru_bin_version_wrapper/gru_bin_version/gru_bin_version_axi_mem_intercon_0/s01_couplers_imp_NNMS53/gru_bin_version_axi_mem_intercon_imp_auto_pc_1/gru_bin_version_axi_mem_intercon_imp_auto_pc_1_axi_protocol_converter_v2_1_37_axi_protocol_converter/gru_bin_version_axi_mem_intercon_imp_auto_pc_1_axi_protocol_converter_v2_1_37_axi3_conv/gru_bin_version_axi_mem_intercon_imp_auto_pc_1_axi_protocol_converter_v2_1_37_a_axi3_conv/gru_bin_version_axi_mem_intercon_imp_auto_pc_1_axi_data_fifo_v2_1_36_axic_fifo_0/gru_bin_version_axi_mem_intercon_imp_auto_pc_1_axi_data_fifo_v2_1_36_fifo_gen/<hidden>/<hidden>/<hidden>/<hidden>/<hidden>/<hidden>

Slack:                    inf
  Source:                 gru_bin_version_i/rst_ps7_0_100M/U0/ACTIVE_LOW_PR_OUT_DFF[0].FDRE_PER_N/C
                            (rising edge-triggered cell FDRE clocked by clk_fpga_0  {rise@0.000ns fall@5.000ns period=10.000ns})
  Destination:            gru_bin_version_wrapper/gru_bin_version/gru_bin_version_axi_mem_intercon_0/s01_couplers_imp_NNMS53/gru_bin_version_axi_mem_intercon_imp_auto_pc_1/gru_bin_version_axi_mem_intercon_imp_auto_pc_1_axi_protocol_converter_v2_1_37_axi_protocol_converter/gru_bin_version_axi_mem_intercon_imp_auto_pc_1_axi_protocol_converter_v2_1_37_axi3_conv/gru_bin_version_axi_mem_intercon_imp_auto_pc_1_axi_protocol_converter_v2_1_37_a_axi3_conv/gru_bin_version_axi_mem_intercon_imp_auto_pc_1_axi_data_fifo_v2_1_36_axic_fifo_0/gru_bin_version_axi_mem_intercon_imp_auto_pc_1_axi_data_fifo_v2_1_36_fifo_gen/<hidden>/<hidden>/<hidden>/<hidden>/<hidden>/<hidden>
                            (recovery check against rising-edge clock clk_fpga_0  {rise@0.000ns fall@5.000ns period=10.000ns})
  Path Group:             (none)
  Path Type:              Recovery (Max at Slow Process Corner)
  Data Path Delay:        7.326ns  (logic 0.580ns (7.917%)  route 6.746ns (92.083%))
  Logic Levels:           1  (LUT1=1)
  Clock Path Skew:        -0.437ns (DCD - SCD + CPR)
    Destination Clock Delay (DCD):    2.745ns
    Source Clock Delay      (SCD):    3.182ns
    Clock Pessimism Removal (CPR):    0.000ns
  Clock Uncertainty:      0.154ns  ((TSJ^2 + TIJ^2)^1/2 + DJ) / 2 + PE
    Total System Jitter     (TSJ):    0.071ns
    Total Input Jitter      (TIJ):    0.300ns
    Discrete Jitter          (DJ):    0.000ns
    Phase Error              (PE):    0.000ns
  Timing Exception:       False Path

    Location             Delay type                Incr(ns)  Path(ns)    Netlist Resource(s)
  -------------------------------------------------------------------    -------------------
                         (clock clk_fpga_0 rise edge)
                                                      0.000     0.000 r  
    PS7_X0Y0             PS7                          0.000     0.000 r  gru_bin_version_i/processing_system7_0/inst/PS7_i/FCLKCLK[0]
                         net (fo=1, routed)           1.193     1.193    gru_bin_version_i/processing_system7_0/inst/FCLK_CLK_unbuffered[0]
    BUFGCTRL_X0Y16       BUFG (Prop_bufg_I_O)         0.101     1.294 r  gru_bin_version_i/processing_system7_0/inst/buffer_fclk_clk_0.FCLK_CLK_0_BUFG/O
                         net (fo=26756, routed)       1.888     3.182    gru_bin_version_i/rst_ps7_0_100M/U0/slowest_sync_clk
    SLICE_X27Y147        FDRE                                         r  gru_bin_version_i/rst_ps7_0_100M/U0/ACTIVE_LOW_PR_OUT_DFF[0].FDRE_PER_N/C
  -------------------------------------------------------------------    -------------------
    SLICE_X27Y147        FDRE (Prop_fdre_C_Q)         0.456     3.638 r  gru_bin_version_i/rst_ps7_0_100M/U0/ACTIVE_LOW_PR_OUT_DFF[0].FDRE_PER_N/Q
                         net (fo=29, routed)          5.704     9.342    gru_bin_version_i/axi_mem_intercon/s01_couplers/auto_pc/inst/gen_axi4_axi3.axi3_conv_inst/USE_WRITE.write_addr_inst/USE_BURSTS.cmd_queue/inst/aresetn
    SLICE_X20Y36         LUT1 (Prop_lut1_I0_O)        0.124     9.466 f  gru_bin_version_i/axi_mem_intercon/s01_couplers/auto_pc/inst/gen_axi4_axi3.axi3_conv_inst/USE_WRITE.write_addr_inst/USE_BURSTS.cmd_queue/inst/S_AXI_AREADY_I_i_1/O
                         net (fo=119, routed)         1.042    10.508    gru_bin_version_wrapper/gru_bin_version/gru_bin_version_axi_mem_intercon_0/s01_couplers_imp_NNMS53/gru_bin_version_axi_mem_intercon_imp_auto_pc_1/gru_bin_version_axi_mem_intercon_imp_auto_pc_1_axi_protocol_converter_v2_1_37_axi_protocol_converter/gru_bin_version_axi_mem_intercon_imp_auto_pc_1_axi_protocol_converter_v2_1_37_axi3_conv/gru_bin_version_axi_mem_intercon_imp_auto_pc_1_axi_protocol_converter_v2_1_37_a_axi3_conv/gru_bin_version_axi_mem_intercon_imp_auto_pc_1_axi_data_fifo_v2_1_36_axic_fifo_0/gru_bin_version_axi_mem_intercon_imp_auto_pc_1_axi_data_fifo_v2_1_36_fifo_gen/<hidden>/<hidden>/<hidden>/<hidden>/<hidden>/<hidden>
    SLICE_X29Y35         FDPE                                         f  gru_bin_version_wrapper/gru_bin_version/gru_bin_version_axi_mem_intercon_0/s01_couplers_imp_NNMS53/gru_bin_version_axi_mem_intercon_imp_auto_pc_1/gru_bin_version_axi_mem_intercon_imp_auto_pc_1_axi_protocol_converter_v2_1_37_axi_protocol_converter/gru_bin_version_axi_mem_intercon_imp_auto_pc_1_axi_protocol_converter_v2_1_37_axi3_conv/gru_bin_version_axi_mem_intercon_imp_auto_pc_1_axi_protocol_converter_v2_1_37_a_axi3_conv/gru_bin_version_axi_mem_intercon_imp_auto_pc_1_axi_data_fifo_v2_1_36_axic_fifo_0/gru_bin_version_axi_mem_intercon_imp_auto_pc_1_axi_data_fifo_v2_1_36_fifo_gen/<hidden>/<hidden>/<hidden>/<hidden>/<hidden>/<hidden>
  -------------------------------------------------------------------    -------------------

                         (clock clk_fpga_0 rise edge)
                                                      0.000     0.000 r  
    PS7_X0Y0             PS7                          0.000     0.000 r  gru_bin_version_i/processing_system7_0/inst/PS7_i/FCLKCLK[0]
                         net (fo=1, routed)           1.088     1.088    gru_bin_version_i/processing_system7_0/inst/FCLK_CLK_unbuffered[0]
    BUFGCTRL_X0Y16       BUFG (Prop_bufg_I_O)         0.091     1.179 r  gru_bin_version_i/processing_system7_0/inst/buffer_fclk_clk_0.FCLK_CLK_0_BUFG/O
                         net (fo=26756, routed)       1.566     2.745    gru_bin_version_wrapper/gru_bin_version/gru_bin_version_axi_mem_intercon_0/s01_couplers_imp_NNMS53/gru_bin_version_axi_mem_intercon_imp_auto_pc_1/gru_bin_version_axi_mem_intercon_imp_auto_pc_1_axi_protocol_converter_v2_1_37_axi_protocol_converter/gru_bin_version_axi_mem_intercon_imp_auto_pc_1_axi_protocol_converter_v2_1_37_axi3_conv/gru_bin_version_axi_mem_intercon_imp_auto_pc_1_axi_protocol_converter_v2_1_37_a_axi3_conv/gru_bin_version_axi_mem_intercon_imp_auto_pc_1_axi_data_fifo_v2_1_36_axic_fifo_0/gru_bin_version_axi_mem_intercon_imp_auto_pc_1_axi_data_fifo_v2_1_36_fifo_gen/<hidden>/<hidden>/<hidden>/<hidden>/<hidden>/<hidden>
    SLICE_X29Y35         FDPE                                         r  gru_bin_version_wrapper/gru_bin_version/gru_bin_version_axi_mem_intercon_0/s01_couplers_imp_NNMS53/gru_bin_version_axi_mem_intercon_imp_auto_pc_1/gru_bin_version_axi_mem_intercon_imp_auto_pc_1_axi_protocol_converter_v2_1_37_axi_protocol_converter/gru_bin_version_axi_mem_intercon_imp_auto_pc_1_axi_protocol_converter_v2_1_37_axi3_conv/gru_bin_version_axi_mem_intercon_imp_auto_pc_1_axi_protocol_converter_v2_1_37_a_axi3_conv/gru_bin_version_axi_mem_intercon_imp_auto_pc_1_axi_data_fifo_v2_1_36_axic_fifo_0/gru_bin_version_axi_mem_intercon_imp_auto_pc_1_axi_data_fifo_v2_1_36_fifo_gen/<hidden>/<hidden>/<hidden>/<hidden>/<hidden>/<hidden>

Slack:                    inf
  Source:                 gru_bin_version_i/rst_ps7_0_100M/U0/ACTIVE_LOW_PR_OUT_DFF[0].FDRE_PER_N/C
                            (rising edge-triggered cell FDRE clocked by clk_fpga_0  {rise@0.000ns fall@5.000ns period=10.000ns})
  Destination:            gru_bin_version_wrapper/gru_bin_version/gru_bin_version_axi_mem_intercon_0/s00_couplers_imp_1UT69KP/gru_bin_version_axi_mem_intercon_imp_auto_pc_0/gru_bin_version_axi_mem_intercon_imp_auto_pc_0_axi_protocol_converter_v2_1_37_axi_protocol_converter/gru_bin_version_axi_mem_intercon_imp_auto_pc_0_axi_protocol_converter_v2_1_37_axi3_conv/gru_bin_version_axi_mem_intercon_imp_auto_pc_0_axi_protocol_converter_v2_1_37_a_axi3_conv/gru_bin_version_axi_mem_intercon_imp_auto_pc_0_axi_data_fifo_v2_1_36_axic_fifo/gru_bin_version_axi_mem_intercon_imp_auto_pc_0_axi_data_fifo_v2_1_36_fifo_gen/<hidden>/<hidden>/<hidden>/<hidden>/<hidden>/<hidden>
                            (recovery check against rising-edge clock clk_fpga_0  {rise@0.000ns fall@5.000ns period=10.000ns})
  Path Group:             (none)
  Path Type:              Recovery (Max at Slow Process Corner)
  Data Path Delay:        6.852ns  (logic 0.580ns (8.465%)  route 6.272ns (91.535%))
  Logic Levels:           1  (LUT1=1)
  Clock Path Skew:        -0.442ns (DCD - SCD + CPR)
    Destination Clock Delay (DCD):    2.740ns
    Source Clock Delay      (SCD):    3.182ns
    Clock Pessimism Removal (CPR):    0.000ns
  Clock Uncertainty:      0.154ns  ((TSJ^2 + TIJ^2)^1/2 + DJ) / 2 + PE
    Total System Jitter     (TSJ):    0.071ns
    Total Input Jitter      (TIJ):    0.300ns
    Discrete Jitter          (DJ):    0.000ns
    Phase Error              (PE):    0.000ns
  Timing Exception:       False Path

    Location             Delay type                Incr(ns)  Path(ns)    Netlist Resource(s)
  -------------------------------------------------------------------    -------------------
                         (clock clk_fpga_0 rise edge)
                                                      0.000     0.000 r  
    PS7_X0Y0             PS7                          0.000     0.000 r  gru_bin_version_i/processing_system7_0/inst/PS7_i/FCLKCLK[0]
                         net (fo=1, routed)           1.193     1.193    gru_bin_version_i/processing_system7_0/inst/FCLK_CLK_unbuffered[0]
    BUFGCTRL_X0Y16       BUFG (Prop_bufg_I_O)         0.101     1.294 r  gru_bin_version_i/processing_system7_0/inst/buffer_fclk_clk_0.FCLK_CLK_0_BUFG/O
                         net (fo=26756, routed)       1.888     3.182    gru_bin_version_i/rst_ps7_0_100M/U0/slowest_sync_clk
    SLICE_X27Y147        FDRE                                         r  gru_bin_version_i/rst_ps7_0_100M/U0/ACTIVE_LOW_PR_OUT_DFF[0].FDRE_PER_N/C
  -------------------------------------------------------------------    -------------------
    SLICE_X27Y147        FDRE (Prop_fdre_C_Q)         0.456     3.638 r  gru_bin_version_i/rst_ps7_0_100M/U0/ACTIVE_LOW_PR_OUT_DFF[0].FDRE_PER_N/Q
                         net (fo=29, routed)          5.616     9.254    gru_bin_version_i/axi_mem_intercon/s00_couplers/auto_pc/inst/gen_axi4_axi3.axi3_conv_inst/USE_READ.USE_SPLIT_R.read_addr_inst/USE_R_CHANNEL.cmd_queue/inst/aresetn
    SLICE_X26Y31         LUT1 (Prop_lut1_I0_O)        0.124     9.378 f  gru_bin_version_i/axi_mem_intercon/s00_couplers/auto_pc/inst/gen_axi4_axi3.axi3_conv_inst/USE_READ.USE_SPLIT_R.read_addr_inst/USE_R_CHANNEL.cmd_queue/inst/S_AXI_ASIZE_Q[2]_i_1/O
                         net (fo=44, routed)          0.656    10.034    gru_bin_version_wrapper/gru_bin_version/gru_bin_version_axi_mem_intercon_0/s00_couplers_imp_1UT69KP/gru_bin_version_axi_mem_intercon_imp_auto_pc_0/gru_bin_version_axi_mem_intercon_imp_auto_pc_0_axi_protocol_converter_v2_1_37_axi_protocol_converter/gru_bin_version_axi_mem_intercon_imp_auto_pc_0_axi_protocol_converter_v2_1_37_axi3_conv/gru_bin_version_axi_mem_intercon_imp_auto_pc_0_axi_protocol_converter_v2_1_37_a_axi3_conv/gru_bin_version_axi_mem_intercon_imp_auto_pc_0_axi_data_fifo_v2_1_36_axic_fifo/gru_bin_version_axi_mem_intercon_imp_auto_pc_0_axi_data_fifo_v2_1_36_fifo_gen/<hidden>/<hidden>/<hidden>/<hidden>/<hidden>/<hidden>
    SLICE_X30Y31         FDPE                                         f  gru_bin_version_wrapper/gru_bin_version/gru_bin_version_axi_mem_intercon_0/s00_couplers_imp_1UT69KP/gru_bin_version_axi_mem_intercon_imp_auto_pc_0/gru_bin_version_axi_mem_intercon_imp_auto_pc_0_axi_protocol_converter_v2_1_37_axi_protocol_converter/gru_bin_version_axi_mem_intercon_imp_auto_pc_0_axi_protocol_converter_v2_1_37_axi3_conv/gru_bin_version_axi_mem_intercon_imp_auto_pc_0_axi_protocol_converter_v2_1_37_a_axi3_conv/gru_bin_version_axi_mem_intercon_imp_auto_pc_0_axi_data_fifo_v2_1_36_axic_fifo/gru_bin_version_axi_mem_intercon_imp_auto_pc_0_axi_data_fifo_v2_1_36_fifo_gen/<hidden>/<hidden>/<hidden>/<hidden>/<hidden>/<hidden>
  -------------------------------------------------------------------    -------------------

                         (clock clk_fpga_0 rise edge)
                                                      0.000     0.000 r  
    PS7_X0Y0             PS7                          0.000     0.000 r  gru_bin_version_i/processing_system7_0/inst/PS7_i/FCLKCLK[0]
                         net (fo=1, routed)           1.088     1.088    gru_bin_version_i/processing_system7_0/inst/FCLK_CLK_unbuffered[0]
    BUFGCTRL_X0Y16       BUFG (Prop_bufg_I_O)         0.091     1.179 r  gru_bin_version_i/processing_system7_0/inst/buffer_fclk_clk_0.FCLK_CLK_0_BUFG/O
                         net (fo=26756, routed)       1.561     2.740    gru_bin_version_wrapper/gru_bin_version/gru_bin_version_axi_mem_intercon_0/s00_couplers_imp_1UT69KP/gru_bin_version_axi_mem_intercon_imp_auto_pc_0/gru_bin_version_axi_mem_intercon_imp_auto_pc_0_axi_protocol_converter_v2_1_37_axi_protocol_converter/gru_bin_version_axi_mem_intercon_imp_auto_pc_0_axi_protocol_converter_v2_1_37_axi3_conv/gru_bin_version_axi_mem_intercon_imp_auto_pc_0_axi_protocol_converter_v2_1_37_a_axi3_conv/gru_bin_version_axi_mem_intercon_imp_auto_pc_0_axi_data_fifo_v2_1_36_axic_fifo/gru_bin_version_axi_mem_intercon_imp_auto_pc_0_axi_data_fifo_v2_1_36_fifo_gen/<hidden>/<hidden>/<hidden>/<hidden>/<hidden>/<hidden>
    SLICE_X30Y31         FDPE                                         r  gru_bin_version_wrapper/gru_bin_version/gru_bin_version_axi_mem_intercon_0/s00_couplers_imp_1UT69KP/gru_bin_version_axi_mem_intercon_imp_auto_pc_0/gru_bin_version_axi_mem_intercon_imp_auto_pc_0_axi_protocol_converter_v2_1_37_axi_protocol_converter/gru_bin_version_axi_mem_intercon_imp_auto_pc_0_axi_protocol_converter_v2_1_37_axi3_conv/gru_bin_version_axi_mem_intercon_imp_auto_pc_0_axi_protocol_converter_v2_1_37_a_axi3_conv/gru_bin_version_axi_mem_intercon_imp_auto_pc_0_axi_data_fifo_v2_1_36_axic_fifo/gru_bin_version_axi_mem_intercon_imp_auto_pc_0_axi_data_fifo_v2_1_36_fifo_gen/<hidden>/<hidden>/<hidden>/<hidden>/<hidden>/<hidden>

Slack:                    inf
  Source:                 gru_bin_version_i/rst_ps7_0_100M/U0/ACTIVE_LOW_PR_OUT_DFF[0].FDRE_PER_N/C
                            (rising edge-triggered cell FDRE clocked by clk_fpga_0  {rise@0.000ns fall@5.000ns period=10.000ns})
  Destination:            gru_bin_version_wrapper/gru_bin_version/gru_bin_version_axi_mem_intercon_0/s00_couplers_imp_1UT69KP/gru_bin_version_axi_mem_intercon_imp_auto_pc_0/gru_bin_version_axi_mem_intercon_imp_auto_pc_0_axi_protocol_converter_v2_1_37_axi_protocol_converter/gru_bin_version_axi_mem_intercon_imp_auto_pc_0_axi_protocol_converter_v2_1_37_axi3_conv/gru_bin_version_axi_mem_intercon_imp_auto_pc_0_axi_protocol_converter_v2_1_37_a_axi3_conv/gru_bin_version_axi_mem_intercon_imp_auto_pc_0_axi_data_fifo_v2_1_36_axic_fifo/gru_bin_version_axi_mem_intercon_imp_auto_pc_0_axi_data_fifo_v2_1_36_fifo_gen/<hidden>/<hidden>/<hidden>/<hidden>/<hidden>/<hidden>
                            (recovery check against rising-edge clock clk_fpga_0  {rise@0.000ns fall@5.000ns period=10.000ns})
  Path Group:             (none)
  Path Type:              Recovery (Max at Slow Process Corner)
  Data Path Delay:        6.852ns  (logic 0.580ns (8.465%)  route 6.272ns (91.535%))
  Logic Levels:           1  (LUT1=1)
  Clock Path Skew:        -0.442ns (DCD - SCD + CPR)
    Destination Clock Delay (DCD):    2.740ns
    Source Clock Delay      (SCD):    3.182ns
    Clock Pessimism Removal (CPR):    0.000ns
  Clock Uncertainty:      0.154ns  ((TSJ^2 + TIJ^2)^1/2 + DJ) / 2 + PE
    Total System Jitter     (TSJ):    0.071ns
    Total Input Jitter      (TIJ):    0.300ns
    Discrete Jitter          (DJ):    0.000ns
    Phase Error              (PE):    0.000ns
  Timing Exception:       False Path

    Location             Delay type                Incr(ns)  Path(ns)    Netlist Resource(s)
  -------------------------------------------------------------------    -------------------
                         (clock clk_fpga_0 rise edge)
                                                      0.000     0.000 r  
    PS7_X0Y0             PS7                          0.000     0.000 r  gru_bin_version_i/processing_system7_0/inst/PS7_i/FCLKCLK[0]
                         net (fo=1, routed)           1.193     1.193    gru_bin_version_i/processing_system7_0/inst/FCLK_CLK_unbuffered[0]
    BUFGCTRL_X0Y16       BUFG (Prop_bufg_I_O)         0.101     1.294 r  gru_bin_version_i/processing_system7_0/inst/buffer_fclk_clk_0.FCLK_CLK_0_BUFG/O
                         net (fo=26756, routed)       1.888     3.182    gru_bin_version_i/rst_ps7_0_100M/U0/slowest_sync_clk
    SLICE_X27Y147        FDRE                                         r  gru_bin_version_i/rst_ps7_0_100M/U0/ACTIVE_LOW_PR_OUT_DFF[0].FDRE_PER_N/C
  -------------------------------------------------------------------    -------------------
    SLICE_X27Y147        FDRE (Prop_fdre_C_Q)         0.456     3.638 r  gru_bin_version_i/rst_ps7_0_100M/U0/ACTIVE_LOW_PR_OUT_DFF[0].FDRE_PER_N/Q
                         net (fo=29, routed)          5.616     9.254    gru_bin_version_i/axi_mem_intercon/s00_couplers/auto_pc/inst/gen_axi4_axi3.axi3_conv_inst/USE_READ.USE_SPLIT_R.read_addr_inst/USE_R_CHANNEL.cmd_queue/inst/aresetn
    SLICE_X26Y31         LUT1 (Prop_lut1_I0_O)        0.124     9.378 f  gru_bin_version_i/axi_mem_intercon/s00_couplers/auto_pc/inst/gen_axi4_axi3.axi3_conv_inst/USE_READ.USE_SPLIT_R.read_addr_inst/USE_R_CHANNEL.cmd_queue/inst/S_AXI_ASIZE_Q[2]_i_1/O
                         net (fo=44, routed)          0.656    10.034    gru_bin_version_wrapper/gru_bin_version/gru_bin_version_axi_mem_intercon_0/s00_couplers_imp_1UT69KP/gru_bin_version_axi_mem_intercon_imp_auto_pc_0/gru_bin_version_axi_mem_intercon_imp_auto_pc_0_axi_protocol_converter_v2_1_37_axi_protocol_converter/gru_bin_version_axi_mem_intercon_imp_auto_pc_0_axi_protocol_converter_v2_1_37_axi3_conv/gru_bin_version_axi_mem_intercon_imp_auto_pc_0_axi_protocol_converter_v2_1_37_a_axi3_conv/gru_bin_version_axi_mem_intercon_imp_auto_pc_0_axi_data_fifo_v2_1_36_axic_fifo/gru_bin_version_axi_mem_intercon_imp_auto_pc_0_axi_data_fifo_v2_1_36_fifo_gen/<hidden>/<hidden>/<hidden>/<hidden>/<hidden>/<hidden>
    SLICE_X30Y31         FDPE                                         f  gru_bin_version_wrapper/gru_bin_version/gru_bin_version_axi_mem_intercon_0/s00_couplers_imp_1UT69KP/gru_bin_version_axi_mem_intercon_imp_auto_pc_0/gru_bin_version_axi_mem_intercon_imp_auto_pc_0_axi_protocol_converter_v2_1_37_axi_protocol_converter/gru_bin_version_axi_mem_intercon_imp_auto_pc_0_axi_protocol_converter_v2_1_37_axi3_conv/gru_bin_version_axi_mem_intercon_imp_auto_pc_0_axi_protocol_converter_v2_1_37_a_axi3_conv/gru_bin_version_axi_mem_intercon_imp_auto_pc_0_axi_data_fifo_v2_1_36_axic_fifo/gru_bin_version_axi_mem_intercon_imp_auto_pc_0_axi_data_fifo_v2_1_36_fifo_gen/<hidden>/<hidden>/<hidden>/<hidden>/<hidden>/<hidden>
  -------------------------------------------------------------------    -------------------

                         (clock clk_fpga_0 rise edge)
                                                      0.000     0.000 r  
    PS7_X0Y0             PS7                          0.000     0.000 r  gru_bin_version_i/processing_system7_0/inst/PS7_i/FCLKCLK[0]
                         net (fo=1, routed)           1.088     1.088    gru_bin_version_i/processing_system7_0/inst/FCLK_CLK_unbuffered[0]
    BUFGCTRL_X0Y16       BUFG (Prop_bufg_I_O)         0.091     1.179 r  gru_bin_version_i/processing_system7_0/inst/buffer_fclk_clk_0.FCLK_CLK_0_BUFG/O
                         net (fo=26756, routed)       1.561     2.740    gru_bin_version_wrapper/gru_bin_version/gru_bin_version_axi_mem_intercon_0/s00_couplers_imp_1UT69KP/gru_bin_version_axi_mem_intercon_imp_auto_pc_0/gru_bin_version_axi_mem_intercon_imp_auto_pc_0_axi_protocol_converter_v2_1_37_axi_protocol_converter/gru_bin_version_axi_mem_intercon_imp_auto_pc_0_axi_protocol_converter_v2_1_37_axi3_conv/gru_bin_version_axi_mem_intercon_imp_auto_pc_0_axi_protocol_converter_v2_1_37_a_axi3_conv/gru_bin_version_axi_mem_intercon_imp_auto_pc_0_axi_data_fifo_v2_1_36_axic_fifo/gru_bin_version_axi_mem_intercon_imp_auto_pc_0_axi_data_fifo_v2_1_36_fifo_gen/<hidden>/<hidden>/<hidden>/<hidden>/<hidden>/<hidden>
    SLICE_X30Y31         FDPE                                         r  gru_bin_version_wrapper/gru_bin_version/gru_bin_version_axi_mem_intercon_0/s00_couplers_imp_1UT69KP/gru_bin_version_axi_mem_intercon_imp_auto_pc_0/gru_bin_version_axi_mem_intercon_imp_auto_pc_0_axi_protocol_converter_v2_1_37_axi_protocol_converter/gru_bin_version_axi_mem_intercon_imp_auto_pc_0_axi_protocol_converter_v2_1_37_axi3_conv/gru_bin_version_axi_mem_intercon_imp_auto_pc_0_axi_protocol_converter_v2_1_37_a_axi3_conv/gru_bin_version_axi_mem_intercon_imp_auto_pc_0_axi_data_fifo_v2_1_36_axic_fifo/gru_bin_version_axi_mem_intercon_imp_auto_pc_0_axi_data_fifo_v2_1_36_fifo_gen/<hidden>/<hidden>/<hidden>/<hidden>/<hidden>/<hidden>

Slack:                    inf
  Source:                 gru_bin_version_i/rst_ps7_0_100M/U0/ACTIVE_LOW_PR_OUT_DFF[0].FDRE_PER_N/C
                            (rising edge-triggered cell FDRE clocked by clk_fpga_0  {rise@0.000ns fall@5.000ns period=10.000ns})
  Destination:            gru_bin_version_i/axi_dma_0/U0/I_RST_MODULE/REG_HRD_RST/syncstages_ff_reg[0]/D
                            (rising edge-triggered cell FDRE clocked by clk_fpga_0  {rise@0.000ns fall@5.000ns period=10.000ns})
  Path Group:             (none)
  Path Type:              Setup (Max at Slow Process Corner)
  Data Path Delay:        5.743ns  (logic 0.456ns (7.941%)  route 5.287ns (92.059%))
  Logic Levels:           0  
  Clock Path Skew:        -0.508ns (DCD - SCD + CPR)
    Destination Clock Delay (DCD):    2.674ns
    Source Clock Delay      (SCD):    3.182ns
    Clock Pessimism Removal (CPR):    0.000ns
  Clock Uncertainty:      0.154ns  ((TSJ^2 + TIJ^2)^1/2 + DJ) / 2 + PE
    Total System Jitter     (TSJ):    0.071ns
    Total Input Jitter      (TIJ):    0.300ns
    Discrete Jitter          (DJ):    0.000ns
    Phase Error              (PE):    0.000ns
  Timing Exception:       False Path

    Location             Delay type                Incr(ns)  Path(ns)    Netlist Resource(s)
  -------------------------------------------------------------------    -------------------
                         (clock clk_fpga_0 rise edge)
                                                      0.000     0.000 r  
    PS7_X0Y0             PS7                          0.000     0.000 r  gru_bin_version_i/processing_system7_0/inst/PS7_i/FCLKCLK[0]
                         net (fo=1, routed)           1.193     1.193    gru_bin_version_i/processing_system7_0/inst/FCLK_CLK_unbuffered[0]
    BUFGCTRL_X0Y16       BUFG (Prop_bufg_I_O)         0.101     1.294 r  gru_bin_version_i/processing_system7_0/inst/buffer_fclk_clk_0.FCLK_CLK_0_BUFG/O
                         net (fo=26756, routed)       1.888     3.182    gru_bin_version_i/rst_ps7_0_100M/U0/slowest_sync_clk
    SLICE_X27Y147        FDRE                                         r  gru_bin_version_i/rst_ps7_0_100M/U0/ACTIVE_LOW_PR_OUT_DFF[0].FDRE_PER_N/C
  -------------------------------------------------------------------    -------------------
    SLICE_X27Y147        FDRE (Prop_fdre_C_Q)         0.456     3.638 r  gru_bin_version_i/rst_ps7_0_100M/U0/ACTIVE_LOW_PR_OUT_DFF[0].FDRE_PER_N/Q
                         net (fo=29, routed)          5.287     8.925    gru_bin_version_i/axi_dma_0/U0/I_RST_MODULE/REG_HRD_RST/src_rst
    SLICE_X33Y44         FDRE                                         r  gru_bin_version_i/axi_dma_0/U0/I_RST_MODULE/REG_HRD_RST/syncstages_ff_reg[0]/D
  -------------------------------------------------------------------    -------------------

                         (clock clk_fpga_0 rise edge)
                                                      0.000     0.000 r  
    PS7_X0Y0             PS7                          0.000     0.000 r  gru_bin_version_i/processing_system7_0/inst/PS7_i/FCLKCLK[0]
                         net (fo=1, routed)           1.088     1.088    gru_bin_version_i/processing_system7_0/inst/FCLK_CLK_unbuffered[0]
    BUFGCTRL_X0Y16       BUFG (Prop_bufg_I_O)         0.091     1.179 r  gru_bin_version_i/processing_system7_0/inst/buffer_fclk_clk_0.FCLK_CLK_0_BUFG/O
                         net (fo=26756, routed)       1.495     2.674    gru_bin_version_i/axi_dma_0/U0/I_RST_MODULE/REG_HRD_RST/dest_clk
    SLICE_X33Y44         FDRE                                         r  gru_bin_version_i/axi_dma_0/U0/I_RST_MODULE/REG_HRD_RST/syncstages_ff_reg[0]/C

Slack:                    inf
  Source:                 gru_bin_version_i/axi_smc/inst/clk_map/psr_aclk/U0/ACTIVE_LOW_BSR_OUT_DFF[0].FDRE_BSR_N/C
                            (rising edge-triggered cell FDRE clocked by clk_fpga_0  {rise@0.000ns fall@5.000ns period=10.000ns})
  Destination:            gru_bin_version_i/axi_smc/inst/m00_nodes/m00_w_node/inst/s_sc_xpm_cdc_async_rst_inst/arststages_ff_reg[0]/CLR
                            (recovery check against rising-edge clock clk_fpga_0  {rise@0.000ns fall@5.000ns period=10.000ns})
  Path Group:             (none)
  Path Type:              Recovery (Max at Slow Process Corner)
  Data Path Delay:        5.078ns  (logic 0.672ns (13.233%)  route 4.406ns (86.767%))
  Logic Levels:           1  (LUT1=1)
  Clock Path Skew:        -0.541ns (DCD - SCD + CPR)
    Destination Clock Delay (DCD):    2.640ns
    Source Clock Delay      (SCD):    3.181ns
    Clock Pessimism Removal (CPR):    0.000ns
  Clock Uncertainty:      0.154ns  ((TSJ^2 + TIJ^2)^1/2 + DJ) / 2 + PE
    Total System Jitter     (TSJ):    0.071ns
    Total Input Jitter      (TIJ):    0.300ns
    Discrete Jitter          (DJ):    0.000ns
    Phase Error              (PE):    0.000ns
  Timing Exception:       False Path

    Location             Delay type                Incr(ns)  Path(ns)    Netlist Resource(s)
  -------------------------------------------------------------------    -------------------
                         (clock clk_fpga_0 rise edge)
                                                      0.000     0.000 r  
    PS7_X0Y0             PS7                          0.000     0.000 r  gru_bin_version_i/processing_system7_0/inst/PS7_i/FCLKCLK[0]
                         net (fo=1, routed)           1.193     1.193    gru_bin_version_i/processing_system7_0/inst/FCLK_CLK_unbuffered[0]
    BUFGCTRL_X0Y16       BUFG (Prop_bufg_I_O)         0.101     1.294 r  gru_bin_version_i/processing_system7_0/inst/buffer_fclk_clk_0.FCLK_CLK_0_BUFG/O
                         net (fo=26756, routed)       1.887     3.181    gru_bin_version_i/axi_smc/inst/clk_map/psr_aclk/U0/aclk
    SLICE_X26Y103        FDRE                                         r  gru_bin_version_i/axi_smc/inst/clk_map/psr_aclk/U0/ACTIVE_LOW_BSR_OUT_DFF[0].FDRE_BSR_N/C
  -------------------------------------------------------------------    -------------------
    SLICE_X26Y103        FDRE (Prop_fdre_C_Q)         0.518     3.699 r  gru_bin_version_i/axi_smc/inst/clk_map/psr_aclk/U0/ACTIVE_LOW_BSR_OUT_DFF[0].FDRE_BSR_N/Q
                         net (fo=25, routed)          3.614     7.313    gru_bin_version_i/axi_smc/inst/m00_nodes/m00_w_node/inst/s_sc_xpm_cdc_async_rst_inst/src_arst
    SLICE_X51Y64         LUT1 (Prop_lut1_I0_O)        0.154     7.467 f  gru_bin_version_i/axi_smc/inst/m00_nodes/m00_w_node/inst/s_sc_xpm_cdc_async_rst_inst/arststages_ff[2]_i_1/O
                         net (fo=3, routed)           0.792     8.259    gru_bin_version_i/axi_smc/inst/m00_nodes/m00_w_node/inst/s_sc_xpm_cdc_async_rst_inst/reset_pol
    SLICE_X51Y64         FDCE                                         f  gru_bin_version_i/axi_smc/inst/m00_nodes/m00_w_node/inst/s_sc_xpm_cdc_async_rst_inst/arststages_ff_reg[0]/CLR
  -------------------------------------------------------------------    -------------------

                         (clock clk_fpga_0 rise edge)
                                                      0.000     0.000 r  
    PS7_X0Y0             PS7                          0.000     0.000 r  gru_bin_version_i/processing_system7_0/inst/PS7_i/FCLKCLK[0]
                         net (fo=1, routed)           1.088     1.088    gru_bin_version_i/processing_system7_0/inst/FCLK_CLK_unbuffered[0]
    BUFGCTRL_X0Y16       BUFG (Prop_bufg_I_O)         0.091     1.179 r  gru_bin_version_i/processing_system7_0/inst/buffer_fclk_clk_0.FCLK_CLK_0_BUFG/O
                         net (fo=26756, routed)       1.461     2.640    gru_bin_version_i/axi_smc/inst/m00_nodes/m00_w_node/inst/s_sc_xpm_cdc_async_rst_inst/dest_clk
    SLICE_X51Y64         FDCE                                         r  gru_bin_version_i/axi_smc/inst/m00_nodes/m00_w_node/inst/s_sc_xpm_cdc_async_rst_inst/arststages_ff_reg[0]/C





Min Delay Paths
--------------------------------------------------------------------------------------
Slack:                    inf
  Source:                 gru_bin_version_i/rst_ps7_0_100M/U0/ACTIVE_LOW_PR_OUT_DFF[0].FDRE_PER_N/C
                            (rising edge-triggered cell FDRE clocked by clk_fpga_0  {rise@0.000ns fall@5.000ns period=10.000ns})
  Destination:            gru_bin_version_i/axi_smc/inst/clk_map/psr_aclk/U0/EXT_LPF/ACTIVE_LOW_AUX.ACT_LO_AUX/syncstages_ff_reg[0]/D
                            (rising edge-triggered cell FDRE clocked by clk_fpga_0  {rise@0.000ns fall@5.000ns period=10.000ns})
  Path Group:             (none)
  Path Type:              Hold (Min at Fast Process Corner)
  Data Path Delay:        0.318ns  (logic 0.186ns (58.470%)  route 0.132ns (41.530%))
  Logic Levels:           1  (LUT1=1)
  Clock Path Skew:        0.305ns (DCD - SCD - CPR)
    Destination Clock Delay (DCD):    1.297ns
    Source Clock Delay      (SCD):    0.992ns
    Clock Pessimism Removal (CPR):    -0.000ns
  Clock Uncertainty:      0.154ns  ((TSJ^2 + TIJ^2)^1/2 + DJ) / 2 + PE
    Total System Jitter     (TSJ):    0.071ns
    Total Input Jitter      (TIJ):    0.300ns
    Discrete Jitter          (DJ):    0.000ns
    Phase Error              (PE):    0.000ns
  Timing Exception:       False Path

    Location             Delay type                Incr(ns)  Path(ns)    Netlist Resource(s)
  -------------------------------------------------------------------    -------------------
                         (clock clk_fpga_0 rise edge)
                                                      0.000     0.000 r  
    PS7_X0Y0             PS7                          0.000     0.000 r  gru_bin_version_i/processing_system7_0/inst/PS7_i/FCLKCLK[0]
                         net (fo=1, routed)           0.310     0.310    gru_bin_version_i/processing_system7_0/inst/FCLK_CLK_unbuffered[0]
    BUFGCTRL_X0Y16       BUFG (Prop_bufg_I_O)         0.026     0.336 r  gru_bin_version_i/processing_system7_0/inst/buffer_fclk_clk_0.FCLK_CLK_0_BUFG/O
                         net (fo=26756, routed)       0.656     0.992    gru_bin_version_i/rst_ps7_0_100M/U0/slowest_sync_clk
    SLICE_X27Y147        FDRE                                         r  gru_bin_version_i/rst_ps7_0_100M/U0/ACTIVE_LOW_PR_OUT_DFF[0].FDRE_PER_N/C
  -------------------------------------------------------------------    -------------------
    SLICE_X27Y147        FDRE (Prop_fdre_C_Q)         0.141     1.133 f  gru_bin_version_i/rst_ps7_0_100M/U0/ACTIVE_LOW_PR_OUT_DFF[0].FDRE_PER_N/Q
                         net (fo=29, routed)          0.132     1.265    gru_bin_version_i/axi_smc/inst/clk_map/psr_aclk/U0/EXT_LPF/aresetn
    SLICE_X28Y148        LUT1 (Prop_lut1_I0_O)        0.045     1.310 r  gru_bin_version_i/axi_smc/inst/clk_map/psr_aclk/U0/EXT_LPF/ACTIVE_LOW_AUX.ACT_LO_AUX_i_1/O
                         net (fo=1, routed)           0.000     1.310    gru_bin_version_i/axi_smc/inst/clk_map/psr_aclk/U0/EXT_LPF/ACTIVE_LOW_AUX.ACT_LO_AUX/src_in
    SLICE_X28Y148        FDRE                                         r  gru_bin_version_i/axi_smc/inst/clk_map/psr_aclk/U0/EXT_LPF/ACTIVE_LOW_AUX.ACT_LO_AUX/syncstages_ff_reg[0]/D
  -------------------------------------------------------------------    -------------------

                         (clock clk_fpga_0 rise edge)
                                                      0.000     0.000 r  
    PS7_X0Y0             PS7                          0.000     0.000 r  gru_bin_version_i/processing_system7_0/inst/PS7_i/FCLKCLK[0]
                         net (fo=1, routed)           0.337     0.337    gru_bin_version_i/processing_system7_0/inst/FCLK_CLK_unbuffered[0]
    BUFGCTRL_X0Y16       BUFG (Prop_bufg_I_O)         0.029     0.366 r  gru_bin_version_i/processing_system7_0/inst/buffer_fclk_clk_0.FCLK_CLK_0_BUFG/O
                         net (fo=26756, routed)       0.931     1.297    gru_bin_version_i/axi_smc/inst/clk_map/psr_aclk/U0/EXT_LPF/ACTIVE_LOW_AUX.ACT_LO_AUX/dest_clk
    SLICE_X28Y148        FDRE                                         r  gru_bin_version_i/axi_smc/inst/clk_map/psr_aclk/U0/EXT_LPF/ACTIVE_LOW_AUX.ACT_LO_AUX/syncstages_ff_reg[0]/C

Slack:                    inf
  Source:                 gru_bin_version_i/axi_smc/inst/clk_map/psr_aclk/U0/ACTIVE_LOW_BSR_OUT_DFF[0].FDRE_BSR_N/C
                            (rising edge-triggered cell FDRE clocked by clk_fpga_0  {rise@0.000ns fall@5.000ns period=10.000ns})
  Destination:            gru_bin_version_i/axi_smc/inst/s00_entry_pipeline/s00_mmu/inst/xpm_cdc_async_rst_inst/arststages_ff_reg[0]/CLR
                            (removal check against rising-edge clock clk_fpga_0  {rise@0.000ns fall@5.000ns period=10.000ns})
  Path Group:             (none)
  Path Type:              Removal (Min at Fast Process Corner)
  Data Path Delay:        1.131ns  (logic 0.209ns (18.471%)  route 0.922ns (81.529%))
  Logic Levels:           1  (LUT1=1)
  Clock Path Skew:        0.213ns (DCD - SCD - CPR)
    Destination Clock Delay (DCD):    1.204ns
    Source Clock Delay      (SCD):    0.991ns
    Clock Pessimism Removal (CPR):    -0.000ns
  Clock Uncertainty:      0.154ns  ((TSJ^2 + TIJ^2)^1/2 + DJ) / 2 + PE
    Total System Jitter     (TSJ):    0.071ns
    Total Input Jitter      (TIJ):    0.300ns
    Discrete Jitter          (DJ):    0.000ns
    Phase Error              (PE):    0.000ns
  Timing Exception:       False Path

    Location             Delay type                Incr(ns)  Path(ns)    Netlist Resource(s)
  -------------------------------------------------------------------    -------------------
                         (clock clk_fpga_0 rise edge)
                                                      0.000     0.000 r  
    PS7_X0Y0             PS7                          0.000     0.000 r  gru_bin_version_i/processing_system7_0/inst/PS7_i/FCLKCLK[0]
                         net (fo=1, routed)           0.310     0.310    gru_bin_version_i/processing_system7_0/inst/FCLK_CLK_unbuffered[0]
    BUFGCTRL_X0Y16       BUFG (Prop_bufg_I_O)         0.026     0.336 r  gru_bin_version_i/processing_system7_0/inst/buffer_fclk_clk_0.FCLK_CLK_0_BUFG/O
                         net (fo=26756, routed)       0.655     0.991    gru_bin_version_i/axi_smc/inst/clk_map/psr_aclk/U0/aclk
    SLICE_X26Y103        FDRE                                         r  gru_bin_version_i/axi_smc/inst/clk_map/psr_aclk/U0/ACTIVE_LOW_BSR_OUT_DFF[0].FDRE_BSR_N/C
  -------------------------------------------------------------------    -------------------
    SLICE_X26Y103        FDRE (Prop_fdre_C_Q)         0.164     1.155 r  gru_bin_version_i/axi_smc/inst/clk_map/psr_aclk/U0/ACTIVE_LOW_BSR_OUT_DFF[0].FDRE_BSR_N/Q
                         net (fo=25, routed)          0.763     1.918    gru_bin_version_i/axi_smc/inst/s00_entry_pipeline/s00_mmu/inst/xpm_cdc_async_rst_inst/src_arst
    SLICE_X29Y65         LUT1 (Prop_lut1_I0_O)        0.045     1.963 f  gru_bin_version_i/axi_smc/inst/s00_entry_pipeline/s00_mmu/inst/xpm_cdc_async_rst_inst/arststages_ff[2]_i_1/O
                         net (fo=3, routed)           0.160     2.122    gru_bin_version_i/axi_smc/inst/s00_entry_pipeline/s00_mmu/inst/xpm_cdc_async_rst_inst/reset_pol
    SLICE_X31Y65         FDCE                                         f  gru_bin_version_i/axi_smc/inst/s00_entry_pipeline/s00_mmu/inst/xpm_cdc_async_rst_inst/arststages_ff_reg[0]/CLR
  -------------------------------------------------------------------    -------------------

                         (clock clk_fpga_0 rise edge)
                                                      0.000     0.000 r  
    PS7_X0Y0             PS7                          0.000     0.000 r  gru_bin_version_i/processing_system7_0/inst/PS7_i/FCLKCLK[0]
                         net (fo=1, routed)           0.337     0.337    gru_bin_version_i/processing_system7_0/inst/FCLK_CLK_unbuffered[0]
    BUFGCTRL_X0Y16       BUFG (Prop_bufg_I_O)         0.029     0.366 r  gru_bin_version_i/processing_system7_0/inst/buffer_fclk_clk_0.FCLK_CLK_0_BUFG/O
                         net (fo=26756, routed)       0.838     1.204    gru_bin_version_i/axi_smc/inst/s00_entry_pipeline/s00_mmu/inst/xpm_cdc_async_rst_inst/dest_clk
    SLICE_X31Y65         FDCE                                         r  gru_bin_version_i/axi_smc/inst/s00_entry_pipeline/s00_mmu/inst/xpm_cdc_async_rst_inst/arststages_ff_reg[0]/C

Slack:                    inf
  Source:                 gru_bin_version_i/axi_smc/inst/clk_map/psr_aclk/U0/ACTIVE_LOW_BSR_OUT_DFF[0].FDRE_BSR_N/C
                            (rising edge-triggered cell FDRE clocked by clk_fpga_0  {rise@0.000ns fall@5.000ns period=10.000ns})
  Destination:            gru_bin_version_i/axi_smc/inst/s00_entry_pipeline/s00_mmu/inst/xpm_cdc_async_rst_inst/arststages_ff_reg[1]/CLR
                            (removal check against rising-edge clock clk_fpga_0  {rise@0.000ns fall@5.000ns period=10.000ns})
  Path Group:             (none)
  Path Type:              Removal (Min at Fast Process Corner)
  Data Path Delay:        1.131ns  (logic 0.209ns (18.471%)  route 0.922ns (81.529%))
  Logic Levels:           1  (LUT1=1)
  Clock Path Skew:        0.213ns (DCD - SCD - CPR)
    Destination Clock Delay (DCD):    1.204ns
    Source Clock Delay      (SCD):    0.991ns
    Clock Pessimism Removal (CPR):    -0.000ns
  Clock Uncertainty:      0.154ns  ((TSJ^2 + TIJ^2)^1/2 + DJ) / 2 + PE
    Total System Jitter     (TSJ):    0.071ns
    Total Input Jitter      (TIJ):    0.300ns
    Discrete Jitter          (DJ):    0.000ns
    Phase Error              (PE):    0.000ns
  Timing Exception:       False Path

    Location             Delay type                Incr(ns)  Path(ns)    Netlist Resource(s)
  -------------------------------------------------------------------    -------------------
                         (clock clk_fpga_0 rise edge)
                                                      0.000     0.000 r  
    PS7_X0Y0             PS7                          0.000     0.000 r  gru_bin_version_i/processing_system7_0/inst/PS7_i/FCLKCLK[0]
                         net (fo=1, routed)           0.310     0.310    gru_bin_version_i/processing_system7_0/inst/FCLK_CLK_unbuffered[0]
    BUFGCTRL_X0Y16       BUFG (Prop_bufg_I_O)         0.026     0.336 r  gru_bin_version_i/processing_system7_0/inst/buffer_fclk_clk_0.FCLK_CLK_0_BUFG/O
                         net (fo=26756, routed)       0.655     0.991    gru_bin_version_i/axi_smc/inst/clk_map/psr_aclk/U0/aclk
    SLICE_X26Y103        FDRE                                         r  gru_bin_version_i/axi_smc/inst/clk_map/psr_aclk/U0/ACTIVE_LOW_BSR_OUT_DFF[0].FDRE_BSR_N/C
  -------------------------------------------------------------------    -------------------
    SLICE_X26Y103        FDRE (Prop_fdre_C_Q)         0.164     1.155 r  gru_bin_version_i/axi_smc/inst/clk_map/psr_aclk/U0/ACTIVE_LOW_BSR_OUT_DFF[0].FDRE_BSR_N/Q
                         net (fo=25, routed)          0.763     1.918    gru_bin_version_i/axi_smc/inst/s00_entry_pipeline/s00_mmu/inst/xpm_cdc_async_rst_inst/src_arst
    SLICE_X29Y65         LUT1 (Prop_lut1_I0_O)        0.045     1.963 f  gru_bin_version_i/axi_smc/inst/s00_entry_pipeline/s00_mmu/inst/xpm_cdc_async_rst_inst/arststages_ff[2]_i_1/O
                         net (fo=3, routed)           0.160     2.122    gru_bin_version_i/axi_smc/inst/s00_entry_pipeline/s00_mmu/inst/xpm_cdc_async_rst_inst/reset_pol
    SLICE_X31Y65         FDCE                                         f  gru_bin_version_i/axi_smc/inst/s00_entry_pipeline/s00_mmu/inst/xpm_cdc_async_rst_inst/arststages_ff_reg[1]/CLR
  -------------------------------------------------------------------    -------------------

                         (clock clk_fpga_0 rise edge)
                                                      0.000     0.000 r  
    PS7_X0Y0             PS7                          0.000     0.000 r  gru_bin_version_i/processing_system7_0/inst/PS7_i/FCLKCLK[0]
                         net (fo=1, routed)           0.337     0.337    gru_bin_version_i/processing_system7_0/inst/FCLK_CLK_unbuffered[0]
    BUFGCTRL_X0Y16       BUFG (Prop_bufg_I_O)         0.029     0.366 r  gru_bin_version_i/processing_system7_0/inst/buffer_fclk_clk_0.FCLK_CLK_0_BUFG/O
                         net (fo=26756, routed)       0.838     1.204    gru_bin_version_i/axi_smc/inst/s00_entry_pipeline/s00_mmu/inst/xpm_cdc_async_rst_inst/dest_clk
    SLICE_X31Y65         FDCE                                         r  gru_bin_version_i/axi_smc/inst/s00_entry_pipeline/s00_mmu/inst/xpm_cdc_async_rst_inst/arststages_ff_reg[1]/C

Slack:                    inf
  Source:                 gru_bin_version_i/axi_smc/inst/clk_map/psr_aclk/U0/ACTIVE_LOW_BSR_OUT_DFF[0].FDRE_BSR_N/C
                            (rising edge-triggered cell FDRE clocked by clk_fpga_0  {rise@0.000ns fall@5.000ns period=10.000ns})
  Destination:            gru_bin_version_i/axi_smc/inst/s00_entry_pipeline/s00_mmu/inst/xpm_cdc_async_rst_inst/arststages_ff_reg[2]/CLR
                            (removal check against rising-edge clock clk_fpga_0  {rise@0.000ns fall@5.000ns period=10.000ns})
  Path Group:             (none)
  Path Type:              Removal (Min at Fast Process Corner)
  Data Path Delay:        1.131ns  (logic 0.209ns (18.471%)  route 0.922ns (81.529%))
  Logic Levels:           1  (LUT1=1)
  Clock Path Skew:        0.213ns (DCD - SCD - CPR)
    Destination Clock Delay (DCD):    1.204ns
    Source Clock Delay      (SCD):    0.991ns
    Clock Pessimism Removal (CPR):    -0.000ns
  Clock Uncertainty:      0.154ns  ((TSJ^2 + TIJ^2)^1/2 + DJ) / 2 + PE
    Total System Jitter     (TSJ):    0.071ns
    Total Input Jitter      (TIJ):    0.300ns
    Discrete Jitter          (DJ):    0.000ns
    Phase Error              (PE):    0.000ns
  Timing Exception:       False Path

    Location             Delay type                Incr(ns)  Path(ns)    Netlist Resource(s)
  -------------------------------------------------------------------    -------------------
                         (clock clk_fpga_0 rise edge)
                                                      0.000     0.000 r  
    PS7_X0Y0             PS7                          0.000     0.000 r  gru_bin_version_i/processing_system7_0/inst/PS7_i/FCLKCLK[0]
                         net (fo=1, routed)           0.310     0.310    gru_bin_version_i/processing_system7_0/inst/FCLK_CLK_unbuffered[0]
    BUFGCTRL_X0Y16       BUFG (Prop_bufg_I_O)         0.026     0.336 r  gru_bin_version_i/processing_system7_0/inst/buffer_fclk_clk_0.FCLK_CLK_0_BUFG/O
                         net (fo=26756, routed)       0.655     0.991    gru_bin_version_i/axi_smc/inst/clk_map/psr_aclk/U0/aclk
    SLICE_X26Y103        FDRE                                         r  gru_bin_version_i/axi_smc/inst/clk_map/psr_aclk/U0/ACTIVE_LOW_BSR_OUT_DFF[0].FDRE_BSR_N/C
  -------------------------------------------------------------------    -------------------
    SLICE_X26Y103        FDRE (Prop_fdre_C_Q)         0.164     1.155 r  gru_bin_version_i/axi_smc/inst/clk_map/psr_aclk/U0/ACTIVE_LOW_BSR_OUT_DFF[0].FDRE_BSR_N/Q
                         net (fo=25, routed)          0.763     1.918    gru_bin_version_i/axi_smc/inst/s00_entry_pipeline/s00_mmu/inst/xpm_cdc_async_rst_inst/src_arst
    SLICE_X29Y65         LUT1 (Prop_lut1_I0_O)        0.045     1.963 f  gru_bin_version_i/axi_smc/inst/s00_entry_pipeline/s00_mmu/inst/xpm_cdc_async_rst_inst/arststages_ff[2]_i_1/O
                         net (fo=3, routed)           0.160     2.122    gru_bin_version_i/axi_smc/inst/s00_entry_pipeline/s00_mmu/inst/xpm_cdc_async_rst_inst/reset_pol
    SLICE_X31Y65         FDCE                                         f  gru_bin_version_i/axi_smc/inst/s00_entry_pipeline/s00_mmu/inst/xpm_cdc_async_rst_inst/arststages_ff_reg[2]/CLR
  -------------------------------------------------------------------    -------------------

                         (clock clk_fpga_0 rise edge)
                                                      0.000     0.000 r  
    PS7_X0Y0             PS7                          0.000     0.000 r  gru_bin_version_i/processing_system7_0/inst/PS7_i/FCLKCLK[0]
                         net (fo=1, routed)           0.337     0.337    gru_bin_version_i/processing_system7_0/inst/FCLK_CLK_unbuffered[0]
    BUFGCTRL_X0Y16       BUFG (Prop_bufg_I_O)         0.029     0.366 r  gru_bin_version_i/processing_system7_0/inst/buffer_fclk_clk_0.FCLK_CLK_0_BUFG/O
                         net (fo=26756, routed)       0.838     1.204    gru_bin_version_i/axi_smc/inst/s00_entry_pipeline/s00_mmu/inst/xpm_cdc_async_rst_inst/dest_clk
    SLICE_X31Y65         FDCE                                         r  gru_bin_version_i/axi_smc/inst/s00_entry_pipeline/s00_mmu/inst/xpm_cdc_async_rst_inst/arststages_ff_reg[2]/C

Slack:                    inf
  Source:                 gru_bin_version_i/axi_smc/inst/clk_map/psr_aclk/U0/ACTIVE_LOW_BSR_OUT_DFF[0].FDRE_BSR_N/C
                            (rising edge-triggered cell FDRE clocked by clk_fpga_0  {rise@0.000ns fall@5.000ns period=10.000ns})
  Destination:            gru_bin_version_i/axi_smc/inst/s00_entry_pipeline/s00_transaction_regulator/inst/xpm_cdc_async_rst_inst/arststages_ff_reg[0]/CLR
                            (removal check against rising-edge clock clk_fpga_0  {rise@0.000ns fall@5.000ns period=10.000ns})
  Path Group:             (none)
  Path Type:              Removal (Min at Fast Process Corner)
  Data Path Delay:        1.362ns  (logic 0.207ns (15.201%)  route 1.155ns (84.799%))
  Logic Levels:           1  (LUT1=1)
  Clock Path Skew:        0.213ns (DCD - SCD - CPR)
    Destination Clock Delay (DCD):    1.204ns
    Source Clock Delay      (SCD):    0.991ns
    Clock Pessimism Removal (CPR):    -0.000ns
  Clock Uncertainty:      0.154ns  ((TSJ^2 + TIJ^2)^1/2 + DJ) / 2 + PE
    Total System Jitter     (TSJ):    0.071ns
    Total Input Jitter      (TIJ):    0.300ns
    Discrete Jitter          (DJ):    0.000ns
    Phase Error              (PE):    0.000ns
  Timing Exception:       False Path

    Location             Delay type                Incr(ns)  Path(ns)    Netlist Resource(s)
  -------------------------------------------------------------------    -------------------
                         (clock clk_fpga_0 rise edge)
                                                      0.000     0.000 r  
    PS7_X0Y0             PS7                          0.000     0.000 r  gru_bin_version_i/processing_system7_0/inst/PS7_i/FCLKCLK[0]
                         net (fo=1, routed)           0.310     0.310    gru_bin_version_i/processing_system7_0/inst/FCLK_CLK_unbuffered[0]
    BUFGCTRL_X0Y16       BUFG (Prop_bufg_I_O)         0.026     0.336 r  gru_bin_version_i/processing_system7_0/inst/buffer_fclk_clk_0.FCLK_CLK_0_BUFG/O
                         net (fo=26756, routed)       0.655     0.991    gru_bin_version_i/axi_smc/inst/clk_map/psr_aclk/U0/aclk
    SLICE_X26Y103        FDRE                                         r  gru_bin_version_i/axi_smc/inst/clk_map/psr_aclk/U0/ACTIVE_LOW_BSR_OUT_DFF[0].FDRE_BSR_N/C
  -------------------------------------------------------------------    -------------------
    SLICE_X26Y103        FDRE (Prop_fdre_C_Q)         0.164     1.155 r  gru_bin_version_i/axi_smc/inst/clk_map/psr_aclk/U0/ACTIVE_LOW_BSR_OUT_DFF[0].FDRE_BSR_N/Q
                         net (fo=25, routed)          0.763     1.918    gru_bin_version_i/axi_smc/inst/s00_entry_pipeline/s00_transaction_regulator/inst/xpm_cdc_async_rst_inst/src_arst
    SLICE_X29Y65         LUT1 (Prop_lut1_I0_O)        0.043     1.961 f  gru_bin_version_i/axi_smc/inst/s00_entry_pipeline/s00_transaction_regulator/inst/xpm_cdc_async_rst_inst/arststages_ff[2]_i_1/O
                         net (fo=3, routed)           0.392     2.353    gru_bin_version_i/axi_smc/inst/s00_entry_pipeline/s00_transaction_regulator/inst/xpm_cdc_async_rst_inst/reset_pol
    SLICE_X29Y65         FDCE                                         f  gru_bin_version_i/axi_smc/inst/s00_entry_pipeline/s00_transaction_regulator/inst/xpm_cdc_async_rst_inst/arststages_ff_reg[0]/CLR
  -------------------------------------------------------------------    -------------------

                         (clock clk_fpga_0 rise edge)
                                                      0.000     0.000 r  
    PS7_X0Y0             PS7                          0.000     0.000 r  gru_bin_version_i/processing_system7_0/inst/PS7_i/FCLKCLK[0]
                         net (fo=1, routed)           0.337     0.337    gru_bin_version_i/processing_system7_0/inst/FCLK_CLK_unbuffered[0]
    BUFGCTRL_X0Y16       BUFG (Prop_bufg_I_O)         0.029     0.366 r  gru_bin_version_i/processing_system7_0/inst/buffer_fclk_clk_0.FCLK_CLK_0_BUFG/O
                         net (fo=26756, routed)       0.838     1.204    gru_bin_version_i/axi_smc/inst/s00_entry_pipeline/s00_transaction_regulator/inst/xpm_cdc_async_rst_inst/dest_clk
    SLICE_X29Y65         FDCE                                         r  gru_bin_version_i/axi_smc/inst/s00_entry_pipeline/s00_transaction_regulator/inst/xpm_cdc_async_rst_inst/arststages_ff_reg[0]/C

Slack:                    inf
  Source:                 gru_bin_version_i/axi_smc/inst/clk_map/psr_aclk/U0/ACTIVE_LOW_BSR_OUT_DFF[0].FDRE_BSR_N/C
                            (rising edge-triggered cell FDRE clocked by clk_fpga_0  {rise@0.000ns fall@5.000ns period=10.000ns})
  Destination:            gru_bin_version_i/axi_smc/inst/s00_entry_pipeline/s00_transaction_regulator/inst/xpm_cdc_async_rst_inst/arststages_ff_reg[1]/CLR
                            (removal check against rising-edge clock clk_fpga_0  {rise@0.000ns fall@5.000ns period=10.000ns})
  Path Group:             (none)
  Path Type:              Removal (Min at Fast Process Corner)
  Data Path Delay:        1.362ns  (logic 0.207ns (15.201%)  route 1.155ns (84.799%))
  Logic Levels:           1  (LUT1=1)
  Clock Path Skew:        0.213ns (DCD - SCD - CPR)
    Destination Clock Delay (DCD):    1.204ns
    Source Clock Delay      (SCD):    0.991ns
    Clock Pessimism Removal (CPR):    -0.000ns
  Clock Uncertainty:      0.154ns  ((TSJ^2 + TIJ^2)^1/2 + DJ) / 2 + PE
    Total System Jitter     (TSJ):    0.071ns
    Total Input Jitter      (TIJ):    0.300ns
    Discrete Jitter          (DJ):    0.000ns
    Phase Error              (PE):    0.000ns
  Timing Exception:       False Path

    Location             Delay type                Incr(ns)  Path(ns)    Netlist Resource(s)
  -------------------------------------------------------------------    -------------------
                         (clock clk_fpga_0 rise edge)
                                                      0.000     0.000 r  
    PS7_X0Y0             PS7                          0.000     0.000 r  gru_bin_version_i/processing_system7_0/inst/PS7_i/FCLKCLK[0]
                         net (fo=1, routed)           0.310     0.310    gru_bin_version_i/processing_system7_0/inst/FCLK_CLK_unbuffered[0]
    BUFGCTRL_X0Y16       BUFG (Prop_bufg_I_O)         0.026     0.336 r  gru_bin_version_i/processing_system7_0/inst/buffer_fclk_clk_0.FCLK_CLK_0_BUFG/O
                         net (fo=26756, routed)       0.655     0.991    gru_bin_version_i/axi_smc/inst/clk_map/psr_aclk/U0/aclk
    SLICE_X26Y103        FDRE                                         r  gru_bin_version_i/axi_smc/inst/clk_map/psr_aclk/U0/ACTIVE_LOW_BSR_OUT_DFF[0].FDRE_BSR_N/C
  -------------------------------------------------------------------    -------------------
    SLICE_X26Y103        FDRE (Prop_fdre_C_Q)         0.164     1.155 r  gru_bin_version_i/axi_smc/inst/clk_map/psr_aclk/U0/ACTIVE_LOW_BSR_OUT_DFF[0].FDRE_BSR_N/Q
                         net (fo=25, routed)          0.763     1.918    gru_bin_version_i/axi_smc/inst/s00_entry_pipeline/s00_transaction_regulator/inst/xpm_cdc_async_rst_inst/src_arst
    SLICE_X29Y65         LUT1 (Prop_lut1_I0_O)        0.043     1.961 f  gru_bin_version_i/axi_smc/inst/s00_entry_pipeline/s00_transaction_regulator/inst/xpm_cdc_async_rst_inst/arststages_ff[2]_i_1/O
                         net (fo=3, routed)           0.392     2.353    gru_bin_version_i/axi_smc/inst/s00_entry_pipeline/s00_transaction_regulator/inst/xpm_cdc_async_rst_inst/reset_pol
    SLICE_X29Y65         FDCE                                         f  gru_bin_version_i/axi_smc/inst/s00_entry_pipeline/s00_transaction_regulator/inst/xpm_cdc_async_rst_inst/arststages_ff_reg[1]/CLR
  -------------------------------------------------------------------    -------------------

                         (clock clk_fpga_0 rise edge)
                                                      0.000     0.000 r  
    PS7_X0Y0             PS7                          0.000     0.000 r  gru_bin_version_i/processing_system7_0/inst/PS7_i/FCLKCLK[0]
                         net (fo=1, routed)           0.337     0.337    gru_bin_version_i/processing_system7_0/inst/FCLK_CLK_unbuffered[0]
    BUFGCTRL_X0Y16       BUFG (Prop_bufg_I_O)         0.029     0.366 r  gru_bin_version_i/processing_system7_0/inst/buffer_fclk_clk_0.FCLK_CLK_0_BUFG/O
                         net (fo=26756, routed)       0.838     1.204    gru_bin_version_i/axi_smc/inst/s00_entry_pipeline/s00_transaction_regulator/inst/xpm_cdc_async_rst_inst/dest_clk
    SLICE_X29Y65         FDCE                                         r  gru_bin_version_i/axi_smc/inst/s00_entry_pipeline/s00_transaction_regulator/inst/xpm_cdc_async_rst_inst/arststages_ff_reg[1]/C

Slack:                    inf
  Source:                 gru_bin_version_i/axi_smc/inst/clk_map/psr_aclk/U0/ACTIVE_LOW_BSR_OUT_DFF[0].FDRE_BSR_N/C
                            (rising edge-triggered cell FDRE clocked by clk_fpga_0  {rise@0.000ns fall@5.000ns period=10.000ns})
  Destination:            gru_bin_version_i/axi_smc/inst/s00_entry_pipeline/s00_transaction_regulator/inst/xpm_cdc_async_rst_inst/arststages_ff_reg[2]/CLR
                            (removal check against rising-edge clock clk_fpga_0  {rise@0.000ns fall@5.000ns period=10.000ns})
  Path Group:             (none)
  Path Type:              Removal (Min at Fast Process Corner)
  Data Path Delay:        1.362ns  (logic 0.207ns (15.201%)  route 1.155ns (84.799%))
  Logic Levels:           1  (LUT1=1)
  Clock Path Skew:        0.213ns (DCD - SCD - CPR)
    Destination Clock Delay (DCD):    1.204ns
    Source Clock Delay      (SCD):    0.991ns
    Clock Pessimism Removal (CPR):    -0.000ns
  Clock Uncertainty:      0.154ns  ((TSJ^2 + TIJ^2)^1/2 + DJ) / 2 + PE
    Total System Jitter     (TSJ):    0.071ns
    Total Input Jitter      (TIJ):    0.300ns
    Discrete Jitter          (DJ):    0.000ns
    Phase Error              (PE):    0.000ns
  Timing Exception:       False Path

    Location             Delay type                Incr(ns)  Path(ns)    Netlist Resource(s)
  -------------------------------------------------------------------    -------------------
                         (clock clk_fpga_0 rise edge)
                                                      0.000     0.000 r  
    PS7_X0Y0             PS7                          0.000     0.000 r  gru_bin_version_i/processing_system7_0/inst/PS7_i/FCLKCLK[0]
                         net (fo=1, routed)           0.310     0.310    gru_bin_version_i/processing_system7_0/inst/FCLK_CLK_unbuffered[0]
    BUFGCTRL_X0Y16       BUFG (Prop_bufg_I_O)         0.026     0.336 r  gru_bin_version_i/processing_system7_0/inst/buffer_fclk_clk_0.FCLK_CLK_0_BUFG/O
                         net (fo=26756, routed)       0.655     0.991    gru_bin_version_i/axi_smc/inst/clk_map/psr_aclk/U0/aclk
    SLICE_X26Y103        FDRE                                         r  gru_bin_version_i/axi_smc/inst/clk_map/psr_aclk/U0/ACTIVE_LOW_BSR_OUT_DFF[0].FDRE_BSR_N/C
  -------------------------------------------------------------------    -------------------
    SLICE_X26Y103        FDRE (Prop_fdre_C_Q)         0.164     1.155 r  gru_bin_version_i/axi_smc/inst/clk_map/psr_aclk/U0/ACTIVE_LOW_BSR_OUT_DFF[0].FDRE_BSR_N/Q
                         net (fo=25, routed)          0.763     1.918    gru_bin_version_i/axi_smc/inst/s00_entry_pipeline/s00_transaction_regulator/inst/xpm_cdc_async_rst_inst/src_arst
    SLICE_X29Y65         LUT1 (Prop_lut1_I0_O)        0.043     1.961 f  gru_bin_version_i/axi_smc/inst/s00_entry_pipeline/s00_transaction_regulator/inst/xpm_cdc_async_rst_inst/arststages_ff[2]_i_1/O
                         net (fo=3, routed)           0.392     2.353    gru_bin_version_i/axi_smc/inst/s00_entry_pipeline/s00_transaction_regulator/inst/xpm_cdc_async_rst_inst/reset_pol
    SLICE_X29Y65         FDCE                                         f  gru_bin_version_i/axi_smc/inst/s00_entry_pipeline/s00_transaction_regulator/inst/xpm_cdc_async_rst_inst/arststages_ff_reg[2]/CLR
  -------------------------------------------------------------------    -------------------

                         (clock clk_fpga_0 rise edge)
                                                      0.000     0.000 r  
    PS7_X0Y0             PS7                          0.000     0.000 r  gru_bin_version_i/processing_system7_0/inst/PS7_i/FCLKCLK[0]
                         net (fo=1, routed)           0.337     0.337    gru_bin_version_i/processing_system7_0/inst/FCLK_CLK_unbuffered[0]
    BUFGCTRL_X0Y16       BUFG (Prop_bufg_I_O)         0.029     0.366 r  gru_bin_version_i/processing_system7_0/inst/buffer_fclk_clk_0.FCLK_CLK_0_BUFG/O
                         net (fo=26756, routed)       0.838     1.204    gru_bin_version_i/axi_smc/inst/s00_entry_pipeline/s00_transaction_regulator/inst/xpm_cdc_async_rst_inst/dest_clk
    SLICE_X29Y65         FDCE                                         r  gru_bin_version_i/axi_smc/inst/s00_entry_pipeline/s00_transaction_regulator/inst/xpm_cdc_async_rst_inst/arststages_ff_reg[2]/C

Slack:                    inf
  Source:                 gru_bin_version_i/axi_smc/inst/clk_map/psr_aclk/U0/ACTIVE_LOW_BSR_OUT_DFF[0].FDRE_BSR_N/C
                            (rising edge-triggered cell FDRE clocked by clk_fpga_0  {rise@0.000ns fall@5.000ns period=10.000ns})
  Destination:            gru_bin_version_i/axi_smc/inst/switchboards/i_nodes/i_w_node/inst/s_sc_xpm_cdc_async_rst_inst/arststages_ff_reg[0]/CLR
                            (removal check against rising-edge clock clk_fpga_0  {rise@0.000ns fall@5.000ns period=10.000ns})
  Path Group:             (none)
  Path Type:              Removal (Min at Fast Process Corner)
  Data Path Delay:        1.698ns  (logic 0.209ns (12.307%)  route 1.489ns (87.693%))
  Logic Levels:           1  (LUT1=1)
  Clock Path Skew:        0.198ns (DCD - SCD - CPR)
    Destination Clock Delay (DCD):    1.189ns
    Source Clock Delay      (SCD):    0.991ns
    Clock Pessimism Removal (CPR):    -0.000ns
  Clock Uncertainty:      0.154ns  ((TSJ^2 + TIJ^2)^1/2 + DJ) / 2 + PE
    Total System Jitter     (TSJ):    0.071ns
    Total Input Jitter      (TIJ):    0.300ns
    Discrete Jitter          (DJ):    0.000ns
    Phase Error              (PE):    0.000ns
  Timing Exception:       False Path

    Location             Delay type                Incr(ns)  Path(ns)    Netlist Resource(s)
  -------------------------------------------------------------------    -------------------
                         (clock clk_fpga_0 rise edge)
                                                      0.000     0.000 r  
    PS7_X0Y0             PS7                          0.000     0.000 r  gru_bin_version_i/processing_system7_0/inst/PS7_i/FCLKCLK[0]
                         net (fo=1, routed)           0.310     0.310    gru_bin_version_i/processing_system7_0/inst/FCLK_CLK_unbuffered[0]
    BUFGCTRL_X0Y16       BUFG (Prop_bufg_I_O)         0.026     0.336 r  gru_bin_version_i/processing_system7_0/inst/buffer_fclk_clk_0.FCLK_CLK_0_BUFG/O
                         net (fo=26756, routed)       0.655     0.991    gru_bin_version_i/axi_smc/inst/clk_map/psr_aclk/U0/aclk
    SLICE_X26Y103        FDRE                                         r  gru_bin_version_i/axi_smc/inst/clk_map/psr_aclk/U0/ACTIVE_LOW_BSR_OUT_DFF[0].FDRE_BSR_N/C
  -------------------------------------------------------------------    -------------------
    SLICE_X26Y103        FDRE (Prop_fdre_C_Q)         0.164     1.155 r  gru_bin_version_i/axi_smc/inst/clk_map/psr_aclk/U0/ACTIVE_LOW_BSR_OUT_DFF[0].FDRE_BSR_N/Q
                         net (fo=25, routed)          1.245     2.400    gru_bin_version_i/axi_smc/inst/switchboards/i_nodes/i_w_node/inst/s_sc_xpm_cdc_async_rst_inst/src_arst
    SLICE_X48Y59         LUT1 (Prop_lut1_I0_O)        0.045     2.445 f  gru_bin_version_i/axi_smc/inst/switchboards/i_nodes/i_w_node/inst/s_sc_xpm_cdc_async_rst_inst/arststages_ff[2]_i_1/O
                         net (fo=3, routed)           0.244     2.689    gru_bin_version_i/axi_smc/inst/switchboards/i_nodes/i_w_node/inst/s_sc_xpm_cdc_async_rst_inst/reset_pol
    SLICE_X48Y59         FDCE                                         f  gru_bin_version_i/axi_smc/inst/switchboards/i_nodes/i_w_node/inst/s_sc_xpm_cdc_async_rst_inst/arststages_ff_reg[0]/CLR
  -------------------------------------------------------------------    -------------------

                         (clock clk_fpga_0 rise edge)
                                                      0.000     0.000 r  
    PS7_X0Y0             PS7                          0.000     0.000 r  gru_bin_version_i/processing_system7_0/inst/PS7_i/FCLKCLK[0]
                         net (fo=1, routed)           0.337     0.337    gru_bin_version_i/processing_system7_0/inst/FCLK_CLK_unbuffered[0]
    BUFGCTRL_X0Y16       BUFG (Prop_bufg_I_O)         0.029     0.366 r  gru_bin_version_i/processing_system7_0/inst/buffer_fclk_clk_0.FCLK_CLK_0_BUFG/O
                         net (fo=26756, routed)       0.823     1.189    gru_bin_version_i/axi_smc/inst/switchboards/i_nodes/i_w_node/inst/s_sc_xpm_cdc_async_rst_inst/dest_clk
    SLICE_X48Y59         FDCE                                         r  gru_bin_version_i/axi_smc/inst/switchboards/i_nodes/i_w_node/inst/s_sc_xpm_cdc_async_rst_inst/arststages_ff_reg[0]/C

Slack:                    inf
  Source:                 gru_bin_version_i/axi_smc/inst/clk_map/psr_aclk/U0/ACTIVE_LOW_BSR_OUT_DFF[0].FDRE_BSR_N/C
                            (rising edge-triggered cell FDRE clocked by clk_fpga_0  {rise@0.000ns fall@5.000ns period=10.000ns})
  Destination:            gru_bin_version_i/axi_smc/inst/switchboards/i_nodes/i_w_node/inst/s_sc_xpm_cdc_async_rst_inst/arststages_ff_reg[1]/CLR
                            (removal check against rising-edge clock clk_fpga_0  {rise@0.000ns fall@5.000ns period=10.000ns})
  Path Group:             (none)
  Path Type:              Removal (Min at Fast Process Corner)
  Data Path Delay:        1.698ns  (logic 0.209ns (12.307%)  route 1.489ns (87.693%))
  Logic Levels:           1  (LUT1=1)
  Clock Path Skew:        0.198ns (DCD - SCD - CPR)
    Destination Clock Delay (DCD):    1.189ns
    Source Clock Delay      (SCD):    0.991ns
    Clock Pessimism Removal (CPR):    -0.000ns
  Clock Uncertainty:      0.154ns  ((TSJ^2 + TIJ^2)^1/2 + DJ) / 2 + PE
    Total System Jitter     (TSJ):    0.071ns
    Total Input Jitter      (TIJ):    0.300ns
    Discrete Jitter          (DJ):    0.000ns
    Phase Error              (PE):    0.000ns
  Timing Exception:       False Path

    Location             Delay type                Incr(ns)  Path(ns)    Netlist Resource(s)
  -------------------------------------------------------------------    -------------------
                         (clock clk_fpga_0 rise edge)
                                                      0.000     0.000 r  
    PS7_X0Y0             PS7                          0.000     0.000 r  gru_bin_version_i/processing_system7_0/inst/PS7_i/FCLKCLK[0]
                         net (fo=1, routed)           0.310     0.310    gru_bin_version_i/processing_system7_0/inst/FCLK_CLK_unbuffered[0]
    BUFGCTRL_X0Y16       BUFG (Prop_bufg_I_O)         0.026     0.336 r  gru_bin_version_i/processing_system7_0/inst/buffer_fclk_clk_0.FCLK_CLK_0_BUFG/O
                         net (fo=26756, routed)       0.655     0.991    gru_bin_version_i/axi_smc/inst/clk_map/psr_aclk/U0/aclk
    SLICE_X26Y103        FDRE                                         r  gru_bin_version_i/axi_smc/inst/clk_map/psr_aclk/U0/ACTIVE_LOW_BSR_OUT_DFF[0].FDRE_BSR_N/C
  -------------------------------------------------------------------    -------------------
    SLICE_X26Y103        FDRE (Prop_fdre_C_Q)         0.164     1.155 r  gru_bin_version_i/axi_smc/inst/clk_map/psr_aclk/U0/ACTIVE_LOW_BSR_OUT_DFF[0].FDRE_BSR_N/Q
                         net (fo=25, routed)          1.245     2.400    gru_bin_version_i/axi_smc/inst/switchboards/i_nodes/i_w_node/inst/s_sc_xpm_cdc_async_rst_inst/src_arst
    SLICE_X48Y59         LUT1 (Prop_lut1_I0_O)        0.045     2.445 f  gru_bin_version_i/axi_smc/inst/switchboards/i_nodes/i_w_node/inst/s_sc_xpm_cdc_async_rst_inst/arststages_ff[2]_i_1/O
                         net (fo=3, routed)           0.244     2.689    gru_bin_version_i/axi_smc/inst/switchboards/i_nodes/i_w_node/inst/s_sc_xpm_cdc_async_rst_inst/reset_pol
    SLICE_X48Y59         FDCE                                         f  gru_bin_version_i/axi_smc/inst/switchboards/i_nodes/i_w_node/inst/s_sc_xpm_cdc_async_rst_inst/arststages_ff_reg[1]/CLR
  -------------------------------------------------------------------    -------------------

                         (clock clk_fpga_0 rise edge)
                                                      0.000     0.000 r  
    PS7_X0Y0             PS7                          0.000     0.000 r  gru_bin_version_i/processing_system7_0/inst/PS7_i/FCLKCLK[0]
                         net (fo=1, routed)           0.337     0.337    gru_bin_version_i/processing_system7_0/inst/FCLK_CLK_unbuffered[0]
    BUFGCTRL_X0Y16       BUFG (Prop_bufg_I_O)         0.029     0.366 r  gru_bin_version_i/processing_system7_0/inst/buffer_fclk_clk_0.FCLK_CLK_0_BUFG/O
                         net (fo=26756, routed)       0.823     1.189    gru_bin_version_i/axi_smc/inst/switchboards/i_nodes/i_w_node/inst/s_sc_xpm_cdc_async_rst_inst/dest_clk
    SLICE_X48Y59         FDCE                                         r  gru_bin_version_i/axi_smc/inst/switchboards/i_nodes/i_w_node/inst/s_sc_xpm_cdc_async_rst_inst/arststages_ff_reg[1]/C

Slack:                    inf
  Source:                 gru_bin_version_i/axi_smc/inst/clk_map/psr_aclk/U0/ACTIVE_LOW_BSR_OUT_DFF[0].FDRE_BSR_N/C
                            (rising edge-triggered cell FDRE clocked by clk_fpga_0  {rise@0.000ns fall@5.000ns period=10.000ns})
  Destination:            gru_bin_version_i/axi_smc/inst/switchboards/i_nodes/i_w_node/inst/s_sc_xpm_cdc_async_rst_inst/arststages_ff_reg[2]/CLR
                            (removal check against rising-edge clock clk_fpga_0  {rise@0.000ns fall@5.000ns period=10.000ns})
  Path Group:             (none)
  Path Type:              Removal (Min at Fast Process Corner)
  Data Path Delay:        1.698ns  (logic 0.209ns (12.307%)  route 1.489ns (87.693%))
  Logic Levels:           1  (LUT1=1)
  Clock Path Skew:        0.198ns (DCD - SCD - CPR)
    Destination Clock Delay (DCD):    1.189ns
    Source Clock Delay      (SCD):    0.991ns
    Clock Pessimism Removal (CPR):    -0.000ns
  Clock Uncertainty:      0.154ns  ((TSJ^2 + TIJ^2)^1/2 + DJ) / 2 + PE
    Total System Jitter     (TSJ):    0.071ns
    Total Input Jitter      (TIJ):    0.300ns
    Discrete Jitter          (DJ):    0.000ns
    Phase Error              (PE):    0.000ns
  Timing Exception:       False Path

    Location             Delay type                Incr(ns)  Path(ns)    Netlist Resource(s)
  -------------------------------------------------------------------    -------------------
                         (clock clk_fpga_0 rise edge)
                                                      0.000     0.000 r  
    PS7_X0Y0             PS7                          0.000     0.000 r  gru_bin_version_i/processing_system7_0/inst/PS7_i/FCLKCLK[0]
                         net (fo=1, routed)           0.310     0.310    gru_bin_version_i/processing_system7_0/inst/FCLK_CLK_unbuffered[0]
    BUFGCTRL_X0Y16       BUFG (Prop_bufg_I_O)         0.026     0.336 r  gru_bin_version_i/processing_system7_0/inst/buffer_fclk_clk_0.FCLK_CLK_0_BUFG/O
                         net (fo=26756, routed)       0.655     0.991    gru_bin_version_i/axi_smc/inst/clk_map/psr_aclk/U0/aclk
    SLICE_X26Y103        FDRE                                         r  gru_bin_version_i/axi_smc/inst/clk_map/psr_aclk/U0/ACTIVE_LOW_BSR_OUT_DFF[0].FDRE_BSR_N/C
  -------------------------------------------------------------------    -------------------
    SLICE_X26Y103        FDRE (Prop_fdre_C_Q)         0.164     1.155 r  gru_bin_version_i/axi_smc/inst/clk_map/psr_aclk/U0/ACTIVE_LOW_BSR_OUT_DFF[0].FDRE_BSR_N/Q
                         net (fo=25, routed)          1.245     2.400    gru_bin_version_i/axi_smc/inst/switchboards/i_nodes/i_w_node/inst/s_sc_xpm_cdc_async_rst_inst/src_arst
    SLICE_X48Y59         LUT1 (Prop_lut1_I0_O)        0.045     2.445 f  gru_bin_version_i/axi_smc/inst/switchboards/i_nodes/i_w_node/inst/s_sc_xpm_cdc_async_rst_inst/arststages_ff[2]_i_1/O
                         net (fo=3, routed)           0.244     2.689    gru_bin_version_i/axi_smc/inst/switchboards/i_nodes/i_w_node/inst/s_sc_xpm_cdc_async_rst_inst/reset_pol
    SLICE_X48Y59         FDCE                                         f  gru_bin_version_i/axi_smc/inst/switchboards/i_nodes/i_w_node/inst/s_sc_xpm_cdc_async_rst_inst/arststages_ff_reg[2]/CLR
  -------------------------------------------------------------------    -------------------

                         (clock clk_fpga_0 rise edge)
                                                      0.000     0.000 r  
    PS7_X0Y0             PS7                          0.000     0.000 r  gru_bin_version_i/processing_system7_0/inst/PS7_i/FCLKCLK[0]
                         net (fo=1, routed)           0.337     0.337    gru_bin_version_i/processing_system7_0/inst/FCLK_CLK_unbuffered[0]
    BUFGCTRL_X0Y16       BUFG (Prop_bufg_I_O)         0.029     0.366 r  gru_bin_version_i/processing_system7_0/inst/buffer_fclk_clk_0.FCLK_CLK_0_BUFG/O
                         net (fo=26756, routed)       0.823     1.189    gru_bin_version_i/axi_smc/inst/switchboards/i_nodes/i_w_node/inst/s_sc_xpm_cdc_async_rst_inst/dest_clk
    SLICE_X48Y59         FDCE                                         r  gru_bin_version_i/axi_smc/inst/switchboards/i_nodes/i_w_node/inst/s_sc_xpm_cdc_async_rst_inst/arststages_ff_reg[2]/C





--------------------------------------------------------------------------------------
Path Group:  (none)
From Clock:  
  To Clock:  clk_fpga_0

Max Delay            30 Endpoints
Min Delay            30 Endpoints
--------------------------------------------------------------------------------------


Max Delay Paths
--------------------------------------------------------------------------------------
Slack:                    inf
  Source:                 gru_bin_version_i/gru_va_0/inst/grp_gru_va_Pipeline_HIDDEN_LOOP_fu_804/mul_32s_21s_53_2_1_U16/tmp_product/ACOUT[0]
                            (internal pin)
  Destination:            gru_bin_version_i/gru_va_0/inst/grp_gru_va_Pipeline_HIDDEN_LOOP_fu_804/mul_32s_21s_53_2_1_U16/buff0_reg/ACIN[0]
                            (rising edge-triggered cell DSP48E1 clocked by clk_fpga_0  {rise@0.000ns fall@5.000ns period=10.000ns})
  Path Group:             (none)
  Path Type:              Setup (Max at Slow Process Corner)
  Data Path Delay:        0.002ns  (logic 0.000ns (0.000%)  route 0.002ns (100.000%))
  Logic Levels:           0  
  Clock Uncertainty:      0.152ns  ((TSJ^2 + TIJ^2)^1/2 + DJ) / 2 + PE
    Total System Jitter     (TSJ):    0.050ns
    Total Input Jitter      (TIJ):    0.300ns
    Discrete Jitter          (DJ):    0.000ns
    Phase Error              (PE):    0.000ns

    Location             Delay type                Incr(ns)  Path(ns)    Netlist Resource(s)
  -------------------------------------------------------------------    -------------------
    DSP48_X3Y16          DSP48E1                      0.000     0.000 r  gru_bin_version_i/gru_va_0/inst/grp_gru_va_Pipeline_HIDDEN_LOOP_fu_804/mul_32s_21s_53_2_1_U16/tmp_product/ACOUT[0]
                         net (fo=1, routed)           0.002     0.002    gru_bin_version_i/gru_va_0/inst/grp_gru_va_Pipeline_HIDDEN_LOOP_fu_804/mul_32s_21s_53_2_1_U16/tmp_product_n_56
    DSP48_X3Y17          DSP48E1                                      r  gru_bin_version_i/gru_va_0/inst/grp_gru_va_Pipeline_HIDDEN_LOOP_fu_804/mul_32s_21s_53_2_1_U16/buff0_reg/ACIN[0]
  -------------------------------------------------------------------    -------------------

                         (clock clk_fpga_0 rise edge)
                                                      0.000     0.000 r  
    PS7_X0Y0             PS7                          0.000     0.000 r  gru_bin_version_i/processing_system7_0/inst/PS7_i/FCLKCLK[0]
                         net (fo=1, routed)           1.088     1.088    gru_bin_version_i/processing_system7_0/inst/FCLK_CLK_unbuffered[0]
    BUFGCTRL_X0Y16       BUFG (Prop_bufg_I_O)         0.091     1.179 r  gru_bin_version_i/processing_system7_0/inst/buffer_fclk_clk_0.FCLK_CLK_0_BUFG/O
                         net (fo=26756, routed)       1.712     2.891    gru_bin_version_i/gru_va_0/inst/grp_gru_va_Pipeline_HIDDEN_LOOP_fu_804/mul_32s_21s_53_2_1_U16/ap_clk
    DSP48_X3Y17          DSP48E1                                      r  gru_bin_version_i/gru_va_0/inst/grp_gru_va_Pipeline_HIDDEN_LOOP_fu_804/mul_32s_21s_53_2_1_U16/buff0_reg/CLK

Slack:                    inf
  Source:                 gru_bin_version_i/gru_va_0/inst/grp_gru_va_Pipeline_HIDDEN_LOOP_fu_804/mul_32s_21s_53_2_1_U16/tmp_product/ACOUT[10]
                            (internal pin)
  Destination:            gru_bin_version_i/gru_va_0/inst/grp_gru_va_Pipeline_HIDDEN_LOOP_fu_804/mul_32s_21s_53_2_1_U16/buff0_reg/ACIN[10]
                            (rising edge-triggered cell DSP48E1 clocked by clk_fpga_0  {rise@0.000ns fall@5.000ns period=10.000ns})
  Path Group:             (none)
  Path Type:              Setup (Max at Slow Process Corner)
  Data Path Delay:        0.002ns  (logic 0.000ns (0.000%)  route 0.002ns (100.000%))
  Logic Levels:           0  
  Clock Uncertainty:      0.152ns  ((TSJ^2 + TIJ^2)^1/2 + DJ) / 2 + PE
    Total System Jitter     (TSJ):    0.050ns
    Total Input Jitter      (TIJ):    0.300ns
    Discrete Jitter          (DJ):    0.000ns
    Phase Error              (PE):    0.000ns

    Location             Delay type                Incr(ns)  Path(ns)    Netlist Resource(s)
  -------------------------------------------------------------------    -------------------
    DSP48_X3Y16          DSP48E1                      0.000     0.000 r  gru_bin_version_i/gru_va_0/inst/grp_gru_va_Pipeline_HIDDEN_LOOP_fu_804/mul_32s_21s_53_2_1_U16/tmp_product/ACOUT[10]
                         net (fo=1, routed)           0.002     0.002    gru_bin_version_i/gru_va_0/inst/grp_gru_va_Pipeline_HIDDEN_LOOP_fu_804/mul_32s_21s_53_2_1_U16/tmp_product_n_46
    DSP48_X3Y17          DSP48E1                                      r  gru_bin_version_i/gru_va_0/inst/grp_gru_va_Pipeline_HIDDEN_LOOP_fu_804/mul_32s_21s_53_2_1_U16/buff0_reg/ACIN[10]
  -------------------------------------------------------------------    -------------------

                         (clock clk_fpga_0 rise edge)
                                                      0.000     0.000 r  
    PS7_X0Y0             PS7                          0.000     0.000 r  gru_bin_version_i/processing_system7_0/inst/PS7_i/FCLKCLK[0]
                         net (fo=1, routed)           1.088     1.088    gru_bin_version_i/processing_system7_0/inst/FCLK_CLK_unbuffered[0]
    BUFGCTRL_X0Y16       BUFG (Prop_bufg_I_O)         0.091     1.179 r  gru_bin_version_i/processing_system7_0/inst/buffer_fclk_clk_0.FCLK_CLK_0_BUFG/O
                         net (fo=26756, routed)       1.712     2.891    gru_bin_version_i/gru_va_0/inst/grp_gru_va_Pipeline_HIDDEN_LOOP_fu_804/mul_32s_21s_53_2_1_U16/ap_clk
    DSP48_X3Y17          DSP48E1                                      r  gru_bin_version_i/gru_va_0/inst/grp_gru_va_Pipeline_HIDDEN_LOOP_fu_804/mul_32s_21s_53_2_1_U16/buff0_reg/CLK

Slack:                    inf
  Source:                 gru_bin_version_i/gru_va_0/inst/grp_gru_va_Pipeline_HIDDEN_LOOP_fu_804/mul_32s_21s_53_2_1_U16/tmp_product/ACOUT[11]
                            (internal pin)
  Destination:            gru_bin_version_i/gru_va_0/inst/grp_gru_va_Pipeline_HIDDEN_LOOP_fu_804/mul_32s_21s_53_2_1_U16/buff0_reg/ACIN[11]
                            (rising edge-triggered cell DSP48E1 clocked by clk_fpga_0  {rise@0.000ns fall@5.000ns period=10.000ns})
  Path Group:             (none)
  Path Type:              Setup (Max at Slow Process Corner)
  Data Path Delay:        0.002ns  (logic 0.000ns (0.000%)  route 0.002ns (100.000%))
  Logic Levels:           0  
  Clock Uncertainty:      0.152ns  ((TSJ^2 + TIJ^2)^1/2 + DJ) / 2 + PE
    Total System Jitter     (TSJ):    0.050ns
    Total Input Jitter      (TIJ):    0.300ns
    Discrete Jitter          (DJ):    0.000ns
    Phase Error              (PE):    0.000ns

    Location             Delay type                Incr(ns)  Path(ns)    Netlist Resource(s)
  -------------------------------------------------------------------    -------------------
    DSP48_X3Y16          DSP48E1                      0.000     0.000 r  gru_bin_version_i/gru_va_0/inst/grp_gru_va_Pipeline_HIDDEN_LOOP_fu_804/mul_32s_21s_53_2_1_U16/tmp_product/ACOUT[11]
                         net (fo=1, routed)           0.002     0.002    gru_bin_version_i/gru_va_0/inst/grp_gru_va_Pipeline_HIDDEN_LOOP_fu_804/mul_32s_21s_53_2_1_U16/tmp_product_n_45
    DSP48_X3Y17          DSP48E1                                      r  gru_bin_version_i/gru_va_0/inst/grp_gru_va_Pipeline_HIDDEN_LOOP_fu_804/mul_32s_21s_53_2_1_U16/buff0_reg/ACIN[11]
  -------------------------------------------------------------------    -------------------

                         (clock clk_fpga_0 rise edge)
                                                      0.000     0.000 r  
    PS7_X0Y0             PS7                          0.000     0.000 r  gru_bin_version_i/processing_system7_0/inst/PS7_i/FCLKCLK[0]
                         net (fo=1, routed)           1.088     1.088    gru_bin_version_i/processing_system7_0/inst/FCLK_CLK_unbuffered[0]
    BUFGCTRL_X0Y16       BUFG (Prop_bufg_I_O)         0.091     1.179 r  gru_bin_version_i/processing_system7_0/inst/buffer_fclk_clk_0.FCLK_CLK_0_BUFG/O
                         net (fo=26756, routed)       1.712     2.891    gru_bin_version_i/gru_va_0/inst/grp_gru_va_Pipeline_HIDDEN_LOOP_fu_804/mul_32s_21s_53_2_1_U16/ap_clk
    DSP48_X3Y17          DSP48E1                                      r  gru_bin_version_i/gru_va_0/inst/grp_gru_va_Pipeline_HIDDEN_LOOP_fu_804/mul_32s_21s_53_2_1_U16/buff0_reg/CLK

Slack:                    inf
  Source:                 gru_bin_version_i/gru_va_0/inst/grp_gru_va_Pipeline_HIDDEN_LOOP_fu_804/mul_32s_21s_53_2_1_U16/tmp_product/ACOUT[12]
                            (internal pin)
  Destination:            gru_bin_version_i/gru_va_0/inst/grp_gru_va_Pipeline_HIDDEN_LOOP_fu_804/mul_32s_21s_53_2_1_U16/buff0_reg/ACIN[12]
                            (rising edge-triggered cell DSP48E1 clocked by clk_fpga_0  {rise@0.000ns fall@5.000ns period=10.000ns})
  Path Group:             (none)
  Path Type:              Setup (Max at Slow Process Corner)
  Data Path Delay:        0.002ns  (logic 0.000ns (0.000%)  route 0.002ns (100.000%))
  Logic Levels:           0  
  Clock Uncertainty:      0.152ns  ((TSJ^2 + TIJ^2)^1/2 + DJ) / 2 + PE
    Total System Jitter     (TSJ):    0.050ns
    Total Input Jitter      (TIJ):    0.300ns
    Discrete Jitter          (DJ):    0.000ns
    Phase Error              (PE):    0.000ns

    Location             Delay type                Incr(ns)  Path(ns)    Netlist Resource(s)
  -------------------------------------------------------------------    -------------------
    DSP48_X3Y16          DSP48E1                      0.000     0.000 r  gru_bin_version_i/gru_va_0/inst/grp_gru_va_Pipeline_HIDDEN_LOOP_fu_804/mul_32s_21s_53_2_1_U16/tmp_product/ACOUT[12]
                         net (fo=1, routed)           0.002     0.002    gru_bin_version_i/gru_va_0/inst/grp_gru_va_Pipeline_HIDDEN_LOOP_fu_804/mul_32s_21s_53_2_1_U16/tmp_product_n_44
    DSP48_X3Y17          DSP48E1                                      r  gru_bin_version_i/gru_va_0/inst/grp_gru_va_Pipeline_HIDDEN_LOOP_fu_804/mul_32s_21s_53_2_1_U16/buff0_reg/ACIN[12]
  -------------------------------------------------------------------    -------------------

                         (clock clk_fpga_0 rise edge)
                                                      0.000     0.000 r  
    PS7_X0Y0             PS7                          0.000     0.000 r  gru_bin_version_i/processing_system7_0/inst/PS7_i/FCLKCLK[0]
                         net (fo=1, routed)           1.088     1.088    gru_bin_version_i/processing_system7_0/inst/FCLK_CLK_unbuffered[0]
    BUFGCTRL_X0Y16       BUFG (Prop_bufg_I_O)         0.091     1.179 r  gru_bin_version_i/processing_system7_0/inst/buffer_fclk_clk_0.FCLK_CLK_0_BUFG/O
                         net (fo=26756, routed)       1.712     2.891    gru_bin_version_i/gru_va_0/inst/grp_gru_va_Pipeline_HIDDEN_LOOP_fu_804/mul_32s_21s_53_2_1_U16/ap_clk
    DSP48_X3Y17          DSP48E1                                      r  gru_bin_version_i/gru_va_0/inst/grp_gru_va_Pipeline_HIDDEN_LOOP_fu_804/mul_32s_21s_53_2_1_U16/buff0_reg/CLK

Slack:                    inf
  Source:                 gru_bin_version_i/gru_va_0/inst/grp_gru_va_Pipeline_HIDDEN_LOOP_fu_804/mul_32s_21s_53_2_1_U16/tmp_product/ACOUT[13]
                            (internal pin)
  Destination:            gru_bin_version_i/gru_va_0/inst/grp_gru_va_Pipeline_HIDDEN_LOOP_fu_804/mul_32s_21s_53_2_1_U16/buff0_reg/ACIN[13]
                            (rising edge-triggered cell DSP48E1 clocked by clk_fpga_0  {rise@0.000ns fall@5.000ns period=10.000ns})
  Path Group:             (none)
  Path Type:              Setup (Max at Slow Process Corner)
  Data Path Delay:        0.002ns  (logic 0.000ns (0.000%)  route 0.002ns (100.000%))
  Logic Levels:           0  
  Clock Uncertainty:      0.152ns  ((TSJ^2 + TIJ^2)^1/2 + DJ) / 2 + PE
    Total System Jitter     (TSJ):    0.050ns
    Total Input Jitter      (TIJ):    0.300ns
    Discrete Jitter          (DJ):    0.000ns
    Phase Error              (PE):    0.000ns

    Location             Delay type                Incr(ns)  Path(ns)    Netlist Resource(s)
  -------------------------------------------------------------------    -------------------
    DSP48_X3Y16          DSP48E1                      0.000     0.000 r  gru_bin_version_i/gru_va_0/inst/grp_gru_va_Pipeline_HIDDEN_LOOP_fu_804/mul_32s_21s_53_2_1_U16/tmp_product/ACOUT[13]
                         net (fo=1, routed)           0.002     0.002    gru_bin_version_i/gru_va_0/inst/grp_gru_va_Pipeline_HIDDEN_LOOP_fu_804/mul_32s_21s_53_2_1_U16/tmp_product_n_43
    DSP48_X3Y17          DSP48E1                                      r  gru_bin_version_i/gru_va_0/inst/grp_gru_va_Pipeline_HIDDEN_LOOP_fu_804/mul_32s_21s_53_2_1_U16/buff0_reg/ACIN[13]
  -------------------------------------------------------------------    -------------------

                         (clock clk_fpga_0 rise edge)
                                                      0.000     0.000 r  
    PS7_X0Y0             PS7                          0.000     0.000 r  gru_bin_version_i/processing_system7_0/inst/PS7_i/FCLKCLK[0]
                         net (fo=1, routed)           1.088     1.088    gru_bin_version_i/processing_system7_0/inst/FCLK_CLK_unbuffered[0]
    BUFGCTRL_X0Y16       BUFG (Prop_bufg_I_O)         0.091     1.179 r  gru_bin_version_i/processing_system7_0/inst/buffer_fclk_clk_0.FCLK_CLK_0_BUFG/O
                         net (fo=26756, routed)       1.712     2.891    gru_bin_version_i/gru_va_0/inst/grp_gru_va_Pipeline_HIDDEN_LOOP_fu_804/mul_32s_21s_53_2_1_U16/ap_clk
    DSP48_X3Y17          DSP48E1                                      r  gru_bin_version_i/gru_va_0/inst/grp_gru_va_Pipeline_HIDDEN_LOOP_fu_804/mul_32s_21s_53_2_1_U16/buff0_reg/CLK

Slack:                    inf
  Source:                 gru_bin_version_i/gru_va_0/inst/grp_gru_va_Pipeline_HIDDEN_LOOP_fu_804/mul_32s_21s_53_2_1_U16/tmp_product/ACOUT[14]
                            (internal pin)
  Destination:            gru_bin_version_i/gru_va_0/inst/grp_gru_va_Pipeline_HIDDEN_LOOP_fu_804/mul_32s_21s_53_2_1_U16/buff0_reg/ACIN[14]
                            (rising edge-triggered cell DSP48E1 clocked by clk_fpga_0  {rise@0.000ns fall@5.000ns period=10.000ns})
  Path Group:             (none)
  Path Type:              Setup (Max at Slow Process Corner)
  Data Path Delay:        0.002ns  (logic 0.000ns (0.000%)  route 0.002ns (100.000%))
  Logic Levels:           0  
  Clock Uncertainty:      0.152ns  ((TSJ^2 + TIJ^2)^1/2 + DJ) / 2 + PE
    Total System Jitter     (TSJ):    0.050ns
    Total Input Jitter      (TIJ):    0.300ns
    Discrete Jitter          (DJ):    0.000ns
    Phase Error              (PE):    0.000ns

    Location             Delay type                Incr(ns)  Path(ns)    Netlist Resource(s)
  -------------------------------------------------------------------    -------------------
    DSP48_X3Y16          DSP48E1                      0.000     0.000 r  gru_bin_version_i/gru_va_0/inst/grp_gru_va_Pipeline_HIDDEN_LOOP_fu_804/mul_32s_21s_53_2_1_U16/tmp_product/ACOUT[14]
                         net (fo=1, routed)           0.002     0.002    gru_bin_version_i/gru_va_0/inst/grp_gru_va_Pipeline_HIDDEN_LOOP_fu_804/mul_32s_21s_53_2_1_U16/tmp_product_n_42
    DSP48_X3Y17          DSP48E1                                      r  gru_bin_version_i/gru_va_0/inst/grp_gru_va_Pipeline_HIDDEN_LOOP_fu_804/mul_32s_21s_53_2_1_U16/buff0_reg/ACIN[14]
  -------------------------------------------------------------------    -------------------

                         (clock clk_fpga_0 rise edge)
                                                      0.000     0.000 r  
    PS7_X0Y0             PS7                          0.000     0.000 r  gru_bin_version_i/processing_system7_0/inst/PS7_i/FCLKCLK[0]
                         net (fo=1, routed)           1.088     1.088    gru_bin_version_i/processing_system7_0/inst/FCLK_CLK_unbuffered[0]
    BUFGCTRL_X0Y16       BUFG (Prop_bufg_I_O)         0.091     1.179 r  gru_bin_version_i/processing_system7_0/inst/buffer_fclk_clk_0.FCLK_CLK_0_BUFG/O
                         net (fo=26756, routed)       1.712     2.891    gru_bin_version_i/gru_va_0/inst/grp_gru_va_Pipeline_HIDDEN_LOOP_fu_804/mul_32s_21s_53_2_1_U16/ap_clk
    DSP48_X3Y17          DSP48E1                                      r  gru_bin_version_i/gru_va_0/inst/grp_gru_va_Pipeline_HIDDEN_LOOP_fu_804/mul_32s_21s_53_2_1_U16/buff0_reg/CLK

Slack:                    inf
  Source:                 gru_bin_version_i/gru_va_0/inst/grp_gru_va_Pipeline_HIDDEN_LOOP_fu_804/mul_32s_21s_53_2_1_U16/tmp_product/ACOUT[15]
                            (internal pin)
  Destination:            gru_bin_version_i/gru_va_0/inst/grp_gru_va_Pipeline_HIDDEN_LOOP_fu_804/mul_32s_21s_53_2_1_U16/buff0_reg/ACIN[15]
                            (rising edge-triggered cell DSP48E1 clocked by clk_fpga_0  {rise@0.000ns fall@5.000ns period=10.000ns})
  Path Group:             (none)
  Path Type:              Setup (Max at Slow Process Corner)
  Data Path Delay:        0.002ns  (logic 0.000ns (0.000%)  route 0.002ns (100.000%))
  Logic Levels:           0  
  Clock Uncertainty:      0.152ns  ((TSJ^2 + TIJ^2)^1/2 + DJ) / 2 + PE
    Total System Jitter     (TSJ):    0.050ns
    Total Input Jitter      (TIJ):    0.300ns
    Discrete Jitter          (DJ):    0.000ns
    Phase Error              (PE):    0.000ns

    Location             Delay type                Incr(ns)  Path(ns)    Netlist Resource(s)
  -------------------------------------------------------------------    -------------------
    DSP48_X3Y16          DSP48E1                      0.000     0.000 r  gru_bin_version_i/gru_va_0/inst/grp_gru_va_Pipeline_HIDDEN_LOOP_fu_804/mul_32s_21s_53_2_1_U16/tmp_product/ACOUT[15]
                         net (fo=1, routed)           0.002     0.002    gru_bin_version_i/gru_va_0/inst/grp_gru_va_Pipeline_HIDDEN_LOOP_fu_804/mul_32s_21s_53_2_1_U16/tmp_product_n_41
    DSP48_X3Y17          DSP48E1                                      r  gru_bin_version_i/gru_va_0/inst/grp_gru_va_Pipeline_HIDDEN_LOOP_fu_804/mul_32s_21s_53_2_1_U16/buff0_reg/ACIN[15]
  -------------------------------------------------------------------    -------------------

                         (clock clk_fpga_0 rise edge)
                                                      0.000     0.000 r  
    PS7_X0Y0             PS7                          0.000     0.000 r  gru_bin_version_i/processing_system7_0/inst/PS7_i/FCLKCLK[0]
                         net (fo=1, routed)           1.088     1.088    gru_bin_version_i/processing_system7_0/inst/FCLK_CLK_unbuffered[0]
    BUFGCTRL_X0Y16       BUFG (Prop_bufg_I_O)         0.091     1.179 r  gru_bin_version_i/processing_system7_0/inst/buffer_fclk_clk_0.FCLK_CLK_0_BUFG/O
                         net (fo=26756, routed)       1.712     2.891    gru_bin_version_i/gru_va_0/inst/grp_gru_va_Pipeline_HIDDEN_LOOP_fu_804/mul_32s_21s_53_2_1_U16/ap_clk
    DSP48_X3Y17          DSP48E1                                      r  gru_bin_version_i/gru_va_0/inst/grp_gru_va_Pipeline_HIDDEN_LOOP_fu_804/mul_32s_21s_53_2_1_U16/buff0_reg/CLK

Slack:                    inf
  Source:                 gru_bin_version_i/gru_va_0/inst/grp_gru_va_Pipeline_HIDDEN_LOOP_fu_804/mul_32s_21s_53_2_1_U16/tmp_product/ACOUT[16]
                            (internal pin)
  Destination:            gru_bin_version_i/gru_va_0/inst/grp_gru_va_Pipeline_HIDDEN_LOOP_fu_804/mul_32s_21s_53_2_1_U16/buff0_reg/ACIN[16]
                            (rising edge-triggered cell DSP48E1 clocked by clk_fpga_0  {rise@0.000ns fall@5.000ns period=10.000ns})
  Path Group:             (none)
  Path Type:              Setup (Max at Slow Process Corner)
  Data Path Delay:        0.002ns  (logic 0.000ns (0.000%)  route 0.002ns (100.000%))
  Logic Levels:           0  
  Clock Uncertainty:      0.152ns  ((TSJ^2 + TIJ^2)^1/2 + DJ) / 2 + PE
    Total System Jitter     (TSJ):    0.050ns
    Total Input Jitter      (TIJ):    0.300ns
    Discrete Jitter          (DJ):    0.000ns
    Phase Error              (PE):    0.000ns

    Location             Delay type                Incr(ns)  Path(ns)    Netlist Resource(s)
  -------------------------------------------------------------------    -------------------
    DSP48_X3Y16          DSP48E1                      0.000     0.000 r  gru_bin_version_i/gru_va_0/inst/grp_gru_va_Pipeline_HIDDEN_LOOP_fu_804/mul_32s_21s_53_2_1_U16/tmp_product/ACOUT[16]
                         net (fo=1, routed)           0.002     0.002    gru_bin_version_i/gru_va_0/inst/grp_gru_va_Pipeline_HIDDEN_LOOP_fu_804/mul_32s_21s_53_2_1_U16/tmp_product_n_40
    DSP48_X3Y17          DSP48E1                                      r  gru_bin_version_i/gru_va_0/inst/grp_gru_va_Pipeline_HIDDEN_LOOP_fu_804/mul_32s_21s_53_2_1_U16/buff0_reg/ACIN[16]
  -------------------------------------------------------------------    -------------------

                         (clock clk_fpga_0 rise edge)
                                                      0.000     0.000 r  
    PS7_X0Y0             PS7                          0.000     0.000 r  gru_bin_version_i/processing_system7_0/inst/PS7_i/FCLKCLK[0]
                         net (fo=1, routed)           1.088     1.088    gru_bin_version_i/processing_system7_0/inst/FCLK_CLK_unbuffered[0]
    BUFGCTRL_X0Y16       BUFG (Prop_bufg_I_O)         0.091     1.179 r  gru_bin_version_i/processing_system7_0/inst/buffer_fclk_clk_0.FCLK_CLK_0_BUFG/O
                         net (fo=26756, routed)       1.712     2.891    gru_bin_version_i/gru_va_0/inst/grp_gru_va_Pipeline_HIDDEN_LOOP_fu_804/mul_32s_21s_53_2_1_U16/ap_clk
    DSP48_X3Y17          DSP48E1                                      r  gru_bin_version_i/gru_va_0/inst/grp_gru_va_Pipeline_HIDDEN_LOOP_fu_804/mul_32s_21s_53_2_1_U16/buff0_reg/CLK

Slack:                    inf
  Source:                 gru_bin_version_i/gru_va_0/inst/grp_gru_va_Pipeline_HIDDEN_LOOP_fu_804/mul_32s_21s_53_2_1_U16/tmp_product/ACOUT[17]
                            (internal pin)
  Destination:            gru_bin_version_i/gru_va_0/inst/grp_gru_va_Pipeline_HIDDEN_LOOP_fu_804/mul_32s_21s_53_2_1_U16/buff0_reg/ACIN[17]
                            (rising edge-triggered cell DSP48E1 clocked by clk_fpga_0  {rise@0.000ns fall@5.000ns period=10.000ns})
  Path Group:             (none)
  Path Type:              Setup (Max at Slow Process Corner)
  Data Path Delay:        0.002ns  (logic 0.000ns (0.000%)  route 0.002ns (100.000%))
  Logic Levels:           0  
  Clock Uncertainty:      0.152ns  ((TSJ^2 + TIJ^2)^1/2 + DJ) / 2 + PE
    Total System Jitter     (TSJ):    0.050ns
    Total Input Jitter      (TIJ):    0.300ns
    Discrete Jitter          (DJ):    0.000ns
    Phase Error              (PE):    0.000ns

    Location             Delay type                Incr(ns)  Path(ns)    Netlist Resource(s)
  -------------------------------------------------------------------    -------------------
    DSP48_X3Y16          DSP48E1                      0.000     0.000 r  gru_bin_version_i/gru_va_0/inst/grp_gru_va_Pipeline_HIDDEN_LOOP_fu_804/mul_32s_21s_53_2_1_U16/tmp_product/ACOUT[17]
                         net (fo=1, routed)           0.002     0.002    gru_bin_version_i/gru_va_0/inst/grp_gru_va_Pipeline_HIDDEN_LOOP_fu_804/mul_32s_21s_53_2_1_U16/tmp_product_n_39
    DSP48_X3Y17          DSP48E1                                      r  gru_bin_version_i/gru_va_0/inst/grp_gru_va_Pipeline_HIDDEN_LOOP_fu_804/mul_32s_21s_53_2_1_U16/buff0_reg/ACIN[17]
  -------------------------------------------------------------------    -------------------

                         (clock clk_fpga_0 rise edge)
                                                      0.000     0.000 r  
    PS7_X0Y0             PS7                          0.000     0.000 r  gru_bin_version_i/processing_system7_0/inst/PS7_i/FCLKCLK[0]
                         net (fo=1, routed)           1.088     1.088    gru_bin_version_i/processing_system7_0/inst/FCLK_CLK_unbuffered[0]
    BUFGCTRL_X0Y16       BUFG (Prop_bufg_I_O)         0.091     1.179 r  gru_bin_version_i/processing_system7_0/inst/buffer_fclk_clk_0.FCLK_CLK_0_BUFG/O
                         net (fo=26756, routed)       1.712     2.891    gru_bin_version_i/gru_va_0/inst/grp_gru_va_Pipeline_HIDDEN_LOOP_fu_804/mul_32s_21s_53_2_1_U16/ap_clk
    DSP48_X3Y17          DSP48E1                                      r  gru_bin_version_i/gru_va_0/inst/grp_gru_va_Pipeline_HIDDEN_LOOP_fu_804/mul_32s_21s_53_2_1_U16/buff0_reg/CLK

Slack:                    inf
  Source:                 gru_bin_version_i/gru_va_0/inst/grp_gru_va_Pipeline_HIDDEN_LOOP_fu_804/mul_32s_21s_53_2_1_U16/tmp_product/ACOUT[18]
                            (internal pin)
  Destination:            gru_bin_version_i/gru_va_0/inst/grp_gru_va_Pipeline_HIDDEN_LOOP_fu_804/mul_32s_21s_53_2_1_U16/buff0_reg/ACIN[18]
                            (rising edge-triggered cell DSP48E1 clocked by clk_fpga_0  {rise@0.000ns fall@5.000ns period=10.000ns})
  Path Group:             (none)
  Path Type:              Setup (Max at Slow Process Corner)
  Data Path Delay:        0.002ns  (logic 0.000ns (0.000%)  route 0.002ns (100.000%))
  Logic Levels:           0  
  Clock Uncertainty:      0.152ns  ((TSJ^2 + TIJ^2)^1/2 + DJ) / 2 + PE
    Total System Jitter     (TSJ):    0.050ns
    Total Input Jitter      (TIJ):    0.300ns
    Discrete Jitter          (DJ):    0.000ns
    Phase Error              (PE):    0.000ns

    Location             Delay type                Incr(ns)  Path(ns)    Netlist Resource(s)
  -------------------------------------------------------------------    -------------------
    DSP48_X3Y16          DSP48E1                      0.000     0.000 r  gru_bin_version_i/gru_va_0/inst/grp_gru_va_Pipeline_HIDDEN_LOOP_fu_804/mul_32s_21s_53_2_1_U16/tmp_product/ACOUT[18]
                         net (fo=1, routed)           0.002     0.002    gru_bin_version_i/gru_va_0/inst/grp_gru_va_Pipeline_HIDDEN_LOOP_fu_804/mul_32s_21s_53_2_1_U16/tmp_product_n_38
    DSP48_X3Y17          DSP48E1                                      r  gru_bin_version_i/gru_va_0/inst/grp_gru_va_Pipeline_HIDDEN_LOOP_fu_804/mul_32s_21s_53_2_1_U16/buff0_reg/ACIN[18]
  -------------------------------------------------------------------    -------------------

                         (clock clk_fpga_0 rise edge)
                                                      0.000     0.000 r  
    PS7_X0Y0             PS7                          0.000     0.000 r  gru_bin_version_i/processing_system7_0/inst/PS7_i/FCLKCLK[0]
                         net (fo=1, routed)           1.088     1.088    gru_bin_version_i/processing_system7_0/inst/FCLK_CLK_unbuffered[0]
    BUFGCTRL_X0Y16       BUFG (Prop_bufg_I_O)         0.091     1.179 r  gru_bin_version_i/processing_system7_0/inst/buffer_fclk_clk_0.FCLK_CLK_0_BUFG/O
                         net (fo=26756, routed)       1.712     2.891    gru_bin_version_i/gru_va_0/inst/grp_gru_va_Pipeline_HIDDEN_LOOP_fu_804/mul_32s_21s_53_2_1_U16/ap_clk
    DSP48_X3Y17          DSP48E1                                      r  gru_bin_version_i/gru_va_0/inst/grp_gru_va_Pipeline_HIDDEN_LOOP_fu_804/mul_32s_21s_53_2_1_U16/buff0_reg/CLK





Min Delay Paths
--------------------------------------------------------------------------------------
Slack:                    inf
  Source:                 gru_bin_version_i/gru_va_0/inst/grp_gru_va_Pipeline_HIDDEN_LOOP_fu_804/mul_32s_21s_53_2_1_U16/tmp_product/ACOUT[0]
                            (internal pin)
  Destination:            gru_bin_version_i/gru_va_0/inst/grp_gru_va_Pipeline_HIDDEN_LOOP_fu_804/mul_32s_21s_53_2_1_U16/buff0_reg/ACIN[0]
                            (rising edge-triggered cell DSP48E1 clocked by clk_fpga_0  {rise@0.000ns fall@5.000ns period=10.000ns})
  Path Group:             (none)
  Path Type:              Hold (Min at Slow Process Corner)
  Data Path Delay:        0.002ns  (logic 0.000ns (0.000%)  route 0.002ns (100.000%))
  Logic Levels:           0  
  Clock Uncertainty:      0.152ns  ((TSJ^2 + TIJ^2)^1/2 + DJ) / 2 + PE
    Total System Jitter     (TSJ):    0.050ns
    Total Input Jitter      (TIJ):    0.300ns
    Discrete Jitter          (DJ):    0.000ns
    Phase Error              (PE):    0.000ns

    Location             Delay type                Incr(ns)  Path(ns)    Netlist Resource(s)
  -------------------------------------------------------------------    -------------------
    DSP48_X3Y16          DSP48E1                      0.000     0.000 r  gru_bin_version_i/gru_va_0/inst/grp_gru_va_Pipeline_HIDDEN_LOOP_fu_804/mul_32s_21s_53_2_1_U16/tmp_product/ACOUT[0]
                         net (fo=1, routed)           0.002     0.002    gru_bin_version_i/gru_va_0/inst/grp_gru_va_Pipeline_HIDDEN_LOOP_fu_804/mul_32s_21s_53_2_1_U16/tmp_product_n_56
    DSP48_X3Y17          DSP48E1                                      r  gru_bin_version_i/gru_va_0/inst/grp_gru_va_Pipeline_HIDDEN_LOOP_fu_804/mul_32s_21s_53_2_1_U16/buff0_reg/ACIN[0]
  -------------------------------------------------------------------    -------------------

                         (clock clk_fpga_0 rise edge)
                                                      0.000     0.000 r  
    PS7_X0Y0             PS7                          0.000     0.000 r  gru_bin_version_i/processing_system7_0/inst/PS7_i/FCLKCLK[0]
                         net (fo=1, routed)           1.193     1.193    gru_bin_version_i/processing_system7_0/inst/FCLK_CLK_unbuffered[0]
    BUFGCTRL_X0Y16       BUFG (Prop_bufg_I_O)         0.101     1.294 r  gru_bin_version_i/processing_system7_0/inst/buffer_fclk_clk_0.FCLK_CLK_0_BUFG/O
                         net (fo=26756, routed)       1.890     3.184    gru_bin_version_i/gru_va_0/inst/grp_gru_va_Pipeline_HIDDEN_LOOP_fu_804/mul_32s_21s_53_2_1_U16/ap_clk
    DSP48_X3Y17          DSP48E1                                      r  gru_bin_version_i/gru_va_0/inst/grp_gru_va_Pipeline_HIDDEN_LOOP_fu_804/mul_32s_21s_53_2_1_U16/buff0_reg/CLK

Slack:                    inf
  Source:                 gru_bin_version_i/gru_va_0/inst/grp_gru_va_Pipeline_HIDDEN_LOOP_fu_804/mul_32s_21s_53_2_1_U16/tmp_product/ACOUT[10]
                            (internal pin)
  Destination:            gru_bin_version_i/gru_va_0/inst/grp_gru_va_Pipeline_HIDDEN_LOOP_fu_804/mul_32s_21s_53_2_1_U16/buff0_reg/ACIN[10]
                            (rising edge-triggered cell DSP48E1 clocked by clk_fpga_0  {rise@0.000ns fall@5.000ns period=10.000ns})
  Path Group:             (none)
  Path Type:              Hold (Min at Slow Process Corner)
  Data Path Delay:        0.002ns  (logic 0.000ns (0.000%)  route 0.002ns (100.000%))
  Logic Levels:           0  
  Clock Uncertainty:      0.152ns  ((TSJ^2 + TIJ^2)^1/2 + DJ) / 2 + PE
    Total System Jitter     (TSJ):    0.050ns
    Total Input Jitter      (TIJ):    0.300ns
    Discrete Jitter          (DJ):    0.000ns
    Phase Error              (PE):    0.000ns

    Location             Delay type                Incr(ns)  Path(ns)    Netlist Resource(s)
  -------------------------------------------------------------------    -------------------
    DSP48_X3Y16          DSP48E1                      0.000     0.000 r  gru_bin_version_i/gru_va_0/inst/grp_gru_va_Pipeline_HIDDEN_LOOP_fu_804/mul_32s_21s_53_2_1_U16/tmp_product/ACOUT[10]
                         net (fo=1, routed)           0.002     0.002    gru_bin_version_i/gru_va_0/inst/grp_gru_va_Pipeline_HIDDEN_LOOP_fu_804/mul_32s_21s_53_2_1_U16/tmp_product_n_46
    DSP48_X3Y17          DSP48E1                                      r  gru_bin_version_i/gru_va_0/inst/grp_gru_va_Pipeline_HIDDEN_LOOP_fu_804/mul_32s_21s_53_2_1_U16/buff0_reg/ACIN[10]
  -------------------------------------------------------------------    -------------------

                         (clock clk_fpga_0 rise edge)
                                                      0.000     0.000 r  
    PS7_X0Y0             PS7                          0.000     0.000 r  gru_bin_version_i/processing_system7_0/inst/PS7_i/FCLKCLK[0]
                         net (fo=1, routed)           1.193     1.193    gru_bin_version_i/processing_system7_0/inst/FCLK_CLK_unbuffered[0]
    BUFGCTRL_X0Y16       BUFG (Prop_bufg_I_O)         0.101     1.294 r  gru_bin_version_i/processing_system7_0/inst/buffer_fclk_clk_0.FCLK_CLK_0_BUFG/O
                         net (fo=26756, routed)       1.890     3.184    gru_bin_version_i/gru_va_0/inst/grp_gru_va_Pipeline_HIDDEN_LOOP_fu_804/mul_32s_21s_53_2_1_U16/ap_clk
    DSP48_X3Y17          DSP48E1                                      r  gru_bin_version_i/gru_va_0/inst/grp_gru_va_Pipeline_HIDDEN_LOOP_fu_804/mul_32s_21s_53_2_1_U16/buff0_reg/CLK

Slack:                    inf
  Source:                 gru_bin_version_i/gru_va_0/inst/grp_gru_va_Pipeline_HIDDEN_LOOP_fu_804/mul_32s_21s_53_2_1_U16/tmp_product/ACOUT[11]
                            (internal pin)
  Destination:            gru_bin_version_i/gru_va_0/inst/grp_gru_va_Pipeline_HIDDEN_LOOP_fu_804/mul_32s_21s_53_2_1_U16/buff0_reg/ACIN[11]
                            (rising edge-triggered cell DSP48E1 clocked by clk_fpga_0  {rise@0.000ns fall@5.000ns period=10.000ns})
  Path Group:             (none)
  Path Type:              Hold (Min at Slow Process Corner)
  Data Path Delay:        0.002ns  (logic 0.000ns (0.000%)  route 0.002ns (100.000%))
  Logic Levels:           0  
  Clock Uncertainty:      0.152ns  ((TSJ^2 + TIJ^2)^1/2 + DJ) / 2 + PE
    Total System Jitter     (TSJ):    0.050ns
    Total Input Jitter      (TIJ):    0.300ns
    Discrete Jitter          (DJ):    0.000ns
    Phase Error              (PE):    0.000ns

    Location             Delay type                Incr(ns)  Path(ns)    Netlist Resource(s)
  -------------------------------------------------------------------    -------------------
    DSP48_X3Y16          DSP48E1                      0.000     0.000 r  gru_bin_version_i/gru_va_0/inst/grp_gru_va_Pipeline_HIDDEN_LOOP_fu_804/mul_32s_21s_53_2_1_U16/tmp_product/ACOUT[11]
                         net (fo=1, routed)           0.002     0.002    gru_bin_version_i/gru_va_0/inst/grp_gru_va_Pipeline_HIDDEN_LOOP_fu_804/mul_32s_21s_53_2_1_U16/tmp_product_n_45
    DSP48_X3Y17          DSP48E1                                      r  gru_bin_version_i/gru_va_0/inst/grp_gru_va_Pipeline_HIDDEN_LOOP_fu_804/mul_32s_21s_53_2_1_U16/buff0_reg/ACIN[11]
  -------------------------------------------------------------------    -------------------

                         (clock clk_fpga_0 rise edge)
                                                      0.000     0.000 r  
    PS7_X0Y0             PS7                          0.000     0.000 r  gru_bin_version_i/processing_system7_0/inst/PS7_i/FCLKCLK[0]
                         net (fo=1, routed)           1.193     1.193    gru_bin_version_i/processing_system7_0/inst/FCLK_CLK_unbuffered[0]
    BUFGCTRL_X0Y16       BUFG (Prop_bufg_I_O)         0.101     1.294 r  gru_bin_version_i/processing_system7_0/inst/buffer_fclk_clk_0.FCLK_CLK_0_BUFG/O
                         net (fo=26756, routed)       1.890     3.184    gru_bin_version_i/gru_va_0/inst/grp_gru_va_Pipeline_HIDDEN_LOOP_fu_804/mul_32s_21s_53_2_1_U16/ap_clk
    DSP48_X3Y17          DSP48E1                                      r  gru_bin_version_i/gru_va_0/inst/grp_gru_va_Pipeline_HIDDEN_LOOP_fu_804/mul_32s_21s_53_2_1_U16/buff0_reg/CLK

Slack:                    inf
  Source:                 gru_bin_version_i/gru_va_0/inst/grp_gru_va_Pipeline_HIDDEN_LOOP_fu_804/mul_32s_21s_53_2_1_U16/tmp_product/ACOUT[12]
                            (internal pin)
  Destination:            gru_bin_version_i/gru_va_0/inst/grp_gru_va_Pipeline_HIDDEN_LOOP_fu_804/mul_32s_21s_53_2_1_U16/buff0_reg/ACIN[12]
                            (rising edge-triggered cell DSP48E1 clocked by clk_fpga_0  {rise@0.000ns fall@5.000ns period=10.000ns})
  Path Group:             (none)
  Path Type:              Hold (Min at Slow Process Corner)
  Data Path Delay:        0.002ns  (logic 0.000ns (0.000%)  route 0.002ns (100.000%))
  Logic Levels:           0  
  Clock Uncertainty:      0.152ns  ((TSJ^2 + TIJ^2)^1/2 + DJ) / 2 + PE
    Total System Jitter     (TSJ):    0.050ns
    Total Input Jitter      (TIJ):    0.300ns
    Discrete Jitter          (DJ):    0.000ns
    Phase Error              (PE):    0.000ns

    Location             Delay type                Incr(ns)  Path(ns)    Netlist Resource(s)
  -------------------------------------------------------------------    -------------------
    DSP48_X3Y16          DSP48E1                      0.000     0.000 r  gru_bin_version_i/gru_va_0/inst/grp_gru_va_Pipeline_HIDDEN_LOOP_fu_804/mul_32s_21s_53_2_1_U16/tmp_product/ACOUT[12]
                         net (fo=1, routed)           0.002     0.002    gru_bin_version_i/gru_va_0/inst/grp_gru_va_Pipeline_HIDDEN_LOOP_fu_804/mul_32s_21s_53_2_1_U16/tmp_product_n_44
    DSP48_X3Y17          DSP48E1                                      r  gru_bin_version_i/gru_va_0/inst/grp_gru_va_Pipeline_HIDDEN_LOOP_fu_804/mul_32s_21s_53_2_1_U16/buff0_reg/ACIN[12]
  -------------------------------------------------------------------    -------------------

                         (clock clk_fpga_0 rise edge)
                                                      0.000     0.000 r  
    PS7_X0Y0             PS7                          0.000     0.000 r  gru_bin_version_i/processing_system7_0/inst/PS7_i/FCLKCLK[0]
                         net (fo=1, routed)           1.193     1.193    gru_bin_version_i/processing_system7_0/inst/FCLK_CLK_unbuffered[0]
    BUFGCTRL_X0Y16       BUFG (Prop_bufg_I_O)         0.101     1.294 r  gru_bin_version_i/processing_system7_0/inst/buffer_fclk_clk_0.FCLK_CLK_0_BUFG/O
                         net (fo=26756, routed)       1.890     3.184    gru_bin_version_i/gru_va_0/inst/grp_gru_va_Pipeline_HIDDEN_LOOP_fu_804/mul_32s_21s_53_2_1_U16/ap_clk
    DSP48_X3Y17          DSP48E1                                      r  gru_bin_version_i/gru_va_0/inst/grp_gru_va_Pipeline_HIDDEN_LOOP_fu_804/mul_32s_21s_53_2_1_U16/buff0_reg/CLK

Slack:                    inf
  Source:                 gru_bin_version_i/gru_va_0/inst/grp_gru_va_Pipeline_HIDDEN_LOOP_fu_804/mul_32s_21s_53_2_1_U16/tmp_product/ACOUT[13]
                            (internal pin)
  Destination:            gru_bin_version_i/gru_va_0/inst/grp_gru_va_Pipeline_HIDDEN_LOOP_fu_804/mul_32s_21s_53_2_1_U16/buff0_reg/ACIN[13]
                            (rising edge-triggered cell DSP48E1 clocked by clk_fpga_0  {rise@0.000ns fall@5.000ns period=10.000ns})
  Path Group:             (none)
  Path Type:              Hold (Min at Slow Process Corner)
  Data Path Delay:        0.002ns  (logic 0.000ns (0.000%)  route 0.002ns (100.000%))
  Logic Levels:           0  
  Clock Uncertainty:      0.152ns  ((TSJ^2 + TIJ^2)^1/2 + DJ) / 2 + PE
    Total System Jitter     (TSJ):    0.050ns
    Total Input Jitter      (TIJ):    0.300ns
    Discrete Jitter          (DJ):    0.000ns
    Phase Error              (PE):    0.000ns

    Location             Delay type                Incr(ns)  Path(ns)    Netlist Resource(s)
  -------------------------------------------------------------------    -------------------
    DSP48_X3Y16          DSP48E1                      0.000     0.000 r  gru_bin_version_i/gru_va_0/inst/grp_gru_va_Pipeline_HIDDEN_LOOP_fu_804/mul_32s_21s_53_2_1_U16/tmp_product/ACOUT[13]
                         net (fo=1, routed)           0.002     0.002    gru_bin_version_i/gru_va_0/inst/grp_gru_va_Pipeline_HIDDEN_LOOP_fu_804/mul_32s_21s_53_2_1_U16/tmp_product_n_43
    DSP48_X3Y17          DSP48E1                                      r  gru_bin_version_i/gru_va_0/inst/grp_gru_va_Pipeline_HIDDEN_LOOP_fu_804/mul_32s_21s_53_2_1_U16/buff0_reg/ACIN[13]
  -------------------------------------------------------------------    -------------------

                         (clock clk_fpga_0 rise edge)
                                                      0.000     0.000 r  
    PS7_X0Y0             PS7                          0.000     0.000 r  gru_bin_version_i/processing_system7_0/inst/PS7_i/FCLKCLK[0]
                         net (fo=1, routed)           1.193     1.193    gru_bin_version_i/processing_system7_0/inst/FCLK_CLK_unbuffered[0]
    BUFGCTRL_X0Y16       BUFG (Prop_bufg_I_O)         0.101     1.294 r  gru_bin_version_i/processing_system7_0/inst/buffer_fclk_clk_0.FCLK_CLK_0_BUFG/O
                         net (fo=26756, routed)       1.890     3.184    gru_bin_version_i/gru_va_0/inst/grp_gru_va_Pipeline_HIDDEN_LOOP_fu_804/mul_32s_21s_53_2_1_U16/ap_clk
    DSP48_X3Y17          DSP48E1                                      r  gru_bin_version_i/gru_va_0/inst/grp_gru_va_Pipeline_HIDDEN_LOOP_fu_804/mul_32s_21s_53_2_1_U16/buff0_reg/CLK

Slack:                    inf
  Source:                 gru_bin_version_i/gru_va_0/inst/grp_gru_va_Pipeline_HIDDEN_LOOP_fu_804/mul_32s_21s_53_2_1_U16/tmp_product/ACOUT[14]
                            (internal pin)
  Destination:            gru_bin_version_i/gru_va_0/inst/grp_gru_va_Pipeline_HIDDEN_LOOP_fu_804/mul_32s_21s_53_2_1_U16/buff0_reg/ACIN[14]
                            (rising edge-triggered cell DSP48E1 clocked by clk_fpga_0  {rise@0.000ns fall@5.000ns period=10.000ns})
  Path Group:             (none)
  Path Type:              Hold (Min at Slow Process Corner)
  Data Path Delay:        0.002ns  (logic 0.000ns (0.000%)  route 0.002ns (100.000%))
  Logic Levels:           0  
  Clock Uncertainty:      0.152ns  ((TSJ^2 + TIJ^2)^1/2 + DJ) / 2 + PE
    Total System Jitter     (TSJ):    0.050ns
    Total Input Jitter      (TIJ):    0.300ns
    Discrete Jitter          (DJ):    0.000ns
    Phase Error              (PE):    0.000ns

    Location             Delay type                Incr(ns)  Path(ns)    Netlist Resource(s)
  -------------------------------------------------------------------    -------------------
    DSP48_X3Y16          DSP48E1                      0.000     0.000 r  gru_bin_version_i/gru_va_0/inst/grp_gru_va_Pipeline_HIDDEN_LOOP_fu_804/mul_32s_21s_53_2_1_U16/tmp_product/ACOUT[14]
                         net (fo=1, routed)           0.002     0.002    gru_bin_version_i/gru_va_0/inst/grp_gru_va_Pipeline_HIDDEN_LOOP_fu_804/mul_32s_21s_53_2_1_U16/tmp_product_n_42
    DSP48_X3Y17          DSP48E1                                      r  gru_bin_version_i/gru_va_0/inst/grp_gru_va_Pipeline_HIDDEN_LOOP_fu_804/mul_32s_21s_53_2_1_U16/buff0_reg/ACIN[14]
  -------------------------------------------------------------------    -------------------

                         (clock clk_fpga_0 rise edge)
                                                      0.000     0.000 r  
    PS7_X0Y0             PS7                          0.000     0.000 r  gru_bin_version_i/processing_system7_0/inst/PS7_i/FCLKCLK[0]
                         net (fo=1, routed)           1.193     1.193    gru_bin_version_i/processing_system7_0/inst/FCLK_CLK_unbuffered[0]
    BUFGCTRL_X0Y16       BUFG (Prop_bufg_I_O)         0.101     1.294 r  gru_bin_version_i/processing_system7_0/inst/buffer_fclk_clk_0.FCLK_CLK_0_BUFG/O
                         net (fo=26756, routed)       1.890     3.184    gru_bin_version_i/gru_va_0/inst/grp_gru_va_Pipeline_HIDDEN_LOOP_fu_804/mul_32s_21s_53_2_1_U16/ap_clk
    DSP48_X3Y17          DSP48E1                                      r  gru_bin_version_i/gru_va_0/inst/grp_gru_va_Pipeline_HIDDEN_LOOP_fu_804/mul_32s_21s_53_2_1_U16/buff0_reg/CLK

Slack:                    inf
  Source:                 gru_bin_version_i/gru_va_0/inst/grp_gru_va_Pipeline_HIDDEN_LOOP_fu_804/mul_32s_21s_53_2_1_U16/tmp_product/ACOUT[15]
                            (internal pin)
  Destination:            gru_bin_version_i/gru_va_0/inst/grp_gru_va_Pipeline_HIDDEN_LOOP_fu_804/mul_32s_21s_53_2_1_U16/buff0_reg/ACIN[15]
                            (rising edge-triggered cell DSP48E1 clocked by clk_fpga_0  {rise@0.000ns fall@5.000ns period=10.000ns})
  Path Group:             (none)
  Path Type:              Hold (Min at Slow Process Corner)
  Data Path Delay:        0.002ns  (logic 0.000ns (0.000%)  route 0.002ns (100.000%))
  Logic Levels:           0  
  Clock Uncertainty:      0.152ns  ((TSJ^2 + TIJ^2)^1/2 + DJ) / 2 + PE
    Total System Jitter     (TSJ):    0.050ns
    Total Input Jitter      (TIJ):    0.300ns
    Discrete Jitter          (DJ):    0.000ns
    Phase Error              (PE):    0.000ns

    Location             Delay type                Incr(ns)  Path(ns)    Netlist Resource(s)
  -------------------------------------------------------------------    -------------------
    DSP48_X3Y16          DSP48E1                      0.000     0.000 r  gru_bin_version_i/gru_va_0/inst/grp_gru_va_Pipeline_HIDDEN_LOOP_fu_804/mul_32s_21s_53_2_1_U16/tmp_product/ACOUT[15]
                         net (fo=1, routed)           0.002     0.002    gru_bin_version_i/gru_va_0/inst/grp_gru_va_Pipeline_HIDDEN_LOOP_fu_804/mul_32s_21s_53_2_1_U16/tmp_product_n_41
    DSP48_X3Y17          DSP48E1                                      r  gru_bin_version_i/gru_va_0/inst/grp_gru_va_Pipeline_HIDDEN_LOOP_fu_804/mul_32s_21s_53_2_1_U16/buff0_reg/ACIN[15]
  -------------------------------------------------------------------    -------------------

                         (clock clk_fpga_0 rise edge)
                                                      0.000     0.000 r  
    PS7_X0Y0             PS7                          0.000     0.000 r  gru_bin_version_i/processing_system7_0/inst/PS7_i/FCLKCLK[0]
                         net (fo=1, routed)           1.193     1.193    gru_bin_version_i/processing_system7_0/inst/FCLK_CLK_unbuffered[0]
    BUFGCTRL_X0Y16       BUFG (Prop_bufg_I_O)         0.101     1.294 r  gru_bin_version_i/processing_system7_0/inst/buffer_fclk_clk_0.FCLK_CLK_0_BUFG/O
                         net (fo=26756, routed)       1.890     3.184    gru_bin_version_i/gru_va_0/inst/grp_gru_va_Pipeline_HIDDEN_LOOP_fu_804/mul_32s_21s_53_2_1_U16/ap_clk
    DSP48_X3Y17          DSP48E1                                      r  gru_bin_version_i/gru_va_0/inst/grp_gru_va_Pipeline_HIDDEN_LOOP_fu_804/mul_32s_21s_53_2_1_U16/buff0_reg/CLK

Slack:                    inf
  Source:                 gru_bin_version_i/gru_va_0/inst/grp_gru_va_Pipeline_HIDDEN_LOOP_fu_804/mul_32s_21s_53_2_1_U16/tmp_product/ACOUT[16]
                            (internal pin)
  Destination:            gru_bin_version_i/gru_va_0/inst/grp_gru_va_Pipeline_HIDDEN_LOOP_fu_804/mul_32s_21s_53_2_1_U16/buff0_reg/ACIN[16]
                            (rising edge-triggered cell DSP48E1 clocked by clk_fpga_0  {rise@0.000ns fall@5.000ns period=10.000ns})
  Path Group:             (none)
  Path Type:              Hold (Min at Slow Process Corner)
  Data Path Delay:        0.002ns  (logic 0.000ns (0.000%)  route 0.002ns (100.000%))
  Logic Levels:           0  
  Clock Uncertainty:      0.152ns  ((TSJ^2 + TIJ^2)^1/2 + DJ) / 2 + PE
    Total System Jitter     (TSJ):    0.050ns
    Total Input Jitter      (TIJ):    0.300ns
    Discrete Jitter          (DJ):    0.000ns
    Phase Error              (PE):    0.000ns

    Location             Delay type                Incr(ns)  Path(ns)    Netlist Resource(s)
  -------------------------------------------------------------------    -------------------
    DSP48_X3Y16          DSP48E1                      0.000     0.000 r  gru_bin_version_i/gru_va_0/inst/grp_gru_va_Pipeline_HIDDEN_LOOP_fu_804/mul_32s_21s_53_2_1_U16/tmp_product/ACOUT[16]
                         net (fo=1, routed)           0.002     0.002    gru_bin_version_i/gru_va_0/inst/grp_gru_va_Pipeline_HIDDEN_LOOP_fu_804/mul_32s_21s_53_2_1_U16/tmp_product_n_40
    DSP48_X3Y17          DSP48E1                                      r  gru_bin_version_i/gru_va_0/inst/grp_gru_va_Pipeline_HIDDEN_LOOP_fu_804/mul_32s_21s_53_2_1_U16/buff0_reg/ACIN[16]
  -------------------------------------------------------------------    -------------------

                         (clock clk_fpga_0 rise edge)
                                                      0.000     0.000 r  
    PS7_X0Y0             PS7                          0.000     0.000 r  gru_bin_version_i/processing_system7_0/inst/PS7_i/FCLKCLK[0]
                         net (fo=1, routed)           1.193     1.193    gru_bin_version_i/processing_system7_0/inst/FCLK_CLK_unbuffered[0]
    BUFGCTRL_X0Y16       BUFG (Prop_bufg_I_O)         0.101     1.294 r  gru_bin_version_i/processing_system7_0/inst/buffer_fclk_clk_0.FCLK_CLK_0_BUFG/O
                         net (fo=26756, routed)       1.890     3.184    gru_bin_version_i/gru_va_0/inst/grp_gru_va_Pipeline_HIDDEN_LOOP_fu_804/mul_32s_21s_53_2_1_U16/ap_clk
    DSP48_X3Y17          DSP48E1                                      r  gru_bin_version_i/gru_va_0/inst/grp_gru_va_Pipeline_HIDDEN_LOOP_fu_804/mul_32s_21s_53_2_1_U16/buff0_reg/CLK

Slack:                    inf
  Source:                 gru_bin_version_i/gru_va_0/inst/grp_gru_va_Pipeline_HIDDEN_LOOP_fu_804/mul_32s_21s_53_2_1_U16/tmp_product/ACOUT[17]
                            (internal pin)
  Destination:            gru_bin_version_i/gru_va_0/inst/grp_gru_va_Pipeline_HIDDEN_LOOP_fu_804/mul_32s_21s_53_2_1_U16/buff0_reg/ACIN[17]
                            (rising edge-triggered cell DSP48E1 clocked by clk_fpga_0  {rise@0.000ns fall@5.000ns period=10.000ns})
  Path Group:             (none)
  Path Type:              Hold (Min at Slow Process Corner)
  Data Path Delay:        0.002ns  (logic 0.000ns (0.000%)  route 0.002ns (100.000%))
  Logic Levels:           0  
  Clock Uncertainty:      0.152ns  ((TSJ^2 + TIJ^2)^1/2 + DJ) / 2 + PE
    Total System Jitter     (TSJ):    0.050ns
    Total Input Jitter      (TIJ):    0.300ns
    Discrete Jitter          (DJ):    0.000ns
    Phase Error              (PE):    0.000ns

    Location             Delay type                Incr(ns)  Path(ns)    Netlist Resource(s)
  -------------------------------------------------------------------    -------------------
    DSP48_X3Y16          DSP48E1                      0.000     0.000 r  gru_bin_version_i/gru_va_0/inst/grp_gru_va_Pipeline_HIDDEN_LOOP_fu_804/mul_32s_21s_53_2_1_U16/tmp_product/ACOUT[17]
                         net (fo=1, routed)           0.002     0.002    gru_bin_version_i/gru_va_0/inst/grp_gru_va_Pipeline_HIDDEN_LOOP_fu_804/mul_32s_21s_53_2_1_U16/tmp_product_n_39
    DSP48_X3Y17          DSP48E1                                      r  gru_bin_version_i/gru_va_0/inst/grp_gru_va_Pipeline_HIDDEN_LOOP_fu_804/mul_32s_21s_53_2_1_U16/buff0_reg/ACIN[17]
  -------------------------------------------------------------------    -------------------

                         (clock clk_fpga_0 rise edge)
                                                      0.000     0.000 r  
    PS7_X0Y0             PS7                          0.000     0.000 r  gru_bin_version_i/processing_system7_0/inst/PS7_i/FCLKCLK[0]
                         net (fo=1, routed)           1.193     1.193    gru_bin_version_i/processing_system7_0/inst/FCLK_CLK_unbuffered[0]
    BUFGCTRL_X0Y16       BUFG (Prop_bufg_I_O)         0.101     1.294 r  gru_bin_version_i/processing_system7_0/inst/buffer_fclk_clk_0.FCLK_CLK_0_BUFG/O
                         net (fo=26756, routed)       1.890     3.184    gru_bin_version_i/gru_va_0/inst/grp_gru_va_Pipeline_HIDDEN_LOOP_fu_804/mul_32s_21s_53_2_1_U16/ap_clk
    DSP48_X3Y17          DSP48E1                                      r  gru_bin_version_i/gru_va_0/inst/grp_gru_va_Pipeline_HIDDEN_LOOP_fu_804/mul_32s_21s_53_2_1_U16/buff0_reg/CLK

Slack:                    inf
  Source:                 gru_bin_version_i/gru_va_0/inst/grp_gru_va_Pipeline_HIDDEN_LOOP_fu_804/mul_32s_21s_53_2_1_U16/tmp_product/ACOUT[18]
                            (internal pin)
  Destination:            gru_bin_version_i/gru_va_0/inst/grp_gru_va_Pipeline_HIDDEN_LOOP_fu_804/mul_32s_21s_53_2_1_U16/buff0_reg/ACIN[18]
                            (rising edge-triggered cell DSP48E1 clocked by clk_fpga_0  {rise@0.000ns fall@5.000ns period=10.000ns})
  Path Group:             (none)
  Path Type:              Hold (Min at Slow Process Corner)
  Data Path Delay:        0.002ns  (logic 0.000ns (0.000%)  route 0.002ns (100.000%))
  Logic Levels:           0  
  Clock Uncertainty:      0.152ns  ((TSJ^2 + TIJ^2)^1/2 + DJ) / 2 + PE
    Total System Jitter     (TSJ):    0.050ns
    Total Input Jitter      (TIJ):    0.300ns
    Discrete Jitter          (DJ):    0.000ns
    Phase Error              (PE):    0.000ns

    Location             Delay type                Incr(ns)  Path(ns)    Netlist Resource(s)
  -------------------------------------------------------------------    -------------------
    DSP48_X3Y16          DSP48E1                      0.000     0.000 r  gru_bin_version_i/gru_va_0/inst/grp_gru_va_Pipeline_HIDDEN_LOOP_fu_804/mul_32s_21s_53_2_1_U16/tmp_product/ACOUT[18]
                         net (fo=1, routed)           0.002     0.002    gru_bin_version_i/gru_va_0/inst/grp_gru_va_Pipeline_HIDDEN_LOOP_fu_804/mul_32s_21s_53_2_1_U16/tmp_product_n_38
    DSP48_X3Y17          DSP48E1                                      r  gru_bin_version_i/gru_va_0/inst/grp_gru_va_Pipeline_HIDDEN_LOOP_fu_804/mul_32s_21s_53_2_1_U16/buff0_reg/ACIN[18]
  -------------------------------------------------------------------    -------------------

                         (clock clk_fpga_0 rise edge)
                                                      0.000     0.000 r  
    PS7_X0Y0             PS7                          0.000     0.000 r  gru_bin_version_i/processing_system7_0/inst/PS7_i/FCLKCLK[0]
                         net (fo=1, routed)           1.193     1.193    gru_bin_version_i/processing_system7_0/inst/FCLK_CLK_unbuffered[0]
    BUFGCTRL_X0Y16       BUFG (Prop_bufg_I_O)         0.101     1.294 r  gru_bin_version_i/processing_system7_0/inst/buffer_fclk_clk_0.FCLK_CLK_0_BUFG/O
                         net (fo=26756, routed)       1.890     3.184    gru_bin_version_i/gru_va_0/inst/grp_gru_va_Pipeline_HIDDEN_LOOP_fu_804/mul_32s_21s_53_2_1_U16/ap_clk
    DSP48_X3Y17          DSP48E1                                      r  gru_bin_version_i/gru_va_0/inst/grp_gru_va_Pipeline_HIDDEN_LOOP_fu_804/mul_32s_21s_53_2_1_U16/buff0_reg/CLK





